time,CapMrktEstUSD,ReferenceRate,ReferenceRateBTC,ReferenceRateETH,ReferenceRateEUR,ReferenceRateUSD,principal_market_price_usd,principal_market_usd
2021-04-08,,1.72176707626073,0.0000306000343927045,0.000867215122879271,1.45322320984608,1.72176707626073,,
2021-04-09,,1.91350156670293,0.0000330122697357638,0.000920594420924773,1.60690845687326,1.91350156670293,,
2021-04-10,,1.76023412608538,0.0000303218033108855,0.000851978923731793,1.48173020955327,1.76023412608538,,
2021-04-11,,1.69493759668231,0.0000284139698181409,0.000795675200281354,1.42242333076786,1.69493759668231,,
2021-04-12,,1.55166570527242,0.0000258900355534399,0.000723599086871737,1.30349378754974,1.55166570527242,,
2021-04-13,,1.82125324248542,0.0000304018825630427,0.000849929381849421,1.52664908347908,1.82125324248542,,
2021-04-14,,1.56852088607392,0.0000247222808020363,0.00068259130401066,1.31209233106754,1.56852088607392,,
2021-04-15,,1.38809077611079,0.0000220789233815567,0.000571160510223819,1.15953355301646,1.38809077611079,,
2021-04-16,,1.44050500763883,0.0000227815674991104,0.000571723746882238,1.20395920572261,1.44050500763883,,
2021-04-17,,1.19783968268282,0.0000194545734342036,0.000493272501245113,1.00052987304068,1.19783968268282,,
2021-04-18,,1.15701318593314,0.000019193702204308,0.000493993955362607,0.973466935200244,1.15701318593314,,
2021-04-19,,1.14567679070423,0.0000203171798417752,0.000510668912092429,0.960770825571687,1.14567679070423,,
2021-04-20,,1.10074911943639,0.000019727345339764,0.000507579262391827,0.916231224791311,1.10074911943639,,
2021-04-21,,1.03408746919424,0.0000183107381343274,0.000444099291569884,0.860023857448556,1.03408746919424,,
2021-04-22,,1.01017906129275,0.0000186980862707902,0.000427318569283698,0.840224079441977,1.01017906129275,,
2021-04-23,,0.990502802228834,0.0000190914317173228,0.000409348540173986,0.824388100327582,0.990502802228834,,
2021-04-24,,1.23560188708758,0.0000242489268573657,0.000524198696413628,1.02385352142196,1.23560188708758,,
2021-04-25,,1.30878224412376,0.0000260299042573366,0.000585169510868708,1.08633391859751,1.30878224412376,,
2021-04-26,,1.17224014868442,0.0000239492015413831,0.000509546330993221,0.970504921531035,1.17224014868442,,
2021-04-27,,1.27219639825366,0.000023583933863278,0.000503628956878536,1.05327941107642,1.27219639825366,,
2021-04-28,,1.29525405568544,0.0000235385052128858,0.000489449384707155,1.07182881017268,1.29525405568544,,
2021-04-29,,1.10432005823407,0.0000201564682284967,0.000403002594360381,0.910256804305877,1.10432005823407,,
2021-04-30,,1.16453583351766,0.0000217397664305134,0.000421855740195787,0.961105614562221,1.16453583351766,,
2021-05-01,,1.41123131594492,0.000024440526734393,0.000509416446036691,1.17201281513195,1.41123131594492,,
2021-05-02,,1.350032787596,0.0000233313000184152,0.000457743957885532,1.12011293656346,1.350032787596,,
2021-05-03,,1.15498640859369,0.0000204160047989179,0.000391192374456511,0.960715723655368,1.15498640859369,,
2021-05-04,,1.26014321625786,0.0000220139108774563,0.000367319269004705,1.04478373964749,1.26014321625786,,
2021-05-05,,1.06723121372222,0.0000198650333169476,0.000325882919921668,0.889021913063445,1.06723121372222,,
2021-05-06,,1.04012335752008,0.000018138936417389,0.000294993121838193,0.863955217790941,1.04012335752008,,
2021-05-07,,1.0193316575198,0.0000180325382987455,0.000291192431353151,0.844994202227099,1.0193316575198,,
2021-05-08,,0.983474887429684,0.0000171513177889691,0.00028239411351919,0.810881510273311,0.983474887429684,,
2021-05-09,,0.965915339777948,0.0000164449957340255,0.000248513826696948,0.794755302620647,0.965915339777948,,
2021-05-10,,1.01286531061784,0.0000173767827774325,0.000258642557123946,0.832690001748748,1.01286531061784,,
2021-05-11,,0.825967580302221,0.0000147750326091137,0.0002088792196564,0.681424245096674,0.825967580302221,,
2021-05-12,,0.924933696461559,0.0000163380912064055,0.000222566035139049,0.762475544287597,0.924933696461559,,
2021-05-13,,0.855867971322855,0.0000167908265168204,0.000215285494244588,0.710867740359732,0.855867971322855,,
2021-05-14,,0.815910399794075,0.0000165269049676067,0.00022128429500252,0.676361186912011,0.815910399794075,,
2021-05-15,,0.86884484839718,0.0000173778020382434,0.000212602533204575,0.717002235911877,0.86884484839718,,
2021-05-16,,0.709414380865374,0.000015078535405287,0.000193163983005386,0.585123889305141,0.709414380865374,,
2021-05-17,,0.714533491971636,0.0000155257414174947,0.000200382768320817,0.587394765095973,0.714533491971636,,
2021-05-18,,0.836562605238035,0.000019234686798487,0.000255047220386377,0.688280580275612,0.836562605238035,,
2021-05-19,,0.828836411538985,0.0000193699486703179,0.000246074063268639,0.680150331974021,0.828836411538985,,
2021-05-20,,0.531662163266475,0.0000141239790333302,0.000209667770573287,0.437765474080262,0.531662163266475,,
2021-05-21,,0.530180382878222,0.0000129948076435169,0.000190854809962255,0.435199000565358,0.530180382878222,,
2021-05-22,,0.4162704902903,0.0000111977936914269,0.000172441252334431,0.342704821501289,0.4162704902903,,
2021-05-23,,0.367611412070459,0.00000976562209383643,0.000158395694378208,0.30268804844735,0.367611412070459,,
2021-05-24,,0.288820659922474,0.00000830560012710915,0.000137167965634607,0.237417013804881,0.288820659922474,,
2021-05-25,,0.377539971239416,0.00000977312898964887,0.000143760758841916,0.30985261946931,0.377539971239416,,
2021-05-26,,0.360248439117015,0.00000941339414895764,0.000133594251533329,0.29414328056951,0.360248439117015,,
2021-05-27,,0.4103956307139,0.0000104706495252801,0.000143058819852233,0.336748958458617,0.4103956307139,,
2021-05-28,,0.386933635590797,0.000010047390925913,0.000141056892975203,0.317728446817947,0.386933635590797,,
2021-05-29,,0.318870067764147,0.00000895785022099166,0.000132020730920927,0.261826147546117,0.318870067764147,,
2021-05-30,,0.292203613922317,0.00000842526798421968,0.00012766348857566,0.240470630098691,0.292203613922317,,
2021-05-31,,0.352925060151327,0.00000989911896875217,0.000147561682467382,0.289894840134738,0.352925060151327,,
2021-06-01,,0.397852247750163,0.0000106625710988792,0.000147395567857144,0.325304407296318,0.397852247750163,,
2021-06-02,,0.388155833545003,0.0000105875952696242,0.000147801235517689,0.317784278360608,0.388155833545003,,
2021-06-03,,0.495965890393822,0.0000131767551236339,0.000182800098239414,0.406266162675876,0.495965890393822,,
2021-06-04,,0.512212301055996,0.0000130799370189147,0.000179182859507209,0.422370229998634,0.512212301055996,,
2021-06-05,,0.410039875481869,0.0000111168995419842,0.000152472136789067,0.337798400895236,0.410039875481869,,
2021-06-06,,0.405952852927017,0.0000114644963101074,0.000155837790509132,0.334538997332814,0.405952852927017,,
2021-06-07,,0.410138109654177,0.000011481835681787,0.000151560670614641,0.337696154142649,0.410138109654177,,
2021-06-08,,0.363811677098032,0.000010787625566709,0.000139919005490437,0.299108158553794,0.363811677098032,,
2021-06-09,,0.34045720833209,0.000010170476796338,0.000135152607689903,0.279885309479489,0.34045720833209,,
2021-06-10,,0.367156130256206,0.00000982410401490703,0.000140908714823677,0.301565564967687,0.367156130256206,,
2021-06-11,,0.368592974950992,0.0000100090412411089,0.000148543496974777,0.302973581577133,0.368592974950992,,
2021-06-12,,0.383171420066756,0.000010304353076486,0.000163397136967131,0.316476807419322,0.383171420066756,,
2021-06-13,,0.384856286922527,0.0000107896055078775,0.00016164724760048,0.31878596530323,0.384856286922527,,
2021-06-14,,0.490480007901708,0.0000126005066893752,0.000195828045601715,0.404836366951826,0.490480007901708,,
2021-06-15,,0.501311256336218,0.0000123916418520351,0.000194529512360061,0.413733030853154,0.501311256336218,,
2021-06-16,,0.574688341828683,0.0000142763213907531,0.000225125985609789,0.474392586700656,0.574688341828683,,
2021-06-17,,0.50316409535649,0.0000131492733605462,0.00021311487760079,0.41965728873013,0.50316409535649,,
2021-06-18,,0.445256235035301,0.0000117115235356269,0.000187999653380516,0.37400071086933,0.445256235035301,,
2021-06-19,,0.391425499067896,0.0000109599058832512,0.000175955156744871,0.330561266629982,0.391425499067896,,
2021-06-20,,0.373621625857135,0.0000105079838530926,0.000171799433483407,0.315910849223201,0.373621625857135,,
2021-06-21,,0.374395476159898,0.0000105167440283577,0.000166942335997331,0.315616902128553,0.374395476159898,,
2021-06-22,,0.28342812678902,0.00000893667659310347,0.000149141843381726,0.23779621326901,0.28342812678902,,
2021-06-23,,0.256695346011723,0.00000792402739587362,0.000137444889102391,0.215350180009432,0.256695346011723,,
2021-06-24,,0.27449918815059,0.0000081670672611011,0.000139899996441694,0.230107913048092,0.27449918815059,,
2021-06-25,,0.252067047551492,0.00000727277892664244,0.000126879466710226,0.211214260424013,0.252067047551492,,
2021-06-26,,0.23273995889794,0.00000734577730957811,0.000128030555455315,0.195430501255214,0.23273995889794,,
2021-06-27,,0.219304689915927,0.00000687676507218903,0.000121702318129655,0.183739562419797,0.219304689915927,,
2021-06-28,,0.250411095644899,0.00000725692723178742,0.000127466684509143,0.209807913682554,0.250411095644899,,
2021-06-29,,0.263347364047895,0.0000076607493512335,0.000126653252474901,0.220782012721438,0.263347364047895,,
2021-06-30,,0.280370642239036,0.00000780242591076869,0.000129203642498192,0.235613824162871,0.280370642239036,,
2021-07-01,,0.253078659041047,0.00000721731911203446,0.000111377065213964,0.213409589058114,0.253078659041047,,
2021-07-02,,0.221281600411455,0.00000660441930453804,0.000104646834449124,0.186840247637052,0.221281600411455,,
2021-07-03,,0.22290770894923,0.00000659823182094516,0.000103678017436961,0.187885909395755,0.22290770894923,,
2021-07-04,,0.250137968970223,0.00000723188235571449,0.000112883074189256,0.210716276201703,0.250137968970223,,
2021-07-05,,0.25995321647273,0.00000735253138041064,0.000111763730528427,0.218939288218874,0.25995321647273,,
2021-07-06,,0.26025306271001,0.00000767442061341056,0.000117303389132404,0.219512482713719,0.26025306271001,,
2021-07-07,,0.270808093982267,0.00000793600516522124,0.000116822967433142,0.229032650172619,0.270808093982267,,
2021-07-08,,0.270305297153482,0.00000796617750645674,0.000116657754702691,0.229297543248152,0.270305297153482,,
2021-07-09,,0.235362559536511,0.00000717138943238255,0.000111076434450858,0.198813066450378,0.235362559536511,,
2021-07-10,,0.232397268743137,0.00000685236867658524,0.000107902359762803,0.195808427605841,0.232397268743137,,
2021-07-11,,0.23003722864423,0.00000684411648955816,0.000108658610320973,0.193998588785182,0.23003722864423,,
2021-07-12,,0.240146852258319,0.00000700985924974409,0.000112208041508833,0.202313503586955,0.240146852258319,,
2021-07-13,,0.233419768842597,0.00000704445773267732,0.000114813660191328,0.196982937431236,0.233419768842597,,
2021-07-14,,0.210233574488261,0.00000644058970998982,0.000108387919874246,0.179293056799016,0.210233574488261,,
2021-07-15,,0.224182987256017,0.00000683520466218846,0.000112516692796228,0.190281300906029,0.224182987256017,,
2021-07-16,,0.219923417108943,0.00000693596464622798,0.000114970135236337,0.186975243001033,0.219923417108943,,
2021-07-17,,0.210056799812128,0.00000667785750763218,0.0001118449237009,0.178124919171963,0.210056799812128,,
2021-07-18,,0.210074969804206,0.00000665891006610985,0.000110742604847668,0.178696416796236,0.210074969804206,,
2021-07-19,,0.209933470473442,0.00000662089791959023,0.000110918154927961,0.178472634289932,0.209933470473442,,
2021-07-20,,0.199941637986754,0.00000647406653558284,0.00010972486361924,0.170396187205121,0.199941637986754,,
2021-07-21,,0.169260600030515,0.00000568624807099167,0.000094806128350481,0.144156572986102,0.169260600030515,,
2021-07-22,,0.175646943210239,0.00000546851860763234,0.0000884651965640294,0.149404807841792,0.175646943210239,,
2021-07-23,,0.169430690756581,0.00000524440192653639,0.0000838383002044577,0.145333395887186,0.169430690756581,,
2021-07-24,,0.180744615024777,0.00000540510766430402,0.0000855508229262993,0.153597429780856,0.180744615024777,,
2021-07-25,,0.180488743871241,0.00000528255903981674,0.0000828181537173356,0.153350803294731,0.180488743871241,,
2021-07-26,,0.184075856566902,0.00000524134921659061,0.0000841510812288313,0.156276958009309,0.184075856566902,,
2021-07-27,,0.20992877336174,0.000005606355793478,0.0000936697271904609,0.177983315318911,0.20992877336174,,
2021-07-28,,0.24256278952595,0.00000619944384910266,0.000106097333263414,0.205322167288052,0.24256278952595,,
2021-07-29,,0.27643316210364,0.00000692135053612486,0.000120343661301086,0.233395380797094,0.27643316210364,,
2021-07-30,,0.265944238301208,0.00000663431491424453,0.000111532541770938,0.223880385988105,0.265944238301208,,
2021-07-31,,0.256778844221602,0.00000614455347582165,0.000104751924547572,0.216407783097913,0.256778844221602,,
2021-08-01,,0.262409522259158,0.00000627874410344128,0.000103133179460292,0.221368629201622,0.262409522259158,,
2021-08-02,,0.249978998532187,0.0000062543269208997,0.000097505690633437,0.211223921629747,0.249978998532187,,
2021-08-03,,0.248703206490593,0.00000632765183576673,0.0000949596461247045,0.210390805602359,0.248703206490593,,
2021-08-04,,0.250125926439563,0.00000653260902737431,0.0000995361551865497,0.211253121638952,0.250125926439563,,
2021-08-05,,0.253353443622028,0.00000636983980276597,0.0000928737352385877,0.21457705514567,0.253353443622028,,
2021-08-06,,0.235747953075046,0.00000575814483721534,0.0000834347928086264,0.198991984522691,0.235747953075046,,
2021-08-07,,0.249937759469322,0.00000584098322785145,0.0000865425190166829,0.21203071160533,0.249937759469322,,
2021-08-08,,0.244602828114481,0.00000549855849717967,0.0000778152195065821,0.207568432364598,0.244602828114481,,
2021-08-09,,0.242390969360083,0.00000551235581827319,0.0000800670959561681,0.206487500677384,0.242390969360083,,
2021-08-10,,0.2391889657192,0.00000516990477208453,0.0000757341915276523,0.203892744778977,0.2391889657192,,
2021-08-11,,0.25529271458341,0.00000561221143711328,0.0000812588020956078,0.218097221118791,0.25529271458341,,
2021-08-12,,0.260506338483549,0.00000570331196128947,0.0000822159254363806,0.222171951954327,0.260506338483549,,
2021-08-13,,0.243891423779589,0.00000549233900679746,0.0000802786321622417,0.207780693185585,0.243891423779589,,
2021-08-14,,0.262661514891228,0.00000550451292502099,0.0000791989092871532,0.222739641793985,0.262661514891228,,
2021-08-15,,0.26219364679225,0.00000556388476755245,0.0000802069619556774,0.222653202861765,0.26219364679225,,
2021-08-16,,0.269754372636108,0.00000573038722699628,0.0000814788838183969,0.22878035503323,0.269754372636108,,
2021-08-17,,0.294837900978493,0.00000641164938210595,0.0000933689099530345,0.250346911979033,0.294837900978493,,
2021-08-18,,0.326333375576545,0.00000729822134279008,0.000108036967931139,0.279234780466752,0.326333375576545,,
2021-08-19,,0.333549825598133,0.00000741974299704997,0.000109672714170188,0.285388084253526,0.333549825598133,,
2021-08-20,,0.337351825284047,0.00000723203693453457,0.00010628696287137,0.288598877040198,0.337351825284047,,
2021-08-21,,0.354377078946922,0.00000719681286057603,0.000108100498706081,0.303292543376524,0.354377078946922,,
2021-08-22,,0.344107189137272,0.00000701254329169274,0.000106379699781913,0.294674997251894,0.344107189137272,,
2021-08-23,,0.321393052324004,0.00000651076705835058,0.0000990152802105963,0.275301255023249,0.321393052324004,,
2021-08-24,,0.324383886780189,0.000006541200933323,0.0000976284209505534,0.27630863226979,0.324383886780189,,
2021-08-25,,0.287788960256113,0.00000600487809647802,0.0000903970782722842,0.245668765078504,0.287788960256113,,
2021-08-26,,0.309759187331646,0.00000632131721096247,0.0000959391936227834,0.264153828804672,0.309759187331646,,
2021-08-27,,0.272875642643156,0.00000578244644500292,0.0000874434229325086,0.232192021341732,0.272875642643156,,
2021-08-28,,0.290232432828183,0.00000591725694513753,0.0000887557401336152,0.246058774896684,0.290232432828183,,
2021-08-29,,0.280234770968233,0.00000573634818985679,0.0000864209493317093,0.23789145458262,0.280234770968233,,
2021-08-30,,0.265357142261375,0.00000542116646080683,0.0000821306580329209,0.225092065247391,0.265357142261375,,
2021-08-31,,0.279394243795696,0.00000592869363357081,0.0000862764524038081,0.236873398351681,0.279394243795696,,
2021-09-01,,0.337845695494785,0.00000715483062465651,0.0000984413865836765,0.286001297169169,0.337845695494785,,
2021-09-02,,0.388901789409174,0.0000079875430423778,0.000102509027030507,0.32826618875027,0.388901789409174,,
2021-09-03,,0.399000773968246,0.0000080819144756085,0.000105224610775816,0.336127921778543,0.399000773968246,,
2021-09-04,,0.387857125174215,0.00000777884015245687,0.0000989789321758632,0.326798411753867,0.387857125174215,,
2021-09-05,,0.363355710722624,0.00000727882182615326,0.0000934982513799533,0.305999010017991,0.363355710722624,,
2021-09-06,,0.350137499857141,0.00000676625008914386,0.0000885388946886856,0.294711447136959,0.350137499857141,,
2021-09-07,,0.353467807874074,0.00000671473892659451,0.0000899676104629349,0.297949081776346,0.353467807874074,,
2021-09-08,,0.290868472191375,0.00000620792216843762,0.000084730909736465,0.245949866823056,0.290868472191375,,
2021-09-09,,0.29237640866156,0.00000633014121178938,0.0000833509241252235,0.247521606694224,0.29237640866156,,
2021-09-10,,0.324477551739349,0.0000069857074364948,0.0000945209615992773,0.275192099831868,0.324477551739349,,
2021-09-11,,0.289035948380704,0.00000645669985630367,0.0000902060019056052,0.245015334669062,0.289035948380704,,
2021-09-12,,0.322794659071185,0.00000715753302483949,0.0000990407781429772,0.273628149715841,0.322794659071185,,
2021-09-13,,0.305465680470179,0.00000661458703603329,0.0000893770515197836,0.258597084103779,0.305465680470179,,
2021-09-14,,0.316415327273415,0.00000703277667235413,0.0000961880321927513,0.268192605630199,0.316415327273415,,
2021-09-15,,0.310659069419585,0.0000066065881531002,0.0000908446158696318,0.263164125739934,0.310659069419585,,
2021-09-16,,0.355414204709596,0.00000737876154651679,0.0000989720023311363,0.300702427998984,0.355414204709596,,
2021-09-17,,0.33265809783846,0.0000069597634324868,0.0000932410647620229,0.282880984176691,0.33265809783846,,
2021-09-18,,0.318506561305355,0.00000674604884394666,0.0000937743531442789,0.271705750987097,0.318506561305355,,
2021-09-19,,0.311391477266312,0.00000645986617451852,0.0000909165734144746,0.265868719577317,0.311391477266312,,
2021-09-20,,0.318447855703654,0.00000674413696061639,0.0000959183061535233,0.271838908649362,0.318447855703654,,
2021-09-21,,0.285047492720499,0.00000665136152683577,0.0000961254983696451,0.243353551391373,0.285047492720499,,
2021-09-22,,0.270787083627372,0.00000668173058649125,0.0000986169178216778,0.231048182680695,0.270787083627372,,
2021-09-23,,0.289468790540588,0.00000664260935275819,0.0000944827414776997,0.247751458929368,0.289468790540588,,
2021-09-24,,0.287569863726823,0.00000641019935526379,0.0000913646747477676,0.245203648167834,0.287569863726823,,
2021-09-25,,0.274610998417801,0.0000064156490039449,0.000093642094887594,0.234595063610132,0.274610998417801,,
2021-09-26,,0.262753275117567,0.00000614839454138873,0.0000896004873793116,0.224845238757108,0.262753275117567,,
2021-09-27,,0.273261816772458,0.00000633558120580945,0.0000896353111768756,0.233432732148331,0.273261816772458,,
2021-09-28,,0.258519994633078,0.00000608328355343233,0.0000875598029241462,0.221117758653991,0.258519994633078,,
2021-09-29,,0.240193548726819,0.00000582657660624237,0.0000853082824789517,0.206104180304641,0.240193548726819,,
2021-09-30,,0.23488505133156,0.00000566616856187539,0.0000826108337080959,0.202566390953662,0.23488505133156,,
2021-10-01,,0.234119819186607,0.0000053474543613372,0.0000780002242651763,0.202262012745168,0.234119819186607,,
2021-10-02,,0.249886616268022,0.00000519751097202094,0.0000757360285963046,0.215253775267861,0.249886616268022,,
2021-10-03,,0.250212533546336,0.00000523539994535405,0.0000737251249716276,0.215287943631255,0.250212533546336,,
2021-10-04,,0.235262897960791,0.00000488070739143033,0.0000687814917545387,0.202423111432552,0.235262897960791,,
2021-10-05,,0.239917576083213,0.00000486761759241066,0.0000707382729172579,0.206180979843279,0.239917576083213,,
2021-10-06,,0.235974380149582,0.000004576867884013,0.0000670302838613161,0.203288663541298,0.235974380149582,,
2021-10-07,,0.232815913578315,0.00000420095185928205,0.0000648795291504775,0.201016204229984,0.232815913578315,,
2021-10-08,,0.222691543949171,0.0000041388513058525,0.0000620430460147654,0.192037550306651,0.222691543949171,,
2021-10-09,,0.220152549822128,0.00000408192379871969,0.0000618216040734842,0.190170805948546,0.220152549822128,,
2021-10-10,,0.220332392655706,0.00000400524809877881,0.0000615475610322033,0.190154690248418,0.220332392655706,,
2021-10-11,,0.219617343768647,0.00000401484837218042,0.000063991035547865,0.189873625554703,0.219617343768647,,
2021-10-12,,0.252070778817955,0.00000439997134549931,0.0000716198265540709,0.218194670455269,0.252070778817955,,
2021-10-13,,0.234051140845884,0.00000416489404794051,0.0000670391560802429,0.203059829681474,0.234051140845884,,
2021-10-14,,0.242795675981483,0.00000423365934024811,0.0000674889314918917,0.209218557316394,0.242795675981483,,
2021-10-15,,0.23219458365702,0.00000404632709968268,0.0000613210071623894,0.200187205940992,0.23219458365702,,
2021-10-16,,0.232501659312355,0.00000378383200603494,0.0000602068801385853,0.200131682147134,0.232501659312355,,
2021-10-17,,0.246263925850284,0.0000040416147569757,0.0000641852524384825,0.211516887520695,0.246263925850284,,
2021-10-18,,0.242809688855755,0.00000395055172891368,0.0000632910630161526,0.209053151241119,0.242809688855755,,
2021-10-19,,0.239982615313791,0.00000387212018115962,0.0000640625688660081,0.206750183743141,0.239982615313791,,
2021-10-20,,0.238817241051207,0.00000371463534312719,0.0000616295537585017,0.20509256035621,0.238817241051207,,
2021-10-21,,0.246346502760736,0.00000372903123399145,0.000059312201293975,0.210860981192519,0.246346502760736,,
2021-10-22,,0.230229311695171,0.00000369111703406214,0.0000566346443456287,0.197949001078578,0.230229311695171,,
2021-10-23,,0.23495890014544,0.0000038675746298386,0.0000591010815096775,0.201930365344319,0.23495890014544,,
2021-10-24,,0.240411875907855,0.00000392508655644702,0.000057797158020781,0.206816625854426,0.240411875907855,,
2021-10-25,,0.230820520874466,0.0000037923079851216,0.0000566209303686609,0.198475683806296,0.230820520874466,,
2021-10-26,,0.243684716848596,0.00000386606773438059,0.0000578217788060237,0.209945464317091,0.243684716848596,,
2021-10-27,,0.23729342150869,0.00000392909062182755,0.000057447236103586,0.204756669290238,0.23729342150869,,
2021-10-28,,0.218921073259965,0.00000373819335185131,0.0000554564437097574,0.189007904720661,0.218921073259965,,
2021-10-29,,0.222634614831251,0.00000367598757931865,0.0000520323833385813,0.190561872884248,0.222634614831251,,
2021-10-30,,0.219974671955362,0.0000035348196113512,0.0000498448583493792,0.190174031413073,0.219974671955362,,
2021-10-31,,0.217864667560351,0.00000352857752430476,0.0000505328909361014,0.188526153936426,0.217864667560351,,
2021-11-01,,0.226652585800711,0.00000368942907316557,0.0000527839791517918,0.196230088293796,0.226652585800711,,
2021-11-02,,0.22546517700057,0.00000369057857292451,0.0000521211797359719,0.194487909505011,0.22546517700057,,
2021-11-03,,0.231272246837772,0.00000366954659881321,0.0000504258853080532,0.199795782990894,0.231272246837772,,
2021-11-04,,0.355147508577032,0.00000564120356210113,0.0000772252507033117,0.305922441092763,0.355147508577032,,
2021-11-05,,0.294638032533866,0.00000479914259610084,0.0000649611766356481,0.255165022462287,0.294638032533866,,
2021-11-06,,0.322681309435398,0.0000052893510691033,0.0000720769959223814,0.279785596644308,0.322681309435398,,
2021-11-07,,0.312684139297369,0.00000508801344793846,0.0000693060531687656,0.270921892851529,0.312684139297369,,
2021-11-08,,0.29955934428228,0.00000475160453851547,0.0000649903289546723,0.259509526250703,0.29955934428228,,
2021-11-09,,0.307558854853272,0.00000455361061522916,0.0000639261801659854,0.265323070761736,0.307558854853272,,
2021-11-10,,0.328711357065007,0.00000489915027612235,0.0000694114033586022,0.28367102001184,0.328711357065007,,
2021-11-11,,0.358738205321239,0.00000553983836843067,0.0000776497163580718,0.312590496020339,0.358738205321239,,
2021-11-12,,0.41993063416332,0.00000646415772501069,0.0000888225818558282,0.367123565227809,0.41993063416332,,
2021-11-13,,0.418251779259182,0.00000652713038410722,0.0000897004502974904,0.365647623411809,0.418251779259182,,
2021-11-14,,0.444867799497001,0.00000690812202039309,0.0000957746626048562,0.389355477484188,0.444867799497001,,
2021-11-15,,0.659045069951431,0.0000101341306300896,0.000142974878251019,0.576491191799252,0.659045069951431,,
2021-11-16,,0.728180892310492,0.0000114218177233557,0.00015936001534708,0.640817763962054,0.728180892310492,,
2021-11-17,,0.650700493213213,0.0000107870283289462,0.000153679803898942,0.575270018586562,0.650700493213213,,
2021-11-18,,0.687483122262946,0.0000114286597408489,0.000161169186641333,0.608083583157285,0.687483122262946,,
2021-11-19,,0.608826590625456,0.0000107198810142139,0.000152753720856699,0.535825477028558,0.608826590625456,,
2021-11-20,,0.640013455012775,0.0000110320379528478,0.000149142565375461,0.568153402591178,0.640013455012775,,
2021-11-21,,0.917821401785729,0.0000153611629201293,0.000207974484775518,0.814833098217851,0.917821401785729,,
2021-11-22,,0.851541985976572,0.0000144249387340259,0.000197569859561199,0.756343284729442,0.851541985976572,,
2021-11-23,,0.783572931646447,0.0000138971865200645,0.000191265917386989,0.697460579763534,0.783572931646447,,
2021-11-24,,0.932258294040749,0.0000161731722570826,0.000214403127479872,0.829176689927604,0.932258294040749,,
2021-11-25,,0.95819279208647,0.0000167686751673973,0.000224823964352939,0.855477926848619,0.95819279208647,,
2021-11-26,,0.848407869800847,0.0000143776851533104,0.000187450247147181,0.75706354967036,0.848407869800847,,
2021-11-27,,0.926617741342333,0.0000172231803009318,0.000228681091292103,0.820061015770741,0.926617741342333,,
2021-11-28,,0.958375232504646,0.0000175411321150646,0.000234497973589589,0.847950190709531,0.958375232504646,,
2021-11-29,,0.968803803475384,0.0000169227599678653,0.000225771598428543,0.858553046892596,0.968803803475384,,
2021-11-30,,0.959316539890847,0.0000165625823267783,0.000215653804821831,0.849350770087202,0.959316539890847,,
2021-12-01,,0.884047487982525,0.0000154832528834364,0.000190320189808208,0.779669578679986,0.884047487982525,,
2021-12-02,,0.949914905326755,0.0000166125354017582,0.000207199861935491,0.839313001276317,0.949914905326755,,
2021-12-03,,0.917150779215045,0.0000162089762138542,0.000202571333574101,0.81187758674218,0.917150779215045,,
2021-12-04,,0.821668968552536,0.0000153091900104173,0.000194113381733746,0.727618535178106,0.821668968552536,,
2021-12-05,,0.746983392259643,0.0000151950245486167,0.000182290608123824,0.661810039401736,0.746983392259643,,
2021-12-06,,0.596124197343558,0.0000120851271347612,0.000142253363205217,0.527208579322011,0.596124197343558,,
2021-12-07,,0.625104904913435,0.0000123696377769015,0.000143968999552108,0.554103435757005,0.625104904913435,,
2021-12-08,,0.608080677688055,0.0000120234704112121,0.000141290476939454,0.53943282150644,0.608080677688055,,
2021-12-09,,0.604850408549156,0.0000119770806203961,0.000136617957341893,0.533310247308798,0.604850408549156,,
2021-12-10,,0.528103206751569,0.0000110164203420349,0.000127030716359821,0.467866530060255,0.528103206751569,,
2021-12-11,,0.481517970732607,0.0000101506344523505,0.000122473386320682,0.425854205296059,0.481517970732607,,
2021-12-12,,0.530612834825957,0.0000107581873498267,0.000130065395573913,0.470081395835611,0.530612834825957,,
2021-12-13,,0.557449995869355,0.0000111186299895681,0.000134617641376702,0.492761779314674,0.557449995869355,,
2021-12-14,,0.504373628210701,0.0000107805940769402,0.000133147482918066,0.44718422386353,0.504373628210701,,
2021-12-15,,0.502429239677721,0.0000104038379370862,0.000130475232947939,0.446318692911821,0.502429239677721,,
2021-12-16,,0.55227570544547,0.0000113100279795626,0.000137531100262987,0.48881198720329,0.55227570544547,,
2021-12-17,,0.52130492316754,0.000010937200605131,0.00013119701505541,0.460097158876772,0.52130492316754,,
2021-12-18,,0.512682140885104,0.000011064807448004,0.000131949907762937,0.456295308840316,0.512682140885104,,
2021-12-19,,0.50607099094524,0.0000107893050613064,0.000127606510705529,0.450467843720277,0.50607099094524,,
2021-12-20,,0.48369406919548,0.0000103184927037948,0.000122840883455199,0.430133987293794,0.48369406919548,,
2021-12-21,,0.471886938629918,0.0000100498203733436,0.00011977816071905,0.41847389752668,0.471886938629918,,
2021-12-22,,0.50401167188029,0.0000102687549493867,0.000125096038025992,0.446159859640145,0.50401167188029,,
2021-12-23,,0.544914740482476,0.0000111910300560582,0.000136751321737645,0.481149551172735,0.544914740482476,,
2021-12-24,,0.516560265461419,0.0000101859594820795,0.000125933498488129,0.456138251915014,0.516560265461419,,
2021-12-25,105885191.371970291271769309971,0.536703752810129,0.0000105683975802179,0.000132677855831293,0.474374307218611,0.536703752810129,,
2021-12-26,113166228.08514547408645293026,0.514809948203641,0.0000101760300426069,0.000125565814646948,0.455581896816659,0.514809948203641,,
2021-12-27,184346867.993726954013868703502,0.549796016423404,0.0000108231170165789,0.000135073332217193,0.485679437211212,0.549796016423404,,
2021-12-28,179516931.279482889044960698637,0.600329890073349,0.0000118183602368473,0.000148435268623022,0.530019493714548,0.600329890073349,,
2021-12-29,168374412.248232608567919940304,0.537909488682367,0.0000112833048414519,0.000141327879487124,0.475809586488757,0.537909488682367,,
2021-12-30,168054176.246800864401543832221,0.504287467207088,0.0000108518178939668,0.000138591404238022,0.444325057361158,0.504287467207088,,
2021-12-31,154820244.778508629814128036974,0.503095065452017,0.0000106808653596616,0.000135676914759824,0.444411708161343,0.503095065452017,,
2022-01-01,168726252.20691279730231016458,0.463262580784377,0.00000999377431155413,0.000125649210224321,0.407528994422994,0.463262580784377,,
2022-01-02,160294438.452040765127336627826,0.504639161423998,0.0000106105774154603,0.000134174729914127,0.443931714506164,0.504639161423998,,
2022-01-03,153035172.422663439636408979842,0.479198726368014,0.000010119806596962,0.000125039929680238,0.421812428462256,0.479198726368014,,
2022-01-04,138823004.08057067603862955738,0.457285753039971,0.0000098439604973958,0.000121442835523952,0.404733248383677,0.457285753039971,,
2022-01-05,126092966.881325997225652174596,0.414626098071235,0.00000903207531082858,0.000109208681294437,0.367550911098706,0.414626098071235,,
2022-01-06,122472227.688649523441505354431,0.376448983048084,0.00000864784790129925,0.000106168823594065,0.333285947309263,0.376448983048084,,
2022-01-07,109359276.57856838212531194393,0.365452998858157,0.00000847035097555284,0.000107069314273197,0.323748441756616,0.365452998858157,,
2022-01-08,100765457.528235073463663801181,0.326172740590765,0.00000785716361560066,0.000102244443497918,0.287209438584807,0.326172740590765,,
2022-01-09,104281443.470253382443327526711,0.300402275659717,0.0000071866894832083,0.0000971270382432812,0.26464495872223,0.300402275659717,,
2022-01-10,92557968.675063217625726249376,0.310741615529327,0.00000741865818902433,0.000098496785950405,0.273827666255845,0.310741615529327,,
2022-01-11,102359390.95498527415778997846,0.275680486547344,0.00000659255348811662,0.0000895105522805388,0.243413489307339,0.275680486547344,,
2022-01-12,119742582.234008677260390897802,0.304124352616842,0.00000711099613052348,0.0000938089583397527,0.267761202836773,0.304124352616842,,
2022-01-13,108146372.57132177414818579049,0.354778312733206,0.00000807029181579949,0.000105186576066613,0.310491369244333,0.354778312733206,,
2022-01-14,107834814.784143318115291519233,0.319522759602802,0.0000074958070845931,0.0000982218669915918,0.279020740667376,0.319522759602802,,
2022-01-15,105254863.813240870531738039275,0.317716617421017,0.00000737116244543401,0.0000960241506632636,0.278344644131515,0.317716617421017,,
2022-01-16,101428111.39114930055124296996,0.309256331340529,0.00000715760551010226,0.0000927459208850486,0.271201133386714,0.309256331340529,,
2022-01-17,94360621.474767285936694856315,0.297189159520345,0.00000688434120826384,0.0000885458039530412,0.260526351787053,0.297189159520345,,
2022-01-18,92872276.6926053056543646819,0.275723240565365,0.00000653198157638962,0.0000858651229216269,0.241798859027062,0.275723240565365,,
2022-01-19,86081870.18438927447896416636,0.27062923683301,0.00000637806691644616,0.0000854853485048504,0.238943305632492,0.27062923683301,,
2022-01-20,85435233.86539007630294106578,0.25015441986922,0.0000059863138697115,0.0000805541473652757,0.220600140444127,0.25015441986922,,
2022-01-21,73353515.505999520132498269193,0.247596102894158,0.00000607506468852173,0.0000822066156065367,0.218996686470009,0.247596102894158,,
2022-01-22,66907837.286918022875700769461,0.212004049867193,0.00000580955774476538,0.0000826508578849753,0.187053032592272,0.212004049867193,,
2022-01-23,66954440.329647688902073411026,0.192849006875101,0.0000055105398458581,0.0000803260152728056,0.170290474679007,0.192849006875101,,
2022-01-24,66430190.635999742452925842523,0.192459785251338,0.00000530615418756677,0.0000759661489051173,0.169794861201845,0.192459785251338,,
2022-01-25,72413613.394671433496699028206,0.190433517952969,0.00000519462480438335,0.0000780745848230462,0.168216276607307,0.190433517952969,,
2022-01-26,70705448.166886516510339719699,0.207029591995762,0.00000560257373228689,0.0000842137601015293,0.183249725450059,0.207029591995762,,
2022-01-27,78972252.441787878606942967626,0.201601803166689,0.00000547446813099221,0.000081715847783212,0.179426696982491,0.201601803166689,,
2022-01-28,75891762.072088029165711310593,0.208835173172598,0.00000564084943532058,0.0000865593364103649,0.187404077932952,0.208835173172598,,
2022-01-29,73884140.514271483573536074296,0.200186867869509,0.0000053003170921815,0.0000786418950556518,0.179534573507675,0.200186867869509,,
2022-01-30,72846981.376930857465398435912,0.194407445870596,0.00000510412621839292,0.0000749682435586206,0.174651031472393,0.194407445870596,,
2022-01-31,73088974.600229499709154569461,0.191203928956084,0.00000503386725333379,0.0000732426273571513,0.171626550364634,0.191203928956084,,
2022-02-01,76379820.09317202835610552988,0.191365294903983,0.0000049753509818302,0.0000712383526370234,0.170402839588713,0.191365294903983,,
2022-02-02,72539888.897868453510419785182,0.199488945234423,0.00000514306305973147,0.0000713587438191094,0.177002649628181,0.199488945234423,,
2022-02-03,69494638.52566458647657439363,0.188994422530902,0.00000511593120134523,0.0000703457973526065,0.1673199773419,0.188994422530902,,
2022-02-04,74760590.076543058147882796133,0.180616476899097,0.0000048739320015007,0.0000676300707154062,0.157962939531398,0.180616476899097,,
2022-02-05,76544485.180817385910079029824,0.193827650164179,0.00000471830801531844,0.0000652633252903531,0.169174949836074,0.193827650164179,,
2022-02-06,78581891.819716338189160016375,0.197968330421748,0.00000476933497482398,0.0000656043477801151,0.173036251402787,0.197968330421748,,
2022-02-07,86461736.675067514718968854822,0.202743428048375,0.00000478640045041872,0.0000664869407017696,0.177072039282434,0.202743428048375,,
2022-02-08,83829941.690930508361483415878,0.222531872309814,0.00000507033591808974,0.0000707489459880116,0.194638861948284,0.222531872309814,,
2022-02-09,88959690.041137849862937200416,0.215235797047033,0.0000048731774737741,0.0000688394525341105,0.188597571127454,0.215235797047033,,
2022-02-10,77480541.629773524366630589785,0.227855010009592,0.00000513128328741725,0.0000702882209535747,0.199503643547307,0.227855010009592,,
2022-02-11,71445051.665003265173907593688,0.197971250302743,0.00000453913180997034,0.0000642645811189838,0.173533726019002,0.197971250302743,,
2022-02-12,74563313.721130563695397035424,0.182114025600549,0.00000429946979913473,0.0000622807845352964,0.160395051074582,0.182114025600549,,
2022-02-13,71599619.553035662633359707802,0.189606834562096,0.0000044958805200342,0.0000651382706346248,0.16724670755144,0.189606834562096,,
2022-02-14,73574110.98682519032550897736,0.181635078533958,0.00000430459813710088,0.000063052486408236,0.159997948900641,0.181635078533958,,
2022-02-15,77295596.707143785811825034512,0.186198278854742,0.00000436612043705082,0.0000634125903923067,0.164708924263483,0.186198278854742,,
2022-02-16,76365187.697309383238036301818,0.195150826739792,0.00000438423858622733,0.0000614598289402244,0.171815778310353,0.195150826739792,,
2022-02-17,72337449.840352438480026718062,0.192343790101417,0.00000436493121974479,0.0000612457151397846,0.169062466721257,0.192343790101417,,
2022-02-18,73898611.63393479437275135164,0.181766966575583,0.00000447591376466409,0.0000629390644362955,0.159988196727706,0.181766966575583,,
2022-02-19,72042227.530573079169534706715,0.185251006009366,0.00000462616087321785,0.0000665241458609843,0.16362375485918,0.185251006009366,,
2022-02-20,68174679.584699931990611984595,0.180171472758295,0.00000449351504003741,0.0000653364459683623,0.159117278547408,0.180171472758295,,
2022-02-21,63569086.496873655526002099282,0.170097647426935,0.00000441220463395848,0.0000645191779883195,0.150268169016184,0.170097647426935,,
2022-02-22,60740455.976199279338142669248,0.158234351007478,0.00000426530264223631,0.0000613579660370474,0.139943420212147,0.158234351007478,,
2022-02-23,59716998.27346354267069320624,0.150839291597704,0.00000394840442705623,0.0000572178205827306,0.133133111813125,0.150839291597704,,
2022-02-24,52440586.067179407734523953076,0.147951117078084,0.00000396563877384022,0.000057084483806451,0.130806604548908,0.147951117078084,,
2022-02-25,55980234.619253276923158213016,0.129620443601001,0.00000338577873924097,0.0000499683335021402,0.115656337901839,0.129620443601001,,
2022-02-26,57168806.462537806657364603881,0.138048005058796,0.00000351054856391143,0.0000495045887381878,0.122313987423593,0.138048005058796,,
2022-02-27,56433049.57963709790483929892,0.132043010913079,0.00000338081360835432,0.0000475370854950714,0.117248972331012,0.132043010913079,,
2022-02-28,60714252.409170836398551531232,0.13006021437893,0.00000345309907173843,0.000049746071477172,0.116458102975243,0.13006021437893,,
2022-03-01,65026335.848466784975294626198,0.139623535350937,0.00000323357910928222,0.0000479070883482891,0.124435622401294,0.139623535350937,,
2022-03-02,62302500.625419347248237653228,0.149216211990078,0.00000336569386718486,0.0000502490214981447,0.134108907421397,0.149216211990078,,
2022-03-03,59269811.122329414805938140076,0.142656701180297,0.00000324333403208904,0.0000482819860530783,0.128315546268893,0.142656701180297,,
2022-03-04,57028785.277510950398715135,0.135420431404802,0.00000318690490655748,0.0000477344485159029,0.122355921313434,0.135420431404802,,
2022-03-05,57511117.843559935051890820466,0.13002002598425,0.00000332477570531596,0.0000496672428308517,0.118919914998601,0.13002002598425,,
2022-03-06,61053608.949556469899465891836,0.130838410333738,0.00000332213063424533,0.0000491340630792656,0.119775634865063,0.130838410333738,,
2022-03-07,71285269.167558079299837095352,0.138600178245306,0.00000360944143216863,0.0000541850551710505,0.127309738261587,0.138600178245306,,
2022-03-08,84149568.820886500767962018293,0.161481669856788,0.00000423317153966969,0.0000645668238771043,0.14872635647848,0.161481669856788,,
2022-03-09,109779183.598663961914699537104,0.190216693117723,0.00000491192637428437,0.0000737913282279733,0.174584710615628,0.190216693117723,,
2022-03-10,92478585.39380804741774426753,0.242929266850956,0.00000578548992240368,0.0000890839111417216,0.219460066522192,0.242929266850956,,
2022-03-11,91845752.260487740282135142138,0.195580900761923,0.00000495364015014624,0.0000748947102660667,0.177866379389787,0.195580900761923,,
2022-03-12,95221897.144528389522305336609,0.193855601061913,0.00000499301433355808,0.0000756478082527113,0.177644934963453,0.193855601061913,,
2022-03-13,95125570.975986970740646653159,0.200582363264687,0.00000514959035035506,0.0000777999198438658,0.184133375781703,0.200582363264687,,
2022-03-14,91666051.417425905779742978364,0.199982291091531,0.00000528937294335578,0.0000794686789785475,0.183006878885731,0.199982291091531,,
2022-03-15,90395542.686124205818201274186,0.192328012603902,0.00000485076023975994,0.0000742757685666747,0.175870121473911,0.192328012603902,,
2022-03-16,110168066.31843467367763566885,0.189287483614907,0.00000480952254152426,0.0000722130361517248,0.172637699522085,0.189287483614907,,
2022-03-17,99583780.88034430292986446125,0.23023635923171,0.00000560161684498871,0.0000831503731233132,0.208914168631636,0.23023635923171,,
2022-03-18,112220360.134711454174308065864,0.207758396192375,0.000005071431961812,0.0000737759761920864,0.187189045443705,0.207758396192375,,
2022-03-19,116778487.71178852661146249071,0.233604338104827,0.00000558513101499121,0.0000792979474714177,0.211126716733984,0.233604338104827,,
2022-03-20,109920550.935196543971238674039,0.242616721528495,0.00000575014321503573,0.0000822756357828934,0.219357216769838,0.242616721528495,,
2022-03-21,107013338.476767445373091509068,0.227922129009477,0.00000551940077618358,0.0000796425021126203,0.206289951446672,0.227922129009477,,
2022-03-22,109889683.553511062686204267248,0.221460960267547,0.00000539301196108237,0.0000764103092770808,0.200927336096622,0.221460960267547,,
2022-03-23,110967223.3689363768895497815,0.226970320618026,0.00000535519932074824,0.0000762506434087313,0.205819301435306,0.226970320618026,,
2022-03-24,108398357.32181206690952797662,0.2287503878279,0.00000535286462920504,0.0000757169013985637,0.207701769566209,0.2287503878279,,
2022-03-25,107675402.662683675247136332416,0.22302127119729,0.00000507159368624315,0.0000717093230596439,0.202494200704074,0.22302127119729,,
2022-03-26,108223005.071975235618118704488,0.221104885070576,0.00000498578740747906,0.0000712217913866909,0.201352473840738,0.221104885070576,,
2022-03-27,110789961.286081751432214779232,0.221799726706967,0.00000498203259371814,0.0000705101901080751,0.201866158129363,0.221799726706967,,
2022-03-28,123873288.9284104357881783126,0.226622656801632,0.00000484472412933279,0.0000689086672922226,0.206242165280991,0.226622656801632,,
2022-03-29,125408521.923077786665658488054,0.2399168335721,0.00000508043785073361,0.0000716922876880286,0.21813624616393,0.2399168335721,,
2022-03-30,132878571.80316208518260437744,0.242447547361442,0.00000510806148551997,0.0000713359630438955,0.218525931996063,0.242447547361442,,
2022-03-31,126590594.913110011664638374,0.256448577414316,0.00000544207627513019,0.0000756697667258721,0.229716525169269,0.256448577414316,,
2022-04-01,130957952.269399701048196679232,0.24394186729265,0.00000535403931731609,0.0000743320115909222,0.220373723014682,0.24394186729265,,
2022-04-02,124461422.69452758770006636076,0.251975134037696,0.00000544807139281117,0.0000731100199528065,0.228115140323406,0.251975134037696,,
2022-04-03,171771132.844969630973426148402,0.239112670320616,0.00000520490214648344,0.0000692685562242068,0.216508583086876,0.239112670320616,,
2022-04-04,149087019.583969445494729100085,0.329503819287183,0.00000709517572240074,0.0000935683014432296,0.298461957462398,0.329503819287183,,
2022-04-05,142915074.120061753933183752864,0.285557931530895,0.00000611957880909645,0.0000810000152784861,0.260171239883639,0.285557931530895,,
2022-04-06,129410297.268116938453184678442,0.273323644622748,0.00000598173538378807,0.0000797942562975447,0.250625738395304,0.273323644622748,,
2022-04-07,130535230.302366899430513734208,0.247123399341033,0.0000057065871774709,0.0000776213643962244,0.226929208727584,0.247123399341033,,
2022-04-08,127781081.18813381008955381469,0.248896655889714,0.00000571269449432279,0.0000768629217317114,0.228925435121335,0.248896655889714,,
2022-04-09,127225915.400331323750844714274,0.24327980299663,0.00000576191098375508,0.0000763646186075641,0.22378150577598,0.24327980299663,,
2022-04-10,126107219.07388822247456605074,0.241859662410767,0.00000566668288565148,0.0000742364649689211,0.222624108111525,0.241859662410767,,
2022-04-11,105834911.00418286772607,0.239374216421988,0.00000566372307173229,0.0000743829753012921,0.219998592793061,0.239374216421988,,
2022-04-12,105520059.177706302098235,0.200850105174174,0.00000507915176166452,0.0000672797354102651,0.184687900262341,0.200850105174174,,
2022-04-13,105212237.92349197805217,0.200252589459727,0.0000049942826387548,0.0000661345986667574,0.185053583506383,0.200252589459727,,
2022-04-14,100516740.010444954098915,0.199668416140194,0.00000485188449590306,0.0000640262634343381,0.183388055230306,0.199668416140194,,
2022-04-15,108089200.2081479967894,0.190757450554903,0.00000477891267606433,0.000063169173388114,0.176432390558971,0.190757450554903,,
2022-04-16,111366598.15503609823959,0.20512822304108,0.00000506147859079366,0.0000674913245903971,0.19004138927278,0.20512822304108,,
2022-04-17,103602128.94376194073644,0.211347963919438,0.00000522626400860352,0.0000689405476896416,0.195770879734065,0.211347963919438,,
2022-04-18,106260983.50978670191401,0.196612802875608,0.00000495186683235591,0.0000656135621168618,0.181882547938493,0.196612802875608,,
2022-04-19,108676050.86004314046219,0.201658691932082,0.00000494032905449238,0.0000659392627730299,0.187220584516708,0.201658691932082,,
2022-04-20,104106484.62564362367219,0.206241929416758,0.00000497092312931558,0.0000664357719028907,0.191238095286282,0.206241929416758,,
2022-04-21,101080466.042120236539195,0.197569952938758,0.00000477272319169779,0.0000641765738286281,0.182143310965786,0.197569952938758,,
2022-04-22,99993133.050079053996645,0.191827271766799,0.00000474145191888616,0.0000642787983050044,0.177067422862215,0.191827271766799,,
2022-04-23,96432825.923469280508715,0.189763766031889,0.00000477537602697209,0.0000640242263532454,0.17587377591571,0.189763766031889,,
2022-04-24,93740745.7696679523471,0.183007129171263,0.00000462344060678,0.0000622173908716673,0.169822810612376,0.183007129171263,,
2022-04-25,98624263.24796395853262,0.17789818565822,0.0000045024240964563,0.0000608371091790415,0.164669584749609,0.17789818565822,,
2022-04-26,87713798.885161244381865,0.187165968753884,0.00000462437941959186,0.0000621356548328141,0.174691498002121,0.187165968753884,,
2022-04-27,91099536.39203062592485,0.166460438849093,0.00000437216162270393,0.0000594208182423472,0.156478863178781,0.166460438849093,,
2022-04-28,92302235.161597724121705,0.16460753022577,0.00000419718684646782,0.0000570198598586146,0.155898973465656,0.16460753022577,,
2022-04-29,81887086.40983960459216,0.166780683700581,0.00000419595270364248,0.0000568422027046519,0.158818148588035,0.166780683700581,,
2022-04-30,77417922.667505904824725,0.147961576810912,0.0000038322577130885,0.0000525501294154794,0.140374487039029,0.147961576810912,,
2022-05-01,82934494.765310469858885,0.139886255739745,0.00000370912402411796,0.0000512454088728067,0.132832259597994,0.139886255739745,,
2022-05-02,81531720.61085291424954,0.149854136415057,0.0000038964417172596,0.0000529689985627169,0.142155645621307,0.149854136415057,,
2022-05-03,79419644.7515731045324,0.147319467215028,0.00000381992498543812,0.0000514828011552363,0.140186833066711,0.147319467215028,,
2022-05-04,85126497.87660886073976,0.14350316249368,0.00000380600519471393,0.0000516026973475899,0.136459380560646,0.14350316249368,,
2022-05-05,77717858.564371765435465,0.153814861493232,0.00000388011288696535,0.0000523756049056855,0.144940640167021,0.153814861493232,,
2022-05-06,75794512.41658858900723,0.140428209180613,0.00000384713480615974,0.0000511273594079957,0.133355204869782,0.140428209180613,,
2022-05-07,78448864.891990068954555,0.136952919714886,0.0000037997092748291,0.0000507706626958058,0.129904346587887,0.136952919714886,,
2022-05-08,72033967.86369730768591,0.141749062731951,0.00000399195179574274,0.0000537634751342923,0.134492115318663,0.141749062731951,,
2022-05-09,64508700.368006608473375,0.130158000929662,0.00000382155546356972,0.0000516574459530391,0.123612958888372,0.130158000929662,,
2022-05-10,62317418.979678168719875,0.116560613436675,0.00000382693914994612,0.0000516223049219814,0.110398768455505,0.116560613436675,,
2022-05-11,43669997.7438691018421215,0.112601192437975,0.0000036333824233239,0.0000480600434411078,0.106948172621697,0.112601192437975,,
2022-05-12,35858875.779672152639124,0.0789072124653763,0.00000274016136560468,0.0000381512149191374,0.0750021828303187,0.0789072124653763,,
2022-05-13,39482503.376797115425483,0.0647933152300968,0.00000223188898351079,0.0000330839188180643,0.0623570651354486,0.0647933152300968,,
2022-05-14,39067295.0809299225397715,0.0713408391017206,0.00000243601032035165,0.0000353864120288632,0.0686409711207497,0.0713408391017206,,
2022-05-15,41842553.199517046241188,0.0705906002441063,0.00000234895351897902,0.0000343825852801129,0.0678957831476663,0.0705906002441063,,
2022-05-16,45352681.6850302896726025,0.0756052073731016,0.00000242459435262091,0.0000353466477090131,0.0726827949078625,0.0756052073731016,,
2022-05-17,44238278.986423979028649,0.0819476499766405,0.00000274167656215481,0.0000405156043483461,0.0785374760010128,0.0819476499766405,,
2022-05-18,38844758.9237993241784905,0.0799340384572018,0.00000262610972521941,0.0000381933077793367,0.0757765438815887,0.0799340384572018,,
2022-05-19,42205746.727983903446305,0.0701885002042821,0.00000243953850537288,0.000036537329804053,0.0669777761311002,0.0701885002042821,,
2022-05-20,66661403.89294609629791,0.076261460874301,0.00000252038304224688,0.0000378211217882677,0.0720535248211402,0.076261460874301,,
2022-05-21,63685918.75108434249971,0.120450328188062,0.0000041215889092422,0.0000613906430543409,0.114105731127642,0.120450328188062,,
2022-05-22,59647183.120862411507895,0.115073931338822,0.00000391140806020127,0.0000583014583784325,0.108981520218658,0.115073931338822,,
2022-05-23,49719929.1770619240281325,0.107776349774139,0.00000355323728818408,0.0000527135960701529,0.10194692035179,0.107776349774139,,
2022-05-24,49837637.808881015629921,0.0898388188235865,0.00000308849154078518,0.0000455891024963897,0.084111966047749,0.0898388188235865,,
2022-05-25,61336819.796922634002115,0.0900515062634722,0.00000303779742779645,0.0000455310465381956,0.0839110556505787,0.0900515062634722,,
2022-05-26,47513242.61409460669473,0.110829350165143,0.00000374711351268155,0.0000570013544491499,0.103701529208468,0.110829350165143,,
2022-05-27,47896926.244687486081843,0.085851562252386,0.00000292684827824799,0.0000474926662121563,0.0801325683442421,0.085851562252386,,
2022-05-28,47983811.3937538085232795,0.0825901908830726,0.00000288655360123542,0.0000479818971871556,0.0769862824374026,0.0825901908830726,,
2022-05-29,50899702.195612650951494,0.0827400097046319,0.00000284863235009703,0.0000461291965799791,0.0771398696289956,0.0827400097046319,,
2022-05-30,52119214.41249985213904,0.0877679728079308,0.00000298225508297453,0.0000484622768606385,0.0818286817193281,0.0877679728079308,,
2022-05-31,51785497.7153898468589,0.089870816448928,0.00000283182959291351,0.0000450141988379234,0.0834221324429798,0.089870816448928,,
2022-06-01,47058172.4747491431970895,0.08929537815098,0.00000280525994554151,0.0000458555933570915,0.0831860894773777,0.08929537815098,,
2022-06-02,48113047.306603555248164,0.0811439011230739,0.00000272058314176726,0.000044398256504197,0.0761731506031618,0.0811439011230739,,
2022-06-03,47969697.6147485495746015,0.0829628552930248,0.00000271971303470779,0.0000452017836159057,0.0772148715102598,0.0829628552930248,,
2022-06-04,52366888.686674175988842,0.0827156728673123,0.00000278854432726153,0.0000466441455805818,0.0772219580320547,0.0827156728673123,,
2022-06-05,50681467.216578276118942,0.0902978890647444,0.0000030309027065209,0.0000501920313268157,0.0843052981336514,0.0902978890647444,,
2022-06-06,50709475.7642875341791325,0.0873916633035644,0.0000029212925828383,0.0000483979581573991,0.0815214662488603,0.0873916633035644,,
2022-06-07,49910313.2108608470313185,0.0874399593317865,0.00000279063498802277,0.000047085352665335,0.0818269875333023,0.0874399593317865,,
2022-06-08,49318424.382220436515272,0.0860619379636317,0.0000027606046011232,0.000047480945508401,0.0804080709005968,0.0860619379636317,,
2022-06-09,47308647.5972134996207265,0.0850413252610704,0.0000028132862885858,0.0000473899417854407,0.0793744441549475,0.0850413252610704,,
2022-06-10,45331048.3006483747949775,0.0815758033305373,0.00000271336102698443,0.0000456449258582275,0.0768268463431149,0.0815758033305373,,
2022-06-11,42865926.339603296164547,0.0781657660651155,0.00000268884384061392,0.000047016914541561,0.0743518453613889,0.0781657660651155,,
2022-06-12,38053103.079190086387867,0.0739150779881254,0.00000260624186379963,0.0000483262727933673,0.0703462391253912,0.0739150779881254,,
2022-06-13,32547816.5466912591569895,0.0656161740097494,0.00000244560117748579,0.0000452720135446235,0.0625052878798379,0.0656161740097494,,
2022-06-14,32497833.566694255563537,0.0561232336222539,0.00000251490353071169,0.0000470767782395489,0.0539131582619454,0.0561232336222539,,
2022-06-15,34100855.1430069183519265,0.0560370463826434,0.00000253872993199945,0.0000464827656245174,0.0537088774444047,0.0560370463826434,,
2022-06-16,30134877.4557540608833935,0.0588011873903773,0.00000261097344971086,0.0000478632710877881,0.0562553226061753,0.0588011873903773,,
2022-06-17,35885386.4484216871926975,0.0515183524696467,0.00000253657821436967,0.0000485081173185254,0.0488639327240875,0.0515183524696467,,
2022-06-18,30132958.4252308561688375,0.0613493779848195,0.00000299778111729883,0.0000564385217842723,0.0584817549827787,0.0613493779848195,,
2022-06-19,30698101.530543524554386,0.0515150717099675,0.00000270934213554429,0.0000518891877038972,0.0491057339876168,0.0515150717099675,,
2022-06-20,31318392.413728931815031,0.0524812359738852,0.00000256102284018491,0.0000466761722981827,0.0500591665249372,0.0524812359738852,,
2022-06-21,38910505.303910940303786,0.0535416804505742,0.00000260269519082277,0.0000477035247374345,0.0509272144413915,0.0535416804505742,,
2022-06-22,35554747.625243669510506,0.0665210976869652,0.00000321537133204792,0.0000591403498770569,0.0631834005145989,0.0665210976869652,,
2022-06-23,35327445.6863572622133665,0.0607841204204692,0.00000303872463575935,0.0000577529316598999,0.0575600903554511,0.0607841204204692,,
2022-06-24,35327766.181441421163021,0.0603955267909853,0.00000286274031409272,0.0000527587784849445,0.0573796843526038,0.0603955267909853,,
2022-06-25,34709232.6485041158242585,0.0603960747068922,0.00000283561934389572,0.0000489464906576615,0.057252298954652,0.0603960747068922,,
2022-06-26,34281632.213106142781238,0.0593386345825397,0.000002764006246295,0.0000477588554466115,0.0562716811241239,0.0593386345825397,,
2022-06-27,34894137.306390239120166,0.0562515168675116,0.0000026701727353271,0.0000467119684827387,0.05327122589867,0.0562515168675116,,
2022-06-28,33890747.5307907275886165,0.0572565547948812,0.00000275921218998678,0.0000479173738457568,0.054111318238365,0.0572565547948812,,
2022-06-29,32027435.0081201419522395,0.0556101280280353,0.00000274438756612636,0.0000486612300734509,0.052842505035359,0.0556101280280353,,
2022-06-30,30739382.7768427494847725,0.0525526844633039,0.0000026170419960717,0.0000479571891147413,0.0502858352537255,0.0525526844633039,,
2022-07-01,30129259.2873186202412775,0.0504391651488345,0.00000260897917556783,0.0000484275314164541,0.0480931415731488,0.0504391651488345,,
2022-07-02,30371703.416999549136462,0.0494380351107755,0.00000255601204463225,0.0000463726645847493,0.0474037262097952,0.0494380351107755,,
2022-07-03,30582074.0180225165394975,0.0498358531016284,0.00000259132119380864,0.0000467276441122098,0.0478051264870641,0.0498358531016284,,
2022-07-04,30735618.6399762712648275,0.0501810427745795,0.00000260322177786909,0.0000467364592272219,0.0480963127646303,0.0501810427745795,,
2022-07-05,50294500.0220960601377535,0.0504329887098855,0.00000249343639288612,0.0000438485840381772,0.0483283902683173,0.0504329887098855,,
2022-07-06,57716926.0240556686480155,0.0825264648645987,0.00000408681542760307,0.0000727389312021932,0.080358639282347,0.0825264648645987,,
2022-07-07,49799456.7106473438280965,0.0947056609673871,0.00000460611742544192,0.0000795830255610478,0.0930467596789165,0.0947056609673871,,
2022-07-08,46664250.6365537386111185,0.0817141658173713,0.00000377407897746865,0.0000659812582376062,0.0803664906390784,0.0817141658173713,,
2022-07-09,45780602.342585781340677,0.0765697171439917,0.00000351015239623772,0.0000621874308837803,0.075221722314816,0.0765697171439917,,
2022-07-10,43741375.768821689687169,0.0751197699359914,0.00000348016260761378,0.0000617342468136838,0.073793743740105,0.0751197699359914,,
2022-07-11,44514022.8676047078804,0.0717736752314658,0.0000034454770902514,0.0000615026054207561,0.0705833562069845,0.0717736752314658,,
2022-07-12,43318713.664646339521938,0.07304148450728,0.00000365731708623732,0.0000666109795888403,0.0727115946613168,0.07304148450728,,
2022-07-13,43810608.808412205526683,0.0710801439452516,0.00000367545270494862,0.0000683259825886458,0.070876524136418,0.0710801439452516,,
2022-07-14,42337978.104791608668009,0.0718872772755606,0.00000356662836373676,0.0000647681325912686,0.0716230403424396,0.0718872772755606,,
2022-07-15,44742241.3969834542249885,0.0694708896791538,0.00000338010173559292,0.0000583407981731855,0.0692999088896076,0.0694708896791538,,
2022-07-16,43846965.0507666897691215,0.0734159602141257,0.00000352423855048109,0.0000594246416681668,0.0727863267629226,0.0734159602141257,,
2022-07-17,42921566.808518079256827,0.0719469329467763,0.00000339428216513093,0.0000531921932895299,0.0713769565337292,0.0719469329467763,,
2022-07-18,46012696.4511159749215545,0.0704284797264214,0.00000338145075816133,0.0000523515551641441,0.0697573734493022,0.0704284797264214,,
2022-07-19,46083536.94500941827225,0.0755006049434869,0.00000338481116748314,0.0000481350005033989,0.0744275664213204,0.0755006049434869,,
2022-07-20,43537299.1540232503143645,0.07561684460245,0.0000032354708357142,0.0000489212826455836,0.0738937347953689,0.07561684460245,,
2022-07-21,42461524.6372878676569195,0.0714388131377289,0.00000306855420917766,0.0000469013043128132,0.0701889741948175,0.0714388131377289,,
2022-07-22,42316075.578913777654188,0.0696736128112799,0.00000300934610626076,0.000044138950524028,0.0681311647981325,0.0696736128112799,,
2022-07-23,41571721.5941564635875525,0.0694349505997016,0.00000305798886144726,0.0000451877762147377,0.068059662064416,0.0694349505997016,,
2022-07-24,41648725.1770639216828815,0.0682135664932305,0.00000303380952106467,0.000043996013001137,0.0668532828958598,0.0682135664932305,,
2022-07-25,37746433.3997122440548025,0.0683399189468083,0.00000301676784011958,0.0000426238761843648,0.0669822483476786,0.0683399189468083,,
2022-07-26,38642801.6142335117939985,0.0619367864946805,0.00000287942468038693,0.0000423736133933975,0.0606846801683949,0.0619367864946805,,
2022-07-27,41215060.2284116007747685,0.0611499814672077,0.00000288693066483138,0.0000427261748652714,0.060346960333621,0.0611499814672077,,
2022-07-28,41285883.577973133399069,0.0652204308139217,0.00000284825087759663,0.0000399551250192834,0.0639145699706485,0.0652204308139217,,
2022-07-29,42847620.900157524993981,0.0653325046370458,0.00000274062330850466,0.000037882450329145,0.0640768179654155,0.0653325046370458,,
2022-07-30,44947736.419775418854055,0.0678038629319642,0.00000283097147964918,0.0000388321292529343,0.0663116983524509,0.0678038629319642,,
2022-07-31,42197521.932973736378823,0.071127173347851,0.00000301087345954863,0.0000420150548054775,0.0696279739289652,0.071127173347851,,
2022-08-01,42507240.0484351918351605,0.0667751192039086,0.00000285899241410875,0.0000396834947808685,0.065426861491243,0.0667751192039086,,
2022-08-02,43027034.751989621643678,0.0672652300713761,0.00000288302917848017,0.0000411197023545425,0.0655664232210583,0.0672652300713761,,
2022-08-03,43374800.0300271955114305,0.0680877748963196,0.00000295629859326647,0.0000415029593984185,0.0670512444394436,0.0680877748963196,,
2022-08-04,42105928.4239512594572115,0.0686380931811901,0.00000300915621079023,0.0000424681675079605,0.0675724702421906,0.0686380931811901,,
2022-08-05,43674699.388464001948617,0.0666301778139143,0.00000294454657869262,0.0000414637224338461,0.0650533207474042,0.0666301778139143,,
2022-08-06,44698030.427452472817396,0.0691126664378994,0.00000297271930635511,0.000040050732974473,0.067875878339471,0.0691126664378994,,
2022-08-07,46119207.7759008634219425,0.0707320281677672,0.00000307580371292517,0.0000417166650302468,0.0694577739897301,0.0707320281677672,,
2022-08-08,46611163.423311173412726,0.0729809584960285,0.00000315202707970738,0.0000429936275576386,0.0717398630184795,0.0729809584960285,,
2022-08-09,45113460.9499751655388575,0.0737594496370732,0.00000309866125740933,0.0000415297625898097,0.0723243465096572,0.0737594496370732,,
2022-08-10,46802148.5292833341247655,0.0713894227585315,0.00000307894955947056,0.0000418953917198754,0.069968469654609,0.0713894227585315,,
2022-08-11,45366661.5611644726757715,0.0740616724367371,0.00000309582792222026,0.0000400153844384886,0.0719063920384928,0.0740616724367371,,
2022-08-12,45828516.626402953780731,0.0717900979693063,0.00000299944769129599,0.0000382245872940741,0.0696235693468239,0.0717900979693063,,
2022-08-13,45233146.150336757567046,0.0725209566933142,0.00000297262004470592,0.0000370993206787667,0.0706569945022359,0.0725209566933142,,
2022-08-14,45429455.139000415574913,0.0715788176128972,0.00000293040880118377,0.0000361283370185091,0.0698002063237727,0.0715788176128972,,
2022-08-15,43828563.044095649869515,0.0718894651466466,0.00000295668616875998,0.0000371264701301191,0.0700967884665039,0.0718894651466466,,
2022-08-16,43495853.089993792979832,0.069356146705823,0.00000287976578838324,0.0000364697196950719,0.0682654372920329,0.069356146705823,,
2022-08-17,41823143.277077761243092,0.0688296525936624,0.00000288366389538169,0.0000366775409243269,0.0676555249453342,0.0688296525936624,,
2022-08-18,39846866.32020568071195,0.0661826867995944,0.00000283603433404184,0.0000361021291599288,0.0650472729563652,0.0661826867995944,,
2022-08-19,35653271.323080433652472,0.06305534369199,0.00000271542484960743,0.0000340987025058788,0.0624732334779854,0.06305534369199,,
2022-08-20,37696210.0718684563967535,0.0564192240101104,0.00000269861073502992,0.0000349161117207433,0.0561916476588415,0.0564192240101104,,
2022-08-21,37720506.7598811228959265,0.0596520555183987,0.00000282087432156403,0.0000378542480530907,0.0594461696967835,0.0596520555183987,,
2022-08-22,37667788.6257847111859295,0.0596905036111773,0.00000276934741639768,0.0000368133173782914,0.0595196863557817,0.0596905036111773,,
2022-08-23,39302684.3033206646746395,0.0596070802363619,0.00000279831205180128,0.0000370704711878362,0.0599512466801247,0.0596070802363619,,
2022-08-24,38461896.756131361158586,0.0621942073649839,0.00000288811748191678,0.0000373789678854685,0.0624020311491832,0.0621942073649839,,
2022-08-25,39564496.827386935502505,0.0608637100723252,0.00000284078353678988,0.0000366926183445734,0.0610323047294203,0.0608637100723252,,
2022-08-26,37834174.21694352471183,0.060455978999141,0.0000028004645283115,0.000035665183529924,0.0606251650303378,0.060455978999141,,
2022-08-27,37352974.1216767466728515,0.057811983604606,0.0000028554534632823,0.0000383162385156892,0.058070413521777,0.057811983604606,,
2022-08-28,36718058.065805872257108,0.0570766924929623,0.00000284757125661343,0.0000382330524094178,0.0573397389194333,0.0570766924929623,,
2022-08-29,39349542.457870647381777,0.0561065178460456,0.00000285187690522174,0.0000389380247953611,0.0564781594395545,0.0561065178460456,,
2022-08-30,38326166.205802857997884,0.0601275209650114,0.0000029661900485244,0.0000387848915136575,0.0601303198887009,0.0601275209650114,,
2022-08-31,37680542.621569097963523,0.0585637651191288,0.00000295396705281619,0.0000382872845526484,0.0584475049608646,0.0585637651191288,,
2022-09-01,37352518.672618267905981,0.0575772289824486,0.00000287531451778254,0.000037105203798498,0.0573414440048857,0.0575772289824486,,
2022-09-02,37285759.846416982745715,0.0570759965503642,0.00000283883030524205,0.0000359794664016411,0.0573283382340972,0.0570759965503642,,
2022-09-03,38000092.8810146188020855,0.056973986654663,0.00000285600259585928,0.0000361373396644803,0.0572483252794299,0.056973986654663,,
2022-09-04,37559531.971664299767306,0.0580655133111611,0.00000293203404211282,0.0000373398130385164,0.058332693101717,0.0580655133111611,,
2022-09-05,37406775.7229905468144245,0.0573923203422292,0.0000028750913568027,0.0000364157518472672,0.0578843218117311,0.0573923203422292,,
2022-09-06,36703572.8459647585693695,0.0571589032814209,0.00000288713455806514,0.0000354350536555497,0.0574497439799763,0.0571589032814209,,
2022-09-07,36719874.3832420287212265,0.0560843839073699,0.00000297590660734966,0.0000358207494367929,0.056692248924763,0.0560843839073699,,
2022-09-08,36428883.872056013965644,0.0561092932446373,0.00000290828608814204,0.0000343409845435519,0.0561314056214079,0.0561092932446373,,
2022-09-09,39253727.7740715296697855,0.0556646492419608,0.00000288132354185496,0.000034054740861527,0.0556254856765314,0.0556646492419608,,
2022-09-10,39225492.810332913963831,0.0599811126703011,0.00000280766896702168,0.000034925111059752,0.0596377164161433,0.0599811126703011,,
2022-09-11,40185190.5021113881918455,0.0599379686267342,0.00000276018359591783,0.0000336767772555852,0.0595671524112171,0.0599379686267342,,
2022-09-12,39346766.0632627085101845,0.0614044213343931,0.00000282542997177288,0.0000349179760466362,0.0609493420622273,0.0614044213343931,,
2022-09-13,37496604.529806342858219,0.0601232785338529,0.00000268824957489335,0.0000351419114524476,0.0593619892212113,0.0601232785338529,,
2022-09-14,37871028.9196901365406385,0.0572961649400758,0.00000284136102882398,0.00003640063245188,0.0574335286681827,0.0572961649400758,,
2022-09-15,36371185.7549148779347215,0.0578682989204557,0.00000285820669245919,0.0000354203325708251,0.0579603587398288,0.0578682989204557,,
2022-09-16,36241149.8091819126108435,0.0555764844366963,0.00000282158966446636,0.000037741521606324,0.0556058308566525,0.0555764844366963,,
2022-09-17,37531446.5641848790348785,0.0553777848187367,0.00000280513472091288,0.0000387239867653476,0.0553084717137553,0.0553777848187367,,
2022-09-18,36519757.278785052321549,0.0573494048260237,0.00000285026853634833,0.0000390299226593804,0.0572924055402575,0.0573494048260237,,
2022-09-19,35713183.8015026781639765,0.0558035070869818,0.00000287245684289066,0.0000417110715621367,0.0557008106297641,0.0558035070869818,,
2022-09-20,34878560.8369332083776875,0.0545710337051873,0.00000279021873385914,0.0000395602450097626,0.0544424098240657,0.0545710337051873,,
2022-09-21,34004384.311809231764901,0.0532956996945375,0.00000282391995267513,0.0000402715309096509,0.0534582447032395,0.0532956996945375,,
2022-09-22,34956885.829371551925027,0.0519599264159082,0.00000280761863856922,0.0000415968684654069,0.0527866576273308,0.0519599264159082,,
2022-09-23,35264602.532011613648004,0.0534153831096614,0.00000275130825075065,0.0000402021665609282,0.0542547248269723,0.0534153831096614,,
2022-09-24,36314481.964211437090908,0.0538855853365128,0.00000278811829225313,0.0000404864056257243,0.0555699599078369,0.0538855853365128,,
2022-09-25,35860642.1731241384895175,0.0544498228192056,0.00000287717257254083,0.0000413435795607596,0.0561396196542618,0.0544498228192056,,
2022-09-26,35203668.298875052875842,0.0537693368291435,0.00000286111265138385,0.000041535187164402,0.055484275370131,0.0537693368291435,,
2022-09-27,34890781.6859000553570905,0.0527842722181444,0.00000274901880708549,0.0000395569527606561,0.0548724863388063,0.0527842722181444,,
2022-09-28,34829089.692525785500172,0.0523151309908021,0.00000273804604896946,0.0000393191719099708,0.0545454127073177,0.0523151309908021,,
2022-09-29,34860598.015083551083181,0.0522226302052504,0.00000268428675154549,0.0000389972346374662,0.0537477471983097,0.0522226302052504,,
2022-09-30,34080415.156440019521592,0.0522698736874042,0.00000267490051818313,0.0000391933204325489,0.0531902919809312,0.0522698736874042,,
2022-10-01,34044847.123852377558939,0.0511000699032944,0.00000262925568036652,0.0000385057707698173,0.0521441725125418,0.0511000699032944,,
2022-10-02,33057261.5364932006032035,0.0510467393043798,0.00000264328423038577,0.000038930645262303,0.052099746468752,0.0510467393043798,,
2022-10-03,33449369.0261564141150845,0.0495659565052887,0.00000260663651164155,0.0000388279645967205,0.0505938457683835,0.0495659565052887,,
2022-10-04,33425612.7665049361171405,0.0501538812720329,0.00000255451414583582,0.0000378688486970134,0.0510060187446326,0.0501538812720329,,
2022-10-05,33226629.456593210162984,0.0501182612092121,0.00000246402812061626,0.0000367747614260348,0.0502139305666095,0.0501182612092121,,
2022-10-06,33173300.052236349763018,0.0498199062449488,0.00000247182633624616,0.0000368338625463841,0.050312769530998,0.0498199062449488,,
2022-10-07,32741974.0507342646404685,0.0497399442997076,0.00000249316183239564,0.0000368074937151269,0.0507959500643042,0.0497399442997076,,
2022-10-08,32204787.5469758790462495,0.0490932154166617,0.00000251255713215671,0.0000368418074146552,0.0504122506663949,0.0490932154166617,,
2022-10-09,32694971.9171035882539745,0.0482877596213859,0.00000248698593196812,0.0000367079135618896,0.049590958164933,0.0482877596213859,,
2022-10-10,31975923.092323451887092,0.0490227405617309,0.00000252325582627225,0.0000371121617660284,0.0503688406900384,0.0490227405617309,,
2022-10-11,33373971.7314326455779555,0.0479446009603944,0.00000250305884605083,0.0000371074098562838,0.0493814091658755,0.0479446009603944,,
2022-10-12,33204431.986538400162169,0.0500408307996951,0.00000262829399869016,0.0000391389410976496,0.0515656574080789,0.0500408307996951,,
2022-10-13,33225060.3455185019968925,0.0497866234264658,0.00000259888569504663,0.0000384561380608486,0.0512934079568676,0.0497866234264658,,
2022-10-14,35451846.2964533838438185,0.0498175535246185,0.00000256952655697305,0.0000386721893855644,0.0509901878647743,0.0498175535246185,,
2022-10-15,35178688.8717384319152695,0.0531563895461317,0.00000277178211625473,0.000040973927934018,0.0546764631939652,0.0531563895461317,,
2022-10-16,33945328.445985433502251,0.0527468181417499,0.00000276597609281732,0.0000413701511273914,0.0542949546317104,0.0527468181417499,,
2022-10-17,33562016.909921170129701,0.0508975213041782,0.00000264241420768019,0.0000389837180351526,0.0522500632018385,0.0508975213041782,,
2022-10-18,32861774.5692244625597555,0.0503227851632682,0.00000257313131061181,0.0000377693920094323,0.0511281241026059,0.0503227851632682,,
2022-10-19,32579873.6155053816839385,0.0492728439464551,0.0000025475314455779,0.0000375755847247534,0.049959011549854,0.0492728439464551,,
2022-10-20,32212620.452839337549844,0.0488501625215157,0.00000255330170534543,0.0000380256195376248,0.0500319685881468,0.0488501625215157,,
2022-10-21,33399158.2083226824158725,0.0482995042564008,0.00000253762150212305,0.0000376778201395577,0.0494078278753875,0.0482995042564008,,
2022-10-22,32732931.736080021707646,0.0500785953258545,0.00000261167761476262,0.0000385256921551168,0.0507997678493425,0.0500785953258545,,
2022-10-23,33909756.0250116593519745,0.0490796573978172,0.00000255521692215446,0.0000373426320433741,0.0497653288984918,0.0490796573978172,,
2022-10-24,33462341.140487689114509,0.0508441841253309,0.00000259867685292769,0.0000372796118457288,0.0515822346722487,0.0508441841253309,,
2022-10-25,34287800.7862679290165995,0.0501733316204538,0.00000259408188809989,0.0000373159927386604,0.0507436721540835,0.0501733316204538,,
2022-10-26,34443187.810401116439752,0.0514110232802559,0.00000255840371968078,0.0000351819364250163,0.0515954672450771,0.0514110232802559,,
2022-10-27,32750487.0204612725818935,0.0516440101074064,0.00000248323958068366,0.0000328679065213214,0.0511897943266866,0.0516440101074064,,
2022-10-28,32841765.790581762858995,0.0491059797373467,0.00000242137848550518,0.0000324178329926466,0.0492517881817469,0.0491059797373467,,
2022-10-29,33797078.3083454441112335,0.049242842845159,0.00000238989399146486,0.000031647729929976,0.0494186313516393,0.049242842845159,,
2022-10-30,33099913.306066237857227,0.0506752355027347,0.00000243585268609973,0.0000313023614758865,0.0508270130642612,0.0506752355027347,,
2022-10-31,32956313.2789811061214505,0.0496299084377014,0.00000240726693938072,0.0000312233903943663,0.0498444378214496,0.0496299084377014,,
2022-11-01,32788669.8363974291374305,0.0494145949977541,0.00000241154345813797,0.00003145014846524,0.0499761147679792,0.0494145949977541,,
2022-11-02,31404800.0755756168833345,0.0491632309343901,0.00000240008354143935,0.0000311109292349046,0.0497862020331963,0.0491632309343901,,
2022-11-03,32233037.461475655904163,0.0470882608616829,0.00000233708536009696,0.0000309877336355689,0.0479740700161803,0.0470882608616829,,
2022-11-04,34048746.059101162726196,0.0483301174564966,0.00000239280381276049,0.0000315925158240514,0.0495751333520606,0.0483301174564966,,
2022-11-05,33276338.58222957060973,0.0510525853559272,0.00000241300724790979,0.0000310394284899455,0.0512937238704829,0.0510525853559272,,
2022-11-06,32423104.4846180533363365,0.049894439955386,0.00000234428108784297,0.0000306599294896917,0.0501200901821355,0.049894439955386,,
2022-11-07,32495769.3455381699442045,0.0486151033677393,0.00000232088415995117,0.000030867229411913,0.0489735989849771,0.0486151033677393,,
2022-11-08,28585982.736817846440228,0.0487240568372169,0.00000236886027570995,0.0000310846454156159,0.0486531831251907,0.0487240568372169,0.04890489,kucoin-aioz-usdt-spot
2022-11-09,22407774.146490090080174,0.0428617347940296,0.00000231422717606508,0.000032181688590953,0.0425999362362377,0.0428617347940296,0.04307596200000001,kucoin-aioz-usdt-spot
2022-11-10,26817889.0537412069086705,0.0335981477927068,0.00000213209333369075,0.0000307394212572404,0.0335592222135342,0.0335981477927068,0.03410876,kucoin-aioz-usdt-spot
2022-11-11,24407864.068239350326756,0.0402106605513581,0.00000229230808971448,0.0000309894209644141,0.0394896652171558,0.0402106605513581,0.0399768248,gate.io-aioz-usdt-spot
2022-11-12,24034480.197273619043365,0.0365970764837192,0.00000216335045343496,0.0000285713521404559,0.0353212787621696,0.0365970764837192,0.0368380443,kucoin-aioz-usdt-spot
2022-11-13,22165489.2417750927799335,0.036037225853393,0.00000214875108294299,0.0000287836324618068,0.0348877679545679,0.036037225853393,0.0361,coinbase-aioz-usd-spot
2022-11-14,25946217.7064816126328765,0.0332348665500747,0.00000203638797435894,0.0000272383997215641,0.0321415824538252,0.0332348665500747,0.0338,coinbase-aioz-usd-spot
2022-11-15,31684502.130789802067399,0.0389036792081673,0.00000233944073518555,0.0000313556151744639,0.0376883686445191,0.0389036792081673,0.0465,coinbase-aioz-usd-spot
2022-11-16,31064449.670145837731699,0.0475076452649518,0.00000281850914704395,0.0000380198526447307,0.0459012365208693,0.0475076452649518,0.0479,coinbase-aioz-usd-spot
2022-11-17,30777525.7807974794037785,0.0465779405082118,0.00000279586081283782,0.0000383422701588665,0.0447982418021792,0.0465779405082118,0.0462,coinbase-aioz-usd-spot
2022-11-18,28229185.806253608329966,0.0461477277090037,0.0000027674502116225,0.0000384653332452962,0.0445230055259465,0.0461477277090037,0.046173032,kucoin-aioz-usdt-spot
2022-11-19,27453373.09747484977654,0.0423267545712412,0.00000254038929567752,0.0000349958644094737,0.040974907461394,0.0423267545712412,0.042314919,kucoin-aioz-usdt-spot
2022-11-20,25365396.605210883730893,0.041163503376428,0.00000246547037441134,0.0000337791678723765,0.0398341556201136,0.041163503376428,0.0418,coinbase-aioz-usd-spot
2022-11-21,24267977.9807854937991705,0.0380327978312826,0.0000023409344112783,0.000033372555377733,0.0368033607122587,0.0380327978312826,0.0372,coinbase-aioz-usd-spot
2022-11-22,26053326.263031292648914,0.0363873317134581,0.00000230620430818769,0.0000328511671300451,0.0355262737521812,0.0363873317134581,0.0368,coinbase-aioz-usd-spot
2022-11-23,26464604.508318975967726,0.0390642774491748,0.00000241541734547106,0.0000344247348795371,0.0378991969046265,0.0390642774491748,0.0392,coinbase-aioz-usd-spot
2022-11-24,26487173.475328040638867,0.0396809467880732,0.00000239415946643244,0.0000335379167883627,0.0380964008042588,0.0396809467880732,0.039536461999999994,kucoin-aioz-usdt-spot
2022-11-25,27475069.822586328027478,0.0397147866279494,0.00000239483392087498,0.0000330217281294414,0.0381242083408013,0.0397147866279494,0.039688223999999994,gate.io-aioz-usdt-spot
2022-11-26,27218198.7326787878020915,0.0411960353794796,0.00000249334620654115,0.0000343568886733802,0.0395669253142704,0.0411960353794796,0.0409713,kucoin-aioz-usdt-spot
2022-11-27,27605636.937068095177637,0.0408108836555303,0.00000248110970943169,0.0000338730309797307,0.0392346726941827,0.0408108836555303,0.0406,coinbase-aioz-usd-spot
2022-11-28,26517441.198366520581755,0.0413918073102634,0.00000251835173335427,0.0000345834745191395,0.0399081333740477,0.0413918073102634,0.0412072608,gate.io-aioz-usdt-spot
2022-11-29,27315112.7389999583627255,0.039760169958991,0.00000245242684915254,0.0000340145365909902,0.0384238010820959,0.039760169958991,0.0401,coinbase-aioz-usd-spot
2022-11-30,27213893.1762285921222465,0.0409561962192091,0.00000249079270864506,0.0000336511716698555,0.0396749831372063,0.0409561962192091,0.041,coinbase-aioz-usd-spot
2022-12-01,26797889.831561709712248,0.0408044279174013,0.00000237554104791983,0.0000314354304654263,0.0391563488953979,0.0408044279174013,0.0414,coinbase-aioz-usd-spot
2022-12-02,27091640.3293083296478665,0.0401806737789936,0.00000236896306264979,0.0000314966914951054,0.038166600345315,0.0401806737789936,0.040008,gate.io-aioz-usdt-spot
2022-12-03,26779930.72598177764639,0.0406211223738853,0.00000237896707118165,0.0000314193088533915,0.0385563259018767,0.0406211223738853,0.040721443139999994,gate.io-aioz-usdt-spot
2022-12-04,27434471.947619578892324,0.040153745951198,0.00000237603055763216,0.000032357752242128,0.0381458328709715,0.040153745951198,0.04028443080000001,kucoin-aioz-usdt-spot
2022-12-05,26574701.4175867644511995,0.0411351630503368,0.0000024025141811122,0.0000321360058365667,0.0390224196241283,0.0411351630503368,0.0412245342,kucoin-aioz-usdt-spot
2022-12-06,26332233.5909916612600705,0.0398460257559759,0.00000234922465244077,0.0000316607771503338,0.0379522298172792,0.0398460257559759,0.0398550141,gate.io-aioz-usdt-spot
2022-12-07,25684930.084030671868297,0.0394824702408381,0.00000231290434561339,0.0000310840155229034,0.0376865797304872,0.0394824702408381,0.0391130883,gate.io-aioz-usdt-spot
2022-12-08,25894114.0198430056917575,0.0385119053488754,0.00000228581016893196,0.0000312456522324872,0.0366406703527202,0.0385119053488754,0.0386,coinbase-aioz-usd-spot
2022-12-09,25608397.1488444317094455,0.0388255551003115,0.0000022531789753607,0.0000302938154093546,0.0367606432241299,0.0388255551003115,0.038701,gate.io-aioz-usdt-spot
2022-12-10,25510913.0613690641037855,0.0383971521007131,0.00000224071068118915,0.000030396524797249,0.0364288953660667,0.0383971521007131,0.038313831,kucoin-aioz-usdt-spot
2022-12-11,25261089.247637137278398,0.0382509847591011,0.00000223373658147387,0.0000301956481545792,0.0362805624876957,0.0382509847591011,0.0392,coinbase-aioz-usd-spot
2022-12-12,24621801.382574260565547,0.0378763996994236,0.00000221572484952211,0.0000299875776466893,0.0359688512524365,0.0378763996994236,0.0379115164,kucoin-aioz-usdt-spot
2022-12-13,24674411.7544837496308075,0.0369178534363254,0.00000214694540844095,0.0000289601708782096,0.034987041026062,0.0369178534363254,0.036693669,kucoin-aioz-usdt-spot
2022-12-14,25143433.415125450160025,0.0369967372665215,0.00000208140145083643,0.0000280193000907982,0.0348023843122775,0.0369967372665215,0.0367546476,gate.io-aioz-usdt-spot
2022-12-15,26569028.576472120001724,0.037699986905205,0.00000211682038016354,0.0000288193559553853,0.0353058253501999,0.037699986905205,0.038,coinbase-aioz-usd-spot
2022-12-16,23293959.9897771666478635,0.0398375199154168,0.00000229689776484235,0.0000315138263696628,0.0374282899287139,0.0398375199154168,0.0405,coinbase-aioz-usd-spot
2022-12-17,23342379.553210000184196,0.0349268921267007,0.00000210325548594332,0.0000299917954396361,0.0329909230602103,0.0349268921267007,0.034663466000000004,kucoin-aioz-usdt-spot
2022-12-18,22606167.5734427866395575,0.0349994922715272,0.0000020864843330473,0.0000294835961675116,0.0330567730306212,0.0349994922715272,0.0353,coinbase-aioz-usd-spot
2022-12-19,22352900.9727919922062235,0.0338956182882715,0.00000202046876874435,0.0000285460611171759,0.0319968426790718,0.0338956182882715,0.0334,coinbase-aioz-usd-spot
2022-12-20,22467490.2065456129152395,0.0335158711244527,0.00000204064801585511,0.000028716368459647,0.0315675439697435,0.0335158711244527,0.0334,coinbase-aioz-usd-spot
2022-12-21,22153491.8290733751777105,0.0336876858699039,0.00000199313990897415,0.0000276630015263502,0.0317050083276651,0.0336876858699039,0.0338,coinbase-aioz-usd-spot
2022-12-22,22029684.078178842849093,0.0332168776662861,0.00000197713237574446,0.0000273981429826489,0.0312927171486692,0.0332168776662861,0.0336,coinbase-aioz-usd-spot
2022-12-23,22657443.690461775300056,0.0330312407045226,0.00000196448218458799,0.0000271449627415488,0.0311539326868297,0.0330312407045226,0.0332,coinbase-aioz-usd-spot
2022-12-24,22102597.48752267452492,0.0339725015407792,0.00000202452055449787,0.0000278493339231875,0.0319730518453488,0.0339725015407792,0.0339,coinbase-aioz-usd-spot
2022-12-25,22919766.086964938339628,0.033140566846744,0.00000196824624014335,0.0000271514759461675,0.0311650776447773,0.033140566846744,0.03316734155,gate.io-aioz-usdt-spot
2022-12-26,21768909.351324953058575,0.0343658269371096,0.00000204256498328631,0.0000282200042086513,0.0323533913371505,0.0343658269371096,0.034,coinbase-aioz-usd-spot
2022-12-27,21571783.878623597112559,0.032640235879315,0.00000193367033929214,0.0000266586283553016,0.0306500806137246,0.032640235879315,0.0326,coinbase-aioz-usd-spot
2022-12-28,21234339.8322492525353685,0.0323446665504638,0.00000193693265541448,0.000026696367146641,0.0303980448875485,0.0323446665504638,0.033106420799999994,kucoin-aioz-usdt-spot
2022-12-29,21374668.0949689483112975,0.0318387039828417,0.00000192538325681845,0.0000267978213997281,0.0299452171705724,0.0318387039828417,0.03168415,gate.io-aioz-usdt-spot
2022-12-30,21137998.7144169561195055,0.0320491117493395,0.00000192711777928207,0.0000266871114682796,0.0300608391794111,0.0320491117493395,0.0313,coinbase-aioz-usd-spot
2022-12-31,21032301.7012064055505035,0.0316942504064051,0.00000191001836502335,0.0000264430933860466,0.029607939390484,0.0316942504064051,0.0323,coinbase-aioz-usd-spot
2023-01-01,21083825.162173121440543,0.0315357686291487,0.00000190845757458268,0.0000263824595975831,0.0294251285829125,0.0315357686291487,0.0318,coinbase-aioz-usd-spot
2023-01-02,21231973.708213502152937,0.0316130227484126,0.00000190362466219051,0.0000263440556740396,0.0294700152249996,0.0316130227484126,0.0315,coinbase-aioz-usd-spot
2023-01-03,21132368.591047601500071,0.0318351562237234,0.00000190758533971765,0.0000262052736980291,0.0297980007658199,0.0318351562237234,0.03180113859,gate.io-aioz-usdt-spot
2023-01-04,21427245.985133955287018,0.0316858086167022,0.00000190075953982652,0.0000260954842421577,0.030026023031447,0.0316858086167022,0.0317263044,gate.io-aioz-usdt-spot
2023-01-05,20977372.6201203774964035,0.0321279468765076,0.00000190688799150238,0.0000255811617969169,0.0302858170596693,0.0321279468765076,0.0322,coinbase-aioz-usd-spot
2023-01-06,21002311.3172577402254765,0.0314534081335287,0.0000018694669649616,0.0000251597455166498,0.0298879463403693,0.0314534081335287,0.03138706838,gate.io-aioz-usdt-spot
2023-01-07,21158168.296896428747283,0.0314908011394873,0.00000185700300138127,0.0000248105142891101,0.0295750149610334,0.0314908011394873,0.03136552902,gate.io-aioz-usdt-spot
2023-01-08,20911505.8467394310525105,0.0317244926164806,0.00000187246580125329,0.00002510834038904,0.0297969622965119,0.0317244926164806,0.032,coinbase-aioz-usd-spot
2023-01-09,21568193.836491457006018,0.0313546476956461,0.00000183798620558107,0.000024407341359288,0.0294182981870898,0.0313546476956461,0.031773644000000004,kucoin-aioz-usdt-spot
2023-01-10,21602336.4720678922625485,0.0323392836523076,0.00000188212557620923,0.0000244879270054051,0.0301302435711028,0.0323392836523076,0.032096,gate.io-aioz-usdt-spot
2023-01-11,21638620.713053908538135,0.0323904770153177,0.00000185790040268433,0.0000242506059933831,0.0301725009353843,0.0323904770153177,0.0324355131,kucoin-aioz-usdt-spot
2023-01-12,22962315.5235799144444079830761,0.032444881494907,0.00000181930064478946,0.0000235020283707034,0.030132106003886,0.032444881494907,0.0323,coinbase-aioz-usd-spot
2023-01-13,23718786.446438919054816002729,0.0338961855263637,0.00000179632837147557,0.0000239186491084917,0.0312242582220228,0.0338961855263637,0.03380239374,gate.io-aioz-usdt-spot
2023-01-14,24360381.432146444766674728128,0.0344425848833635,0.00000173350757658543,0.0000237554064203781,0.0317932674387055,0.0344425848833635,0.034503450000000005,kucoin-aioz-usdt-spot
2023-01-15,25168827.9070805329031963365521,0.0351192571527216,0.00000167147619458016,0.0000226344991844329,0.0323999214307837,0.0351192571527216,0.035373537,kucoin-aioz-usdt-spot
2023-01-16,25613247.766480223933887039665,0.0360250640361003,0.00000172566819654616,0.0000232072464734273,0.0332599520274032,0.0360250640361003,0.0366,coinbase-aioz-usd-spot
2023-01-17,25195319.4173107201608060049875,0.0364009396165437,0.00000171861339170056,0.0000230684725137385,0.033615465815211,0.0364009396165437,0.0365,coinbase-aioz-usd-spot
2023-01-18,24367286.251293815890466790378,0.0355540978235183,0.00000167879852665591,0.0000226431802962559,0.0329564836136415,0.0355540978235183,0.0354,coinbase-aioz-usd-spot
2023-01-19,25131567.5150769532919415585835,0.034144671528654,0.00000164873087534653,0.0000224639285485091,0.0316129945288381,0.034144671528654,0.034006599,kucoin-aioz-usdt-spot
2023-01-20,27465480.981313373086203804824,0.0349706360792665,0.00000165959152154035,0.0000225569748184904,0.0322702978681124,0.0349706360792665,0.0353,coinbase-aioz-usd-spot
2023-01-21,28211965.029797923565469998698,0.0379541544141754,0.0000016748876265074,0.0000228905177944371,0.0349628691579982,0.0379541544141754,0.0378964413,kucoin-aioz-usdt-spot
2023-01-22,29362377.0456970298707133948592,0.0387182046318406,0.00000169793059223487,0.0000237808449148664,0.0356668214623746,0.0387182046318406,0.0385261632,kucoin-aioz-usdt-spot
2023-01-23,28388826.2953451960256413732442,0.0400224627982712,0.00000176184074757375,0.0000245797927436278,0.0368329309123923,0.0400224627982712,0.0401392299,kucoin-aioz-usdt-spot
2023-01-24,27213034.0599225913922196638535,0.0384334368451374,0.00000167619150938319,0.0000236086967330779,0.0353645955884881,0.0384334368451374,0.038,coinbase-aioz-usd-spot
2023-01-25,27543653.2201319435763948191115,0.0365939141043985,0.00000161840293500934,0.0000235521166342899,0.0336170238646486,0.0365939141043985,0.0364547385,kucoin-aioz-usdt-spot
2023-01-26,28714982.7181503309412747484597,0.0367911779063187,0.00000159206557386892,0.0000228839013597955,0.0336868574521497,0.0367911779063187,0.0368862696,kucoin-aioz-usdt-spot
2023-01-27,30494638.4717721193474848841735,0.0381012882319607,0.00000165595212498625,0.0000237845397658493,0.0349574403866557,0.0381012882319607,0.038,coinbase-aioz-usd-spot
2023-01-28,29916221.8838998407899537095584,0.0401959986753065,0.00000174231182012555,0.0000251536386848864,0.0369861338339294,0.0401959986753065,0.040342099,kucoin-aioz-usdt-spot
2023-01-29,30202691.4541219339159499681748,0.0391754061482282,0.00000170262638785959,0.0000249495095285305,0.0360534293517078,0.0391754061482282,0.038898555800000005,kucoin-aioz-usdt-spot
2023-01-30,28514870.142048877264235402526,0.0392932063683909,0.00000165271135104864,0.0000238676315122278,0.0361457727911432,0.0392932063683909,0.03942118259999999,kucoin-aioz-usdt-spot
2023-01-31,28674678.134680631901296679852,0.0368586012831597,0.0000016166459297568,0.0000235369573113797,0.0339726430501421,0.0368586012831597,0.0372,coinbase-aioz-usd-spot
2023-02-01,30210905.415020372931612305877,0.036827127396903,0.00000159217659930424,0.0000232374037582695,0.0339043698536258,0.036827127396903,0.0373,coinbase-aioz-usd-spot
2023-02-02,30265274.8002947067504375621519,0.038552222452951,0.00000162481111198085,0.0000234802198014401,0.0350166384411798,0.038552222452951,0.0387,coinbase-aioz-usd-spot
2023-02-03,31672471.6701877142911667999087,0.0383770073851683,0.00000163267474465673,0.0000233105320918052,0.0351768659445126,0.0383770073851683,0.0388,coinbase-aioz-usd-spot
2023-02-04,31540363.3732106879970346544238,0.0399082666901177,0.00000170214896741639,0.0000239602190774896,0.0369614077539434,0.0399082666901177,0.0397,coinbase-aioz-usd-spot
2023-02-05,31598362.3443652362391615263878,0.0394930085760438,0.00000169094934126889,0.0000236336917565412,0.0365940795835179,0.0394930085760438,0.03931,kucoin-aioz-usdt-spot
2023-02-06,32100471.182717833994460109102,0.0393194919092537,0.00000171272841482036,0.0000241058072900404,0.0364438146262501,0.0393194919092537,0.03916979,kucoin-aioz-usdt-spot
2023-02-07,32344223.923618802825592742392,0.039697247993563,0.00000174530490013108,0.0000245913814949802,0.0370083857259006,0.039697247993563,0.0397,coinbase-aioz-usd-spot
2023-02-08,34352324.8292005463017687280004,0.0397530666820465,0.00000170861371602093,0.0000237654907944413,0.0370497077812831,0.0397530666820465,0.039613960999999996,kucoin-aioz-usdt-spot
2023-02-09,34661332.330001548419309213684,0.0419632554226986,0.00000182945905297359,0.0000254287345683095,0.0391725636462596,0.0419632554226986,0.0424,coinbase-aioz-usd-spot
2023-02-10,35814993.914176341742139199672,0.0420835836987355,0.00000192882771737263,0.0000272275370296675,0.0391931356054787,0.0420835836987355,0.042,coinbase-aioz-usd-spot
2023-02-11,33960537.1574153022091833694225,0.043222246703356,0.00000199912643991541,0.0000285436665535486,0.0404933752902514,0.043222246703356,0.0437956927,kucoin-aioz-usdt-spot
2023-02-12,33695619.4922162883106262563542,0.0407341615399043,0.00000186299645270609,0.0000264476380568035,0.0381698594623289,0.0407341615399043,0.04061,kucoin-aioz-usdt-spot
2023-02-13,32298500.3163873428902544632464,0.0401754470368542,0.00000184526886068572,0.0000265399325250749,0.0376343834940744,0.0401754470368542,0.040047207200000004,kucoin-aioz-usdt-spot
2023-02-14,33587319.676912705471888515528,0.0382814524542612,0.00000175613338655091,0.0000254155320350373,0.035675480824755,0.0382814524542612,0.03840302799999999,kucoin-aioz-usdt-spot
2023-02-15,34493579.6103624777904300371833,0.0395744854688769,0.00000178083639383099,0.0000254101753718519,0.0368497750000111,0.0395744854688769,0.04,coinbase-aioz-usd-spot
2023-02-16,34309619.5573411643545209198512,0.0404083679315387,0.00000166258018427218,0.0000241555018315004,0.0377658768626958,0.0404083679315387,0.0406469088,kucoin-aioz-usdt-spot
2023-02-17,36012600.7150367127804216994795,0.0399547700294182,0.00000168284115536209,0.0000243049288265214,0.0374457498933466,0.0399547700294182,0.0408,coinbase-aioz-usd-spot
2023-02-18,34940529.6270658035618762864704,0.0416951743031023,0.00000169442051636803,0.0000245837547792657,0.0389796170785402,0.0416951743031023,0.0419571315,kucoin-aioz-usdt-spot
2023-02-19,35470294.0419793805303657255292,0.0402251173516276,0.00000163274303978911,0.0000237886635475921,0.037600509640745,0.0402251173516276,0.0403360495,kucoin-aioz-usdt-spot
2023-02-20,36228170.19900700385833725118,0.0406012956780421,0.00000166624168231646,0.0000241213868766533,0.0379801504628474,0.0406012956780421,0.040601771099999996,kucoin-aioz-usdt-spot
2023-02-21,35052347.4554704825329267131876,0.0412328161993711,0.00000166275817374943,0.0000242419794877247,0.0385588454736919,0.0412328161993711,0.041264126,kucoin-aioz-usdt-spot
2023-02-22,34513986.9944813560327396074966,0.0396688314864956,0.00000162574583760653,0.0000239677112750911,0.0372558027198755,0.0396688314864956,0.0399355902,kucoin-aioz-usdt-spot
2023-02-23,35183602.2512610370454073983328,0.0388397919400914,0.00000160735852883335,0.0000236548008298775,0.0366251868091372,0.0388397919400914,0.038613544480000005,gate.io-aioz-usdt-spot
2023-02-24,34138355.265084184211739286029,0.0393718008474784,0.00000164666434606554,0.0000238704806051614,0.0371527273334442,0.0393718008474784,0.039293929,gate.io-aioz-usdt-spot
2023-02-25,32985305.84488555609147078929,0.0379858886611645,0.00000163903075581362,0.0000236186726719766,0.0360320842637898,0.0379858886611645,0.0384,coinbase-aioz-usd-spot
2023-02-26,34364143.0540661420302471783122,0.0364998181675302,0.00000157599779935562,0.0000228996351566455,0.0346592859315398,0.0364998181675302,0.037,coinbase-aioz-usd-spot
2023-02-27,33705310.5563018886743617326269,0.0378163393686278,0.00000160632845439671,0.0000230506123532422,0.0358542697550491,0.0378163393686278,0.0381,coinbase-aioz-usd-spot
2023-02-28,34742384.2375754114390072222928,0.0368883502555427,0.00000156943724370577,0.0000225806121818586,0.0348138107989498,0.0368883502555427,0.03689484465000001,gate.io-aioz-usdt-spot
2023-03-01,34760913.0789446755867761033006,0.0378200091027116,0.00000163397961751524,0.0000235394823653756,0.0357982986337681,0.0378200091027116,0.0374,coinbase-aioz-usd-spot
2023-03-02,33736796.4054086412893575031609,0.0376353212188909,0.000001593997061876,0.0000226485771473769,0.0352750202582077,0.0376353212188909,0.0377345276,kucoin-aioz-usdt-spot
2023-03-03,31198058.9640651404300547751902,0.0363298493812723,0.00000154792543407207,0.0000220467516001278,0.0343051502321907,0.0363298493812723,0.036402912,huobi-aioz-usdt-spot
2023-03-04,30775195.7384438707237,0.0334129626389871,0.00000149498070563328,0.0000212934133297789,0.0314531844880644,0.0334129626389871,0.0335930231,kucoin-aioz-usdt-spot
2023-03-05,32893898.1294999079065,0.0328443714320395,0.00000147058081527936,0.0000209749841743957,0.0309299885173997,0.0328443714320395,0.0328126248,kucoin-aioz-usdt-spot
2023-03-06,31669620.45676687778566,0.0351055251506775,0.00000156582566810743,0.0000224512979069378,0.033071748880557,0.0351055251506775,0.0359,coinbase-aioz-usd-spot
2023-03-07,31064849.7259692427902,0.0337989329534761,0.00000150789115932342,0.000021561821601655,0.0316331664649647,0.0337989329534761,0.03369663,huobi-aioz-usdt-spot
2023-03-08,29422207.67789752918914,0.033153500356317,0.00000149510827183514,0.0000212518638394508,0.0314124644037245,0.033153500356317,0.03319668,huobi-aioz-usdt-spot
2023-03-09,27948112.7062063156959,0.0314004149814819,0.00000144693140679077,0.0000204665948062763,0.0297654279523447,0.0314004149814819,0.0314,coinbase-aioz-usd-spot
2023-03-10,26274735.67527080429222,0.0298272089753265,0.00000146572389906514,0.0000207613659655585,0.0282132997220961,0.0298272089753265,0.031115,gate.io-aioz-usdt-spot
2023-03-11,25387931.46922798698776,0.0280413221456537,0.00000138541297952788,0.0000195525833470572,0.026301759151343,0.0280413221456537,0.028065098,kucoin-aioz-usdt-spot
2023-03-12,33115548.65049929534414,0.0270948935029796,0.00000131622953957569,0.0000183414952573759,0.0250608448712013,0.0270948935029796,0.02710713,huobi-aioz-usdt-spot
2023-03-13,30723153.11946168125476,0.0353420783834069,0.00000160165459797558,0.0000222767601584265,0.0327050221388168,0.0353420783834069,0.0348,coinbase-aioz-usd-spot
2023-03-14,30141769.45030829006552,0.0327888297184246,0.00000135746655778523,0.0000195417440515884,0.0301017730210224,0.0327888297184246,0.0327316325,gate.io-aioz-usdt-spot
2023-03-15,28895194.46592422135376,0.0321683566161092,0.00000129873365087306,0.0000188461466477435,0.0297987287908318,0.0321683566161092,0.0325,coinbase-aioz-usd-spot
2023-03-16,28713010.62549586568094,0.0308379679435896,0.00000126334364600851,0.0000186283462412417,0.0290378441485049,0.0308379679435896,0.031114700000000002,huobi-aioz-usdt-spot
2023-03-17,30172621.6956275195387528944404,0.0306435349406349,0.00000122362507214042,0.0000182700166221891,0.0288513455655296,0.0306435349406349,0.030258889999999997,huobi-aioz-usdt-spot
2023-03-18,29445306.0893691276773168317376,0.0321041749543718,0.00000116952290105116,0.0000179250744377327,0.0300231611565036,0.0321041749543718,0.0321,coinbase-aioz-usd-spot
2023-03-19,29893844.553968964217541992175,0.0313236755563076,0.00000116074935166283,0.0000177535096526328,0.029296002125297,0.0313236755563076,0.0313998597,kucoin-aioz-usdt-spot
2023-03-20,28139602.7510465533070246170566,0.0317939829516061,0.00000112803805064287,0.0000176461629627924,0.0297611075064486,0.0317939829516061,0.0315945,huobi-aioz-usdt-spot
2023-03-21,28243057.5386827976979781091328,0.0299217963394954,0.0000010749958692142,0.0000172223935686951,0.027926088730533,0.0299217963394954,0.0297,coinbase-aioz-usd-spot
2023-03-22,26019226.5693603668668142636555,0.0300252298532864,0.00000106575260970028,0.0000166336415199738,0.027885441320936,0.0300252298532864,0.029789991000000002,huobi-aioz-usdt-spot
2023-03-23,26557862.1017771126965906039224,0.0276552249671317,0.0000010114722009392,0.0000159096324663563,0.025466200160629,0.0276552249671317,0.02804928,huobi-aioz-usdt-spot
2023-03-24,26385722.7155697961815769493264,0.0282216564928092,0.000000994144219305523,0.0000155128748486454,0.0260455218744653,0.0282216564928092,0.028072846200000005,gate.io-aioz-usdt-spot
2023-03-25,29268802.7320807693374838184756,0.0280327017249608,0.00000102070252668667,0.0000160083223531248,0.0261324525074771,0.0280327017249608,0.028536765000000002,kucoin-aioz-usdt-spot
2023-03-26,28025282.158476613364097225216,0.0310890529600801,0.00000113096525843141,0.0000178419471512194,0.0289616153223821,0.0310890529600801,0.031,coinbase-aioz-usd-spot
2023-03-27,26371507.1904215890025031131536,0.029761790330304,0.0000010610494037819,0.0000167339326743124,0.0276267613623967,0.029761790330304,0.0297,coinbase-aioz-usd-spot
2023-03-28,26701868.3458336467873955747546,0.0279995183664184,0.00000103110005925437,0.0000163274583003175,0.025936621192369,0.0279995183664184,0.027911718000000002,huobi-aioz-usdt-spot
2023-03-29,27347796.9715450705206355977336,0.0283441743983486,0.00000103885839383775,0.0000159692644970181,0.0261516627992469,0.0283441743983486,0.028110115999999997,huobi-aioz-usdt-spot
2023-03-30,26631109.1567219213231836102989,0.0290235866495096,0.00000102234275077965,0.0000161713916268693,0.0267508598171364,0.0290235866495096,0.028705166,huobi-aioz-usdt-spot
2023-03-31,27053625.3590138839999184321096,0.0282567964156879,0.00000100839489767726,0.0000157700915321298,0.0259329766058708,0.0282567964156879,0.02820282,huobi-aioz-usdt-spot
2023-04-01,26333486.4417589520606831470508,0.0286990371993413,0.00000100646529733605,0.0000157341048511225,0.0264815475621661,0.0286990371993413,0.028740630099999998,kucoin-aioz-usdt-spot
2023-04-02,26573880.9992997805959337333125,0.0279290900743526,0.000000980155028368671,0.0000153253103153891,0.0257783866984603,0.0279290900743526,0.0283416153,kucoin-aioz-usdt-spot
2023-04-03,27216251.7963928367815820811621,0.0281779868800875,0.0000010005677453649,0.0000157001784438322,0.0260808284799393,0.0281779868800875,0.028,coinbase-aioz-usd-spot
2023-04-04,27719000.0586050532100124108166,0.0288529264873281,0.00000103597527073578,0.0000159304110403581,0.0264685336684202,0.0288529264873281,0.029115277000000002,gate.io-aioz-usdt-spot
2023-04-05,27013110.2058728808529556247628,0.0293795862198373,0.00000104501776938644,0.0000157262204646065,0.0268249854186513,0.0293795862198373,0.029112513,kucoin-aioz-usdt-spot
2023-04-06,27383850.147025357374617512852,0.0286252507290314,0.00000101542867382007,0.0000149782163245469,0.0262526600835936,0.0286252507290314,0.02854,kucoin-aioz-usdt-spot
2023-04-07,26984885.0427709709715080670844,0.029011767442109,0.00000103432173730337,0.0000154970108165567,0.0266078634236861,0.029011767442109,0.0292,coinbase-aioz-usd-spot
2023-04-08,27400791.5287149196740401665454,0.0285830436077852,0.00000102313218580014,0.0000153150049488308,0.026219293910054,0.0285830436077852,0.028718367999999998,huobi-aioz-usdt-spot
2023-04-09,26999073.9919823117812469044464,0.0290172301505753,0.00000103766188565854,0.0000156701652353573,0.0266545120452352,0.0290172301505753,0.0295,coinbase-aioz-usd-spot
2023-04-10,26911027.6688904470924632127912,0.0285857703965348,0.00000100803881358146,0.0000153593391018653,0.0262170191869115,0.0285857703965348,0.0285171,huobi-aioz-usdt-spot
2023-04-11,26545188.5345510146687556263534,0.0284863131785656,0.000000959536863375334,0.0000148977955610064,0.0261907628871145,0.0284863131785656,0.028419028,huobi-aioz-usdt-spot
2023-04-12,26417254.75815134386860742124,0.0280931226529222,0.000000928787435588303,0.000014850545615701,0.0257252568956343,0.0280931226529222,0.0282376458,kucoin-aioz-usdt-spot
2023-04-13,26648750.7266229548733903622416,0.027951612189658,0.000000934430143276979,0.0000145446513358864,0.0254233323382253,0.027951612189658,0.0281,coinbase-aioz-usd-spot
2023-04-14,27286430.115688801937698820007,0.0281905966373452,0.000000928213157034299,0.0000140191530349633,0.0255308632467227,0.0281905966373452,0.028028840000000003,huobi-aioz-usdt-spot
2023-04-15,28104060.89295397536991240977,0.028858961615233,0.000000947470041695978,0.0000137277786598818,0.026243644814476,0.028858961615233,0.029078178499999996,kucoin-aioz-usdt-spot
2023-04-16,27587354.0142181480766061517856,0.0297173193984058,0.000000979410108332529,0.0000141883439799231,0.0270422967951676,0.0297173193984058,0.0297,coinbase-aioz-usd-spot
2023-04-17,26943802.917255236808840047904,0.0291645661840672,0.000000962116343193853,0.0000137609771805322,0.0265517891372424,0.0291645661840672,0.029123279999999998,huobi-aioz-usdt-spot
2023-04-18,26771557.3521878690140139376539,0.0284781992337845,0.000000966361639378324,0.000013713948850776,0.02606049835036,0.0284781992337845,0.028317828999999996,huobi-aioz-usdt-spot
2023-04-19,25185512.798881501873545111571,0.0282900580324627,0.000000931609211419206,0.000013460921544725,0.0257732709509421,0.0282900580324627,0.028136812500000004,gate.io-aioz-usdt-spot
2023-04-20,24636315.9898682318343920631982,0.0266082276920974,0.000000924001255283291,0.0000137419550316937,0.0243217483815309,0.0266082276920974,0.0268,coinbase-aioz-usd-spot
2023-04-21,22825523.0732534537129498258414,0.0260225062904189,0.000000921109048005544,0.0000133929477410891,0.0237372028058116,0.0260225062904189,0.025801547999999997,huobi-aioz-usdt-spot
2023-04-22,24330686.5467920074341747283848,0.0241046411611118,0.000000883212022597976,0.0000130324172183319,0.0219201946158617,0.0241046411611118,0.02402123352,gate.io-aioz-usdt-spot
2023-04-23,23829164.4908591454327395016306,0.0256886250518947,0.000000923136505900086,0.0000136965354915144,0.023430019389749,0.0256886250518947,0.025632050400000002,kucoin-aioz-usdt-spot
2023-04-24,22166355.8059136769870656858232,0.0251536985253409,0.000000911211194842475,0.0000135030410150174,0.0228978514591653,0.0251536985253409,0.02525201004,gate.io-aioz-usdt-spot
2023-04-25,21578737.3688697076229588606696,0.0233933403705804,0.000000850042537792086,0.0000126939878022598,0.0211721641863189,0.0233933403705804,0.0236,coinbase-aioz-usd-spot
2023-04-26,20874121.4180522156793288421216,0.0227682957653866,0.000000804456833332334,0.0000121882320846254,0.0207535259623013,0.0227682957653866,0.022502699999999997,huobi-aioz-usdt-spot
2023-04-27,21149973.0650156944800098030914,0.0220200981574892,0.000000775786238643777,0.0000117950255400126,0.0199492689962333,0.0220200981574892,0.022008579999999996,huobi-aioz-usdt-spot
2023-04-28,21297938.5432772267670351413163,0.0223062936627742,0.000000757029567828012,0.0000116825700060178,0.0202313558333279,0.0223062936627742,0.022207104000000002,huobi-aioz-usdt-spot
2023-04-29,21474383.7310240064311267727175,0.0224575173732753,0.000000765141266280129,0.0000118575950068178,0.0203801250189737,0.0224575173732753,0.0223513934,kucoin-aioz-usdt-spot
2023-04-30,24639729.9202906615429591217473,0.0226386979199645,0.000000774727056466503,0.0000118785374014913,0.0205392461685311,0.0226386979199645,0.0228027624,kucoin-aioz-usdt-spot
2023-05-01,21655930.6445717614953046830449,0.0259701747145171,0.00000088447987003226,0.0000137732449802392,0.0235931056640578,0.0259701747145171,0.0251,coinbase-aioz-usd-spot
2023-05-02,20856440.3704500563284452607347,0.0228203518699997,0.000000811680237130679,0.0000124580644384189,0.0208057117601048,0.0228203518699997,0.0229,coinbase-aioz-usd-spot
2023-05-03,21174221.9623399014514128934842,0.0219731454508723,0.000000765866172386178,0.0000117358361279498,0.019950843848124,0.0219731454508723,0.0217399958,kucoin-aioz-usdt-spot
2023-05-04,20895950.5542423339157288423152,0.0223031446299293,0.000000767881280252738,0.0000117070952377447,0.0201604703918698,0.0223031446299293,0.022265565,kucoin-aioz-usdt-spot
2023-05-05,21035466.6525670178734836560075,0.0220052214964548,0.000000762591149378813,0.000011723328785046,0.0199711108314091,0.0220052214964548,0.021910292999999997,huobi-aioz-usdt-spot
2023-05-06,20024809.8748218066015847371792,0.0221474634761837,0.0000007494158398683,0.0000110981746829806,0.0200839697917616,0.0221474634761837,0.022,coinbase-aioz-usd-spot
2023-05-07,19728062.5808558595046183291364,0.0210788454699984,0.000000729385369513137,0.000011092233040126,0.0191304076547386,0.0210788454699984,0.020961618749999997,gate.io-aioz-usdt-spot
2023-05-08,17461367.302180376123045075827,0.0207620117358139,0.000000721862198395173,0.0000109257225582374,0.0188590744903683,0.0207620117358139,0.0206885108,kucoin-aioz-usdt-spot
2023-05-09,17463768.98336645842041096362,0.018372566205769,0.000000662616838781038,0.00000992978425476637,0.0167062871344944,0.018372566205769,0.018265329999999996,kucoin-aioz-usdt-spot
2023-05-10,17534013.3628165242906965589358,0.01837134907178,0.000000664606922342106,0.00000994002247556318,0.0167623131499878,0.01837134907178,0.018342082600000004,gate.io-aioz-usdt-spot
2023-05-11,15873173.6579759589096750638856,0.0184412759276926,0.000000667050302312907,0.0000100090398164007,0.0167945488798531,0.0184412759276926,0.018524437799999998,gate.io-aioz-usdt-spot
2023-05-12,17381522.7072886019223054757528,0.0166909077457174,0.000000618496260748683,0.00000929548890592108,0.015298131543816,0.0166909077457174,0.0165,coinbase-aioz-usd-spot
2023-05-13,17739060.506348815901522472479,0.0182730321075524,0.000000682508388284699,0.0000101075246247466,0.0168408354725695,0.0182730321075524,0.0183,coinbase-aioz-usd-spot
2023-05-14,17666419.68951372188489813886,0.0186448973343394,0.0000006946321175953,0.0000103606752516993,0.0172043628154622,0.0186448973343394,0.0184,coinbase-aioz-usd-spot
2023-05-15,18064001.0824910325711830298488,0.0185645522195389,0.000000689663860796641,0.0000103141643683889,0.0171246135907572,0.0185645522195389,0.0185485284,kucoin-aioz-usdt-spot
2023-05-16,17338798.9204855437003661786356,0.0189782618377598,0.000000696920003990313,0.0000104315676133208,0.0174644598707172,0.0189782618377598,0.018984365399999998,kucoin-aioz-usdt-spot
2023-05-17,17548528.9224985598668765733841,0.0182123696578017,0.000000673890311893327,0.00000998328323709011,0.0167618221563627,0.0182123696578017,0.01822636912,gate.io-aioz-usdt-spot
2023-05-18,17387165.4134934953105266943592,0.0184287695092949,0.000000672557201405106,0.0000101135302657198,0.0169994943676147,0.0184287695092949,0.01835628485,gate.io-aioz-usdt-spot
2023-05-19,17186772.5902543431706673108588,0.0182553829623899,0.000000680073877034407,0.000010120483384895,0.0169348771511301,0.0182553829623899,0.01826163476,gate.io-aioz-usdt-spot
2023-05-20,17562974.491720060316685514008,0.0180411105469948,0.000000670935053105963,0.000009950080380144,0.0167032837779823,0.0180411105469948,0.01806979386,gate.io-aioz-usdt-spot
2023-05-21,17181294.8398914381719118771904,0.0184320467183223,0.000000680127784978321,0.0000101312726898726,0.0170617510680496,0.0184320467183223,0.01848146625,gate.io-aioz-usdt-spot
2023-05-22,17377102.0635460436895539059808,0.0180276005286224,0.000000673246991686852,0.00000997939200488397,0.0166686998356101,0.0180276005286224,0.018003399399999998,gate.io-aioz-usdt-spot
2023-05-23,17012350.661306825180001628485,0.0182291290477856,0.000000678703879655567,0.0000100258908692533,0.0168557990928543,0.0182291290477856,0.018238829350000003,gate.io-aioz-usdt-spot
2023-05-24,16842248.243605632667964011203,0.0178426193795559,0.000000655331613042751,0.00000962093003561881,0.0165577825271819,0.0178426193795559,0.017821752389999997,gate.io-aioz-usdt-spot
2023-05-25,16738450.7461629736726790987513,0.0176604786833685,0.000000670444932228991,0.00000980516220894256,0.0164162500734998,0.0176604786833685,0.01769276142,gate.io-aioz-usdt-spot
2023-05-26,19447460.3353472927530199468377,0.0175478611137569,0.000000662562575976872,0.00000971137862373428,0.0163586248655361,0.0175478611137569,0.017801068,huobi-aioz-usdt-spot
2023-05-27,17569416.01342452515139818937,0.0203834799047551,0.000000762843829335855,0.0000111431696004661,0.0190052632865978,0.0203834799047551,0.0201,coinbase-aioz-usd-spot
2023-05-28,17837343.0157687001270977096566,0.0184110793245879,0.000000685585345001218,0.0000100564465292006,0.0171661900150362,0.0184110793245879,0.0184,coinbase-aioz-usd-spot
2023-05-29,17251652.8443210399871948213068,0.0186878182244222,0.000000665105584960763,0.00000977761080896907,0.0174126481177067,0.0186878182244222,0.018697112460000002,gate.io-aioz-usdt-spot
2023-05-30,17086522.9972523963860653742823,0.0180702167517996,0.000000650825475474671,0.00000953644733666904,0.0168714510327796,0.0180702167517996,0.018133619679999997,gate.io-aioz-usdt-spot
2023-05-31,16564212.567925737355436778255,0.0178934929641491,0.000000645683298075847,0.00000941350197840319,0.0166736410404752,0.0178934929641491,0.01793097219,gate.io-aioz-usdt-spot
2023-06-01,15849097.9213749553533355614356,0.0173427168166378,0.000000637185635978668,0.00000925961003956248,0.0162246103210014,0.0173427168166378,0.0176,coinbase-aioz-usd-spot
2023-06-02,15581885.966609446610254788383,0.0165904832439908,0.000000618462388853716,0.00000891062167029811,0.015427378872011,0.0165904832439908,0.0164788464,kucoin-aioz-usdt-spot
2023-06-03,15337602.8152724391632482151481,0.0163072608103378,0.000000598316800499144,0.00000855147939112875,0.0152350453552983,0.0163072608103378,0.0164,coinbase-aioz-usd-spot
2023-06-04,15599153.080835918109987011585,0.0160481499108753,0.000000592632956957079,0.00000848259466954445,0.0149909185892057,0.0160481499108753,0.01622902944,gate.io-aioz-usdt-spot
2023-06-05,14363684.932179958318159340964,0.016318303388435,0.000000600859799242443,0.00000862349540254186,0.0152575056738337,0.016318303388435,0.016394753099999996,kucoin-aioz-usdt-spot
2023-06-06,14695787.618932820236260972322,0.015022565363876,0.000000582589462793942,0.00000828720154043472,0.0140337459365209,0.015022565363876,0.014973143700000002,kucoin-aioz-usdt-spot
2023-06-07,13907254.0062691174123368339683,0.0153666747768883,0.00000056466540593218,0.00000816007631202597,0.0143614145961187,0.0153666747768883,0.0153242896,kucoin-aioz-usdt-spot
2023-06-08,14053099.2823757284379278545216,0.0145390137205447,0.000000551983526555768,0.00000793660901498137,0.0135752553780958,0.0145390137205447,0.014471591700000001,kucoin-aioz-usdt-spot
2023-06-09,14567639.4154165050017485305632,0.0146883232283016,0.000000553822974110909,0.000007951516428637,0.0136196608395869,0.0146883232283016,0.014602628000000001,kucoin-aioz-usdt-spot
2023-06-10,12630139.4287406904025938170148,0.0152227882751471,0.000000575081171620056,0.00000828035596571139,0.0141610392529084,0.0152227882751471,0.01471270574,gate.io-aioz-usdt-spot
2023-06-11,12993587.5339670451021504306316,0.0131953130906442,0.000000510196187018006,0.0000075277026452927,0.0123141426627845,0.0131953130906442,0.013076012199999999,crypto.com-aioz-usdt-spot
2023-06-12,12890273.6634653075025137975936,0.0135721538562598,0.000000523883270341112,0.00000774739862697083,0.0126422724638404,0.0135721538562598,0.013620173700000002,gate.io-aioz-usdt-spot
2023-06-13,13239196.8072323107647976538655,0.0134613421192576,0.000000519607481200844,0.00000772551261194301,0.0125077558359023,0.0134613421192576,0.0136,coinbase-aioz-usd-spot
2023-06-14,12648257.4322153032501292008858,0.0138227483971599,0.000000534091541446566,0.00000795817418685311,0.0128102074551054,0.0138227483971599,0.01383409423,gate.io-aioz-usdt-spot
2023-06-15,12666426.2249767636258097302751,0.0132028719188283,0.000000526061440538362,0.00000800099139013074,0.0121855563360974,0.0132028719188283,0.01313876603,gate.io-aioz-usdt-spot
2023-06-16,13226374.0741036792101646854213,0.0132190644016087,0.00000051719512783648,0.00000794489580345332,0.0120775269810155,0.0132190644016087,0.01320564881,gate.io-aioz-usdt-spot
2023-06-17,14681247.1116290847357840009387,0.0138004720176153,0.000000524098674840783,0.00000803932835948853,0.0126281357774888,0.0138004720176153,0.013779347699999998,gate.io-aioz-usdt-spot
2023-06-18,13453110.584774358864516611461,0.0153151981750027,0.000000577623112301778,0.00000886513473000147,0.0140088909842484,0.0153151981750027,0.0151827088,kucoin-aioz-usdt-spot
2023-06-19,13554453.8265569842870364242079,0.0140310090797119,0.000000532406046427241,0.00000815699888638407,0.0128297076979776,0.0140310090797119,0.013953092040000002,gate.io-aioz-usdt-spot
2023-06-20,13939148.4162501524841079229069,0.0141336097493519,0.000000527805521866797,0.00000814625031046186,0.0129414200885218,0.0141336097493519,0.0141850335,kucoin-aioz-usdt-spot
2023-06-21,14286479.7311875322504257955924,0.0145316682956087,0.000000513388180101845,0.00000811916052933734,0.0132986360385495,0.0145316682956087,0.01468808385,gate.io-aioz-usdt-spot
2023-06-22,14029448.1814799805085793779676,0.0148905587532604,0.000000494710914100592,0.00000786067162410093,0.0135257164549737,0.0148905587532604,0.014860297199999999,gate.io-aioz-usdt-spot
2023-06-23,14314721.4364342989814879453434,0.0146195130095426,0.000000488089725419673,0.00000779973262435288,0.0133354780069561,0.0146195130095426,0.01465258608,gate.io-aioz-usdt-spot
2023-06-24,14315878.5952953101053954777438,0.0149135752786454,0.000000486761638477534,0.00000788420193745637,0.0136875040824276,0.0149135752786454,0.014903085339999999,gate.io-aioz-usdt-spot
2023-06-25,14069319.8363544271759659698088,0.0149115164789554,0.000000488117729839128,0.0000079481179133289,0.0136823972829381,0.0149115164789554,0.01495251808,gate.io-aioz-usdt-spot
2023-06-26,13180001.4719391305555322562296,0.0146516013711748,0.000000480893740760062,0.00000771217720021098,0.0134190968870775,0.0146516013711748,0.01463412015,gate.io-aioz-usdt-spot
2023-06-27,18507631.8772157087693811906864,0.0137225244532197,0.000000453548919271131,0.00000738735915836962,0.0125806156997095,0.0137225244532197,0.013813624089999999,gate.io-aioz-usdt-spot
2023-06-28,15416321.8345794493939082152887,0.0192653108984482,0.000000628208268477135,0.0000101989844427724,0.0175880959255706,0.0192653108984482,0.0191,coinbase-aioz-usd-spot
2023-06-29,14651381.831415096281242968232,0.0160440567657983,0.000000532953551154477,0.00000876883217222248,0.01470344021706,0.0160440567657983,0.0162,coinbase-aioz-usd-spot
2023-06-30,13997114.6516608461414575593508,0.0152448741918424,0.000000500475289753989,0.00000822635239409209,0.014029525152634,0.0152448741918424,0.015,coinbase-aioz-usd-spot
2023-07-01,14064854.6941486645468842613178,0.0145610545506226,0.000000477654315948995,0.00000752658054320857,0.0133329083727699,0.0145610545506226,0.014576938199999999,kucoin-aioz-usdt-spot
2023-07-02,14039181.6059303733185709938493,0.0146284381556731,0.000000478339772932999,0.00000760655777383049,0.0133990122300884,0.0146284381556731,0.01459739411,gate.io-aioz-usdt-spot
2023-07-03,14798305.5191154367034631173184,0.0145986580568613,0.0000004771705158526,0.00000754219705932728,0.0133738157853984,0.0145986580568613,0.014566543199999999,gate.io-aioz-usdt-spot
2023-07-04,14565777.2783040319653408873435,0.0153847426425296,0.000000494124488322797,0.00000787263972271618,0.014093527955186,0.0153847426425296,0.015399385819999998,gate.io-aioz-usdt-spot
2023-07-05,14677771.033770871580863801828,0.0151396998280353,0.000000491549534288185,0.00000781048860402018,0.0139145299199099,0.0151396998280353,0.0151828741,gate.io-aioz-usdt-spot
2023-07-06,13843722.2796521294214782628,0.015252929989031,0.00000050013177743874,0.00000797686534843266,0.0140569718205449,0.015252929989031,0.015229847700000002,kucoin-aioz-usdt-spot
2023-07-07,14165918.2804415836379909231392,0.0143830803834,0.000000479760173784408,0.00000775629346213555,0.013215975236396,0.0143830803834,0.014349717450000002,gate.io-aioz-usdt-spot
2023-07-08,14046814.660624355573603771916,0.0147147466518218,0.000000485156723557799,0.00000787167907274386,0.0134324394270099,0.0147147466518218,0.0147,coinbase-aioz-usd-spot
2023-07-09,13605802.6227446261391806136915,0.0145879156952292,0.000000482028120614382,0.00000782589748879939,0.0133152580888129,0.0145879156952292,0.0146159226,gate.io-aioz-usdt-spot
2023-07-10,14010882.6823944095185224354624,0.0141268455310095,0.000000468346716174472,0.00000758434272719936,0.0129027154953047,0.0141268455310095,0.0141,coinbase-aioz-usd-spot
2023-07-11,13891200.0300141514333530929088,0.0145443860534256,0.000000478517876763926,0.00000773498173402435,0.0132222713367656,0.0145443860534256,0.014553182650000001,gate.io-aioz-usdt-spot
2023-07-12,13789321.2470051758798881022554,0.0144170144417568,0.000000470894241134358,0.00000767529169228514,0.0131007288359623,0.0144170144417568,0.0142,coinbase-aioz-usd-spot
2023-07-13,13994718.0342185367953217516696,0.0143082241505979,0.000000470888184328917,0.00000764495437002543,0.012854567967089,0.0143082241505979,0.0143,coinbase-aioz-usd-spot
2023-07-14,13938683.5153810496842939383376,0.0145182519054294,0.000000461853796067759,0.00000725180797040717,0.0129337846428288,0.0145182519054294,0.0145,coinbase-aioz-usd-spot
2023-07-15,14167835.955700098268704145458,0.0144570360000574,0.000000476961909333475,0.00000747080650835072,0.0128958595664947,0.0144570360000574,0.014530697189999999,gate.io-aioz-usdt-spot
2023-07-16,13919167.8753897252760617373128,0.0146916303431156,0.000000485018104589115,0.00000760941368833577,0.0131061796572995,0.0146916303431156,0.0148,coinbase-aioz-usd-spot
2023-07-17,13570544.4262159047251772979149,0.0144306918891459,0.000000477051246151716,0.00000749823077109907,0.0128756282337516,0.0144306918891459,0.0145,coinbase-aioz-usd-spot
2023-07-18,13584657.7427925292414647738315,0.0140662558234817,0.000000466639272220362,0.00000735572661677146,0.0125206332305417,0.0140662558234817,0.01442256731,gate.io-aioz-usdt-spot
2023-07-19,13246883.1261736670265640868001,0.0140778824209395,0.00000047184614578574,0.00000741956852313929,0.0125479646654711,0.0140778824209395,0.01407714077,gate.io-aioz-usdt-spot
2023-07-20,15449855.3094417191133714301155,0.0137249181122999,0.000000458827419286429,0.00000726372097968086,0.0122546919009746,0.0137249181122999,0.0141,coinbase-aioz-usd-spot
2023-07-21,14062620.075061758945084070152,0.0160039763101045,0.000000536945164062754,0.00000845886487823082,0.01436985965266,0.0160039763101045,0.0152,coinbase-aioz-usd-spot
2023-07-22,13800988.4931925164371605887858,0.014563882726824,0.000000486765772873465,0.00000769716454965077,0.0130979051555693,0.014563882726824,0.0146908814,kucoin-aioz-usdt-spot
2023-07-23,14240960.077785039456647981523,0.0142898272552319,0.000000480717978446574,0.00000767740209581592,0.0128552449971538,0.0142898272552319,0.014302002000000001,huobi-aioz-usdt-spot
2023-07-24,14249613.5638964871366746874008,0.0147422395769835,0.000000490319925969108,0.00000780850609585044,0.0132609261634207,0.0147422395769835,0.014899255,huobi-aioz-usdt-spot
2023-07-25,13537930.7274140268813932401188,0.0147481082891801,0.00000050544679134323,0.00000797227684451858,0.0133310224306198,0.0147481082891801,0.014698236,huobi-aioz-usdt-spot
2023-07-26,13767343.7219335374353930742532,0.0140085432646132,0.000000479395677390977,0.00000754139426924074,0.0126787382714969,0.0140085432646132,0.01399818,huobi-aioz-usdt-spot
2023-07-27,13601157.9874707290148193214152,0.0142428458363083,0.000000485084254071821,0.00000761174017015487,0.0128591867396736,0.0142428458363083,0.014100422999999999,huobi-aioz-usdt-spot
2023-07-28,13775965.0178945232637268666415,0.0140679759785828,0.00000048175217448951,0.00000756732655509337,0.012808255362504,0.0140679759785828,0.0140269134,kucoin-aioz-usdt-spot
2023-07-29,13609746.5517438157932864592095,0.0142456932685795,0.000000485930588614094,0.00000759764120249886,0.0129196926855133,0.0142456932685795,0.014199716000000001,huobi-aioz-usdt-spot
2023-07-30,13694301.2990977345079241984137,0.0140708078470645,0.000000479244808077899,0.0000074804822759029,0.0127729575138913,0.0140708078470645,0.0144,coinbase-aioz-usd-spot
2023-07-31,13252890.5499128788750012261063,0.0141552468898399,0.000000483727774535915,0.00000760418764104463,0.0128364266632826,0.0141552468898399,0.0143138548,gate.io-aioz-usdt-spot
2023-08-01,13136649.0156078790584801468665,0.0136960710160859,0.000000468725369547132,0.00000737861255680497,0.0124454463517419,0.0136960710160859,0.01369863,huobi-aioz-usdt-spot
2023-08-02,13018817.989026299180651105288,0.0135729981271781,0.000000460108064542596,0.00000726999031210149,0.0123236427386294,0.0135729981271781,0.01349325,huobi-aioz-usdt-spot
2023-08-03,13009798.17032281774286450604,0.0134484348464612,0.000000461461233293911,0.00000731571059911306,0.012260259936995,0.0134484348464612,0.013491765,huobi-aioz-usdt-spot
2023-08-04,13164506.40427002491687542465,0.0134362019443837,0.000000460264566207441,0.00000731852659896422,0.0122745473856651,0.0134362019443837,0.013288562,huobi-aioz-usdt-spot
2023-08-05,13071984.106411690747379982772,0.0135931332110125,0.000000467805167164299,0.00000744309797699626,0.0123806433208434,0.0135931332110125,0.013579464,huobi-aioz-usdt-spot
2023-08-06,13489234.8055711178652986194036,0.013494721433948,0.000000464484803080318,0.00000735254736742111,0.0123019151488838,0.013494721433948,0.013487445,huobi-aioz-usdt-spot
2023-08-07,13336140.663126973172908271252,0.0139224968921716,0.000000479292072624723,0.00000762065506242491,0.0126814753030037,0.0139224968921716,0.0137858325,kucoin-aioz-usdt-spot
2023-08-08,13228529.5787423047473496814971,0.0137615510724056,0.000000471861948589622,0.00000753699974520644,0.0125013711309995,0.0137615510724056,0.013783991999999998,huobi-aioz-usdt-spot
2023-08-09,13753652.6414680283456375861493,0.0136475471897683,0.00000045828647131891,0.00000735042512161486,0.012456663641136,0.0136475471897683,0.013695068,huobi-aioz-usdt-spot
2023-08-10,13139365.531344430100442583558,0.0141863317793847,0.000000479544282862937,0.0000076462774827143,0.0129273577713001,0.0141863317793847,0.0141596559,gate.io-aioz-usdt-spot
2023-08-11,13335548.085871623345756264191,0.0135497873562347,0.000000460404815905403,0.00000732068532176205,0.0123581060430783,0.0135497873562347,0.01356152222,gate.io-aioz-usdt-spot
2023-08-12,13101035.3725291324599522194652,0.0137492156225146,0.000000467663819455895,0.00000744575121700448,0.0125544027896403,0.0137492156225146,0.01374833988,gate.io-aioz-usdt-spot
2023-08-13,13350927.0344198509604325602624,0.0135045479211132,0.000000459092673535074,0.00000730525863323144,0.0123615417679298,0.0135045479211132,0.013492575,huobi-aioz-usdt-spot
2023-08-14,17043608.43343223363286289256,0.0137592027573392,0.000000469819965216199,0.00000748207095217791,0.0125701707110483,0.0137592027573392,0.01369041,huobi-aioz-usdt-spot
2023-08-15,14425234.558017884528072897016,0.0175610622662975,0.000000597132821841892,0.00000952416844002953,0.0161125503362351,0.0175610622662975,0.0174441114,kucoin-aioz-usdt-spot
2023-08-16,12646700.3878461715180277084176,0.0148600253566953,0.000000509470329227825,0.00000813302126342295,0.0136263385778255,0.0148600253566953,0.0149,coinbase-aioz-usd-spot
2023-08-17,11756813.0853166544294061917753,0.0130251073409506,0.000000452979581488504,0.00000720837146661548,0.0119694549890856,0.0130251073409506,0.01285668232,gate.io-aioz-usdt-spot
2023-08-18,12066472.8036580653189071686032,0.0121060122880711,0.000000454079398558567,0.0000071679915040078,0.0111379256304735,0.0121060122880711,0.012,coinbase-aioz-usd-spot
2023-08-19,12470016.628630423127704354426,0.0124222220976623,0.00000047709212100944,0.00000748031751949754,0.0114985545743487,0.0124222220976623,0.012386628343681715,kucoin-aioz-usdt-spot
2023-08-20,12457614.2947269448185691679544,0.0128349269705159,0.000000491873071153039,0.00000769082445558518,0.0118847020671004,0.0128349269705159,0.013279,crypto.com-aioz-usd-spot
2023-08-21,12344525.1466354534407954930688,0.0128194284436914,0.000000489730944768346,0.00000761446860430258,0.0118039106412471,0.0128194284436914,0.012813270986357764,crypto.com-aioz-usdt-spot
2023-08-22,11913498.2334871601302021743324,0.0127003469396048,0.000000486065027669261,0.00000761737257166925,0.0116542890771983,0.0127003469396048,0.012678097533119098,kucoin-aioz-usdt-spot
2023-08-23,12168556.4619959635601934467895,0.0122542834738254,0.000000471713933307656,0.00000750927019213987,0.0112980450283412,0.0122542834738254,0.012262137667670932,kucoin-aioz-usdt-spot
2023-08-24,11791480.60404370674497501425,0.0125139699671283,0.000000473078723145508,0.00000745369673747604,0.0115247827345406,0.0125139699671283,0.0125391451951079,crypto.com-aioz-usdt-spot
2023-08-25,11631041.9134906588823839520791,0.01212360576025,0.000000464029593744411,0.00000731818923606059,0.0112207183250239,0.01212360576025,0.012074925145126796,kucoin-aioz-usdt-spot
2023-08-26,11850013.4978697800043458701092,0.0119560997377819,0.000000459128077143471,0.00000723310826957935,0.0110807715349695,0.0119560997377819,0.012175279432079815,kucoin-aioz-usdt-spot
2023-08-27,11718877.4141059699988484815464,0.0121785952979351,0.000000468296307655195,0.00000739922534490048,0.0112854165606136,0.0121785952979351,0.012155904458275472,kucoin-aioz-usdt-spot
2023-08-28,11815986.7632177029251078614781,0.0120412098684962,0.000000461590244370027,0.00000726795303431645,0.0111537018678967,0.0120412098684962,0.0120033834474124,kucoin-aioz-usdt-spot
2023-08-29,12150446.242114364309746451532,0.0121384449867077,0.000000465016142810085,0.00000734410864080516,0.0112005223040009,0.0121384449867077,0.012091616874193785,kucoin-aioz-usdt-spot
2023-08-30,12006621.5336367191614068122933,0.012479322976276,0.000000450969312018672,0.00000722620178974246,0.0114697593319233,0.012479322976276,0.012371343648011518,kucoin-aioz-usdt-spot
2023-08-31,11970573.8620056983439696662704,0.0123290218136573,0.000000451629100568776,0.00000723091487607411,0.0112760766113288,0.0123290218136573,0.012330654924895278,kucoin-aioz-usdt-spot
2023-09-01,11424299.0842216690456355529792,0.0122893400458516,0.000000473488854260702,0.00000746765054922671,0.0113296491981238,0.0122893400458516,0.012226703716744886,kucoin-aioz-usdt-spot
2023-09-02,12199940.12566465576828725462,0.0117260180093868,0.000000454447704202243,0.00000719938186288771,0.0108816085097386,0.0117260180093868,0.011753103573744157,kucoin-aioz-usdt-spot
2023-09-03,11911224.302793440801364182255,0.012519521132441,0.000000483971618586844,0.00000764838924871902,0.011622407773988,0.012519521132441,0.012501479293373464,kucoin-aioz-usdt-spot
2023-09-04,11481865.118837977888938908198,0.012220636838231,0.000000470702530472743,0.00000747181486639396,0.0113425176950977,0.012220636838231,0.012183897442591239,gate.io-aioz-usdt-spot
2023-09-05,11268674.005677565836656368236,0.0117775769274598,0.000000456503622211276,0.00000723697226409912,0.0109079322337981,0.0117775769274598,0.011547875090777052,kucoin-aioz-usdt-spot
2023-09-06,11168335.8705419666943694747232,0.011556491482932,0.000000448232453810859,0.00000707804980748988,0.0107789083563304,0.011556491482932,0.011574515213554099,kucoin-aioz-usdt-spot
2023-09-07,11197361.897221500074126702042,0.0114511614003152,0.000000444622584043539,0.00000701494119794013,0.0106826111058488,0.0114511614003152,0.012231827856808727,crypto.com-aioz-usdt-spot
2023-09-08,11150481.8732131855555083211392,0.0114784736913988,0.000000437932427827071,0.00000697321176469705,0.0107357482149854,0.0114784736913988,0.011418448184424572,kucoin-aioz-usdt-spot
2023-09-09,11262280.1790487365736147334706,0.0114279792512246,0.000000441154695467704,0.00000698367394966499,0.0106825894080772,0.0114279792512246,0.011439425975459603,kucoin-aioz-usdt-spot
2023-09-10,11074909.6304693730864770984859,0.0115400984678662,0.000000445656209727749,0.00000705956214390913,0.0107929132779829,0.0115400984678662,0.011553,crypto.com-aioz-usd-spot
2023-09-11,10827109.953582743298284777223,0.0113456432746551,0.000000439217960389596,0.00000701466718637583,0.0105969992437103,0.0113456432746551,0.011276165297550458,kucoin-aioz-usdt-spot
2023-09-12,11006035.7176219177541337248388,0.011089461244059,0.000000441195300203223,0.0000071574480806008,0.0103261962705903,0.011089461244059,0.011108583049484463,kucoin-aioz-usdt-spot
2023-09-13,11088789.2531281382938592480645,0.0112703181634633,0.000000435825526823481,0.00000707042124045347,0.0104804458911855,0.0112703181634633,0.011291708349313024,kucoin-aioz-usdt-spot
2023-09-14,11075394.4620148486023107523134,0.0113525956481965,0.000000432861300411391,0.00000706130492860147,0.0105807922964514,0.0113525956481965,0.011571014175120128,crypto.com-aioz-usdt-spot
2023-09-15,11313112.562064055288419126336,0.0113364647423246,0.000000426888101894258,0.0000069654700667184,0.0106531734541821,0.0113364647423246,0.011382342054516313,kucoin-aioz-usdt-spot
2023-09-16,11881616.250988089884000138388,0.0115773598155344,0.00000043405415426888,0.00000704252002870309,0.0108522220599127,0.0115773598155344,0.011590871428571427,kucoin-aioz-usdt-spot
2023-09-17,11613014.1498559615604240399248,0.0121565499536562,0.000000457776643211773,0.00000743647077452536,0.0113908514079948,0.0121565499536562,0.01214460771024237,kucoin-aioz-usdt-spot
2023-09-18,11265500.6595102636186282199168,0.0118791982615064,0.000000448230494778574,0.00000733021157686141,0.0111293235569828,0.0118791982615064,0.0118,coinbase-aioz-usd-spot
2023-09-19,11780579.8329787471606679848665,0.0115212619497736,0.000000430465921968499,0.00000703525097721188,0.0107674288107112,0.0115212619497736,0.011528387085068734,gate.io-aioz-usdt-spot
2023-09-20,11699664.81847469747983276146,0.0120454213544151,0.000000442601470136564,0.00000732921113462848,0.0112772867820932,0.0120454213544151,0.0121,coinbase-aioz-usd-spot
2023-09-21,11452018.7312001994092058243726,0.0119601811790035,0.000000440791774628015,0.00000737068591428362,0.0112253301931641,0.0119601811790035,0.011979399344000241,gate.io-aioz-usdt-spot
2023-09-22,11523212.6639267665242997326042,0.0117045253882918,0.000000440490127133787,0.00000738601117122804,0.0109797736146357,0.0117045253882918,0.011709687492895872,gate.io-aioz-usdt-spot
2023-09-23,11566920.6835498762220772017671,0.0117747842437367,0.000000442975014313702,0.00000738867688286371,0.0110612245804775,0.0117747842437367,0.011808827003479667,gate.io-aioz-usdt-spot
2023-09-24,11556924.6399788151348874488417,0.0118169321965289,0.000000444650497679538,0.00000741834503125502,0.011105901682717,0.0118169321965289,0.011868620908286696,gate.io-aioz-usdt-spot
2023-09-25,11661479.380057619306072235828,0.0118042088893737,0.000000449057331724461,0.00000746515586110396,0.0110851500712336,0.0118042088893737,0.011815522058966374,gate.io-aioz-usdt-spot
2023-09-26,11707639.9167380863092896205985,0.0119084688255766,0.000000452986234515939,0.00000750115211645373,0.0112335645958731,0.0119084688255766,0.011923968799610718,gate.io-aioz-usdt-spot
2023-09-27,11933787.128293451175605883657,0.0119530651008365,0.000000456318991077797,0.00000750803250704745,0.0113061342867216,0.0119530651008365,0.012,coinbase-aioz-usd-spot
2023-09-28,12122848.5246469050528833044766,0.0121813170469005,0.00000046253337040126,0.00000763014731419075,0.0115916761977458,0.0121813170469005,0.012135687491846795,gate.io-aioz-usdt-spot
2023-09-29,11777034.914522686422975450393,0.0123717159763963,0.000000457645147602311,0.00000748488152286556,0.011709593699231,0.0123717159763963,0.012367603745549821,gate.io-aioz-usdt-spot
2023-09-30,11982010.572023193161268653618,0.0120162517948677,0.000000446514046605404,0.00000720589733522977,0.0113639021313151,0.0120162517948677,0.012,coinbase-aioz-usd-spot
2023-10-01,12133431.2297639879254279744868,0.0122227916052895,0.000000453070300103952,0.00000731406476033644,0.0115597693492105,0.0122227916052895,0.0124,coinbase-aioz-usd-spot
2023-10-02,11978389.824251935611408769637,0.0123746238544028,0.000000442739159144437,0.00000714656451797119,0.0117114172031416,0.0123746238544028,0.01235134423113823,gate.io-aioz-usdt-spot
2023-10-03,11799937.973289265333334776724,0.0122139030950774,0.000000443080321631318,0.00000734364912581475,0.0116531738005762,0.0122139030950774,0.012155321306026865,gate.io-aioz-usdt-spot
2023-10-04,11960698.5412726467005025222246,0.0120293407972885,0.000000438400759483093,0.00000726013700446682,0.0114910167615123,0.0120293407972885,0.012052850589962597,gate.io-aioz-usdt-spot
2023-10-05,12197437.941918640159289335878,0.0121906417837778,0.000000438555658124991,0.00000739288091171783,0.0116047406769762,0.0121906417837778,0.012218980853675784,gate.io-aioz-usdt-spot
2023-10-06,12545795.1706184570793616435692,0.0124292919168846,0.000000453188052396449,0.00000770564500132046,0.0117897975781484,0.0124292919168846,0.012459776744006178,gate.io-aioz-usdt-spot
2023-10-07,12392466.7248443603774867402832,0.0127816013765211,0.000000457433903426258,0.00000776653969234007,0.012077239117574,0.0127816013765211,0.012776094895755359,gate.io-aioz-usdt-spot
2023-10-08,12052762.1542975305609923676944,0.0126226606561423,0.000000451248445272263,0.00000771959292921751,0.0119292119964305,0.0126226606561423,0.0127,coinbase-aioz-usd-spot
2023-10-09,11664509.535145189661975670726,0.0122740359948368,0.000000439357557038588,0.00000751629569641986,0.0116203420415871,0.0122740359948368,0.012252977833000172,gate.io-aioz-usdt-spot
2023-10-10,11495709.4340055877227973907875,0.0118761742103705,0.000000430431117150026,0.00000751868561574287,0.0112324816940753,0.0118761742103705,0.0119,coinbase-aioz-usd-spot
2023-10-11,11295438.7385519213827868241191,0.0117017850775915,0.000000426764100428761,0.00000746131265039995,0.0110359144261673,0.0117017850775915,0.011655506257580547,gate.io-aioz-usdt-spot
2023-10-12,11374140.6183058204190716891494,0.0114955253730259,0.000000428487081727186,0.00000734391758676806,0.0108232432368324,0.0114955253730259,0.011550272261371633,gate.io-aioz-usdt-spot
2023-10-13,11467150.7073516785366307073172,0.0115731202050567,0.000000432780105476887,0.00000752429119652765,0.0109852632848027,0.0115731202050567,0.011585466304875438,gate.io-aioz-usdt-spot
2023-10-14,11713912.9475013531030182373488,0.0116652777274294,0.000000434583248958224,0.00000752471948564234,0.0111035591726586,0.0116652777274294,0.011671112173330354,gate.io-aioz-usdt-spot
2023-10-15,11628030.6503287708876367893956,0.0119138144423972,0.0000004435194406872,0.00000765835523115607,0.0113433165944044,0.0119138144423972,0.01187565945342851,gate.io-aioz-usdt-spot
2023-10-16,11895601.4524343081080323321254,0.0118240131373938,0.000000435823054420879,0.00000759753499156347,0.0112422141309088,0.0118240131373938,0.011834216600777414,gate.io-aioz-usdt-spot
2023-10-17,11614869.1514252473319057530374,0.0120934153346861,0.000000424229237174616,0.00000755369239772641,0.0114538314535195,0.0120934153346861,0.012112346990970647,gate.io-aioz-usdt-spot
2023-10-18,11574849.1570916175054387025926,0.0118056536839149,0.000000415206573465765,0.00000754212992262821,0.011162586047096,0.0118056536839149,0.011795728790344075,gate.io-aioz-usdt-spot
2023-10-19,11643677.846381583347935648512,0.0117623274631822,0.000000415218028583042,0.00000752351121267104,0.0111643039710842,0.0117623274631822,0.011755473442090394,gate.io-aioz-usdt-spot
2023-10-20,11511849.5189121120916737112126,0.0118297547965824,0.000000412325101680258,0.00000755205578173802,0.0111832674260827,0.0118297547965824,0.011844736679433426,gate.io-aioz-usdt-spot
2023-10-21,11840298.8324189087980297113325,0.0116933759188858,0.000000393650283758318,0.00000728298846210205,0.0110339128477937,0.0116933759188858,0.011635928441152178,kucoin-aioz-usdt-spot
2023-10-22,11548254.4406196704006594564261,0.0120244028929405,0.000000401850923060329,0.00000738258128863122,0.0113476635016044,0.0120244028929405,0.012025586062093361,gate.io-aioz-usdt-spot
2023-10-23,12366651.918324565513599956397,0.0117253664074939,0.000000391052031256774,0.00000705060408954819,0.0110665594502364,0.0117253664074939,0.011725925387247522,gate.io-aioz-usdt-spot
2023-10-24,12094604.9728085578870841975888,0.0125537569904185,0.000000380945942592281,0.0000071204336205187,0.0117672589259023,0.0125537569904185,0.012618339770570572,gate.io-aioz-usdt-spot
2023-10-25,11727168.5301351974857683101218,0.0122748777505232,0.000000362294308156101,0.00000687813420330166,0.0115857290255117,0.0122748777505232,0.012278672256802271,gate.io-aioz-usdt-spot
2023-10-26,11971310.074058228278522265015,0.0118993945423978,0.000000345023405219106,0.00000666152014514657,0.0112660663993661,0.0118993945423978,0.011905253585845333,gate.io-aioz-usdt-spot
2023-10-27,11788974.5597551090146157913949,0.0121445873578565,0.000000355297166906976,0.0000067297467691732,0.0114956156623699,0.0121445873578565,0.01210745690311979,gate.io-aioz-usdt-spot
2023-10-28,13780834.604658709973370668322,0.0119570300505859,0.000000352746606912212,0.00000671423867780203,0.0113168117665765,0.0119570300505859,0.011975850340059796,gate.io-aioz-usdt-spot
2023-10-29,12784502.396624245632904410943,0.013974317772858,0.000000409905145795407,0.00000786749208321291,0.0132353628693716,0.013974317772858,0.014,coinbase-aioz-usd-spot
2023-10-30,12891758.0960799102561827150452,0.0129612925161685,0.000000374881873975398,0.00000720985274171854,0.0122778904189989,0.0129612925161685,0.012958264712910863,gate.io-aioz-usdt-spot
2023-10-31,12430994.1081748319175345773415,0.0130672096881404,0.000000378813448466985,0.00000722190413395673,0.0123156805745682,0.0130672096881404,0.013069119600361324,gate.io-aioz-usdt-spot
2023-11-01,12530470.4928241087699409734418,0.0125975472450015,0.000000363708053270656,0.00000694637477244007,0.0119110339434945,0.0125975472450015,0.0126,coinbase-aioz-usd-spot
2023-11-02,12410824.2774999701220713225457,0.0126956616932753,0.000000358310822290598,0.00000687708794893288,0.011998873543859,0.0126956616932753,0.012712496225449897,gate.io-aioz-usdt-spot
2023-11-03,13189216.5731333860316836607529,0.0125717206292989,0.000000360397626952263,0.0000069873127089213,0.0118484086578266,0.0125717206292989,0.012590420001717721,gate.io-aioz-usdt-spot
2023-11-04,15129207.379987755942651796392,0.0133574157918027,0.000000384848749607516,0.00000728872474983428,0.0124576829215409,0.0133574157918027,0.0134,coinbase-aioz-usd-spot
2023-11-05,14648744.497099782544006837131,0.0153188914578512,0.000000436546640067611,0.00000823804780031336,0.0142875841585985,0.0153188914578512,0.0154,coinbase-aioz-usd-spot
2023-11-06,14766041.8379866546514819548232,0.0148292536053306,0.000000422425177388969,0.0000078190698001018,0.0138355283142822,0.0148292536053306,0.014807830739314614,gate.io-aioz-usdt-spot
2023-11-07,16073837.5475452775645647901285,0.0149448198431576,0.00000042677883979014,0.00000787039620950208,0.0139455428839424,0.0149448198431576,0.014960529100473435,gate.io-aioz-usdt-spot
2023-11-08,18836626.3954028851853307683188,0.0162649943598055,0.00000045922342765511,0.00000862319632248222,0.0152108291219487,0.0162649943598055,0.0169,coinbase-aioz-usd-spot
2023-11-09,18708069.669632980213512892938,0.0190565201851628,0.000000532336339701147,0.0000100686696833836,0.017800132244183,0.0190565201851628,0.0189,coinbase-aioz-usd-spot
2023-11-10,20563175.1540747793877213675154,0.0189225129460305,0.000000515946680949298,0.00000894340140395493,0.0177482680316646,0.0189225129460305,0.018898,gate.io-aioz-usdt-spot
2023-11-11,19980515.8594545363889158939153,0.0207944658892526,0.000000556485422385423,0.0000099937788053211,0.0194733033934082,0.0207944658892526,0.020661571208032137,kucoin-aioz-usdt-spot
2023-11-12,20541890.7172326043078934510988,0.0202008891274703,0.000000546266270645336,0.00000987178883510354,0.0189406880777788,0.0202008891274703,0.020206444440000002,gate.io-aioz-usdt-spot
2023-11-13,21056506.362777957104791448929,0.0207641206955223,0.000000560384572789284,0.00001015387157875,0.0194428530701672,0.0207641206955223,0.021,coinbase-aioz-usd-spot
2023-11-14,20800696.5388448703126098168023,0.021279704420629,0.000000582315308251001,0.0000103172536790189,0.019892165410375,0.021279704420629,0.02136614899552424,gate.io-aioz-usdt-spot
2023-11-15,22137088.2724917809400392391104,0.0210167191546369,0.000000590511815163662,0.0000106014168299715,0.0193240760768653,0.0210167191546369,0.0213,coinbase-aioz-usd-spot
2023-11-16,26863734.6420588211648020589676,0.0223622401987136,0.000000590959648751719,0.0000108751165343026,0.0206187606048445,0.0223622401987136,0.0235,coinbase-aioz-usd-spot
2023-11-17,26934537.3014403245864998125369,0.0271311975414212,0.000000750301274374754,0.0000138449987201879,0.0250186504042909,0.0271311975414212,0.0268,coinbase-aioz-usd-spot
2023-11-18,35747116.8574612219025246063121,0.0271970283635901,0.000000743703650819528,0.0000138841663259833,0.0249549353780445,0.0271970283635901,0.0275,coinbase-aioz-usd-spot
2023-11-19,76122383.905515820796585426635,0.0360876950168203,0.000000986611142107174,0.0000183896275763096,0.0331201881908522,0.0360876950168203,0.039,coinbase-aioz-usd-spot
2023-11-20,61865235.0828331101708928585591,0.0768315981400175,0.00000205197647696621,0.0000382288291671192,0.0704880849564602,0.0768315981400175,0.0802,coinbase-aioz-usd-spot
2023-11-21,55283302.3332981752857293388017,0.0624281309378029,0.00000166403793365021,0.0000308398189932691,0.0570704415438488,0.0624281309378029,0.0637,coinbase-aioz-usd-spot
2023-11-22,53388399.387740241480251284496,0.0557746754280577,0.00000154779032100866,0.0000286682887843662,0.0511117594832454,0.0557746754280577,0.0549,coinbase-aioz-usd-spot
2023-11-23,67240708.4042513756005200447195,0.0538512986590816,0.00000143975747066447,0.0000260856919100345,0.0494734368808079,0.0538512986590816,0.05353806979521679,kucoin-aioz-usdt-spot
2023-11-24,80181948.7144507476633114343464,0.0678093140462771,0.00000181737307933565,0.0000328656999238373,0.062208556420049,0.0678093140462771,0.0679,coinbase-aioz-usd-spot
2023-11-25,74468584.6237663476393927246816,0.0808428228186228,0.00000214330404896219,0.0000388798146360346,0.073915886001986,0.0808428228186228,0.0805,coinbase-aioz-usd-spot
2023-11-26,66986069.8541441714186887248189,0.0750664309203381,0.00000198587779139186,0.000036011086673093,0.0686621717613111,0.0750664309203381,0.0753,coinbase-aioz-usd-spot
2023-11-27,82277984.95605553006650754782,0.0675095116355777,0.00000180108427842101,0.0000326863433494775,0.0617452118030483,0.0675095116355777,0.0681,coinbase-aioz-usd-spot
2023-11-28,92772753.8065787220596127959112,0.0829033200262884,0.000002226833220414,0.0000408946530056217,0.0756975001236582,0.0829033200262884,0.0842,coinbase-aioz-usd-spot
2023-11-29,164808731.055542279738405117712,0.0934580271000919,0.00000247057409386162,0.0000455951051753379,0.0849554506665189,0.0934580271000919,0.0925,coinbase-aioz-usd-spot
2023-11-30,149810188.936053447218638418439,0.165990905316991,0.00000438585751842278,0.0000818154520747542,0.151310121162447,0.165990905316991,0.15,coinbase-aioz-usd-spot
2023-12-01,193768593.102810886763701207305,0.150852772988247,0.0000040000510987498,0.0000735492145019319,0.138549922966711,0.150852772988247,0.1511,coinbase-aioz-usd-spot
2023-12-02,170598720.239766861741272041914,0.195075700928595,0.00000504025295793526,0.000093511764552372,0.179335004371158,0.195075700928595,0.1967169460004157,kucoin-aioz-usdt-spot
2023-12-03,179053018.94855730177698467506,0.171713718572514,0.00000435133800908455,0.0000793226706240567,0.157882009087207,0.171713718572514,0.17059717019443046,kucoin-aioz-usdt-spot
2023-12-04,141858816.30895276022920826865,0.18018501146834,0.00000450707909713794,0.0000821429228142069,0.165505587786716,0.18018501146834,0.17799116135510948,kucoin-aioz-usdt-spot
2023-12-05,127316544.56075273293764041023,0.142724836290666,0.00000340548356981706,0.0000637728018547517,0.131834865656435,0.142724836290666,0.1415854999295096,kucoin-aioz-usdt-spot
2023-12-06,156260470.77891057260423130426,0.128067074846573,0.00000290618964148503,0.0000558876725279786,0.118724962547372,0.128067074846573,0.1285014194447526,kucoin-aioz-usdt-spot
2023-12-07,166304230.49517589949473625184,0.147785010734193,0.00000337826476034909,0.0000662230936320951,0.13735328308169,0.147785010734193,0.1477411813891175,kucoin-aioz-usdt-spot
2023-12-08,170373761.8517206171414753894,0.157252631123808,0.00000363315893465704,0.0000667910344754091,0.145824177554256,0.157252631123808,0.15640259017084224,kucoin-aioz-usdt-spot
2023-12-09,158877326.03479868508243781196,0.16106853217909,0.00000364366795491553,0.0000682697046011038,0.14986803987041,0.16106853217909,0.1597862198932279,kucoin-aioz-usdt-spot
2023-12-10,158567422.2327931246987514764,0.150170022228047,0.00000343324189026476,0.000064121504242062,0.139743193482499,0.150170022228047,0.14875201717229147,kucoin-aioz-usdt-spot
2023-12-11,142797301.83570935315959401685,0.14984718903902,0.00000342643256907142,0.0000637363641223398,0.139331700495283,0.14984718903902,0.15036958891358082,kucoin-aioz-usdt-spot
2023-12-12,156816060.8674914897313226325,0.134917394974465,0.00000327390777531551,0.0000607226018965824,0.125506989593891,0.134917394974465,0.13371373417753732,kucoin-aioz-usdt-spot
2023-12-13,154374970.36219150157841658207,0.14813299889367,0.00000357228691787932,0.0000672952436708488,0.13730829882135,0.14813299889367,0.1486950100600032,kucoin-aioz-usdt-spot
2023-12-14,152049296.40681791258403951852,0.145797976583033,0.00000339546263956773,0.0000644875943318696,0.13417545895402,0.145797976583033,0.14507215766848028,kucoin-aioz-usdt-spot
2023-12-15,138179680.4746611525650116752,0.143572366554882,0.00000333632117115357,0.0000618965003280868,0.130621772430181,0.143572366554882,0.14148683859321626,kucoin-aioz-usdt-spot
2023-12-16,131706748.94891869414088093052,0.130450430573234,0.0000031075832359049,0.0000587227397948056,0.119847728998351,0.130450430573234,0.1289929228844863,kucoin-aioz-usdt-spot
2023-12-17,128007723.93987409102371007192,0.124314768955196,0.00000294562326041411,0.0000558793755111719,0.114079102865267,0.124314768955196,0.1230883287982739,kucoin-aioz-usdt-spot
2023-12-18,137511593.50833404793708603424,0.120799246613233,0.00000291583724271169,0.00005490705244207,0.11094206811402,0.120799246613233,0.12088908395819274,gate.io-aioz-usdt-spot
2023-12-19,145545069.66691593935600289793,0.129742035068816,0.00000304303515755768,0.0000585506326856532,0.118773931333621,0.129742035068816,0.13157186202783241,kucoin-aioz-usdt-spot
2023-12-20,144612250.31278045732493141625,0.137294218062337,0.0000032478866138172,0.0000630925466149705,0.125090847645757,0.137294218062337,0.13584075017784097,kucoin-aioz-usdt-spot
2023-12-21,140040518.23610288431016323912,0.136387062213691,0.00000312777377991131,0.0000621100930556091,0.124720542801611,0.136387062213691,0.1367166875353139,kucoin-aioz-usdt-spot
2023-12-22,141621616.57782956165792355676,0.132049012698847,0.00000300999078223117,0.0000590105681594075,0.120050161411397,0.132049012698847,0.13040756974861953,kucoin-aioz-usdt-spot
2023-12-23,136850677.37725670818405638684,0.133513246185133,0.00000303373683326953,0.000057392926302024,0.121444784312296,0.133513246185133,0.1341443137704542,kucoin-aioz-usdt-spot
2023-12-24,128420526.49053363716553441114,0.128989286762442,0.00000294705970609638,0.0000558147767138267,0.117727187950831,0.128989286762442,0.12936907898581645,kucoin-aioz-usdt-spot
2023-12-25,143782274.07371546381785194933,0.121019680179271,0.00000280802393607351,0.0000533544771741678,0.110779185630619,0.121019680179271,0.1209395511799327,kucoin-aioz-usdt-spot
2023-12-26,132699307.11339891219858134248,0.135469088371337,0.00000310539756714913,0.0000595662570247252,0.123404173100878,0.135469088371337,0.13597192431039656,gate.io-aioz-usdt-spot
2023-12-27,140634760.3799727999592870844,0.125001164835031,0.00000294181834417107,0.0000560682681071957,0.113391313829297,0.125001164835031,0.1254171965332469,gate.io-aioz-usdt-spot
2023-12-28,133616975.70466927847227273351,0.13244788727404,0.00000304919794160096,0.0000556839040678276,0.119320861931673,0.13244788727404,0.1319397173378194,kucoin-aioz-usdt-spot
2023-12-29,147461082.95917295647185836043,0.125812145679403,0.000002948444845755,0.0000535043687299218,0.113923264254031,0.125812145679403,0.12525861081947076,kucoin-aioz-usdt-spot
2023-12-30,140266902.72159167528549854812,0.138818863023381,0.00000330532093854519,0.0000604626595771338,0.126166316999858,0.138818863023381,0.14035663038047497,kucoin-aioz-usdt-spot
2023-12-31,149539518.25620977010823753632,0.132018511774026,0.00000312806780092781,0.0000575556530924504,0.120055402374825,0.132018511774026,0.13227422371376016,gate.io-aioz-usdt-spot
2024-01-01,172881212.0485173919116711741,0.140716219168912,0.00000333315228209397,0.0000617426695017886,0.12781469250807,0.140716219168912,0.1416476223439226,kucoin-aioz-usdt-spot
2024-01-02,183366127.12810970215556086941,0.16264642499811,0.00000369235797564418,0.0000692867743032573,0.147637481792,0.16264642499811,0.1620118021131729,kucoin-aioz-usdt-spot
2024-01-03,166050015.99452246303523452959,0.172474319755053,0.00000383778073064505,0.0000731557748518388,0.157805150257714,0.172474319755053,0.17080335952341533,kucoin-aioz-usdt-spot
2024-01-04,155865426.7701482885972286356,0.156153898193321,0.00000365070300436311,0.000070742912835827,0.143439585838244,0.156153898193321,0.1557143243688752,gate.io-aioz-usdt-spot
2024-01-05,151226418.49282056953809354416,0.14654486679361,0.000003311692625945,0.000064495269270972,0.134112293342557,0.14654486679361,0.145616699011801,gate.io-aioz-usdt-spot
2024-01-06,143035874.67772802672831538489,0.142153838703177,0.00000322006073466354,0.0000626879162168596,0.130230602471379,0.142153838703177,0.14263086276846126,kucoin-aioz-usdt-spot
2024-01-07,142170953.12526908637822773592,0.134426361456109,0.00000306085029464466,0.0000600403428910637,0.123314821192925,0.134426361456109,0.13522149504808892,kucoin-aioz-usdt-spot
2024-01-08,147946165.22517276711059874494,0.133585370005343,0.00000304681992933534,0.0000602151259693394,0.122399297638239,0.133585370005343,0.13312284263587879,kucoin-aioz-usdt-spot
2024-01-09,157862170.63863132065449475733,0.138982049969519,0.00000295824036554249,0.0000595900466123699,0.127006996506239,0.138982049969519,0.13968377318239875,kucoin-aioz-usdt-spot
2024-01-10,160548172.44567524705484494655,0.148266040041999,0.00000321730473457212,0.0000633708043073007,0.135863536832726,0.148266040041999,0.14731556721354688,gate.io-aioz-usdt-spot
2024-01-11,160965629.90856316632960233728,0.150757581184617,0.00000322004937793767,0.0000581886205502912,0.137550258390614,0.150757581184617,0.14990651205679234,gate.io-aioz-usdt-spot
2024-01-12,148563038.55308425036478456692,0.151117237950616,0.00000325818026520484,0.0000577069908372504,0.137823000492515,0.151117237950616,0.15121128018408028,kucoin-aioz-usdt-spot
2024-01-13,150128176.59029484360860582195,0.139444649031094,0.00000325672622776805,0.0000553540256079624,0.127767225858396,0.139444649031094,0.1401999735075846,gate.io-aioz-usdt-spot
2024-01-14,148311816.50041004764359336087,0.140884069818085,0.00000328807663370925,0.0000546058532936784,0.12909039613146,0.140884069818085,0.140782524512846,gate.io-aioz-usdt-spot
2024-01-15,163006923.76715289416072135385,0.139150267218333,0.00000332194816140326,0.0000561293246713158,0.12741341764402,0.139150267218333,0.13860204067463713,gate.io-aioz-usdt-spot
2024-01-16,157462674.82663934570281683632,0.152905419471715,0.0000035953281242949,0.000060852112448001,0.139834827604552,0.152905419471715,0.15132668250477788,gate.io-aioz-usdt-spot
2024-01-17,151185024.91303025742016443361,0.147673659724582,0.00000342063259908542,0.0000570039626056,0.135886109069514,0.147673659724582,0.14628412803207572,gate.io-aioz-usdt-spot
2024-01-18,143680759.6186804537104402968,0.141756402044159,0.0000033206538330381,0.0000561517510749991,0.130435256389688,0.141756402044159,0.14228893565825462,gate.io-aioz-usdt-spot
2024-01-19,140213443.50726165872634562872,0.134691270337901,0.00000326430061318598,0.0000546031446557645,0.123970465703181,0.134691270337901,0.134209454971317,gate.io-aioz-usdt-spot
2024-01-20,134395569.83319736071177990058,0.131413685838573,0.00000315846248104956,0.0000527753210846865,0.120794503492551,0.131413685838573,0.1303210713641025,kucoin-aioz-usdt-spot
2024-01-21,134288779.34466771969395357616,0.125934404513231,0.00000302227891669335,0.0000509910377073662,0.115775333190822,0.125934404513231,0.1257173020267632,crypto.com-aioz-usdt-spot
2024-01-22,125155345.31131853450172452496,0.125807365716131,0.00000302879421749882,0.0000512539211014287,0.115646455504659,0.125807365716131,0.1255377400828709,crypto.com-aioz-usdt-spot
2024-01-23,122318507.02839886382264790336,0.117226502822018,0.00000296197809429595,0.0000506989932079587,0.107857658095576,0.117226502822018,0.11704257125734704,crypto.com-aioz-usdt-spot
2024-01-24,127813746.7269244366279199697,0.114545254547214,0.00000288256155170354,0.0000511593353698512,0.105659497938829,0.114545254547214,0.11439201815196126,gate.io-aioz-usdt-spot
2024-01-25,127001329.03888352270162241275,0.119666053833693,0.00000298405268708698,0.0000535742112561843,0.110026730584842,0.119666053833693,0.12008248031491152,gate.io-aioz-usdt-spot
2024-01-26,133462195.77203148152376460128,0.118880366991395,0.00000297813958979832,0.0000535956287416871,0.109719575621912,0.118880366991395,0.11922876195029755,gate.io-aioz-usdt-spot
2024-01-27,139696925.79534797225733311169,0.124901317926176,0.00000298373475105542,0.000055098260483886,0.115213639549076,0.124901317926176,0.1250162472387495,crypto.com-aioz-usdt-spot
2024-01-28,136622679.06283177600173190599,0.130709056693629,0.00000310286341702923,0.0000576666019034476,0.120748623181606,0.130709056693629,0.131,kucoin-aioz-usdt-spot
2024-01-29,144026276.37990119049074189117,0.127805658893721,0.00000304422259423889,0.0000566741583450802,0.11794822781351,0.127805658893721,0.12758769293415226,gate.io-aioz-usdt-spot
2024-01-30,148520903.8035265049754206733,0.134703063887681,0.00000311680276970663,0.0000581888419549825,0.124434063670654,0.134703063887681,0.13489591600304038,kucoin-aioz-usdt-spot
2024-01-31,142661436.44139338732345097335,0.138877470771531,0.00000323346439468057,0.0000591390188482535,0.128188009002925,0.138877470771531,0.1375,gate.io-aioz-usdt-spot
2024-02-01,153934521.23760515916045452375,0.133370347117601,0.00000313153332487365,0.000058388334344263,0.123457453726871,0.133370347117601,0.1328,kucoin-aioz-usdt-spot
2024-02-02,151088012.70901862677588664557,0.143878924150975,0.00000334443796623753,0.00006255138965382,0.132439968320937,0.143878924150975,0.144,gate.io-aioz-usdt-spot
2024-02-03,150460640.99485671946048476807,0.141188087504111,0.00000327162153320269,0.0000612209803455483,0.130851567570661,0.141188087504111,0.1412,kucoin-aioz-usdt-spot
2024-02-04,142965023.64795437688228994626,0.140572712203591,0.00000327047305153307,0.000061255474227833,0.130389198748666,0.140572712203591,0.1409,kucoin-aioz-usdt-spot
2024-02-05,133831131.2270146205347275612,0.133541535529394,0.00000313652343677584,0.0000583774739081908,0.124011492737182,0.133541535529394,0.13285908404974017,coinbase-aioz-usd-spot
2024-02-06,138937916.3164405439349829945,0.12498289475228,0.00000293254394594571,0.0000544162125176652,0.116434905837404,0.12498289475228,0.125,kucoin-aioz-usdt-spot
2024-02-07,147565990.6356982376259605298,0.129725307037511,0.00000300967893396469,0.0000546387178716429,0.120592262982169,0.129725307037511,0.1304,bybit-aioz-usdt-spot
2024-02-08,145733103.73654671724869423024,0.13775241516023,0.00000311283567644214,0.0000568121862219813,0.127836875189713,0.13775241516023,0.1381,kucoin-aioz-usdt-spot
2024-02-09,155968486.2269147357772706272,0.136012923928464,0.00000300036727208798,0.0000561598450141165,0.126273749556596,0.136012923928464,0.1337,kucoin-aioz-usdt-spot
2024-02-10,155852852.42547214969568129775,0.14553511945952,0.00000308487658733103,0.0000584292816078014,0.134848793888651,0.14553511945952,0.1449,kucoin-aioz-usdt-spot
2024-02-11,150191691.1678841026757142907,0.145396753888401,0.00000304222514973939,0.0000581464596084156,0.13448846664241,0.145396753888401,0.146,kucoin-aioz-usdt-spot
2024-02-12,157928998.0699872758544231879,0.140085534459974,0.00000290629073608664,0.0000559341768522863,0.129465227459012,0.140085534459974,0.13989829953670582,coinbase-aioz-usd-spot
2024-02-13,157322518.41810831869210102511,0.147271889809149,0.00000294603856906967,0.0000554729035409349,0.136599008251461,0.147271889809149,0.148,kucoin-aioz-usdt-spot
2024-02-14,166506713.07448109617080597524,0.146675065822829,0.00000295548455620981,0.000055592713026857,0.136936503078404,0.146675065822829,0.1483,kucoin-aioz-usdt-spot
2024-02-15,164660991.51360108455078190078,0.155205723534659,0.0000029936896579169,0.0000558416102658897,0.144751859398084,0.155205723534659,0.158,kucoin-aioz-usdt-spot
2024-02-16,201931583.9232696304845899472,0.153452560580778,0.00000295446823025928,0.0000543114473722175,0.142476508019719,0.153452560580778,0.1532,kucoin-aioz-usdt-spot
2024-02-17,199600673.60759378629986489288,0.188146695926064,0.00000360729277021349,0.0000671301776865656,0.174683153777891,0.188146695926064,0.1885,kucoin-aioz-usdt-spot
2024-02-18,227139764.91637449129041748592,0.185936603066296,0.00000359820543141075,0.0000667241034591721,0.172695166398485,0.185936603066296,0.1875,kucoin-aioz-usdt-spot
2024-02-19,213571234.01018386334655469215,0.211546085042186,0.00000405664307817222,0.0000735241598264292,0.19632704715301,0.211546085042186,0.212,kucoin-aioz-usdt-spot
2024-02-20,233564989.83710197822399941928,0.198866637621669,0.00000383876818051158,0.0000674462456800185,0.184551028236841,0.198866637621669,0.1991,kucoin-aioz-usdt-spot
2024-02-21,279495503.0074856454626554568,0.217439029975316,0.00000415689395404316,0.0000721399897409519,0.201262626290411,0.217439029975316,0.2181,kucoin-aioz-usdt-spot
2024-02-22,284288211.64555168793722014624,0.260143838269691,0.00000502748570625649,0.0000877375418598719,0.240623895755613,0.260143838269691,0.2611,kucoin-aioz-usdt-spot
2024-02-23,278460400.38200975240078559361,0.264549256397391,0.0000051576771977004,0.0000889993423445961,0.24445152384024,0.264549256397391,0.2635,kucoin-aioz-usdt-spot
2024-02-24,353383945.16374449406628016736,0.259071844900291,0.00000510092962196533,0.0000886258911614368,0.239440753980542,0.259071844900291,0.26149469219318205,coinbase-aioz-usd-spot
2024-02-25,328944110.40772053476306591648,0.328708629396623,0.00000637301043607365,0.000109930940381258,0.303718312448569,0.328708629396623,0.3273,kucoin-aioz-usdt-spot
2024-02-26,354124903.8269911566997505991,0.305911356070496,0.00000591173278216111,0.0000983090372406921,0.282657869918829,0.305911356070496,0.3063,kucoin-aioz-usdt-spot
2024-02-27,324555275.1005845379875571711,0.329260136351122,0.00000603573080841001,0.000103675493150784,0.303067670491666,0.329260136351122,0.3304,kucoin-aioz-usdt-spot
2024-02-28,313425683.88904830029098279132,0.301703661802145,0.00000528841810586728,0.000092993595132196,0.278106621165989,0.301703661802145,0.303,kucoin-aioz-usdt-spot
2024-02-29,290488804.50310968312208611902,0.291296801554612,0.00000466367831479427,0.0000862692325205779,0.267990260384773,0.291296801554612,0.2912,gate.io-aioz-usdt-spot
2024-03-01,340365820.0808808340174985279,0.269922928356358,0.00000439651254090333,0.0000805683233997334,0.248484254337673,0.269922928356358,0.2698,kucoin-aioz-usdt-spot
2024-03-02,316419050.32751602776502315797,0.31620269169227,0.0000050572685623993,0.0000919678386677435,0.291696358670586,0.31620269169227,0.3178,gate.io-aioz-usdt-spot
2024-03-03,305281011.9478892431192164942,0.293894536613477,0.00000473644419356932,0.0000859255451135313,0.27117099194479,0.293894536613477,0.2964,kucoin-aioz-usdt-spot
2024-03-04,260476550.55109626685600116756,0.28349011090294,0.00000450045435682727,0.0000814045828331528,0.261470210785437,0.28349011090294,0.2856,kucoin-aioz-usdt-spot
2024-03-05,262653382.955274718274837885,0.241833213451574,0.0000035515741332134,0.0000666073189806586,0.222500030958902,0.241833213451574,0.2395,kucoin-aioz-usdt-spot
2024-03-06,335984090.08162404718237073664,0.24380415187522,0.00000381238706687411,0.0000686201989143753,0.224725531487019,0.24380415187522,0.246,bybit-aioz-usdt-spot
2024-03-07,430069697.31156062362970591016,0.311807822303104,0.00000471694807854744,0.000081608756372022,0.286255622770603,0.311807822303104,0.3106,kucoin-aioz-usdt-spot
2024-03-08,550738668.29917028152494034554,0.399044341100316,0.00000594963598188531,0.000103147188730386,0.364575097101911,0.399044341100316,0.3978,kucoin-aioz-usdt-spot
2024-03-09,871148684.1001953818107394712,0.510899297385063,0.00000747543936877436,0.000131153943287173,0.467316320082524,0.510899297385063,0.5131,kucoin-aioz-usdt-spot
2024-03-10,832392294.8825061772352946228,0.80796159780483,0.0000117946284417366,0.000206418189627182,0.738544496548471,0.80796159780483,0.8157,kucoin-aioz-usdt-spot
2024-03-11,774820766.0849196344950560491,0.771854034817208,0.0000112054124220217,0.000199326849918312,0.7057443660342,0.771854034817208,0.7718,kucoin-aioz-usdt-spot
2024-03-12,733373544.20143579184874485481,0.718318367870297,0.00000994927140597908,0.000176365180899036,0.652135871931666,0.718318367870297,0.7051617654600562,gate.io-aioz-usdt-spot
2024-03-13,871246398.4288175007040501171,0.679752994086701,0.00000951598812261667,0.000171175163932869,0.622399646739287,0.679752994086701,0.6846292125062979,bybit-aioz-usdt-spot
2024-03-14,823129637.76832090826495489004,0.807372415742327,0.0000110475507094746,0.000201611358116026,0.737805820090985,0.807372415742327,0.7986339189852913,gate.io-aioz-usdt-spot
2024-03-15,793499059.6061935861505491892,0.762622759998214,0.0000106652660564359,0.000196405671004431,0.701431332850135,0.762622759998214,0.7634764952084157,gate.io-aioz-usdt-spot
2024-03-16,743328230.42678507847804316377,0.73501561158667,0.0000105872023079546,0.000196690185210438,0.676402100526169,0.73501561158667,0.7400239599200186,gate.io-aioz-usdt-spot
2024-03-17,937026856.395654355529337996,0.688397680030157,0.0000105205401871692,0.000195596471433857,0.633496846170308,0.688397680030157,0.6878711721255946,gate.io-aioz-usdt-spot
2024-03-18,913310173.7986610589236201534,0.867599830810017,0.000012705553164912,0.000238452970303562,0.798792848152351,0.867599830810017,0.884792459310449,kucoin-aioz-usdt-spot
2024-03-19,808505420.617586265567248589,0.845462517384805,0.0000124753055588047,0.000239511243598679,0.778529927727832,0.845462517384805,0.8419169824875933,kucoin-aioz-usdt-spot
2024-03-20,1009170467.303025363640209782,0.748367501426697,0.000012076421879497,0.000236388846666245,0.689500958135929,0.748367501426697,0.7623826222605405,gate.io-aioz-usdt-spot
2024-03-21,934847932.014567954731279263,0.934106762762686,0.0000137676170383907,0.000265441167998072,0.855991773547629,0.934106762762686,0.9296701319648416,gate.io-aioz-usdt-spot
2024-03-22,877159032.259445360562186382,0.865312455866099,0.0000132200129800323,0.000247973007091076,0.797481601854754,0.865312455866099,0.8620617633093222,gate.io-aioz-usdt-spot
2024-03-23,970306473.62717306518731395,0.811914548234486,0.0000127887777727531,0.00024478433665107,0.751815497101518,0.811914548234486,0.8137801865481491,gate.io-aioz-usdt-spot
2024-03-24,1023239526.175718715920703754,0.89813353475335,0.0000139545710153973,0.000267722509891968,0.831840015269189,0.89813353475335,0.8933834007803093,gate.io-aioz-usdt-spot
2024-03-25,1113349986.77554495439087721,0.947129342658242,0.00001407542656815,0.000274108138866413,0.877025116417582,0.947129342658242,0.9332716545536511,gate.io-aioz-usdt-spot
2024-03-26,1034242075.336800856335077818,1.03053724386933,0.0000147131284568171,0.000286582450310004,0.949472137163558,1.03053724386933,1.024374277117717,kucoin-aioz-usdt-spot
2024-03-27,978159165.485300535834033007,0.957313504712114,0.0000136620407824316,0.000266418806762831,0.884366279012268,0.957313504712114,0.958616745453647,kucoin-aioz-usdt-spot
2024-03-28,976752489.161284741318749673,0.905402130900611,0.0000130710226236615,0.000258809634333662,0.838354019735175,0.905402130900611,0.9067385340571406,gate.io-aioz-usdt-spot
2024-03-29,891503907.854038551433227398,0.904100085399029,0.000012764925830936,0.000253522276952336,0.83816818718601,0.904100085399029,0.9027,coinbase-aioz-usd-spot
2024-03-30,887000274.662037309335925758,0.825192429165454,0.0000118024503565272,0.000234676137229546,0.765868085801652,0.825192429165454,0.8255733065991053,gate.io-aioz-usdt-spot
2024-03-31,1008373383.6049375857890223,0.821023783373734,0.0000117856486662608,0.000234164638432006,0.761628898725468,0.821023783373734,0.8176,coinbase-aioz-usd-spot
2024-04-01,991095030.232195121055073863,0.9333689674179,0.0000131040623230155,0.000256087531771445,0.865922698902336,0.9333689674179,0.9373,coinbase-aioz-usd-spot
2024-04-02,941302295.46073601869688676424,0.917375805451899,0.0000131444964859318,0.000261324103199284,0.854853822212531,0.917375805451899,0.9189,coinbase-aioz-usd-spot
2024-04-03,921912515.88491025429410181712,0.868820668817654,0.0000132576055042583,0.000264641834882024,0.808270428988229,0.868820668817654,0.8647,coinbase-aioz-usd-spot
2024-04-04,895922438.24557853956312564008,0.850923930075452,0.0000128673997828141,0.000256513585757503,0.786187673422454,0.850923930075452,0.8459,coinbase-aioz-usd-spot
2024-04-05,891070727.70120201419964892132,0.826935125685918,0.0000120829582131266,0.000248492901531373,0.763746124625188,0.826935125685918,0.8343,coinbase-aioz-usd-spot
2024-04-06,942132491.56798842320394668577,0.822457003811147,0.0000121118930891779,0.00024745361739594,0.759828690965743,0.822457003811147,0.8235,coinbase-aioz-usd-spot
2024-04-07,904160605.19993054148210426668,0.868678394103027,0.0000125647636690114,0.000257904340690962,0.802599847951279,0.868678394103027,0.87,coinbase-aioz-usd-spot
2024-04-08,940587711.51953933514433159183,0.833667015590468,0.0000120137596561956,0.000241816657547844,0.77041169653556,0.833667015590468,0.8364,coinbase-aioz-usd-spot
2024-04-09,874384839.10084314623869108987,0.867254054040733,0.0000120934350197728,0.000234381292949087,0.795627759338953,0.867254054040733,0.866,coinbase-aioz-usd-spot
2024-04-10,881912730.79582272211974279718,0.806212740411937,0.0000116716335520741,0.000230396237994329,0.743595704910096,0.806212740411937,0.8032,coinbase-aioz-usd-spot
2024-04-11,814375701.35686673038453881941,0.813153714136018,0.0000115211122209669,0.000229619090234865,0.755583448976235,0.813153714136018,0.8128,coinbase-aioz-usd-spot
2024-04-12,723967459.67106817983438664608,0.750882262083791,0.0000107197602655752,0.000214286514817144,0.699872935781333,0.750882262083791,0.7513,coinbase-aioz-usd-spot
2024-04-13,675937808.29809986440129555775,0.667522769757408,0.00000994845805683305,0.000206348338544652,0.63099521107122,0.667522769757408,0.6762,coinbase-aioz-usd-spot
2024-04-14,723888125.74828177116878553436,0.623237787764525,0.00000965487023643852,0.000205663241792336,0.595568517476917,0.623237787764525,0.627,coinbase-aioz-usd-spot
2024-04-15,744510421.85795738863569055928,0.667449621166036,0.0000101669721289708,0.000211295104573298,0.629225511108184,0.667449621166036,0.6635,coinbase-aioz-usd-spot
2024-04-16,735676579.45076883075176814172,0.686464083810728,0.0000108286492625237,0.000221219661164581,0.646548037352789,0.686464083810728,0.693,coinbase-aioz-usd-spot
2024-04-17,688918307.14058168314167330456,0.678318978844372,0.0000106344891353819,0.000219629640596872,0.639441780819738,0.678318978844372,0.6775,coinbase-aioz-usd-spot
2024-04-18,690216006.3208829136601449807,0.635206251850056,0.0000103581630247539,0.000212809529894907,0.596291496007315,0.635206251850056,0.6259,coinbase-aioz-usd-spot
2024-04-19,654998640.70208700557097545362,0.63640277489757,0.0000100204900314936,0.000207445577459482,0.598460108842013,0.63640277489757,0.6358,coinbase-aioz-usd-spot
2024-04-20,740242686.39519131997431965421,0.603931158767062,0.00000947155330654368,0.000197623425113806,0.567579041469403,0.603931158767062,0.6034,coinbase-aioz-usd-spot
2024-04-21,807887126.54695711029580974423,0.682529085685271,0.0000105153318698824,0.000216296252747846,0.642358999368253,0.682529085685271,0.6869,coinbase-aioz-usd-spot
2024-04-22,805961306.81459967490028387959,0.744899574089973,0.0000114656040756597,0.000236651882699939,0.699963496410746,0.744899574089973,0.7495,coinbase-aioz-usd-spot
2024-04-23,812329389.6097363029556558044,0.743123902401109,0.0000111005808652429,0.000231806250732259,0.697891680185452,0.743123902401109,0.7375,coinbase-aioz-usd-spot
2024-04-24,763083666.96233662724546732461,0.74899549263444,0.0000112825503438363,0.000232768370118941,0.700649333909099,0.74899549263444,0.7413,coinbase-aioz-usd-spot
2024-04-25,728607958.39061015676614086675,0.703589251316311,0.0000109610469402525,0.000224572102843753,0.658495897644622,0.703589251316311,0.707,coinbase-aioz-usd-spot
2024-04-26,684091778.81135782814275163701,0.671801468360425,0.0000104130424489268,0.000212708576177931,0.626962790998336,0.671801468360425,0.6699,coinbase-aioz-usd-spot
2024-04-27,679111916.63692547960883983301,0.630756027581551,0.00000988995036560302,0.000201529823689416,0.590388580851983,0.630756027581551,0.6324,coinbase-aioz-usd-spot
2024-04-28,702908752.99743462873887723469,0.626164424261151,0.00000987184670000871,0.000192484519860911,0.586776311331479,0.626164424261151,0.6281,coinbase-aioz-usd-spot
2024-04-29,708636920.30039855308479339626,0.648105921640119,0.0000102908949751119,0.000198630661885621,0.605909351631359,0.648105921640119,0.6472,coinbase-aioz-usd-spot
2024-04-30,658075767.20497798073585304936,0.653387487893726,0.0000102238141092013,0.000202886957106864,0.609988049647639,0.653387487893726,0.6492,coinbase-aioz-usd-spot
2024-05-01,667615804.32548004855951040729,0.606768374692536,0.0000100066810290897,0.00020142106373555,0.569314493776639,0.606768374692536,0.6046,coinbase-aioz-usd-spot
2024-05-02,684467399.76287719808269195346,0.615564615348379,0.0000105873030400228,0.000207236067728675,0.575938010404556,0.615564615348379,0.6242,coinbase-aioz-usd-spot
2024-05-03,765011166.49865965129193548759,0.631102362951446,0.0000106658982846556,0.000211172996235586,0.589047999024191,0.631102362951446,0.6281,coinbase-aioz-usd-spot
2024-05-04,765818840.84843610289198240936,0.705366471841909,0.0000111991986886834,0.000226995229945947,0.65592026751143,0.705366471841909,0.7033,coinbase-aioz-usd-spot
2024-05-05,820869614.06498517290820461004,0.706111175228536,0.0000110535172002585,0.00022654598967605,0.65644575225329,0.706111175228536,0.7059,coinbase-aioz-usd-spot
2024-05-06,794567872.77612948884342720105,0.756869871802404,0.0000118136143566096,0.000241131821548525,0.70329823579785,0.756869871802404,0.7619,coinbase-aioz-usd-spot
2024-05-07,878054421.55412548969995878143,0.732618766369355,0.000011586916735667,0.000238830516056645,0.680757752905563,0.732618766369355,0.7263,coinbase-aioz-usd-spot
2024-05-08,828390986.5343050285204308544,0.809596220995693,0.0000129749222658825,0.000268553236344652,0.753405740304697,0.809596220995693,0.803411918113136,gate.io-aioz-usdt-spot
2024-05-09,934902335.523140382615399616,0.75871247416732,0.0000124217663237621,0.000255423829087972,0.705613411961692,0.75871247416732,0.7618,coinbase-aioz-usd-spot
2024-05-10,895603781.4836055680697978576,0.8562648261748,0.0000135918308768879,0.000282178632936699,0.794377788156002,0.8562648261748,0.858819317654445,kucoin-aioz-usdt-spot
2024-05-11,877453038.46556206617364084704,0.82027179432003,0.000013469901933634,0.000281797422046129,0.762886038173976,0.82027179432003,0.8234,coinbase-aioz-usd-spot
2024-05-12,843331566.98532024051264736816,0.803647766092962,0.0000132084249407333,0.000276043238224274,0.747224118705492,0.803647766092962,0.8018,coinbase-aioz-usd-spot
2024-05-13,875769955.58255573940299306208,0.772396356468973,0.0000125733408657576,0.000263569384307806,0.717845320278104,0.772396356468973,0.7713,coinbase-aioz-usd-spot
2024-05-14,827633869.43222365008094306704,0.802106252485074,0.0000127547350771239,0.000272039176408379,0.743580485605556,0.802106252485074,0.7984,coinbase-aioz-usd-spot
2024-05-15,873495859.01757859319009830256,0.758019040512087,0.000012314386454348,0.000263105201133165,0.701607130756641,0.758019040512087,0.7565,coinbase-aioz-usd-spot
2024-05-16,878044169.21862098434222728928,0.800023437172793,0.0000120700806086397,0.000264133698716362,0.734169106320575,0.800023437172793,0.8035,coinbase-aioz-usd-spot
2024-05-17,911886157.90712865418633651504,0.804189175021234,0.0000123211014039537,0.000273408665985417,0.739887272376235,0.804189175021234,0.8096,coinbase-aioz-usd-spot
2024-05-18,889355066.04171119602795577616,0.835184610010237,0.0000124735514341736,0.000270068762262666,0.7678910766064,0.835184610010237,0.8416489930202085,gate.io-aioz-usdt-spot
2024-05-19,880949567.221890479978465024,0.814548677542623,0.0000121615087601534,0.000260856811814448,0.749359404975755,0.814548677542623,0.8141,coinbase-aioz-usd-spot
2024-05-20,955621673.08223496652559065296,0.8068501910672,0.0000121771300899167,0.000262804311496595,0.741814007140054,0.8068501910672,0.8046,coinbase-aioz-usd-spot
2024-05-21,946307519.87545533843475547888,0.875241396560163,0.00001229233597725,0.000239012177855256,0.796187828088966,0.875241396560163,0.88,coinbase-aioz-usd-spot
2024-05-22,969884349.55006804345116799408,0.866710685411489,0.0000123432721660868,0.000228268820979765,0.793516142402572,0.866710685411489,0.8653,coinbase-aioz-usd-spot
2024-05-23,927784718.49812803143413888592,0.888304395466549,0.0000128600144725527,0.00023745310555104,0.820164516733962,0.888304395466549,0.8861,coinbase-aioz-usd-spot
2024-05-24,925016883.28587014788126720608,0.849745893797451,0.0000125407587411558,0.000225579801022934,0.786325104354974,0.849745893797451,0.8489,coinbase-aioz-usd-spot
2024-05-25,906822828.58126500109965794464,0.847210869713274,0.0000123483929361555,0.000227254828826279,0.781628916673865,0.847210869713274,0.8517,coinbase-aioz-usd-spot
2024-05-26,870360313.38532398893214231648,0.830547172878742,0.000011987784293029,0.000221593455151931,0.765967363707245,0.830547172878742,0.8294,coinbase-aioz-usd-spot
2024-05-27,873190564.81350696184095587552,0.797151631922394,0.0000116466002036781,0.000208431436002816,0.734698918698472,0.797151631922394,0.7946301857649987,kucoin-aioz-usdt-spot
2024-05-28,847998056.2129384937586985376,0.799743822202706,0.0000115323578572732,0.000205710607672827,0.736152114288907,0.799743822202706,0.798,coinbase-aioz-usd-spot
2024-05-29,811524207.75159588038574705824,0.77667033294278,0.000011364329535155,0.000201997842630343,0.715764948972534,0.77667033294278,0.7723,coinbase-aioz-usd-spot
2024-05-30,805361705.54087239757445310672,0.743264411996822,0.0000109975958361059,0.00019715518465852,0.688569844675494,0.743264411996822,0.7457,coinbase-aioz-usd-spot
2024-05-31,818060701.98666351727845164432,0.737620256790691,0.0000107877897114767,0.00019682545093236,0.681236107015519,0.737620256790691,0.7393,coinbase-aioz-usd-spot
2024-06-01,807524828.4584441847669614552,0.749251101608471,0.0000111201540769571,0.00019950853801105,0.69123893631988,0.749251101608471,0.7499997157576834,gate.io-aioz-usdt-spot
2024-06-02,793117439.38882783786312807792,0.739601432790185,0.0000109223732333748,0.000193949943005626,0.681929539815807,0.739601432790185,0.7378,coinbase-aioz-usd-spot
2024-06-03,788005736.50916927414851345824,0.726405893503801,0.0000107130844555138,0.000192104240850947,0.669674168820574,0.726405893503801,0.7251,coinbase-aioz-usd-spot
2024-06-04,822297472.27958312185075201072,0.721724151666822,0.0000104851012800437,0.000191566530299286,0.662229903082516,0.721724151666822,0.7233,coinbase-aioz-usd-spot
2024-06-05,810783959.39910763626398811408,0.753131504128141,0.0000106745265962575,0.000197558792200137,0.691156027676157,0.753131504128141,0.7534,coinbase-aioz-usd-spot
2024-06-06,772067983.80406634607931184208,0.742586428208799,0.0000104460984045932,0.000192213991893632,0.681661419358746,0.742586428208799,0.741159371673699,kucoin-aioz-usdt-spot
2024-06-07,755157510.34513378420574864496,0.707126972334699,0.00000998929146110335,0.000185507182767023,0.649674948061997,0.707126972334699,0.7106,coinbase-aioz-usd-spot
2024-06-08,725107978.10679913458292462592,0.691638890781513,0.00000997486690551731,0.000187949460150342,0.641476566133561,0.691638890781513,0.6912,coinbase-aioz-usd-spot
2024-06-09,723334911.2411852161994246224,0.664116917072576,0.00000958181893154603,0.000180465585243122,0.61578823767406,0.664116917072576,0.664,coinbase-aioz-usd-spot
2024-06-10,680821170.18345738884929547376,0.66249298831147,0.00000951256112116166,0.000178779784159863,0.614990963516946,0.66249298831147,0.6619,coinbase-aioz-usd-spot
2024-06-11,676991171.21828758707169473136,0.623555208702153,0.00000897641696611879,0.00017008358278125,0.579386858478607,0.623555208702153,0.6255,coinbase-aioz-usd-spot
2024-06-12,705882966.96607107585754007056,0.620047362723433,0.00000920384956433174,0.000177272859986741,0.5779142608291,0.620047362723433,0.6204,coinbase-aioz-usd-spot
2024-06-13,660573270.43566848825830442976,0.646508980716943,0.00000947768123158133,0.000181562971612732,0.598558856952125,0.646508980716943,0.6467,coinbase-aioz-usd-spot
2024-06-14,652181872.56298506883958114144,0.605010422044578,0.00000905928126154418,0.00017435107021568,0.563621009155626,0.605010422044578,0.6058614820300593,kucoin-aioz-usdt-spot
2024-06-15,655434874.81950884074661892048,0.597324850442282,0.00000905281988897162,0.000171649808272002,0.558969403864304,0.597324850442282,0.5961,coinbase-aioz-usd-spot
2024-06-16,683057440.05114994412273056096,0.600304232679219,0.00000906736802890623,0.00016825791070669,0.561399078304733,0.600304232679219,0.599,coinbase-aioz-usd-spot
2024-06-17,597107312.70875556853585081344,0.625603379036938,0.00000939025765520777,0.00017283322397834,0.58437178195281,0.625603379036938,0.6249,coinbase-aioz-usd-spot
2024-06-18,529708443.29118215753024713024,0.546882781117632,0.00000822579538442081,0.000155827975366023,0.509613702749599,0.546882781117632,0.5479,coinbase-aioz-usd-spot
2024-06-19,538567082.15531832626152801824,0.485153037792172,0.00000745104007401095,0.000139505630241386,0.452252994153271,0.485153037792172,0.4853,coinbase-aioz-usd-spot
2024-06-20,519422068.78696213277226794304,0.493266549309822,0.00000760290267390407,0.000138652844608745,0.459577959611439,0.493266549309822,0.4932,coinbase-aioz-usd-spot
2024-06-21,517988626.93444337177181706112,0.475731881868012,0.00000733048896041709,0.000135433249191972,0.444557615792516,0.475731881868012,0.4763,coinbase-aioz-usd-spot
2024-06-22,502146039.73473909014971168704,0.474419011216136,0.00000740284381999037,0.000134843380583988,0.444180645074484,0.474419011216136,0.4783,coinbase-aioz-usd-spot
2024-06-23,498345285.63115666076234119424,0.459908992726212,0.00000715721035323532,0.000131545347321597,0.430191493912613,0.459908992726212,0.4617,coinbase-aioz-usd-spot
2024-06-24,476930524.99654022663134171696,0.456427931733872,0.00000720542701250706,0.000133460015307081,0.426914511087103,0.456427931733872,0.4573,coinbase-aioz-usd-spot
2024-06-25,536693726.02666616711031059536,0.436814432445613,0.00000724895460391671,0.00013048302192326,0.407405318937226,0.436814432445613,0.438,coinbase-aioz-usd-spot
2024-06-26,514058380.46196621165528631312,0.491550766923883,0.00000796166872908007,0.000144884755894158,0.459436832830377,0.491550766923883,0.4912,coinbase-aioz-usd-spot
2024-06-27,571538592.1236979512986195528,0.470819349856111,0.00000774444292279917,0.0001397522490538,0.441064150199856,0.470819349856111,0.4688371240082821,kucoin-aioz-usdt-spot
2024-06-28,570619727.43161542030571704272,0.523464724219715,0.00000850195509558934,0.000152001941093494,0.489541876871925,0.523464724219715,0.524,coinbase-aioz-usd-spot
2024-06-29,595571049.93131627022236893568,0.522623148061491,0.00000866657414017622,0.000154954686419357,0.488593205011857,0.522623148061491,0.525,coinbase-aioz-usd-spot
2024-06-30,602958765.62716074158941023856,0.545475738124904,0.00000895847826755065,0.000161693587546454,0.510018581126229,0.545475738124904,0.5444,coinbase-aioz-usd-spot
2024-07-01,619184161.3479250251714397712,0.552242050343593,0.00000879880804676097,0.00016063406741434,0.514786415015504,0.552242050343593,0.5563,coinbase-aioz-usd-spot
2024-07-02,616966444.29177529574672153438,0.56710267815311,0.00000902520999748905,0.00016496880840403,0.52846345862321,0.56710267815311,0.5714,coinbase-aioz-usd-spot
2024-07-03,550880720.25819991457112492602,0.558733844228917,0.00000900767856683723,0.000163460362140419,0.520325484731562,0.558733844228917,0.557,coinbase-aioz-usd-spot
2024-07-04,490801576.14802262842997313342,0.498885645060943,0.00000828488103952077,0.000151422420736887,0.462868355276102,0.498885645060943,0.5001,coinbase-aioz-usd-spot
2024-07-05,493224043.18491230211456114416,0.444477092606853,0.00000774104321134939,0.000144278158936241,0.41152948367526,0.444477092606853,0.4401,coinbase-aioz-usd-spot
2024-07-06,541260172.8598711692319642995,0.446670914219944,0.00000787487892894966,0.0001495765464178,0.412808398093482,0.446670914219944,0.4426,coinbase-aioz-usd-spot
2024-07-07,455259254.98102123004976595572,0.490173136493925,0.00000841365747043228,0.000159773561569456,0.452841655059508,0.490173136493925,0.4866,coinbase-aioz-usd-spot
2024-07-08,464100776.4737170081479250125,0.412289446224798,0.00000734754133386454,0.000140575327582619,0.381048511978337,0.412289446224798,0.4111,coinbase-aioz-usd-spot
2024-07-09,463763921.30479846110832869042,0.420296457526875,0.00000741369308520122,0.000139149586550749,0.388451723732,0.420296457526875,0.4192,coinbase-aioz-usd-spot
2024-07-10,468281834.43726379826357067842,0.419991396554403,0.0000072435498980735,0.000137065062483416,0.388519423601661,0.419991396554403,0.4195,coinbase-aioz-usd-spot
2024-07-11,440144878.36190538189781226826,0.424082884828603,0.00000734698730848429,0.000136750314410499,0.391875197528425,0.424082884828603,0.4242,coinbase-aioz-usd-spot
2024-07-12,450615820.16350509370779645814,0.398601645486759,0.00000695546247511065,0.000128712728362865,0.367030314095006,0.398601645486759,0.3985,coinbase-aioz-usd-spot
2024-07-13,488195034.37562298553267113882,0.408084283675001,0.000007053067549006,0.000130362756039482,0.374559249342252,0.408084283675001,0.4111,coinbase-aioz-usd-spot
2024-07-14,494136785.811919097955398049,0.442116570218463,0.00000745194243951541,0.000138949185783904,0.403789925798726,0.442116570218463,0.4414,coinbase-aioz-usd-spot
2024-07-15,545306784.82718928678635612242,0.44749750730535,0.00000733421713304535,0.000137409487014312,0.410917582541782,0.44749750730535,0.4461,coinbase-aioz-usd-spot
2024-07-16,544286920.755661476373943116,0.493837807533203,0.00000762863411572625,0.000141582412584306,0.453333130425579,0.493837807533203,0.492,coinbase-aioz-usd-spot
2024-07-17,517143872.3827082962517749179,0.4929142036994,0.00000756945769746783,0.000143009393238762,0.452335061420691,0.4929142036994,0.4932,coinbase-aioz-usd-spot
2024-07-18,516833544.5101867568160388879,0.468333061723485,0.00000729475174797137,0.00013798447374223,0.428536249682653,0.468333061723485,0.4667,coinbase-aioz-usd-spot
2024-07-19,527860216.66866265128326649498,0.468052024258985,0.00000731510711455002,0.000136413759267563,0.429709325507085,0.468052024258985,0.4661,coinbase-aioz-usd-spot
2024-07-20,514918350.59818695913635434148,0.478037939994207,0.00000716099663234951,0.000136290502307209,0.438823958633113,0.478037939994207,0.475,coinbase-aioz-usd-spot
2024-07-21,545429736.60505698201439310848,0.466317596614182,0.00000694074780727898,0.000132455255412439,0.428003060101022,0.466317596614182,0.4659,coinbase-aioz-usd-spot
2024-07-22,598127670.85692797850487534886,0.493949154463232,0.0000072579148594349,0.000139909829998502,0.450900726053343,0.493949154463232,0.4936,coinbase-aioz-usd-spot
2024-07-23,556908976.89149293898651754914,0.541673175210049,0.0000080206054600709,0.00015737442627368,0.497411778401789,0.541673175210049,0.5407,coinbase-aioz-usd-spot
2024-07-24,557400436.09285698588164775734,0.504344922520651,0.00000765128041085299,0.000144813172056275,0.464480824912559,0.504344922520651,0.5022,coinbase-aioz-usd-spot
2024-07-25,528572515.38411023618305207388,0.504789995168281,0.00000772400678488501,0.000151510329762611,0.465998493991736,0.504789995168281,0.5052,coinbase-aioz-usd-spot
2024-07-26,582818576.68747321199040578502,0.478683008138842,0.00000728344485031594,0.000150827193407888,0.441656700439246,0.478683008138842,0.48,coinbase-aioz-usd-spot
2024-07-27,559186560.89096071403191513674,0.527809035407793,0.00000777192755958451,0.000160969800704225,0.486162620629344,0.527809035407793,0.5292,coinbase-aioz-usd-spot
2024-07-28,609825885.69337253991442403056,0.506407535933991,0.0000074387055935557,0.00015561305750898,0.466080080379312,0.506407535933991,0.5031,coinbase-aioz-usd-spot
2024-07-29,658878381.0656129416391543277,0.552267249825704,0.00000810124437483675,0.000168853509367383,0.508650693288424,0.552267249825704,0.5501,coinbase-aioz-usd-spot
2024-07-30,688724894.36566360912338347288,0.596689907754555,0.00000892351107506119,0.000179555428038532,0.551585286740894,0.596689907754555,0.6009,coinbase-aioz-usd-spot
2024-07-31,629736367.84866619880301705648,0.623719347146692,0.0000094236051053944,0.000190379688398453,0.577350388016421,0.623719347146692,0.626,coinbase-aioz-usd-spot
2024-08-01,690396576.27497913329210050088,0.570298473951432,0.00000881578117801988,0.000176466915775373,0.527241312053515,0.570298473951432,0.5673,coinbase-aioz-usd-spot
2024-08-02,577259921.52300701166342812704,0.625233246756892,0.0000095926956099605,0.000195185323122422,0.579894711903207,0.625233246756892,0.6186,coinbase-aioz-usd-spot
2024-08-03,528643702.3406845524070794832,0.522775035913136,0.0000084994714706512,0.000175133995578417,0.48135241691939,0.522775035913136,0.522,coinbase-aioz-usd-spot
2024-08-04,494338500.5785510885598557912,0.47874747608888,0.00000788863610419465,0.0001648139259722,0.441114092567614,0.47874747608888,0.4792,coinbase-aioz-usd-spot
2024-08-05,456104628.12013518268684517474,0.44768018315108,0.00000767808034271984,0.000165902096841475,0.411501457442462,0.44768018315108,0.4416,coinbase-aioz-usd-spot
2024-08-06,549735192.5029804422062789793,0.413055028515691,0.00000760079969206046,0.000169683243673346,0.378332652932412,0.413055028515691,0.4100782523717202,gate.io-aioz-usdt-spot
2024-08-07,502705500.32155656082764495336,0.497846291312101,0.00000888258256586977,0.000202489119271665,0.456626729314882,0.497846291312101,0.49653095460159324,gate.io-aioz-usdt-spot
2024-08-08,571820648.79889134911268627172,0.455248430447804,0.00000825776471789534,0.000194027780425456,0.416875044662401,0.455248430447804,0.45614864080261014,gate.io-aioz-usdt-spot
2024-08-09,548472041.72594668165483722768,0.517849150904198,0.00000836471127354228,0.000192746453770061,0.474804760077451,0.517849150904198,0.515,coinbase-aioz-usd-spot
2024-08-10,556955501.78792165575998185022,0.496704310519512,0.00000818011553027236,0.000191558741535233,0.455512103858201,0.496704310519512,0.4979,coinbase-aioz-usd-spot
2024-08-11,518860490.9400754080946857535,0.504387056147973,0.00000828608790337358,0.000193482845654713,0.463014161422238,0.504387056147973,0.5011,coinbase-aioz-usd-spot
2024-08-12,515790791.66186300380199715992,0.469887656620025,0.00000798638287889897,0.00018362135300154,0.431021565611989,0.469887656620025,0.4687,coinbase-aioz-usd-spot
2024-08-13,505242436.85911872159733662718,0.467107692013828,0.00000786453868163691,0.000171173502844229,0.427537552784213,0.467107692013828,0.4673,coinbase-aioz-usd-spot
2024-08-14,502244421.58358082575734050442,0.457554947478437,0.0000075583634490036,0.00016930775469611,0.416400191610015,0.457554947478437,0.4572,coinbase-aioz-usd-spot
2024-08-15,474015287.29003624666592815758,0.454839900954503,0.00000773002892762686,0.000170557795773392,0.413343444615033,0.454839900954503,0.4542,coinbase-aioz-usd-spot
2024-08-16,468908325.81392834119124340048,0.429275183668797,0.00000744698122893129,0.000166789453032263,0.391593711098153,0.429275183668797,0.4274,coinbase-aioz-usd-spot
2024-08-17,476092572.35376590168801383888,0.424650244591032,0.00000720634432388633,0.000163673376280493,0.385496189283186,0.424650244591032,0.4245,coinbase-aioz-usd-spot
2024-08-18,486299445.98427324060824318148,0.431156403433592,0.00000725673258766429,0.000165055812630114,0.391884909998581,0.431156403433592,0.4312,coinbase-aioz-usd-spot
2024-08-19,485107587.74447779581900840448,0.440399897620182,0.000007490659661048,0.0001677843467369,0.39979407084645,0.440399897620182,0.437,coinbase-aioz-usd-spot
2024-08-20,484964292.4522355513684682024,0.439320533349632,0.0000073945346057269,0.000166917709633098,0.396558124869991,0.439320533349632,0.4371,coinbase-aioz-usd-spot
2024-08-21,484622443.764728464263895981,0.43919076303516,0.00000742838713430382,0.000170357841955252,0.394912867789475,0.43919076303516,0.4391,coinbase-aioz-usd-spot
2024-08-22,504171744.07430277334721669198,0.43888117985915,0.00000717911759147447,0.0001669802904955,0.393160760385922,0.43888117985915,0.4382,coinbase-aioz-usd-spot
2024-08-23,567224748.39781475969188988736,0.456585312417757,0.00000756005117486211,0.000174053367536232,0.411115874972994,0.456585312417757,0.4569663798284214,kucoin-aioz-usdt-spot
2024-08-24,554656033.45157973512674959478,0.513687036217824,0.00000801298790234307,0.000185710235252445,0.458877107359852,0.513687036217824,0.5118,coinbase-aioz-usd-spot
2024-08-25,534263148.08766373385849649536,0.502304623958777,0.00000784566242316383,0.000181862200544372,0.448274365344563,0.502304623958777,0.5047,coinbase-aioz-usd-spot
2024-08-26,509650766.28548847330921951354,0.483836528425024,0.00000750157199969432,0.000175420899082535,0.431728198960753,0.483836528425024,0.4812,coinbase-aioz-usd-spot
2024-08-27,484505761.13012144159043843118,0.461547195144111,0.00000732807186815787,0.000171811994458083,0.413686822321031,0.461547195144111,0.4618,coinbase-aioz-usd-spot
2024-08-28,490735551.8687057429212247688,0.438775510357037,0.00000736843309931543,0.000178266386982417,0.392942963037268,0.438775510357037,0.4391,coinbase-aioz-usd-spot
2024-08-29,484205587.61988010777873804264,0.44441730005292,0.00000751965269315969,0.00017569615550047,0.399900208030803,0.44441730005292,0.4432,coinbase-aioz-usd-spot
2024-08-30,467898165.75457257049596926638,0.438503668831676,0.00000738970699897724,0.000173515861297486,0.396129121430319,0.438503668831676,0.4394404171835076,gate.io-aioz-usdt-spot
2024-08-31,442530190.5916558379079350291,0.423735428852717,0.00000716459866740207,0.000167696980020928,0.383954365488472,0.423735428852717,0.4249,coinbase-aioz-usd-spot
2024-09-01,423684427.1101168599954263512,0.400761819162565,0.00000679718996433874,0.000159450202846186,0.362669696235785,0.400761819162565,0.401,coinbase-aioz-usd-spot
2024-09-02,444354023.5752596934840714247,0.38369481985508,0.00000669051386789959,0.000158163150428549,0.347796214027935,0.38369481985508,0.3815,coinbase-aioz-usd-spot
2024-09-03,424690137.59785931606212271715,0.402413509013105,0.00000680223375180121,0.00015851741888308,0.363851390315989,0.402413509013105,0.4012,coinbase-aioz-usd-spot
2024-09-04,435342470.75159165200613793279,0.379508720280815,0.00000658437487141397,0.000155548774485851,0.343710121506193,0.379508720280815,0.3767,coinbase-aioz-usd-spot
2024-09-05,414115120.96497216635486606406,0.389027785983739,0.00000670351543912829,0.000158597327870507,0.351283311663252,0.389027785983739,0.3888,coinbase-aioz-usd-spot
2024-09-06,405107057.29000997354987465832,0.370058745642846,0.00000659488988287469,0.000156329834970419,0.333276689492127,0.370058745642846,0.3692,coinbase-aioz-usd-spot
2024-09-07,411362067.5665607598951911582,0.361823685688867,0.00000672048140650079,0.000162940925149708,0.327908269747675,0.361823685688867,0.3643,coinbase-aioz-usd-spot
2024-09-08,419591911.21910101856903649472,0.36736002726947,0.00000679460359845701,0.00016185490927657,0.332332198027855,0.36736002726947,0.36788842947971545,bybit-aioz-usdt-spot
2024-09-09,433615590.2960580118843113483,0.374709551756512,0.0000068303794587975,0.00016291235158146,0.338740430396589,0.374709551756512,0.3741,coinbase-aioz-usd-spot
2024-09-10,436980395.9643816667717706729,0.387233164248555,0.00000677741958731014,0.000163939997288164,0.351050779095434,0.387233164248555,0.3874,coinbase-aioz-usd-spot
2024-09-11,435702263.83441387131167647306,0.390238047779465,0.00000676738806350156,0.000163312568177955,0.354254352015521,0.390238047779465,0.389,coinbase-aioz-usd-spot
2024-09-12,444888480.43807119990140215788,0.389096633217601,0.00000677760126697484,0.000166116786136226,0.353418628174238,0.389096633217601,0.3879,coinbase-aioz-usd-spot
2024-09-13,464164013.51588382950591131662,0.397300230603198,0.00000683531490698073,0.000168181429280913,0.358912786763874,0.397300230603198,0.3958,coinbase-aioz-usd-spot
2024-09-14,457502958.2642321704624295183,0.414513923637627,0.00000684729562717549,0.000169689962783697,0.374002633769309,0.414513923637627,0.41349575663063093,kucoin-aioz-usdt-spot
2024-09-15,433750634.1654069412779420314,0.408565379443055,0.00000680860933345012,0.000169025267884256,0.368590628781953,0.408565379443055,0.4088,coinbase-aioz-usd-spot
2024-09-16,412199261.7641153587507121167,0.38735376292169,0.0000065508927550635,0.000167013903118561,0.349521362918441,0.38735376292169,0.3865,coinbase-aioz-usd-spot
2024-09-17,420448278.11743727141018514836,0.368107669571695,0.00000632189078684163,0.000160382109807934,0.330641001007289,0.368107669571695,0.3695,coinbase-aioz-usd-spot
2024-09-18,425644931.15697671989064215294,0.375408808826279,0.00000623207032014733,0.000160631027255602,0.337609970851029,0.375408808826279,0.376,coinbase-aioz-usd-spot
2024-09-19,476940413.36522148315259819788,0.380088111807279,0.00000619982811977116,0.000161137091713654,0.342057686619847,0.380088111807279,0.3852,coinbase-aioz-usd-spot
2024-09-20,480221681.67859102434039195802,0.425923674237198,0.00000676127174347896,0.000172548137987373,0.381424964438023,0.425923674237198,0.4234,coinbase-aioz-usd-spot
2024-09-21,484373254.32753654151056411434,0.428853956127817,0.00000679061157253597,0.000167866439249686,0.384336894911322,0.428853956127817,0.4272,coinbase-aioz-usd-spot
2024-09-22,516081049.76372065896638525038,0.432561448776689,0.00000682621030378888,0.000166066814700939,0.387461695478533,0.432561448776689,0.4351,coinbase-aioz-usd-spot
2024-09-23,538924180.39083971235975464014,0.460877566169323,0.00000724969975619338,0.000178558029285876,0.413040079156186,0.460877566169323,0.4604,coinbase-aioz-usd-spot
2024-09-24,566364969.76497352565802358038,0.481277242638619,0.00000759879289235229,0.000181755499715028,0.433396932039667,0.481277242638619,0.4826,coinbase-aioz-usd-spot
2024-09-25,549011820.55664514103586236678,0.505782781499823,0.00000786075313932413,0.000190466973751491,0.452202397711093,0.505782781499823,0.5077,coinbase-aioz-usd-spot
2024-09-26,615610455.73036792819002127876,0.490285841288263,0.00000777495626378819,0.000190417634705699,0.440638721276101,0.490285841288263,0.4904,coinbase-aioz-usd-spot
2024-09-27,606493611.25825668741860838276,0.549760640649946,0.00000845034350562188,0.000209057616020299,0.491939648121164,0.549760640649946,0.553,coinbase-aioz-usd-spot
2024-09-28,592968546.04363105206470123106,0.541618994888346,0.0000082353326288633,0.000200733535340654,0.485460904918932,0.541618994888346,0.5421,coinbase-aioz-usd-spot
2024-09-29,606116872.03192551567147982293,0.527132432828178,0.00000801472105637388,0.000197081126492726,0.472381770491611,0.527132432828178,0.528,coinbase-aioz-usd-spot
2024-09-30,559421227.73406299932908338709,0.538820926445709,0.00000821151038480874,0.000202846392773012,0.482553011320248,0.538820926445709,0.5396,coinbase-aioz-usd-spot
2024-10-01,516830314.15402162646402101302,0.497309806259917,0.00000786135744187752,0.000191548929299969,0.446868528290238,0.497309806259917,0.498,coinbase-aioz-usd-spot
2024-10-02,515468991.585293706495505884,0.459447676739526,0.00000754947252818702,0.000187542888995463,0.415413671148136,0.459447676739526,0.4608,coinbase-aioz-usd-spot
2024-10-03,510918416.462848204066652642,0.457912418305308,0.000007545589904194,0.000193368682285076,0.414820233428021,0.457912418305308,0.4557247711547007,gate.io-aioz-usdt-spot
2024-10-04,538789230.734830424646814936,0.453869954271554,0.00000746923699384163,0.000193176629334089,0.411645054862251,0.453869954271554,0.4549,coinbase-aioz-usd-spot
2024-10-05,524929964.111486653966747161,0.478628750963032,0.00000771328590221164,0.000198179410598233,0.436393473538534,0.478628750963032,0.4796,coinbase-aioz-usd-spot
2024-10-06,526679372.076489695790867605,0.466316991382857,0.00000751754923721414,0.000193145373541128,0.425119333586747,0.466316991382857,0.4674,coinbase-aioz-usd-spot
2024-10-07,531653786.866700212634458,0.467871062810885,0.00000745137674996031,0.000191868174602281,0.426486003965186,0.467871062810885,0.4683,coinbase-aioz-usd-spot
2024-10-08,517765350.05075335966979733688,0.472290041146,0.00000756674876566587,0.000194631864624088,0.430599026889961,0.472290041146,0.469,coinbase-aioz-usd-spot
2024-10-09,500450278.25683586195405114104,0.459318435248039,0.00000739329773126567,0.000188276908401367,0.418705631111283,0.459318435248039,0.4588,coinbase-aioz-usd-spot
2024-10-10,494666087.26679863219088998336,0.443957940997487,0.00000732419450550608,0.000187547646594102,0.406115269598537,0.443957940997487,0.444,coinbase-aioz-usd-spot
2024-10-11,518164006.57088224107908492512,0.438826686937208,0.00000728692370229705,0.000184216598508951,0.401564449756144,0.438826686937208,0.4388322775528073,bybit-aioz-usdt-spot
2024-10-12,517985401.38029502708915425112,0.459672090217436,0.00000735916423656012,0.000188568483726633,0.419991886336435,0.459672090217436,0.4584,coinbase-aioz-usd-spot
2024-10-13,501697514.49749651166654356704,0.459513646519611,0.00000727045415391501,0.00018541926259394,0.419385171745965,0.459513646519611,0.459,coinbase-aioz-usd-spot
2024-10-14,544299250.54343719066118545632,0.445064385448412,0.00000709159368644274,0.000180543352157555,0.406313240250221,0.445064385448412,0.4458,coinbase-aioz-usd-spot
2024-10-15,,0.482857109000796,0.0000073060806726869,0.000183531054795743,0.442174373978013,0.482857109000796,0.4822,coinbase-aioz-usd-spot
