date,txVolume(USD),txCount,marketcap(USD),price(USD),exchangeVolume(USD),generatedCoins,fees,activeAddresses,averageDifficulty,paymentCount,medianTxValue(USD),medianFee
2009-01-09,null,0,null,null,null,700.0,0.0,14,1.0,null,null,null,
2009-01-10,null,0,null,null,null,3050.0,0.0,61,1.0,null,null,null,
2009-01-11,null,0,null,null,null,4650.0,0.0,93,1.0,null,null,null,
2009-01-12,null,7,null,null,null,4700.0,0.0,102,1.0,5,null,0.0,
2009-01-13,null,0,null,null,null,6150.0,0.0,123,1.0,null,null,null,
2009-01-14,null,1,null,null,null,6450.0,0.0,133,1.0,0,null,0.0,
2009-01-15,null,8,null,null,null,6300.0,0.0,140,1.0,6,null,0.0,
2009-01-16,null,2,null,null,null,5400.0,0.0,114,1.0,0,null,0.0,
2009-01-17,null,0,null,null,null,5450.0,0.0,109,1.0,null,null,null,
2009-01-18,null,1,null,null,null,5350.0,0.0,111,1.0,0,null,0.0,
2009-01-19,null,2,null,null,null,5750.0,0.0,133,1.0,0,null,0.0,
2009-01-20,null,1,null,null,null,5700.0,0.0,123,1.0,0,null,0.0,
2009-01-21,null,1,null,null,null,5100.0,0.0,105,1.0,0,null,0.0,
2009-01-22,null,1,null,null,null,4550.0,0.0,102,1.0,0,null,0.0,
2009-01-23,null,2,null,null,null,4200.0,0.0,95,1.0,0,null,0.0,
2009-01-24,null,1,null,null,null,10050.0,0.0,212,1.0,0,null,0.0,
2009-01-25,null,1,null,null,null,9550.0,0.0,193,1.0,0,null,0.0,
2009-01-26,null,1,null,null,null,4800.0,0.0,117,1.0,0,null,0.0,
2009-01-27,null,1,null,null,null,4850.0,0.0,101,1.0,0,null,0.0,
2009-01-28,null,0,null,null,null,5600.0,0.0,112,1.0,null,null,null,
2009-01-29,null,1,null,null,null,6050.0,0.0,134,1.0,0,null,0.0,
2009-01-30,null,0,null,null,null,5850.0,0.0,117,1.0,null,null,null,
2009-01-31,null,1,null,null,null,6900.0,0.0,159,1.0,0,null,0.0,
2009-02-01,null,1,null,null,null,5650.0,0.0,116,1.0,0,null,0.0,
2009-02-02,null,1,null,null,null,6400.0,0.0,130,1.0,0,null,0.0,
2009-02-03,null,16,null,null,null,6950.0,2.01,154,1.0,14,null,0.0,
2009-02-04,null,0,null,null,null,5950.0,0.0,119,1.0,null,null,null,
2009-02-05,null,0,null,null,null,6300.0,0.0,126,1.0,null,null,null,
2009-02-06,null,0,null,null,null,6100.0,0.0,122,1.0,null,null,null,
2009-02-07,null,4,null,null,null,6450.0,0.0,156,1.0,1,null,0.0,
2009-02-08,null,1,null,null,null,6600.0,0.0,134,1.0,0,null,0.0,
2009-02-09,null,1,null,null,null,6700.0,0.0,179,1.0,0,null,0.0,
2009-02-10,null,0,null,null,null,6000.0,0.0,120,1.0,null,null,null,
2009-02-11,null,2,null,null,null,6650.0,0.0,147,1.0,0,null,0.0,
2009-02-12,null,0,null,null,null,5950.0,0.0,119,1.0,null,null,null,
2009-02-13,null,0,null,null,null,6200.0,0.0,124,1.0,null,null,null,
2009-02-14,null,0,null,null,null,6800.0,0.0,136,1.0,null,null,null,
2009-02-15,null,3,null,null,null,6400.0,0.0,142,1.0,0,null,0.0,
2009-02-16,null,1,null,null,null,6100.0,0.0,153,1.0,0,null,0.0,
2009-02-17,null,0,null,null,null,5850.0,0.0,117,1.0,null,null,null,
2009-02-18,null,0,null,null,null,5900.0,0.0,118,1.0,null,null,null,
2009-02-19,null,1,null,null,null,6200.0,0.0,141,1.0,0,null,0.0,
2009-02-20,null,0,null,null,null,6100.0,0.0,122,1.0,null,null,null,
2009-02-21,null,0,null,null,null,5700.0,0.0,114,1.0,null,null,null,
2009-02-22,null,4,null,null,null,6050.0,0.0,133,1.0,0,null,0.0,
2009-02-23,null,0,null,null,null,5400.0,0.0,108,1.0,null,null,null,
2009-02-24,null,0,null,null,null,5300.0,0.0,106,1.0,null,null,null,
2009-02-25,null,0,null,null,null,5250.0,0.0,105,1.0,null,null,null,
2009-02-26,null,0,null,null,null,5350.0,0.0,107,1.0,null,null,null,
2009-02-27,null,1,null,null,null,5750.0,0.0,152,1.0,0,null,0.0,
2009-02-28,null,1,null,null,null,4950.0,0.0,107,1.0,0,null,0.0,
2009-03-01,null,0,null,null,null,5250.0,0.0,105,1.0,null,null,null,
2009-03-02,null,0,null,null,null,5400.0,0.0,108,1.0,null,null,null,
2009-03-03,null,2,null,null,null,5250.0,0.0,114,1.0,0,null,0.0,
2009-03-04,null,2,null,null,null,5200.0,0.0,130,1.0,1,null,0.0,
2009-03-05,null,1,null,null,null,5600.0,0.0,121,1.0,0,null,0.0,
2009-03-06,null,0,null,null,null,5850.0,0.0,117,1.0,null,null,null,
2009-03-07,null,0,null,null,null,5450.0,0.0,109,1.0,null,null,null,
2009-03-08,null,3,null,null,null,5750.0,0.0,142,1.0,0,null,0.0,
2009-03-09,null,0,null,null,null,5400.0,0.0,108,1.0,null,null,null,
2009-03-10,null,0,null,null,null,5350.0,0.0,107,1.0,null,null,null,
2009-03-11,null,0,null,null,null,5700.0,0.0,114,1.0,null,null,null,
2009-03-12,null,1,null,null,null,5900.0,0.0,122,1.0,0,null,0.0,
2009-03-13,null,1,null,null,null,5650.0,0.0,127,1.0,0,null,0.0,
2009-03-14,null,0,null,null,null,5500.0,0.0,110,1.0,null,null,null,
2009-03-15,null,0,null,null,null,6150.0,0.0,123,1.0,null,null,null,
2009-03-16,null,1,null,null,null,6050.0,0.0,170,1.0,0,null,0.0,
2009-03-17,null,0,null,null,null,5700.0,0.0,114,1.0,null,null,null,
2009-03-18,null,2,null,null,null,5700.0,0.0,129,1.0,0,null,0.0,
2009-03-19,null,0,null,null,null,6100.0,0.0,122,1.0,null,null,null,
2009-03-20,null,1,null,null,null,5900.0,0.0,131,1.0,0,null,0.0,
2009-03-21,null,0,null,null,null,2500.0,0.0,50,1.0,null,null,null,
2009-03-22,null,2,null,null,null,5950.0,0.0,131,1.0,0,null,0.0,
2009-03-23,null,0,null,null,null,6500.0,0.0,130,1.0,null,null,null,
2009-03-24,null,0,null,null,null,5250.0,0.0,105,1.0,null,null,null,
2009-03-25,null,0,null,null,null,5850.0,0.0,117,1.0,null,null,null,
2009-03-26,null,1,null,null,null,5850.0,0.0,146,1.0,0,null,0.0,
2009-03-27,null,0,null,null,null,5300.0,0.0,106,1.0,null,null,null,
2009-03-28,null,3,null,null,null,5950.0,0.0,140,1.0,0,null,0.0,
2009-03-29,null,0,null,null,null,5800.0,0.0,116,1.0,null,null,null,
2009-03-30,null,0,null,null,null,6000.0,0.0,120,1.0,null,null,null,
2009-03-31,null,1,null,null,null,5500.0,0.0,143,1.0,0,null,0.0,
2009-04-01,null,0,null,null,null,5700.0,0.0,114,1.0,null,null,null,
2009-04-02,null,0,null,null,null,5750.0,0.0,115,1.0,null,null,null,
2009-04-03,null,0,null,null,null,5800.0,0.0,116,1.0,null,null,null,
2009-04-04,null,0,null,null,null,5650.0,0.0,113,1.0,null,null,null,
2009-04-05,null,2,null,null,null,6500.0,0.0,148,1.0,0,null,0.0,
2009-04-06,null,0,null,null,null,5450.0,0.0,109,1.0,null,null,null,
2009-04-07,null,0,null,null,null,5000.0,0.0,100,1.0,null,null,null,
2009-04-08,null,0,null,null,null,5250.0,0.0,105,1.0,null,null,null,
2009-04-09,null,0,null,null,null,4950.0,0.0,99,1.0,null,null,null,
2009-04-10,null,0,null,null,null,5400.0,0.0,108,1.0,null,null,null,
2009-04-11,null,1,null,null,null,6000.0,0.0,128,1.0,0,null,0.0,
2009-04-12,null,2,null,null,null,5900.0,0.0,127,1.0,0,null,0.0,
2009-04-13,null,1,null,null,null,5750.0,0.0,117,1.0,1,null,0.0,
2009-04-14,null,0,null,null,null,6200.0,0.0,124,1.0,null,null,null,
2009-04-15,null,0,null,null,null,5650.0,0.0,113,1.0,null,null,null,
2009-04-16,null,0,null,null,null,6150.0,0.0,123,1.0,null,null,null,
2009-04-17,null,0,null,null,null,5600.0,0.0,112,1.0,null,null,null,
2009-04-18,null,4,null,null,null,6300.0,0.0,131,1.0,1,null,0.0,
2009-04-19,null,1,null,null,null,5950.0,0.0,128,1.0,0,null,0.0,
2009-04-20,null,2,null,null,null,5950.0,0.0,236,1.0,0,null,0.0,
2009-04-21,null,1,null,null,null,6150.0,0.0,125,1.0,1,null,0.0,
2009-04-22,null,0,null,null,null,6050.0,0.0,121,1.0,null,null,null,
2009-04-23,null,0,null,null,null,3750.0,0.0,75,1.0,null,null,null,
2009-04-24,null,0,null,null,null,5750.0,0.0,115,1.0,null,null,null,
2009-04-25,null,0,null,null,null,5900.0,0.0,118,1.0,null,null,null,
2009-04-26,null,2,null,null,null,5600.0,0.0,128,1.0,0,null,0.0,
2009-04-27,null,0,null,null,null,5200.0,0.0,104,1.0,null,null,null,
2009-04-28,null,0,null,null,null,5850.0,0.0,117,1.0,null,null,null,
2009-04-29,null,1,null,null,null,6400.0,0.0,149,1.0,0,null,0.0,
2009-04-30,null,0,null,null,null,6550.0,0.0,131,1.0,null,null,null,
2009-05-01,null,0,null,null,null,6050.0,0.0,121,1.0,null,null,null,
2009-05-02,null,2,null,null,null,6300.0,0.03,142,1.0,2,null,0.015,
2009-05-03,null,3,null,null,null,5300.0,0.0,110,1.0,2,null,0.0,
2009-05-04,null,1,null,null,null,6400.0,0.0,159,1.0,0,null,0.0,
2009-05-05,null,1,null,null,null,6750.0,0.0,146,1.0,0,null,0.0,
2009-05-06,null,0,null,null,null,6750.0,0.0,135,1.0,null,null,null,
2009-05-07,null,0,null,null,null,6100.0,0.0,122,1.0,null,null,null,
2009-05-08,null,0,null,null,null,5350.0,0.0,107,1.0,null,null,null,
2009-05-09,null,0,null,null,null,3900.0,0.0,78,1.0,null,null,null,
2009-05-10,null,0,null,null,null,4250.0,0.0,85,1.0,null,null,null,
2009-05-11,null,1,null,null,null,6000.0,0.1,123,1.0,1,null,0.1,
2009-05-12,null,0,null,null,null,6500.0,0.0,130,1.0,null,null,null,
2009-05-13,null,5,null,null,null,5550.0,0.0,117,1.0,2,null,0.0,
2009-05-14,null,3,null,null,null,6950.0,0.0,145,1.0,1,null,0.0,
2009-05-15,null,1,null,null,null,6800.0,0.0,146,1.0,0,null,0.0,
2009-05-16,null,0,null,null,null,5950.0,0.0,119,1.0,null,null,null,
2009-05-17,null,0,null,null,null,6350.0,0.0,127,1.0,null,null,null,
2009-05-18,null,0,null,null,null,5900.0,0.0,118,1.0,null,null,null,
2009-05-19,null,0,null,null,null,4300.0,0.0,86,1.0,null,null,null,
2009-05-20,null,0,null,null,null,6000.0,0.0,120,1.0,null,null,null,
2009-05-21,null,0,null,null,null,4100.0,0.0,82,1.0,null,null,null,
2009-05-22,null,0,null,null,null,3050.0,0.0,61,1.0,null,null,null,
2009-05-23,null,0,null,null,null,1600.0,0.0,32,1.0,null,null,null,
2009-05-24,null,0,null,null,null,5000.0,0.0,100,1.0,null,null,null,
2009-05-25,null,0,null,null,null,5450.0,0.0,109,1.0,null,null,null,
2009-05-26,null,0,null,null,null,6250.0,0.0,125,1.0,null,null,null,
2009-05-27,null,0,null,null,null,5950.0,0.0,119,1.0,null,null,null,
2009-05-28,null,0,null,null,null,4750.0,0.0,95,1.0,null,null,null,
2009-05-29,null,1,null,null,null,5300.0,0.0,167,1.0,0,null,0.0,
2009-05-30,null,0,null,null,null,5450.0,0.0,109,1.0,null,null,null,
2009-05-31,null,0,null,null,null,4800.0,0.0,96,1.0,null,null,null,
2009-06-01,null,1,null,null,null,3550.0,0.0,73,1.0,1,null,0.0,
2009-06-02,null,0,null,null,null,5550.0,0.0,111,1.0,null,null,null,
2009-06-03,null,0,null,null,null,3550.0,0.0,71,1.0,null,null,null,
2009-06-04,null,0,null,null,null,3300.0,0.0,66,1.0,null,null,null,
2009-06-05,null,0,null,null,null,1500.0,0.0,30,1.0,null,null,null,
2009-06-06,null,0,null,null,null,1400.0,0.0,28,1.0,null,null,null,
2009-06-07,null,0,null,null,null,800.0,0.0,16,1.0,null,null,null,
2009-06-08,null,0,null,null,null,4100.0,0.0,82,1.0,null,null,null,
2009-06-09,null,0,null,null,null,4550.0,0.0,91,1.0,null,null,null,
2009-06-10,null,0,null,null,null,4100.0,0.0,82,1.0,null,null,null,
2009-06-11,null,0,null,null,null,4450.0,0.0,89,1.0,null,null,null,
2009-06-12,null,0,null,null,null,4300.0,0.0,86,1.0,null,null,null,
2009-06-13,null,0,null,null,null,3900.0,0.0,78,1.0,null,null,null,
2009-06-14,null,0,null,null,null,3600.0,0.0,72,1.0,null,null,null,
2009-06-15,null,0,null,null,null,4200.0,0.0,84,1.0,null,null,null,
2009-06-16,null,0,null,null,null,3550.0,0.0,71,1.0,null,null,null,
2009-06-17,null,0,null,null,null,3950.0,0.0,79,1.0,null,null,null,
2009-06-18,null,0,null,null,null,4000.0,0.0,80,1.0,null,null,null,
2009-06-19,null,0,null,null,null,4350.0,0.0,87,1.0,null,null,null,
2009-06-20,null,0,null,null,null,3900.0,0.0,78,1.0,null,null,null,
2009-06-21,null,0,null,null,null,4050.0,0.0,81,1.0,null,null,null,
2009-06-22,null,1,null,null,null,3800.0,0.0,137,1.0,0,null,0.0,
2009-06-23,null,0,null,null,null,3800.0,0.0,76,1.0,null,null,null,
2009-06-24,null,2,null,null,null,4750.0,0.0,100,1.0,1,null,0.0,
2009-06-25,null,1,null,null,null,3400.0,0.0,89,1.0,0,null,0.0,
2009-06-26,null,0,null,null,null,4500.0,0.0,90,1.0,null,null,null,
2009-06-27,null,0,null,null,null,4200.0,0.0,84,1.0,null,null,null,
2009-06-28,null,1,null,null,null,2300.0,0.0,48,1.0,1,null,0.0,
2009-06-29,null,1,null,null,null,4150.0,0.0,85,1.0,1,null,0.0,
2009-06-30,null,1,null,null,null,4250.0,0.0,89,1.0,0,null,0.0,
2009-07-01,null,1,null,null,null,3700.0,0.0,77,1.0,0,null,0.0,
2009-07-02,null,1,null,null,null,4150.0,0.0,85,1.0,1,null,0.0,
2009-07-03,null,0,null,null,null,4100.0,0.0,82,1.0,null,null,null,
2009-07-04,null,0,null,null,null,4450.0,0.0,89,1.0,null,null,null,
2009-07-05,null,0,null,null,null,3950.0,0.0,79,1.0,null,null,null,
2009-07-06,null,0,null,null,null,4200.0,0.0,84,1.0,null,null,null,
2009-07-07,null,0,null,null,null,3450.0,0.0,69,1.0,null,null,null,
2009-07-08,null,0,null,null,null,3700.0,0.0,74,1.0,null,null,null,
2009-07-09,null,0,null,null,null,4300.0,0.0,86,1.0,null,null,null,
2009-07-10,null,0,null,null,null,4050.0,0.0,81,1.0,null,null,null,
2009-07-11,null,0,null,null,null,4150.0,0.0,83,1.0,null,null,null,
2009-07-12,null,0,null,null,null,3850.0,0.0,77,1.0,null,null,null,
2009-07-13,null,0,null,null,null,3900.0,0.0,78,1.0,null,null,null,
2009-07-14,null,0,null,null,null,3450.0,0.0,69,1.0,null,null,null,
2009-07-15,null,0,null,null,null,2250.0,0.0,45,1.0,null,null,null,
2009-07-16,null,0,null,null,null,3550.0,0.0,71,1.0,null,null,null,
2009-07-17,null,0,null,null,null,2350.0,0.0,47,1.0,null,null,null,
2009-07-18,null,0,null,null,null,200.0,0.0,4,1.0,null,null,null,
2009-07-19,null,0,null,null,null,3500.0,0.0,70,1.0,null,null,null,
2009-07-20,null,1,null,null,null,3500.0,0.14,192,1.0,1,null,0.14,
2009-07-21,null,0,null,null,null,4100.0,0.0,82,1.0,null,null,null,
2009-07-22,null,0,null,null,null,3000.0,0.0,60,1.0,null,null,null,
2009-07-23,null,0,null,null,null,3800.0,0.0,76,1.0,null,null,null,
2009-07-24,null,0,null,null,null,3650.0,0.0,73,1.0,null,null,null,
2009-07-25,null,0,null,null,null,1600.0,0.0,32,1.0,null,null,null,
2009-07-26,null,0,null,null,null,1050.0,0.0,21,1.0,null,null,null,
2009-07-27,null,0,null,null,null,3700.0,0.0,74,1.0,null,null,null,
2009-07-28,null,0,null,null,null,2050.0,0.0,41,1.0,null,null,null,
2009-07-29,null,1,null,null,null,950.0,0.0,22,1.0,0,null,0.0,
2009-07-30,null,1,null,null,null,750.0,0.0,17,1.0,1,null,0.0,
2009-07-31,null,0,null,null,null,850.0,0.0,17,1.0,null,null,null,
2009-08-01,null,0,null,null,null,1400.0,0.0,28,1.0,null,null,null,
2009-08-02,null,0,null,null,null,1150.0,0.0,23,1.0,null,null,null,
2009-08-03,null,0,null,null,null,600.0,0.0,12,1.0,null,null,null,
2009-08-04,null,0,null,null,null,4050.0,0.0,81,1.0,null,null,null,
2009-08-05,null,0,null,null,null,4350.0,0.0,87,1.0,null,null,null,
2009-08-06,null,0,null,null,null,4500.0,0.0,90,1.0,null,null,null,
2009-08-07,null,1,null,null,null,4000.0,0.13,192,1.0,1,null,0.13,
2009-08-08,null,0,null,null,null,4000.0,0.0,80,1.0,null,null,null,
2009-08-09,null,0,null,null,null,5050.0,0.0,101,1.0,null,null,null,
2009-08-10,null,0,null,null,null,3750.0,0.0,75,1.0,null,null,null,
2009-08-11,null,0,null,null,null,3500.0,0.0,70,1.0,null,null,null,
2009-08-12,null,0,null,null,null,3150.0,0.0,63,1.0,null,null,null,
2009-08-13,null,0,null,null,null,4250.0,0.0,85,1.0,null,null,null,
2009-08-14,null,0,null,null,null,3150.0,0.0,63,1.0,null,null,null,
2009-08-15,null,0,null,null,null,1300.0,0.0,26,1.0,null,null,null,
2009-08-16,null,0,null,null,null,950.0,0.0,19,1.0,null,null,null,
2009-08-17,null,0,null,null,null,850.0,0.0,17,1.0,null,null,null,
2009-08-18,null,0,null,null,null,500.0,0.0,10,1.0,null,null,null,
2009-08-19,null,0,null,null,null,900.0,0.0,18,1.0,null,null,null,
2009-08-20,null,0,null,null,null,1100.0,0.0,22,1.0,null,null,null,
2009-08-21,null,0,null,null,null,700.0,0.0,14,1.0,null,null,null,
2009-08-22,null,0,null,null,null,350.0,0.0,7,1.0,null,null,null,
2009-08-23,null,0,null,null,null,750.0,0.0,15,1.0,null,null,null,
2009-08-24,null,0,null,null,null,750.0,0.0,15,1.0,null,null,null,
2009-08-25,null,0,null,null,null,2500.0,0.0,50,1.0,null,null,null,
2009-08-26,null,3,null,null,null,2400.0,0.0,96,1.0,2,null,0.0,
2009-08-27,null,0,null,null,null,1450.0,0.0,29,1.0,null,null,null,
2009-08-28,null,0,null,null,null,3750.0,0.0,75,1.0,null,null,null,
2009-08-29,null,0,null,null,null,3900.0,0.0,78,1.0,null,null,null,
2009-08-30,null,1,null,null,null,4850.0,0.0,99,1.0,0,null,0.0,
2009-08-31,null,1,null,null,null,4300.0,0.0,93,1.0,0,null,0.0,
2009-09-01,null,0,null,null,null,3900.0,0.0,78,1.0,null,null,null,
2009-09-02,null,0,null,null,null,3300.0,0.0,66,1.0,null,null,null,
2009-09-03,null,1,null,null,null,3050.0,0.0,76,1.0,0,null,0.0,
2009-09-04,null,0,null,null,null,3200.0,0.0,64,1.0,null,null,null,
2009-09-05,null,0,null,null,null,3800.0,0.0,76,1.0,null,null,null,
2009-09-06,null,0,null,null,null,3400.0,0.0,68,1.0,null,null,null,
2009-09-07,null,1,null,null,null,3900.0,0.0,92,1.0,0,null,0.0,
2009-09-08,null,0,null,null,null,3450.0,0.0,69,1.0,null,null,null,
2009-09-09,null,0,null,null,null,2700.0,0.0,54,1.0,null,null,null,
2009-09-10,null,0,null,null,null,3350.0,0.0,67,1.0,null,null,null,
2009-09-11,null,0,null,null,null,3350.0,0.0,67,1.0,null,null,null,
2009-09-12,null,0,null,null,null,3450.0,0.0,69,1.0,null,null,null,
2009-09-13,null,0,null,null,null,3750.0,0.0,75,1.0,null,null,null,
2009-09-14,null,0,null,null,null,3700.0,0.0,74,1.0,null,null,null,
2009-09-15,null,0,null,null,null,2200.0,0.0,44,1.0,null,null,null,
2009-09-16,null,1,null,null,null,3600.0,0.0,74,1.0,0,null,0.0,
2009-09-17,null,1,null,null,null,4200.0,0.12,186,1.0,1,null,0.12,
2009-09-18,null,0,null,null,null,3900.0,0.0,78,1.0,null,null,null,
2009-09-19,null,0,null,null,null,3700.0,0.0,74,1.0,null,null,null,
2009-09-20,null,0,null,null,null,3900.0,0.0,78,1.0,null,null,null,
2009-09-21,null,1,null,null,null,3450.0,0.0,78,1.0,0,null,0.0,
2009-09-22,null,1,null,null,null,1250.0,0.0,66,1.0,0,null,0.0,
2009-09-23,null,0,null,null,null,1800.0,0.0,36,1.0,null,null,null,
2009-09-24,null,0,null,null,null,4850.0,0.0,97,1.0,null,null,null,
2009-09-25,null,2,null,null,null,4550.0,0.0,119,1.0,0,null,0.0,
2009-09-26,null,0,null,null,null,5000.0,0.0,100,1.0,null,null,null,
2009-09-27,null,1,null,null,null,4350.0,0.0,104,1.0,0,null,0.0,
2009-09-28,null,0,null,null,null,4250.0,0.0,85,1.0,null,null,null,
2009-09-29,null,2,null,null,null,4400.0,0.0,133,1.0,0,null,0.0,
2009-09-30,null,0,null,null,null,4250.0,0.0,85,1.0,null,null,null,
2009-10-01,null,0,null,null,null,4100.0,0.0,82,1.0,null,null,null,
2009-10-02,null,1,null,null,null,3600.0,0.0,83,1.0,0,null,0.0,
2009-10-03,null,0,null,null,null,2900.0,0.0,58,1.0,null,null,null,
2009-10-04,null,0,null,null,null,2650.0,0.0,53,1.0,null,null,null,
2009-10-05,null,0,null,null,null,2750.0,0.0,55,1.0,null,null,null,
2009-10-06,null,2,null,null,null,2150.0,0.0,58,1.0,0,null,0.0,
2009-10-07,null,0,null,null,null,3000.0,0.0,60,1.0,null,null,null,
2009-10-08,null,0,null,null,null,3500.0,0.0,70,1.0,null,null,null,
2009-10-09,null,0,null,null,null,3950.0,0.0,79,1.0,null,null,null,
2009-10-10,null,0,null,null,null,3850.0,0.0,77,1.0,null,null,null,
2009-10-11,null,0,null,null,null,3700.0,0.0,74,1.0,null,null,null,
2009-10-12,null,1,null,null,null,2900.0,0.0,132,1.0,0,null,0.0,
2009-10-13,null,0,null,null,null,2850.0,0.0,57,1.0,null,null,null,
2009-10-14,null,0,null,null,null,3450.0,0.0,69,1.0,null,null,null,
2009-10-15,null,0,null,null,null,3550.0,0.0,71,1.0,null,null,null,
2009-10-16,null,1,null,null,null,3000.0,0.0,141,1.0,0,null,0.0,
2009-10-17,null,0,null,null,null,2850.0,0.0,57,1.0,null,null,null,
2009-10-18,null,1,null,null,null,3700.0,0.0,82,1.0,0,null,0.0,
2009-10-19,null,0,null,null,null,5600.0,0.0,112,1.0,null,null,null,
2009-10-20,null,1,null,null,null,4750.0,0.12,197,1.0,1,null,0.12,
2009-10-21,null,1,null,null,null,4000.0,0.0,99,1.0,0,null,0.0,
2009-10-22,null,1,null,null,null,4500.0,0.0,130,1.0,0,null,0.0,
2009-10-23,null,0,null,null,null,4450.0,0.0,89,1.0,null,null,null,
2009-10-24,null,1,null,null,null,3100.0,0.0,70,1.0,0,null,0.0,
2009-10-25,null,0,null,null,null,3800.0,0.0,76,1.0,null,null,null,
2009-10-26,null,0,null,null,null,3550.0,0.0,71,1.0,null,null,null,
2009-10-27,null,1,null,null,null,3200.0,0.0,81,1.0,0,null,0.0,
2009-10-28,null,0,null,null,null,3300.0,0.0,66,1.0,null,null,null,
2009-10-29,null,2,null,null,null,2300.0,0.0,89,1.0,0,null,0.0,
2009-10-30,null,0,null,null,null,3000.0,0.0,60,1.0,null,null,null,
2009-10-31,null,0,null,null,null,2300.0,0.0,46,1.0,null,null,null,
2009-11-01,null,0,null,null,null,1250.0,0.0,25,1.0,null,null,null,
2009-11-02,null,0,null,null,null,1650.0,0.0,33,1.0,null,null,null,
2009-11-03,null,0,null,null,null,3100.0,0.0,62,1.0,null,null,null,
2009-11-04,null,1,null,null,null,3150.0,0.0,105,1.0,0,null,0.0,
2009-11-05,null,0,null,null,null,2850.0,0.0,57,1.0,null,null,null,
2009-11-06,null,0,null,null,null,3100.0,0.0,62,1.0,null,null,null,
2009-11-07,null,0,null,null,null,3450.0,0.0,69,1.0,null,null,null,
2009-11-08,null,0,null,null,null,3650.0,0.0,73,1.0,null,null,null,
2009-11-09,null,0,null,null,null,3200.0,0.0,64,1.0,null,null,null,
2009-11-10,null,0,null,null,null,3900.0,0.0,78,1.0,null,null,null,
2009-11-11,null,9,null,null,null,3200.0,0.0,116,1.0,6,null,0.0,
2009-11-12,null,0,null,null,null,3300.0,0.0,66,1.0,null,null,null,
2009-11-13,null,3,null,null,null,4000.0,0.0,93,1.0,2,null,0.0,
2009-11-14,null,0,null,null,null,3950.0,0.0,79,1.0,null,null,null,
2009-11-15,null,0,null,null,null,4800.0,0.0,96,1.0,null,null,null,
2009-11-16,null,0,null,null,null,4850.0,0.0,97,1.0,null,null,null,
2009-11-17,null,0,null,null,null,4600.0,0.0,92,1.0,null,null,null,
2009-11-18,null,0,null,null,null,3950.0,0.0,79,1.0,null,null,null,
2009-11-19,null,2,null,null,null,3500.0,0.0,153,1.0,0,null,0.0,
2009-11-20,null,0,null,null,null,4300.0,0.0,86,1.0,null,null,null,
2009-11-21,null,0,null,null,null,3650.0,0.0,73,1.0,null,null,null,
2009-11-22,null,0,null,null,null,5300.0,0.0,106,1.0,null,null,null,
2009-11-23,null,0,null,null,null,4800.0,0.0,96,1.0,null,null,null,
2009-11-24,null,0,null,null,null,4650.0,0.0,93,1.0,null,null,null,
2009-11-25,null,0,null,null,null,4500.0,0.0,90,1.0,null,null,null,
2009-11-26,null,0,null,null,null,4200.0,0.0,84,1.0,null,null,null,
2009-11-27,null,0,null,null,null,3700.0,0.0,74,1.0,null,null,null,
2009-11-28,null,0,null,null,null,3550.0,0.0,71,1.0,null,null,null,
2009-11-29,null,0,null,null,null,3000.0,0.0,60,1.0,null,null,null,
2009-11-30,null,0,null,null,null,3750.0,0.0,75,1.0,null,null,null,
2009-12-01,null,1,null,null,null,3650.0,0.22,240,1.0,1,null,0.22,
2009-12-02,null,0,null,null,null,4700.0,0.0,94,1.0,null,null,null,
2009-12-03,null,0,null,null,null,4400.0,0.0,88,1.0,null,null,null,
2009-12-04,null,0,null,null,null,1800.0,0.0,36,1.0,null,null,null,
2009-12-05,null,1,null,null,null,3200.0,0.0,84,1.0,1,null,0.0,
2009-12-06,null,2,null,null,null,5150.0,0.0,107,1.0,1,null,0.0,
2009-12-07,null,0,null,null,null,5600.0,0.0,112,1.0,null,null,null,
2009-12-08,null,2,null,null,null,5250.0,0.0,136,1.0,0,null,0.0,
2009-12-09,null,13,null,null,null,4800.0,0.0,119,1.0,6,null,0.0,
2009-12-10,null,0,null,null,null,5200.0,0.0,104,1.0,null,null,null,
2009-12-11,null,0,null,null,null,5600.0,0.0,112,1.0,null,null,null,
2009-12-12,null,2,null,null,null,5500.0,0.0,178,1.0,0,null,0.0,
2009-12-13,null,0,null,null,null,5700.0,0.0,114,1.0,null,null,null,
2009-12-14,null,5,null,null,null,5100.0,0.0,437,1.0,1,null,0.0,
2009-12-15,null,2,null,null,null,5500.0,0.0,119,1.0,1,null,0.0,
2009-12-16,null,1,null,null,null,6800.0,0.0,154,1.0,0,null,0.0,
2009-12-17,null,3,null,null,null,8450.0,0.0,179,1.0,2,null,0.0,
2009-12-18,null,0,null,null,null,11250.0,0.0,225,1.0,null,null,null,
2009-12-19,null,1,null,null,null,9900.0,0.0,200,1.0,0,null,0.0,
2009-12-20,null,0,null,null,null,8750.0,0.0,175,1.0,null,null,null,
2009-12-21,null,1,null,null,null,8750.0,0.0,177,1.0,0,null,0.0,
2009-12-22,null,0,null,null,null,8100.0,0.0,162,1.0,null,null,null,
2009-12-23,null,0,null,null,null,7700.0,0.0,154,1.0,null,null,null,
2009-12-24,null,0,null,null,null,7700.0,0.0,154,1.0,null,null,null,
2009-12-25,null,1,null,null,null,7450.0,0.0,151,1.0,1,null,0.0,
2009-12-26,null,0,null,null,null,8700.0,0.0,174,1.0,null,null,null,
2009-12-27,null,1,null,null,null,8350.0,0.0,173,1.0,0,null,0.0,
2009-12-28,null,0,null,null,null,6850.0,0.0,137,1.0,null,null,null,
2009-12-29,null,0,null,null,null,8550.0,0.0,171,1.0,null,null,null,
2009-12-30,null,0,null,null,null,7050.0,0.0,141,1.12452734251,null,null,null,
2009-12-31,null,0,null,null,null,6900.0,0.0,138,1.18289953431,null,null,null,
2010-01-01,null,2,null,null,null,6600.0,0.0,136,1.18289953431,0,null,0.0,
2010-01-02,null,0,null,null,null,6300.0,0.0,126,1.18289953431,null,null,null,
2010-01-03,null,0,null,null,null,9300.0,0.0,186,1.18289953431,null,null,null,
2010-01-04,null,2,null,null,null,9050.0,0.0,266,1.18289953431,1,null,0.0,
2010-01-05,null,0,null,null,null,9900.0,0.0,198,1.18289953431,null,null,null,
2010-01-06,null,0,null,null,null,8150.0,0.0,163,1.18289953431,null,null,null,
2010-01-07,null,0,null,null,null,7700.0,0.0,154,1.18289953431,null,null,null,
2010-01-08,null,0,null,null,null,7650.0,0.0,153,1.18289953431,null,null,null,
2010-01-09,null,0,null,null,null,7550.0,0.0,151,1.18289953431,null,null,null,
2010-01-10,null,0,null,null,null,9500.0,0.0,190,1.18289953431,null,null,null,
2010-01-11,null,0,null,null,null,7950.0,0.0,159,1.19135103475,null,null,null,
2010-01-12,null,2,null,null,null,7950.0,0.26,375,1.30506213159,2,null,0.13,
2010-01-13,null,2,null,null,null,8200.0,0.0,168,1.30506213159,2,null,0.0,
2010-01-14,null,2,null,null,null,7150.0,0.0,155,1.30506213159,1,null,0.0,
2010-01-15,null,1,null,null,null,7050.0,0.0,147,1.30506213159,0,null,0.0,
2010-01-16,null,1,null,null,null,6250.0,0.0,132,1.30506213159,0,null,0.0,
2010-01-17,null,0,null,null,null,6550.0,0.0,131,1.30506213159,null,null,null,
2010-01-18,null,1,null,null,null,6250.0,0.0,128,1.30506213159,1,null,0.0,
2010-01-19,null,0,null,null,null,6200.0,0.0,124,1.30506213159,null,null,null,
2010-01-20,null,0,null,null,null,7900.0,0.0,158,1.30506213159,null,null,null,
2010-01-21,null,9,null,null,null,8750.0,0.0,187,1.30506213159,6,null,0.0,
2010-01-22,null,3,null,null,null,6650.0,0.0,141,1.30506213159,1,null,0.0,
2010-01-23,null,2,null,null,null,8000.0,0.0,164,1.30506213159,1,null,0.0,
2010-01-24,null,1,null,null,null,7700.0,0.0,156,1.30506213159,0,null,0.0,
2010-01-25,null,4,null,null,null,10550.0,0.0,272,1.32325150713,1,null,0.0,
2010-01-26,null,6,null,null,null,9750.0,0.0,215,1.34422497077,1,null,0.0,
2010-01-27,null,2,null,null,null,8200.0,0.0,181,1.34422497077,0,null,0.0,
2010-01-28,null,2,null,null,null,8850.0,0.0,199,1.34422497077,0,null,0.0,
2010-01-29,null,4,null,null,null,9850.0,0.0,213,1.34422497077,0,null,0.0,
2010-01-30,null,4,null,null,null,10500.0,0.0,248,1.34422497077,0,null,0.0,
2010-01-31,null,2,null,null,null,8250.0,0.0,184,1.34422497077,0,null,0.0,
2010-02-01,null,9,null,null,null,9200.0,0.0,203,1.34422497077,3,null,0.0,
2010-02-02,null,1,null,null,null,7250.0,0.0,167,1.34422497077,0,null,0.0,
2010-02-03,null,2,null,null,null,13500.0,0.0,277,1.34422497077,0,null,0.0,
2010-02-04,null,5,null,null,null,11450.0,0.0,269,1.38151590604,2,null,0.0,
2010-02-05,null,4,null,null,null,11150.0,0.0,472,1.81864853615,2,null,0.0,
2010-02-06,null,14,null,null,null,9600.0,0.0,224,1.81864853615,0,null,0.0,
2010-02-07,null,5,null,null,null,10850.0,0.0,230,1.81864853615,2,null,0.0,
2010-02-08,null,8,null,null,null,10000.0,0.0,329,1.81864853615,1,null,0.0,
2010-02-09,null,3,null,null,null,10350.0,0.44,623,1.81864853615,1,null,0.0,
2010-02-10,null,5,null,null,null,8400.0,0.0,777,1.81864853615,0,null,0.0,
2010-02-11,null,5,null,null,null,8450.0,0.0,245,1.81864853615,0,null,0.0,
2010-02-12,null,5,null,null,null,9150.0,0.0,225,1.81864853615,1,null,0.0,
2010-02-13,null,3,null,null,null,11600.0,0.0,318,1.81864853615,1,null,0.0,
2010-02-14,null,11,null,null,null,10400.0,0.0,263,1.82205762114,2,null,0.0,
2010-02-15,null,9,null,null,null,8800.0,0.0,271,2.52773821507,4,null,0.0,
2010-02-16,null,6,null,null,null,9750.0,0.0,217,2.52773821507,2,null,0.0,
2010-02-17,null,11,null,null,null,11950.0,0.0,267,2.52773821507,3,null,0.0,
2010-02-18,null,7,null,null,null,10400.0,0.0,267,2.52773821507,1,null,0.0,
2010-02-19,null,3,null,null,null,9600.0,0.0,198,2.52773821507,2,null,0.0,
2010-02-20,null,2,null,null,null,10400.0,0.0,221,2.52773821507,0,null,0.0,
2010-02-21,null,4,null,null,null,11150.0,0.0,344,2.52773821507,1,null,0.0,
2010-02-22,null,5,null,null,null,13000.0,0.0,531,2.52773821507,1,null,0.0,
2010-02-23,null,1,null,null,null,12500.0,0.0,252,2.52773821507,0,null,0.0,
2010-02-24,null,6,null,null,null,8550.0,0.0,283,3.31205512124,0,null,0.0,
2010-02-25,null,4,null,null,null,7700.0,0.0,300,3.78117925203,0,null,0.0,
2010-02-26,null,4,null,null,null,8600.0,0.0,196,3.78117925203,2,null,0.0,
2010-02-27,null,3,null,null,null,8600.0,0.0,184,3.78117925203,0,null,0.0,
2010-02-28,null,3,null,null,null,7800.0,0.0,264,3.78117925203,1,null,0.0,
2010-03-01,null,4,null,null,null,9750.0,0.0,227,3.78117925203,0,null,0.0,
2010-03-02,null,5,null,null,null,9400.0,0.0,233,3.78117925203,0,null,0.0,
2010-03-03,null,6,null,null,null,7600.0,0.0,260,3.78117925203,0,null,0.0,
2010-03-04,null,3,null,null,null,9250.0,0.0,575,3.78117925203,0,null,0.0,
2010-03-05,null,2,null,null,null,8550.0,0.0,175,3.78117925203,0,null,0.0,
2010-03-06,null,6,null,null,null,8850.0,0.0,274,3.78117925203,1,null,0.0,
2010-03-07,null,4,null,null,null,8950.0,0.0,297,3.78117925203,1,null,0.0,
2010-03-08,null,5,null,null,null,6250.0,0.0,313,4.4830879902,2,null,0.0,
2010-03-09,null,2,null,null,null,7300.0,0.0,229,4.53108175007,0,null,0.0,
2010-03-10,null,7,null,null,null,8100.0,0.0,211,4.53108175007,3,null,0.0,
2010-03-11,null,3,null,null,null,6650.0,0.0,200,4.53108175007,0,null,0.0,
2010-03-12,null,2,null,null,null,6050.0,0.0,130,4.53108175007,0,null,0.0,
2010-03-13,null,1,null,null,null,7650.0,0.0,190,4.53108175007,0,null,0.0,
2010-03-14,null,2,null,null,null,6250.0,0.0,134,4.53108175007,0,null,0.0,
2010-03-15,null,5,null,null,null,6750.0,0.0,145,4.53108175007,3,null,0.0,
2010-03-16,null,3,null,null,null,6300.0,0.0,154,4.53108175007,0,null,0.0,
2010-03-17,null,3,null,null,null,6800.0,0.0,164,4.53108175007,0,null,0.0,
2010-03-18,null,9,null,null,null,7000.0,0.0,225,4.53108175007,3,null,0.0,
2010-03-19,null,9,null,null,null,7650.0,0.0,289,4.53108175007,1,null,0.0,
2010-03-20,null,12,null,null,null,9600.0,0.0,273,4.53108175007,6,null,0.0,
2010-03-21,null,7,null,null,null,9150.0,0.0,193,4.53219916516,0,null,0.0,
2010-03-22,null,7,null,null,null,8950.0,0.0,224,4.56516291034,0,null,0.0,
2010-03-23,null,13,null,null,null,10350.0,0.0,289,4.56516291034,1,null,0.0,
2010-03-24,null,11,null,null,null,8550.0,0.0,208,4.56516291034,1,null,0.0,
2010-03-25,null,15,null,null,null,9350.0,0.0,539,4.56516291034,2,null,0.0,
2010-03-26,null,16,null,null,null,9850.0,0.0,280,4.56516291034,1,null,0.0,
2010-03-27,null,6,null,null,null,8900.0,0.0,206,4.56516291034,1,null,0.0,
2010-03-28,null,6,null,null,null,9300.0,0.0,207,4.56516291034,0,null,0.0,
2010-03-29,null,12,null,null,null,9750.0,0.0,268,4.56516291034,0,null,0.0,
2010-03-30,null,6,null,null,null,10750.0,0.0,226,4.56516291034,0,null,0.0,
2010-03-31,null,5,null,null,null,10450.0,0.0,238,4.56516291034,1,null,0.0,
2010-04-01,null,11,null,null,null,8400.0,0.0,199,5.30722093203,0,null,0.0,
2010-04-02,null,5,null,null,null,7800.0,0.0,179,6.085476906,0,null,0.0,
2010-04-03,null,5,null,null,null,8050.0,0.0,192,6.085476906,2,null,0.0,
2010-04-04,null,12,null,null,null,8550.0,0.26,241,6.085476906,2,null,0.0,
2010-04-05,null,28,null,null,null,7650.0,0.0,307,6.085476906,14,null,0.0,
2010-04-06,null,15,null,null,null,7950.0,0.0,267,6.085476906,5,null,0.0,
2010-04-07,null,11,null,null,null,9650.0,0.0,303,6.085476906,2,null,0.0,
2010-04-08,null,12,null,null,null,9150.0,0.0,217,6.085476906,3,null,0.0,
2010-04-09,null,35,null,null,null,9450.0,0.0,320,6.085476906,17,null,0.0,
2010-04-10,null,38,null,null,null,13000.0,0.0,556,6.085476906,8,null,0.0,
2010-04-11,null,42,null,null,null,11150.0,0.0,403,6.085476906,10,null,0.0,
2010-04-12,null,44,null,null,null,10150.0,0.0,355,7.08506040462,9,null,0.0,
2010-04-13,null,20,null,null,null,9450.0,0.0,241,7.81979699335,2,null,0.0,
2010-04-14,null,43,null,null,null,9000.0,0.0,312,7.81979699335,12,null,0.0,
2010-04-15,null,74,null,null,null,10800.0,0.0,927,7.81979699335,42,null,0.0,
2010-04-16,null,32,null,null,null,10100.0,0.0,434,7.81979699335,7,null,0.0,
2010-04-17,null,29,null,null,null,11050.0,0.0,305,7.81979699335,6,null,0.0,
2010-04-18,null,3106,null,null,null,12250.0,0.0,3468,7.81979699335,3059,null,0.0,
2010-04-19,null,44,null,null,null,11600.0,0.0,546,7.81979699335,11,null,0.0,
2010-04-20,null,38,null,null,null,10250.0,0.0,426,7.81979699335,6,null,0.0,
2010-04-21,null,32,null,null,null,10950.0,0.0,375,7.98621337747,6,null,0.0,
2010-04-22,null,40,null,null,null,7950.0,0.0,233,11.4643158055,7,null,0.0,
2010-04-23,null,50,null,null,null,7500.0,0.0,243,11.4643158055,30,null,0.0,
2010-04-24,null,34,null,null,null,8400.0,0.0,285,11.4643158055,6,null,0.0,
2010-04-25,null,47,null,null,null,7900.0,0.0,344,11.4643158055,4,null,0.0,
2010-04-26,null,47,null,null,null,8200.0,0.0,278,11.4643158055,16,null,0.0,
2010-04-27,null,53,null,null,null,9000.0,0.0,273,11.4643158055,20,null,0.0,
2010-04-28,null,47,null,null,null,9000.0,0.0,323,11.4643158055,11,null,0.0,
2010-04-29,null,33,null,null,null,7350.0,0.0,217,11.4643158055,5,null,0.0,
2010-04-30,null,26,null,null,null,7200.0,0.0,207,11.4643158055,8,null,0.0,
2010-05-01,null,27,null,null,null,9150.0,0.0,264,11.4643158055,3,null,0.0,
2010-05-02,null,25,null,null,null,7750.0,0.0,206,11.4643158055,1,null,0.0,
2010-05-03,null,29,null,null,null,7950.0,0.0,279,11.4643158055,2,null,0.0,
2010-05-04,null,41,null,null,null,6800.0,0.0,325,12.2483951096,5,null,0.0,
2010-05-05,null,25,null,null,null,6850.0,0.0,296,12.8491831478,6,null,0.0,
2010-05-06,null,28,null,null,null,7450.0,0.0,441,12.8491831478,1,null,0.0,
2010-05-07,null,26,null,null,null,6600.0,0.0,234,12.8491831478,1,null,0.0,
2010-05-08,null,28,null,null,null,7700.0,0.0,446,12.8491831478,3,null,0.0,
2010-05-09,null,40,null,null,null,7150.0,0.0,256,12.8491831478,12,null,0.0,
2010-05-10,null,29,null,null,null,6400.0,0.0,297,12.8491831478,4,null,0.0,
2010-05-11,null,19,null,null,null,5550.0,0.0,160,12.8491831478,2,null,0.0,
2010-05-12,null,32,null,null,null,6350.0,0.0,262,12.8491831478,2,null,0.0,
2010-05-13,null,39,null,null,null,6400.0,0.0,257,12.8491831478,3,null,0.0,
2010-05-14,null,30,null,null,null,6150.0,6.71,249,12.8491831478,7,null,0.0,
2010-05-15,null,22,null,null,null,4550.0,2.64,160,12.8491831478,2,null,0.0,
2010-05-16,null,20,null,null,null,5650.0,0.0,169,12.8491831478,0,null,0.0,
2010-05-17,null,35,null,null,null,7150.0,0.0,291,12.8491831478,4,null,0.0,
2010-05-18,null,55,null,null,null,8400.0,0.0,303,12.8491831478,9,null,0.0,
2010-05-19,null,43,null,null,null,8200.0,0.0,312,12.4088614413,12,null,0.0,
2010-05-20,null,34,null,null,null,10150.0,0.0,287,11.8462281497,7,null,0.0,
2010-05-21,null,59,null,null,null,8800.0,0.0,333,11.8462281497,4,null,0.0,
2010-05-22,null,31,null,null,null,9750.0,0.99,345,11.8462281497,7,null,0.0,
2010-05-23,null,98,null,null,null,10550.0,0.0,449,11.8462281497,13,null,0.0,
2010-05-24,null,62,null,null,null,9400.0,0.0,328,11.8462281497,4,null,0.0,
2010-05-25,null,44,null,null,null,10500.0,0.0,345,11.8462281497,3,null,0.0,
2010-05-26,null,64,null,null,null,11150.0,0.0,403,11.8462281497,7,null,0.0,
2010-05-27,null,75,null,null,null,9600.0,0.0,382,11.8462281497,8,null,0.0,
2010-05-28,null,54,null,null,null,11150.0,0.0,360,11.8462281497,13,null,0.0,
2010-05-29,null,55,null,null,null,9200.0,0.0,360,13.4285318819,9,null,0.0,
2010-05-30,null,51,null,null,null,7450.0,0.0,271,16.6190787519,0,null,0.0,
2010-05-31,null,52,null,null,null,7100.0,0.0,281,16.6190787519,5,null,0.0,
2010-06-01,null,48,null,null,null,6750.0,0.0,276,16.6190787519,3,null,0.0,
2010-06-02,null,47,null,null,null,7350.0,0.0,257,16.6190787519,4,null,0.0,
2010-06-03,null,83,null,null,null,7600.0,0.0,402,16.6190787519,21,null,0.0,
2010-06-04,null,48,null,null,null,6250.0,0.0,236,16.6190787519,3,null,0.0,
2010-06-05,null,45,null,null,null,7250.0,0.0,261,16.6190787519,5,null,0.0,
2010-06-06,null,52,null,null,null,7400.0,0.0,270,16.6190787519,2,null,0.0,
2010-06-07,null,52,null,null,null,7850.0,0.0,480,16.6190787519,1,null,0.0,
2010-06-08,null,63,null,null,null,8000.0,0.0,340,16.6190787519,2,null,0.0,
2010-06-09,null,52,null,null,null,8400.0,0.0,352,16.6190787519,12,null,0.0,
2010-06-10,null,57,null,null,null,8000.0,0.0,287,16.6190787519,10,null,0.0,
2010-06-11,null,79,null,null,null,8400.0,0.0,354,16.6236169031,25,null,0.0,
2010-06-12,null,78,null,null,null,6750.0,0.0,293,17.3814881581,10,null,0.0,
2010-06-13,null,67,null,null,null,8600.0,0.0,341,17.3814881581,14,null,0.0,
2010-06-14,null,96,null,null,null,8050.0,0.0,422,17.3814881581,35,null,0.0,
2010-06-15,null,85,null,null,null,9200.0,0.0,365,17.3814881581,27,null,0.0,
2010-06-16,null,50,null,null,null,7100.0,0.0,294,17.3814881581,11,null,0.0,
2010-06-17,null,58,null,null,null,7300.0,0.0,282,17.3814881581,8,null,0.0,
2010-06-18,null,43,null,null,null,7500.0,0.0,274,17.3814881581,4,null,0.0,
2010-06-19,null,64,null,null,null,7500.0,0.0,379,17.3814881581,14,null,0.0,
2010-06-20,null,43,null,null,null,9250.0,0.0,308,17.3814881581,12,null,0.0,
2010-06-21,null,88,null,null,null,7700.0,0.0,346,17.3814881581,34,null,0.0,
2010-06-22,null,71,null,null,null,7800.0,0.0,364,17.3814881581,20,null,0.0,
2010-06-23,null,70,null,null,null,9350.0,0.0,350,17.3814881581,22,null,0.0,
2010-06-24,null,71,null,null,null,8450.0,0.0,368,18.2913782229,15,null,0.0,
2010-06-25,null,60,null,null,null,7500.0,0.0,249,19.4047963284,10,null,0.0,
2010-06-26,null,42,null,null,null,7950.0,0.0,249,19.4047963284,8,null,0.0,
2010-06-27,null,56,null,null,null,8900.0,0.0,316,19.4047963284,11,null,0.0,
2010-06-28,null,78,null,null,null,7600.0,0.0,289,19.4047963284,17,null,0.0,
2010-06-29,null,95,null,null,null,8450.0,0.0,401,19.4047963284,35,null,0.0,
2010-06-30,null,91,null,null,null,9100.0,1.37,450,19.4047963284,39,null,0.0,
2010-07-01,null,73,null,null,null,10550.0,0.0,401,19.4047963284,15,null,0.0,
2010-07-02,null,74,null,null,null,8350.0,0.0,378,19.4047963284,13,null,0.0,
2010-07-03,null,74,null,null,null,10600.0,0.0,358,19.4047963284,15,null,0.0,
2010-07-04,null,58,null,null,null,8300.0,0.0,437,19.4047963284,6,null,0.0,
2010-07-05,null,73,null,null,null,8950.0,0.0,380,19.4047963284,6,null,0.0,
2010-07-06,null,39,null,null,null,8450.0,0.0,268,23.1376660192,5,null,0.0,
2010-07-07,null,62,null,null,null,7800.0,0.0,383,23.5012572229,22,null,0.0,
2010-07-08,null,72,null,null,null,7550.0,0.0,314,23.5012572229,17,null,0.0,
2010-07-09,null,69,null,null,null,9950.0,0.0,348,23.5012572229,17,null,0.0,
2010-07-10,null,42,null,null,null,9900.0,0.0,402,23.5012572229,11,null,0.0,
2010-07-11,null,174,null,null,null,8950.0,0.0,587,23.5012572229,118,null,0.0,
2010-07-12,null,1641,null,null,null,32950.0,0.0,3551,23.5012572229,1417,null,0.0,
2010-07-13,null,787,null,null,null,34600.0,0.0,1998,35.2657922286,494,null,0.0,
2010-07-14,null,5554,null,null,null,28900.0,0.01,6763,45.385822341,5336,null,0.0,
2010-07-15,null,706,null,null,null,31200.0,0.66,2008,45.385822341,467,null,0.0,
2010-07-16,null,676,null,null,null,25250.0,0.27,1723,62.3718033756,435,null,0.0,
2010-07-17,null,235,null,null,null,8650.0,0.05,804,181.543289364,142,null,0.0,
2010-07-18,null,248,null,null,null,8600.0,0.83,917,181.543289364,152,null,0.0,
2010-07-19,null,354,null,null,null,8700.0,0.09,972,181.543289364,196,null,0.0,
2010-07-20,null,413,null,null,null,9050.0,0.0,906,181.543289364,311,null,0.0,
2010-07-21,null,256,null,null,null,10350.0,0.0,809,181.543289364,136,null,0.0,
2010-07-22,null,221,null,null,null,8800.0,0.0,599,181.543289364,127,null,0.0,
2010-07-23,null,217,null,null,null,9700.0,0.01,652,181.543289364,112,null,0.0,
2010-07-24,null,705,null,null,null,9450.0,0.0,964,181.543289364,413,null,0.0,
2010-07-25,null,1592,null,null,null,11550.0,2.9,2132,181.543289364,1513,null,0.0,
2010-07-26,null,224,null,null,null,12150.0,1.51,1238,181.543289364,109,null,0.0,
2010-07-27,null,260,null,null,null,8300.0,0.67,771,239.305336716,163,null,0.0,
2010-07-28,null,1792,null,null,null,7950.0,1.05,674,244.213223092,112,null,0.0,
2010-07-29,null,1687,null,null,null,9000.0,0.89,528,244.213223092,101,null,0.0,
2010-07-30,null,143,null,null,null,9100.0,0.29,583,244.213223092,79,null,0.0,
2010-07-31,null,92,null,null,null,10150.0,0.3,475,244.213223092,52,null,0.0,
2010-08-01,null,125,null,null,null,11950.0,0.31,620,244.213223092,82,null,0.0,
2010-08-02,null,156,null,null,null,12100.0,0.21,627,244.213223092,69,null,0.0,
2010-08-03,null,421,null,null,null,11350.0,0.0,974,244.213223092,329,null,0.0,
2010-08-04,null,196,null,null,null,12150.0,0.0,731,244.213223092,130,null,0.0,
2010-08-05,null,297,null,null,null,10900.0,0.0,819,259.06845052,202,null,0.0,
2010-08-06,null,212,null,null,null,7350.0,0.0,638,352.161209068,138,null,0.0,
2010-08-07,null,118,null,null,null,7750.0,2.31,514,352.161209068,54,null,0.0,
2010-08-08,null,192,null,null,null,9950.0,0.0,584,352.161209068,127,null,0.0,
2010-08-09,null,234,null,null,null,9500.0,4.32,778,352.161209068,130,null,0.0,
2010-08-10,null,149,null,null,null,9550.0,0.0,590,352.161209068,66,null,0.0,
2010-08-11,null,179,null,null,null,11650.0,0.0,701,352.161209068,70,null,0.0,
2010-08-12,null,175,null,null,null,10850.0,0.0,579,352.161209068,101,null,0.0,
2010-08-13,null,301,null,null,null,10750.0,0.0,847,352.161209068,222,null,0.0,
2010-08-14,null,153,null,null,null,14050.0,0.0,563,352.161209068,59,null,0.0,
2010-08-15,null,108,null,null,null,10350.0,0.0,425,389.94383677,29,null,0.0,
2010-08-16,null,306,null,null,null,7350.0,0.67,772,511.773534257,156,null,0.0,
2010-08-17,null,189,null,null,null,6450.0,0.0,494,511.773534257,101,null,0.0,
2010-08-18,null,244,null,null,null,6650.0,1.56,726,511.773534257,150,null,0.0,
2010-08-19,null,190,null,null,null,6750.0,0.0,470,511.773534257,90,null,0.0,
2010-08-20,null,230,null,null,null,9650.0,0.0,656,511.773534257,115,null,0.0,
2010-08-21,null,169,null,null,null,8650.0,0.0,528,511.773534257,95,null,0.0,
2010-08-22,null,154,null,null,null,10600.0,0.0,586,511.773534257,66,null,0.0,
2010-08-23,null,156,null,null,null,10650.0,0.0,653,511.773534257,76,null,0.0,
2010-08-24,null,164,null,null,null,10750.0,0.8,632,511.773534257,86,null,0.0,
2010-08-25,null,149,null,null,null,10800.0,0.0,499,511.773534257,63,null,0.0,
2010-08-26,null,158,null,null,null,10500.0,0.0,652,516.556966783,67,null,0.0,
2010-08-27,null,123,null,null,null,8550.0,0.0,497,623.386959869,62,null,0.0,
2010-08-28,null,169,null,null,null,8500.0,1.1e-06,527,623.386959869,94,null,0.0,
2010-08-29,null,98,null,null,null,8100.0,0.23,390,623.386959869,52,null,0.0,
2010-08-30,null,180,null,null,null,7450.0,0.36,522,623.386959869,93,null,0.0,
2010-08-31,null,257,null,null,null,9200.0,0.2000003,734,623.386959869,112,null,0.0,
2010-09-01,null,223,null,null,null,7850.0,0.0800002,603,623.386959869,145,null,0.0,
2010-09-02,null,165,null,null,null,7800.0,0.0,543,623.386959869,81,null,0.0,
2010-09-03,null,155,null,null,null,8200.0,0.0,500,623.386959869,84,null,0.0,
2010-09-04,null,93,null,null,null,9050.0,0.0,451,623.386959869,52,null,0.0,
2010-09-05,null,146,null,null,null,8250.0,0.01,548,623.386959869,73,null,0.0,
2010-09-06,null,120,null,null,null,7900.0,1e-07,511,623.386959869,59,null,0.0,
2010-09-07,null,122,null,null,null,8000.0,0.0,403,623.386959869,45,null,0.0,
2010-09-08,null,174,null,null,null,8250.0,2e-07,545,696.612518246,96,null,0.0,
2010-09-09,null,189,null,null,null,6750.0,0.1100001,514,712.884864552,106,null,0.0,
2010-09-10,null,183,null,null,null,8850.0,1e-07,541,712.884864552,108,null,0.0,
2010-09-11,null,145,null,null,null,8000.0,0.0,433,712.884864552,74,null,0.0,
2010-09-12,null,202,null,null,null,8850.0,0.15,711,712.884864552,109,null,0.0,
2010-09-13,null,265,null,null,null,8550.0,1e-07,718,712.884864552,140,null,0.0,
2010-09-14,null,221,null,null,null,10150.0,0.00960352,664,712.884864552,113,null,0.0,
2010-09-15,null,261,null,null,null,8450.0,0.0,662,712.884864552,165,null,0.0,
2010-09-16,null,219,null,null,null,10950.0,0.0,685,712.884864552,93,null,0.0,
2010-09-17,null,153,null,null,null,10400.0,0.0,1003,712.884864552,58,null,0.0,
2010-09-18,null,162,null,null,null,11850.0,0.18,562,712.884864552,65,null,0.0,
2010-09-19,null,146,null,null,null,10450.0,0.0,654,893.315684274,75,null,0.0,
2010-09-20,null,262,null,null,null,10150.0,0.0,705,917.830741302,133,null,0.0,
2010-09-21,null,638,null,null,null,8600.0,1e-07,1216,917.830741302,367,null,0.0,
2010-09-22,null,499,null,null,null,8700.0,0.0,1039,917.830741302,305,null,0.0,
2010-09-23,null,421,null,null,null,11700.0,0.0,1049,917.830741302,192,null,0.0,
2010-09-24,null,273,null,null,null,11400.0,0.0,807,917.830741302,127,null,0.0,
2010-09-25,null,325,null,null,null,10350.0,0.0,825,917.830741302,158,null,0.0,
2010-09-26,null,195,null,null,null,10250.0,0.0,623,917.830741302,103,null,0.0,
2010-09-27,null,374,null,null,null,11450.0,0.02,1269,917.830741302,196,null,0.0,
2010-09-28,null,279,null,null,null,10600.0,1.44,1699,978.334787921,153,null,0.0,
2010-09-29,null,811,null,null,null,8200.0,0.0,1198,1318.67005015,650,null,0.0,
2010-09-30,null,219,null,null,null,7300.0,0.0,638,1318.67005015,131,null,0.0,
2010-10-01,null,430,null,null,null,7700.0,0.56,847,1318.67005015,348,null,0.0,
2010-10-02,null,401,null,null,null,5000.0,0.00776813,780,1318.67005015,250,null,0.0,
2010-10-03,null,255,null,null,null,6100.0,0.00776625,672,1318.67005015,168,null,0.0,
2010-10-04,null,254,null,null,null,7650.0,9.9e-07,828,1318.67005015,174,null,0.0,
2010-10-05,null,245,null,null,null,6300.0,0.0,704,1318.67005015,155,null,0.0,
2010-10-06,null,236,null,null,null,8550.0,1.09e-06,692,1318.67005015,132,null,0.0,
2010-10-07,null,180,null,null,null,8000.0,0.0,647,1318.67005015,102,null,0.0,
2010-10-08,null,209,null,null,null,7700.0,0.0,813,1318.67005015,125,null,0.0,
2010-10-09,null,243,null,null,null,7900.0,0.0,750,1318.67005015,154,null,0.0,
2010-10-10,null,185,null,null,null,8900.0,0.0,623,1318.67005015,113,null,0.0,
2010-10-11,null,183,null,null,null,7950.0,1.09e-06,631,1318.67005015,110,null,0.0,
2010-10-12,null,197,null,null,null,7750.0,0.0,646,1363.09289742,129,null,0.0,
2010-10-13,null,188,null,null,null,8800.0,0.35,926,1378.02816504,125,null,0.0,
2010-10-14,null,162,null,null,null,10250.0,0.0,634,1378.02816504,104,null,0.0,
2010-10-15,null,151,null,null,null,8850.0,0.0,581,1378.02816504,97,null,0.0,
2010-10-16,null,183,null,null,null,12900.0,0.0,933,1378.02816504,112,null,0.0,
2010-10-17,null,187,null,null,null,13500.0,0.0,752,1378.02816504,112,null,0.0,
2010-10-18,null,330,null,null,null,12450.0,0.02,947,1378.02816504,206,null,0.0,
2010-10-19,null,668,null,null,null,12800.0,0.0,1408,1378.02816504,466,null,0.0,
2010-10-20,null,449,null,null,null,13200.0,0.0,1183,1378.02816504,296,null,0.0,
2010-10-21,null,366,null,null,null,9300.0,0.00776615,994,1962.49109319,235,null,0.0,
2010-10-22,null,448,null,null,null,7700.0,0.0,972,2149.02181495,284,null,0.0,
2010-10-23,null,342,null,null,null,8750.0,0.05,835,2149.02181495,227,null,0.0,
2010-10-24,null,347,null,null,null,10250.0,0.0,851,2149.02181495,201,null,0.0,
2010-10-25,null,207,null,null,null,10150.0,0.0,752,2149.02181495,135,null,0.0,
2010-10-26,null,277,null,null,null,12050.0,0.0,866,2149.02181495,206,null,0.0,
2010-10-27,null,355,null,null,null,10650.0,0.0,1117,2149.02181495,245,null,0.0,
2010-10-28,null,267,null,null,null,10950.0,0.0,998,2149.02181495,184,null,0.0,
2010-10-29,null,244,null,null,null,11150.0,0.0,848,2149.02181495,148,null,0.0,
2010-10-30,null,174,null,null,null,12600.0,0.0,659,2186.43114334,98,null,0.0,
2010-10-31,null,128,null,null,null,8950.0,0.0,572,3091.73689041,62,null,0.0,
2010-11-01,null,174,null,null,null,8850.0,0.0,597,3091.73689041,88,null,0.0,
2010-11-02,null,110,null,null,null,8800.0,0.0,458,3091.73689041,57,null,0.0,
2010-11-03,null,157,null,null,null,9500.0,0.0,574,3091.73689041,81,null,0.0,
2010-11-04,null,141,null,null,null,10050.0,0.0,607,3091.73689041,63,null,0.0,
2010-11-05,null,223,null,null,null,10950.0,0.0,835,3091.73689041,103,null,0.0,
2010-11-06,null,176,null,null,null,10900.0,0.0,596,3091.73689041,98,null,0.0,
2010-11-07,null,210,null,null,null,12050.0,0.0,690,3091.73689041,86,null,0.0,
2010-11-08,null,240,null,null,null,13750.0,0.83,1571,3091.73689041,113,null,0.0,
2010-11-09,null,192,null,null,null,10850.0,0.0,648,3670.91506764,93,null,0.0,
2010-11-10,null,194,null,null,null,10150.0,0.0,651,4536.35372328,111,null,0.0,
2010-11-11,null,176,null,null,null,10950.0,0.0,601,4536.35372328,85,null,0.0,
2010-11-12,null,117,null,null,null,8450.0,0.0,456,4536.35372328,52,null,0.0,
2010-11-13,null,120,null,null,null,11150.0,0.0,579,4536.35372328,52,null,0.0,
2010-11-14,null,160,null,null,null,12750.0,0.0,901,4536.35372328,80,null,0.0,
2010-11-15,null,4671,null,null,null,9950.0,0.48,4395,4536.35372328,3818,null,0.0,
2010-11-16,null,8908,null,null,null,9850.0,0.0,3365,4536.35372328,2678,null,0.0,
2010-11-17,null,188,null,null,null,12350.0,0.0,675,4536.35372328,98,null,0.0,
2010-11-18,null,1237,null,null,null,12850.0,0.0,632,4917.2209874,91,null,0.0,
2010-11-19,null,9482,null,null,null,7500.0,0.08,641,6866.89864897,103,null,0.0,
2010-11-20,null,9615,null,null,null,5800.0,1.0,784,6866.89864897,311,null,0.0,
2010-11-21,null,9904,null,null,null,7000.0,1.04,758,6866.89864897,210,null,0.0,
2010-11-22,null,180,null,null,null,8150.0,0.56,624,6866.89864897,109,null,0.0,
2010-11-23,null,201,null,null,null,7000.0,0.48,660,6866.89864897,120,null,0.0,
2010-11-24,null,3759,null,null,null,8850.0,0.19,963,6866.89864897,205,null,0.0,
2010-11-25,null,4802,null,null,null,9050.0,0.0,912,6866.89864897,218,null,0.0,
2010-11-26,null,1120,null,null,null,9700.0,0.37,1197,6866.89864897,524,null,0.0,
2010-11-27,null,265,null,null,null,9000.0,0.02,822,6866.89864897,183,null,0.0,
2010-11-28,null,282,null,null,null,8600.0,0.0,706,6866.89864897,223,null,0.0,
2010-11-29,null,245,null,null,null,10450.0,0.03,900,6866.89864897,146,null,0.0,
2010-11-30,null,252,null,null,null,10100.0,0.01,797,7166.72454228,162,null,0.0,
2010-12-01,null,324,null,null,null,9400.0,0.04,1109,8078.19525793,239,null,0.0,
2010-12-02,null,272,null,null,null,9400.0,0.06,812,8078.19525793,177,null,0.0,
2010-12-03,null,195,null,null,null,9450.0,0.01,881,8078.19525793,122,null,0.0,
2010-12-04,null,189,null,null,null,11450.0,0.01090727,729,8078.19525793,123,null,0.0,
2010-12-05,null,195,null,null,null,11950.0,0.03,695,8078.19525793,127,null,0.0,
2010-12-06,null,224,null,null,null,12050.0,0.04518713,734,8078.19525793,145,null,0.0,
2010-12-07,null,334,null,null,null,11950.0,0.08214637,1142,8078.19525793,218,null,0.0,
2010-12-08,null,285,null,null,null,11900.0,0.04,903,8078.19525793,204,null,0.0,
2010-12-09,null,263,null,null,null,11150.0,0.03727261,835,8227.92815487,170,null,0.0,
2010-12-10,null,226,null,null,null,7350.0,0.07,636,12251.9997604,160,null,0.0,
2010-12-11,null,375,null,null,null,8750.0,0.11724798,1070,12251.9997604,282,null,0.0,
2010-12-12,null,472,null,null,null,8550.0,0.14857412,1194,12251.9997604,381,null,0.0,
2010-12-13,null,505,null,null,null,7050.0,0.31147648,1676,12251.9997604,399,null,0.0,
2010-12-14,null,482,null,null,null,8550.0,0.04892339,1131,12251.9997604,320,null,0.0,
2010-12-15,null,446,null,null,null,9800.0,0.06743052,1093,12251.9997604,274,null,0.0,
2010-12-16,null,358,null,null,null,8650.0,0.10356946,949,12251.9997604,240,null,0.0,
2010-12-17,null,296,null,null,null,8300.0,0.23443294,796,12251.9997604,182,null,0.0,
2010-12-18,null,338,null,null,null,8050.0,0.06653564,858,12251.9997604,260,null,0.0,
2010-12-19,null,367,null,null,null,9200.0,0.11564519,1088,12251.9997604,250,null,0.0,
2010-12-20,null,773,null,null,null,7950.0,0.06699317,1461,12251.9997604,645,null,0.0,
2010-12-21,null,434,null,null,null,9750.0,0.11,1088,12606.856379,335,null,0.0,
2010-12-22,null,502,null,null,null,7900.0,0.17743052,1210,14484.1623612,390,null,0.0,
2010-12-23,null,374,null,null,null,7250.0,0.06,1018,14484.1623612,292,null,0.0,
2010-12-24,null,383,null,null,null,7400.0,0.07829328,851,14484.1623612,319,null,0.0,
2010-12-25,null,466,null,null,null,8400.0,0.06743052,1076,14484.1623612,405,null,0.0,
2010-12-26,null,439,null,null,null,7250.0,0.09564519,1028,14484.1623612,366,null,0.0,
2010-12-27,null,360,null,null,null,8300.0,0.07664517,1140,14484.1623612,282,null,0.0,
2010-12-28,null,492,null,null,null,8450.0,0.10339267,1030,14484.1623612,402,null,0.0,
2010-12-29,null,348,null,null,null,8250.0,0.13574567,990,14484.1623612,261,null,0.0,
2010-12-30,null,424,null,null,null,8450.0,0.09238552,1091,14484.1623612,323,null,0.0,
2010-12-31,null,393,null,null,null,8100.0,0.02335061,898,14484.1623612,299,null,0.0,
2011-01-01,null,478,null,null,null,9050.0,0.08915258,1077,14484.1623612,370,null,0.0,
2011-01-02,null,394,null,null,null,8750.0,0.08767732,1051,14484.1623612,284,null,0.0,
2011-01-03,null,972,null,null,null,7800.0,0.72825402,1398,15910.0440691,500,null,0.0,
2011-01-04,null,838,null,null,null,7050.0,0.03129091,1078,16307.4209385,429,null,0.0,
2011-01-05,null,1156,null,null,null,7700.0,0.09287614,1540,16307.4209385,582,null,0.0,
2011-01-06,null,553,null,null,null,7050.0,0.08308601,1161,16307.4209385,380,null,0.0,
2011-01-07,null,856,null,null,null,8200.0,0.05352512,1254,16307.4209385,523,null,0.0,
2011-01-08,null,1266,null,null,null,8500.0,0.01765433,1473,16307.4209385,670,null,0.0,
2011-01-09,null,1060,null,null,null,8150.0,0.14,1383,16307.4209385,588,null,0.0,
2011-01-10,null,1150,null,null,null,8100.0,0.06884469,1437,16307.4209385,595,null,0.0,
2011-01-11,null,1190,null,null,null,8600.0,0.04152517,1552,16307.4209385,664,null,0.0,
2011-01-12,null,995,null,null,null,8350.0,0.2906039,1263,16307.4209385,502,null,0.0,
2011-01-13,null,1078,null,null,null,9400.0,0.02493887,1696,16307.4209385,580,null,0.0,
2011-01-14,null,1081,null,null,null,9050.0,0.06493887,1607,16307.4209385,566,null,0.0,
2011-01-15,null,805,null,null,null,7850.0,0.10493887,1422,17202.9288872,627,null,0.0,
2011-01-16,null,757,null,null,null,8700.0,0.0862786,1536,18437.6443922,628,null,0.0,
2011-01-17,null,649,null,null,null,9050.0,0.1580748,1348,18437.6443922,562,null,0.0,
2011-01-18,null,677,null,null,null,7050.0,0.03768351,1416,18437.6443922,561,null,0.0,
2011-01-19,null,748,null,null,null,8450.0,0.05,1545,18437.6443922,648,null,0.0,
2011-01-20,null,738,null,null,null,9300.0,0.11736667,1453,18437.6443922,624,null,0.0,
2011-01-21,null,992,null,null,null,8700.0,0.05048576,1969,18437.6443922,824,null,0.0,
2011-01-22,null,1257,null,null,null,8250.0,0.46923415,2196,18437.6443922,973,null,0.0,
2011-01-23,null,911,null,null,null,8500.0,0.35905919,1932,18437.6443922,761,null,0.0,
2011-01-24,null,1131,null,null,null,9400.0,0.23,2058,18437.6443922,942,null,0.0,
2011-01-25,null,733,null,null,null,7800.0,0.12905919,1445,18437.6443922,595,null,0.0,
2011-01-26,null,825,null,null,null,9000.0,0.11,1586,18437.6443922,672,null,0.0,
2011-01-27,null,681,null,null,null,8000.0,0.59,1653,20537.8023478,554,null,0.0,
2011-01-28,null,923,null,null,null,7900.0,0.06,1690,22012.381338,776,null,0.0,
2011-01-29,null,1186,null,null,null,8050.0,0.44195608,2077,22012.381338,956,null,0.0,
2011-01-30,null,2436,null,null,null,7800.0,2.82108788,3198,22012.381338,2252,null,0.0,
2011-01-31,null,1223,null,null,null,8500.0,0.76,2229,22012.381338,1083,null,0.0,
2011-02-01,null,849,null,null,null,8200.0,0.79108788,1916,22012.381338,693,null,0.0,
2011-02-02,null,738,null,null,null,7900.0,0.05,1490,22012.381338,606,null,0.0,
2011-02-03,null,629,null,null,null,8000.0,0.16818974,1266,22012.381338,534,null,0.0,
2011-02-04,null,760,null,null,null,9700.0,0.12359852,1509,22012.381338,609,null,0.0,
2011-02-05,null,653,null,null,null,8950.0,0.15826263,1525,22012.381338,546,null,0.0,
2011-02-06,null,732,null,null,null,8850.0,0.12112588,1393,22012.381338,613,null,0.0,
2011-02-07,null,689,null,null,null,10150.0,0.31547204,1398,22012.381338,572,null,0.0,
2011-02-08,null,678,null,null,null,8400.0,0.17736992,1427,25001.5052811,551,null,0.0,
2011-02-09,null,1035,null,null,null,9600.0,0.06551728,2088,25997.8799288,886,null,0.0,
2011-02-10,null,1848,null,null,null,9300.0,0.87294408,3549,25997.8799288,1576,null,0.0,
2011-02-11,null,2169,null,null,null,9300.0,0.49910687,4310,25997.8799288,1864,null,0.0,
2011-02-12,null,1716,null,null,null,9800.0,0.74186934,3300,25997.8799288,1410,null,0.0,
2011-02-13,null,1624,null,null,null,9900.0,0.24,3266,25997.8799288,1360,null,0.0,
2011-02-14,null,1810,null,null,null,9800.0,2.74,4117,25997.8799288,1506,null,0.0,
2011-02-15,null,1999,null,null,null,11250.0,0.24346193,3410,25997.8799288,1651,null,0.0,
2011-02-16,null,1858,null,null,null,11600.0,0.59,2982,25997.8799288,1174,null,0.0,
2011-02-17,null,2019,null,null,null,11550.0,0.12346193,3492,25997.8799288,1640,null,0.0,
2011-02-18,null,1844,null,null,null,10600.0,0.53,3608,34091.130624,1500,null,0.0,
2011-02-19,null,1422,null,null,null,8050.0,0.54,2892,36459.8869251,1174,null,0.0,
2011-02-20,null,1741,null,null,null,9900.0,0.2,3177,36459.8869251,1469,null,0.0,
2011-02-21,null,1776,null,null,null,9700.0,0.41,3291,36459.8869251,1532,null,0.0,
2011-02-22,null,1985,null,null,null,10550.0,0.24546822,3781,36459.8869251,1663,null,0.0,
2011-02-23,null,2020,null,null,null,12150.0,0.37785377,3798,36459.8869251,1679,null,0.0,
2011-02-24,null,1902,null,null,null,10350.0,0.16769472,3676,36459.8869251,1618,null,0.0,
2011-02-25,null,1835,null,null,null,11250.0,0.41097152,3416,36459.8869251,1573,null,0.0,
2011-02-26,null,1676,null,null,null,13800.0,0.56049575,3581,36459.8869251,1409,null,0.0,
2011-02-27,null,2025,null,null,null,12200.0,1.08,3633,44848.7006078,1666,null,0.0,
2011-02-28,null,1570,null,null,null,7500.0,0.51785377,3028,55589.5181269,1305,null,0.0,
2011-03-01,null,2599,null,null,null,6500.0,0.42215377,5194,55589.5181269,2281,null,0.0,
2011-03-02,null,1841,null,null,null,8400.0,0.3925,3728,55589.5181269,1538,null,0.0,
2011-03-03,null,3018,null,null,null,9300.0,7.0669,4894,55589.5181269,2730,null,0.0,
2011-03-04,null,1761,null,null,null,11050.0,0.7207,3281,55589.5181269,1420,null,0.0,
2011-03-05,null,1771,null,null,null,13850.0,2.40320002,3610,55589.5181269,1434,null,0.0,
2011-03-06,null,1757,null,null,null,13700.0,5.2015,3316,55589.5181269,1480,null,0.0,
2011-03-07,null,1715,null,null,null,10550.0,5.97707488,3409,55589.5181269,1454,null,0.0,
2011-03-08,null,2253,null,null,null,9350.0,3.93000002,3867,55589.5181269,1996,null,0.0,
2011-03-09,null,1674,null,null,null,8000.0,3.24779297,3384,62671.8341715,1463,null,0.0,
2011-03-10,null,1551,null,null,null,5500.0,2.22833744,2912,76192.6193475,1357,null,0.0,
2011-03-11,null,1754,null,null,null,6500.0,6.58222915,3048,76192.6193475,1359,null,0.0,
2011-03-12,null,2816,null,null,null,7000.0,1.54693618,3232,76192.6193475,1458,null,0.0,
2011-03-13,null,2594,null,null,null,5850.0,1.75539295,2893,76192.6193475,1337,null,0.0,
2011-03-14,null,2531,null,null,null,5600.0,1.77642325,2900,76192.6193475,1073,null,0.0,
2011-03-15,null,2742,null,null,null,5600.0,1.83019999,3299,76192.6193475,1668,null,0.0,
2011-03-16,null,3047,null,null,null,6800.0,1.81,3166,76192.6193475,1361,null,0.0,
2011-03-17,null,3226,null,null,null,7050.0,1.38939294,3225,76192.6193475,1508,null,0.0,
2011-03-18,null,2251,null,null,null,6000.0,1.35139999,3094,76192.6193475,1410,null,0.0,
2011-03-19,null,3074,null,null,null,5750.0,1.21779295,3176,76192.6193475,1528,null,0.0,
2011-03-20,null,3939,null,null,null,6850.0,2.4870787,4449,76192.6193475,2842,null,0.0,
2011-03-21,null,5707,null,null,null,7400.0,8.66789295,4652,76192.6193475,2376,null,0.0,
2011-03-22,null,2119,null,null,null,5950.0,10.5302,3862,76192.6193475,1794,null,0.0,
2011-03-23,null,4413,null,null,null,7850.0,18.0735627,6864,76192.6193475,3377,null,0.0,
2011-03-24,null,2012,null,null,null,7600.0,8.27023194,4388,76192.6193475,2280,null,0.0,
2011-03-25,null,1826,null,null,null,8650.0,5.1827,4170,69603.348334,2380,null,0.0,
2011-03-26,null,3197,null,null,null,6900.0,4.5301,4828,68977.7846302,2905,null,0.0,
2011-03-27,null,2320,null,null,null,7150.0,6.3202327,4772,68977.7846302,2743,null,0.0,
2011-03-28,null,2763,null,null,null,8400.0,4.41,5336,68977.7846302,2867,null,0.0,
2011-03-29,null,2555,null,null,null,8150.0,3.42010001,4653,68977.7846302,2920,null,0.0,
2011-03-30,null,1600,null,null,null,7800.0,4.1309,3662,68977.7846302,1949,null,0.0,
2011-03-31,null,1894,null,null,null,10050.0,3.92,4159,68977.7846302,2334,null,0.0,
2011-04-01,null,1403,null,null,null,8800.0,3.4,3279,68977.7846302,1790,null,0.0,
2011-04-02,null,1592,null,null,null,9000.0,2.74040002,3304,68977.7846302,1904,null,0.0,
2011-04-03,null,1630,null,null,null,8750.0,4.2491133,3626,68977.7846302,2035,null,0.0,
2011-04-04,null,2131,null,null,null,8900.0,5.67785472,4621,68977.7846302,2471,null,0.0,
2011-04-05,null,1925,null,null,null,9700.0,5.2708,4306,69942.4755207,2353,null,0.0,
2011-04-06,null,1716,null,null,null,7400.0,4.89030001,3867,82345.644113,1956,null,0.0,
2011-04-07,null,1530,null,null,null,7350.0,2.9902,3423,82345.644113,1891,null,0.0,
2011-04-08,null,1601,null,null,null,8300.0,4.1201,3649,82345.644113,2109,null,0.0,
2011-04-09,null,1577,null,null,null,7800.0,4.21,3615,82345.644113,1965,null,0.0,
2011-04-10,null,1571,null,null,null,8650.0,5.25368921,3513,82345.644113,1883,null,0.0,
2011-04-11,null,1780,null,null,null,8150.0,4.36709964,4060,82345.644113,1993,null,0.0,
2011-04-12,null,1914,null,null,null,8150.0,4.69552894,4330,82345.644113,2314,null,0.0,
2011-04-13,null,2177,null,null,null,9700.0,4.06059999,4672,82345.644113,2423,null,0.0,
2011-04-14,null,2721,null,null,null,8000.0,14.2031,5966,82345.644113,2968,null,0.01,
2011-04-15,null,1882,null,null,null,6800.0,2.50004348,4147,82345.644113,2027,null,0.0,
2011-04-16,null,1981,null,null,null,8650.0,3.66088576,5369,82345.644113,2140,null,0.0,
2011-04-17,null,2077,null,null,null,9000.0,2.1625,4349,82345.644113,2270,null,0.0,
2011-04-18,null,2887,null,null,null,7400.0,3.27520399,5540,89441.619911,2945,null,0.0,
2011-04-19,null,3444,null,null,null,7700.0,5.65128213,6348,92347.5909521,3410,null,0.0,
2011-04-20,null,2825,null,null,null,7200.0,7.14490659,5387,92347.5909521,2624,null,0.0,
2011-04-21,null,1768,null,null,null,7350.0,3.3737338,4047,92347.5909521,2036,null,0.0,
2011-04-22,null,1921,null,null,null,8800.0,5.29,4248,92347.5909521,2166,null,0.0,
2011-04-23,null,2138,null,null,null,8600.0,5.2712,4936,92347.5909521,2474,null,0.0,
2011-04-24,null,2111,null,null,null,8100.0,6.65212226,4657,92347.5909521,2252,null,0.0,
2011-04-25,null,2400,null,null,null,9600.0,8.71326592,5074,92347.5909521,2896,null,0.0,
2011-04-26,null,3260,null,null,null,9750.0,5.11887739,6147,92347.5909521,3625,null,0.0,
2011-04-27,null,4397,null,null,null,9150.0,9.21167893,7489,92347.5909521,4542,null,0.0,
2011-04-28,null,2871,null,null,null,8200.0,6.6305,6221,92347.5909521,2985,null,0.0,
2011-04-29,null,3334,null,null,null,10000.0,7.42157689,6747,92347.5909521,3788,null,0.0,
2011-04-30,null,4284,null,null,null,9450.0,10.33932272,8157,107653.752703,4160,null,0.0,
2011-05-01,null,3770,null,null,null,8950.0,11.33184732,7490,109670.133292,3997,null,0.0,
2011-05-02,null,2898,null,null,null,9850.0,4.81371355,5987,109670.133292,3152,null,0.0,
2011-05-03,null,2739,null,null,null,9800.0,4.81618089,6050,109670.133292,3651,null,0.0,
2011-05-04,null,2603,null,null,null,9850.0,6.36378725,6372,109670.133292,3296,null,0.0,
2011-05-05,null,3245,null,null,null,10950.0,9.49085224,7096,109670.133292,3959,null,0.0,
2011-05-06,null,3072,null,null,null,10900.0,7.58751661,6852,109670.133292,3939,null,0.0,
2011-05-07,null,3673,null,null,null,10700.0,6.65502296,7278,109670.133292,4270,null,0.0,
2011-05-08,null,2679,null,null,null,10950.0,7.42987117,6400,109670.133292,3126,null,0.0,
2011-05-09,null,3277,null,null,null,11950.0,10.88841447,7565,115463.613577,4285,null,0.0,
2011-05-10,null,2968,null,null,null,9150.0,8.16121563,7165,157416.401844,3860,null,0.0,
2011-05-11,null,2899,null,null,null,9550.0,7.99288502,7085,157416.401844,3525,null,0.0,
2011-05-12,null,3192,null,null,null,8450.0,7.23333412,7229,157416.401844,3875,null,0.0,
2011-05-13,null,3857,null,null,null,10350.0,11.54072268,9451,157416.401844,4778,null,0.0,
2011-05-14,null,4172,null,null,null,12100.0,14.5062688,8975,157416.401844,5517,null,0.0,
2011-05-15,null,3550,null,null,null,11000.0,14.89642967,8317,157416.401844,5247,null,0.0,
2011-05-16,null,4102,null,null,null,12350.0,14.6451212,11771,157416.401844,8141,null,0.0,
2011-05-17,null,4207,null,null,null,12850.0,13.78504578,10497,157416.401844,7067,null,0.0,
2011-05-18,null,5293,null,null,null,14399.99,19.6534412,12939,162533.879138,7822,null,0.0,
2011-05-19,null,4492,null,null,null,8550.0,16.22203741,11998,244112.487774,7759,null,0.0,
2011-05-20,null,4575,null,null,null,11000.0,17.44287894,11600,244112.487774,6837,null,0.0,
2011-05-21,null,4744,null,null,null,11000.0,21.09099033,10772,244112.487774,6100,null,0.0,
2011-05-22,null,5030,null,null,null,12600.0,18.82072222,10834,244112.487774,7085,null,0.0,
2011-05-23,null,5459,null,null,null,14300.0,17.89042548,12092,244112.487774,7773,null,0.0,
2011-05-24,null,5566,null,null,null,14950.0,21.10884931,13185,244112.487774,8196,null,0.0,
2011-05-25,null,5951,null,null,null,15350.0,20.84249128,14562,244112.487774,9664,null,0.0,
2011-05-26,null,6671,null,null,null,14800.0,21.20593701,14476,277625.180353,8041,null,0.0,
2011-05-27,null,4686,null,null,null,8350.0,13.83792316,10813,434877.045528,5774,null,0.0,
2011-05-28,null,4858,null,null,null,7750.0,13.95017832,11640,434877.045528,6872,null,0.0,
2011-05-29,null,4573,null,null,null,9000.0,13.79916359,11196,434877.045528,7228,null,0.0,
2011-05-30,null,5183,null,null,null,7700.0,18.69512439,12747,434877.045528,8269,null,0.0,
2011-05-31,null,5913,null,null,null,7500.0,19.95330875,14046,434877.045528,7794,null,0.0,
2011-06-01,null,6352,null,null,null,9400.0,24.09437364,13981,434877.045528,8723,null,0.0,
2011-06-02,null,6946,null,null,null,9500.0,23.67861874,15518,434877.045528,8154,null,0.0,
2011-06-03,null,8239,null,null,null,10100.0,26.26233617,17815,434877.045528,10279,null,0.0,
2011-06-04,null,8587,null,null,null,11200.0,32.17970115,19418,434877.045528,11127,null,0.0,
2011-06-05,null,8384,null,null,null,10400.0,23.68250492,17861,434877.045528,10419,null,0.0,
2011-06-06,null,9470,null,null,null,11650.0,29.30295222,20962,484311.149232,12335,null,0.0,
2011-06-07,null,8832,null,null,null,8500.0,29.07019952,18964,567269.530162,9456,null,0.0,
2011-06-08,null,11630,null,null,null,9250.0,44.39330716,27306,567269.530162,13493,null,0.0,
2011-06-09,null,11954,null,null,null,11100.0,43.33116344,26278,567269.530162,16682,null,0.0,
2011-06-10,null,11046,null,null,null,11150.0,38.40760005,24144,567269.530162,14403,null,0.0,
2011-06-11,null,10645,null,null,null,12600.0,35.3582706,23770,567269.530162,14942,null,0.0,
2011-06-12,null,12207,null,null,null,11650.0,44.3103694,27014,567269.530162,16556,null,0.0,
2011-06-13,null,11019,null,null,null,11350.0,36.54969249,25809,567269.530162,15979,null,0.0,
2011-06-14,null,13911,null,null,null,12350.0,36.22552882,29778,567269.530162,20088,null,0.0,
2011-06-15,null,12326,null,null,null,13950.0,40.07210388,27541,688257.562439,17324,null,0.0,
2011-06-16,null,12566,null,null,null,9000.0,31.88585283,28867,876954.493514,16131,null,0.0,
2011-06-17,null,11110,null,null,null,9300.0,30.92216766,26054,876954.493514,15576,null,0.0,
2011-06-18,null,11366,null,null,null,9850.0,28.33145981,26115,876954.493514,18000,null,0.0,
2011-06-19,null,11249,null,null,null,11150.0,25.89261141,27766,876954.493514,17771,null,0.0,
2011-06-20,null,10991,null,null,null,11700.0,20.2764328,25961,876954.493514,17255,null,0.0,
2011-06-21,null,9451,null,null,null,12650.0,17.89533531,24996,876954.493514,16475,null,0.0,
2011-06-22,null,11259,null,null,null,13000.0,17.71723129,26764,876954.493514,18880,null,0.0,
2011-06-23,null,10178,null,null,null,12000.0,14.54556958,24369,876954.493514,16462,null,0.0,
2011-06-24,null,10706,null,null,null,10800.0,16.40096242,25212,1067618.84151,15717,null,0.0,
2011-06-25,null,9550,null,null,null,7150.0,23.41617735,22628,1379192.28823,13029,null,0.0,
2011-06-26,null,9836,null,null,null,7450.0,25.25259969,23539,1379192.28823,12697,null,0.0,
2011-06-27,null,11582,null,null,null,8450.0,26.52695141,30137,1379192.28823,18217,null,0.0,
2011-06-28,null,10559,null,null,null,8000.0,19.84870564,26180,1379192.28823,14445,null,0.0,
2011-06-29,null,9830,null,null,null,8600.0,19.98040622,24333,1379192.28823,14112,null,0.0,
2011-06-30,null,9445,null,null,null,9550.0,17.700014,23459,1379192.28823,13847,null,0.0,
2011-07-01,null,10430,null,null,null,8650.0,18.66566795,30214,1379192.28823,21643,null,0.0005,
2011-07-02,null,7849,null,null,null,8450.0,14.73519868,32230,1379192.28823,25473,null,0.0,
2011-07-03,null,8199,null,null,null,8250.0,13.34786788,22246,1379192.28823,14788,null,0.0,
2011-07-04,null,9434,null,null,null,8500.0,16.00174485,23558,1379192.28823,15484,null,0.0,
2011-07-05,null,8826,null,null,null,6950.0,18.80583735,23298,1379192.28823,13782,null,0.0,
2011-07-06,null,10362,null,null,null,7850.0,17.00709649,26919,1406123.63397,15616,null,0.0,
2011-07-07,null,9049,null,null,null,6550.0,14.01481972,22941,1563027.99612,13003,null,0.0,
2011-07-08,null,8363,null,null,null,8250.0,13.22525411,24626,1563027.99612,16154,null,0.0,
2011-07-09,null,7702,null,null,null,7450.0,12.97080973,22762,1563027.99612,15268,null,0.0,
2011-07-10,null,8255,null,null,null,6850.0,12.51029136,28708,1563027.99612,20637,null,0.0,
2011-07-11,null,10366,null,null,null,7850.0,14.86748074,25850,1563027.99612,16051,null,0.0,
2011-07-12,null,8006,null,null,null,7050.0,12.78697604,23044,1563027.99612,15051,null,0.0,
2011-07-13,null,9002,null,null,null,9550.0,14.94299643,27175,1563027.99612,17688,null,0.0,
2011-07-14,null,8572,null,null,null,7200.0,13.39252803,28843,1563027.99612,20189,null,0.0,
2011-07-15,null,7836,null,null,null,8100.0,16.29588524,24433,1563027.99612,15812,null,0.0,
2011-07-16,null,8719,null,null,null,7850.0,11.1504469,24053,1563027.99612,15837,null,0.0,
2011-07-17,null,8209,null,null,null,8500.0,12.13235639,24674,1563027.99612,16253,null,0.0,
2011-07-18,null,8806,null,null,null,8500.0,12.93738114,27882,1563027.99612,15122,null,0.0,
2011-07-19,null,9043,null,null,null,7100.0,14.84897984,24900,1583738.97893,15134,null,0.0,
2011-07-20,null,8714,null,null,null,7450.0,10.57322296,25886,1690895.80305,16242,null,0.0,
2011-07-21,null,8011,null,null,null,7600.0,9.00174475,25435,1690895.80305,16591,null,0.0,
2011-07-22,null,8840,null,null,null,7550.0,13.54095816,24454,1690895.80305,14919,null,0.0005,
2011-07-23,null,7269,null,null,null,7300.0,7.70811859,21907,1690895.80305,14336,null,0.0,
2011-07-24,null,8053,null,null,null,8300.0,10.20384419,23227,1690895.80305,15103,null,0.0,
2011-07-25,null,9320,null,null,null,8250.0,12.10683379,26960,1690895.80305,17140,null,0.0,
2011-07-26,null,8194,null,null,null,8800.0,7.83379577,23820,1690895.80305,14704,null,0.0,
2011-07-27,null,7821,null,null,null,8700.0,8.88988639,23479,1690895.80305,15832,null,0.0,
2011-07-28,null,7964,null,null,null,7750.0,7.53972477,25901,1690895.80305,16310,null,0.0,
2011-07-29,null,7151,null,null,null,8200.0,7.11432307,22221,1690895.80305,15007,null,0.0,
2011-07-30,null,6057,null,null,null,7600.0,5.71270055,19760,1690895.80305,12945,null,0.0,
2011-07-31,null,7924,null,null,null,8750.0,6.80016221,24137,1690895.80305,16267,null,0.0,
2011-08-01,null,8030,null,null,null,8250.0,7.69590762,23757,1807231.66683,14807,null,0.0,
2011-08-02,null,8663,null,null,null,7700.0,7.42971882,21703,1888786.70535,12376,null,0.0,
2011-08-03,null,7580,null,null,null,7850.0,8.19534382,18410,1888786.70535,9297,null,0.0,
2011-08-04,null,8178,null,null,null,6450.0,7.77788215,18966,1888786.70535,10338,null,0.0,
2011-08-05,null,7220,null,null,null,7000.0,6.37744951,21510,1888786.70535,13329,null,0.0,
2011-08-06,null,6712,null,null,null,6100.0,24.09643181,20231,1888786.70535,12191,null,0.0,
2011-08-07,null,6584,null,null,null,6300.0,6.53899155,20060,1888786.70535,12700,null,0.0,
2011-08-08,null,7131,null,null,null,6800.0,7.94504845,24628,1888786.70535,13332,null,0.0,
2011-08-09,null,9073,null,null,null,7300.0,11.68800022,23668,1888786.70535,14267,null,0.0,
2011-08-10,null,8183,null,null,null,7600.0,10.74649911,19710,1888786.70535,11681,null,0.0,
2011-08-11,null,7459,null,null,null,6850.0,7.11131223,18290,1888786.70535,9842,null,0.0,
2011-08-12,null,7034,null,null,null,6550.0,6.08149005,17126,1888786.70535,8135,null,0.0,
2011-08-13,null,7268,null,null,null,6500.0,6.89250462,19184,1888786.70535,10827,null,0.0,
2011-08-14,null,7339,null,null,null,6600.0,10.31653556,21505,1888786.70535,14255,null,0.0,
2011-08-15,null,8250,null,null,null,6450.0,9.74393646,19220,1887498.55234,10337,null,0.0005,
2011-08-16,null,9493,null,null,null,7350.0,9.93047003,20992,1805700.83619,12235,null,0.0005,
2011-08-17,null,7586,null,null,null,6800.0,6.74044315,20363,1805700.83619,11157,null,0.0,
2011-08-18,null,7271,null,null,null,7200.0,5.91856628,20674,1805700.83619,13489,null,0.0,
2011-08-19,null,7483,null,null,null,6550.0,7.7670445,22233,1805700.83619,13691,null,0.0,
2011-08-20,null,7039,null,null,null,7600.0,5.41691304,21113,1805700.83619,14183,null,0.0,
2011-08-21,null,7507,null,null,null,8000.0,5.68728636,22784,1805700.83619,14331,null,0.0,
2011-08-22,null,7646,null,null,null,8450.0,7.55144943,25202,1805700.83619,17090,null,0.0,
2011-08-23,null,7122,null,null,null,7750.0,6.96478529,22694,1805700.83619,14537,null,0.0,
2011-08-24,null,7233,null,null,null,6700.0,8.69528835,22129,1805700.83619,13764,null,0.0,
2011-08-25,null,7106,null,null,null,6750.0,5.9971543,23113,1805700.83619,14622,null,0.0,
2011-08-26,null,7274,null,null,null,7350.0,4.68880866,21536,1805700.83619,12102,null,0.0,
2011-08-27,null,6239,null,null,null,6100.0,5.02820664,20857,1805700.83619,12327,null,0.0,
2011-08-28,null,5473,null,null,null,5800.0,4.51282409,18476,1805700.83619,12048,null,0.0,
2011-08-29,null,7956,null,null,null,6900.0,5.35429164,18891,1805700.83619,11339,null,0.0,
2011-08-30,null,7658,null,null,null,7300.0,9.82284288,17534,1783130.22116,9762,null,0.0,
2011-08-31,null,7137,null,null,null,7750.0,5.91458926,17029,1777774.482,9572,null,0.0,
2011-09-01,null,7074,null,null,null,6450.0,5.61094361,16984,1777774.482,9026,null,0.0,
2011-09-02,null,6870,null,null,null,7800.0,6.83590736,16099,1777774.482,8587,null,0.0,
2011-09-03,null,5780,null,null,null,7250.0,3.82927997,14464,1777774.482,8055,null,0.0,
2011-09-04,null,7124,null,null,null,6700.0,9.87229329,17537,1777774.482,80683,null,0.0,
2011-09-05,null,6883,null,null,null,7800.0,7.1708289,18243,1777774.482,10430,null,0.0,
2011-09-06,null,7679,null,null,null,7550.0,6.52405064,18776,1777774.482,9633,null,0.0,
2011-09-07,null,6954,null,null,null,6800.0,8.13899549,16824,1777774.482,8937,null,0.0,
2011-09-08,null,6368,null,null,null,6450.0,4.66847138,15802,1777774.482,8417,null,0.0,
2011-09-09,null,7222,null,null,null,7700.0,7.67312696,18605,1777774.482,9924,null,0.0,
2011-09-10,null,5860,null,null,null,6650.0,5.36476482,15938,1777774.482,8569,null,0.0,
2011-09-11,null,6318,null,null,null,6250.0,5.09702161,15421,1777774.482,7835,null,0.0,
2011-09-12,null,6442,null,null,null,6650.0,5.37417472,16637,1777774.482,8594,null,0.0,
2011-09-13,null,6377,null,null,null,7100.0,4.15771892,14870,1765183.405,7947,null,0.0,
2011-09-14,null,6054,null,null,null,7300.0,3.78071682,14793,1755425.32033,8066,null,0.0,
2011-09-15,null,6318,null,null,null,7800.0,7.32051008,15457,1755425.32033,8230,null,0.0,
2011-09-16,null,6090,null,null,null,5950.0,4.96831626,14561,1755425.32033,7486,null,0.0,
2011-09-17,null,5320,null,null,null,6700.0,5.15724892,13124,1755425.32033,6729,null,0.0,
2011-09-18,null,5828,null,null,null,7900.0,5.37796247,14359,1755425.32033,8597,null,0.0,
2011-09-19,null,6526,null,null,null,6350.0,5.92737413,16062,1755425.32033,8788,null,0.0,
2011-09-20,null,8005,null,null,null,7000.0,6.56952256,21913,1755425.32033,13746,null,0.0,
2011-09-21,null,7538,null,null,null,7300.0,5.17605015,17933,1755425.32033,8959,null,0.0,
2011-09-22,null,5991,null,null,null,7400.0,3.78408626,17540,1755425.32033,10797,null,0.0,
2011-09-23,null,6195,null,null,null,6650.0,4.229413,19994,1755425.32033,13591,null,0.0,
2011-09-24,null,5599,null,null,null,6450.0,6.71538477,19433,1755425.32033,13054,null,0.0,
2011-09-25,null,5585,null,null,null,6850.0,3.36760959,19237,1755425.32033,13560,null,0.0,
2011-09-26,null,5505,null,null,null,6700.0,2.94068583,17763,1755425.32033,11521,null,0.0,
2011-09-27,null,5968,null,null,null,6650.0,4.67819858,18692,1753437.62361,11656,null,0.0,
2011-09-28,null,5870,null,null,null,7350.0,4.379026,13750,1689334.4046,8137,null,0.0,
2011-09-29,null,5464,null,null,null,6250.0,3.40420567,12797,1689334.4046,6982,null,0.0,
2011-09-30,null,5743,null,null,null,6100.0,3.60740812,13468,1689334.4046,6863,null,0.0,
2011-10-01,null,5231,null,null,null,7150.0,3.64170627,12999,1689334.4046,6641,null,0.0,
2011-10-02,null,4914,null,null,null,6050.0,3.17980555,11839,1689334.4046,6380,null,0.0,
2011-10-03,null,6376,null,null,null,7250.0,9.04096463,13848,1689334.4046,7527,null,0.0,
2011-10-04,null,5697,null,null,null,5600.0,3.67361125,13799,1689334.4046,6794,null,0.0,
2011-10-05,null,5626,null,null,null,7250.0,3.96348448,13654,1689334.4046,7374,null,0.0,
2011-10-06,null,5784,null,null,null,6400.0,8.08896045,14442,1689334.4046,7292,null,0.0,
2011-10-07,null,5536,null,null,null,6900.0,4.29311937,13746,1689334.4046,7502,null,0.0,
2011-10-08,null,5283,null,null,null,5950.0,3.31460839,12497,1689334.4046,6908,null,0.0,
2011-10-09,null,5330,null,null,null,6350.0,2.93826347,12276,1689334.4046,6715,null,0.0,
2011-10-10,null,5759,null,null,null,6150.0,3.34552432,13349,1689334.4046,7320,null,0.0,
2011-10-11,null,5837,null,null,null,4650.0,5.23729813,13715,1689334.4046,7463,null,0.0,
2011-10-12,null,5829,null,null,null,6000.0,4.62867518,13584,1689334.4046,7397,null,0.0,
2011-10-13,null,4887,null,null,null,4850.0,4.15961153,11659,1689334.4046,5827,null,0.0,
2011-10-14,null,5972,null,null,null,6950.0,3.40803011,14554,1479331.92248,6867,null,0.0,
2011-10-15,null,5445,null,null,null,6700.0,3.37524119,13158,1468195.42722,6962,null,0.0,
2011-10-16,null,4862,null,null,null,5950.0,3.20900548,11983,1468195.42722,5919,null,0.0,
2011-10-17,null,5663,null,null,null,5900.0,4.29614349,14144,1468195.42722,7372,null,0.0,
2011-10-18,null,4743,null,null,null,6000.0,2.90288072,12316,1468195.42722,6588,null,0.0,
2011-10-19,null,4997,null,null,null,6650.0,3.26182986,12555,1468195.42722,6403,null,0.0,
2011-10-20,null,4534,null,null,null,5750.0,6.01146197,11118,1468195.42722,5936,null,0.0,
2011-10-21,null,5085,null,null,null,6050.0,2.67678376,12051,1468195.42722,6324,null,0.0,
2011-10-22,null,5016,null,null,null,4900.0,2.81398947,12109,1468195.42722,6505,null,0.0,
2011-10-23,null,5500,null,null,null,5400.0,3.12097763,13218,1468195.42722,6765,null,0.0,
2011-10-24,null,5807,null,null,null,6350.0,3.48844221,13953,1468195.42722,7412,null,0.0,
2011-10-25,null,5097,null,null,null,6450.0,2.74079235,13107,1468195.42722,7404,null,0.0,
2011-10-26,null,5155,null,null,null,5850.0,3.08756534,12447,1468195.42722,6481,null,0.0,
2011-10-27,null,4577,null,null,null,5000.0,2.6844951,11458,1468195.42722,5864,null,0.0,
2011-10-28,null,5013,null,null,null,5250.0,3.04376757,12707,1468195.42722,5976,null,0.0,
2011-10-29,null,5483,null,null,null,5650.0,3.47376641,12873,1468195.42722,6804,null,0.0,
2011-10-30,null,4869,null,null,null,5550.0,3.28358643,11401,1468195.42722,5728,null,0.0,
2011-10-31,null,5051,null,null,null,6550.0,3.1218532,12022,1235795.78908,6261,null,0.0,
2011-11-01,null,5627,null,null,null,7500.0,4.90302985,12768,1203461.92638,6216,null,0.0,
2011-11-02,null,5837,null,null,null,7700.0,3.29867938,13117,1203461.92638,6327,null,0.0,
2011-11-03,null,6128,null,null,null,6250.0,2.90902778,13114,1203461.92638,6159,null,0.0,
2011-11-04,null,6393,null,null,null,7350.0,3.14947335,15815,1203461.92638,7759,null,0.0,
2011-11-05,null,5782,null,null,null,7300.0,3.62211848,13495,1203461.92638,6745,null,0.0,
2011-11-06,null,4890,null,null,null,7200.0,2.36602429,11541,1203461.92638,6371,null,0.0,
2011-11-07,null,5364,null,null,null,6600.0,3.48022274,12641,1203461.92638,6468,null,0.0,
2011-11-08,null,5845,null,null,null,7450.0,4.16780068,13738,1203461.92638,7691,null,0.0,
2011-11-09,null,6287,null,null,null,8050.0,3.28183143,14341,1203461.92638,7660,null,0.0,
2011-11-10,null,6400,null,null,null,7050.0,3.33778992,14362,1203461.92638,8341,null,0.0,
2011-11-11,null,4974,null,null,null,5950.0,2.09090012,12128,1203461.92638,6117,null,0.0,
2011-11-12,null,4984,null,null,null,7150.0,2.47113317,12259,1203461.92638,6628,null,0.0,
2011-11-13,null,5230,null,null,null,7200.0,2.84207788,12538,1203461.92638,6802,null,0.0,
2011-11-14,null,5765,null,null,null,7150.0,2.75307178,13718,1196024.68792,7406,null,0.0,
2011-11-15,null,5941,null,null,null,8250.0,2.88289742,14168,1192497.75009,8174,null,0.0,
2011-11-16,null,5913,null,null,null,6750.0,3.76975825,13156,1192497.75009,7030,null,0.0,
2011-11-17,null,4820,null,null,null,6950.0,2.84779587,12196,1192497.75009,6228,null,0.0,
2011-11-18,null,5036,null,null,null,6650.0,3.35692678,12421,1192497.75009,6732,null,0.0,
2011-11-19,null,4601,null,null,null,6150.0,3.1302203,10092,1192497.75009,6374,null,0.0,
2011-11-20,null,4982,null,null,null,7150.0,3.9353639,11419,1192497.75009,6489,null,0.0,
2011-11-21,null,4652,null,null,null,5900.0,2.77203285,10158,1192497.75009,6137,null,0.0,
2011-11-22,null,5351,null,null,null,7000.0,2.95829998,11490,1192497.75009,6895,null,0.0,
2011-11-23,null,5464,null,null,null,6700.0,3.51238566,11499,1192497.75009,6238,null,0.0,
2011-11-24,null,4905,null,null,null,5650.0,3.99912116,10946,1192497.75009,6267,null,0.0,
2011-11-25,null,5351,null,null,null,6750.0,4.2864208,11682,1192497.75009,7015,null,0.0,
2011-11-26,null,4632,null,null,null,6000.0,2.83428324,10288,1192497.75009,5942,null,0.0,
2011-11-27,null,4947,null,null,null,5700.0,2.55055237,10752,1192497.75009,6336,null,0.0,
2011-11-28,null,5803,null,null,null,6350.0,3.04346641,12621,1192497.75009,7168,null,0.0,
2011-11-29,null,6276,null,null,null,6900.0,4.38064219,14376,1149719.77862,7728,null,0.0,
2011-11-30,null,6695,null,null,null,8100.0,3.6548132,15435,1090715.68005,7776,null,0.0,
2011-12-01,null,6170,null,null,null,9100.0,4.48500523,14028,1090715.68005,8684,null,0.0,
2011-12-02,null,6172,null,null,null,7300.0,4.59537048,13328,1090715.68005,7903,null,0.0,
2011-12-03,null,5479,null,null,null,7600.0,4.65336537,12858,1090715.68005,7168,null,0.0,
2011-12-04,null,5249,null,null,null,6800.0,2.84299205,11873,1090715.68005,7047,null,0.0,
2011-12-05,null,6079,null,null,null,7900.0,3.00216604,13078,1090715.68005,8123,null,0.0,
2011-12-06,null,7807,null,null,null,8550.0,4.24956871,15244,1090715.68005,9722,null,0.0,
2011-12-07,null,5997,null,null,null,6900.0,3.86961131,12910,1090715.68005,7153,null,0.0,
2011-12-08,null,5656,null,null,null,8200.0,2.73893984,14059,1090715.68005,7626,null,0.0,
2011-12-09,null,5441,null,null,null,7350.0,3.0104452,11780,1090715.68005,6929,null,0.0,
2011-12-10,null,5534,null,null,null,7200.0,2.88798269,11947,1090715.68005,7519,null,0.0,
2011-12-11,null,5109,null,null,null,7600.0,220.2034227,12136,1090715.68005,6838,null,0.0,
2011-12-12,null,4735,null,null,null,6350.0,177.32322513,11359,1101351.70944,6533,null,0.0,
2011-12-13,null,5274,null,null,null,6600.0,4.05414175,11983,1155038.33396,7500,null,0.0,
2011-12-14,null,5539,null,null,null,7650.0,3.86264306,11973,1155038.33396,7367,null,0.0,
2011-12-15,null,4738,null,null,null,5600.0,7.82976711,10025,1155038.33396,5834,null,0.0,
2011-12-16,null,5046,null,null,null,5900.0,2.70176401,10633,1155038.33396,5796,null,0.0,
2011-12-17,null,4843,null,null,null,7500.0,3.61587343,10214,1155038.33396,6037,null,0.0,
2011-12-18,null,4488,null,null,null,7200.0,3.10125952,9874,1155038.33396,6321,null,0.0,
2011-12-19,null,5685,null,null,null,7950.0,4.15730356,12720,1155038.33396,7701,null,0.0,
2011-12-20,null,6161,null,null,null,6700.0,5.90673522,13691,1155038.33396,7498,null,0.0,
2011-12-21,null,5428,null,null,null,7450.0,4.26075206,11883,1155038.33396,6841,null,0.0,
2011-12-22,null,5711,null,null,null,7400.0,3.45347236,12034,1155038.33396,7890,null,0.0,
2011-12-23,null,5540,null,null,null,7100.0,2.65278626,12106,1155038.33396,7298,null,0.0,
2011-12-24,null,4513,null,null,null,7250.0,2.24582386,10250,1155038.33396,5893,null,0.0,
2011-12-25,null,5112,null,null,null,8700.0,2.92534449,11801,1155038.33396,7188,null,0.0,
2011-12-26,null,5464,null,null,null,8850.0,3.25628134,12175,1156198.94897,7559,null,0.0,
2011-12-27,null,5066,null,null,null,7250.0,2.99677875,11746,1159929.49722,6602,null,0.0,
2011-12-28,null,4845,null,null,null,7750.0,3.14922344,10806,1159929.49722,6522,null,0.0,
2011-12-29,null,5074,null,null,null,6900.0,4.15995739,11322,1159929.49722,6893,null,0.0,
2011-12-30,null,4909,null,null,null,7100.0,3.33845198,10544,1159929.49722,6270,null,0.0,
2011-12-31,null,4986,null,null,null,7550.0,3.94540785,10887,1159929.49722,5906,null,0.0,
2012-01-01,null,4848,null,null,null,7650.0,3.55428136,11446,1159929.49722,6956,null,0.0,
2012-01-02,null,5259,null,null,null,7550.0,5.55312158,11914,1159929.49722,6812,null,0.0,
2012-01-03,null,5614,null,null,null,7950.0,5.35215755,13136,1159929.49722,7591,null,0.0,
2012-01-04,null,5582,null,null,null,7450.0,14.19587733,12470,1159929.49722,7037,null,0.0,
2012-01-05,null,6847,null,null,null,7350.0,5.69832762,15384,1159929.49722,8544,null,0.0,
2012-01-06,null,6473,null,null,null,8550.0,6.48923847,14909,1159929.49722,8263,null,0.0,
2012-01-07,null,5721,null,null,null,9200.0,4.47999358,13422,1159929.49722,7238,null,0.0,
2012-01-08,null,6241,null,null,null,8150.0,3.72339797,14670,1178875.2655,9512,null,0.0,
2012-01-09,null,5948,null,null,null,8200.0,6.36959413,14839,1250757.73927,7977,null,0.0,
2012-01-10,null,6536,null,null,null,7050.0,4.89613037,16090,1250757.73927,8942,null,0.0,
2012-01-11,null,6986,null,null,null,7650.0,5.70224742,16988,1250757.73927,9296,null,0.0,
2012-01-12,null,6541,null,null,null,7750.0,41.21799271,13881,1250757.73927,8451,null,0.0,
2012-01-13,null,6707,null,null,null,7000.0,9.78890443,14496,1250757.73927,8735,null,0.0,
2012-01-14,null,6657,null,null,null,7500.0,12.78590354,14564,1250757.73927,9135,null,0.0,
2012-01-15,null,6173,null,null,null,6950.0,13.42837115,13549,1250757.73927,7805,null,0.0,
2012-01-16,null,6799,null,null,null,8750.0,39.00729892,14847,1250757.73927,9835,null,0.0,
2012-01-17,null,6595,null,null,null,7850.0,7.65115618,14303,1250757.73927,8549,null,0.0,
2012-01-18,null,6519,null,null,null,6399.983,10.84433779,14741,1250757.73927,8606,null,0.0,
2012-01-19,null,6752,null,null,null,7499.90410467,27.51359672,15093,1250757.73927,9095,null,0.0,
2012-01-20,null,6635,null,null,null,7249.60988015,24.76691769,14194,1250757.73927,8612,null,0.0,
2012-01-21,null,6202,null,null,null,8199.56045916,4.77026648,13525,1250757.73927,8097,null,0.0,
2012-01-22,null,5189,null,null,null,6799.79459709,3.03810531,11404,1298931.42643,7198,null,0.0,
2012-01-23,null,5930,null,null,null,8499.83159523,4.95998425,13216,1307728.3606,8379,null,0.0,
2012-01-24,null,7129,null,null,null,6948.88961536,9.74988917,14936,1307728.3606,9100,null,0.0,
2012-01-25,null,7813,null,null,null,7399.78089538,7.67575923,16583,1307728.3606,9895,null,0.0,
2012-01-26,null,6460,null,null,null,6899.306465,8.95157979,14442,1307728.3606,8547,null,0.0,
2012-01-27,null,6196,null,null,null,7048.59161842,22.99546222,14435,1307728.3606,8308,null,0.0,
2012-01-28,null,5765,null,null,null,7247.70065336,9.0851158,13053,1307728.3606,8435,null,0.0,
2012-01-29,null,6259,null,null,null,8348.80815765,220.50932057,14391,1307728.3606,8475,null,0.0,
2012-01-30,null,5981,null,null,null,8599.66039156,29.11896874,13507,1307728.3606,8491,null,0.0,
2012-01-31,null,6775,null,null,null,7499.933,7.18514321,15626,1307728.3606,8662,null,0.0,
2012-02-01,null,6361,null,null,null,7049.76188912,4.75073058,14973,1307728.3606,8976,null,0.0,
2012-02-02,null,7005,null,null,null,7949.83683227,11.58782875,16105,1307728.3606,9972,null,0.0,
2012-02-03,null,6892,null,null,null,7899.84150639,6.90589652,16552,1307728.3606,10169,null,0.0,
2012-02-04,null,7080,null,null,null,7849.97383857,8.68539583,16364,1346207.35808,9042,null,0.0,
2012-02-05,null,6632,null,null,null,7100.0,4.26033091,14857,1379647.43921,8766,null,0.0,
2012-02-06,null,5990,null,null,null,7300.0,4.29055832,13894,1379647.43921,7682,null,0.0,
2012-02-07,null,6875,null,null,null,6849.9975,6.64074854,14708,1379647.43921,8754,null,0.0,
2012-02-08,null,6879,null,null,null,7250.0,5.11443415,14594,1379647.43921,9134,null,0.0,
2012-02-09,null,7343,null,null,null,7250.0,7.4184694,15120,1379647.43921,9037,null,0.0,
2012-02-10,null,8318,null,null,null,6900.0,4.17461763,16357,1379647.43921,10142,null,0.0,
2012-02-11,null,7529,null,null,null,7499.86239476,3.91143183,15289,1379647.43921,8809,null,0.0,
2012-02-12,null,6872,null,null,null,7899.9715,3.86719352,14180,1379647.43921,9004,null,0.0,
2012-02-13,null,7855,null,null,null,6850.0,5.25311801,16253,1379647.43921,9728,null,0.0,
2012-02-14,null,9351,null,null,null,6899.986,15.47396451,18405,1379647.43921,10996,null,1e-07,
2012-02-15,null,9203,null,null,null,6699.99219564,6.10036407,17765,1379647.43921,11681,null,0.0005,
2012-02-16,null,9399,null,null,null,6899.86766399,10.06136133,18665,1379647.43921,11698,null,0.0005,
2012-02-17,null,6626,null,null,null,7599.9815,3.61639153,14220,1379647.43921,7562,null,0.0,
2012-02-18,null,6345,null,null,null,8550.0,3.34530801,14501,1377710.76108,8988,null,0.0,
2012-02-19,null,5800,null,null,null,7900.0,2.65186887,13249,1376302.26789,8035,null,0.0,
2012-02-20,null,6199,null,null,null,7000.0,4.11776338,14291,1376302.26789,7750,null,0.0,
2012-02-21,null,6291,null,null,null,6450.0,3.42801758,14719,1376302.26789,8166,null,0.0,
2012-02-22,null,7035,null,null,null,7950.0,3.413929,16291,1376302.26789,9247,null,0.0,
2012-02-23,null,7848,null,null,null,8300.0,5.00951708,17560,1376302.26789,10317,null,0.0,
2012-02-24,null,6781,null,null,null,7450.0,4.41363023,16519,1376302.26789,9411,null,0.0,
2012-02-25,null,6141,null,null,null,8250.0,3.12296116,15158,1376302.26789,9266,null,0.0,
2012-02-26,null,5671,null,null,null,7499.9935,3.4264833,13327,1376302.26789,8158,null,0.0,
2012-02-27,null,6581,null,null,null,7700.0,5.66176552,14913,1376302.26789,8797,null,0.0,
2012-02-28,null,6565,null,null,null,8000.0,3.84771572,16324,1376302.26789,10109,null,0.0,
2012-02-29,null,6540,null,null,null,8950.0,3.40234542,15444,1376302.26789,9676,null,0.0,
2012-03-01,null,6660,null,null,null,7550.0,6.71836722,16144,1376302.26789,8590,null,0.0,
2012-03-02,null,7511,null,null,null,6700.0,4.50574566,17614,1445646.12751,10189,null,0.0,
2012-03-03,null,5074,null,null,null,5649.9785,2.4639481,12593,1496978.59503,7577,null,0.0,
2012-03-04,null,6454,null,null,null,6849.9909,4.82666734,14963,1496978.59503,10275,null,0.0,
2012-03-05,null,6834,null,null,null,7250.0,5.18860926,16144,1496978.59503,10454,null,0.0,
2012-03-06,null,6231,null,null,null,6849.948,4.84595258,15304,1496978.59503,9378,null,0.0,
2012-03-07,null,6481,null,null,null,7700.0,4.0207262,15213,1496978.59503,9860,null,0.0,
2012-03-08,null,6481,null,null,null,7800.0,4.07410789,15705,1496978.59503,10207,null,0.0,
2012-03-09,null,6334,null,null,null,8400.0,4.13638026,15797,1496978.59503,10062,null,0.0,
2012-03-10,null,5205,null,null,null,8250.0,4.38179608,12888,1496978.59503,7981,null,0.0,
2012-03-11,null,5089,null,null,null,6700.0,2.90460712,12646,1496978.59503,7914,null,0.0,
2012-03-12,null,5975,null,null,null,8300.0,3.76477631,14362,1496978.59503,9466,null,0.0,
2012-03-13,null,7235,null,null,null,8000.0,11.31640397,16821,1496978.59503,9888,null,0.0,
2012-03-14,null,6758,null,null,null,6850.0,5.17901821,16186,1496978.59503,9407,null,0.0,
2012-03-15,null,6163,null,null,null,6050.0,3.61549948,15146,1496978.59503,8302,null,0.0,
2012-03-16,null,6782,null,null,null,7650.0,8.82293451,16246,1497898.7725,9320,null,0.0,
2012-03-17,null,6706,null,null,null,8500.0,3.56057831,16085,1498294.36282,9112,null,0.0,
2012-03-18,null,5879,null,null,null,8000.0,3.22801017,13886,1498294.36282,8298,null,0.0,
2012-03-19,null,6509,null,null,null,7150.0,4.22460866,15518,1498294.36282,8111,null,0.0,
2012-03-20,null,6674,null,null,null,8000.0,4.81981657,15982,1498294.36282,8850,null,0.0,
2012-03-21,null,6842,null,null,null,7900.0,3.37831566,16215,1498294.36282,9270,null,0.0,
2012-03-22,null,6429,null,null,null,7900.0,3.38385442,15714,1498294.36282,9652,null,0.0,
2012-03-23,null,6030,null,null,null,6300.0,4.22778506,14259,1498294.36282,8220,null,0.0,
2012-03-24,null,6191,null,null,null,9200.0,14.90705662,13804,1498294.36282,8535,null,0.0,
2012-03-25,null,6055,null,null,null,7850.0,6.90424078,14487,1498294.36282,7798,null,0.0,
2012-03-26,null,6468,null,null,null,7550.0,3.47762179,15780,1498294.36282,8630,null,0.0,
2012-03-27,null,6510,null,null,null,7800.0,4.26964421,15520,1498294.36282,9302,null,0.0,
2012-03-28,null,7089,null,null,null,7500.0,4.94067765,16243,1498294.36282,9371,null,0.0,
2012-03-29,null,7377,null,null,null,7050.0,4.465422,17029,1593806.47235,9683,null,0.0,
2012-03-30,null,6674,null,null,null,7700.0,4.39585095,15032,1626553.48133,8841,null,0.0,
2012-03-31,null,6022,null,null,null,8500.0,4.51687503,14044,1626553.48133,8422,null,0.0,
2012-04-01,null,5421,null,null,null,7100.0,3.8187765,12758,1626553.48133,7567,null,0.0,
2012-04-02,null,6356,null,null,null,5800.0,4.18861998,14892,1626553.48133,8169,null,0.0,
2012-04-03,null,7606,null,null,null,6650.0,5.07741879,18802,1626553.48133,9355,null,0.0,
2012-04-04,null,7006,null,null,null,6850.0,4.933347,16684,1626553.48133,8935,null,0.0,
2012-04-05,null,6911,null,null,null,5850.0,4.87816401,16394,1626553.48133,8896,null,0.0,
2012-04-06,null,6563,null,null,null,6800.0,4.81551397,16328,1626553.48133,8843,null,0.0,
2012-04-07,null,5951,null,null,null,6450.0,3.7089169,14273,1626553.48133,8453,null,0.0,
2012-04-08,null,5765,null,null,null,7500.0,3.89195527,13925,1626553.48133,8659,null,0.0,
2012-04-09,null,6471,null,null,null,7300.0,3.8471699,15215,1626553.48133,8668,null,0.0,
2012-04-10,null,8321,null,null,null,7350.0,6.99130937,17422,1626553.48133,10778,null,0.0,
2012-04-11,null,7717,null,null,null,7050.0,5.24550745,18458,1626553.48133,10151,null,0.0,
2012-04-12,null,8163,null,null,null,6350.0,6.27057008,18831,1613531.75021,10333,null,0.0,
2012-04-13,null,6918,null,null,null,6150.0,4.10579243,15778,1577913.48568,8924,null,0.0,
2012-04-14,null,7888,null,null,null,6950.0,6.08591529,17358,1577913.48568,10311,null,0.0,
2012-04-15,null,7264,null,null,null,5350.0,3.69750206,16240,1577913.48568,9208,null,0.0,
2012-04-16,null,8427,null,null,null,7500.0,5.97850946,19108,1577913.48568,11293,null,0.0,
2012-04-17,null,7670,null,null,null,6750.0,6.72206006,18547,1577913.48568,10137,null,0.0,
2012-04-18,null,8450,null,null,null,6500.0,6.21412925,19371,1577913.48568,10692,null,0.0,
2012-04-19,null,7743,null,null,null,7850.0,5.84943097,17782,1577913.48568,9481,null,0.0,
2012-04-20,null,8131,null,null,null,7700.0,7.2213516,19346,1577913.48568,10854,null,0.0,
2012-04-21,null,7047,null,null,null,7700.0,4.93120932,16314,1577913.48568,9034,null,0.0,
2012-04-22,null,6214,null,null,null,7000.0,4.86652314,14698,1577913.48568,8665,null,0.0,
2012-04-23,null,6969,null,null,null,6750.0,4.2807022,16735,1577913.48568,9336,null,0.0,
2012-04-24,null,7522,null,null,null,6900.0,6.5560811,17330,1577913.48568,9777,null,0.0,
2012-04-25,null,7430,null,null,null,6350.0,5.52832728,17454,1577913.48568,10766,null,0.0,
2012-04-26,null,9944,null,null,null,7750.0,12.40886862,19169,1577913.48568,11932,null,0.0005,
2012-04-27,null,7060,null,null,null,6750.0,6.88570856,17202,1528103.04182,9678,null,0.0,
2012-04-28,null,7275,null,null,null,7600.0,6.86687116,15969,1508589.67206,9726,null,0.0,
2012-04-29,null,7550,null,null,null,8950.0,4.06208503,15991,1508589.67206,10242,null,0.0,
2012-04-30,null,9234,null,null,null,8950.0,5.13386643,19101,1508589.67206,12110,null,0.0005,
2012-05-01,null,10038,null,null,null,8500.0,6.73048886,20030,1508589.67206,13576,null,0.0005,
2012-05-02,null,9828,null,null,null,7500.0,6.93450193,20199,1508589.67206,11800,null,0.0005,
2012-05-03,null,13845,null,null,null,7850.0,11.29578945,21860,1508589.67206,16704,null,0.0005,
2012-05-04,null,13937,null,null,null,8050.0,10.45653352,22678,1508589.67206,17209,null,0.0005,
2012-05-05,null,12831,null,null,null,8350.0,7.87065714,20017,1508589.67206,15665,null,0.0005,
2012-05-06,null,10986,null,null,null,8200.0,7.36267072,22198,1508589.67206,13951,null,0.0005,
2012-05-07,null,18077,null,null,null,8500.0,13.4937383,25652,1508589.67206,20426,null,0.0005,
2012-05-08,null,17543,null,null,null,8800.0,12.37444677,23786,1508589.67206,21218,null,0.0005,
2012-05-09,null,17079,null,null,null,8300.0,14.13032343,24825,1606014.27814,19843,null,0.0005,
2012-05-10,null,11653,null,null,null,6450.0,8.83074595,20417,1733207.51385,13763,null,0.0005,
2012-05-11,null,18918,null,null,null,7150.0,12.28912955,26137,1733207.51385,21393,null,0.0005,
2012-05-12,null,18198,null,null,null,6400.0,10.93265347,22749,1733207.51385,20840,null,0.0005,
2012-05-13,null,14597,null,null,null,7000.0,11.80632246,20704,1733207.51385,17852,null,0.0005,
2012-05-14,null,28210,null,null,null,6950.0,27.81385804,32414,1733207.51385,31674,null,0.0005,
2012-05-15,null,22105,null,null,null,6500.0,20.40042864,27163,1733207.51385,25852,null,0.0005,
2012-05-16,null,17957,null,null,null,6049.9995,13.00828295,25541,1733207.51385,21502,null,0.0005,
2012-05-17,null,16819,null,null,null,5799.9975,11.71657133,22569,1733207.51385,20894,null,0.0005,
2012-05-18,null,24336,null,null,null,7249.9885,17.13407882,26161,1733207.51385,28056,null,0.0005,
2012-05-19,null,35255,null,null,null,7449.9985,31.84803518,31604,1733207.51385,39275,null,0.0005,
2012-05-20,null,31322,null,null,null,6899.998475,20.00678014,29540,1733207.51385,34784,null,0.0005,
2012-05-21,null,31478,null,null,null,6299.999,19.56744229,30355,1733207.51385,36072,null,0.0005,
2012-05-22,null,23365,null,null,null,5749.999,12.76867573,27516,1733207.51385,27295,null,0.0005,
2012-05-23,null,27302,null,null,null,6500.0,19.09824774,29616,1733207.51385,31962,null,0.0005,
2012-05-24,null,26464,null,null,null,6249.9995,19.4249616,28067,1699095.70137,30941,null,0.0005,
2012-05-25,null,28878,null,null,null,6049.9995,19.27748871,30112,1591074.96185,32892,null,0.0005,
2012-05-26,null,23137,null,null,null,7099.99749,15.59276857,25647,1591074.96185,26777,null,0.0005,
2012-05-27,null,26288,null,null,null,7949.994,17.56635855,26295,1591074.96185,29901,null,0.0005,
2012-05-28,null,29746,null,null,null,7099.998,19.49232691,29594,1591074.96185,34152,null,0.0005,
2012-05-29,null,29690,null,null,null,6299.9985,16.97474696,34268,1591074.96185,33923,null,0.0005,
2012-05-30,null,25449,null,null,null,6549.9995,18.86991539,28548,1591074.96185,30414,null,0.0005,
2012-05-31,null,20875,null,null,null,6899.9994,12.52807933,28411,1591074.96185,25672,null,0.0005,
2012-06-01,null,26917,null,null,null,7599.999,16.41795479,29059,1591074.96185,32120,null,0.0005,
2012-06-02,null,12640,null,null,null,7999.9975,7.13557653,20567,1591074.96185,16988,null,0.0005,
2012-06-03,null,33448,null,null,null,7649.9965,19.27101479,30392,1591074.96185,38270,null,0.0005,
2012-06-04,null,45783,null,null,null,7749.998,28.76057062,41573,1591074.96185,50315,null,0.0005,
2012-06-05,null,44217,null,null,null,7349.9985,30.14138721,40966,1591074.96185,49099,null,0.0005,
2012-06-06,null,15784,null,null,null,7649.999,11.27363476,24162,1591074.96185,19816,null,0.0005,
2012-06-07,null,33064,null,null,null,6949.9995,21.4111051,35385,1589256.92112,37384,null,0.0005,
2012-06-08,null,23756,null,null,null,7049.9985,16.49528686,28266,1583177.84744,28865,null,0.0005,
2012-06-09,null,32879,null,null,null,8549.9985,22.71134789,31539,1583177.84744,38341,null,0.0005,
2012-06-10,null,40555,null,null,null,8299.997,25.33678545,33833,1583177.84744,46446,null,0.0005,
2012-06-11,null,32391,null,null,null,6999.9994,18.25002065,32608,1583177.84744,38458,null,0.0005,
2012-06-12,null,18087,null,null,null,7799.9995,11.26003378,23493,1583177.84744,27589,null,0.0005,
2012-06-13,null,56644,null,null,null,7499.9955,37.9458244,46734,1583177.84744,67020,null,0.0005,
2012-06-14,null,61782,null,null,null,7799.989,38.72082266,49646,1583177.84744,75620,null,0.0005,
2012-06-15,null,54827,null,null,null,7949.997,33.56188777,49087,1583177.84744,65020,null,0.0005,
2012-06-16,null,43126,null,null,null,7799.998,27.60666426,39347,1583177.84744,50946,null,0.0005,
2012-06-17,null,43745,null,null,null,8199.996,26.51810146,39356,1583177.84744,54863,null,0.0005,
2012-06-18,null,38896,null,null,null,8749.9955,27.88555011,37604,1583177.84744,47376,null,0.0005,
2012-06-19,null,35815,null,null,null,7349.996,25.2337128,35547,1583177.84744,45799,null,0.0005,
2012-06-20,null,32101,null,null,null,7249.999,21.70024435,32267,1624711.12947,45614,null,0.0005,
2012-06-21,null,26646,null,null,null,6799.9985,31.45712954,29712,1726566.55919,36703,null,0.0005,
2012-06-22,null,23427,null,null,null,6899.997,20.70231783,29230,1726566.55919,31727,null,0.0005,
2012-06-23,null,22139,null,null,null,8199.997,17.73312569,30258,1726566.55919,31207,null,0.0005,
2012-06-24,null,22261,null,null,null,6549.9975,14.64248007,28503,1726566.55919,28444,null,0.0005,
2012-06-25,null,28559,null,null,null,7699.9969,16.12870794,33977,1726566.55919,35996,null,0.0005,
2012-06-26,null,30086,null,null,null,7449.998,18.27898114,35999,1726566.55919,38885,null,0.0005,
2012-06-27,null,30712,null,null,null,8149.9935,18.18068009,39099,1726566.55919,39108,null,0.0005,
2012-06-28,null,26385,null,null,null,6849.9975,15.76821961,32729,1726566.55919,33421,null,0.0005,
2012-06-29,null,22731,null,null,null,7299.9955,11.83756472,33115,1726566.55919,27793,null,0.0005,
2012-06-30,null,22486,null,null,null,6599.9965,13.94161293,31929,1726566.55919,27596,null,0.0005,
2012-07-01,null,19134,null,null,null,7099.9995,9.65441992,31700,1726566.55919,23092,null,0.0005,
2012-07-02,null,24995,null,null,null,7599.9955,18.36948247,36588,1726566.55919,30148,null,0.0005,
2012-07-03,null,22507,null,null,null,7999.9975,12.35375229,34699,1726566.55919,28137,null,0.0005,
2012-07-04,null,23014,null,null,null,7499.99,13.28572083,31635,1739840.14647,30615,null,0.0005,
2012-07-05,null,21499,null,null,null,7199.998,12.65297392,27923,1751454.53534,27485,null,0.0005,
2012-07-06,null,23761,null,null,null,7749.996,16.38467211,29349,1751454.53534,29577,null,0.0005,
2012-07-07,null,25449,null,null,null,8299.9965,42.86993213,30940,1751454.53534,29503,null,0.0005,
2012-07-08,null,20646,null,null,null,7649.9985,11.50252767,27913,1751454.53534,25497,null,0.0005,
2012-07-09,null,24966,null,null,null,8149.9925,15.89719336,32282,1751454.53534,30860,null,0.0005,
2012-07-10,null,34930,null,null,null,7499.9965,24.03191985,37031,1751454.53534,41559,null,0.0005,
2012-07-11,null,31116,null,null,null,6699.9975,19.173345,35353,1751454.53534,38359,null,0.0005,
2012-07-12,null,24153,null,null,null,7499.9985,13.53006867,34232,1751454.53534,28940,null,0.0005,
2012-07-13,null,24393,null,null,null,8149.9994,14.39979066,31363,1751454.53534,32195,null,0.0005,
2012-07-14,null,22626,null,null,null,8049.98786,15.32376089,29899,1751454.53534,27397,null,0.0005,
2012-07-15,null,26205,null,null,null,6999.998,17.60255063,30383,1751454.53534,31666,null,0.0005,
2012-07-16,null,31229,null,null,null,7499.9959,21.28658376,36801,1751454.53534,39300,null,0.0005,
2012-07-17,null,35029,null,null,null,8599.9975,20.14390364,40266,1794889.94248,41563,null,0.0005,
2012-07-18,null,32433,null,null,null,7749.994,26.41059394,34287,1866391.305,38991,null,0.0005,
2012-07-19,null,30900,null,null,null,6749.9955,20.1933347,36309,1866391.305,38992,null,0.0005,
2012-07-20,null,36646,null,null,null,7399.996975,37.47018662,36117,1866391.305,46882,null,0.0005,
2012-07-21,null,34452,null,null,null,7049.994,20.01722229,35578,1866391.305,41774,null,0.0005,
2012-07-22,null,34705,null,null,null,7749.997,18.10561197,38955,1866391.305,38799,null,0.0005,
2012-07-23,null,32557,null,null,null,7049.9975,21.72164555,42038,1866391.305,37368,null,0.0005,
2012-07-24,null,28208,null,null,null,8049.998,15.98700134,38415,1866391.305,34554,null,0.0005,
2012-07-25,null,27167,null,null,null,7999.9975,15.09932498,31558,1866391.305,34414,null,0.0005,
2012-07-26,null,30538,null,null,null,8449.9955,18.18252407,30842,1866391.305,37089,null,0.0005,
2012-07-27,null,26977,null,null,null,8899.997,17.187251,32293,1866391.305,32553,null,0.0005,
2012-07-28,null,35077,null,null,null,7649.9955,20.56362157,38627,1866391.305,42901,null,0.0005,
2012-07-29,null,34317,null,null,null,8299.9975,18.46677249,35978,1866391.305,40062,null,0.0005,
2012-07-30,null,34219,null,null,null,8799.996975,19.9791878,36189,1950563.69808,38855,null,0.0005,
2012-07-31,null,41377,null,null,null,6499.999,21.09228958,58776,2036671.08869,46833,null,0.0005,
2012-08-01,null,30404,null,null,null,6699.9995,20.02226151,40722,2036671.08869,35348,null,0.0005,
2012-08-02,null,33046,null,null,null,8249.999,19.81549506,42126,2036671.08869,38140,null,0.0005,
2012-08-03,null,27618,null,null,null,8099.996,24.79174211,36362,2036671.08869,32276,null,0.0005,
2012-08-04,null,28854,null,null,null,7799.998,16.36417093,35883,2036671.08869,35262,null,0.0005,
2012-08-05,null,33144,null,null,null,6949.9995,25.67591134,37840,2036671.08869,37736,null,0.0005,
2012-08-06,null,35260,null,null,null,6999.9955,25.00144464,42349,2036671.08869,39629,null,0.0005,
2012-08-07,null,29439,null,null,null,8199.998,18.9311042,39170,2036671.08869,34028,null,0.0005,
2012-08-08,null,40002,null,null,null,8299.9967,52.57535312,51960,2036671.08869,45967,null,0.0005,
2012-08-09,null,29772,null,null,null,8499.99699,17.38277224,40382,2036671.08869,35428,null,0.0005,
2012-08-10,null,28219,null,null,null,7799.9954999,44.53058517,38609,2036671.08869,34539,null,0.0005,
2012-08-11,null,32971,null,null,null,8399.995,19.13775992,38408,2036671.08869,37977,null,0.0005,
2012-08-12,null,34477,null,null,null,7949.9955,17.2211655,39064,2114253.41896,42995,null,0.0005,
2012-08-13,null,48712,null,null,null,7999.9995,25.55351796,48590,2190865.9701,63105,null,0.0005,
2012-08-14,null,34349,null,null,null,7850.0,20.67631015,42873,2190865.9701,42903,null,0.0005,
2012-08-15,null,52802,null,null,null,8349.995,33.97670623,50406,2190865.9701,68035,null,0.0005,
2012-08-16,null,46323,null,null,null,7699.999,28.34730819,61706,2190865.9701,50832,null,0.0005,
2012-08-17,null,40416,null,null,null,6899.999,30.86566635,56761,2190865.9701,43471,null,0.0005,
2012-08-18,null,37011,null,null,null,7550.0,18.19540149,51608,2190865.9701,39859,null,0.0005,
2012-08-19,null,36769,null,null,null,9099.9965,21.77038458,58126,2190865.9701,40952,null,0.0005,
2012-08-20,null,35663,null,null,null,8699.9985,27.5570644,47412,2190865.9701,41688,null,0.0005,
2012-08-21,null,42242,null,null,null,8649.9985,24.56426695,54394,2190865.9701,49499,null,0.0005,
2012-08-22,null,37718,null,null,null,7799.99945,22.84249268,49522,2190865.9701,42919,null,0.0005,
2012-08-23,null,31653,null,null,null,8249.9975,20.8327395,43746,2190865.9701,37722,null,0.0005,
2012-08-24,null,32127,null,null,null,7400.0,19.24725465,45029,2190865.9701,36857,null,0.0005,
2012-08-25,null,33301,null,null,null,6899.9995,23.9103034,36610,2420732.875,37591,null,0.0005,
2012-08-26,null,29341,null,null,null,8949.998,20.58149421,34702,2440642.60692,34386,null,0.0005,
2012-08-27,null,32951,null,null,null,7249.99745,28.82030679,38446,2440642.60692,37630,null,0.0005,
2012-08-28,null,29687,null,null,null,7549.9985,25.10247771,39914,2440642.60692,38800,null,0.0005,
2012-08-29,null,34041,null,null,null,8399.997,24.15507933,39372,2440642.60692,39783,null,0.0005,
2012-08-30,null,33760,null,null,null,7699.9935,29.09822139,34106,2440642.60692,37317,null,0.0005,
2012-08-31,null,40484,null,null,null,6999.999,30.48583604,49420,2440642.60692,46094,null,0.0005,
2012-09-01,null,40613,null,null,null,8049.9975,35.33261176,44980,2440642.60692,47293,null,0.0005,
2012-09-02,null,33424,null,null,null,8199.993,30.5544115,34926,2440642.60692,41287,null,0.0005,
2012-09-03,null,38081,null,null,null,7849.9969,33.7973669,32994,2440642.60692,44196,null,0.0005,
2012-09-04,null,39793,null,null,null,7649.9985,29.66526976,46032,2440642.60692,48260,null,0.0005,
2012-09-05,null,40955,null,null,null,8999.9965,26.2034,41540,2440642.60692,47432,null,0.0005,
2012-09-06,null,42619,null,null,null,8549.9975,25.55427416,46838,2491027.2956,49319,null,0.0005,
2012-09-07,null,33315,null,null,null,8399.9979,19.96330059,44101,2694047.95296,38887,null,0.0005,
2012-09-08,null,31028,null,null,null,7249.9954,22.2449676,33699,2694047.95296,38196,null,0.0005,
2012-09-09,null,31305,null,null,null,7949.9954,22.06494644,40190,2694047.95296,37471,null,0.0005,
2012-09-10,null,33482,null,null,null,7499.99799317,24.05863046,37358,2694047.95296,41027,null,0.0005,
2012-09-11,null,38080,null,null,null,7249.9985,30.79178155,45241,2694047.95296,48809,null,0.0005,
2012-09-12,null,27941,null,null,null,7749.998,20.50412504,34216,2694047.95296,38160,null,0.0005,
2012-09-13,null,28895,null,null,null,6499.9995,19.68463641,35076,2694047.95296,38743,null,0.0005,
2012-09-14,null,35956,null,null,null,8100.0,20.22012586,38275,2694047.95296,48283,null,0.0005,
2012-09-15,null,27104,null,null,null,7200.0,14.73366468,30026,2694047.95296,35492,null,0.0005,
2012-09-16,null,28254,null,null,null,8049.997,14.7659364,31573,2694047.95296,39642,null,0.0005,
2012-09-17,null,24278,null,null,null,8399.999,14.62559347,33060,2694047.95296,32713,null,0.0005,
2012-09-18,null,32654,null,null,null,8349.9985,22.40126053,38784,2694047.95296,42611,null,0.0005,
2012-09-19,null,32090,null,null,null,7049.9995,21.44386382,42881,2709730.24525,41408,null,0.0005,
2012-09-20,null,31130,null,null,null,7600.0,17.98877273,47273,2864140.50781,40467,null,0.0005,
2012-09-21,null,30178,null,null,null,8450.0,29.31585698,39199,2864140.50781,39878,null,0.0005,
2012-09-22,null,21857,null,null,null,7849.9985,15.23518456,27315,2864140.50781,32360,null,0.0005,
2012-09-23,null,27841,null,null,null,7900.0,18.18004702,28638,2864140.50781,40965,null,0.0005,
2012-09-24,null,29037,null,null,null,7650.0,28.22867346,33439,2864140.50781,38853,null,0.0005,
2012-09-25,null,24038,null,null,null,6950.0,14.3770069,43270,2864140.50781,33506,null,0.0005,
2012-09-26,null,32273,null,null,null,7000.0,19.55185895,48268,2864140.50781,42711,null,0.0005,
2012-09-27,null,28186,null,null,null,8050.0,16.11576529,42082,2864140.50781,39847,null,0.0005,
2012-09-28,null,32610,null,null,null,7900.0,59.39218166,50027,2864140.50781,47347,null,0.0005,
2012-09-29,null,23824,null,null,null,8400.0,14.29688403,38448,2864140.50781,36326,null,0.0005,
2012-09-30,null,20509,null,null,null,7950.0,11.45608154,34670,2864140.50781,34632,null,0.0005,
2012-10-01,null,24596,null,null,null,6550.0,16.59077226,37976,2864140.50781,50660,null,0.0005,
2012-10-02,null,32732,null,null,null,7300.0,30.46356752,53173,2864140.50781,41097,null,0.0005,
2012-10-03,null,26536,null,null,null,6650.0,18.39219413,50098,3037440.72823,37398,null,0.0005,
2012-10-04,null,32484,null,null,null,6550.0,131.31522337,51020,3054627.52695,43524,null,0.0005,
2012-10-05,null,36235,null,null,null,6800.0,27.60380983,45096,3054627.52695,49456,null,0.0005,
2012-10-06,null,32517,null,null,null,7750.0,22.33578348,38960,3054627.52695,46094,null,0.0005,
2012-10-07,null,34601,null,null,null,6250.0,26.42825547,43397,3054627.52695,52997,null,0.0005,
2012-10-08,null,38033,null,null,null,8899.999,27.24366665,47641,3054627.52695,57079,null,0.0005,
2012-10-09,null,35308,null,null,null,7099.9985,25.74262051,52277,3054627.52695,52146,null,0.0005,
2012-10-10,null,31077,null,null,null,7450.0,23.44129821,47356,3054627.52695,46489,null,0.0005,
2012-10-11,null,27546,null,null,null,6899.9995,22.53949244,41233,3054627.52695,41720,null,0.0005,
2012-10-12,null,28544,null,null,null,7449.9995,20.45036309,44614,3054627.52695,48594,null,0.0005,
2012-10-13,null,32942,null,null,null,7399.9995,21.04540427,39433,3054627.52695,49843,null,0.0005,
2012-10-14,null,27287,null,null,null,6349.9995,17.11574123,38585,3054627.52695,45094,null,0.0005,
2012-10-15,null,30829,null,null,null,8449.9985,21.72613793,46286,3054627.52695,48262,null,0.0005,
2012-10-16,null,34378,null,null,null,7749.9995,25.01043862,43060,3055426.62008,53943,null,0.0005,
2012-10-17,null,31671,null,null,null,7099.9995,66.76674541,44820,3072321.73202,51664,null,0.0005,
2012-10-18,null,28100,null,null,null,7850.0,17.03015131,51052,3072321.73202,47801,null,0.0005,
2012-10-19,null,25218,null,null,null,6750.0,15.76937115,44587,3072321.73202,39521,null,0.0005,
2012-10-20,null,30284,null,null,null,7900.0,17.96519692,43925,3072321.73202,47999,null,0.0005,
2012-10-21,null,40672,null,null,null,8049.995,24.78949416,38803,3072321.73202,58685,null,0.0005,
2012-10-22,null,42997,null,null,null,7849.9965,25.22467775,41483,3072321.73202,58737,null,0.0005,
2012-10-23,null,31901,null,null,null,6499.999,21.00222991,41451,3072321.73202,48835,null,0.0005,
2012-10-24,null,32032,null,null,null,8100.0,21.30409168,41859,3072321.73202,52086,null,0.0005,
2012-10-25,null,26855,null,null,null,7149.9989,16.66946671,39575,3072321.73202,39512,null,0.0005,
2012-10-26,null,21762,null,null,null,8249.999,18.24824533,37807,3072321.73202,36333,null,0.0005,
2012-10-27,null,16138,null,null,null,8749.9985,12.54476824,29747,3072321.73202,28531,null,0.0005,
2012-10-28,null,17799,null,null,null,8299.9995,12.70849238,27647,3072321.73202,29913,null,0.0005,
2012-10-29,null,21342,null,null,null,7899.9995,17.37438911,35693,3072321.73202,34264,null,0.0005,
2012-10-30,null,30604,null,null,null,7149.9995,23.68543361,34199,3304356.39299,43996,null,0.0005,
2012-10-31,null,27611,null,null,null,7199.9985,22.95974606,32823,3304356.39299,39746,null,0.0005,
2012-11-01,null,23501,null,null,null,6849.9985,20.21981119,31735,3304356.39299,35370,null,0.0005,
2012-11-02,null,28847,null,null,null,7149.9985,27.07209311,33141,3304356.39299,42226,null,0.001,
2012-11-03,null,23753,null,null,null,7299.9995,18.75218624,32718,3304356.39299,36548,null,0.0005,
2012-11-04,null,24147,null,null,null,7849.9995,19.50947363,30663,3304356.39299,34225,null,0.0005,
2012-11-05,null,32024,null,null,null,7999.999,25.76403178,37581,3304356.39299,47098,null,0.0005,
2012-11-06,null,31851,null,null,null,6749.999,25.68602625,41149,3304356.39299,45831,null,0.0005,
2012-11-07,null,36323,null,null,null,7850.0,29.24684125,43505,3304356.39299,48855,null,0.0005,
2012-11-08,null,32261,null,null,null,7700.0,25.23791353,37672,3304356.39299,48131,null,0.0005,
2012-11-09,null,25005,null,null,null,7599.9995,19.40181595,36730,3304356.39299,41036,null,0.0005,
2012-11-10,null,26965,null,null,null,7199.999,21.55154518,34730,3304356.39299,38703,null,0.0005,
2012-11-11,null,23408,null,null,null,7349.9995,17.43773092,30159,3304356.39299,35182,null,0.0005,
2012-11-12,null,23771,null,null,null,6600.0,17.84911422,31553,3321435.00029,34709,null,0.0005,
2012-11-13,null,26991,null,null,null,6999.998,20.53599413,32687,3368767.14053,35965,null,0.0005,
2012-11-14,null,29758,null,null,null,7149.999,23.01382516,37764,3368767.14053,41250,null,0.0005,
2012-11-15,null,37468,null,null,null,6799.9995,31.6415395,46301,3368767.14053,50471,null,0.0005,
2012-11-16,null,39301,null,null,null,7250.0,31.93127546,48298,3368767.14053,52021,null,0.0005,
2012-11-17,null,32398,null,null,null,6999.999,25.60602784,52911,3368767.14053,84691,null,0.0005,
2012-11-18,null,33990,null,null,null,7300.0,27.191148,42936,3368767.14053,48024,null,0.0005,
2012-11-19,null,36777,null,null,null,7299.999,27.94357641,42222,3368767.14053,49065,null,0.0005,
2012-11-20,null,36711,null,null,null,7349.9985,28.12691303,43966,3368767.14053,50338,null,0.0005,
2012-11-21,null,38914,null,null,null,7600.0,30.78838241,44124,3368767.14053,53461,null,0.0005,
2012-11-22,null,30756,null,null,null,7199.9995,21.88707548,41377,3368767.14053,45927,null,0.0005,
2012-11-23,null,32184,null,null,null,8150.0,26.59890194,35206,3368767.14053,49406,null,0.0005,
2012-11-24,null,29567,null,null,null,7549.9995,21.75792328,37101,3368767.14053,43359,null,0.0005,
2012-11-25,null,36590,null,null,null,7300.0,29.5141209,36273,3368767.14053,50050,null,0.0005,
2012-11-26,null,35741,null,null,null,7850.0,26.50350354,41336,3402274.37921,49408,null,0.0005,
2012-11-27,null,27484,null,null,null,7400.0,82.01676744,38562,3438908.96016,40108,null,0.0005,
2012-11-28,null,37084,null,null,null,7125.0,43.59397007,43851,3438908.96016,52748,null,0.0005,
2012-11-29,null,37257,null,null,null,4149.9995,29.66282715,41957,3438908.96016,49813,null,0.0005,
2012-11-30,null,29633,null,null,null,3124.9995,22.53063094,37110,3438908.96016,42641,null,0.0005,
2012-12-01,null,33325,null,null,null,4174.9995,26.44757959,34731,3438908.96016,45316,null,0.0005,
2012-12-02,null,20463,null,null,null,3575.0,15.21461215,27797,3438908.96016,31785,null,0.0005,
2012-12-03,null,21512,null,null,null,3674.999,18.28932863,30145,3438908.96016,31770,null,0.0005,
2012-12-04,null,32244,null,null,null,2799.999,28.15664675,42413,3438908.96016,43145,null,0.0005,
2012-12-05,null,33622,null,null,null,3049.998,27.22445881,44487,3438908.96016,44888,null,0.0005,
2012-12-06,null,37026,null,null,null,3424.9995,31.15000691,41024,3438908.96016,52182,null,0.0005,
2012-12-07,null,32016,null,null,null,3224.999,24.33169284,40895,3438908.96016,39650,null,0.0005,
2012-12-08,null,33036,null,null,null,3449.999,25.78749742,38315,3438908.96016,42922,null,0.0005,
2012-12-09,null,31933,null,null,null,3150.0,24.32194589,38898,3438908.96016,40627,null,0.0005,
2012-12-10,null,36078,null,null,null,3574.999,30.78923008,35935,3422568.23659,55756,null,0.001,
2012-12-11,null,36635,null,null,null,3599.9985,31.49639467,37041,3370181.79928,57702,null,0.0005,
2012-12-12,null,36606,null,null,null,3250.0,28.63395313,42715,3370181.79928,49196,null,0.0005,
2012-12-13,null,42384,null,null,null,3275.0,45.13393912,46173,3370181.79928,52359,null,0.0005,
2012-12-14,null,38908,null,null,null,2649.999,32.11040905,41674,3370181.79928,51540,null,0.0005,
2012-12-15,null,32249,null,null,null,2899.999,24.34047049,34598,3370181.79928,42658,null,0.0005,
2012-12-16,null,35365,null,null,null,2774.999,27.82215671,35746,3370181.79928,49682,null,0.0005,
2012-12-17,null,40906,null,null,null,3349.9995,33.21752088,40994,3370181.79928,55218,null,0.0005,
2012-12-18,null,49687,null,null,null,3125.0,40.01882898,48131,3370181.79928,75409,null,0.0005,
2012-12-19,null,44623,null,null,null,3550.0,34.9971247,43740,3370181.79928,54742,null,0.0005,
2012-12-20,null,35816,null,null,null,2649.999,31.17986509,39531,3370181.79928,45268,null,0.0005,
2012-12-21,null,44454,null,null,null,3149.999,36.94798575,46126,3370181.79928,51284,null,0.0005,
2012-12-22,null,51105,null,null,null,3824.9985,40.90362442,55127,3370181.79928,63641,null,0.0005,
2012-12-23,null,36616,null,null,null,3049.9995,31.44947995,39924,3370181.79928,49749,null,0.0005,
2012-12-24,null,35979,null,null,null,3299.9995,28.03994895,40024,3370181.79928,48600,null,0.0005,
2012-12-25,null,28619,null,null,null,3100.0,23.31306943,30286,3370181.79928,40276,null,0.0005,
2012-12-26,null,36432,null,null,null,3849.9995,29.2422383,38108,3182517.23114,48668,null,0.0005,
2012-12-27,null,43631,null,null,null,3900.0,36.93617681,36567,2979636.61694,58389,null,0.0005,
2012-12-28,null,46936,null,null,null,4224.9985,37.39376701,42407,2979636.61694,64792,null,0.0005,
2012-12-29,null,37966,null,null,null,3599.998,29.87991228,39996,2979636.61694,54749,null,0.0005,
2012-12-30,null,45281,null,null,null,4149.995,35.04144571,45779,2979636.61694,59969,null,0.0005,
2012-12-31,null,29906,null,null,null,3949.9985,24.42158122,34737,2979636.61694,44366,null,0.0005,
2013-01-01,null,31734,null,null,null,4049.996,25.40901812,37846,2979636.61694,46848,null,0.0005,
2013-01-02,null,39280,null,null,null,3824.999,32.06808934,43103,2979636.61694,56052,null,0.0005,
2013-01-03,null,42147,null,null,null,4049.9975,37.66582749,51268,2979636.61694,53153,null,0.0005,
2013-01-04,null,48436,null,null,null,3824.9965,38.50311321,47340,2979636.61694,62821,null,0.0005,
2013-01-05,null,39455,null,null,null,3524.9975,31.35059436,53412,2979636.61694,53607,null,0.0005,
2013-01-06,null,32881,null,null,null,3624.9995,34.86616689,42203,2979636.61694,48100,null,0.0005,
2013-01-07,null,40120,null,null,null,4199.9985,35.94175474,54055,2979636.61694,54244,null,0.0005,
2013-01-08,null,38491,null,null,null,3324.999,32.40727682,56022,3117637.23193,51634,null,0.0005,
2013-01-09,null,43060,null,null,null,3249.999,32.78602402,56161,3249549.58449,55149,null,0.0005,
2013-01-10,null,52392,null,null,null,3674.998,153.39607914,61183,3249549.58449,67880,null,0.0005,
2013-01-11,null,52632,null,null,null,2924.998,42.53398676,61054,3249549.58449,64671,null,0.0005,
2013-01-12,null,45549,null,null,null,3050.0,36.66480767,50736,3249549.58449,58565,null,0.0005,
2013-01-13,null,49308,null,null,null,3324.999,39.17373209,55503,3249549.58449,60084,null,0.0005,
2013-01-14,null,44403,null,null,null,3924.998,34.87908233,44312,3249549.58449,56132,null,0.0005,
2013-01-15,null,44901,null,null,null,3024.999,33.57125696,57627,3249549.58449,60756,null,0.0005,
2013-01-16,null,53498,null,null,null,3274.9975,41.22235845,58423,3249549.58449,66233,null,0.0005,
2013-01-17,null,47989,null,null,null,2774.9985,37.87288715,58918,3249549.58449,61748,null,0.0005,
2013-01-18,null,49018,null,null,null,3024.9985,37.60673767,57056,3249549.58449,63492,null,0.0005,
2013-01-19,null,56016,null,null,null,3849.999,63.54285081,49357,3249549.58449,69049,null,0.0005,
2013-01-20,null,41241,null,null,null,3249.9985,32.98917964,46087,3249549.58449,53190,null,0.0005,
2013-01-21,null,40309,null,null,null,3299.998,29.60339549,45937,3249549.58449,51074,null,0.0005,
2013-01-22,null,43608,null,null,null,3599.9975,33.17847267,53483,3249549.58449,56023,null,0.0005,
2013-01-23,null,46552,null,null,null,3149.9975,44.40792999,47347,3187155.30617,64002,null,0.0005,
2013-01-24,null,46065,null,null,null,3899.9985,44.02332598,60698,2968775.33208,60883,null,0.0005,
2013-01-25,null,48374,null,null,null,3424.9975,41.4174823,49558,2968775.33208,63146,null,0.0005,
2013-01-26,null,52210,null,null,null,3899.9975,47.91067554,54647,2968775.33208,66539,null,0.0005,
2013-01-27,null,55262,null,null,null,3774.997,47.72262398,49578,2968775.33208,70787,null,0.0005,
2013-01-28,null,52033,null,null,null,3674.998,43.14662379,54294,2968775.33208,74913,null,0.0005,
2013-01-29,null,51545,null,null,null,3949.9985,49.61699217,55617,2968775.33208,70760,null,0.0005,
2013-01-30,null,41066,null,null,null,3824.9955,34.89334331,44535,2968775.33208,55737,null,0.0005,
2013-01-31,null,51440,null,null,null,4824.997,47.79915089,47844,2968775.33208,67475,null,0.0005,
2013-02-01,null,59235,null,null,null,3674.999,52.28602156,64410,2968775.33208,76494,null,0.0005,
2013-02-02,null,54312,null,null,null,3824.998,73.88730888,56581,2968775.33208,67158,null,0.0005,
2013-02-03,null,60978,null,null,null,4649.9985,52.05480007,57504,2968775.33208,77842,null,0.0005,
2013-02-04,null,54841,null,null,null,4099.999,45.22052171,57371,2968775.33208,71320,null,0.0005,
2013-02-05,null,53253,null,null,null,4174.999,42.3586766,59937,3115692.34021,68136,null,0.0005,
2013-02-06,null,42409,null,null,null,3649.9985,32.24443065,53658,3275464.58657,56415,null,0.0005,
2013-02-07,null,61083,null,null,null,3849.9985,48.56204643,58309,3275464.58657,76490,null,0.0005,
2013-02-08,null,60770,null,null,null,3775.0,49.26209751,60206,3275464.58657,75082,null,0.0005,
2013-02-09,null,57607,null,null,null,3574.9995,45.1432612,56349,3275464.58657,71995,null,0.0005,
2013-02-10,null,56282,null,null,null,4024.9985,45.20832246,57584,3275464.58657,70449,null,0.0005,
2013-02-11,null,57435,null,null,null,3974.9995,48.78675412,52289,3275464.58657,73602,null,0.0005,
2013-02-12,null,58412,null,null,null,3474.9985,48.48104373,51859,3275464.58657,73087,null,0.0005,
2013-02-13,null,58919,null,null,null,4274.996,56.12658455,53161,3275464.58657,74577,null,0.0005,
2013-02-14,null,50777,null,null,null,3775.0,43.45320621,51475,3275464.58657,63445,null,0.0005,
2013-02-15,null,55468,null,null,null,4474.9975,57.30713264,50142,3275464.58657,70573,null,0.0005,
2013-02-16,null,51244,null,null,null,4725.0,50.77739001,47112,3275464.58657,71044,null,0.0005,
2013-02-17,null,49447,null,null,null,4699.9955,46.81710946,45575,3275464.58657,70728,null,0.0005,
2013-02-18,null,50213,null,null,null,4024.9995,45.0894967,47236,3639348.67901,68977,null,0.0005,
2013-02-19,null,54360,null,null,null,3974.997,46.41317356,49400,3651011.63069,72095,null,0.0005,
2013-02-20,null,59555,null,null,null,4824.9985,49.92328523,50783,3651011.63069,80197,null,0.0005,
2013-02-21,null,55740,null,null,null,4399.9985,51.49190623,50633,3651011.63069,70560,null,0.0005,
2013-02-22,null,62001,null,null,null,4250.0,53.25121434,54319,3651011.63069,81925,null,0.0005,
2013-02-23,null,57722,null,null,null,4100.0,48.17999206,51375,3651011.63069,74921,null,0.0005,
2013-02-24,null,57008,null,null,null,3899.9995,45.02548748,52050,3651011.63069,71454,null,0.0005,
2013-02-25,null,66940,null,null,null,5099.9985,66.62844799,56628,3651011.63069,85552,null,0.0005,
2013-02-26,null,63272,null,null,null,4149.999,56.92242259,58809,3651011.63069,82568,null,0.0005,
2013-02-27,null,60756,null,null,null,4824.999,54.54248604,55051,3651011.63069,81924,null,0.0005,
2013-02-28,null,62853,null,null,null,4199.9995,60.71283274,59805,3651011.63069,84893,null,0.0005,
2013-03-01,null,64383,null,null,null,3799.997,68.01127271,63070,3844376.36211,86473,null,0.0005,
2013-03-02,null,55680,null,null,null,3624.9995,51.16473992,49229,4367876.00084,73259,null,0.0005,
2013-03-03,null,54298,null,null,null,4025.0,44.96913537,46060,4367876.00084,73783,null,0.0005,
2013-03-04,null,63865,null,null,null,4474.9975,55.24125673,53538,4367876.00084,83256,null,0.001,
2013-03-05,null,56729,null,null,null,3475.0,51.38976576,57385,4367876.00084,73033,null,0.0005,
2013-03-06,null,62605,null,null,null,3875.0,157.26796982,69112,4367876.00084,80508,null,0.0005,
2013-03-07,null,66610,null,null,null,3999.999,61.66624582,66341,4367876.00084,85297,null,0.0005,
2013-03-08,null,55697,null,null,null,4000.0,47.62159398,56555,4367876.00084,73191,null,0.0005,
2013-03-09,null,55377,null,null,null,4225.0,52.11584112,54085,4367876.00084,71862,null,0.0005,
2013-03-10,null,73661,null,null,null,4575.0,61.30182365,56947,4367876.00084,100394,null,0.001,
2013-03-11,null,59125,null,null,null,4100.0,49.91899256,53485,4367876.00084,82471,null,0.001,
2013-03-12,null,48349,null,null,null,3374.999,66.65059923,59705,4367876.00084,73179,null,0.0005,
2013-03-13,null,56533,null,null,null,3924.9995,52.6969283,63000,4367876.00084,80712,null,0.0005,
2013-03-14,null,57890,null,null,null,4475.0,52.5934017,61075,4665387.72032,86987,null,0.0005,
2013-03-15,null,62604,null,null,null,4299.999,65.01635308,63448,4847647.15207,100086,null,0.00055,
2013-03-16,null,34012,null,null,null,4375.0,31.43838406,50878,4847647.15207,68390,null,0.0005,
2013-03-17,null,35139,null,null,null,5225.0,31.69724524,51900,4847647.15207,54773,null,0.0005,
2013-03-18,null,43295,null,null,null,4750.0,37.83272726,58821,4847647.15207,62706,null,0.0005,
2013-03-19,null,45938,null,null,null,4250.0,51.6543205,68704,4847647.15207,66117,null,0.0005,
2013-03-20,null,46065,null,null,null,5275.0,37.09057415,62799,4847647.15207,68781,null,0.0005,
2013-03-21,null,55346,null,null,null,5450.0,50.61033936,69720,4847647.15207,82868,null,0.0005,
2013-03-22,null,60355,null,null,null,5724.999,67.77289737,74951,4847647.15207,91421,null,0.0005,
2013-03-23,null,52697,null,null,null,5425.0,52.59750326,66962,4847647.15207,83612,null,0.0005,
2013-03-24,null,51146,null,null,null,4725.0,40.62806852,68996,5581051.56894,80843,null,0.0005,
2013-03-25,null,48849,null,null,null,3600.0,44.37006807,66155,6695826.2826,76658,null,0.0005,
2013-03-26,null,48910,null,null,null,3775.0,45.33356205,72997,6695826.2826,85423,null,0.0005,
2013-03-27,null,53076,null,null,null,3275.0,60.03141889,72739,6695826.2826,80365,null,0.0005,
2013-03-28,null,60806,null,null,null,4575.0,61.16315652,94446,6695826.2826,96910,null,0.0005,
2013-03-29,null,62085,null,null,null,4349.999,60.72037681,83256,6695826.2826,97477,null,0.0005,
2013-03-30,null,59023,null,null,null,4325.0,64.078643,78033,6695826.2826,86265,null,0.0005,
2013-03-31,null,43817,null,null,null,4225.0,45.8545976,64234,6695826.2826,76623,null,0.0005,
2013-04-01,null,52572,null,null,null,4950.0,43.14277923,75734,6695826.2826,96365,null,0.0005,
2013-04-02,null,63095,null,null,null,4524.999,61.20119573,91858,6695826.2826,111316,null,0.0005,
2013-04-03,null,63766,null,null,null,4374.9995,70.77451024,107117,6695826.2826,117230,null,0.0005,
2013-04-04,null,66738,null,null,null,3850.0,76.29306698,108870,6695826.2826,118937,null,0.0005,
2013-04-05,null,61215,null,null,null,3950.0,57.2386576,100015,7005058.44638,103389,null,0.0005,
2013-04-06,null,51555,null,null,null,4075.0,38.85304125,78697,7672999.92016,94941,null,0.0005,
2013-04-07,null,63377,null,null,null,4100.0,53.95925354,77606,7672999.92016,112032,null,0.0005,
2013-04-08,null,61525,null,null,null,3875.0,46.27039614,111808,7672999.92016,120125,null,0.0005,
2013-04-09,null,66803,null,null,null,4400.0,49.27107352,112031,7672999.92016,101938,null,0.0005,
2013-04-10,null,63690,null,null,null,4775.0,64.66733147,133012,7672999.92016,105285,null,0.0005,
2013-04-11,null,68247,null,null,null,4000.0,63.3686378,124570,7672999.92016,116056,null,0.0005,
2013-04-12,null,58517,null,null,null,4325.0,56.41949219,102909,7672999.92016,99664,null,0.0005,
2013-04-13,null,53350,null,null,null,4175.0,40.27230947,82794,7672999.92016,88247,null,0.0005,
2013-04-14,null,55318,null,null,null,3825.0,53.37811427,71357,7672999.92016,97573,null,0.0005,
2013-04-15,null,54332,null,null,null,4100.0,74.2717856,100211,7672999.92016,115697,null,0.0005,
2013-04-16,null,67608,null,null,null,4425.0,52.03197367,100316,7672999.92016,113553,null,0.0005,
2013-04-17,null,56535,null,null,null,4275.0,81.48473727,105206,8038276.01693,117952,null,0.0005,
2013-04-18,null,46484,null,null,null,3675.0,42.53670086,82076,8974296.01489,75589,null,0.0005,
2013-04-19,null,59391,null,null,null,3425.0,55.34670877,104976,8974296.01489,112312,null,0.0005,
2013-04-20,null,48148,null,null,null,3850.0,46.22212486,74462,8974296.01489,90478,null,0.0005,
2013-04-21,null,44048,null,null,null,4400.0,32.91401779,69832,8974296.01489,84190,null,0.0005,
2013-04-22,null,47041,null,null,null,3825.0,46.46535059,91676,8974296.01489,105363,null,0.0005,
2013-04-23,null,61500,null,null,null,4200.0,61.23818202,93130,8974296.01489,107086,null,0.0005,
2013-04-24,null,64861,null,null,null,4050.0,62.49187407,102491,8974296.01489,122839,null,0.0005,
2013-04-25,null,62394,null,null,null,4300.0,60.5701872,90722,8974296.01489,111463,null,0.0005,
2013-04-26,null,55093,null,null,null,4275.0,40.59900011,86161,8974296.01489,104781,null,0.0005,
2013-04-27,null,44222,null,null,null,3675.0,39.01893051,78207,8974296.01489,90117,null,0.0005,
2013-04-28,null,41702,null,null,null,4425.0,32.79194181,117984,8974296.01489,130171,null,0.0005,
2013-04-29,null,51602,null,null,null,4349.9988,45.72411389,86925,8974296.01489,112426,null,0.0005,
2013-04-30,null,47450,null,null,null,3725.0,45.74865143,76871,9854414.31928,98258,null,0.0005,
2013-05-01,120682532.517,55176,1542820000.0,139.0,0.0,3775.0,40.88593753,83564,10076292.8834,96129,38.67197952,0.0005,
2013-05-02,93375328.6292,55295,1292190000.0,116.38,0.0,3350.0,52.5540039,81920,10076292.8834,101721,35.382348034,0.0005,
2013-05-03,72731326.2283,51275,1180070000.0,106.25,0.0,3425.0,45.45884469,82804,10076292.8834,92650,30.81855625,0.0005,
2013-05-04,38965697.5445,50102,1089890000.0,98.1,0.0,3975.0,45.66787787,69959,10076292.8834,119009,15.912911853,0.0005,
2013-05-05,57083710.5451,50167,1254760000.0,112.9,0.0,4125.0,36.56506628,72103,10076292.8834,103009,22.4671,0.0005,
2013-05-06,85671328.5051,53174,1289470000.0,115.98,0.0,4150.0,52.94511009,85164,10076292.8834,114382,25.2534852,0.0005,
2013-05-07,96724507.2971,56567,1248470000.0,112.25,0.0,4200.0,46.71463015,109067,10076292.8834,132270,31.9502731375,0.0005,
2013-05-08,79890880.1045,50274,1219450000.0,109.6,0.0,4125.0,52.00264132,102388,10076292.8834,131131,35.146677056,0.0005,
2013-05-09,64539698.3101,66610,1259980000.0,113.2,0.0,4100.0,65.88905401,81894,10076292.8834,113131,24.136031956,0.0005,
2013-05-10,78832455.5616,67709,1255970000.0,112.8,0.0,4300.0,64.27633127,84293,10076292.8834,135760,24.053702112,0.0005,
2013-05-11,67245754.4799,73220,1311050000.0,117.7,0.0,4550.0,61.69773114,80910,10076292.8834,122381,21.2621519,0.0005,
2013-05-12,52958026.9063,65260,1288630000.0,115.64,0.0,4200.0,56.57452505,69607,10301130.9528,117035,21.849495724,0.001,
2013-05-13,76172686.1892,60824,1279980000.0,114.82,0.0,4350.0,58.50963163,82796,11187257.4614,118277,30.1503357888,0.0005,
2013-05-14,78868232.5981,66316,1315720000.0,117.98,0.0,3850.0,57.38806322,83723,11187257.4614,115947,26.3183849606,0.0005,
2013-05-15,69354130.1484,64030,1242760000.0,111.4,0.0,3524.9995,60.48453576,84715,11187257.4614,115537,33.3086,0.0005,
2013-05-16,68700561.7274,61010,1274620000.0,114.22,0.0,3700.0,77.36863781,84113,11187257.4614,132292,28.814759124,0.0005,
2013-05-17,80408408.4446,58570,1319590000.0,118.21,0.0,4025.0,55.40377799,78407,11187257.4614,93460,29.5525,0.0005,
2013-05-18,73068676.3572,52066,1379140000.0,123.5,0.0,3725.0,39.56532087,68328,11187257.4614,81646,43.16325,0.0005,
2013-05-19,47427524.517,47664,1376370000.0,123.21,0.0,3900.0,47.14334424,64189,11187257.4614,80118,36.1645647012,0.0005,
2013-05-20,60216296.5157,48692,1368910000.0,122.5,0.0,3225.0,43.45547937,71628,11187257.4614,102593,59.30372,0.0005,
2013-05-21,73148597.7365,53791,1363940000.0,122.02,0.0,3775.0,46.50942757,82536,11187257.4614,98876,71.5072793234,0.0005,
2013-05-22,80725435.3953,51834,1374130000.0,122.89,0.0,3900.0,49.88873569,74758,11187257.4614,90777,58.3813523,0.0005,
2013-05-23,76953217.9631,59615,1384780000.0,123.8,0.0,4350.0,56.46156491,83223,11187257.4614,94653,61.9,0.0005,
2013-05-24,88025799.4124,55232,1413300000.0,126.3,0.0,4225.0,48.33183927,84914,11187257.4614,92399,68.96462466,0.0005,
2013-05-25,83481694.6981,51115,1489950000.0,133.1,0.0,4125.0,47.27625949,69588,11450754.0746,79735,41.420505709,0.0005,
2013-05-26,46693608.714,40559,1478030000.0,131.99,0.0,4075.0,31.5289397,69622,12153411.7098,80187,49.7699959401,0.0005,
2013-05-27,78429218.3313,52582,1495520000.0,133.5,0.0,4400.0,48.88847213,73955,12153411.7098,95266,42.08530095,0.0005,
2013-05-28,81599779.442,56912,1454310000.0,129.77,0.0,3950.0,54.78926938,76189,12153411.7098,86390,64.885,0.0005,
2013-05-29,86459094.8285,54892,1446190000.0,129.0,0.0,4200.0,52.15347597,80522,12153411.7098,87952,64.78998813,0.0005,
2013-05-30,75720667.6038,57247,1483180000.0,132.25,0.0,4475.0,47.48125079,78185,12153411.7098,91661,66.125,0.0005,
2013-05-31,76769720.0801,54171,1445050000.0,128.8,0.0,4375.0,45.06128758,75446,12153411.7098,82020,64.4,0.0005,
2013-06-01,55944703.3553,54098,1445800000.0,128.81,0.0,5325.0,41.25064975,67761,12153411.7098,84064,37.1530276799,0.0005,
2013-06-02,48878694.9928,49748,1451930000.0,129.3,0.0,4975.0,48.82755776,65817,12153411.7098,79510,41.376534009,0.0005,
2013-06-03,85188050.5253,55661,1376180000.0,122.5,0.0,5325.0,58.88445252,79845,12153411.7098,86518,49.0,0.0005,
2013-06-04,70602636.3856,57409,1357020000.0,120.74,0.0,5325.0,54.21273887,78619,12153411.7098,86884,61.6739750964,0.0005,
2013-06-05,74792854.6951,56376,1365110000.0,121.4,0.0,4600.0,60.12802918,78652,13466756.6446,99133,46.059654098,0.0005,
2013-06-06,84257676.4997,54457,1371300000.0,121.9,0.0,4525.0,41.26218009,73256,15605632.6813,79174,45.712785246,0.0005,
2013-06-07,72912474.279,52027,1338880000.0,118.97,0.0,4025.0,39.16184703,73768,15605632.6813,74687,69.2524001193,0.0005,
2013-06-08,39401620.7518,48037,1249630000.0,111.0,0.0,4525.0,46.07546975,58257,15605632.6813,68060,37.09114395,0.0005,
2013-06-09,68946723.4981,44312,1215130000.0,107.89,0.0,3975.0,36.04930663,56600,15605632.6813,64135,38.3732363,0.0005,
2013-06-10,46228131.999,44826,1131570000.0,100.44,0.0,4350.0,34.47766724,60963,15605632.6813,64163,56.7491644728,0.0005,
2013-06-11,58162798.8878,49483,1198640000.0,106.35,0.0,4500.0,47.66766862,66609,15605632.6813,74832,55.8067168935,0.0005,
2013-06-12,55649952.6129,45704,1229000000.0,109.0,0.0,5075.0,42.54762436,63763,15605632.6813,70104,64.85973714,0.0005,
2013-06-13,61663890.7713,43007,1227030000.0,108.78,0.0,4650.0,40.8787914,66341,15605632.6813,65525,76.585998783,0.0005,
2013-06-14,71041316.6642,49992,1173060000.0,103.95,0.0,4500.0,36.32062691,75762,15605632.6813,68605,72.2310493905,0.0005,
2013-06-15,38610480.842,35653,1128950000.0,100.0,0.0,4325.0,33.01626946,53810,15605632.6813,48752,62.935565,0.0005,
2013-06-16,46969434.0028,42781,1127120000.0,99.8,0.0,4625.0,31.28648429,48785,15948722.6005,56425,30.77096474,0.0005,
2013-06-17,54552232.9596,45798,1128720000.0,99.9,0.0,3625.0,36.85317147,56902,19339258.2724,60915,49.90005,0.0005,
2013-06-18,61001060.7171,45877,1152250000.0,101.95,0.0,3500.0,37.77149405,63562,19339258.2724,58802,55.332426599,0.0005,
2013-06-19,57461171.6777,46895,1210260000.0,107.05,0.0,3400.0,37.4085742,69145,19339258.2724,66581,55.193751066,0.0005,
2013-06-20,73351642.9538,52361,1224210000.0,108.25,0.0,3850.0,69.89069826,67644,19339258.2724,67561,45.1055980925,0.0005,
2013-06-21,71325402.4328,46859,1259000000.0,111.29,0.0,4200.0,42.99107458,69098,19339258.2724,62865,67.3744017597,0.0005,
2013-06-22,43031967.2864,44418,1239210000.0,109.5,0.0,4400.0,55.58427754,58577,19339258.2724,62186,54.6405,0.0005,
2013-06-23,32872335.956,38342,1224980000.0,108.2,0.0,4125.0,32.89707161,52055,19339258.2724,50790,43.28,0.0005,
2013-06-24,61163354.4758,44095,1222030000.0,107.9,0.0,3750.0,39.19235757,64862,19339258.2724,60849,65.44135,0.0005,
2013-06-25,69050330.2298,44472,1156610000.0,102.09,0.0,3925.0,33.79573922,61381,19339258.2724,57612,61.4001203961,0.0005,
2013-06-26,59285841.5124,45453,1171050000.0,103.33,0.0,4350.0,40.29547374,64996,19339258.2724,65292,54.0703736048,0.0005,
2013-06-27,53064334.1583,45961,1179110000.0,104.0,0.0,4175.0,30.74477184,61024,19339258.2724,62098,52.0,0.0005,
2013-06-28,62406994.121,49383,1153880000.0,101.74,0.0,4225.0,48.09132266,68612,19339258.2724,66323,53.3974769674,0.0005,
2013-06-29,45194396.4546,36376,1074010000.0,94.66,0.0,4225.0,24.38738042,60980,20177844.2473,65384,60.4408179846,0.0005,
2013-06-30,35849299.6757,30800,1078260000.0,95.0,0.0,3825.0,29.0968413,50485,21335329.114,45616,49.741525,0.0005,
2013-07-01,79241074.9613,38971,1107130000.0,97.51,0.0,3925.0,24.12834059,68676,21335329.114,54583,95.63654037,0.0005,
2013-07-02,60751399.9639,39497,1000070000.0,88.05,0.0,3825.0,35.58288433,64157,21335329.114,53620,69.8209864875,0.0005,
2013-07-03,70385493.9747,35347,1027160000.0,90.41,0.0,4600.0,28.17488168,66024,21335329.114,51346,98.800048,0.0005,
2013-07-04,64725699.1356,35127,896693000.0,78.89,0.0,4125.0,23.33133526,60868,21335329.114,48839,72.1857439863,0.0005,
2013-07-05,74431156.5695,36851,909526000.0,79.99,0.0,4650.0,32.46852246,60509,21335329.114,51698,65.064849877,0.0005,
2013-07-06,45676763.5054,33185,779255000.0,68.5,0.0,4675.0,29.81300277,56535,21335329.114,45497,39.045,0.0005,
2013-07-07,42677314.8409,30170,782352000.0,68.75,0.0,4650.0,18.42094257,48847,21335329.114,46682,39.58240825,0.0005,
2013-07-08,61330861.5301,39437,870912000.0,76.5,0.0,4800.0,32.80380724,63045,21335329.114,53389,59.93809425,0.0005,
2013-07-09,83580366.4796,40647,865585000.0,76.0,0.0,4625.0,34.75026174,67986,21335329.114,56450,76.868224,0.0005,
2013-07-10,78792641.7455,39043,874138000.0,76.72,0.0,4875.0,26.39959721,64858,21335329.114,66524,77.488857152,0.0005,
2013-07-11,88501955.3227,43260,1003090000.0,88.0,0.0,4350.0,35.32010629,73357,26107386.6416,68331,113.2756636,0.0005,
2013-07-12,87347051.4192,48106,1014640000.0,88.98,0.0,3850.0,30.77909548,78450,26162875.6826,79250,88.98,0.0005,
2013-07-13,78493236.0962,37813,1072140000.0,93.99,0.0,3925.0,33.60786141,63116,26162875.6826,56172,65.69901,0.0005,
2013-07-14,52499086.7385,34761,1126260000.0,98.7,0.0,4300.0,22.93218923,48402,26162875.6826,54355,38.58183,0.0005,
2013-07-15,61512684.9316,36590,1068520000.0,93.61,0.0,4100.0,22.33268606,62325,26162875.6826,54442,61.0136649936,0.0005,
2013-07-16,87911578.9122,39228,1129260000.0,98.89,0.0,4100.0,35.8771154,66221,26162875.6826,56593,98.543885,0.0005,
2013-07-17,95254613.1644,40459,1104760000.0,96.71,0.0,4600.0,33.68340783,63007,26162875.6826,55732,76.6157045152,0.0005,
2013-07-18,91949282.6177,41009,1125660000.0,98.5,0.0,4025.0,37.38979778,63178,26162875.6826,55420,77.140317355,0.0005,
2013-07-19,69375072.7776,36588,1029670000.0,90.07,0.0,4275.0,21.11963162,58759,26162875.6826,52068,72.056,0.0005,
2013-07-20,42471048.1413,33516,1052140000.0,92.0,0.0,4650.0,22.97726435,52399,26162875.6826,51542,32.4442462,0.0005,
2013-07-21,41848023.6819,35257,1027640000.0,89.82,0.0,4975.0,24.55597227,51123,26162875.6826,50383,47.7798774426,0.0005,
2013-07-22,77907644.9331,39814,1053000000.0,92.0,0.0,4125.0,32.7694805,60318,27181692.6916,53307,63.30687348,0.0005,
2013-07-23,83284773.3767,38291,1048820000.0,91.6,0.0,3525.0,21.44867879,64299,31256960.7278,55498,78.81735282,0.0005,
2013-07-24,79962946.8499,42202,1094490000.0,95.56,0.0,3975.0,35.6200614,65888,31256960.7278,61447,55.4248,0.0005,
2013-07-25,71536601.1091,42384,1082800000.0,94.5,0.0,3650.0,33.78420434,66440,31256960.7278,57311,58.574682495,0.0005,
2013-07-26,70564591.3347,37209,1111160000.0,96.95,0.0,4100.0,20.32379372,62558,31256960.7278,51200,83.520577133,0.0005,
2013-07-27,41588442.0116,36711,1100900000.0,96.02,0.0,4525.0,32.14157306,52438,31256960.7278,48919,36.3216553554,0.0005,
2013-07-28,54639393.1612,37134,1082750000.0,94.4,0.0,4200.0,23.82217431,49179,31256960.7278,50683,35.883505472,0.0005,
2013-07-29,70309309.0923,41634,1131340000.0,98.6,0.0,4450.0,30.41102588,67473,31256960.7278,57617,74.572290236,0.0005,
2013-07-30,97765043.9036,41936,1164940000.0,101.49,0.0,4924.999,37.66696925,69872,31256960.7278,56922,84.6368151909,0.0005,
2013-07-31,86288709.3897,49334,1239630000.0,107.95,0.0,4750.0,49.24699101,80899,31256960.7278,65448,71.126050661,0.0005,
2013-08-01,117462863.439,50727,1220190000.0,106.21,0.0,4425.0,38.34057257,114305,31256960.7278,98813,66.402492,0.0005,
2013-08-02,89019798.9867,51489,1205070000.0,104.86,0.0,4800.0,29.1302076,74758,31256960.7278,66377,65.4754784558,0.0005,
2013-08-03,65001954.9165,45576,1201490000.0,104.5,0.0,4250.0,26.43529564,60484,34144398.5672,58434,28.215,0.0005,
2013-08-04,49956214.6797,42767,1207100000.0,104.95,0.0,4475.0,31.50890033,60253,37392766.1365,55926,31.295065688,0.0005,
2013-08-05,82983950.6997,50812,1209520000.0,105.12,0.0,4725.0,27.84873298,73171,37392766.1365,66794,52.56,0.0005,
2013-08-06,75281144.8995,54179,1228440000.0,106.72,0.0,4750.0,41.6806571,71546,37392766.1365,68382,26.5653891232,0.0005,
2013-08-07,79666929.7709,57420,1229100000.0,106.75,0.0,4650.0,31.55560425,75667,37392766.1365,74960,27.0564674975,0.0005,
2013-08-08,71650440.9516,57817,1229100000.0,106.75,0.0,5125.0,49.11009386,72376,37392766.1365,72576,20.17575,0.0005,
2013-08-09,59775405.3628,49463,1187920000.0,103.07,0.0,4875.0,43.8878449,64633,37392766.1365,63387,31.842909615,0.0005,
2013-08-10,49352540.3856,51485,1185310000.0,102.8,0.0,5250.0,29.64591768,59304,37392766.1365,68737,33.017428388,0.0005,
2013-08-11,41047799.1519,38206,1188150000.0,103.0,0.0,5400.0,32.84307247,54134,37392766.1365,50384,36.6375326,0.0005,
2013-08-12,82681929.8085,50012,1211790000.0,105.0,0.0,5400.0,25.37058276,103392,37392766.1365,90956,43.09935,0.0005,
2013-08-13,132816267.203,52897,1235340000.0,106.99,0.0,4575.0,29.74852431,74994,39812328.4648,61770,52.415535094,0.0005,
2013-08-14,140498165.333,51492,1265450000.0,109.56,0.0,4200.0,44.20760856,78215,50810339.0483,63354,65.736,0.0005,
2013-08-15,84945141.2185,57959,1300660000.0,112.56,0.0,4250.0,63.29990312,75757,50810339.0483,80266,35.120926176,0.0005,
2013-08-16,113364543.198,70951,1271470000.0,110.0,0.0,4200.0,46.94701273,82518,50810339.0483,83450,24.2405163,0.0005,
2013-08-17,99903487.6164,56356,1260350000.0,108.99,0.0,4750.0,28.92158036,61411,50810339.0483,69452,10.79001,0.0005,
2013-08-18,84598936.6401,56203,1304320000.0,112.75,0.0,4850.0,45.94836173,57548,50810339.0483,71632,13.560715355,0.0005,
2013-08-19,116215031.471,71137,1312160000.0,113.38,0.0,4425.0,48.6487076,78552,50810339.0483,87311,17.0007629662,0.0005,
2013-08-20,107696485.37,63038,1377730000.0,119.0,0.0,4750.0,34.17570561,79844,50810339.0483,80813,20.23,0.0005,
2013-08-21,147566236.139,60335,1403890000.0,121.21,0.0,4900.0,32.14886264,82676,50810339.0483,75933,32.24186,0.0005,
2013-08-22,95101629.6475,66596,1428700000.0,123.3,0.0,5400.0,38.7715512,83887,50810339.0483,82690,26.182022598,0.0005,
2013-08-23,95740438.3525,54999,1414290000.0,122.0,0.0,4900.0,33.86687545,81888,50810339.0483,71483,30.988,0.0005,
2013-08-24,61950549.3637,51634,1374420000.0,118.51,0.0,4575.0,27.73017547,64388,56116797.3628,66880,24.29277235,0.0005,
2013-08-25,60939539.3256,44296,1387640000.0,119.6,0.0,3775.0,30.27034915,68611,65750060.1491,58191,28.756460148,0.0005,
2013-08-26,79232996.0022,55927,1417200000.0,122.11,0.0,4150.0,40.80643368,75772,65750060.1491,70909,37.9180599969,0.0005,
2013-08-27,100678303.929,62018,1394010000.0,120.07,0.0,4225.0,39.84639775,95012,65750060.1491,79627,49.2851329,0.0005,
2013-08-28,88615799.4594,64569,1468960000.0,126.48,0.0,4450.0,260.83498262,83875,65750060.1491,83360,35.8630157064,0.0005,
2013-08-29,79414590.0037,58803,1424680000.0,122.62,0.0,4725.0,27.03969735,74884,65750060.1491,74009,24.524,0.0005,
2013-08-30,95794144.8578,62398,1422120000.0,122.35,0.0,5125.0,43.91193998,89611,65750060.1491,81017,46.2979312775,0.0005,
2013-08-31,84209474.6546,47282,1547640000.0,133.09,0.0,5575.0,31.22585731,88163,65750060.1491,80325,54.6294523,0.0005,
2013-09-01,73458043.7968,46377,1572230000.0,135.14,0.0,5525.0,24.95132746,57000,65750060.1491,63722,26.89286,0.0005,
2013-09-02,85692434.3845,51051,1613600000.0,138.63,0.0,5375.0,47.40491922,62790,65750060.1491,67408,30.803586,0.0005,
2013-09-03,109415682.836,51969,1579180000.0,135.61,0.0,4850.0,31.23219885,72100,65750060.1491,65569,40.683,0.0005,
2013-09-04,107917482.428,52816,1590550000.0,136.53,0.0,4075.0,27.0615907,76878,81734745.9621,68030,50.0609431125,0.0005,
2013-09-05,90483365.6239,60551,1477250000.0,126.76,0.0,4475.0,32.62242832,70424,86933017.7712,75593,19.014,0.0005,
2013-09-06,82051689.2683,60665,1474670000.0,126.49,0.0,4625.0,33.49086393,73269,86933017.7712,77928,24.467125137,0.0005,
2013-09-07,70105820.208,51822,1386610000.0,118.89,0.0,3625.0,24.49911746,62593,86933017.7712,68758,16.7265687105,0.0005,
2013-09-08,44922793.0498,46295,1448180000.0,124.13,0.0,3925.0,26.14222954,56485,86933017.7712,60354,14.7739960455,0.0005,
2013-09-09,65934249.7927,57473,1422180000.0,121.86,0.0,5075.0,30.53100606,73995,86933017.7712,71607,14.56227,0.0005,
2013-09-10,69877437.5381,53092,1485960000.0,127.27,0.0,4775.0,25.5237116,70670,86933017.7712,69140,19.9729074545,0.0005,
2013-09-11,75363403.6175,49010,1470450000.0,125.89,0.0,5000.0,22.55500301,74674,86933017.7712,65059,49.05379384,0.0005,
2013-09-12,83394513.086,52087,1583960000.0,135.55,0.0,5325.0,30.34461292,77030,86933017.7712,73508,49.172825571,0.0005,
2013-09-13,78145290.7688,44630,1552880000.0,132.83,0.0,5100.0,20.96323621,66571,86933017.7712,64945,66.348585,0.0005,
2013-09-14,65576609.0067,43342,1579050000.0,135.01,0.0,5450.0,20.23750549,54053,87168756.5867,59712,26.86699,0.0005,
2013-09-15,46742694.0096,53491,1514140000.0,129.4,0.0,4525.0,27.64617927,54801,112628548.666,73175,14.970588796,0.0005,
2013-09-16,81114864.473,51731,1531820000.0,130.86,0.0,3850.0,41.20048691,69776,112628548.666,70453,36.7428708,0.0005,
2013-09-17,75561413.6067,67752,1540880000.0,131.59,0.0,4475.0,302.75425378,73046,112628548.666,84729,21.267865298,0.0005,
2013-09-18,89468566.4611,60386,1542870000.0,131.71,0.0,4125.0,107.50935731,79094,112628548.666,78994,27.6165023518,0.0005,
2013-09-19,102441484.818,59625,1539430000.0,131.37,0.0,4750.0,91.74587436,79120,112628548.666,78897,37.62712677,0.0005,
2013-09-20,88067366.5125,58794,1520470000.0,129.7,0.0,5000.0,27.00884796,77102,112628548.666,80698,38.3912,0.0005,
2013-09-21,53435312.5386,52309,1488870000.0,126.95,0.0,4725.0,26.75531601,66368,112628548.666,72859,29.32545,0.0005,
2013-09-22,57085214.1563,50700,1500260000.0,127.87,0.0,5075.0,26.29032181,63585,112628548.666,71640,23.6415364936,0.0005,
2013-09-23,118646075.265,65118,1513940000.0,128.98,0.0,5250.0,39.47388851,80538,112628548.666,86506,35.79195,0.0005,
2013-09-24,108925287.675,62380,1480210000.0,126.05,0.0,5300.0,30.66022492,78401,112628548.666,83228,37.68895,0.0005,
2013-09-25,92644666.3154,54342,1496510000.0,127.38,0.0,5150.0,31.06396518,78496,125804756.605,76890,50.82462,0.0005,
2013-09-26,86113388.1587,57383,1506920000.0,128.21,0.0,4050.0,27.23002047,78179,148819199.805,76190,53.1354267618,0.0005,
2013-09-27,82203248.149,46742,1516020000.0,128.94,0.0,4450.0,82.61986498,78099,148819199.805,66847,76.5227619156,0.0005,
2013-09-28,66739013.0598,42403,1573400000.0,133.77,0.0,4425.0,26.08609449,68927,148819199.805,58992,65.2519345023,0.0005,
2013-09-29,66952152.4795,41011,1587290000.0,134.9,0.0,4250.0,25.84549691,71310,148819199.805,59464,65.418084938,0.0005,
2013-09-30,105450782.663,46993,1614350000.0,137.15,0.0,4075.0,25.75183782,80455,148819199.805,66015,107.978195,0.0005,
2013-10-01,136306400.587,56984,1562270000.0,132.68,0.0,4675.0,39.13974553,89788,148819199.805,81464,66.614037272,0.0005,
2013-10-02,143935767.401,61773,1555470000.0,132.05,0.0,4775.0,39.92303312,105735,148819199.805,85558,76.35244563,0.0005,
2013-10-03,95302946.6549,59352,1348700000.0,114.45,0.0,4975.0,36.60294587,90270,148819199.805,83678,42.289275,0.0005,
2013-10-04,90101301.285,51760,1454900000.0,123.41,0.0,4500.0,24.77279491,77846,148819199.805,74009,46.15534,0.0005,
2013-10-05,51206838.048,45260,1517020000.0,128.63,0.0,5475.0,26.06242489,65740,148819199.805,65299,29.129704156,0.0005,
2013-10-06,49543256.8282,42672,1514540000.0,128.36,0.0,4625.0,21.15735044,61105,164129164.472,59001,31.338972058,0.0005,
2013-10-07,84261092.3485,44391,1527760000.0,129.43,0.0,3900.0,32.57715142,76596,189281249.281,67793,54.4205364444,0.0005,
2013-10-08,80529487.4094,44970,1496500000.0,126.74,0.0,4025.0,17.13190379,76020,189281249.281,71446,32.9524,0.0005,
2013-10-09,99538816.3443,50494,1486510000.0,125.85,0.0,4475.0,30.37507628,80276,189281249.281,71319,37.755,0.0005,
2013-10-10,85821455.7987,56661,1544020000.0,130.67,0.0,4800.0,31.05788363,80598,189281249.281,78713,29.9992186,0.0005,
2013-10-11,92388389.8344,51737,1545600000.0,130.75,0.0,4625.0,22.76995908,79795,189281249.281,69878,38.40917753,0.0005,
2013-10-12,79546763.2003,49260,1547970000.0,130.9,0.0,5350.0,32.14776583,66977,189281249.281,67925,25.51241,0.0005,
2013-10-13,83875679.1471,51083,1599430000.0,135.19,0.0,5525.0,30.80432869,87648,189281249.281,83449,28.498052,0.0005,
2013-10-14,113630724.061,57202,1648470000.0,139.27,0.0,6250.0,33.03670276,82482,189281249.281,82852,34.8175,0.0005,
2013-10-15,116125295.541,55566,1667100000.0,140.77,0.0,6500.0,38.64309771,85589,189281249.281,75897,55.9571547059,0.0005,
2013-10-16,137807896.415,50616,1725840000.0,145.65,0.0,5250.0,47.19904597,93270,219914106.503,76521,78.469959963,0.0005,
2013-10-17,110525506.124,46703,1688200000.0,142.41,0.0,4175.0,36.51952508,81452,267731249.482,67424,49.957428,0.0005,
2013-10-18,127114248.597,59469,1735750000.0,146.37,0.0,4800.0,38.35801158,86021,267731249.482,77047,35.3285306472,0.00024,
2013-10-19,146748106.199,55088,1849630000.0,155.91,0.0,5575.0,36.26226694,92551,267731249.482,82305,61.023174,0.0005,
2013-10-20,115562391.68,49219,2037440000.0,171.66,0.0,4975.0,28.48710739,73525,267731249.482,75376,42.8024288052,0.0005,
2013-10-21,170650728.799,60240,2075580000.0,174.8,0.0,5275.0,37.66450678,96421,267731249.482,87396,57.986026432,0.0005,
2013-10-22,198898361.284,64803,2169750000.0,182.65,0.0,6125.0,41.68008116,109555,267731249.482,98895,88.03759224,0.0005,
2013-10-23,194105946.92,55093,2298160000.0,193.36,0.0,5525.0,45.77781754,108022,267731249.482,88982,96.68,0.0005,
2013-10-24,203564537.935,63419,2548230000.0,214.3,0.0,5375.0,50.7649601,112119,267731249.482,94755,72.894335727,0.0001066,
2013-10-25,541679630.881,57236,2351780000.0,197.69,0.0,5875.0,51.0751821,101197,267731249.482,86269,52.2983201528,0.0001066,
2013-10-26,117344738.89,47565,2231070000.0,187.45,0.0,4550.0,35.34328044,73940,373329139.33,68884,37.4202629765,0.0001,
2013-10-27,79517883.7022,43512,2102730000.0,176.6,0.0,4475.0,57.75029853,65295,390928787.638,63672,34.712386508,0.0001,
2013-10-28,112753324.357,50929,2337100000.0,196.21,0.0,4375.0,31.18348979,86598,390928787.638,70983,46.2754456892,0.0001,
2013-10-29,323730057.299,49770,2365840000.0,198.55,0.0,4000.0,34.455093,85461,390928787.638,70485,54.68960475,0.0001,
2013-10-30,132883700.624,48251,2436240000.0,204.39,0.0,4875.0,29.72252695,95946,390928787.638,75849,81.4541793309,0.0001,
2013-10-31,117546077.702,57970,2382870000.0,199.83,0.0,5275.0,29.97871915,96937,390928787.638,89712,34.294364991,0.00011,
2013-11-01,108441882.867,45163,2432470000.0,203.9,0.0,5200.0,35.00360841,87053,390928787.638,69793,101.95,0.0001,
2013-11-02,98096975.3391,38979,2456330000.0,205.81,0.0,5050.0,23.53096079,77879,390928787.638,62339,57.606219,0.0001,
2013-11-03,97299194.485,35755,2459520000.0,205.99,0.0,4800.0,40.87943337,83335,390928787.638,61525,70.0366,0.0001,
2013-11-04,180559584.002,45328,2564070000.0,214.66,0.0,4875.0,51.82985587,100576,390928787.638,71679,133.548415698,0.0001,
2013-11-05,213285359.424,51423,2738980000.0,229.21,0.0,4350.0,47.27916843,117722,412308267.303,82861,158.0288345,0.0001,
2013-11-06,193185114.745,54845,2926100000.0,244.78,0.0,4075.0,145.62558243,131397,510929738.016,84051,137.0768,0.0001,
2013-11-07,273606090.849,60391,3129190000.0,261.68,0.0,3600.0,128.50248332,130495,510929738.016,88250,192.247631775,0.0001,
2013-11-08,277265197.78,59089,3562790000.0,297.85,0.0,3350.0,106.82017227,130741,510929738.016,88707,235.3015,0.0001,
2013-11-09,264247148.842,55056,4051120000.0,338.58,0.0,3700.0,56.05344924,129810,510929738.016,89816,303.907996121,0.0001,
2013-11-10,232989496.039,57367,4174930000.0,348.82,0.0,4275.0,45.83360662,117024,510929738.016,89008,96.410499328,0.0001,
2013-11-11,191039845.263,57218,3896130000.0,325.41,0.0,4675.0,62.22351764,116256,510929738.016,88960,65.049459,0.0001,
2013-11-12,320790468.317,58106,4109060000.0,343.06,0.0,5025.0,22.51123231,116404,510929738.016,94851,106.2079454,0.0001,
2013-11-13,381370161.072,64702,4325400000.0,360.97,0.0,4200.0,23.04229153,122999,510929738.016,96033,98.9268101122,0.0001,
2013-11-14,381973360.916,69230,4871600000.0,406.41,0.0,4575.0,23.13862517,133437,510929738.016,105921,121.475949,0.0001,
2013-11-15,991986652.162,60748,5029340000.0,419.41,0.0,4150.0,17.31629565,120001,510929738.016,95145,135.981575745,0.0001,
2013-11-16,580579773.882,46981,5005530000.0,417.28,0.0,4850.0,14.2659898,103890,510929738.016,81665,204.4672,0.0001,
2013-11-17,461200016.926,51137,5291730000.0,440.96,0.0,4650.0,17.08725612,107736,542721009.588,82530,165.205271546,0.0001,
2013-11-18,900876609.826,78876,5961500000.0,496.58,0.0,3900.0,27.23178132,164698,609482679.888,117309,358.730553997,0.0001,
2013-11-19,1441230258.92,92746,8559550000.0,712.76,0.0,4025.0,31.59785609,207754,609482679.888,136309,582.110058498,0.0001,
2013-11-20,919712348.954,77394,6943300000.0,577.98,0.0,4100.0,25.27945207,165510,609482679.888,114762,333.937701302,0.0001,
2013-11-21,1195226455.92,71672,7142030000.0,594.32,0.0,3750.0,26.55807643,188789,609482679.888,108884,249.733264,0.0001,
2013-11-22,1656028285.16,76775,8703970000.0,724.07,0.0,4300.0,23.29739671,165422,609482679.888,122850,277.119220105,0.0001,
2013-11-23,1112819031.9,72375,9279850000.0,771.7,0.0,4250.0,21.01611529,150896,609482679.888,111285,256.92948932,0.00010001,
2013-11-24,1142232694.35,60693,9570990000.0,795.63,0.0,4200.0,17.53595197,124672,609482679.888,94720,154.430995326,0.0001,
2013-11-25,1066524757.08,71620,9302270000.0,773.02,0.0,4325.0,19.60120774,143017,609482679.888,107174,154.526698,0.0001,
2013-11-26,3147692314.73,83224,9699360000.0,805.73,0.0,3975.0,25.2369173,179512,609482679.888,127240,321.246476695,0.0001,
2013-11-27,2941514660.19,95358,11124900000.0,923.85,0.0,4325.0,30.41271141,199264,609482679.888,133240,486.78623771,0.0001,
2013-11-28,3231477632.18,98740,12087000000.0,1003.38,0.0,4525.0,30.73997164,202035,609482679.888,139159,503.657146558,0.0001,
2013-11-29,2590799340.12,89911,12557100000.0,1042.01,0.0,4325.0,26.09068458,189629,634388613.641,128182,519.96299,0.0001,
2013-11-30,2020446154.09,75014,13614700000.0,1129.37,0.0,4400.0,20.18102674,163655,707408283.051,117418,398.251516211,0.0001,
2013-12-01,1609960333.1,71947,13614300000.0,1128.92,0.0,4875.0,18.88083922,166644,707408283.051,106705,499.769384348,0.0001,
2013-12-02,1295761654.61,75411,11478300000.0,951.42,0.0,3975.0,21.13751064,178033,707408283.051,117318,371.287659036,0.0001,
2013-12-03,1183120469.24,77467,12628300000.0,1046.4,0.0,5000.0,20.40592636,174151,707408283.051,118519,303.447859008,0.0001,
2013-12-04,1376237813.76,79453,13010000000.0,1077.58,0.0,4275.0,20.83224443,184281,707408283.051,120999,321.980904,0.0001,
2013-12-05,1640381741.76,83113,13922300000.0,1152.73,0.0,4250.0,22.54506788,184047,707408283.051,124460,575.673362,0.0001,
2013-12-06,1147411714.31,71891,12593900000.0,1042.38,0.0,5200.0,19.20163235,169434,707408283.051,118843,373.748163426,0.0001,
2013-12-07,1921548838.21,67517,10096600000.0,835.32,0.0,4875.0,37.49123851,150899,707408283.051,106039,452.399304866,0.0001,
2013-12-08,822827951.174,47282,8431860000.0,697.31,0.0,4875.0,11.38643048,114536,707408283.051,86271,181.3006,0.0001,
2013-12-09,916798906.12,63449,9602480000.0,793.8,0.0,4400.0,17.04236096,156258,707408283.051,114498,198.45,0.0001,
2013-12-10,701994602.372,67431,10798200000.0,892.32,0.0,4800.0,17.50092456,154546,775435718.781,106570,209.045582117,0.0001,
2013-12-11,1038441612.14,67140,11973700000.0,989.07,0.0,4125.0,17.44596076,152924,908350862.437,107005,222.54075,0.0001,
2013-12-12,777867803.459,58056,10690600000.0,882.78,0.0,4075.0,14.34126064,130826,908350862.437,94320,176.556,0.0001,
2013-12-13,766128973.494,59941,10599700000.0,874.98,0.0,4350.0,15.13416963,144947,908350862.437,105522,192.7055952,0.0001,
2013-12-14,531712143.896,53859,10904900000.0,899.85,0.0,4950.0,12.4010342,149175,908350862.437,94508,194.257827299,0.0001,
2013-12-15,373571215.517,52131,10611600000.0,875.29,0.0,4425.0,11.51956075,141316,908350862.437,90008,174.697975717,0.0001,
2013-12-16,1794747559.02,69181,10676600000.0,880.33,0.0,5025.0,15.70545173,177669,908350862.437,127771,243.939275737,0.0001,
2013-12-17,1085808728.77,67537,8570390000.0,706.37,0.0,5075.0,15.20684554,158826,908350862.437,115186,212.5749878,0.0001,
2013-12-18,1295032434.89,81311,8232040000.0,678.2,0.0,4975.0,18.64447134,181247,908350862.437,126663,339.03218,0.0001,
2013-12-19,680706847.609,70052,6302970000.0,519.06,0.0,5650.0,16.48965383,157747,908350862.437,114427,158.979279933,0.0001,
2013-12-20,616423167.548,64905,8433870000.0,694.22,0.0,4450.0,16.24432139,153561,908350862.437,100190,165.672513721,0.0001,
2013-12-21,583324125.524,55922,7533740000.0,619.9,0.0,4025.0,12.43490207,127412,1067492472.9,95819,105.569180766,0.0001,
2013-12-22,532928956.904,52728,7315940000.0,601.78,0.0,4225.0,11.46529505,124084,1180923195.26,91450,88.4553232566,0.0001,
2013-12-23,419514531.591,54096,7455670000.0,613.06,0.0,4275.0,12.11174057,152460,1180923195.26,122239,92.51443236,0.0001,
2013-12-24,563688049.711,55696,8179730000.0,672.36,0.0,4225.0,12.06624608,130523,1180923195.26,97039,112.216884,0.0001,
2013-12-25,558392955.793,55266,8108930000.0,666.31,0.0,4050.0,12.31784641,130234,1180923195.26,100367,159.82930555,0.00011,
2013-12-26,393957854.481,51096,8326270000.0,683.94,0.0,4500.0,13.36262326,122662,1180923195.26,95857,142.805564017,0.0001,
2013-12-27,430445447.315,52490,9295570000.0,763.28,46862700.0,4600.0,12.27928333,126405,1180923195.26,96620,141.381041558,0.0001,
2013-12-28,424794417.762,47859,8990850000.0,737.98,32505800.0,3750.0,11.65867105,115925,1180923195.26,86974,91.9463525014,0.0001,
2013-12-29,587151250.79,51157,8872600000.0,728.05,19011300.0,4200.0,14.55153464,129269,1180923195.26,88146,83.6890198775,0.0001,
2013-12-30,554132046.856,55440,9037000000.0,741.35,20707700.0,4325.0,11.74180891,152688,1180923195.26,120155,133.947844523,0.0001,
2013-12-31,329742820.931,48663,9268240000.0,760.32,20897300.0,4600.0,10.98600975,119177,1180923195.26,89556,129.2544,0.0001,
2014-01-01,379024667.313,42865,9203030000.0,754.97,22489400.0,5125.0,9.36534252,97260,1180923195.26,78587,103.012259135,0.0001,
2014-01-02,499815387.153,54636,9428180000.0,773.44,38489500.0,3350.0,13.8118866,137759,1406071638.55,95814,167.121952925,0.0001,
2014-01-03,685647072.307,60819,9786680000.0,802.85,37810100.0,4025.0,13.81938881,143113,1418481395.26,102320,187.382107056,0.0001,
2014-01-04,493348798.21,51911,10035600000.0,823.27,38005000.0,3525.0,12.28749852,116601,1418481395.26,86650,159.568208411,0.0001,
2014-01-05,766108099.532,58469,10465700000.0,858.55,72898500.0,4825.0,13.93812559,136208,1418481395.26,97545,191.49185055,0.0001,
2014-01-06,874804523.718,67172,11410400000.0,936.05,85565700.0,4650.0,29.50823266,178920,1418481395.26,130381,209.8373145,0.0001,
2014-01-07,816544180.015,62734,11571400000.0,946.49,81311700.0,4425.0,15.53038267,142544,1418481395.26,106494,189.298,0.0001,
2014-01-08,548925500.611,61246,9734800000.0,795.99,74175600.0,4825.0,14.12498292,147462,1418481395.26,113777,137.308275,0.0001,
2014-01-09,422229854.39,58824,10295100000.0,841.47,59998600.0,5175.0,12.80728921,134119,1418481395.26,102974,138.758403,0.0001,
2014-01-10,430968408.041,53979,10363300000.0,846.69,31876800.0,4675.0,12.53797561,127459,1418481395.26,94271,142.429666852,0.0001,
2014-01-11,319519698.999,55646,10619900000.0,867.32,44754200.0,5250.0,12.25450903,130048,1418481395.26,100326,132.047796072,0.0001,
2014-01-12,338614942.888,50330,11264800000.0,919.6,39623500.0,5175.0,11.79779395,117029,1418481395.26,90979,122.061459916,0.0001,
2014-01-13,400614621.201,53292,10541500000.0,860.19,45580900.0,4225.0,11.99050639,152181,1730264288.29,123407,145.114053,0.0001,
2014-01-14,564191609.543,57216,10336500000.0,843.17,20829800.0,4050.0,16.08978681,131488,1789546951.05,93664,153.345515084,0.0001,
2014-01-15,451751880.915,61428,10216700000.0,833.12,28107200.0,4600.0,16.85023545,132929,1789546951.05,104372,132.028425402,0.0001,
2014-01-16,461166687.406,56518,10553800000.0,860.29,19149300.0,4625.0,13.24725593,132450,1789546951.05,100262,134.753003849,0.0001,
2014-01-17,300532154.24,58874,10241200000.0,834.49,39031700.0,3800.0,14.67029517,129277,1789546951.05,107055,125.1735,0.0001,
2014-01-18,258434863.824,51399,10018200000.0,816.07,18052700.0,4350.0,12.72316648,106540,1789546951.05,86723,107.145347562,0.0001,
2014-01-19,434770801.18,47836,10311500000.0,839.66,24365700.0,4225.0,11.42147877,108829,1789546951.05,83936,120.575176,0.0001,
2014-01-20,606080391.864,62808,10704800000.0,871.39,27652700.0,4875.0,15.27797507,179147,1789546951.05,142354,157.835297681,0.0001,
2014-01-21,481188426.775,72411,10687700000.0,869.65,18997300.0,4150.0,15.5990746,159734,1789546951.05,117962,143.224415193,0.0001,
2014-01-22,370552341.743,65643,10661400000.0,867.21,18453700.0,4800.0,14.78206656,152993,1789546951.05,115029,143.738730669,0.0001,
2014-01-23,397021585.524,63399,10398000000.0,845.46,15607100.0,4425.0,16.79639116,150317,1789546951.05,112214,150.046863674,0.0001,
2014-01-24,573691985.801,65411,10118400000.0,822.43,34912000.0,4725.0,15.28913391,142621,1941427190.51,111464,169.188432684,0.0001,
2014-01-25,333967471.122,53699,9799920000.0,796.24,24303900.0,4125.0,11.85303748,126975,2193847870.17,94438,130.616364148,0.0001,
2014-01-26,307676407.816,53430,10510400000.0,853.68,32224300.0,3800.0,11.74920813,125563,2193847870.17,93411,162.293873112,0.0001,
2014-01-27,749286108.645,64200,10894400000.0,884.6,49233600.0,4350.0,13.45771067,170533,2193847870.17,134554,175.5931,0.0001,
2014-01-28,445675302.375,65608,9535950000.0,774.02,44875500.0,3850.0,14.15795644,158237,2193847870.17,111786,162.060901912,0.0001,
2014-01-29,344989258.604,59530,9981850000.0,809.96,17984400.0,3800.0,13.31325321,141294,2193847870.17,102171,154.084862695,0.0001,
2014-01-30,407981424.638,60623,10182900000.0,826.02,29918200.0,4400.0,13.29500605,151799,2193847870.17,111222,146.61855,0.0001,
2014-01-31,304776220.806,60085,10092900000.0,818.43,17107900.0,4600.0,14.37916749,149073,2193847870.17,114839,165.643218055,0.0001,
2014-02-01,348058767.328,54649,10222300000.0,828.61,19668700.0,4725.0,11.42304608,135007,2193847870.17,108069,120.474740046,0.0001,
2014-02-02,385995072.399,52297,10279200000.0,832.9,11300900.0,4650.0,10.80299217,135418,2193847870.17,101219,123.396750306,0.0001,
2014-02-03,362474682.582,57419,10174100000.0,824.08,13940100.0,4525.0,12.14407582,172443,2193847870.17,136595,111.2508,0.0001,
2014-02-04,599608652.658,69627,10174000000.0,823.77,16609700.0,4300.0,14.22240734,169020,2193847870.17,136048,130.667847235,0.0001,
2014-02-05,533431904.896,67361,10254100000.0,829.96,22395100.0,4200.0,13.81992653,156801,2468705673.46,131354,139.068562378,0.0001,
2014-02-06,508300515.85,69978,10079900000.0,815.59,50108700.0,4550.0,15.01442794,163365,2621404453.06,137294,145.582815,0.0001,
2014-02-07,622322060.411,70359,9683190000.0,783.2,113643000.0,3875.0,15.30919578,165384,2621404453.06,126041,207.729295136,0.0001,
2014-02-08,369969171.052,64827,8651930000.0,699.57,38742600.0,4550.0,12.26699028,148083,2621404453.06,123185,112.03493224,0.0001,
2014-02-09,305217729.558,56441,8307340000.0,671.46,39311400.0,3450.0,10.63153353,129082,2621404453.06,103470,108.888908975,0.0001,
2014-02-10,511036716.84,66694,8431680000.0,681.32,112758000.0,3900.0,13.13957152,171347,2621404453.06,129227,162.50078155,0.0001,
2014-02-11,445298739.899,67065,8461320000.0,683.5,72745200.0,4100.0,13.09678624,154758,2621404453.06,101712,136.63165,0.0001,
2014-02-12,381243918.392,61948,8326420000.0,672.38,25367600.0,4450.0,16.0368654,215023,2621404453.06,107690,117.638226421,0.0001,
2014-02-13,388800503.755,67161,8065550000.0,651.08,38588100.0,4450.0,14.05001731,163942,2621404453.06,126073,135.294424,0.0001,
2014-02-14,405617840.732,74698,7449940000.0,601.17,102506000.0,4775.0,17.09758792,177111,2621404453.06,144429,137.067457357,0.0001,
2014-02-15,610183124.59,61709,8193290000.0,660.9,26709200.0,4675.0,12.55607333,150317,2621404453.06,117723,107.43445002,0.0001,
2014-02-16,376678474.649,57336,8077340000.0,651.3,40061700.0,4875.0,11.32317875,127413,2621404453.06,96616,104.208,0.0001,
2014-02-17,287377147.711,60698,7620580000.0,614.23,31948400.0,3875.0,23.5617028,180256,3123016158.76,137645,101.841053844,0.0001,
2014-02-18,277936941.014,65245,7783430000.0,627.16,20015100.0,4075.0,13.3494205,158095,3129573174.52,127729,94.074,0.0001,
2014-02-19,251190454.208,69942,7771210000.0,625.97,13897800.0,5000.0,14.4588035,177443,3129573174.52,147426,107.271158103,0.0001,
2014-02-20,320459220.305,70967,7738580000.0,623.09,46905000.0,4425.0,14.81614558,180978,3129573174.52,144829,139.302062947,0.0001,
2014-02-21,264918288.28,69238,6918730000.0,556.88,47308100.0,3800.0,13.88804876,178647,3129573174.52,142172,175.918392,0.0001,
2014-02-22,197003136.857,58493,7136600000.0,574.24,31254000.0,4500.0,12.31655659,155205,3129573174.52,123719,114.848,0.0001,
2014-02-23,222688270.307,59906,7539890000.0,606.47,31434400.0,4200.0,12.04602794,163493,3129573174.52,131287,124.93282,0.0001,
2014-02-24,410049048.964,73605,7537080000.0,606.04,57893900.0,4775.0,15.21980169,215087,3129573174.52,180713,151.729041037,0.0001,
2014-02-25,552850003.01,79921,6721330000.0,540.24,126314000.0,4025.0,17.70847152,209147,3129573174.52,158864,215.987952,0.0001,
2014-02-26,352548487.606,72992,6683680000.0,537.04,64642700.0,4600.0,14.86319291,201181,3129573174.52,151787,148.610025654,0.0001,
2014-02-27,308074355.789,70671,7241560000.0,581.65,25540800.0,4700.0,14.41419632,185097,3129573174.52,147032,110.5135,0.0001,
2014-02-28,304422444.728,70109,7219990000.0,579.7,28076100.0,4525.0,16.40787615,196527,3440425943.54,135490,125.425132558,0.0001,
2014-03-01,410181175.592,63258,6851590000.0,549.92,18668100.0,3600.0,12.59578282,181720,3815723798.81,138721,109.984,0.0001,
2014-03-02,260391496.973,56495,7069290000.0,567.23,7950760.0,3500.0,10.82910593,159491,3815723798.81,126411,94.7127641214,0.0001,
2014-03-03,553062284.352,81116,7013060000.0,562.56,96056900.0,3700.0,17.2352689,237378,3815723798.81,191620,144.205302758,0.0001,
2014-03-04,619015652.448,84451,8332950000.0,668.24,55344600.0,3725.0,17.38424603,232481,3815723798.81,185704,162.633364403,0.0001,
2014-03-05,389200873.639,72236,8310510000.0,666.24,22461900.0,3900.0,14.32140013,202141,3815723798.81,155474,128.755756877,0.0001,
2014-03-06,367611700.584,70354,8291650000.0,664.52,16068100.0,4325.0,14.65574101,195768,3815723798.81,156431,108.281081921,0.0001,
2014-03-07,1592015269.32,72179,8291900000.0,664.31,34150800.0,4150.0,13.86113137,180964,3815723798.81,147219,103.437451446,0.0001,
2014-03-08,971106147.994,64422,7862010000.0,629.66,18654200.0,4200.0,11.62425694,171371,3815723798.81,133578,125.869034,0.0001,
2014-03-09,550578949.448,61982,7697910000.0,616.31,15396500.0,4475.0,12.28010559,173517,3815723798.81,144540,110.930647648,0.0001,
2014-03-10,924100476.7,70735,7950820000.0,636.33,20639800.0,3725.0,16.26715826,208074,3815723798.81,167302,100.824814952,0.0001,
2014-03-11,584931891.722,76036,7848450000.0,627.95,11732500.0,4200.0,15.29331241,190771,3815723798.81,148116,89.734055,0.0001,
2014-03-12,634270428.012,76157,7900600000.0,631.91,18621200.0,4550.0,16.51719963,203507,3815723798.81,152999,99.84178,0.0001,
2014-03-13,458854740.651,72643,7924860000.0,633.62,11634900.0,4050.0,14.65089124,193728,4218033170.16,153366,94.3771794316,0.0001,
2014-03-14,375426353.632,70482,7983980000.0,638.14,11913800.0,3325.0,13.65532312,192303,4250217919.87,122333,70.1954,0.0001,
2014-03-15,346492328.899,60143,7876360000.0,629.37,4342080.0,4125.0,10.91359883,146839,4250217919.87,106207,63.1934493939,0.0001,
2014-03-16,231291970.803,59161,7968200000.0,636.5,5277290.0,4275.0,12.38310041,140557,4250217919.87,107004,55.252636405,0.0001,
2014-03-17,322193328.386,66235,7901040000.0,630.92,14648200.0,4025.0,13.0816633,189493,4250217919.87,141010,67.142001664,0.0001,
2014-03-18,1589489662.62,53996,7789810000.0,621.84,24011500.0,3650.0,9.7413767,142941,4250217919.87,90087,94.3840069488,0.0001,
2014-03-19,654085755.145,73644,7692450000.0,613.9,14228900.0,4000.0,13.48145116,165225,4250217919.87,121538,61.39,0.0001,
2014-03-20,380382934.445,70825,7642910000.0,609.75,20572900.0,4425.0,13.7341206,166795,4250217919.87,126888,74.8921352175,0.0001,
2014-03-21,322829027.042,72905,7376710000.0,588.29,38414100.0,4650.0,14.67722865,189846,4250217919.87,138842,70.477142,0.0001,
2014-03-22,220682926.121,66503,7164770000.0,571.18,17360700.0,4250.0,17.57915737,169614,4250217919.87,125368,72.3101485394,0.0001,
2014-03-23,174425751.74,57597,7099230000.0,565.76,9288400.0,5350.0,11.13423626,149513,4250217919.87,122359,56.5137664,0.0001,
2014-03-24,348301047.547,70795,7061380000.0,562.51,22706900.0,4700.0,12.99764579,192803,4270341395.12,166026,68.2767381621,0.0001,
2014-03-25,275289474.576,71726,7346810000.0,585.03,14020100.0,3925.0,14.55404643,166917,5006860589.21,134150,91.764705141,0.0001,
2014-03-26,275705431.222,68156,7329720000.0,583.48,16401100.0,3975.0,15.14818021,169354,5006860589.21,137140,81.3461967836,0.0001,
2014-03-27,423577612.591,71546,7291520000.0,580.26,62225400.0,4325.0,13.76146264,183144,5006860589.21,140773,96.4008394062,0.0001,
2014-03-28,366804014.811,66905,5997850000.0,477.14,58828300.0,4350.0,12.32486726,182899,5006860589.21,141940,72.342010526,0.0001,
2014-03-29,176920895.446,53095,6308890000.0,501.71,11147100.0,4375.0,9.79142385,145206,5006860589.21,122820,61.5955939401,0.0001,
2014-03-30,277189715.213,56713,6193560000.0,492.37,42958300.0,3500.0,10.88456963,167312,5006860589.21,151884,60.0380665293,0.0001,
2014-03-31,323712883.852,64862,5816910000.0,462.3,28254000.0,4500.0,12.63855609,170348,5006860589.21,133360,77.391188187,0.0001,
2014-04-01,293063214.623,63965,5752280000.0,457.0,35685800.0,4275.0,12.31562078,179680,5006860589.21,137886,91.4,0.0001,
2014-04-02,340916523.025,66716,6032970000.0,479.14,49647600.0,4925.0,13.24419169,179055,5006860589.21,138903,95.492602,0.0001,
2014-04-03,286076549.933,66820,5497550000.0,436.44,40765500.0,5100.0,13.44998103,169394,5006860589.21,109414,73.4260196688,0.0001,
2014-04-04,242015716.318,65497,5615980000.0,445.66,22925500.0,4875.0,13.52233973,178172,5006860589.21,139745,79.505744,0.0001,
2014-04-05,266878890.83,55624,5630890000.0,446.68,13404500.0,4275.0,11.16666447,153922,5560039346.48,120427,53.003897492,0.0001,
2014-04-06,170691048.798,49859,5843670000.0,463.4,10241400.0,3775.0,10.34855898,183742,6119726089.13,161691,55.304570314,0.0001,
2014-04-07,195212902.607,65659,5821160000.0,461.47,15616600.0,3775.0,14.19487722,158684,6119726089.13,131729,68.9390033,0.0001,
2014-04-08,171065937.998,67707,5648000000.0,447.61,10921600.0,3350.0,14.76358943,165204,6119726089.13,135653,79.5592711879,0.0001,
2014-04-09,242358261.533,64992,5719730000.0,453.18,13204400.0,4025.0,20.25920875,178880,6119726089.13,139998,71.8551195726,0.0001,
2014-04-10,336568563.589,67872,5583670000.0,442.26,55868300.0,3875.0,14.37984843,182889,6119726089.13,138195,100.942704954,0.0001,
2014-04-11,263864821.31,65563,4593400000.0,363.71,62562800.0,4225.0,13.94326692,169498,6119726089.13,130967,72.8054710321,0.0001,
2014-04-12,155558729.529,47579,5317310000.0,420.89,19226500.0,4025.0,9.07114824,132127,6119726089.13,97412,57.4430082754,0.0001,
2014-04-13,156807331.029,50981,5326230000.0,421.46,22493500.0,4675.0,10.29986168,172558,6119726089.13,150031,46.234162,0.0001,
2014-04-14,235380634.391,70026,5244350000.0,414.83,50730200.0,4825.0,15.3380664,183171,6119726089.13,141517,82.55117,0.0001,
2014-04-15,276047142.586,72627,5797070000.0,458.37,49561000.0,4550.0,16.49954518,198896,6119726089.13,141045,83.7976357746,0.0001,
2014-04-16,392673960.573,68435,6606460000.0,522.18,56480100.0,3975.0,14.2744465,184755,6119726089.13,141139,99.3967750152,0.0001,
2014-04-17,403090890.199,65021,6695650000.0,529.07,34025500.0,4225.0,14.99553797,157385,6328150816.81,130060,79.2355548288,0.0001,
2014-04-18,367516957.83,56836,6276700000.0,495.8,19042400.0,4000.0,12.16011272,149225,6978842649.59,119928,84.23642,0.0001,
2014-04-19,203509127.17,53356,6073340000.0,479.58,19588200.0,3975.0,12.61314875,140864,6978842649.59,107122,58.5889074096,0.0001,
2014-04-20,196368727.443,48865,6356070000.0,501.75,12103100.0,4450.0,10.86690665,164132,6978842649.59,148582,61.8425790975,0.0001,
2014-04-21,339735614.924,57939,6307460000.0,497.74,15171400.0,4275.0,12.47640246,142023,6978842649.59,115036,57.6820134816,0.0001,
2014-04-22,415350950.662,77888,6280640000.0,495.45,11670900.0,3850.0,15.29422985,183491,6978842649.59,163169,54.4945455,0.0001,
2014-04-23,302537686.09,73789,6192560000.0,488.36,9814530.0,4125.0,14.56230652,155849,6978842649.59,138533,42.48732,0.0001,
2014-04-24,188956021.527,72543,6225860000.0,490.82,13009400.0,3775.0,14.94749758,166389,6978842649.59,144081,50.996198,0.0001,
2014-04-25,256355740.94,72468,6345230000.0,500.09,46856500.0,4550.0,13.64442103,181616,6978842649.59,150853,53.4194537712,0.0001,
2014-04-26,141037727.502,52012,5860330000.0,461.7,12214600.0,4075.0,9.13901624,135222,6978842649.59,101609,54.937184364,0.0001,
2014-04-27,123222635.954,52452,5805530000.0,457.24,10949500.0,4425.0,11.74870756,171817,6978842649.59,153781,46.4701653836,0.0001,
2014-04-28,221741610.072,64394,5470650000.0,430.72,23876600.0,3800.0,12.79024099,167470,6978842649.59,136661,61.14974912,0.0001,
2014-04-29,221068512.341,64886,5590030000.0,439.98,16401400.0,4275.0,12.61638574,169231,7026656894.57,135533,52.3464753066,0.0001,
2014-04-30,187690275.392,63501,5679680000.0,446.89,15244900.0,3425.0,12.95362061,166561,8000872135.97,128461,64.996932892,0.0001,
2014-05-01,179690365.367,59482,5690670000.0,447.63,12871800.0,4400.0,10.84631035,154494,8000872135.97,125640,52.6680428451,0.0001,
2014-05-02,279738514.842,59820,5816390000.0,457.36,10394200.0,4025.0,11.87743613,143657,8000872135.97,125063,49.9765092856,0.0001,
2014-05-03,232135059.213,54015,5716960000.0,449.4,9849640.0,3550.0,10.28949159,116955,8000872135.97,99559,44.94,0.0001,
2014-05-04,170684498.47,51618,5580030000.0,438.52,5621260.0,3775.0,9.88528194,156430,8000872135.97,151207,42.799552,0.0001,
2014-05-05,253767871.574,67638,5534140000.0,434.78,10004800.0,3125.0,13.53297617,148045,8000872135.97,132307,48.5166175942,0.0001,
2014-05-06,277320366.498,77034,5517460000.0,433.36,12507300.0,4850.0,15.00387446,168300,8000872135.97,145894,50.484619888,0.0001,
2014-05-07,330157107.603,69666,5468310000.0,429.34,18332200.0,3975.0,13.54172333,161715,8000872135.97,137679,54.5227710404,0.0001,
2014-05-08,559374818.888,68770,5588990000.0,438.68,9446580.0,4175.0,13.58433577,166672,8000872135.97,132945,47.3763827812,0.0001,
2014-05-09,532407672.066,66123,5609930000.0,440.18,10347900.0,4250.0,15.57402453,162493,8000872135.97,130501,50.227069035,0.0001,
2014-05-10,283600939.314,56237,5742830000.0,450.46,6682600.0,4475.0,10.09687328,135417,8000872135.97,110855,45.046,0.0001,
2014-05-11,190076931.581,52438,5789010000.0,453.92,12251700.0,3800.0,9.70016918,165300,8000872135.97,168136,42.1049519376,0.0001,
2014-05-12,220707237.821,74254,5591520000.0,438.3,7383770.0,4100.0,13.93177704,154712,8359564501.5,134882,45.040010427,0.0001,
2014-05-13,280678963.806,69195,5634510000.0,441.53,7682670.0,4050.0,12.37220357,149382,8853416309.13,127646,50.1408135103,0.0001,
2014-05-14,286461930.734,69658,5624310000.0,440.59,9472960.0,3750.0,12.08030118,160707,8853416309.13,136340,49.4983743394,0.0001,
2014-05-15,326355523.708,74722,5671210000.0,444.14,7362980.0,4275.0,12.8013398,176834,8853416309.13,144206,44.414,0.0001,
2014-05-16,271650849.654,65252,5714640000.0,447.39,6475100.0,4525.0,11.63597683,155429,8853416309.13,126207,52.6216717836,0.0001,
2014-05-17,203971584.871,53338,5725990000.0,448.12,2945790.0,4325.0,9.31030062,148230,8853416309.13,106317,49.248388,0.0001,
2014-05-18,111497109.123,49740,5735400000.0,448.7,2857830.0,4300.0,8.71450665,177592,8853416309.13,150928,48.505551367,0.0001,
2014-05-19,216140647.243,63926,5703760000.0,446.08,6242620.0,4200.0,11.40509824,185466,8853416309.13,129851,64.2862125312,0.0001,
2014-05-20,643323724.241,71343,5708560000.0,446.31,40327500.0,4425.0,13.38509866,190988,8853416309.13,153084,76.408272,0.0001,
2014-05-21,322395173.927,68730,6215880000.0,485.8,14626000.0,4375.0,12.79533682,157821,8853416309.13,134320,81.68110034,0.0001,
2014-05-22,351525019.087,73171,6297990000.0,492.05,33086500.0,4300.0,12.75997199,162929,8853416309.13,136604,73.8075,0.0001,
2014-05-23,607686740.361,72645,6731160000.0,525.72,34934700.0,4125.0,12.72896008,176279,8853416309.13,137946,90.9200303076,0.0001,
2014-05-24,459930055.254,52718,6673600000.0,521.05,11499300.0,3850.0,11.23540029,124954,9612949942.52,101835,63.4518068505,0.0001,
2014-05-25,417647656.224,57405,6729120000.0,525.23,47010300.0,4025.0,10.14448351,187257,10455720138.5,157307,70.370945676,0.0001,
2014-05-26,395330672.838,66849,7322870000.0,571.39,29959800.0,3950.0,12.57750285,170969,10455720138.5,130484,82.3967692712,0.0001,
2014-05-27,525145400.402,68388,7468620000.0,582.59,38032000.0,3400.0,12.14135874,179075,10455720138.5,134194,90.4834452901,0.0001,
2014-05-28,457686685.914,72169,7333770000.0,571.91,19289000.0,4225.0,13.95978274,184279,10455720138.5,139901,75.8695291281,0.0001,
2014-05-29,354972801.293,65221,7392820000.0,576.33,18707800.0,3525.0,11.95135479,171711,10455720138.5,133637,79.0761702753,0.0001,
2014-05-30,488770773.419,64960,7290240000.0,568.18,31985400.0,4175.0,11.59815107,152355,10455720138.5,123662,95.4787456034,0.0001,
2014-05-31,338393630.964,52025,7902400000.0,615.69,15107100.0,3675.0,9.64770833,146489,10455720138.5,111251,86.6760254892,0.0001,
2014-06-01,424756792.979,55047,8007450000.0,623.69,45259100.0,4375.0,10.75014255,191153,10455720138.5,158937,102.0107364,0.0001,
2014-06-02,567362727.925,64241,8086630000.0,629.64,45450200.0,4825.0,11.70443213,175324,10455720138.5,131304,102.064644,0.0001,
2014-06-03,537718442.359,69517,8486730000.0,660.55,40653700.0,4450.0,13.44054734,187100,10455720138.5,141686,115.711899094,0.0001,
2014-06-04,646677056.664,64873,8569660000.0,666.77,37731500.0,4525.0,12.00635921,171267,10455720138.5,131283,111.954876983,0.0001,
2014-06-05,571630925.067,66793,8242230000.0,641.07,29621300.0,3800.0,12.34989787,183219,10584091695.6,137903,93.6843222501,0.0001,
2014-06-06,661457339.607,62203,8478870000.0,659.28,18680100.0,3475.0,10.80069596,174187,11756551916.9,131401,93.4490106912,0.0001,
2014-06-07,367695681.557,51055,8407050000.0,653.52,15855300.0,3875.0,8.78221121,140292,11756551916.9,105888,84.892248,0.0001,
2014-06-08,477417706.18,48172,8428530000.0,654.99,8614190.0,3400.0,8.84632234,173347,11756551916.9,149132,72.0489,0.0001,
2014-06-09,224339155.809,59719,8439070000.0,655.64,19065400.0,3900.0,11.09517441,166164,11756551916.9,126526,95.9218563332,0.0001,
2014-06-10,354912249.109,63149,8369550000.0,650.04,17913400.0,4175.0,11.64592603,178906,11756551916.9,138004,90.4797306408,0.0001,
2014-06-11,314802790.524,62681,8412780000.0,653.19,25163800.0,3650.0,11.27334026,173915,11756551916.9,127615,91.4466,0.0001,
2014-06-12,676261895.669,64572,8160590000.0,633.43,50818800.0,4300.0,12.93722403,175276,11756551916.9,136622,105.916805782,0.0001,
2014-06-13,402240895.145,64576,7548170000.0,585.7,35700700.0,4075.0,11.5480141,173777,11756551916.9,135754,67.878383675,0.0001,
2014-06-14,255525784.974,53418,7744580000.0,600.75,38481200.0,4450.0,9.08986917,149467,11756551916.9,119276,66.0825,0.0001,
2014-06-15,232716156.328,53726,7427200000.0,575.93,23580900.0,4750.0,9.53850979,176492,11756551916.9,166097,51.4655137103,0.0001,
2014-06-16,408825139.053,68074,7645650000.0,592.65,28677500.0,4700.0,11.98941586,177670,11756551916.9,140720,65.874979539,0.0001,
2014-06-17,254997316.005,69893,7634710000.0,591.59,18597300.0,4600.0,12.0249054,185054,11756551916.9,151374,64.9646572035,0.0001,
2014-06-18,299800247.178,63730,7872150000.0,609.77,17862000.0,3950.0,12.91108153,168031,13171043650.4,131327,75.1002000504,0.0001,
2014-06-19,408615229.495,62287,7852650000.0,608.07,12803800.0,4175.0,11.72007406,158756,13462580114.5,130798,68.7892261005,0.0001,
2014-06-20,303937660.498,57195,7717370000.0,597.4,18134100.0,4650.0,10.71588434,155279,13462580114.5,123099,77.276838298,0.0001,
2014-06-21,250934766.657,50987,7672030000.0,593.68,9256290.0,4650.0,9.1894822,153727,13462580114.5,119586,65.747299388,0.0001,
2014-06-22,295964351.487,49924,7703560000.0,595.9,10877700.0,4500.0,9.0220478,184070,13462580114.5,160859,59.589535198,0.0001,
2014-06-23,326490136.327,60040,7787160000.0,602.16,14053800.0,4400.0,11.29559499,163312,13462580114.5,133256,84.242184,0.0001,
2014-06-24,478032887.77,64695,7683850000.0,593.97,14144900.0,4700.0,11.06251476,175672,13462580114.5,133014,73.1879617716,0.0001,
2014-06-25,257697989.899,64210,7529260000.0,581.81,20687700.0,4675.0,12.3602878,175359,13462580114.5,137718,69.5670217,0.0001,
2014-06-26,258735529.21,61261,7329110000.0,566.14,14655900.0,4275.0,10.13416507,159176,13462580114.5,128154,63.2382852506,0.0001,
2014-06-27,252308159.412,62769,7527840000.0,581.3,20814600.0,4925.0,10.70192844,167889,13462580114.5,131644,72.379499908,0.0001,
2014-06-28,175528633.435,54210,7761630000.0,599.08,13398100.0,4550.0,9.26408687,143667,13462580114.5,113728,57.7867715452,0.0001,
2014-06-29,165604357.456,48937,7728190000.0,596.33,8897470.0,3925.0,8.71685196,173588,15429083780.8,163887,51.2545635,0.0001,
2014-06-30,376018919.851,70099,7812050000.0,602.62,46422400.0,3300.0,11.88919685,182748,16818461371.2,143122,76.141037,0.0001,
2014-07-01,526555569.817,69310,8316770000.0,641.39,38446300.0,3325.0,13.1158412,186223,16818461371.2,144636,96.7426816615,0.0001,
2014-07-02,552044282.795,66591,8314310000.0,641.04,25768200.0,3425.0,12.74840425,181987,16818461371.2,136777,90.2616436104,0.0001,
2014-07-03,356252657.371,62710,8442770000.0,650.77,18949000.0,3475.0,10.9758023,161249,16818461371.2,134087,80.9729878511,0.0001,
2014-07-04,205976573.538,59328,8365570000.0,644.65,22237200.0,4150.0,10.11443135,144678,16818461371.2,118412,64.465,0.0001,
2014-07-05,237638465.446,49802,8177490000.0,629.95,9105940.0,3800.0,8.29427605,128220,16818461371.2,109540,41.9966687665,0.0001,
2014-07-06,199728367.034,51997,8203530000.0,631.77,10080000.0,3550.0,9.22847962,183763,16818461371.2,168988,42.1281041082,0.0001,
2014-07-07,263180922.481,64536,8253710000.0,635.46,17813600.0,3750.0,11.21868823,185952,16818461371.2,144170,64.0384052448,0.0001,
2014-07-08,200641009.205,69967,8088590000.0,622.57,10005500.0,3750.0,12.27727536,214002,16818461371.2,163596,61.6118058062,0.0001,
2014-07-09,252606998.582,68352,8125370000.0,625.22,9819150.0,4150.0,11.68912918,184681,16818461371.2,142628,62.0206735952,0.0001,
2014-07-10,281803343.304,64456,8122830000.0,624.83,15880700.0,3725.0,11.18585911,171179,16818461371.2,130983,69.8549255407,0.0001,
2014-07-11,225692827.162,58921,8019000000.0,616.66,16467100.0,3900.0,10.87078401,170489,16818461371.2,129002,87.41340498,0.0001,
2014-07-12,251722799.705,53297,8219370000.0,631.88,13329000.0,3925.0,8.71204703,153831,16834953588.0,128126,61.7754575352,0.0001,
2014-07-13,264421215.561,52257,8252240000.0,634.22,11291000.0,4000.0,9.42346258,188386,17336316978.5,173253,51.0588197456,0.0001,
2014-07-14,277094694.461,62626,8155140000.0,626.56,12706800.0,3375.0,11.75980369,162413,17336316978.5,124489,66.4204601984,0.0001,
2014-07-15,318918840.432,72157,8071770000.0,620.0,10873200.0,3975.0,12.51728456,179084,17336316978.5,143747,61.938,0.0001,
2014-07-16,311402066.939,65427,8100510000.0,622.01,13182400.0,3600.0,12.61360631,167273,17336316978.5,127646,66.7565452591,0.0001,
2014-07-17,246600040.875,66061,8031440000.0,616.54,16576700.0,4300.0,11.76351954,175064,17336316978.5,135116,61.924167828,0.0001,
2014-07-18,269487283.192,63890,8110060000.0,622.37,14158100.0,4300.0,11.9486888,170489,17336316978.5,126601,63.9172247364,0.0001,
2014-07-19,146033429.302,59376,8201340000.0,629.17,7222030.0,4425.0,10.35413294,151903,17336316978.5,118506,31.568290165,0.0001,
2014-07-20,149322001.424,51846,8196210000.0,628.56,5760120.0,3875.0,8.98402817,187533,17336316978.5,172834,43.2289688616,0.0001,
2014-07-21,225443479.114,64035,8138520000.0,623.95,10711900.0,3875.0,10.59027192,164076,17336316978.5,131184,66.991103053,0.0001,
2014-07-22,187555105.538,66716,8119060000.0,622.27,9602880.0,3550.0,11.71344544,166594,17336316978.5,128319,68.5566184314,0.0001,
2014-07-23,203474164.227,66737,8106260000.0,621.12,11056600.0,3650.0,11.00879636,176754,17336316978.5,131339,75.8850502848,0.0001,
2014-07-24,288365963.843,66133,8087290000.0,619.5,20917200.0,3575.0,10.69751731,177638,17336316978.5,136421,84.266874195,0.0001,
2014-07-25,258417662.834,61335,7854660000.0,601.51,12279500.0,4075.0,10.29317626,176867,17439393634.7,137763,80.8898978706,0.0001,
2014-07-26,156244157.935,56199,7857510000.0,601.54,10752900.0,3350.0,8.73951865,138508,18736441558.3,111003,50.4203489212,0.0001,
2014-07-27,117933002.161,51838,7782830000.0,595.67,7774230.0,3825.0,8.9093621,183882,18736441558.3,170107,48.0035203848,0.0001,
2014-07-28,252979903.168,64594,7765040000.0,594.14,19316400.0,3750.0,10.35052053,174441,18736441558.3,134227,80.029499427,0.0001,
2014-07-29,248360729.577,61458,7655040000.0,585.55,11275400.0,3725.0,10.39546815,166273,18736441558.3,129427,70.13811588,0.0001,
2014-07-30,204651797.699,65981,7646630000.0,584.74,14898800.0,4300.0,11.03235411,182567,18736441558.3,136009,81.9074555,0.0001,
2014-07-31,186196898.036,69607,7421870000.0,567.37,22467900.0,3850.0,11.25832902,180414,18736441558.3,138438,63.5823247237,0.0001,
2014-08-01,224165039.429,67758,7670500000.0,586.2,18215900.0,3925.0,10.67915418,174617,18736441558.3,138271,70.28538,0.0001,
2014-08-02,182238906.724,54826,7786620000.0,594.9,8359080.0,4075.0,8.46604847,142013,18736441558.3,110637,59.982184566,0.0001,
2014-08-03,213493911.011,53467,7710420000.0,588.89,9917990.0,3850.0,8.55001533,171114,18736441558.3,155042,47.8368597025,0.0001,
2014-08-04,187084561.138,67719,7677850000.0,586.23,9867570.0,3200.0,11.0974416,175562,18736441558.3,117524,66.9005676,0.0001,
2014-08-05,304761933.058,72688,7716120000.0,589.01,10790800.0,3375.0,12.10342599,199308,18736441558.3,153882,80.1954372993,0.0001,
2014-08-06,197646197.571,80238,7678040000.0,585.95,14497900.0,4100.0,13.16238132,204094,18736441558.3,165508,58.947109074,0.0001,
2014-08-07,200119585.077,69753,7663290000.0,584.65,11131400.0,4000.0,10.97700977,179492,18736441558.3,136861,60.964331978,0.0001,
2014-08-08,164261600.819,68139,7721090000.0,588.88,11072000.0,3950.0,11.16762997,173894,19534776726.3,132097,59.6747083472,0.0001,
2014-08-09,179368794.585,60417,7770550000.0,592.47,7922070.0,4550.0,9.3073834,151344,19729645940.6,121088,51.4434058137,0.0001,
2014-08-10,179544328.281,57736,7730000000.0,589.17,7555310.0,4425.0,9.8312772,199428,19729645940.6,179266,49.8198675897,0.0001,
2014-08-11,280242712.451,75393,7760290000.0,591.28,14764200.0,4550.0,12.25468145,196052,19729645940.6,157978,59.2165855696,0.0001,
2014-08-12,365293138.943,76808,7569070000.0,576.51,13978200.0,4350.0,12.52436069,200262,19729645940.6,157953,65.3532081906,0.0001,
2014-08-13,357162782.423,75593,7490990000.0,570.38,25777500.0,3625.0,12.41970851,197212,19729645940.6,150835,76.9305671762,0.0001,
2014-08-14,351366578.463,78902,7175190000.0,546.18,35803900.0,4500.0,12.19660765,198097,19729645940.6,148697,85.716069132,0.0001,
2014-08-15,336828573.627,73028,6717150000.0,511.14,25598300.0,4125.0,12.03876959,194468,19729645940.6,138684,51.3915132402,0.0001,
2014-08-16,277788011.668,67816,6544250000.0,497.83,22832500.0,3950.0,13.05170457,182919,19729645940.6,127543,36.225197346,0.0001,
2014-08-17,209226278.25,60053,6826520000.0,519.14,24300900.0,4250.0,37.32208652,200708,19729645940.6,185645,48.6640849634,0.0001,
2014-08-18,420919270.617,72560,6465210000.0,491.51,50783800.0,4950.0,11.75673016,194376,19729645940.6,149164,78.444996,0.0001,
2014-08-19,244869152.218,74554,6072520000.0,461.48,38422400.0,4650.0,12.80157171,187501,20349111933.9,143093,71.1505572236,0.0001,
2014-08-20,232802533.262,73673,6385230000.0,485.07,46527600.0,4225.0,11.96609234,187301,23844670038.8,141409,85.1549843865,0.0001,
2014-08-21,349744517.85,72999,6721410000.0,510.45,49444200.0,4125.0,11.43122201,193839,23844670038.8,151104,81.874495515,0.0001,
2014-08-22,1600469639.01,66841,6817460000.0,517.58,36563900.0,3925.0,10.75447813,182544,23844670038.8,135563,76.0126890376,0.0001,
2014-08-23,291662432.723,57431,6764340000.0,513.39,25171900.0,4050.0,8.62310978,150731,23844670038.8,110477,61.0482624834,0.0001,
2014-08-24,162582670.106,56549,6567300000.0,498.29,19441700.0,3650.0,9.04448264,206396,23844670038.8,188560,59.7255626045,0.0001,
2014-08-25,433336192.459,69757,6700090000.0,508.22,18356700.0,3425.0,16.45338417,180432,23844670038.8,137550,72.3587982824,0.0001,
2014-08-26,835221894.745,72487,6626970000.0,502.54,23235100.0,4325.0,11.56150685,190227,23844670038.8,141292,78.9660650806,0.0001,
2014-08-27,703213840.676,74412,6756340000.0,512.19,22648500.0,4225.0,11.5415257,188383,23844670038.8,138056,68.5022164344,0.0001,
2014-08-28,336434675.627,68455,6741320000.0,510.88,19862000.0,4325.0,10.39725982,193251,23844670038.8,153124,66.2004025856,0.0001,
2014-08-29,277389274.787,68444,6711080000.0,508.43,17624800.0,4250.0,10.42778542,166050,23844670038.8,121511,66.0959,0.0001,
2014-08-30,235155376.62,61032,6715420000.0,508.59,9424070.0,4550.0,9.13520702,166215,23844670038.8,128164,50.757282,0.0001,
2014-08-31,215992863.226,57567,6642630000.0,502.9,44632300.0,4700.0,8.8939901,191493,23901860903.6,164777,55.564797404,0.0001,
2014-09-01,275976918.573,70247,6313120000.0,477.79,20432000.0,3400.0,10.91278347,191798,27428630902.3,159495,52.5772729656,0.0001,
2014-09-02,217800544.795,71762,6270970000.0,474.48,23337900.0,3675.0,11.59704012,189170,27428630902.3,139821,59.879376,0.0001,
2014-09-03,181229718.418,71699,6304370000.0,476.87,13342200.0,4225.0,11.1270644,172493,27428630902.3,128094,63.8414147391,0.0001,
2014-09-04,168284559.091,70652,6317100000.0,477.68,26081400.0,3950.0,11.19739332,179396,27428630902.3,133185,68.093737796,0.0001,
2014-09-05,175811323.024,67893,6477530000.0,489.67,15302500.0,3625.0,11.04072468,184256,27428630902.3,139215,63.5141359468,0.0001,
2014-09-06,118729735.583,63190,6395630000.0,483.34,10601400.0,4475.0,9.61430998,156318,27428630902.3,122896,48.334,0.0001,
2014-09-07,127718367.151,60197,6421460000.0,485.13,8994050.0,3875.0,19.79030044,234683,27428630902.3,237685,40.4477234526,0.0001,
2014-09-08,202616314.631,75622,6379410000.0,481.81,30238000.0,3600.0,12.20418844,193143,27428630902.3,143360,54.5739778927,0.0001,
2014-09-09,196932291.466,81666,6289350000.0,474.88,21447800.0,3650.0,14.11448904,233688,27428630902.3,156386,55.56096,0.0001,
2014-09-10,175127938.346,72401,6299070000.0,475.48,22787800.0,3925.0,12.74883973,229112,27428630902.3,135345,62.28788,0.0001,
2014-09-11,153178548.336,65856,6355700000.0,479.62,16852900.0,4250.0,10.15059039,173981,27428630902.3,128926,65.22832,0.0001,
2014-09-12,164529328.624,68230,6357290000.0,479.58,15437200.0,3850.0,10.70477886,168305,27428630902.3,126160,67.1412,0.0001,
2014-09-13,111475641.908,61065,6335400000.0,477.79,15588000.0,4525.0,9.54517518,154090,27800072129.9,115798,54.9792761884,0.0001,
2014-09-14,134060749.654,67497,6355140000.0,479.12,13105500.0,3950.0,11.23423996,238613,29829733124.0,238445,42.515407924,0.0001,
2014-09-15,159005817.487,78508,6339090000.0,477.76,15345200.0,3950.0,12.22944483,192841,29829733124.0,141702,55.0259506688,0.0001,
2014-09-16,157847280.026,87063,6302440000.0,474.86,16797300.0,4275.0,14.35162373,220221,29829733124.0,158614,48.0303130236,0.0001,
2014-09-17,172759985.595,80119,6185010000.0,465.86,21056800.0,4650.0,12.26986597,193625,29829733124.0,145416,65.3202151636,0.0001,
2014-09-18,240833873.88,77185,6067610000.0,456.86,34483200.0,4475.0,12.34660263,193225,29829733124.0,142462,94.147675773,0.0001,
2014-09-19,240791279.046,69266,5634440000.0,424.1,37919700.0,4275.0,10.61078897,170402,29829733124.0,120597,91.090242162,0.0001,
2014-09-20,231212297.579,63306,5245150000.0,394.67,36863600.0,4400.0,10.26633681,168990,29829733124.0,124300,50.506867108,0.0001,
2014-09-21,276931040.082,59636,5425180000.0,408.08,26580100.0,4100.0,9.3371628,204079,29829733124.0,204866,48.9591857984,0.0001,
2014-09-22,145680805.021,73121,5307360000.0,399.1,24127600.0,4200.0,11.71465132,205215,29829733124.0,151464,76.573908177,0.0001,
2014-09-23,176079762.86,77133,5348840000.0,402.09,45099500.0,3750.0,12.74391608,199169,29829733124.0,160391,75.796417749,0.0001,
2014-09-24,174713746.326,74818,5798220000.0,435.75,30627700.0,3900.0,12.35686671,189793,29829733124.0,166963,71.0736704475,0.0001,
2014-09-25,157224009.415,78351,5632260000.0,423.16,26814400.0,4300.0,13.21049144,199989,30419649105.4,175723,61.1942508896,0.0001,
2014-09-26,152852065.595,72421,5477970000.0,411.43,21460800.0,3350.0,47.85118349,181076,34661425924.0,142740,62.2664086592,0.0001,
2014-09-27,114738279.396,63004,5374500000.0,403.56,15029300.0,3350.0,10.4705779,170597,34661425924.0,150532,42.6582573372,0.0001,
2014-09-28,124980082.397,62310,5321420000.0,399.47,23613300.0,3250.0,10.76874401,235291,34661425924.0,245510,41.9655978093,0.0001,
2014-09-29,199215774.504,77787,5022360000.0,376.93,32497700.0,3425.0,12.19074481,194193,34661425924.0,134910,75.386,0.0001,
2014-09-30,183598281.14,77853,5012450000.0,376.09,34707300.0,3825.0,12.1265494,219697,34661425924.0,164029,77.2805791043,0.0001,
2014-10-01,179539058.347,78624,5165060000.0,387.43,26229400.0,3875.0,12.91355722,211997,34661425924.0,185635,68.8239097974,0.0001,
2014-10-02,159140445.103,71948,5120700000.0,383.99,21777700.0,3450.0,11.24874892,184209,34661425924.0,140136,71.4720587,0.0001,
2014-10-03,194312859.369,74948,5004540000.0,375.18,30901200.0,3650.0,12.07576762,176285,34661425924.0,182306,60.0288,0.0001,
2014-10-04,190493611.08,66478,4801920000.0,359.89,47236500.0,3850.0,12.57120078,165372,34661425924.0,157479,53.947511,0.0001,
2014-10-05,258345559.393,67161,4389890000.0,328.92,83308100.0,4225.0,11.89447047,249289,34661425924.0,248883,58.0731810672,0.0001,
2014-10-06,318718441.507,77888,4277430000.0,320.39,79011800.0,4025.0,12.61174465,189652,34661425924.0,148148,63.85308622,0.0001,
2014-10-07,240935224.018,78935,4414880000.0,330.58,49199900.0,3350.0,13.36032911,204076,34661425924.0,150846,66.17170273,0.0001,
2014-10-08,264485425.258,78674,4489870000.0,336.12,54736300.0,3600.0,12.53986648,192165,34661425924.0,141150,65.8163933028,0.0001,
2014-10-09,243060387.869,82641,4713320000.0,352.75,83641100.0,3700.0,13.90439876,188828,34758212115.1,143132,66.550993185,0.0001,
2014-10-10,273864570.164,80903,4874190000.0,364.69,43665700.0,3875.0,13.00507017,199833,35002482026.1,154410,64.8669617313,0.0001,
2014-10-11,177505289.434,64876,4831160000.0,361.36,13345200.0,3600.0,10.38153171,164737,35002482026.1,123959,57.5063823136,0.0001,
2014-10-12,136605453.966,63361,4849070000.0,362.61,17552800.0,3700.0,11.01613637,245276,35002482026.1,234363,46.5901597899,0.0001,
2014-10-13,240543065.314,77787,5055290000.0,377.92,35221400.0,3875.0,13.1040355,208726,35002482026.1,163477,63.2445227424,0.0001,
2014-10-14,224311925.088,81232,5241030000.0,391.69,38491500.0,3300.0,13.26556263,215756,35002482026.1,146536,72.3916052678,0.0001,
2014-10-15,210477158.94,76106,5366290000.0,400.95,25267100.0,3775.0,12.55077471,210594,35002482026.1,158881,74.0977131015,0.0001,
2014-10-16,204928595.958,75589,5281630000.0,394.52,26990000.0,3700.0,12.15888547,184986,35002482026.1,134628,63.083748,0.0001,
2014-10-17,189782982.215,70697,5125580000.0,382.76,13600700.0,3550.0,11.70451158,184643,35002482026.1,135404,65.0693607592,0.0001,
2014-10-18,138596970.391,66313,5143260000.0,383.98,11416800.0,4100.0,10.35069092,175984,35002482026.1,134234,49.838703299,0.0001,
2014-10-19,114304387.986,63122,5242370000.0,391.25,5914570.0,3325.0,10.55272153,231449,35002482026.1,231772,44.7177583375,0.0001,
2014-10-20,209579854.765,82563,5216560000.0,389.23,16419000.0,3425.0,12.95595559,201483,35002482026.1,147356,62.4151479112,0.0001,
2014-10-21,169090941.721,81498,5126590000.0,382.42,14188900.0,3825.0,13.01537323,210565,35002482026.1,153735,70.8763001976,0.0001,
2014-10-22,219891334.015,79828,5177640000.0,386.12,11641300.0,3975.0,12.67184925,202427,35002482026.1,155756,58.8081108524,0.0001,
2014-10-23,224724421.875,80487,5136830000.0,382.96,26456900.0,3775.0,12.79445941,198626,35640558234.2,145134,61.9459322352,0.0001,
2014-10-24,168406566.423,77747,4811290000.0,358.59,15585700.0,3975.0,12.35002581,188294,35985640265.1,136856,48.3415573449,0.0001,
2014-10-25,162137147.754,72360,4812990000.0,358.61,18127500.0,3875.0,11.10930101,211102,35985640265.1,192200,47.0497431691,0.0001,
2014-10-26,117747528.475,70637,4665040000.0,347.49,11272500.0,3125.0,11.22128422,213737,35985640265.1,174581,27.0376860897,0.0001,
2014-10-27,174495003.509,83818,4764020000.0,354.78,13033000.0,3975.0,13.52589194,222936,35985640265.1,178808,47.4697165554,0.0001,
2014-10-28,160082316.73,87842,4744450000.0,353.21,7845880.0,3450.0,13.36919791,204078,35985640265.1,161348,44.2589472611,0.0001,
2014-10-29,201838299.295,93512,4797700000.0,357.09,18192700.0,3875.0,14.27478919,200999,35985640265.1,162061,43.517415612,0.0001,
2014-10-30,166275570.202,92452,4511760000.0,335.71,30177900.0,4250.0,13.86147032,205465,35985640265.1,167291,35.2551160718,0.0001,
2014-10-31,188240060.497,85515,4638210000.0,345.01,12545400.0,4700.0,12.88146038,203180,35985640265.1,152547,39.4663218182,0.0001,
2014-11-01,132089531.247,69432,4554320000.0,338.65,16677200.0,3975.0,12.57724969,173719,35985640265.1,132802,37.285365,0.0001,
2014-11-02,106073858.462,77015,4386500000.0,326.07,8603620.0,3875.0,12.64623465,269127,35985640265.1,271691,22.7150209314,0.0001,
2014-11-03,148990471.478,90182,4380950000.0,325.57,12948500.0,4225.0,16.58571291,211248,35985640265.1,158139,34.8078477292,0.0001,
2014-11-04,237462015.245,87455,4403750000.0,327.16,15655500.0,4050.0,13.52152956,204185,35985640265.1,158039,47.3198204256,0.0001,
2014-11-05,238101550.981,89322,4452510000.0,330.68,19817200.0,3450.0,13.39815386,202134,38974444341.6,155201,49.568932,0.0001,
2014-11-06,183213708.654,94142,4571830000.0,339.46,18797000.0,3850.0,14.41971427,226746,39603666252.4,165908,38.5956718796,0.0001,
2014-11-07,215366680.279,83807,4712700000.0,349.82,16834200.0,3750.0,13.41908085,222198,39603666252.4,150699,42.630691863,0.0001,
2014-11-08,119933779.569,72564,4610750000.0,342.15,8535470.0,3825.0,10.78458677,167370,39603666252.4,126718,30.7935,0.0001,
2014-11-09,132729381.028,72062,4655480000.0,345.38,24205600.0,3750.0,15.0455737,249968,39603666252.4,260968,25.454506,0.0001,
2014-11-10,235541874.771,88847,4884490000.0,362.26,30450100.0,3675.0,13.42372982,212028,39603666252.4,165237,45.64476,0.0001,
2014-11-11,186563970.307,85489,4934270000.0,365.86,15838900.0,3225.0,13.37416163,202189,39603666252.4,156442,40.2999985212,0.0001,
2014-11-12,295102407.653,95432,4964150000.0,367.99,45783200.0,3675.0,15.1220236,227411,39603666252.4,176963,50.5773110192,0.0001,
2014-11-13,606878877.131,92813,5765520000.0,427.27,58945000.0,3625.0,14.39117594,216377,39603666252.4,170651,64.288625099,0.0001,
2014-11-14,287694899.245,86153,5647540000.0,418.42,29589200.0,3850.0,13.15059241,221622,39603666252.4,187897,51.705979527,0.0001,
2014-11-15,221561884.675,73102,5395770000.0,399.65,15727500.0,3500.0,11.20153289,178182,39603666252.4,136451,41.1847118175,0.0001,
2014-11-16,202242720.433,75859,5060640000.0,374.73,11905600.0,3750.0,11.61501236,247948,39603666252.4,254280,32.4478707,0.0001,
2014-11-17,242817408.451,88210,5246000000.0,388.35,41518800.0,3600.0,15.10046843,213375,39603666252.4,161061,50.4350145,0.0001,
2014-11-18,299580486.634,87370,5239790000.0,387.79,32222500.0,3850.0,13.06674027,208703,39671493922.1,166937,47.4184299277,0.0001,
2014-11-19,217911783.778,85130,5053560000.0,373.9,18931800.0,3525.0,13.16045397,201441,40300030327.9,161213,53.631700018,0.0001,
2014-11-20,301868812.949,89250,5141550000.0,380.31,25233200.0,3450.0,13.27805051,214251,40300030327.9,160823,53.8239280026,0.0001,
2014-11-21,379266334.052,82052,4839570000.0,357.88,29850100.0,3175.0,12.73306344,199165,40300030327.9,154053,49.6056322784,0.0001,
2014-11-22,189490237.678,74571,4755830000.0,351.6,15273000.0,3850.0,11.00513028,179395,40300030327.9,143396,43.230316992,0.0001,
2014-11-23,127003480.24,77141,4778440000.0,353.18,15151600.0,3550.0,11.9135696,247119,40300030327.9,261371,22.7283126212,0.0001,
2014-11-24,205261772.957,85660,4966080000.0,366.95,30930100.0,3675.0,13.0828147,208886,40300030327.9,165105,39.475607659,0.0001,
2014-11-25,283496178.74,86002,5101970000.0,376.89,25442200.0,3300.0,12.18659868,211018,40300030327.9,154767,49.4528411877,0.0001,
2014-11-26,241638436.757,84974,5091480000.0,376.02,18601700.0,3425.0,12.15985418,198960,40300030327.9,152313,53.6061293982,0.0001,
2014-11-27,199018170.975,84541,5018040000.0,370.5,8748030.0,3525.0,11.99225619,212644,40300030327.9,169728,55.456584495,0.0001,
2014-11-28,399785380.086,85764,5004050000.0,369.37,22946500.0,3700.0,11.6757035,208496,40300030327.9,159927,69.81093,0.0001,
2014-11-29,255009080.627,78941,5097280000.0,376.15,15375600.0,3925.0,11.08339144,187096,40300030327.9,139739,59.363278315,0.0001,
2014-11-30,261886284.161,84853,5090060000.0,375.51,9194440.0,4000.0,12.79344747,278357,40300030327.9,290963,42.094671,0.0001,
2014-12-01,319732683.862,97493,5128700000.0,378.25,11763000.0,3250.0,13.9126614,216010,40300030327.9,172790,60.8370529325,0.0001,
2014-12-02,402696772.814,99269,5143500000.0,379.25,12364100.0,3750.0,14.1965774,254921,40294179126.8,192639,77.6908529525,0.0001,
2014-12-03,358188447.69,99232,5178450000.0,381.72,13340100.0,2900.0,13.66172344,232442,40007470271.3,179110,58.3267816452,0.0001,
2014-12-04,332709630.557,98202,5098100000.0,375.72,14529600.0,3650.0,14.82170755,225070,40007470271.3,176036,54.3913462608,0.0001,
2014-12-05,312361812.328,90744,5014290000.0,369.44,15181800.0,3900.0,12.38234866,224191,40007470271.3,200496,57.2303900336,0.0001,
2014-12-06,191477083.855,81093,5115040000.0,376.76,7009320.0,3425.0,11.18769286,191147,40007470271.3,147428,43.712524072,0.0001,
2014-12-07,222176443.795,74666,5090240000.0,374.84,6491650.0,3150.0,10.91019053,257437,40007470271.3,246851,46.0980930848,0.0001,
2014-12-08,551904431.166,90583,5093180000.0,374.96,18898700.0,4075.0,15.78243929,246001,40007470271.3,185827,70.8151593272,0.0001,
2014-12-09,325417170.335,90078,4917110000.0,361.89,32915500.0,3550.0,12.59212127,221393,40007470271.3,162394,72.378,0.0001,
2014-12-10,315328670.005,88655,4786700000.0,352.2,16427700.0,3575.0,12.50345362,225168,40007470271.3,165303,79.72126245,0.0001,
2014-12-11,238238272.093,83857,4681040000.0,344.34,32431300.0,3700.0,11.96549856,217463,40007470271.3,163678,67.8078838854,0.0001,
2014-12-12,211937831.523,81156,4770620000.0,350.83,16989800.0,3525.0,11.56648508,220484,40007470271.3,175801,55.5212401606,0.0001,
2014-12-13,214073519.832,76061,4792870000.0,352.38,11675900.0,3650.0,10.37249204,185544,40007470271.3,133081,59.129364,0.0001,
2014-12-14,185333880.287,79562,4717270000.0,346.73,12415200.0,3525.0,12.07562664,282482,40007470271.3,274948,41.2549651881,0.0001,
2014-12-15,262807066.344,94318,4781560000.0,351.36,17264200.0,3525.0,14.15068874,243581,40007470271.3,195145,55.8322424064,0.0001,
2014-12-16,288529649.587,100921,4705370000.0,345.67,30864900.0,3575.0,15.01735313,256441,40007470271.3,209683,71.534609016,0.0001,
2014-12-17,312678587.17,98316,4450380000.0,326.86,37567900.0,3200.0,15.18390144,245308,39560758612.9,193222,64.0334658082,0.0001,
2014-12-18,321769894.368,95078,4355140000.0,319.79,39173000.0,3225.0,13.73600085,240373,39457671307.1,192799,85.6020363737,0.0001,
2014-12-19,245003455.283,95268,4238930000.0,311.18,23823100.0,3425.0,14.8596721,224472,39457671307.1,192515,79.047406146,0.0001,
2014-12-20,198723709.877,86767,4327750000.0,317.62,20856700.0,3350.0,12.13819778,253627,39457671307.1,219817,71.5676439188,0.0001,
2014-12-21,166614880.369,78831,4491320000.0,329.54,15207600.0,3300.0,11.33607592,237395,39457671307.1,199299,40.778548329,0.0001,
2014-12-22,268779237.344,96347,4376890000.0,321.07,22315100.0,4100.0,14.0020016,259605,39457671307.1,193574,72.4109171,0.0001,
2014-12-23,308981583.82,99319,4527490000.0,332.02,16574200.0,3750.0,14.15710028,245629,39457671307.1,184296,66.8862391288,0.0001,
2014-12-24,217011480.046,82194,4561040000.0,334.38,15092300.0,3825.0,11.1007103,190444,39457671307.1,142156,52.5154891416,0.0001,
2014-12-25,199186177.687,67760,4397250000.0,322.29,9883640.0,3950.0,9.31387778,166785,39457671307.1,131449,44.877657798,0.0001,
2014-12-26,174800244.677,76046,4355750000.0,319.15,16410500.0,3800.0,19.30070793,187834,39457671307.1,151547,54.2555,0.0001,
2014-12-27,189175222.494,76662,4472050000.0,327.58,15185200.0,3800.0,17.17108793,210413,39457671307.1,171196,81.895,0.0001,
2014-12-28,200782841.024,75546,4317320000.0,316.16,11676600.0,4225.0,12.28692784,268138,39457671307.1,251248,56.5976479744,0.0001,
2014-12-29,228520476.637,83283,4339700000.0,317.7,12302500.0,4100.0,14.4376344,200394,39457671307.1,140913,68.184939204,0.0001,
2014-12-30,274180497.214,84894,4272940000.0,312.72,12528300.0,3875.0,13.86755078,209946,39740132579.7,163323,95.3490503832,0.0001,
2014-12-31,257077546.884,77259,4249480000.0,310.91,13942900.0,3800.0,11.38141903,180281,40640955016.6,135338,80.7662379579,0.0001,
2015-01-01,131772036.38,59179,4380820000.0,320.44,8036550.0,4125.0,8.05416484,141683,40640955016.6,103415,50.796260954,0.0001,
2015-01-02,211841205.468,79122,4295210000.0,314.08,7860650.0,4125.0,11.82270129,208903,40640955016.6,178232,77.57901632,0.0001,
2015-01-03,243732656.52,82065,4307010000.0,314.85,33054400.0,4050.0,11.79841308,244379,40640955016.6,208011,62.97,0.0001,
2015-01-04,277451464.541,85522,3847150000.0,281.15,55629100.0,4300.0,21.74861782,242886,40640955016.6,193740,54.903697367,0.0001,
2015-01-05,275546582.312,95429,3628490000.0,265.08,43962800.0,3900.0,16.09135479,242326,40640955016.6,194695,53.016,0.0001,
2015-01-06,288982336.125,87663,3759970000.0,274.61,23245700.0,3950.0,12.84608123,214837,40640955016.6,158817,59.4812344938,0.0001,
2015-01-07,327314251.966,89776,3918090000.0,286.08,24866800.0,3500.0,12.78348978,202838,40640955016.6,151600,67.5320448,0.0001,
2015-01-08,388544902.837,106985,4029490000.0,294.13,19982500.0,3675.0,16.27746896,231570,40640955016.6,191397,41.5920350274,0.0001,
2015-01-09,296333900.573,102135,3869530000.0,282.38,18718600.0,3500.0,15.20418118,239247,40640955016.6,208415,42.357,0.0001,
2015-01-10,250705491.191,104727,3937990000.0,287.3,15264300.0,3675.0,15.25846972,272861,40640955016.6,263579,31.739493357,0.0001,
2015-01-11,314688507.256,90475,3764960000.0,274.61,18200800.0,3875.0,13.53639408,250309,40640955016.6,211146,27.6784252136,0.0001,
2015-01-12,254649418.611,98827,3649970000.0,266.15,18880300.0,3550.0,32.94802367,221134,41156980050.9,175443,37.261,0.0001,
2015-01-13,442117765.532,102182,3668040000.0,267.39,72843900.0,3175.0,15.50901423,255508,43971662056.1,194634,89.1299991087,0.0001,
2015-01-14,497317868.019,104620,3072020000.0,223.89,97638700.0,3625.0,15.22479663,252866,43971662056.1,201484,73.8837,0.0001,
2015-01-15,438755107.579,120239,2427830000.0,176.9,81773500.0,3775.0,17.25104955,264915,43971662056.1,217614,80.039215202,0.0001,
2015-01-16,325853141.176,104560,2870180000.0,209.07,38421000.0,3475.0,14.59406088,243603,43971662056.1,198010,72.5339241549,0.0001,
2015-01-17,221362402.866,90361,2853930000.0,207.83,23469700.0,3450.0,13.34222178,279100,43971662056.1,266972,52.4164946333,0.0001,
2015-01-18,182924211.668,83033,2747730000.0,200.05,30085100.0,3825.0,13.877202,245989,43971662056.1,205030,46.5736625055,0.0001,
2015-01-19,196697998.324,98341,2905410000.0,211.47,18658300.0,3600.0,14.34755742,254019,43971662056.1,204263,52.761765,0.0001,
2015-01-20,286254866.905,98807,2925910000.0,212.91,24051100.0,2950.0,14.37349806,226783,43971662056.1,179242,51.1237554519,0.0001,
2015-01-21,280298468.58,96810,2905520000.0,211.38,29924600.0,3725.0,13.40029971,226710,43971662056.1,175292,50.3970314718,0.0001,
2015-01-22,256385773.097,93563,3125520000.0,227.32,33544600.0,3375.0,13.40410002,224380,43971662056.1,166040,55.761596,0.0001,
2015-01-23,220947354.74,91887,3211490000.0,233.52,24621700.0,3100.0,13.68235392,215717,43971662056.1,163097,51.3744,0.0001,
2015-01-24,172970109.584,83431,3200970000.0,232.7,24782500.0,3150.0,11.54826012,205059,43971662056.1,161185,39.0936,0.0001,
2015-01-25,218672361.259,86433,3403300000.0,247.35,33582700.0,3125.0,13.306376,321280,43971662056.1,312946,31.3889005125,0.0001,
2015-01-26,497740501.393,108054,3496650000.0,254.08,106794000.0,3175.0,16.01810841,261817,43971662056.1,199201,61.1515780352,0.0001,
2015-01-27,296546159.176,99244,3760210000.0,273.17,44399000.0,3725.0,14.03022961,251617,42957352411.5,185262,54.879853,0.0001,
2015-01-28,174072605.361,85068,3626050000.0,263.35,44352200.0,4100.0,11.59256582,200594,41272873894.7,129648,54.223765,0.0001,
2015-01-29,198657439.671,90715,3213920000.0,233.35,32213400.0,4100.0,12.23134655,214531,41272873894.7,159024,55.77065,0.0001,
2015-01-30,180093384.536,81061,3206940000.0,232.77,26605200.0,3450.0,11.21422969,194238,41272873894.7,154087,63.7867708119,0.0001,
2015-01-31,156503359.888,86146,3120490000.0,226.44,23348200.0,4150.0,12.52130893,277172,41272873894.7,246230,39.6324481464,0.0001,
2015-02-01,151287251.451,78839,2989460000.0,216.87,29128500.0,3875.0,11.21454393,252411,41272873894.7,196399,43.352313,0.0001,
2015-02-02,179223412.062,85828,3123010000.0,226.49,30612100.0,3975.0,12.46050215,227069,41272873894.7,161360,54.6321443833,0.0001,
2015-02-03,284050607.796,91666,3275110000.0,237.45,40783700.0,3175.0,13.07488376,241114,41272873894.7,172861,58.74513,0.0001,
2015-02-04,255135659.497,90655,3138700000.0,227.51,26594300.0,3975.0,12.57715341,232158,41272873894.7,172839,50.0603084564,0.0001,
2015-02-05,251863475.327,86408,3141730000.0,227.66,22516400.0,3975.0,12.09566718,215607,41272873894.7,148424,46.5204359752,0.0001,
2015-02-06,170294844.076,85528,2994350000.0,216.92,24435300.0,4425.0,11.70807312,233142,41272873894.7,185978,47.917628,0.0001,
2015-02-07,128130184.485,85540,3074140000.0,222.63,21604200.0,3975.0,11.76433401,195640,41272873894.7,146088,28.936311987,0.0001,
2015-02-08,129579944.563,82547,3144920000.0,227.69,17145200.0,3300.0,11.7527563,292663,41272873894.7,306592,25.1617759948,0.0001,
2015-02-09,168588981.12,104597,3086220000.0,223.39,27791300.0,4025.0,14.88796877,231900,42458914416.8,188548,25.0437212318,0.0001,
2015-02-10,160855850.246,102831,3044180000.0,220.28,21115100.0,3600.0,14.33710661,232332,44455415962.3,191223,31.1718051776,0.0001,
2015-02-11,167212369.824,96890,3037370000.0,219.73,17201900.0,3950.0,14.40657851,233790,44455415962.3,190334,31.818573948,0.0001,
2015-02-12,141894325.36,87308,3030990000.0,219.21,15206200.0,2975.0,12.55298681,231565,44455415962.3,229257,43.2607844139,0.0001,
2015-02-13,203088286.555,113514,3069830000.0,221.97,42744400.0,3650.0,17.42269239,308752,44455415962.3,400041,28.4811504957,0.0001,
2015-02-14,144039566.495,98613,3258210000.0,235.53,49732500.0,4000.0,15.01567083,262189,44455415962.3,241128,22.378930056,0.0001,
2015-02-15,169149576.713,85127,3563290000.0,257.51,56552400.0,3500.0,13.82078432,348345,44455415962.3,350253,26.3263082412,0.0001,
2015-02-16,145201043.932,104475,3250240000.0,234.82,28153700.0,3925.0,15.3766672,266116,44455415962.3,257200,25.0172461154,0.0001,
2015-02-17,160294472.736,102839,3231750000.0,233.42,27363100.0,3725.0,15.96837665,272575,44455415962.3,311574,33.37906,0.0001,
2015-02-18,180400480.193,105552,3376060000.0,243.78,25200800.0,4175.0,14.96619549,250546,44455415962.3,199160,30.68068812,0.0001,
2015-02-19,141310912.862,94386,3274980000.0,236.41,18270500.0,4150.0,13.58169837,214200,44455415962.3,175821,27.5982693541,0.0001,
2015-02-20,167846392.232,98556,3329190000.0,240.25,23876700.0,3950.0,15.10495925,248540,44455415962.3,187260,29.0361369025,0.0001,
2015-02-21,130370245.76,87685,3378660000.0,243.75,12284200.0,3550.0,12.94726109,271732,44455415962.3,242324,28.6589769375,0.0001,
2015-02-22,101863664.416,84791,3390510000.0,244.54,19527000.0,3775.0,12.35815172,273771,44470177289.2,233298,24.7414274252,0.0001,
2015-02-23,169653774.586,101373,3272880000.0,236.0,16400000.0,3550.0,14.52475248,250528,46684376316.9,208789,29.23074996,0.0001,
2015-02-24,153251812.136,104996,3315370000.0,239.0,14200400.0,3225.0,14.41178545,236695,46684376316.9,178469,33.148822,0.0001,
2015-02-25,173952198.186,105235,3314640000.0,238.89,11496200.0,3975.0,15.23357961,231633,46684376316.9,182326,31.0557,0.0001,
2015-02-26,255763675.12,100667,3294030000.0,237.34,13619400.0,3750.0,14.09722225,227153,46684376316.9,176180,29.6787878904,0.0001,
2015-02-27,335909777.438,101322,3282410000.0,236.44,44013900.0,3800.0,14.39065266,241525,46684376316.9,181806,35.9989523108,0.0001,
2015-02-28,139169027.473,89490,3520560000.0,253.52,13949300.0,3550.0,13.49989157,282492,46684376316.9,253878,27.0764227584,0.0001,
2015-03-01,306082597.021,88588,3532050000.0,254.28,25213700.0,3500.0,13.97061238,276725,46684376316.9,233098,25.7859550416,0.0001,
2015-03-02,470318780.53,104779,3617340000.0,260.36,40465700.0,3950.0,15.3940228,282537,46684376316.9,211755,42.6629384824,0.0001,
2015-03-03,272841395.096,110823,3822510000.0,275.05,50461300.0,3950.0,15.6440078,267483,46684376316.9,196153,48.001742503,0.0001,
2015-03-04,220349235.034,98389,3920130000.0,281.99,41383000.0,3500.0,14.53469909,241795,46684376316.9,184378,41.5391347688,0.0001,
2015-03-05,256104351.47,100983,3792480000.0,272.74,41302400.0,3300.0,14.89058476,257487,46684376316.9,190841,38.393077957,0.0001,
2015-03-06,197846477.972,93721,3833160000.0,275.6,28918900.0,3700.0,16.76618435,237139,46684376316.9,172352,40.11728682,0.0001,
2015-03-07,245319533.386,91365,3788190000.0,272.29,17825900.0,3500.0,13.06858102,256276,46684376316.9,222229,19.83006383,0.0001,
2015-03-08,574081280.064,87371,3846750000.0,276.43,22067900.0,3900.0,13.21540516,269305,46832059250.5,231089,22.933517376,0.0001,
2015-03-09,275839975.302,105392,3825250000.0,274.81,59178200.0,3600.0,15.72043904,259817,47427554950.6,213533,32.8068232962,0.0001,
2015-03-10,293056725.411,105389,4035790000.0,289.86,67770800.0,3800.0,15.35729233,249715,47427554950.6,178479,40.81286772,0.0001,
2015-03-11,231030495.811,100611,4060030000.0,291.52,33963900.0,3850.0,15.32225806,252122,47427554950.6,176912,33.81632,0.0001,
2015-03-12,241810189.331,96964,4125290000.0,296.13,32585200.0,3275.0,14.00767054,247232,47427554950.6,165009,43.8413831688,0.0001,
2015-03-13,239211423.837,95890,4098250000.0,294.12,31421500.0,3650.0,13.70402241,242044,47427554950.6,185492,36.8613419472,0.0001,
2015-03-14,209430934.425,89380,3964470000.0,284.44,22612300.0,3275.0,12.34936058,259956,47427554950.6,223345,27.3499527392,0.0001,
2015-03-15,147164239.264,84791,3923350000.0,281.43,11970100.0,3575.0,11.9740388,255965,47427554950.6,233802,20.8827617319,0.0001,
2015-03-16,242833258.316,105079,3983760000.0,285.69,21516100.0,3475.0,15.13383473,262370,47427554950.6,210231,32.5912752204,0.0001,
2015-03-17,201734589.901,99433,4053230000.0,290.6,21497200.0,3200.0,14.10203756,226566,47427554950.6,177971,35.39660565,0.0001,
2015-03-18,405865142.659,99454,3977030000.0,285.07,57008000.0,3825.0,15.16419516,250786,47427554950.6,181473,38.44881625,0.0001,
2015-03-19,250411407.185,106160,3570820000.0,255.88,52732000.0,3425.0,16.48516776,270074,47427554950.6,190811,29.0882899896,0.0001,
2015-03-20,192802658.125,103396,3642550000.0,260.96,18456700.0,3400.0,16.0965401,239081,47427554950.6,196178,28.69411776,0.0001,
2015-03-21,144807886.456,92685,3653040000.0,261.64,17130100.0,3775.0,13.25657744,244881,47427554950.6,219996,25.37908,0.0001,
2015-03-22,112484117.501,90444,3629920000.0,259.92,18438100.0,3550.0,13.13911317,274913,47417554875.9,237449,22.7872851696,0.0001,
2015-03-23,212231402.08,105874,3742290000.0,267.89,22811900.0,3625.0,17.57202944,261333,46717549644.7,221268,30.512671,0.0001,
2015-03-24,232860491.248,92754,3724830000.0,266.58,40073700.0,4325.0,13.68366895,222274,46717549644.7,163627,39.987,0.0001,
2015-03-25,230813256.002,96976,3458950000.0,247.47,35866900.0,4050.0,15.77234281,224960,46717549644.7,167762,34.6458,0.0001,
2015-03-26,220100599.895,101033,3443230000.0,246.28,25730000.0,3700.0,14.52750048,230879,46717549644.7,182328,28.2126349536,0.0001,
2015-03-27,226426484.967,99320,3476180000.0,248.57,17274900.0,4275.0,13.97818158,233307,46717549644.7,180617,37.0146307853,0.0001,
2015-03-28,138586649.744,87226,3454980000.0,246.97,16040900.0,3700.0,12.58691333,236711,46717549644.7,198436,24.672303,0.0001,
2015-03-29,126251158.804,90363,3536570000.0,252.74,21699400.0,3825.0,12.76426269,279006,46717549644.7,245902,22.2921380964,0.0001,
2015-03-30,185573521.773,106213,3399510000.0,242.88,23009600.0,3550.0,15.45788621,260564,46717549644.7,200222,32.1239718624,0.0001,
2015-03-31,187530495.438,114961,3464410000.0,247.45,22672000.0,3750.0,16.30322108,268332,46717549644.7,212595,37.092755,0.0001,
2015-04-01,236170908.467,119211,3420100000.0,244.22,22877200.0,3300.0,16.83868407,268254,46717549644.7,204389,38.7217257408,0.0001,
2015-04-02,169243749.895,111904,3461060000.0,247.09,26272600.0,4150.0,15.69228121,260939,46717549644.7,202839,33.5776506451,0.0001,
2015-04-03,166336366.638,104400,3545940000.0,253.07,23146600.0,3650.0,14.9398179,237988,46717549644.7,184657,25.307,0.0001,
2015-04-04,105004740.875,89498,3563920000.0,254.29,12493500.0,3825.0,13.74643295,249662,46717549644.7,223195,19.3105435674,0.0001,
2015-04-05,98872127.3994,94875,3557460000.0,253.76,19649200.0,3700.0,14.83959852,269522,48985437809.3,243041,16.215264,0.0001,
2015-04-06,167845284.259,107323,3655990000.0,260.72,20034200.0,3150.0,16.08612337,249125,49446390688.2,200395,25.2107975176,0.0001,
2015-04-07,179220050.214,108562,3580410000.0,255.27,18467400.0,3800.0,15.6944422,262556,49446390688.2,196838,33.0456664206,0.0001,
2015-04-08,211605819.92,110626,3550390000.0,253.06,30086400.0,3125.0,16.1527751,255569,49446390688.2,195087,31.84823365,0.0001,
2015-04-09,188931145.491,116487,3434520000.0,244.75,21643500.0,3325.0,18.87801779,247529,49446390688.2,188938,26.06595332,0.0001,
2015-04-10,198883145.545,112674,3420500000.0,243.69,28882000.0,3800.0,27.80415534,258200,49446390688.2,203118,28.3257068016,0.0001,
2015-04-11,126780913.547,99289,3313620000.0,236.02,16365200.0,3500.0,16.6150047,271116,49446390688.2,240807,23.602,0.0001,
2015-04-12,94840649.7682,86871,3321740000.0,236.53,12387900.0,3200.0,14.10159871,255123,49446390688.2,213700,23.653,0.0001,
2015-04-13,192337382.967,115251,3314280000.0,235.95,31181800.0,3900.0,17.27967925,275339,49446390688.2,214459,27.0766144935,0.0001,
2015-04-14,199283163.237,110001,3157970000.0,224.76,31719000.0,3725.0,16.02169132,258038,49446390688.2,200593,28.2033747768,0.0001,
2015-04-15,155455937.688,107484,3078890000.0,219.07,22562000.0,3050.0,15.47774603,226612,49446390688.2,173371,21.907,0.0001,
2015-04-16,235278440.49,98908,3147650000.0,223.92,24805400.0,3450.0,14.03218749,226454,49446390688.2,171336,24.304982148,0.0001,
2015-04-17,236322374.22,102629,3213910000.0,228.57,20429800.0,3150.0,14.66698599,231657,49446390688.2,187462,29.2531520238,0.0001,
2015-04-18,142363165.735,97563,3134170000.0,222.85,12939000.0,3650.0,13.32714608,252184,49446390688.2,230567,16.025393092,0.0001,
2015-04-19,194311657.665,90989,3143460000.0,223.46,15021500.0,3625.0,12.99562204,270849,48876651530.6,232923,20.9192592958,0.0001,
2015-04-20,254088730.308,116592,3132400000.0,222.61,18364700.0,3850.0,17.01682374,250190,47610564513.5,208946,24.8626230351,0.0001,
2015-04-21,247019600.194,112349,3161520000.0,224.62,24978000.0,3825.0,15.43035927,245910,47610564513.5,179541,40.6789695136,0.0001,
2015-04-22,274545597.684,111726,3316990000.0,235.6,23847900.0,3800.0,15.864116,263063,47610564513.5,204995,38.686080728,0.0001,
2015-04-23,216753216.784,109708,3296060000.0,234.05,17036000.0,3250.0,15.85553042,263066,47610564513.5,206835,42.1568402475,0.0001,
2015-04-24,263731021.669,108652,3323830000.0,235.97,21448700.0,3100.0,15.60361285,259790,47610564513.5,191227,39.4941408001,0.0001,
2015-04-25,189320713.35,98302,3257850000.0,231.24,13957200.0,4075.0,99.35690506,265454,47610564513.5,239194,24.8356685412,0.0001,
2015-04-26,226056112.457,92855,3190790000.0,226.41,28943700.0,3600.0,13.43856985,275649,47610564513.5,239031,25.5001666107,0.0001,
2015-04-27,256471910.054,113638,3093200000.0,219.43,38574000.0,3425.0,15.72423382,255440,47610564513.5,199622,38.2478163676,0.0001,
2015-04-28,267787233.469,113040,3228470000.0,228.97,21469200.0,3825.0,16.15746744,254194,47610564513.5,191519,41.6864453481,0.0001,
2015-04-29,260812746.117,117133,3181700000.0,225.59,18936500.0,3175.0,16.87860527,261087,47610564513.5,206583,36.3604676137,0.0001,
2015-04-30,239409634.175,112824,3183860000.0,225.69,33818600.0,3350.0,16.73387524,246411,47610564513.5,186467,32.3233218,0.0001,
2015-05-01,257652880.382,99412,3329190000.0,235.94,18815300.0,3700.0,13.73766087,222862,47610564513.5,172602,27.770138,0.0001,
2015-05-02,171600628.132,94955,3279270000.0,232.34,12535500.0,3675.0,13.99169181,268349,47610564513.5,253102,15.3401230364,0.0001,
2015-05-03,162733763.002,84461,3315980000.0,234.88,18494100.0,3525.0,12.34368977,247957,47618947535.9,216473,23.6304241856,0.0001,
2015-05-04,266354455.785,103872,3394130000.0,240.36,21223400.0,3200.0,15.10627218,257381,47643398017.8,193092,27.678607728,0.0001,
2015-05-05,261876634.823,115194,3373650000.0,238.85,23929100.0,3850.0,16.32255227,263228,47643398017.8,199068,33.0999452595,0.0001,
2015-05-06,252371981.499,111572,3337790000.0,236.25,29587200.0,4025.0,15.78427708,272342,47643398017.8,208609,30.94875,0.0001,
2015-05-07,268382191.688,110984,3245660000.0,229.66,29064400.0,3525.0,15.99528963,261584,47643398017.8,205029,30.0287638358,0.0001,
2015-05-08,229160919.929,108995,3353090000.0,237.2,27445500.0,3750.0,16.57046441,296615,47643398017.8,259576,25.996878056,0.0001,
2015-05-09,193007658.087,94587,3446790000.0,243.77,19790500.0,3225.0,13.34743823,235300,47643398017.8,178833,20.086648,0.0001,
2015-05-10,205948324.238,89280,3418740000.0,241.73,15019100.0,3225.0,15.5854514,270609,47643398017.8,230640,30.1534002,0.0001,
2015-05-11,250540130.355,111216,3399290000.0,240.3,20892300.0,3950.0,17.33158914,266171,47643398017.8,215561,48.257012358,0.0001,
2015-05-12,228588047.839,109951,3426350000.0,242.15,19282600.0,3750.0,16.05606726,274468,47643398017.8,205797,65.8179996695,0.0001,
2015-05-13,244493084.036,108696,3416690000.0,241.4,27180100.0,4050.0,15.48162095,248774,47643398017.8,200652,46.792283182,0.0001,
2015-05-14,223788832.365,101430,3344280000.0,236.21,24413700.0,3850.0,14.06091765,238229,47643398017.8,178508,45.990087,0.0001,
2015-05-15,197047469.508,105013,3355680000.0,236.96,16329400.0,3675.0,15.12186504,246460,47643398017.8,195836,35.520304,0.0001,
2015-05-16,155639636.468,90554,3366300000.0,237.64,11089700.0,3300.0,13.11363793,263674,47643398017.8,238191,23.764,0.0001,
2015-05-17,125270309.198,86991,3343940000.0,236.01,11134300.0,4275.0,13.07921042,259127,48228846400.9,220831,21.577898679,0.0001,
2015-05-18,198691262.691,98434,3357380000.0,236.89,16780300.0,3600.0,14.84130953,245688,48807487244.7,198588,33.0614059782,0.0001,
2015-05-19,251078113.223,107216,3303650000.0,233.04,14241900.0,3250.0,15.68797983,255639,48807487244.7,192595,61.2028570848,0.0001,
2015-05-20,223486875.517,106743,3288140000.0,231.89,15499400.0,3625.0,15.0403967,257272,48807487244.7,201865,50.4286893035,0.0001,
2015-05-21,189114635.336,98147,3319140000.0,234.02,15108900.0,3875.0,14.47529212,237948,48807487244.7,189941,51.3459865308,0.0001,
2015-05-22,255886975.224,102632,3338560000.0,235.32,27003000.0,3450.0,15.33794565,247123,48807487244.7,208106,42.334068,0.0001,
2015-05-23,194893610.993,86167,3409830000.0,240.29,14605000.0,2800.0,12.75570619,221840,48807487244.7,193106,36.013487779,0.0001,
2015-05-24,139402623.396,93898,3391910000.0,238.98,11508000.0,3650.0,13.52427108,289098,48807487244.7,289370,21.9422402556,0.0001,
2015-05-25,179978985.066,105945,3420480000.0,240.93,14423900.0,3525.0,15.52614626,260538,48807487244.7,227362,30.6292646583,0.0001,
2015-05-26,200472736.389,108240,3367040000.0,237.1,16425000.0,3600.0,18.04951479,271049,48807487244.7,217270,44.92881401,0.0001,
2015-05-27,238636900.745,107951,3367340000.0,237.06,18837000.0,3450.0,16.00109647,260548,48807487244.7,191796,49.2432790176,0.0001,
2015-05-28,207472419.323,110848,3370890000.0,237.26,13829600.0,3300.0,16.24789347,256485,48807487244.7,195989,42.398362,0.0001,
2015-05-29,228127505.482,123898,3373380000.0,237.38,14805000.0,3850.0,17.83224896,293460,48807487244.7,234967,26.1118,0.0001,
2015-05-30,189811126.517,127665,3370240000.0,237.09,14098600.0,3400.0,17.0420672,311054,48807487244.7,283329,12.178198977,0.0001,
2015-05-31,180041652.877,98636,3314780000.0,233.13,14730800.0,3700.0,39.45981082,294994,48535929332.5,248207,34.340608512,0.0001,
2015-06-01,256633543.079,128564,3274370000.0,230.23,26090500.0,3300.0,21.70563529,310813,47589591153.6,239124,65.1216260695,0.0001,
2015-06-02,232484075.408,128057,3170730000.0,222.89,20459000.0,3750.0,18.56065267,306900,47589591153.6,231457,59.4849210913,0.0001,
2015-06-03,246419455.019,127458,3212010000.0,225.74,17752400.0,3550.0,18.03214868,292969,47589591153.6,231248,40.222725671,0.0001,
2015-06-04,228483626.881,118205,3213320000.0,225.77,14728100.0,3525.0,16.82484681,277531,47589591153.6,209147,32.3857537506,0.0001,
2015-06-05,244974191.942,110063,3191080000.0,224.15,18056500.0,3450.0,15.9113149,264710,47589591153.6,206605,46.3891874,0.0001,
2015-06-06,177400424.164,92518,3203980000.0,225.0,11131500.0,4450.0,14.25095862,267857,47589591153.6,242457,48.34149975,0.0001,
2015-06-07,159789131.362,83478,3213390000.0,225.6,13318400.0,3725.0,12.96274061,261175,47589591153.6,224999,28.655991744,0.0001,
2015-06-08,192474536.463,108016,3175520000.0,222.88,23378400.0,3925.0,17.34380551,248291,47589591153.6,194430,30.2574109488,0.0001,
2015-06-09,241382502.761,121487,3257050000.0,228.54,28353100.0,3775.0,17.7172119,283463,47589591153.6,204866,50.2788,0.0001,
2015-06-10,238858064.493,131110,3264420000.0,229.0,15904800.0,4225.0,20.08297998,361008,47589591153.6,267601,59.97380844,0.0001,
2015-06-11,234812592.65,120489,3263390000.0,228.85,14416000.0,3375.0,17.44264663,283760,47589591153.6,207863,70.0275393175,0.0001,
2015-06-12,252962676.039,126803,3276290000.0,229.71,14017700.0,3550.0,18.36680608,300429,47589591153.6,243539,60.068429928,0.0001,
2015-06-13,186052121.073,105684,3280180000.0,229.92,13305300.0,3975.0,16.9025367,282778,47589591153.6,243009,46.9192179936,0.0001,
2015-06-14,234123490.032,102888,3317080000.0,232.44,12165900.0,3700.0,15.98348336,290745,49124063327.5,251574,35.3136771156,0.0001,
2015-06-15,305061887.312,129245,3331930000.0,233.42,19912100.0,3600.0,19.87304204,321008,49692386354.9,276180,44.8506516282,0.0001,
2015-06-16,368976159.218,121423,3380500000.0,236.76,41612000.0,2950.0,20.13279514,280541,49692386354.9,264528,48.5303261088,0.0001,
2015-06-17,409505250.254,132964,3581960000.0,250.82,43858400.0,3950.0,23.45269754,323293,49692386354.9,332922,67.8094553774,0.0001,
2015-06-18,318888967.7,124773,3563010000.0,249.43,30980200.0,3900.0,27.33272035,282519,49692386354.9,384864,54.6444185131,0.0001,
2015-06-19,372117620.573,125075,3558500000.0,249.04,23965300.0,3675.0,27.30544421,294773,49692386354.9,318448,40.599746,0.0001,
2015-06-20,227373347.538,101878,3494910000.0,244.53,20608100.0,3350.0,15.3721681,263209,49692386354.9,234187,36.606141,0.0001,
2015-06-21,188445439.543,96530,3503880000.0,245.1,10600900.0,3100.0,14.07698414,281053,49692386354.9,255066,27.432638577,0.0001,
2015-06-22,249915345.813,119192,3488460000.0,243.97,17692500.0,3825.0,27.92504014,266005,49692386354.9,382384,59.9926206711,0.0001,
2015-06-23,262783925.412,125420,3531700000.0,246.93,15108700.0,3500.0,18.74452789,301327,49692386354.9,247545,49.386,0.0001,
2015-06-24,257985300.975,112937,3494730000.0,244.28,17344900.0,3900.0,16.35528118,268106,49692386354.9,205523,44.09382247,0.0001,
2015-06-25,204855014.513,111316,3439620000.0,240.37,16133100.0,3800.0,16.69325104,232177,49692386354.9,171870,37.6328415918,0.0001,
2015-06-26,338277673.713,116278,3472580000.0,242.6,13983500.0,3850.0,18.16023869,291304,49692386354.9,233135,43.186628228,0.0001,
2015-06-27,285793805.341,105875,3487060000.0,243.55,20488600.0,3225.0,16.74241236,295627,49692386354.9,271686,32.4169653095,0.0001,
2015-06-28,190847401.706,99004,3593900000.0,250.96,15137600.0,3525.0,15.3949869,272459,49490567918.6,241975,36.2895211976,0.0001,
2015-06-29,302959719.639,124040,3562790000.0,248.72,34742900.0,3500.0,18.70253432,290315,49402014931.2,224120,62.18,0.0001,
2015-06-30,388295044.289,155724,3682790000.0,257.04,44533800.0,3625.0,29.95122247,313893,49402014931.2,602736,146.311072438,0.0001,
2015-07-01,299050942.43,143977,3774140000.0,263.35,27029800.0,3375.0,21.27628595,309194,49402014931.2,230330,57.287441958,0.0001,
2015-07-02,311150657.089,141999,3706320000.0,258.55,21551900.0,3850.0,24.29662311,316488,49402014931.2,237903,83.285801404,0.0001,
2015-07-03,292387453.575,129558,3662970000.0,255.46,19033800.0,4025.0,22.79418437,301162,49402014931.2,233966,51.4431323246,0.0001,
2015-07-04,220560357.82,104430,3678800000.0,256.49,15620400.0,3800.0,17.84510252,277347,49402014931.2,238582,30.08037773,0.0001,
2015-07-05,275363248.121,114942,3741670000.0,260.81,44156100.0,3550.0,20.94808987,307720,49402014931.2,255254,97.5431303913,0.0001,
2015-07-06,375107138.853,173889,3890430000.0,271.11,49154800.0,4525.0,35.590639,342128,49402014931.2,568309,108.416889,0.00012299,
2015-07-07,309965622.767,190613,3875220000.0,269.96,28857600.0,3350.0,43.28253875,324880,49402014931.2,700081,118.2667764,0.0002,
2015-07-08,313721429.854,201586,3818970000.0,265.98,36980200.0,4025.0,50.7814831,323601,49402014931.2,1301391,132.8782884,0.0002,
2015-07-09,335733161.006,191030,3889620000.0,270.83,40301200.0,3325.0,40.17988719,327766,49402014931.2,630204,62.1069360142,0.0001,
2015-07-10,455129379.806,192866,3866510000.0,269.16,100390000.0,3850.0,37.36990049,322375,49402014931.2,677969,35.93286,0.0001,
2015-07-11,327675076.677,186052,4093500000.0,284.88,41109900.0,3700.0,38.71393068,319744,49650905000.1,1257353,25.8671096976,0.0001,
2015-07-12,340472284.006,208550,4213280000.0,293.14,56405000.0,3375.0,44.36391382,319701,51076366303.5,927889,5.0795269886,0.0001,
2015-07-13,389412043.485,159547,4468540000.0,310.83,62053900.0,3700.0,32.26811751,296403,51076366303.5,647251,21.416187,0.0001,
2015-07-14,346128352.407,122474,4199450000.0,292.03,28727200.0,3600.0,29.19469656,285096,51076366303.5,201339,59.573711158,0.00010073,
2015-07-15,321778514.447,115417,4143120000.0,288.05,27486600.0,3825.0,26.13382277,275285,51076366303.5,208004,49.484622229,0.0001,
2015-07-16,370499206.014,114253,4115410000.0,286.04,49482600.0,3350.0,27.39621947,275653,51076366303.5,195308,53.2054394196,0.0001,
2015-07-17,294990149.179,116759,4001950000.0,278.09,27591400.0,3675.0,24.04523437,253340,51076366303.5,186448,33.4376500551,0.0001,
2015-07-18,223408365.479,130546,4020820000.0,279.33,25187100.0,3725.0,43.55700027,257392,51076366303.5,220683,9.15951003,0.0001,
2015-07-19,183740156.05,120735,3956140000.0,274.77,15332500.0,3800.0,19.6377689,290314,51076366303.5,265504,7.528698,0.0001,
2015-07-20,251433479.924,125102,3938930000.0,273.5,22711400.0,3900.0,40.05246965,284027,51076366303.5,211541,34.62791158,0.0001,
2015-07-21,264729511.618,133658,4017540000.0,278.88,22930700.0,3175.0,25.67332781,306249,51076366303.5,210357,27.2850698064,0.0001,
2015-07-22,251113657.169,131105,3971960000.0,275.66,19389800.0,3850.0,27.36251591,295223,51076366303.5,208545,30.2153351808,0.0001,
2015-07-23,258524717.735,109480,3997290000.0,277.34,18531300.0,3500.0,26.58585451,256642,51076366303.5,180185,51.317717836,0.0001,
2015-07-24,296284574.237,109749,3978990000.0,276.0,37199400.0,4225.0,23.27602155,273643,51076366303.5,198224,53.1025656,0.0001,
2015-07-25,193556191.405,100390,4155500000.0,288.16,20662200.0,3850.0,20.24099182,243986,51607092413.0,184028,29.470685112,0.0001,
2015-07-26,150032952.316,92632,4163470000.0,288.64,16032300.0,3600.0,21.17046613,298836,52278304845.6,353458,39.499186144,0.0001,
2015-07-27,253982098.978,115077,4222210000.0,292.64,30592000.0,3725.0,31.33315906,285200,52278304845.6,427984,53.43840512,0.0001,
2015-07-28,315552110.356,118214,4237650000.0,293.63,25453600.0,3400.0,27.90367841,298291,52278304845.6,355644,51.943147,0.0001,
2015-07-29,283712337.107,143048,4250940000.0,294.48,24672600.0,3800.0,39.00263677,321419,52278304845.6,1391580,67.5751884264,0.000123,
2015-07-30,264750092.086,123443,4174360000.0,289.1,21635800.0,3350.0,34.02627027,276124,52278304845.6,1078991,72.67942199,0.0001113,
2015-07-31,254458235.179,147352,4155010000.0,287.7,23629100.0,3775.0,37.75865133,303868,52278304845.6,1473022,56.542305309,0.00010624,
2015-08-01,198199560.348,147326,4112610000.0,284.69,18995000.0,3875.0,32.67417545,298805,52278304845.6,1537131,30.7549809868,0.0001,
2015-08-02,156828970.478,103449,4052470000.0,280.45,17722200.0,3775.0,20.81821964,298371,52278304845.6,430311,25.480424975,0.0001,
2015-08-03,236586716.21,119687,4087610000.0,282.81,21474100.0,3925.0,27.09518893,298021,52278304845.6,316409,46.0389877563,0.0001,
2015-08-04,276858684.083,132411,4065870000.0,281.23,21908700.0,3400.0,35.18586297,293112,52278304845.6,1171795,68.90135,0.00013001,
2015-08-05,313390873.139,133625,4119190000.0,284.85,20128000.0,3325.0,33.89808802,316578,52278304845.6,1241824,80.886558609,0.000113,
2015-08-06,288321945.106,134695,4077600000.0,281.91,18792100.0,3575.0,37.05030425,295691,52278304845.6,1365143,53.801452242,0.00018225,
2015-08-07,273598398.812,111208,4032820000.0,278.74,42484800.0,3425.0,25.06010357,272880,52278304845.6,440197,50.6799994932,0.0001,
2015-08-08,290715872.283,101351,4048270000.0,279.74,58533000.0,4025.0,22.40730609,273178,52516565207.7,223796,34.141190001,0.0001,
2015-08-09,301194318.627,90392,3779770000.0,261.12,23789600.0,3550.0,19.00348649,268041,52699842409.3,223451,34.7466273792,0.0001,
2015-08-10,292242357.228,116674,3843850000.0,265.48,20979400.0,4175.0,28.5686514,292852,52699842409.3,228666,47.9828711288,0.0001,
2015-08-11,278408375.176,114579,3828500000.0,264.34,25433900.0,4050.0,26.09037644,269443,52699842409.3,200789,52.841566,0.0001,
2015-08-12,327785021.559,117772,3920210000.0,270.6,26815400.0,3150.0,25.59291304,277814,52699842409.3,213010,53.93154063,0.0001,
2015-08-13,331948542.504,117360,3857090000.0,266.18,27685500.0,3675.0,24.68525201,276354,52699842409.3,208700,47.9124,0.0001,
2015-08-14,325156154.129,111113,3828340000.0,264.13,27091200.0,3550.0,24.26238231,272463,52699842409.3,205800,46.1788595179,0.0001,
2015-08-15,255704773.427,94807,3849530000.0,265.53,19321100.0,3424.99999999,20.52411841,268287,52699842409.3,215371,30.7392503892,0.0001,
2015-08-16,262199667.26,89360,3797330000.0,261.87,29717000.0,3450.0,18.9535101,279628,52699842409.3,231726,37.0810067334,0.0001,
2015-08-17,354996005.157,114902,3749260000.0,258.49,21617900.0,3675.0,23.50533255,283851,52699842409.3,209519,52.9368779475,0.0001,
2015-08-18,436522649.949,119657,3742020000.0,257.93,42147200.0,3525.0,25.60465587,302537,52699842409.3,221847,58.8248286637,0.0001,
2015-08-19,346160205.555,119995,3274860000.0,225.67,60869200.0,3900.0,24.16873641,288422,52699842409.3,210037,53.4637933813,0.0001,
2015-08-20,313557310.896,118080,3293570000.0,226.9,32275000.0,3750.0,25.77554216,277372,52699842409.3,204363,47.645657763,0.0001,
2015-08-21,307446887.84,113627,3417200000.0,235.35,23173800.0,4125.0,23.20451447,282523,52699842409.3,213279,49.357724382,0.0001,
2015-08-22,273683179.734,105507,3379050000.0,232.66,23205900.0,3950.0,22.39789595,297783,54207364887.4,249531,28.2145548902,0.0001,
2015-08-23,220730044.139,94395,3346760000.0,230.38,18406600.0,3350.0,20.68006617,288023,54256630327.9,239716,25.3053907448,0.0001,
2015-08-24,429420194.512,125213,3314640000.0,228.11,59220700.0,3875.0,26.21538332,307879,54256630327.9,229965,46.4915826932,0.0001,
2015-08-25,400922634.746,121838,3053250000.0,210.07,61089200.0,3375.0,25.2405721,288411,54256630327.9,222476,47.7719703839,0.0001,
2015-08-26,312063136.515,122691,3228540000.0,222.08,31808000.0,4025.0,25.15845138,285266,54256630327.9,211214,43.2611862208,0.0001,
2015-08-27,311530169.503,119942,3287220000.0,226.05,21905400.0,3425.0,23.87492571,277794,54256630327.9,212517,42.9020295,0.0001,
2015-08-28,333845709.956,120230,3268370000.0,224.7,31336600.0,3875.0,24.44245868,297477,54256630327.9,224843,47.869218411,0.0001,
2015-08-29,199091251.516,107329,3368880000.0,231.55,17142500.0,4000.0,21.35923021,287960,54256630327.9,235829,27.43798035,0.0001,
2015-08-30,158900431.583,98189,3345740000.0,229.9,19412600.0,3750.0,19.51472621,284867,54256630327.9,246278,30.323147888,0.0001,
2015-08-31,256783512.092,127103,3335220000.0,229.11,20710700.0,3925.0,27.56912196,304796,54256630327.9,236950,43.2184329087,0.0001,
2015-09-01,289597831.217,130256,3352760000.0,230.26,20575200.0,3850.0,25.26556984,307795,54256630327.9,232345,47.6786694674,0.0001,
2015-09-02,283755261.773,149906,3321180000.0,228.03,18760400.0,4000.0,53.88841426,290569,54256630327.9,1883744,110.403150739,0.0001991,
2015-09-03,246954362.186,128536,3340990000.0,229.32,17482000.0,3650.0,27.97427509,303103,54256630327.9,339960,45.8808022764,0.0001,
2015-09-04,226807848.024,103817,3311080000.0,227.22,20962400.0,3900.0,25.08295191,265574,55936109548.0,195974,44.8027783434,0.0001,
2015-09-05,184771165.633,124071,3355470000.0,230.2,20671400.0,3675.0,27.84723132,318521,56957648455.0,276765,19.617616376,0.0001,
2015-09-06,203052030.669,106149,3424420000.0,234.87,25473700.0,3600.0,21.87159142,294414,56957648455.0,245157,25.914686781,0.0001,
2015-09-07,217769790.646,125315,3499120000.0,239.93,21192200.0,3800.0,29.70364898,317821,56957648455.0,250874,34.1010973448,0.0001,
2015-09-08,301316355.532,125243,3498750000.0,239.85,26879200.0,3400.0,25.62157265,334615,56957648455.0,242461,45.61328187,0.0001,
2015-09-09,282173056.8,126308,3551640000.0,243.41,23635700.0,3725.0,27.16877078,303153,56957648455.0,218771,43.3809220901,0.0001,
2015-09-10,293064622.565,124780,3478410000.0,238.34,21215500.0,4275.0,27.79300834,286880,56957648455.0,203106,31.913726,0.0001,
2015-09-11,253412602.404,179844,3479310000.0,238.33,19224700.0,3950.0,38.07931771,317309,56957648455.0,253198,5.6858006772,0.0001,
2015-09-12,165222467.485,137605,3502520000.0,239.85,17962600.0,3375.0,29.08465555,274687,56957648455.0,211624,9.0263589975,0.0001,
2015-09-13,176328691.087,145897,3435990000.0,235.24,18478800.0,3775.0,25.36632619,322602,56957648455.0,294542,5.4814589744,0.0001,
2015-09-14,262295237.56,166563,3369190000.0,230.61,20997800.0,3800.0,31.22149088,307697,56957648455.0,229228,11.4036645,0.0001,
2015-09-15,264597631.388,162839,3368360000.0,230.49,19177800.0,4000.0,28.87989851,326856,56957648455.0,239229,18.416151,0.0001,
2015-09-16,273453431.635,167127,3365740000.0,230.25,20144200.0,3550.0,26.10466496,299222,56957648455.0,211090,12.1728777225,0.0001,
2015-09-17,247017314.189,259135,3349390000.0,229.08,18935400.0,3600.0,27.11789352,316949,57320908601.8,239817,0.024145032,4.32e-05,
2015-09-18,251364153.382,161357,3415440000.0,233.52,20242200.0,3675.0,25.40203437,314363,59335351233.9,243661,16.3403261448,0.0001,
2015-09-19,221797118.239,114726,3406390000.0,232.86,12712600.0,3125.0,21.74704429,271138,59335351233.9,192637,27.255087057,0.0001,
2015-09-20,180139543.676,109030,3385770000.0,231.4,14444700.0,3200.0,21.2534805,341423,59335351233.9,327538,29.3878,0.0001,
2015-09-21,312660620.706,131547,3383840000.0,231.22,19678800.0,3300.0,28.77250376,350680,59335351233.9,266012,35.852903834,0.0001,
2015-09-22,306602864.148,136627,3322420000.0,226.97,25009300.0,3925.0,27.82720079,355943,59335351233.9,282516,44.304544,0.0001,
2015-09-23,255332853.482,131242,3381390000.0,230.94,17254100.0,3950.0,25.52187592,294921,59335351233.9,222827,41.7348463338,0.0001,
2015-09-24,243088275.955,125227,3373850000.0,230.36,25097800.0,3500.0,24.27461543,295738,59335351233.9,216873,48.588694518,0.0001,
2015-09-25,285236082.44,128002,3433300000.0,234.36,22363600.0,4100.0,27.11947875,295114,59335351233.9,221935,46.7662497372,0.0001,
2015-09-26,214453187.032,115475,3444730000.0,235.08,13724100.0,3675.0,24.99832779,310240,59335351233.9,232044,27.7190138988,0.0001,
2015-09-27,154471195.118,108600,3431860000.0,234.14,14179900.0,3725.0,21.98745167,326824,59335351233.9,254585,28.3586176894,0.0001,
2015-09-28,299082124.85,138427,3413630000.0,232.84,24713000.0,3575.0,26.28988147,302930,59335351233.9,224892,48.2530491096,0.0001,
2015-09-29,349973333.849,140490,3505090000.0,239.02,22691300.0,4350.0,27.3765497,353417,59335351233.9,244875,50.4261593492,0.0001,
2015-09-30,283931041.182,139700,3471280000.0,236.64,19743500.0,3700.0,26.79319008,329484,59335351233.9,247193,46.6514628048,0.0001,
2015-10-01,328011423.342,134178,3462800000.0,236.0,20488800.0,3725.0,28.82708269,298058,59999898065.9,221145,56.01094436,0.0001,
2015-10-02,359346119.74,139608,3482190000.0,237.26,19677900.0,3450.0,25.92049816,311843,60813224039.4,234667,48.2793351104,0.0001,
2015-10-03,209969179.931,119422,3482100000.0,237.2,16482700.0,3625.0,21.68642606,259753,60813224039.4,179690,29.710051924,0.0001,
2015-10-04,184942710.13,103378,3502460000.0,238.53,12999000.0,3825.0,19.36537912,306296,60813224039.4,284832,30.7037438004,0.0001,
2015-10-05,291124307.822,125395,3497740000.0,238.15,23335900.0,3825.0,23.34896688,290693,60813224039.4,208308,49.0789784265,0.0001,
2015-10-06,365477896.46,144368,3531230000.0,240.36,27535100.0,3550.0,25.80662237,325572,60813224039.4,224456,66.7731761496,0.0001,
2015-10-07,327464074.661,134798,3617400000.0,246.17,22999200.0,3325.0,24.96770404,308697,60813224039.4,217207,53.4767276415,0.0001,
2015-10-08,446284153.74,140208,3572730000.0,243.07,18515300.0,3500.0,26.86679732,314037,60813224039.4,222731,50.6498109087,0.0001,
2015-10-09,286940318.411,114518,3565090000.0,242.5,17353100.0,3150.0,23.10188544,265620,60813224039.4,174754,50.916010525,0.0001,
2015-10-10,267618497.854,126845,3584120000.0,243.74,15912700.0,4000.0,24.80907025,323737,60813224039.4,253963,28.5592887888,0.0001,
2015-10-11,220626403.417,104404,3599840000.0,244.74,16827300.0,3650.0,19.35308736,294439,60813224039.4,227894,43.7719398972,0.0001,
2015-10-12,313176396.864,134268,3632110000.0,246.88,17388300.0,3550.0,25.47023804,309767,60813224039.4,202774,59.8392953168,0.0001,
2015-10-13,379030572.825,134741,3608340000.0,245.2,28198500.0,3425.0,24.94470798,306238,60813224039.4,202394,49.01692668,0.0001,
2015-10-14,388373371.099,141833,3672370000.0,249.49,27462600.0,3800.0,27.15648782,309792,60813224039.4,210245,58.9346450603,0.0001,
2015-10-15,454719441.467,153329,3711800000.0,252.11,25223500.0,4150.0,28.38709887,365671,60848950069.7,274526,62.996036672,0.0001,
2015-10-16,435570619.702,143142,3745090000.0,254.3,35901500.0,3600.0,28.3561839,335835,60883825480.1,247963,66.74703648,0.0001,
2015-10-17,372440958.924,135775,3870490000.0,262.75,43199600.0,3400.0,27.00692963,370216,60883825480.1,292287,43.16034498,0.0001,
2015-10-18,271387720.342,119561,3991620000.0,270.91,22434300.0,3625.0,22.87814229,334791,60883825480.1,261297,42.7397070759,0.0001,
2015-10-19,351774840.531,143804,3859270000.0,261.86,25258800.0,4125.0,28.30097624,349102,60883825480.1,242999,65.465,0.0001,
2015-10-20,374311999.564,146221,3885570000.0,263.57,30889800.0,3200.0,31.63227656,400900,60883825480.1,274277,54.8494046045,0.0001,
2015-10-21,341002376.676,150055,3970980000.0,269.31,25637300.0,3600.0,28.40338671,356706,60883825480.1,257788,57.847788,0.0001,
2015-10-22,376597915.347,147254,3930500000.0,266.5,37808600.0,3700.0,29.4120876,344306,60883825480.1,255004,66.336916165,0.0001,
2015-10-23,349539956.536,143319,4037010000.0,273.65,29442500.0,3725.0,28.73077494,370420,60883825480.1,253855,51.2434937625,0.0001,
2015-10-24,340872312.249,139983,4080140000.0,276.5,25942400.0,3625.0,26.88985085,377017,60883825480.1,300307,36.1591216,0.0001,
2015-10-25,367508026.895,131333,4154100000.0,281.44,45717100.0,3875.0,24.82972719,372966,60883825480.1,276801,56.259856,0.0001,
2015-10-26,407597676.359,116236,4187410000.0,283.63,32108800.0,4100.0,26.65010032,375812,60883825480.1,224384,80.2593086518,0.0001,
2015-10-27,478855084.647,153593,4211500000.0,285.18,46331800.0,3675.0,29.03670838,355490,60883825480.1,250321,73.656932055,0.0001,
2015-10-28,501524469.129,160036,4338430000.0,293.7,50808100.0,3475.0,30.11709528,350477,60883825480.1,241481,70.39989,0.0001,
2015-10-29,669682361.762,160911,4496390000.0,304.32,64495900.0,3775.0,33.96205933,382999,62045283043.8,256323,66.6541779552,0.0001,
2015-10-30,744545402.805,166524,4639690000.0,313.94,78305000.0,4275.0,32.04370245,378895,62253982449.8,277396,78.1545373378,0.0001,
2015-10-31,564718316.46,155253,4856410000.0,328.51,48598100.0,3675.0,28.54469017,367606,62253982449.8,292718,49.4271316903,0.0001,
2015-11-01,505803511.484,152335,4657890000.0,315.0,37001100.0,3825.0,27.34475095,392575,62253982449.8,306871,83.76661125,0.0001,
2015-11-02,770022146.198,171955,4820850000.0,325.94,101918000.0,3825.0,33.2823864,397127,62253982449.8,279393,76.277375135,0.0001,
2015-11-03,1222769641.3,186207,5353680000.0,361.87,206162000.0,3875.0,34.34305541,448868,62253982449.8,322333,96.7904472726,0.0001,
2015-11-04,4342243654.92,204043,5973510000.0,403.66,263900000.0,3875.0,44.91027343,497257,62253982449.8,350656,120.613608,0.0001,
2015-11-05,1373073613.38,182663,6040410000.0,408.08,151825000.0,3650.0,34.12758502,445547,62253982449.8,321103,97.898392,0.0001,
2015-11-06,1029809736.08,166748,5745320000.0,388.05,122687000.0,3625.0,32.32119456,431450,62253982449.8,342650,82.6011728295,0.0001,
2015-11-07,774014425.846,151345,5542680000.0,374.27,56625100.0,3800.0,25.79858313,366087,62253982449.8,263259,49.5476291544,0.0001,
2015-11-08,704264558.991,132411,5692390000.0,384.28,51817600.0,3475.0,23.43890815,377659,62253982449.8,291975,53.3666659604,0.0001,
2015-11-09,1091014618.2,159687,5546240000.0,374.32,68224400.0,3725.0,29.59354321,418274,62253982449.8,304911,74.2419662536,0.0001,
2015-11-10,1066094693.26,161816,5631520000.0,379.98,95797900.0,3650.0,29.20202127,394737,62253982449.8,275980,77.207718222,0.0001,
2015-11-11,1111523927.84,158761,5037510000.0,339.82,107070000.0,4200.0,27.96582529,375284,64200880178.5,268901,80.009021846,0.0001,
2015-11-12,880411208.429,157686,4657240000.0,314.08,78477800.0,4025.0,25.76607374,370346,65848255179.7,286238,72.2384,0.0001,
2015-11-13,917524099.766,154667,5020700000.0,338.5,52003000.0,4000.0,25.62122509,358038,65848255179.7,266831,67.7,0.0001,
2015-11-14,991779339.209,150332,4994250000.0,336.62,38612000.0,3550.0,24.47520325,386718,65848255179.7,308192,50.5891117424,0.0001,
2015-11-15,678296645.577,143209,4942420000.0,333.05,44213100.0,4000.0,23.01078957,418112,65848255179.7,325587,62.8415958685,0.0001,
2015-11-16,798985310.35,158143,4746070000.0,319.74,47980100.0,4325.0,27.79466448,402214,65848255179.7,273996,76.004084466,0.0001,
2015-11-17,588819635.304,156539,4905260000.0,330.36,51001600.0,3725.0,26.30052583,380647,65848255179.7,273878,62.7838377228,0.0001,
2015-11-18,559993039.203,165116,4969330000.0,334.59,43783800.0,3825.0,27.37508755,413132,65848255179.7,312510,69.7263543978,0.0001,
2015-11-19,639198062.378,154347,4971880000.0,334.68,45011100.0,3400.0,25.73583511,357979,65848255179.7,255656,66.14632254,0.0001,
2015-11-20,680673638.323,155607,4850170000.0,326.41,53152900.0,4175.0,25.74141814,358006,65848255179.7,267621,54.0343651099,0.0001,
2015-11-21,446390832.171,150861,4787340000.0,322.09,28200500.0,4350.0,23.84630843,374521,65848255179.7,287467,41.2988790395,0.0001,
2015-11-22,344572308.516,129487,4861340000.0,326.98,23439400.0,4300.0,23.30401546,376446,65848255179.7,305331,46.725442,0.0001,
2015-11-23,394098892.883,145109,4823700000.0,324.35,27478900.0,4075.0,25.64701023,342182,65848255179.7,243197,64.837565,0.0001,
2015-11-24,421952948.352,152168,4805160000.0,323.01,29362600.0,3900.0,25.12325561,384100,72061768578.8,288084,61.001246025,0.0001,
2015-11-25,561347307.046,151713,4762230000.0,320.05,41666900.0,3700.0,26.50728282,364227,72722780642.5,257372,65.3471208925,0.0001,
2015-11-26,658517232.996,164495,4886330000.0,328.3,106105000.0,4400.0,27.95046286,387024,72722780642.5,273385,77.806384306,0.0001,
2015-11-27,719044647.824,160102,5238500000.0,351.86,55179100.0,3325.0,26.65176592,359600,72722780642.5,257064,77.9223772542,0.0001,
2015-11-28,662821464.515,165522,5318300000.0,357.14,36816600.0,3850.0,26.47215741,414002,72722780642.5,332696,40.2712528274,0.0001,
2015-11-29,467762722.758,129701,5324610000.0,357.47,40409300.0,3725.0,22.17266336,321393,72722780642.5,203484,52.8520574651,0.0001,
2015-11-30,857289534.457,182486,5534000000.0,371.44,71701600.0,4050.0,34.29084643,489674,72722780642.5,390628,89.4277792536,0.0001,
2015-12-01,890639974.458,177945,5624580000.0,377.41,60452200.0,4175.0,31.25843549,413030,72722780642.5,300256,99.9721349,0.0001,
2015-12-02,883770777.952,183362,5394070000.0,361.85,54160500.0,4025.0,32.47262681,427478,72722780642.5,320303,91.155102611,0.0001,
2015-12-03,689044095.218,164632,5358040000.0,359.33,50714900.0,3550.0,29.71151175,361065,72722780642.5,240581,67.8505088098,0.0001,
2015-12-04,904272274.075,173433,5388110000.0,361.26,35784100.0,3825.0,28.66553139,418070,72722780642.5,279828,47.988224982,0.0001,
2015-12-05,1706916238.63,186019,5426180000.0,363.72,66282200.0,4375.0,31.07756174,456577,72722780642.5,357004,73.3652737692,0.0001,
2015-12-06,2062601656.15,179553,5813290000.0,389.56,77762000.0,3975.0,30.36759062,430043,72883273730.8,345109,108.197391674,0.0001,
2015-12-07,1155972705.36,192683,5821140000.0,389.98,63455800.0,3675.0,33.02830019,435598,79102380900.2,307135,111.938775056,0.0001,
2015-12-08,1108564536.34,195046,5908810000.0,395.75,57801400.0,4375.0,32.78755044,455232,79102380900.2,353501,100.14676953,0.0001,
2015-12-09,1502001733.77,220155,6189620000.0,414.44,90917200.0,4200.0,37.30535029,490303,79102380900.2,353618,141.579857234,0.0001,
2015-12-10,1245931253.15,211820,6244360000.0,417.99,52138900.0,5400.0,35.89685418,493281,79102380900.2,365822,125.397,0.0001,
2015-12-11,1475074587.25,210099,6206150000.0,415.28,110944000.0,4000.0,43.27706332,460519,79102380900.2,321338,151.435996494,0.0001,
2015-12-12,1420425072.07,203979,6761730000.0,452.33,131969000.0,4050.0,36.96162758,531936,79102380900.2,386723,104.379833639,0.0001,
2015-12-13,2145368262.87,189772,6454430000.0,431.66,55050600.0,3550.0,33.25167033,478113,79102380900.2,382223,151.996205532,0.0001,
2015-12-14,1970319899.0,231282,6480070000.0,433.27,130496000.0,4875.0,40.52758586,528953,79102380900.2,360131,125.604973,0.0001,
2015-12-15,1811800506.2,223815,6640850000.0,443.88,83121100.0,4575.0,39.9989931,494618,79102380900.2,382536,117.051156,0.0001,
2015-12-16,1953450765.75,220257,6962090000.0,465.21,107944000.0,4075.0,37.38604758,483265,79102380900.2,342810,124.568514104,0.0001,
2015-12-17,1809832595.71,216142,6807850000.0,454.78,47978400.0,3875.0,37.64708734,457030,79102380900.2,329794,132.002068848,0.0001,
2015-12-18,1759148036.43,213678,6825640000.0,455.85,60220100.0,4225.0,37.77548047,452097,81054834554.7,329456,129.4614,0.0001,
2015-12-19,1663636667.15,213719,6942950000.0,463.55,47892700.0,3925.0,35.23701085,505082,93448670796.3,397329,88.959287156,0.0001,
2015-12-20,1738746187.29,193682,6925030000.0,462.23,75409400.0,4125.0,33.53649378,474385,93448670796.3,383902,120.415768415,0.0001,
2015-12-21,2209432822.87,229295,6636280000.0,442.84,77639700.0,3725.0,41.10369193,502101,93448670796.3,369658,132.229548524,0.0001,
2015-12-22,2014510529.45,222567,6556960000.0,437.44,50840400.0,3750.0,39.13063975,486000,93448670796.3,357665,131.188256,0.0001,
2015-12-23,1878125760.35,220918,6547850000.0,436.72,47161400.0,3925.0,39.8125779,472140,93448670796.3,329060,133.303002194,0.0001,
2015-12-24,1995381372.21,210090,6645120000.0,443.09,57157200.0,3450.0,36.33612595,448474,93448670796.3,335585,177.236,0.0001,
2015-12-25,1693502732.81,180221,6823120000.0,454.86,39078500.0,4050.0,29.58094326,377621,93448670796.3,296543,192.566218219,0.0001,
2015-12-26,1167126406.26,179192,6838480000.0,455.76,116166000.0,4275.0,31.37472184,419932,93448670796.3,350238,59.1289214472,0.0001,
2015-12-27,474868582.846,160066,6251440000.0,416.51,53591200.0,5125.0,27.06454523,406454,93448670796.3,334186,39.2060863,0.0001,
2015-12-28,719128150.786,172978,6356100000.0,423.34,49638600.0,3775.0,31.14441685,411519,93448670796.3,302368,55.2307059612,0.0001,
2015-12-29,614146583.771,184459,6339010000.0,422.1,51596500.0,3975.0,31.35063356,415368,93448670796.3,294447,54.335755341,0.0001,
2015-12-30,498503021.732,176282,6508960000.0,433.3,46889400.0,4125.0,30.79767766,405574,93448670796.3,310096,48.52457372,0.0001,
2015-12-31,446321732.358,155220,6399190000.0,425.88,45996600.0,3550.0,25.50670682,355266,99178743060.4,238888,54.6105924,0.0001,
2016-01-01,377378302.313,123957,6473530000.0,430.72,36278900.0,3375.0,19.82080598,316727,1.03880340815e+11,236696,49.9694682432,0.0001,
2016-01-02,316594070.754,148893,6533630000.0,434.62,30096600.0,3625.0,31.37600479,419640,1.03880340815e+11,304961,35.91438908,0.0001,
2016-01-03,338119275.441,142463,6519500000.0,433.58,39633800.0,3625.0,24.08304879,394144,1.03880340815e+11,335121,45.7694548934,0.0001,
2016-01-04,401155747.813,181173,6468180000.0,430.06,38477500.0,4525.0,30.74684308,418266,1.03880340815e+11,310239,43.006,0.0001,
2016-01-05,540247572.834,182214,6515380000.0,433.07,34522600.0,3925.0,32.27846687,435329,1.03880340815e+11,321804,50.9069151151,0.0001,
2016-01-06,516845826.834,171949,6498830000.0,431.86,34042500.0,3525.0,30.40324362,379421,1.03880340815e+11,267082,50.2151131482,0.0001,
2016-01-07,623150086.719,190087,6472580000.0,430.01,87562200.0,3675.0,37.02453793,430305,1.03880340815e+11,342857,49.3124373742,0.0001,
2016-01-08,479399674.668,181234,6888600000.0,457.54,56993000.0,4325.0,32.53002298,413787,1.03880340815e+11,307044,47.4735863082,0.0001,
2016-01-09,320799059.787,179817,6828000000.0,453.38,32278000.0,3775.0,30.22393822,450627,1.03880340815e+11,369357,25.1782633466,0.0001,
2016-01-10,451010194.794,161142,6752210000.0,448.24,35995900.0,4375.0,27.95780106,432753,1.03880340815e+11,350177,32.0673495792,0.0001,
2016-01-11,583638254.001,191026,6761090000.0,448.7,40450000.0,4250.0,35.90416653,448116,1.03880340815e+11,336698,49.312753693,0.0001,
2016-01-12,492862438.134,194704,6755220000.0,448.18,115607000.0,4250.0,34.70749772,456763,1.03880340815e+11,360623,44.36982,0.0001,
2016-01-13,535522814.523,187983,6553350000.0,434.67,173888000.0,3700.0,34.27954249,425792,1.10281664455e+11,297528,43.467,0.0001,
2016-01-14,463348416.164,183049,6519110000.0,432.29,43945500.0,3325.0,31.82088874,427601,1.13354299801e+11,309807,49.9957304738,0.0001,
2016-01-15,661250823.068,183520,6489870000.0,430.25,153351000.0,3050.0,35.76071656,415708,1.13354299801e+11,293530,51.78511373,0.0001,
2016-01-16,494970210.771,191158,5507790000.0,365.07,120352000.0,3550.0,34.77336876,501450,1.13354299801e+11,354177,32.5555662861,0.0001,
2016-01-17,3971865433.7,203977,5842270000.0,387.15,45319600.0,3775.0,36.326795,536461,1.13354299801e+11,447028,36.1540840515,0.0001,
2016-01-18,3560807939.51,213732,5761940000.0,381.73,54403900.0,4325.0,39.48023545,472936,1.13354299801e+11,344242,39.0892512498,0.0001,
2016-01-19,3353775384.72,186725,5843510000.0,387.03,46819800.0,3325.0,39.67840683,419190,1.13354299801e+11,301559,49.1956813131,0.0001,
2016-01-20,1460825925.72,208919,5734760000.0,379.74,121720000.0,3800.0,46.47964248,625563,1.13354299801e+11,388247,44.5618396446,0.0001,
2016-01-21,2126986590.45,222606,6338800000.0,419.63,68338000.0,3425.0,50.3603795,516771,1.13354299801e+11,370087,55.8706795936,0.0001,
2016-01-22,3094994091.34,213507,6190940000.0,409.75,91546600.0,4400.0,45.16359551,501601,1.13354299801e+11,355696,51.9315060275,0.0001,
2016-01-23,11326116599.6,190221,5779890000.0,382.43,56247400.0,4475.0,38.59889347,473146,1.13354299801e+11,376171,49.4127515633,0.0001,
2016-01-24,26097822215.6,201254,5867300000.0,388.1,54824800.0,4275.0,40.1824236,487622,1.13354299801e+11,384082,73.864950093,0.0001,
2016-01-25,6925342918.88,221988,6083900000.0,402.32,59062400.0,4050.0,45.9839664,517175,1.13354299801e+11,375474,44.6754594488,0.0001,
2016-01-26,4009141319.33,230363,5929520000.0,392.0,58147000.0,4000.0,47.01650631,533783,1.164851002e+11,387126,66.5616,0.0001,
2016-01-27,5393340988.08,229522,5937780000.0,392.44,47424400.0,3875.0,49.12850373,529075,1.20033340651e+11,365156,69.3762142724,0.0001,
2016-01-28,2347344944.77,224879,5980180000.0,395.15,59247900.0,3650.0,47.43453192,522089,1.20033340651e+11,363400,51.557891714,0.0001,
2016-01-29,2673975337.64,224225,5753970000.0,380.11,86125300.0,4225.0,46.98023086,531737,1.20033340651e+11,338071,67.1482370225,0.0001,
2016-01-30,1249346525.06,194607,5736760000.0,378.87,30284400.0,4675.0,38.97923245,497567,1.20033340651e+11,385893,72.129952566,0.0001,
2016-01-31,600405945.164,175864,5729870000.0,378.29,37894300.0,4525.0,34.55384553,480130,1.20033340651e+11,382270,63.2841265342,0.0001,
2016-02-01,1889681587.29,222237,5596090000.0,369.35,51656700.0,4025.0,55.98834185,600635,1.20033340651e+11,339493,84.9505,0.0001,
2016-02-02,1359631186.03,241542,5651690000.0,372.92,40378700.0,4500.0,58.64427461,688829,1.20033340651e+11,426179,70.4881860772,0.0001,
2016-02-03,539724077.674,191045,5679530000.0,374.65,45933400.0,4475.0,44.727733,543129,1.20033340651e+11,314080,50.5822345605,0.0001,
2016-02-04,827575346.162,200493,5613380000.0,370.17,69285500.0,4200.0,38.13751292,463870,1.20033340651e+11,347557,79.105329,0.0001,
2016-02-05,1285708921.18,225300,5898960000.0,388.9,43825000.0,4700.0,43.03457951,505481,1.20033340651e+11,390299,88.165205045,0.0001,
2016-02-06,1118318436.77,223956,5865740000.0,386.59,49249300.0,5000.0,40.20959148,484673,1.20033340651e+11,432065,92.9995633079,0.0001,
2016-02-07,1048074764.79,212014,5714760000.0,376.51,37076300.0,4400.0,38.93269746,525262,1.40421880266e+11,512296,77.6433952068,0.0001,
2016-02-08,921501586.488,224607,5720100000.0,376.76,47671100.0,3700.0,42.13873335,473992,1.44116447847e+11,387951,109.973226152,0.0001,
2016-02-09,763513851.106,231064,5670880000.0,373.42,55318500.0,4400.0,41.7533383,507109,1.44116447847e+11,382478,143.1469647,0.0001,
2016-02-10,916128362.009,235363,5713880000.0,376.15,85130900.0,4100.0,45.10160409,496638,1.44116447847e+11,369839,131.768670166,0.0001,
2016-02-11,937479947.871,220742,5806110000.0,382.11,74375600.0,4800.0,44.25502408,497789,1.44116447847e+11,370583,87.4385217036,0.0001,
2016-02-12,939287003.43,202356,5771040000.0,379.69,67042800.0,4275.0,39.03763903,471892,1.44116447847e+11,345562,79.5118093436,0.0001,
2016-02-13,938754064.272,184519,5847990000.0,384.64,61911700.0,3900.0,34.91582779,445520,1.44116447847e+11,338186,82.42296704,0.0001,
2016-02-14,1021784521.04,185922,5975580000.0,392.93,74469800.0,4150.0,35.15265778,494551,1.44116447847e+11,402401,87.9541859791,0.0001,
2016-02-15,1476229749.35,220197,6199850000.0,407.57,74070500.0,3800.0,42.11669849,498274,1.44116447847e+11,378094,111.54634567,0.0001,
2016-02-16,1496838607.22,215802,6108040000.0,401.43,73093100.0,3450.0,42.20291344,479779,1.44116447847e+11,338622,107.904384,0.0001,
2016-02-17,1535289817.3,227080,6204150000.0,407.66,83193600.0,3875.0,43.84467565,539728,1.44116447847e+11,404985,101.300309869,0.0001,
2016-02-18,1529333866.5,212810,6341430000.0,416.57,76752600.0,4225.0,43.33919321,495715,1.44116447847e+11,362294,99.8248852524,0.0001,
2016-02-19,1939519855.38,217291,6436980000.0,422.73,55711300.0,3625.0,45.93178995,510057,1.52801885496e+11,347616,105.063145595,0.0001,
2016-02-20,1669876596.34,215578,6421310000.0,421.6,93992100.0,3750.0,41.35279322,500214,1.63491654909e+11,386034,109.197848688,0.0001,
2016-02-21,1753788266.03,206489,6669260000.0,437.77,89820700.0,3200.0,40.3175371,522170,1.63491654909e+11,422287,117.999887874,0.0001,
2016-02-22,1864607890.02,237569,6689200000.0,438.99,85385200.0,3175.0,45.80619995,538813,1.63491654909e+11,409469,116.53210362,0.0001,
2016-02-23,1623856584.8,244612,6679400000.0,438.25,85244900.0,3400.0,48.35862446,546376,1.63491654909e+11,385851,113.239921487,0.0001,
2016-02-24,1451913735.26,224809,6417190000.0,420.96,67743700.0,2950.0,45.99151748,468940,1.63491654909e+11,320840,105.62801988,0.0001,
2016-02-25,1248357351.28,216135,6480650000.0,425.04,70798000.0,3875.0,45.89148285,525418,1.63491654909e+11,377138,100.150802321,0.0001,
2016-02-26,1284890353.7,203495,6476080000.0,424.63,61486000.0,3500.0,42.35918186,474690,1.63491654909e+11,339298,97.6227257484,0.0001,
2016-02-27,923906631.806,182030,6602810000.0,432.84,41893600.0,3675.0,37.33826946,475497,1.63491654909e+11,348309,63.0156866304,0.0001,
2016-02-28,3570675382.49,233302,6600310000.0,432.57,53033400.0,3350.0,44.48851907,488866,1.63491654909e+11,355716,155.318052139,0.0001,
2016-02-29,4191509716.22,265187,6614980000.0,433.44,60694700.0,3325.0,55.28146424,562749,1.63491654909e+11,410129,209.07841379,0.0001,
2016-03-01,4676165059.25,276953,6684800000.0,437.92,74895800.0,3525.0,60.06599979,564999,1.63491654909e+11,423235,183.70744,0.0001,
2016-03-02,2365926819.71,270049,6643810000.0,435.13,74955300.0,3925.0,92.15325496,557805,1.63491654909e+11,398017,162.8648077,0.0001,
2016-03-03,1397604486.92,221517,6474150000.0,423.91,100484000.0,3375.0,56.09368275,567272,1.63491654909e+11,428846,100.27157814,0.0001,
2016-03-04,3069214160.55,207330,6443890000.0,421.84,90856100.0,3875.0,51.56297271,526449,1.63328285517e+11,332949,90.9805655752,0.000113,
2016-03-05,7895447566.07,234842,6276610000.0,410.78,135385000.0,3750.0,62.07709524,520928,1.58427203767e+11,362329,171.968676301,0.00013281,
2016-03-06,738462152.392,161591,6121400000.0,400.52,91212500.0,3700.0,39.12461422,417387,1.58427203767e+11,328199,54.83178878,0.000113,
2016-03-07,1108791483.83,183122,6233430000.0,407.76,85762400.0,3325.0,43.73955784,409455,1.58427203767e+11,287734,75.6399774672,0.00011087,
2016-03-08,863096303.791,200144,6337370000.0,414.46,70311700.0,3850.0,44.92403847,465717,1.58427203767e+11,349910,79.99078,0.0001,
2016-03-09,779524606.431,190220,6330230000.0,413.89,70012300.0,4200.0,54.68048263,510618,1.58427203767e+11,306050,78.6798640261,0.00010032,
2016-03-10,896628156.104,188571,6344960000.0,414.74,81022900.0,3875.0,41.07926816,440705,1.58427203767e+11,327181,59.9205319916,0.00010036,
2016-03-11,898652016.175,189656,6384740000.0,417.24,73969700.0,4000.0,39.76764706,424621,1.58427203767e+11,314803,67.5385470072,0.0001,
2016-03-12,705781289.597,167869,6453260000.0,421.61,92712900.0,3600.0,34.40586731,376520,1.58427203767e+11,266308,66.2383671215,0.0001,
2016-03-13,619961779.213,149670,6302330000.0,411.65,74322800.0,3325.0,35.80250793,426291,1.58427203767e+11,329840,53.5145,0.0001,
2016-03-14,866668882.8,191189,6342780000.0,414.2,95259400.0,3800.0,41.05698574,456138,1.58427203767e+11,332528,68.39966256,0.0001,
2016-03-15,1212820646.42,202265,6377870000.0,416.39,66781700.0,4025.0,42.88754793,448952,1.58427203767e+11,321245,69.371906448,0.0001,
2016-03-16,5463382217.86,211840,6387190000.0,416.89,65185800.0,3800.0,47.99646002,446561,1.58427203767e+11,307996,106.487300783,0.000101,
2016-03-17,3201345060.47,208178,6404130000.0,417.89,83528600.0,3525.0,46.32816082,477267,1.58427203767e+11,345877,85.3280188475,0.0001,
2016-03-18,2054673742.67,205886,6446330000.0,420.55,104940000.0,3400.0,42.894972,437659,1.62377880111e+11,318333,71.1074897715,0.0001,
2016-03-19,814812004.491,177342,6274790000.0,409.26,58423000.0,3400.0,34.35487023,423218,1.65496835118e+11,330244,57.6679998948,0.0001,
2016-03-20,665740962.96,177997,6293610000.0,410.4,45947900.0,3650.0,33.74667059,437424,1.65496835118e+11,361270,61.47792,0.0001,
2016-03-21,715468686.186,198867,6341380000.0,413.42,61655400.0,3475.0,41.13390235,437620,1.65496835118e+11,336467,61.0934877728,0.0001,
2016-03-22,788663875.929,205060,6338430000.0,413.13,66813300.0,3700.0,42.63768215,464583,1.65496835118e+11,368109,53.8419852474,0.0001,
2016-03-23,709989048.798,186659,6417130000.0,418.16,61444200.0,3725.0,38.35156743,432360,1.65496835118e+11,316412,53.244772776,0.0001,
2016-03-24,823742620.412,189947,6422730000.0,418.42,68346700.0,3675.0,38.50255692,428038,1.65496835118e+11,300116,62.721158,0.0001,
2016-03-25,757896548.511,172163,6394850000.0,416.51,52560000.0,3650.0,32.7033762,400112,1.65496835118e+11,292206,53.31328,0.0001,
2016-03-26,544253382.683,158896,6409500000.0,417.37,44650400.0,3825.0,35.8323759,457009,1.65496835118e+11,301235,43.47868501,0.0001,
2016-03-27,653833359.003,160125,6423040000.0,418.14,71229400.0,3525.0,31.75097348,425281,1.65496835118e+11,306475,49.0762847898,0.0001,
2016-03-28,730937820.437,195910,6553700000.0,426.55,68522800.0,4249.99752775,46.15473942,516152,1.65496835118e+11,325526,51.1150263455,0.0001,
2016-03-29,696580587.022,197252,6521010000.0,424.3,75411500.0,3925.0,57.79052183,668735,1.65496835118e+11,346526,51.760726141,0.0001,
2016-03-30,686395592.84,200881,6407840000.0,416.83,66034100.0,3675.0,45.75345212,480367,1.65496835118e+11,307952,51.892583922,0.0001,
2016-03-31,702407428.579,206352,6385140000.0,415.26,60215200.0,3100.0,45.74989907,419593,1.65496835118e+11,297894,55.9205435718,0.0001,
2016-04-01,747129154.775,211769,6409540000.0,416.76,51235700.0,3825.0,53.2276954,505319,1.66523911374e+11,356601,55.4232787008,0.0001,
2016-04-02,634937813.983,183364,6436700000.0,418.42,45681200.0,3475.0,49.66375403,477457,1.66851513283e+11,316984,41.842,0.0001,
2016-04-03,567271485.003,178287,6480470000.0,421.17,38053700.0,3550.0,43.58224685,466510,1.66851513283e+11,344161,42.3669601833,0.0001,
2016-04-04,700639445.573,208763,6483910000.0,421.3,50634300.0,4150.0,45.08180774,487367,1.66851513283e+11,367200,50.462821079,0.0001,
2016-04-05,699882106.667,216021,6481350000.0,421.02,60718000.0,3875.0,47.92742177,460775,1.66851513283e+11,335433,50.0587390944,0.0001,
2016-04-06,731657944.55,219133,6533260000.0,424.28,59091000.0,3925.0,58.44875393,479006,1.66851513283e+11,369383,53.0745047108,0.0001,
2016-04-07,831336787.011,218324,6524680000.0,423.62,57858600.0,3475.0,44.73522886,446278,1.66851513283e+11,339529,52.8973065502,0.0001,
2016-04-08,738129550.044,214047,6515190000.0,422.91,63454700.0,3600.0,43.53738918,440786,1.66851513283e+11,343092,48.6872261712,0.0001,
2016-04-09,682919342.94,196279,6484410000.0,420.81,49792700.0,4050.0,36.54361898,423711,1.66851513283e+11,328672,41.7668022135,0.0001,
2016-04-10,610602480.581,186781,6467330000.0,419.59,73478600.0,4325.0,33.25339902,435519,1.66851513283e+11,354906,35.4060783504,0.0001,
2016-04-11,661167366.059,229887,6504290000.0,421.87,50747500.0,3825.0,50.11203705,477742,1.66851513283e+11,368573,42.5148056461,0.0001,
2016-04-12,916085726.102,240058,6520870000.0,422.84,70728800.0,3700.0,50.75962758,511761,1.66851513283e+11,393242,43.8387107972,0.0001,
2016-04-13,954950064.844,223342,6565470000.0,425.63,69060400.0,4100.0,45.74314812,495154,1.66851513283e+11,354490,50.691851992,0.0001,
2016-04-14,805617891.962,227764,6541030000.0,423.94,45281000.0,4099.99823924,44.86496577,470246,1.74495660876e+11,373927,48.0472399,0.0001,
2016-04-15,877715402.822,212039,6550350000.0,424.43,54801500.0,3475.0,44.67354732,436767,1.78678307672e+11,341177,49.8959908,0.0001,
2016-04-16,1038063387.13,181866,6631310000.0,429.57,39392800.0,3450.0,34.12321152,409222,1.78678307672e+11,302587,53.5609225629,0.0001,
2016-04-17,860954215.017,192270,6649170000.0,430.64,52125900.0,3950.0,34.28061725,478093,1.78678307672e+11,372032,54.6250734064,0.0001,
2016-04-18,839859196.62,220261,6604150000.0,427.61,55670900.0,3350.0,47.33042977,478493,1.78678307672e+11,362862,48.8624217026,0.0001,
2016-04-19,913529723.96,226361,6622450000.0,428.7,52810500.0,3750.0,43.48327587,480065,1.78678307672e+11,363692,49.668221712,0.0001,
2016-04-20,960136888.125,216615,6726370000.0,435.32,72890100.0,4125.0,43.21507171,465440,1.78678307672e+11,338682,51.1160275036,0.0001,
2016-04-21,1124131225.25,212644,6822320000.0,441.42,68204700.0,3775.0,42.82120266,477575,1.78678307672e+11,368680,49.88399136,0.0001,
2016-04-22,1056248536.51,210833,6951860000.0,449.69,58804400.0,3575.0,42.68874359,440135,1.78678307672e+11,319358,50.53571251,0.0001,
2016-04-23,856224774.903,185072,6894280000.0,445.86,50485400.0,3600.0,33.15097021,434758,1.78678307672e+11,351988,46.8835032042,0.0001,
2016-04-24,763874515.002,183023,6968570000.0,450.56,68198400.0,3300.0,33.26865456,457552,1.78678307672e+11,358712,42.217472,0.0001,
2016-04-25,1042597950.9,217437,7102490000.0,459.12,87091800.0,3175.0,43.29847026,495022,1.78678307672e+11,369374,59.6856,0.0001,
2016-04-26,1154154861.41,250593,7143060000.0,461.65,78971900.0,3774.99917564,337.75639818,524750,1.78678307672e+11,404877,65.36668544,0.0001,
2016-04-27,1034272398.69,239306,7216190000.0,466.26,93564900.0,3225.0,46.11149971,471935,1.78678307672e+11,347789,59.2781842422,0.0001,
2016-04-28,1042584437.5,247822,6889170000.0,445.04,74064700.0,3375.0,49.62034503,460497,1.7866617218e+11,374683,49.755472,0.0001,
2016-04-29,941201148.962,261726,6958330000.0,449.41,49258500.0,3950.0,49.9195874,516695,1.78659257773e+11,458637,48.5903979522,0.0001,
2016-04-30,786912843.197,215566,7049460000.0,455.18,69322600.0,3650.0,40.87923127,440383,1.78659257773e+11,381336,45.538756208,0.0001,
2016-05-01,768827843.412,191275,6947430000.0,448.48,40660100.0,3875.0,34.50281105,431043,1.78659257773e+11,370939,40.3632,0.0001,
2016-05-02,974922304.031,223628,7002610000.0,451.93,92127000.0,3925.0,45.13159943,483655,1.78659257773e+11,376306,50.1792928269,0.0001,
2016-05-03,904119923.367,235458,6892690000.0,444.73,59366400.0,3775.0,44.86828296,466136,1.78659257773e+11,335488,66.7095,0.0001,
2016-05-04,907818698.908,233524,6978950000.0,450.18,50407300.0,4174.99804871,47.17178574,499193,1.78659257773e+11,371290,57.3694896204,0.0001,
2016-05-05,878294903.702,229418,6926990000.0,446.71,50440800.0,3875.0,44.25619976,457956,1.78659257773e+11,340148,59.7340612,0.0001,
2016-05-06,909072774.767,233070,6947800000.0,447.94,72796800.0,4050.0,44.519552,454721,1.78659257773e+11,339186,57.5426769992,0.0001,
2016-05-07,802155146.209,201912,7131120000.0,459.64,38364500.0,3750.0,37.61683514,419100,1.78659257773e+11,307293,45.2451965824,0.0001,
2016-05-08,678894241.408,188857,7114060000.0,458.43,40315000.0,4200.0,34.73771327,440127,1.78659257773e+11,338194,46.2074931087,0.0001,
2016-05-09,798761726.14,226278,7112510000.0,458.21,55493100.0,4275.0,40.4654474,485976,1.78659257773e+11,371297,55.5804835215,0.0001,
2016-05-10,907246767.598,245563,7150370000.0,460.52,58956100.0,3950.0,48.10185732,495896,1.78659257773e+11,369310,54.3502388256,0.0001,
2016-05-11,1031367419.37,234279,7002230000.0,450.86,50605200.0,3325.0,45.88566709,471725,1.90502504491e+11,343497,51.6482086882,0.0001,
2016-05-12,948140245.971,228270,7028330000.0,452.45,59849300.0,3475.0,46.75238994,453620,1.94254820283e+11,334723,45.918924275,0.0001,
2016-05-13,1038838445.27,231994,7067270000.0,454.85,60845000.0,3800.0,47.58216903,459124,1.94254820283e+11,361192,50.1090051,0.0001,
2016-05-14,778016631.805,211136,7084100000.0,455.82,37209000.0,3600.0,48.00318276,459068,1.94254820283e+11,365012,38.3618294328,0.0001,
2016-05-15,846864351.311,200032,7084760000.0,455.76,28514000.0,3475.0,45.61359577,424165,1.94254820283e+11,363725,41.6838460608,0.0001,
2016-05-16,1082641015.54,239668,7114740000.0,457.59,59171500.0,3525.0,60.51568467,511728,1.94254820283e+11,444992,45.759,0.0001001,
2016-05-17,1048150432.75,238485,7060730000.0,454.01,64100300.0,3525.0,58.4408726,479751,1.94254820283e+11,415747,50.0827329596,0.00010861,
2016-05-18,908046008.495,234930,7057390000.0,453.69,86850100.0,3825.0,58.26811656,511106,1.94254820283e+11,490498,47.9956790871,0.0001085,
2016-05-19,956906719.92,219025,7072090000.0,454.52,96027400.0,3000.0,54.98968957,460727,1.94254820283e+11,361293,48.8690495436,0.00011552,
2016-05-20,703356967.718,209247,6813080000.0,437.79,81987900.0,3725.0,51.58622819,444375,1.94254820283e+11,323312,43.524381336,0.00011568,
2016-05-21,550063092.014,191320,6895230000.0,442.97,42762300.0,3525.0,56.82664163,503204,1.94254820283e+11,336555,36.6722504137,0.00010797,
2016-05-22,521740285.248,184164,6900700000.0,443.22,39657600.0,4600.0,43.20770201,445657,1.94254820283e+11,320191,35.6692951686,0.00010453,
2016-05-23,710821218.359,222574,6842470000.0,439.35,50582500.0,4500.0,54.73645083,516632,1.94254820283e+11,385755,43.495606065,0.00010459,
2016-05-24,831273004.682,246370,6921460000.0,444.29,65783100.0,3675.0,59.53134626,515910,1.94770865921e+11,393597,41.496686,0.00010554,
2016-05-25,1238433007.33,247703,6950690000.0,446.06,65231000.0,3450.0,59.87550803,492139,1.99312067531e+11,362074,49.645318244,0.0001157,
2016-05-26,1362798756.34,219956,7008500000.0,449.67,65203800.0,3375.0,55.65651605,460231,1.99312067531e+11,323213,54.0306024804,0.0001145,
2016-05-27,1654998779.96,215157,7070010000.0,453.52,164781000.0,3475.0,70.89209327,529637,1.99312067531e+11,368164,56.2914556944,0.0001356,
2016-05-28,1515561762.07,192921,7375780000.0,473.03,181199000.0,3325.0,52.34180926,482086,1.99312067531e+11,342374,61.5375039054,0.00013145,
2016-05-29,1093932146.56,178595,8226500000.0,527.48,148737000.0,3675.0,47.98546674,427912,1.99312067531e+11,317336,53.2196356924,0.0001243,
2016-05-30,892796952.028,211224,8243960000.0,528.47,87958700.0,3600.0,57.85196125,548662,1.99312067531e+11,390992,52.847,0.00011604,
2016-05-31,1109624234.33,215122,8335100000.0,534.19,138450000.0,3175.0,52.33924442,477711,1.99312067531e+11,337929,65.4095409199,0.00011613,
2016-06-01,923583981.1,234241,8288680000.0,531.11,86061800.0,3575.0,56.18497783,508356,1.99312067531e+11,376644,52.7978256774,0.0001162,
2016-06-02,1000924220.53,230961,8375000000.0,536.51,60378200.0,3450.0,58.53519721,478409,1.99312067531e+11,348899,47.4285892106,0.00011978,
2016-06-03,798923574.095,234527,8395070000.0,537.68,122020000.0,3550.0,54.69656979,496183,1.99312067531e+11,359476,48.7920243096,0.00011635,
2016-06-04,656646732.784,196546,8897080000.0,569.71,94925300.0,2975.0,46.44371282,447527,1.99312067531e+11,343587,40.2497950102,0.00010568,
2016-06-05,809195177.531,189632,8955060000.0,573.31,68874100.0,4250.0,44.16827831,463369,1.99312067531e+11,342722,48.1536599116,0.00010752,
2016-06-06,895829405.891,221001,8977700000.0,574.6,72138900.0,4250.0,52.13956486,511064,1.99312067531e+11,381821,57.46,0.00010586,
2016-06-07,996832423.085,230876,9149580000.0,585.45,107770000.0,3500.0,52.51815706,510791,1.99312067531e+11,376747,59.6235218445,0.00010596,
2016-06-08,954914184.119,229789,9022250000.0,577.17,80265800.0,3600.0,50.40981971,482261,1.96422606561e+11,345232,63.7598256075,0.00010756,
2016-06-09,993267837.837,236188,9103080000.0,582.2,71301000.0,4125.0,53.21550949,525140,1.9606142394e+11,399232,62.185637834,0.00010739,
2016-06-10,1106143718.59,228223,9005920000.0,575.84,66991900.0,3600.0,52.81223012,506021,1.9606142394e+11,386883,68.692500648,0.00010726,
2016-06-11,910035071.251,213003,9052360000.0,578.67,82357000.0,3900.0,46.24529278,466112,1.9606142394e+11,360436,50.7609150399,0.000104,
2016-06-12,1476200785.95,210565,9539850000.0,609.68,277085000.0,3650.0,52.42482099,519556,1.9606142394e+11,396072,52.249576,0.0001,
2016-06-13,1529057868.06,251193,10511900000.0,671.65,243295000.0,4025.0,63.87453511,577587,1.9606142394e+11,406880,67.165,0.00010765,
2016-06-14,1359237370.55,246697,11028900000.0,704.5,186694000.0,3300.0,69.04509389,526645,1.9606142394e+11,341028,68.513787425,0.00014941,
2016-06-15,1278625372.36,259050,10736600000.0,685.68,99223800.0,3800.0,83.38614703,594513,1.9606142394e+11,408967,68.6846615952,0.00017363,
2016-06-16,1524462022.61,267721,10908900000.0,696.52,271634000.0,3725.0,82.29665972,582328,1.9606142394e+11,435350,69.3277490444,0.00015983,
2016-06-17,1654257032.64,253603,12038900000.0,768.49,363321000.0,3725.0,78.90209509,586166,1.9606142394e+11,412953,71.0236844171,0.00015975,
2016-06-18,1360089439.56,235159,11732600000.0,748.76,252718000.0,3950.0,70.57830565,561728,1.9606142394e+11,396394,53.8293148128,0.00015972,
2016-06-19,1192420627.19,218121,11859800000.0,756.69,136185000.0,4425.0,63.14349102,514944,1.9606142394e+11,384508,52.5665051769,0.0001808,
2016-06-20,1552214351.24,249170,11976700000.0,763.93,174511000.0,4100.0,76.7711358,563282,1.9606142394e+11,444011,69.7465950996,0.0001808,
2016-06-21,1663725399.43,248015,11540000000.0,735.88,309944000.0,3725.0,76.28917579,592437,2.06307449112e+11,417208,86.8923718952,0.00014106,
2016-06-22,1456923306.45,235512,10445300000.0,665.91,266393000.0,3225.0,78.85018659,546794,2.09453158595e+11,352988,72.6328147482,0.0001784,
2016-06-23,1558061842.27,241160,9373190000.0,597.44,253462000.0,3500.0,75.30395381,549165,2.09453158595e+11,398689,75.243296304,0.00015969,
2016-06-24,1468796194.19,237496,9816730000.0,625.58,224317000.0,3225.0,74.11847429,547545,2.09453158595e+11,383584,74.368762726,0.00017304,
2016-06-25,1063202322.56,206757,10442000000.0,665.28,126656000.0,4050.0,60.99766676,529844,2.09453158595e+11,371129,55.1784096864,0.00015948,
2016-06-26,889821585.811,181202,10454900000.0,665.93,109225000.0,3650.0,54.30478358,501782,2.09453158595e+11,352788,55.308949336,0.00015,
2016-06-27,1019435506.05,216882,9882840000.0,629.35,122134000.0,3675.0,61.78464957,483625,2.09453158595e+11,334642,64.726268557,0.00015,
2016-06-28,946200215.321,212459,10336800000.0,658.1,138385000.0,3700.0,58.37675619,541226,2.09453158595e+11,370951,75.937349537,0.0001356,
2016-06-29,889860092.197,223966,10119600000.0,644.12,142456000.0,3650.0,61.68595835,466288,2.09453158595e+11,310756,69.9666267908,0.0001356,
2016-06-30,978376302.3,231810,10066400000.0,640.59,138980000.0,3750.0,62.5040288,506973,2.09453158595e+11,349272,81.3417722814,0.0001356,
2016-07-01,1057246931.11,205646,10570600000.0,672.51,134431000.0,3875.0,57.69296304,494905,2.09453158595e+11,305097,89.5353922365,0.0001336,
2016-07-02,997731337.342,198726,10639600000.0,676.73,112354000.0,3725.0,52.92652832,446260,2.09453158595e+11,299987,60.813935412,0.0001356,
2016-07-03,914960533.361,176973,11086100000.0,704.97,129512000.0,3850.0,45.47185343,429466,2.09453158595e+11,312465,62.205777333,0.00013086,
2016-07-04,1221642264.93,213749,10362700000.0,658.8,92008400.0,3775.0,55.14588726,504550,2.09557682218e+11,360232,68.111731116,0.00012736,
2016-07-05,1072716732.4,214814,10749100000.0,683.21,130476000.0,3625.0,55.87364447,488121,2.13398925331e+11,335337,76.1228004493,0.0001295,
2016-07-06,975621085.828,214551,10550300000.0,670.42,134961000.0,3500.0,55.67845334,465240,2.13398925331e+11,329240,67.578336,0.00013152,
2016-07-07,1470157970.31,215411,10673400000.0,678.09,258091000.0,3425.0,56.50728572,467526,2.13398925331e+11,312711,74.6281307142,0.00013142,
2016-07-08,1030043943.33,210556,10086900000.0,640.69,141970000.0,3625.0,57.25884524,463200,2.13398925331e+11,342833,64.004931,0.0001309,
2016-07-09,891363971.504,185256,10493800000.0,666.38,180536000.0,3125.0,47.40040469,438235,2.13398925331e+11,320523,50.9925371098,0.0001344,
2016-07-10,702004851.791,162452,10247300000.0,650.6,102532000.0,1950.0,38.56114004,400076,2.13398925331e+11,282339,51.91788,0.0001309,
2016-07-11,941483459.301,217946,10215200000.0,648.48,107910000.0,1787.5,57.33521701,492779,2.13398925331e+11,349845,61.2740581152,0.00013441,
2016-07-12,1011997755.37,218891,10213100000.0,648.28,138173000.0,1787.5,51.17140866,476759,2.13398925331e+11,324416,64.763172,0.00012,
2016-07-13,941042670.733,216374,10474500000.0,664.8,131449000.0,1612.5,53.18160911,452818,2.13398925331e+11,309767,62.673202296,0.0001344,
2016-07-14,824246279.947,217554,10288400000.0,652.92,98511400.0,1762.5,57.48641729,475270,2.13398925331e+11,317007,56.8889196,0.0001304,
2016-07-15,1427068810.53,215946,10387900000.0,659.17,81673100.0,1687.5,55.22548963,452552,2.13398925331e+11,314954,63.996640039,0.000132,
2016-07-16,865858013.996,182035,10461700000.0,663.78,50330200.0,1962.5,50.67563958,467772,2.13398925331e+11,309548,51.2015464896,0.00012778,
2016-07-17,1022165507.69,170864,10434700000.0,661.99,74407900.0,1862.5,47.87291321,434166,2.13398925331e+11,297316,49.7497202223,0.0001287,
2016-07-18,955230974.591,222687,10716800000.0,679.81,69465000.0,1850.0,59.07113707,496566,2.13402086675e+11,342735,55.3816189992,0.0001356,
2016-07-19,987136987.572,222018,10606500000.0,672.74,61203300.0,1600.0,61.86165427,468926,2.13492501108e+11,325563,60.1998092574,0.0001356,
2016-07-20,1000388380.67,227279,10608600000.0,672.81,94636400.0,1875.0,64.19434833,477671,2.13492501108e+11,324537,59.365592193,0.00013553,
2016-07-21,937208744.055,217473,10490300000.0,665.23,60491800.0,1662.5,60.4162541,446246,2.13492501108e+11,326996,59.2712878562,0.00013692,
2016-07-22,992257585.219,221275,10486600000.0,664.92,134169000.0,1612.5,65.19185579,467862,2.13492501108e+11,321614,57.6989183916,0.000158,
2016-07-23,731353712.255,195665,10263700000.0,650.73,69532200.0,1637.5,60.03161359,447396,2.13492501108e+11,300032,47.5656624705,0.000158,
2016-07-24,898701310.775,183766,10338600000.0,655.41,118184000.0,1550.0,50.9057638,433804,2.13492501108e+11,310837,48.6678431337,0.00014241,
2016-07-25,786295133.692,239584,10431900000.0,661.26,78176500.0,1637.5,69.72168119,498664,2.13492501108e+11,354167,58.455384,0.0001582,
2016-07-26,1084170331.16,237544,10321900000.0,654.23,225135000.0,1612.5,70.79427446,507457,2.13492501108e+11,362849,65.423,0.0001582,
2016-07-27,1150992411.41,235475,10281900000.0,651.63,147461000.0,1600.0,74.91411699,477076,2.13492501108e+11,310651,62.304559842,0.00017309,
2016-07-28,1062365437.15,234727,10328100000.0,654.49,86428400.0,1700.0,71.63045994,494972,2.13492501108e+11,351958,60.4432837677,0.0001598,
2016-07-29,957964059.734,231267,10338900000.0,655.11,60703500.0,1837.5,72.26700639,465294,2.13492501108e+11,303700,55.2241679805,0.00017282,
2016-07-30,538798107.529,199365,10370100000.0,657.01,38456100.0,1487.5,65.72047583,450533,2.13492501108e+11,333181,43.6883661374,0.00018612,
2016-07-31,795458091.839,192100,10340900000.0,655.1,110818000.0,1925.0,72.5596168,492077,2.13492501108e+11,299625,52.874863566,0.0002,
2016-08-01,741449314.399,224896,9860620000.0,624.6,121887000.0,1912.5,73.17800941,515927,2.13492501108e+11,359954,64.60294014,0.0001808,
2016-08-02,1535706766.69,250944,9574320000.0,606.4,330933000.0,1925.0,81.38920804,538166,2.10856298777e+11,350273,79.875881216,0.00019728,
2016-08-03,830843524.079,241616,8663670000.0,548.66,207982000.0,2075.0,75.68290751,517165,2.01893210853e+11,369177,69.59368038,0.00017856,
2016-08-04,1206258365.09,231682,8943870000.0,566.33,125292000.0,1912.5,69.53744777,488412,2.01893210853e+11,323249,66.987268023,0.0001808,
2016-08-05,953974244.249,228075,9133690000.0,578.28,66127900.0,2112.5,74.55527344,477072,2.01893210853e+11,326132,63.2328535404,0.00016435,
2016-08-06,556750902.799,195503,9083510000.0,575.03,80797300.0,2075.0,59.68826373,425211,2.01893210853e+11,309532,54.756024187,0.0001356,
2016-08-07,603724252.325,192266,9285940000.0,587.77,82398400.0,1850.0,66.98389239,447578,2.01893210853e+11,304386,49.01825469,0.0001792,
2016-08-08,658331753.517,235147,9365440000.0,592.74,61194100.0,1850.0,86.44357031,530901,2.01893210853e+11,363719,50.2039399392,0.000187,
2016-08-09,925809743.458,231276,9339660000.0,591.04,92228100.0,1550.0,74.29724567,491165,2.01893210853e+11,325962,64.3688838432,0.00019009,
2016-08-10,906336395.19,244589,9286960000.0,587.65,102905000.0,1887.5,75.53269014,531356,2.01893210853e+11,362895,58.17735,0.00018944,
2016-08-11,783284715.173,254365,9358770000.0,592.12,74514400.0,1875.0,79.92226711,531345,2.01893210853e+11,372592,55.06716,0.0002,
2016-08-12,830142739.401,232824,9307250000.0,588.8,69218000.0,1862.5,70.76200713,491194,2.01893210853e+11,336194,58.88,0.00018272,
2016-08-13,607966260.994,214406,9285530000.0,587.36,43563000.0,2037.5,62.74827301,455323,2.01893210853e+11,317650,44.052,0.00016816,
2016-08-14,586428340.906,200011,9258730000.0,585.59,60851100.0,2037.5,61.62650466,455991,2.01893210853e+11,331223,45.2657380783,0.00018078,
2016-08-15,854450706.149,202750,9021180000.0,570.49,57262300.0,1825.0,68.34053066,500686,2.03483855227e+11,298444,70.0254910478,0.0001808,
2016-08-16,1037453247.71,254296,8970770000.0,567.24,58405200.0,1687.5,83.09112751,537436,2.17375482757e+11,353572,59.72682675,0.0001944,
2016-08-17,810158514.031,237880,9138030000.0,577.76,54443000.0,1537.5,73.73160399,523675,2.17375482757e+11,345863,63.7556773376,0.0001808,
2016-08-18,970345701.658,239387,9074760000.0,573.71,59896600.0,1925.0,76.47075341,528979,2.17375482757e+11,337967,68.78037077,0.0001808,
2016-08-19,854045658.641,245941,9085820000.0,574.34,50631600.0,1925.0,80.79961253,508749,2.17375482757e+11,330524,63.7143274924,0.0002,
2016-08-20,907560200.36,208069,9114500000.0,576.08,45301400.0,1937.5,61.21304534,495671,2.17375482757e+11,344192,57.69786848,0.00018144,
2016-08-21,555942850.703,184741,9208210000.0,581.94,38299400.0,2037.5,50.66277505,446866,2.17375482757e+11,313889,56.4078748356,0.00016624,
2016-08-22,944043919.649,228215,9199410000.0,581.31,72844000.0,1975.0,65.77382642,526727,2.17375482757e+11,346830,79.9435009431,0.00017,
2016-08-23,1013981529.17,238874,9286930000.0,586.77,85349200.0,1837.5,67.65790776,512461,2.17375482757e+11,321636,76.514808,0.0001808,
2016-08-24,1047184293.5,234978,9234800000.0,583.41,56328200.0,1900.0,64.62449049,513945,2.17375482757e+11,347383,64.254210396,0.0001808,
2016-08-25,997167143.723,233879,9184700000.0,580.18,136130000.0,1625.0,64.61425534,489493,2.17375482757e+11,332101,61.2036697494,0.00018525,
2016-08-26,987897762.846,226635,9147170000.0,577.75,48856800.0,1650.0,62.44953714,483713,2.17375482757e+11,315995,69.33,0.0001808,
2016-08-27,681979421.733,190954,9174990000.0,579.45,59698300.0,1800.0,55.47429433,456265,2.17375482757e+11,309482,51.2308606995,0.0001582,
2016-08-28,564720786.373,174337,9023610000.0,569.83,86301600.0,1900.0,48.91366874,427997,2.17375482757e+11,281378,48.1841011159,0.0001563,
2016-08-29,741305846.884,225133,9091830000.0,574.07,110398000.0,1862.5,64.37949671,500187,2.18441791495e+11,305171,75.2068038631,0.00017636,
2016-08-30,738803446.897,251838,9093530000.0,574.11,70342400.0,2050.0,67.63053145,548999,2.2075590833e+11,372820,80.547633,0.00018078,
2016-08-31,797970080.938,225226,9149730000.0,577.59,75840900.0,1675.0,62.47730836,497980,2.2075590833e+11,309460,78.7286071065,0.0001582,
2016-09-01,754401013.692,237326,9118280000.0,575.55,76923400.0,1750.0,63.48703333,486458,2.2075590833e+11,314046,86.836509135,0.00017856,
2016-09-02,671066442.706,225703,9069550000.0,572.41,79910800.0,1912.5,57.33859607,477624,2.2075590833e+11,317245,85.6683974865,0.00016224,
2016-09-03,627491150.181,182078,9120440000.0,575.55,159014000.0,1575.0,51.54954056,464611,2.2075590833e+11,292214,63.322655616,0.00015,
2016-09-04,463127302.636,183065,9486370000.0,598.59,97942900.0,2237.5,46.63006916,438972,2.2075590833e+11,296474,51.014473596,0.00013658,
2016-09-05,807244172.304,227543,9652490000.0,608.99,82446800.0,1750.0,63.04984857,541919,2.2075590833e+11,362814,72.9550106027,0.0001582,
2016-09-06,736366604.889,231982,9614140000.0,606.51,78529100.0,1700.0,60.65357465,519346,2.2075590833e+11,370661,65.162767239,0.0001568,
2016-09-07,726473207.42,250657,9679610000.0,610.57,75032400.0,1900.0,63.76239601,525784,2.2075590833e+11,333948,66.9196381887,0.0001568,
2016-09-08,744055899.277,226862,9745120000.0,614.63,86713000.0,1800.0,59.60240707,500357,2.2075590833e+11,330545,61.7657913232,0.00015,
2016-09-09,838831072.235,220392,9931980000.0,626.35,64550200.0,1775.0,63.36822147,491674,2.2075590833e+11,305537,71.5114004505,0.00017025,
2016-09-10,616746335.625,193165,9878730000.0,622.93,45016800.0,1937.5,51.15995466,446010,2.2075590833e+11,288152,59.907489565,0.00015,
2016-09-11,601723148.949,180227,9887780000.0,623.42,73610800.0,2050.0,47.43305867,458631,2.2075590833e+11,314171,54.2597773914,0.00015,
2016-09-12,733054920.549,208486,9628560000.0,607.0,72812300.0,2037.5,55.92604475,510506,2.2458699148e+11,331206,64.87507347,0.00015,
2016-09-13,789806945.328,239721,9645930000.0,608.02,86920600.0,2062.5,68.05656902,530408,2.25832872179e+11,330126,82.32834008,0.0001808,
2016-09-14,727148369.744,231644,9660080000.0,608.84,47877700.0,1950.0,62.36523412,491556,2.25832872179e+11,312416,64.4350714768,0.00015,
2016-09-15,627338676.477,233334,9688940000.0,610.59,59464600.0,1925.0,59.69619981,494413,2.25832872179e+11,322380,70.4453375163,0.0001582,
2016-09-16,860449584.526,210989,9637020000.0,607.25,64963400.0,1737.5,63.99372021,474551,2.25832872179e+11,289107,65.4770895275,0.00017328,
2016-09-17,514053573.936,215366,9637600000.0,607.22,37140300.0,2037.5,57.63998368,509415,2.25832872179e+11,329223,51.4279939074,0.00015674,
2016-09-18,537106215.723,191458,9623950000.0,606.28,48679400.0,1812.5,53.0225757,463470,2.25832872179e+11,306040,48.6374428072,0.0001582,
2016-09-19,674813914.325,223407,9681960000.0,609.87,54796400.0,1662.5,66.12043758,505154,2.25832872179e+11,323072,65.7278610372,0.0001792,
2016-09-20,940651535.167,244164,9673140000.0,609.25,72710900.0,1887.5,68.36086914,533341,2.25832872179e+11,350746,67.5471393025,0.0001808,
2016-09-21,778532587.256,239050,9584260000.0,603.59,82776200.0,2075.0,64.96509855,514307,2.25832872179e+11,344331,63.727152918,0.00017631,
2016-09-22,967684586.43,231086,9485280000.0,597.28,67085300.0,1762.5,62.72699094,496593,2.25832872179e+11,310269,60.848318096,0.00017739,
2016-09-23,845876916.341,223051,9469130000.0,596.2,51067000.0,1700.0,60.05767564,488936,2.25832872179e+11,299889,77.237012446,0.00015975,
2016-09-24,612596897.56,208484,9577520000.0,602.96,35359500.0,2075.0,58.95425424,473858,2.25832872179e+11,299924,54.0545741224,0.0001808,
2016-09-25,768873868.938,195457,9575360000.0,602.75,33977800.0,2312.5,49.59149659,465836,2.34736618674e+11,313603,56.5332184125,0.00015,
2016-09-26,1112203471.38,230616,9545830000.0,600.81,59153800.0,1912.5,60.52560461,540295,2.4122720023e+11,341570,81.2823352152,0.00015,
2016-09-27,729515147.015,240168,9661590000.0,608.02,49422400.0,2087.5,62.99270729,549579,2.4122720023e+11,340459,82.3884002956,0.00015,
2016-09-28,1243808817.08,234847,9634530000.0,606.24,48722600.0,1850.0,64.74431075,547163,2.4122720023e+11,343599,87.3304906608,0.0001582,
2016-09-29,815912621.297,242587,9616160000.0,605.02,55658600.0,1787.5,68.53955587,553367,2.4122720023e+11,353331,84.6176797362,0.0001582,
2016-09-30,1184556478.95,250801,9628250000.0,605.72,56122400.0,1775.0,68.45068728,559609,2.4122720023e+11,352391,86.435002274,0.0001582,
2016-10-01,719177196.737,213773,9696280000.0,609.93,56357000.0,1962.5,58.7351644,498339,2.4122720023e+11,317402,59.4735484833,0.0001582,
2016-10-02,581455200.474,192542,9761330000.0,613.95,39249800.0,1762.5,53.42262056,462255,2.4122720023e+11,294431,54.893453685,0.0001582,
2016-10-03,975534991.87,258654,9714980000.0,610.97,46798300.0,1887.5,75.23840275,628813,2.4122720023e+11,408770,67.130756429,0.00015913,
2016-10-04,902981767.923,264504,9733330000.0,612.05,49801600.0,1975.0,71.03602966,600999,2.4122720023e+11,385690,71.960603614,0.0001582,
2016-10-05,1020320666.97,266644,9705320000.0,610.22,68077500.0,2087.5,72.77844316,585521,2.4122720023e+11,380992,62.888144293,0.0001624,
2016-10-06,1108561462.26,274325,9742370000.0,612.47,56812100.0,2012.5,77.72649993,621273,2.4122720023e+11,434465,60.940765,0.0001582,
2016-10-07,1096656616.04,266181,9745740000.0,612.61,64071400.0,1787.5,72.05178137,577273,2.4122720023e+11,376502,64.1563480125,0.0001582,
2016-10-08,1176475219.19,250503,9822100000.0,617.34,42345900.0,2112.5,67.51007174,549445,2.50540187709e+11,367736,54.5830914972,0.0001582,
2016-10-09,1485852845.13,210388,9852480000.0,619.17,39243400.0,2000.0,58.27379152,509901,2.58522748405e+11,338385,52.4881492143,0.0001582,
2016-10-10,1307710358.84,222872,9816270000.0,616.82,67481100.0,1550.0,67.8353189,514281,2.58522748405e+11,306972,64.462501196,0.0001855,
2016-10-11,1405523878.11,263426,9855650000.0,619.24,103590000.0,1737.5,80.75501147,601465,2.58522748405e+11,375306,65.763288,0.0001808,
2016-10-12,1439377030.09,233296,10201000000.0,640.87,92370200.0,1800.0,68.31244694,544859,2.58522748405e+11,355397,87.7108973401,0.00016544,
2016-10-13,728992966.013,229575,10125100000.0,636.03,61620700.0,1600.0,67.12105979,547741,2.58522748405e+11,346101,89.0704616787,0.0001582,
2016-10-14,1109555867.87,239588,10141600000.0,637.01,58144600.0,1700.0,68.01350542,532160,2.58522748405e+11,397663,76.340425018,0.0001582,
2016-10-15,1900029523.21,210306,10195200000.0,640.31,39035400.0,1775.0,62.6006372,501726,2.58522748405e+11,349122,69.1819417795,0.00016301,
2016-10-16,1344328817.35,197746,10176800000.0,639.08,40298100.0,1625.0,57.54846761,482676,2.58522748405e+11,301115,63.793476864,0.0001808,
2016-10-17,971922249.104,237107,10221300000.0,641.82,58063600.0,1562.5,72.44112233,550541,2.58522748405e+11,321227,72.45120888,0.0001871,
2016-10-18,1319451990.01,251366,10184000000.0,639.41,65546700.0,1937.5,77.24037508,588298,2.58522748405e+11,353730,78.1509728937,0.00017632,
2016-10-19,1059075236.69,198958,10164800000.0,638.13,69381700.0,1562.5,62.38149631,459988,2.58522748405e+11,255431,79.1494782111,0.0001808,
2016-10-20,1330855789.84,270246,10046700000.0,630.66,56957300.0,1675.0,89.31863339,624199,2.58522748405e+11,369990,68.413176942,0.0002,
2016-10-21,1818169130.25,265191,10050300000.0,630.83,55951000.0,2050.0,76.08109984,584321,2.58522748405e+11,385394,77.9476447129,0.00018707,
2016-10-22,660101513.912,216559,10088400000.0,633.14,78556500.0,1862.5,66.62886636,524550,2.57535264828e+11,299538,67.8454652882,0.00018078,
2016-10-23,1053016968.95,191434,10479700000.0,657.62,54474600.0,1800.0,67.49823388,525340,2.53618246641e+11,293467,65.43319,0.00017792,
2016-10-24,2205048997.81,226837,10473500000.0,657.16,62218200.0,1787.5,81.14570038,581792,2.53618246641e+11,313970,88.5942499512,0.00018164,
2016-10-25,1825757880.73,236891,10424300000.0,654.0,90378800.0,1737.5,99.09135171,617973,2.53618246641e+11,331032,94.020675,0.0002,
2016-10-26,1248768996.72,223178,10484000000.0,657.68,88877100.0,1725.0,123.66682607,613898,2.53618246641e+11,288560,85.262029808,0.0002147,
2016-10-27,2115881835.58,326226,10812500000.0,678.21,96105300.0,2025.0,111.04197547,721678,2.53618246641e+11,441545,76.2206715426,0.0002,
2016-10-28,851011635.965,250724,10969800000.0,688.0,81145500.0,1900.0,82.18591551,570194,2.53618246641e+11,342180,78.94583968,0.0002057,
2016-10-29,852316194.066,229540,11007600000.0,690.29,134761000.0,1862.5,73.16334719,541665,2.53618246641e+11,324030,70.810431403,0.0002,
2016-10-30,811605302.424,207814,11388800000.0,714.12,100665000.0,2100.0,62.61635815,472384,2.53618246641e+11,268712,64.884514728,0.00018704,
2016-10-31,1042817379.46,241631,11207200000.0,702.64,97064400.0,1837.5,76.30761672,579849,2.53618246641e+11,373147,85.9137812712,0.0001806,
2016-11-01,1074766650.35,246506,11187700000.0,701.34,130527000.0,1800.0,78.88304167,602670,2.53618246641e+11,337197,88.4467027668,0.000178,
2016-11-02,3249668546.41,268285,11647200000.0,730.07,84865200.0,1662.5,79.52440935,585172,2.53618246641e+11,343942,81.713960834,0.00017328,
2016-11-03,4739231003.14,271843,11844300000.0,742.35,172808000.0,1937.5,78.9896584,593610,2.53618246641e+11,361902,83.103870297,0.0001677,
2016-11-04,3782596691.07,247927,10996400000.0,689.12,99907700.0,1450.0,84.33985522,547623,2.53618246641e+11,325188,79.3660675504,0.00019552,
2016-11-05,3888001885.45,238068,11227200000.0,703.52,53752300.0,1837.5,73.75387364,555971,2.53965858708e+11,353946,66.2798785008,0.00017714,
2016-11-06,3532314042.25,225633,11233000000.0,703.81,59902200.0,1912.5,70.81542827,519672,2.54620187304e+11,353245,67.9418831021,0.0001808,
2016-11-07,2888114580.4,274135,11344800000.0,710.74,65047100.0,1825.0,91.27487749,628572,2.54620187304e+11,386085,75.15044927,0.0001808,
2016-11-08,2194461543.75,295891,11224000000.0,703.09,79660800.0,2112.5,89.25535917,662890,2.54620187304e+11,411726,69.3876989876,0.00016104,
2016-11-09,1662165223.66,269948,11333000000.0,709.83,132429000.0,1837.5,83.73198606,614664,2.54620187304e+11,366946,83.6323480575,0.00016656,
2016-11-10,1100208691.21,271206,11542100000.0,722.84,68807800.0,2100.0,82.2928672,611576,2.54620187304e+11,370442,73.5061272732,0.0001582,
2016-11-11,808721476.713,254456,11427200000.0,715.55,63119700.0,2037.5,72.74402535,557455,2.54620187304e+11,334900,71.466057135,0.00015431,
2016-11-12,569464011.846,228718,11447700000.0,716.75,64622500.0,2100.0,65.89536127,572164,2.54620187304e+11,355763,67.1241893975,0.0001582,
2016-11-13,629169770.996,219515,11264500000.0,705.2,80318100.0,1775.0,62.67231406,539464,2.54620187304e+11,336432,60.08304,0.0001582,
2016-11-14,833792416.364,270334,11214600000.0,702.0,62993000.0,2150.0,79.42615064,633190,2.54620187304e+11,393206,72.85287204,0.0001582,
2016-11-15,1025963419.26,280196,11283400000.0,705.79,72038500.0,1950.0,81.45867865,653384,2.54620187304e+11,408849,75.2221524414,0.0001582,
2016-11-16,1154799573.53,289618,11370700000.0,711.17,141294000.0,2137.5,79.46533169,616360,2.54620187304e+11,378645,69.847490433,0.0001548,
2016-11-17,963383909.854,277301,11911300000.0,744.88,108579000.0,1987.5,89.03665576,627629,2.54620187304e+11,391396,74.3501525072,0.0001692,
2016-11-18,887066269.379,275777,11846000000.0,740.71,87363100.0,1850.0,83.54457183,625829,2.72434584596e+11,410851,73.953819678,0.00016523,
2016-11-19,712838231.727,249618,12025400000.0,751.83,110608000.0,1775.0,72.14751446,579057,2.81800917193e+11,392933,64.960292307,0.0001639,
2016-11-20,727438747.568,243463,12027500000.0,751.88,154116000.0,1600.0,72.95353104,579558,2.81800917193e+11,394133,56.938669392,0.00017296,
2016-11-21,957006824.473,285654,11698900000.0,731.26,60802400.0,1737.5,94.92004537,609893,2.81800917193e+11,426814,65.7085519412,0.0002,
2016-11-22,1008660076.53,285501,11834200000.0,739.64,129906000.0,1675.0,101.52105178,609321,2.81800917193e+11,450985,69.1507261324,0.0002057,
2016-11-23,1072285084.15,276777,12029000000.0,751.74,76543800.0,1837.5,108.95046532,646475,2.81800917193e+11,422174,70.5225035064,0.0002,
2016-11-24,1196039979.57,328376,11916500000.0,744.62,85919300.0,2025.0,135.86177837,735177,2.81800917193e+11,467803,67.002322378,0.00020628,
2016-11-25,924555579.144,315235,11851100000.0,740.44,67807600.0,1900.0,138.07167767,682916,2.81800917193e+11,407434,67.512504716,0.0002,
2016-11-26,705221277.361,277455,11869600000.0,741.51,54962700.0,1912.5,101.74634136,664484,2.81800917193e+11,398451,59.228926911,0.0002,
2016-11-27,541965439.935,237245,11773800000.0,735.44,52601800.0,1800.0,81.15381886,572082,2.81800917193e+11,351513,51.6056703576,0.0002,
2016-11-28,847352893.623,298366,11727800000.0,732.48,61888600.0,2050.0,109.57588157,709141,2.81800917193e+11,421349,73.8877553568,0.0002,
2016-11-29,873291396.29,289501,11790900000.0,736.33,68511100.0,1862.5,101.05426951,650263,2.81800917193e+11,394698,81.3056837761,0.0002,
2016-11-30,854344266.548,292512,11791600000.0,736.28,84070800.0,1775.0,99.56774283,637060,2.81800917193e+11,399858,77.5701388364,0.0002,
2016-12-01,915126255.305,239536,11949200000.0,746.05,80461900.0,1825.0,102.70561249,596125,2.81800917193e+11,322867,79.0300836675,0.00020173,
2016-12-02,1185588273.9,315335,12134800000.0,757.54,127605000.0,1787.5,120.59021932,732676,2.86175539942e+11,459814,85.450019599,0.00020565,
2016-12-03,717719190.572,287816,12467800000.0,778.25,69547300.0,2150.0,101.13526766,703995,2.86765766821e+11,410772,76.855409455,0.0002,
2016-12-04,585299984.021,245502,12363600000.0,771.64,60557900.0,1850.0,92.63816666,644845,2.86765766821e+11,337129,72.44464976,0.0002,
2016-12-05,1145587202.25,277849,12393100000.0,773.39,106363000.0,1900.0,106.12511446,670364,2.86765766821e+11,400596,91.235503537,0.0002034,
2016-12-06,1076275365.37,319612,12159400000.0,758.72,116218000.0,1875.0,119.47737538,748679,2.86765766821e+11,425901,85.9762232512,0.00020646,
2016-12-07,983940929.652,310580,12248900000.0,764.21,96426100.0,2175.0,107.59327335,768077,2.86765766821e+11,428678,89.656047306,0.0002,
2016-12-08,905673784.324,282554,12312500000.0,768.08,80111900.0,1962.5,96.23895714,651835,2.86765766821e+11,366982,89.74861184,0.0002,
2016-12-09,942759519.423,268680,12344000000.0,769.94,68705300.0,1687.5,96.30486037,616032,2.86765766821e+11,354402,89.7950532376,0.0002,
2016-12-10,731857052.41,250109,12394500000.0,773.02,53843100.0,1650.0,86.84229837,594520,2.86765766821e+11,341645,77.2517537,0.0002,
2016-12-11,639637501.294,229746,12423600000.0,774.75,57313400.0,2337.5,76.69390919,568515,2.86765766821e+11,346878,71.0465041275,0.000188,
2016-12-12,982912513.813,268506,12349800000.0,770.04,76571000.0,1950.0,93.1264006,637404,2.86765766821e+11,370447,86.8428318816,0.00019024,
2016-12-13,989225844.622,291579,12521500000.0,780.65,81645600.0,2225.0,97.65573127,663897,2.86765766821e+11,376475,86.1593646875,0.0002,
2016-12-14,1093081427.55,286189,12512900000.0,780.0,75979000.0,1737.5,94.82014754,619913,2.86765766821e+11,367637,82.7644584,0.0002,
2016-12-15,1378019466.83,282558,12511700000.0,780.07,81580100.0,1587.5,100.43219466,611935,3.08312273902e+11,353105,90.254099,0.0002034,
2016-12-16,1260363398.22,279228,12498800000.0,778.96,83608200.0,1662.5,97.57905572,638084,3.10153855703e+11,392053,81.6438725648,0.00020499,
2016-12-17,830427567.87,237986,12599600000.0,785.17,78989800.0,1800.0,81.36024503,585323,3.10153855703e+11,378490,71.634592365,0.0002,
2016-12-18,847570827.696,235648,12694800000.0,791.01,60524400.0,1762.5,80.81959375,565086,3.10153855703e+11,308901,84.7213000722,0.0002,
2016-12-19,1010832957.22,281978,12691100000.0,790.69,74886400.0,1887.5,103.96098767,659635,3.10153855703e+11,396734,93.306322278,0.0002,
2016-12-20,1135151273.67,296335,12717600000.0,792.25,99629300.0,1725.0,101.92528818,651525,3.10153855703e+11,382981,90.915441,0.0002,
2016-12-21,1956303665.41,325518,12853700000.0,800.64,155576000.0,1987.5,114.92502583,704306,3.10153855703e+11,404799,94.3279940736,0.0002,
2016-12-22,1423460531.89,314485,13393800000.0,834.18,200027000.0,1987.5,106.17675284,683218,3.10153855703e+11,399186,92.3531772594,0.0002,
2016-12-23,1659745294.68,304845,13888600000.0,864.89,275564000.0,1900.0,100.48771495,659622,3.10153855703e+11,399907,91.3658638919,0.0001865,
2016-12-24,1004518585.05,240683,14810300000.0,922.18,137727000.0,1712.5,83.58322018,550962,3.10153855703e+11,326360,79.8948256638,0.0002,
2016-12-25,736117254.317,197199,14450100000.0,899.65,143665000.0,2062.5,61.93750723,470730,3.10153855703e+11,275668,76.090273826,0.0001808,
2016-12-26,1004026648.46,244772,14407800000.0,896.9,123771000.0,1775.0,87.97239373,590003,3.10153855703e+11,351190,89.69,0.0002,
2016-12-27,1163839042.24,296390,14593300000.0,908.35,167308000.0,1950.0,99.53217417,647978,3.10153855703e+11,389388,92.4396638595,0.0002,
2016-12-28,1252602018.04,305230,15020500000.0,934.83,236630000.0,2050.0,104.35263976,660743,3.12083434212e+11,389297,94.5286540965,0.0002,
2016-12-29,1296395393.2,304455,15670000000.0,975.13,199320000.0,1875.0,107.23074067,654659,3.17688400354e+11,395960,97.317974,0.0002,
2016-12-30,1520337092.48,286661,15630200000.0,972.53,187474000.0,1962.5,100.318724,642264,3.17688400354e+11,407136,91.3052691031,0.0002,
2016-12-31,951822896.348,250125,15440700000.0,960.63,99135100.0,1850.0,82.32831226,571945,3.17688400354e+11,381008,87.5914634001,0.00018283,
2017-01-01,809195217.666,180346,15491200000.0,963.66,147775000.0,1950.0,65.07949883,463524,3.17688400354e+11,380094,65.7132570678,0.0001808,
2017-01-02,1181645491.34,290792,16055100000.0,998.62,222185000.0,1987.5,112.88414659,703956,3.17688400354e+11,488228,79.9352069754,0.0002,
2017-01-03,1589403428.06,301500,16426600000.0,1021.6,185168000.0,2050.0,117.50869676,654614,3.17688400354e+11,493467,87.01386056,0.0002,
2017-01-04,1804449495.57,328489,16795400000.0,1044.4,344946000.0,1912.5,193.3374362,696386,3.17688400354e+11,457639,91.360728144,0.000226,
2017-01-05,2513362691.41,288361,18604000000.0,1156.73,510199000.0,1750.0,114.99194252,651157,3.17688400354e+11,386539,115.094635,0.000226,
2017-01-06,1841992006.98,346244,16314100000.0,1014.24,351876000.0,2012.5,127.77072194,717134,3.17688400354e+11,448839,82.94353296,0.000226,
2017-01-07,1234847095.25,281922,14534400000.0,903.49,279550000.0,1725.0,106.3384173,645716,3.17688400354e+11,429648,69.6000901379,0.000226,
2017-01-08,794823595.281,259934,14611400000.0,908.17,158715000.0,2087.5,91.2413482,597145,3.17688400354e+11,377238,59.8140015204,0.0002034,
2017-01-09,1308931184.18,269811,14694900000.0,913.24,141877000.0,1700.0,102.04592665,611419,3.17688400354e+11,387166,77.7842307008,0.000226,
2017-01-10,1309714815.33,323728,14522600000.0,902.44,115808000.0,2000.0,119.94087094,701527,3.1948948152e+11,441222,68.0565379648,0.000226,
2017-01-11,2982663877.99,302905,14615700000.0,908.12,310929000.0,1912.5,111.82087465,638259,3.36899932796e+11,379465,85.9193491196,0.000227,
2017-01-12,1710580316.04,294953,12477600000.0,775.18,222326000.0,2150.0,105.50392824,623555,3.36899932796e+11,371770,73.6017596328,0.000226,
2017-01-13,1383434825.78,272597,12939100000.0,803.74,168968000.0,1875.0,96.9954013,591030,3.36899932796e+11,363032,78.9946133746,0.000224,
2017-01-14,713017924.041,242097,13285200000.0,825.14,93063300.0,2150.0,86.85666196,592806,3.36899932796e+11,352828,65.698265655,0.0002034,
2017-01-15,773921936.546,235832,13174300000.0,818.14,71013600.0,2087.5,82.22432059,551772,3.36899932796e+11,324717,56.5927318802,0.0002016,
2017-01-16,1059400535.04,267471,13234600000.0,821.78,82755200.0,2112.5,103.64270285,632449,3.36899932796e+11,366716,75.926514095,0.00021626,
2017-01-17,1236492478.96,292539,13383900000.0,830.95,155095000.0,1975.0,109.39305302,657197,3.36899932796e+11,417771,74.1514602215,0.000226,
2017-01-18,1142780568.37,296950,14648900000.0,909.37,225677000.0,1875.0,107.93626344,649975,3.36899932796e+11,398952,78.20582,0.000226,
2017-01-19,1031800189.24,300431,14311700000.0,888.34,105625000.0,2175.0,112.3957332,685645,3.36899932796e+11,398262,79.4839283478,0.00021637,
2017-01-20,1039356360.05,298188,14472100000.0,898.17,86728400.0,2362.5,104.84963495,663085,3.36899932796e+11,399169,76.2428220645,0.00020463,
2017-01-21,793827337.031,263381,14432000000.0,895.55,111158000.0,2262.5,94.58963263,637023,3.36899932796e+11,383546,61.975176514,0.0002034,
2017-01-22,736996035.66,236712,14863600000.0,922.21,116573000.0,2175.0,87.1148655,564645,3.39477557143e+11,342879,60.38815522,0.0002034,
2017-01-23,1002515008.89,235392,14918800000.0,925.5,73588600.0,1725.0,109.01172711,620376,3.92963262344e+11,336062,75.60857442,0.00023431,
2017-01-24,1193250794.77,278028,14681400000.0,910.68,111349000.0,1862.5,143.1652105,723324,3.92963262344e+11,375648,83.40371712,0.00025032,
2017-01-25,1200628129.55,304578,14380700000.0,891.92,120831000.0,1862.5,135.00808277,711276,3.92963262344e+11,402931,72.77755028,0.0002431,
2017-01-26,909186794.885,313600,14551200000.0,902.39,131958000.0,1937.5,123.55631958,721023,3.92963262344e+11,407534,67.4225380928,0.00023392,
2017-01-27,837401143.649,263162,14810400000.0,918.36,125594000.0,2125.0,114.04371837,662445,3.92963262344e+11,363989,73.3920526548,0.0002293,
2017-01-28,650303237.665,246243,14835800000.0,919.81,68979600.0,1900.0,122.5350693,661095,3.92963262344e+11,370658,63.0990855753,0.00024,
2017-01-29,685773138.635,241460,14874000000.0,922.07,60851700.0,2087.5,119.8377983,644559,3.92963262344e+11,372684,55.100044783,0.0002431,
2017-01-30,897805452.598,247264,14844900000.0,920.15,78227300.0,1800.0,135.15608339,644885,3.92963262344e+11,362981,81.89335,0.00026203,
2017-01-31,1103239555.26,307538,14859700000.0,920.96,164582000.0,1812.5,145.66158893,677356,3.92963262344e+11,412234,83.7818586176,0.0002938,
2017-02-01,1271940146.29,350368,15667900000.0,970.94,150110000.0,2400.0,154.9165724,790453,3.92963262344e+11,539958,74.350167423,0.00025419,
2017-02-02,1197215594.68,259402,15977800000.0,990.0,145821000.0,1962.5,142.30055361,639858,3.92963262344e+11,409724,88.7196717,0.0003,
2017-02-03,1952812125.24,323414,16326100000.0,1011.46,201278000.0,1862.5,162.42120704,715695,3.92963262344e+11,473115,85.8972694984,0.0003085,
2017-02-04,1156975362.95,284634,16648800000.0,1031.33,155064000.0,1800.0,138.64644801,655219,3.93571747856e+11,389897,76.0163228164,0.0002838,
2017-02-05,1039935966.86,291942,16847400000.0,1043.52,114208000.0,1987.5,136.17869567,689329,4.22170566884e+11,384194,68.4871150272,0.00028584,
2017-02-06,1214758193.08,229902,16605400000.0,1028.4,111762000.0,1562.5,154.93020175,619108,4.22170566884e+11,347904,97.803729804,0.00034074,
2017-02-07,1381553251.22,325117,16796600000.0,1040.14,146007000.0,1887.5,170.75671139,717417,4.22170566884e+11,412092,81.7010415368,0.00031043,
2017-02-08,1367035815.39,308170,17156700000.0,1062.32,201855000.0,1825.0,157.14493504,665656,4.22170566884e+11,396530,81.98667064,0.0003164,
2017-02-09,1537209884.08,346375,17197100000.0,1064.7,407220000.0,2112.5,174.18568718,758515,4.22170566884e+11,436164,78.808380651,0.00031137,
2017-02-10,1133494679.17,301642,16083600000.0,995.63,190452000.0,1837.5,139.77915541,658325,4.22170566884e+11,397760,74.8886900057,0.00031011,
2017-02-11,756656511.886,262547,15976700000.0,988.9,102261000.0,1737.5,117.08000976,628956,4.22170566884e+11,371873,59.155998,0.00029061,
2017-02-12,602954652.979,237604,16214700000.0,1003.52,67530000.0,1750.0,102.51055926,568401,4.22170566884e+11,329439,56.096768,0.0002712,
2017-02-13,1010628458.32,288127,16141500000.0,998.88,100607000.0,2037.5,136.77242215,669492,4.22170566884e+11,391016,70.5313263408,0.00027713,
2017-02-14,1145900236.96,314915,16028000000.0,991.74,137946000.0,2112.5,140.99131586,675342,4.22170566884e+11,405085,75.3750862938,0.00028609,
2017-02-15,1056929103.23,294647,16264100000.0,1006.21,89759400.0,1737.5,134.04888989,630944,4.22170566884e+11,377117,77.0161787406,0.0003,
2017-02-16,1039840701.29,283052,16289100000.0,1007.65,122277000.0,1887.5,169.87720101,670733,4.22170566884e+11,383226,81.417092197,0.0003314,
2017-02-17,1309942945.07,319616,16589600000.0,1026.12,136474000.0,1887.5,165.84442388,695647,4.22170566884e+11,481977,71.9341006212,0.00032204,
2017-02-18,886393916.666,285992,16964800000.0,1049.21,99073500.0,1887.5,152.22901802,689424,4.32892501851e+11,400422,62.3100533039,0.0003164,
2017-02-19,1110750436.16,251587,17056600000.0,1054.76,77423300.0,1675.0,129.44377921,597242,4.40779902287e+11,354860,63.1035167812,0.0003164,
2017-02-20,1069407088.22,282580,16960200000.0,1048.69,109478000.0,1850.0,159.91401438,657687,4.40779902287e+11,402815,74.6100777662,0.00032204,
2017-02-21,1139111677.58,278952,17456900000.0,1079.28,186869000.0,1725.0,165.81707207,645626,4.40779902287e+11,379726,88.989981768,0.00034628,
2017-02-22,1326259304.19,282056,18033400000.0,1114.8,136100000.0,1725.0,182.03570523,634528,4.40779902287e+11,382013,87.0031725,0.0004068,
2017-02-23,1517124309.9,325763,18075200000.0,1117.27,189454000.0,1875.0,211.65472424,700730,4.40779902287e+11,419286,83.4092108696,0.0004187,
2017-02-24,1541360655.27,343642,18974400000.0,1172.71,330759000.0,2037.5,226.7099144,766916,4.40779902287e+11,444578,82.5667936093,0.0004068,
2017-02-25,1000351567.09,326354,18939500000.0,1170.41,139961000.0,2087.5,191.30417997,745056,4.40779902287e+11,446285,63.1451293289,0.0003616,
2017-02-26,801561078.954,265025,18518900000.0,1144.27,116486000.0,2225.0,161.17260121,657119,4.40779902287e+11,412429,64.2531405816,0.0003616,
2017-02-27,1303142926.14,284411,18837300000.0,1163.78,131570000.0,1800.0,195.38746144,664567,4.40779902287e+11,396965,79.2883314,0.00044,
2017-02-28,1404328598.67,325261,19113600000.0,1180.72,184956000.0,1912.5,227.3714723,699527,4.40779902287e+11,417551,82.6086261264,0.0004488,
2017-03-01,1500757118.11,315739,19104800000.0,1180.04,229057000.0,1800.0,229.59036693,681438,4.40779902287e+11,410685,85.9129066032,0.000452,
2017-03-02,2110396449.93,329271,19829800000.0,1224.68,368275000.0,1962.5,252.22663973,735135,4.40779902287e+11,435597,97.6750514676,0.0004531,
2017-03-03,1981093233.67,337159,20253700000.0,1250.71,315739000.0,1887.5,259.68606189,734179,4.45545600359e+11,447876,93.5549215295,0.0004972,
2017-03-04,1430296539.61,265648,20688800000.0,1277.43,183270000.0,1650.0,220.29548015,624702,4.60769358091e+11,383472,87.395756679,0.0004844,
2017-03-05,1124228169.18,280592,20316000000.0,1254.29,134127000.0,1837.5,216.69618574,694648,4.60769358091e+11,410775,72.9558656503,0.000452,
2017-03-06,1763030060.32,287589,20531900000.0,1267.47,153657000.0,1775.0,238.98093612,680973,4.60769358091e+11,421871,99.4272798609,0.00050404,
2017-03-07,1796261669.14,327749,20627100000.0,1273.21,291256000.0,1912.5,269.77191295,738069,4.60769358091e+11,427997,100.120829093,0.0005,
2017-03-08,1661530950.92,296966,19819800000.0,1223.23,332603000.0,1775.0,233.7307623,687751,4.60769358091e+11,403166,95.8141502563,0.00046091,
2017-03-09,1442769674.35,303484,18640900000.0,1150.35,212283000.0,1850.0,236.67178552,705823,4.60769358091e+11,428483,81.67485,0.00046514,
2017-03-10,1666426101.99,308326,19275300000.0,1189.36,563796000.0,1950.0,257.91797636,744240,4.60769358091e+11,430803,102.062775658,0.0004972,
2017-03-11,1324536667.02,280532,18093700000.0,1116.32,283320000.0,1862.5,217.66771727,697665,4.60769358091e+11,412920,79.0196489088,0.00048709,
2017-03-12,1019945609.29,220955,19073300000.0,1176.62,227176000.0,1937.5,190.62879952,594463,4.60769358091e+11,361569,77.1889076288,0.00048472,
2017-03-13,1744499166.17,272934,19807700000.0,1221.78,380277000.0,1812.5,220.75092528,691402,4.60769358091e+11,411543,94.8113009088,0.0004972,
2017-03-14,2150107336.47,310239,19978200000.0,1232.16,245306000.0,1950.0,256.53171308,740057,4.60769358091e+11,432970,98.5753136064,0.0004972,
2017-03-15,1780038472.37,292292,20110400000.0,1240.16,297805000.0,1775.0,236.25501962,675317,4.60769358091e+11,415117,101.342377949,0.0004972,
2017-03-16,2922701984.21,326881,20293700000.0,1251.33,638568000.0,1912.5,264.55158129,734444,4.60769358091e+11,462858,103.86039,0.0004972,
2017-03-17,2472268117.35,292042,19141800000.0,1180.16,706599000.0,1925.0,244.58901754,709455,4.69886043904e+11,424754,102.043360512,0.0004972,
2017-03-18,1715950710.85,263373,17838700000.0,1099.69,621302000.0,1962.5,217.05770532,685027,4.75705205062e+11,407924,91.927925736,0.0004972,
2017-03-19,1200220970.38,269171,15846000000.0,976.73,406648000.0,2062.5,211.62793576,675490,4.75705205062e+11,416358,64.9636894893,0.0004972,
2017-03-20,1516834297.73,276897,16829800000.0,1037.24,286530000.0,1700.0,241.15787713,651290,4.75705205062e+11,412941,85.2394393116,0.0005,
2017-03-21,1811191248.81,287913,17125600000.0,1055.36,337391000.0,1775.0,248.6366135,693278,4.75705205062e+11,433150,99.6751321152,0.0005,
2017-03-22,2138432399.63,316434,18187100000.0,1120.65,380841000.0,1987.5,265.84522812,745066,4.75705205062e+11,456576,103.004869739,0.0004972,
2017-03-23,1803506142.61,287723,17043400000.0,1050.05,248540000.0,1850.0,235.99807634,678638,4.75705205062e+11,436778,100.460320597,0.0004972,
2017-03-24,3241366145.78,289345,16857000000.0,1038.45,491038000.0,2200.0,231.55050182,703673,4.75705205062e+11,432602,103.325775,0.0004972,
2017-03-25,2532859868.58,242842,15204800000.0,936.54,435803000.0,1662.5,182.00765156,616232,4.75705205062e+11,393609,97.4915850348,0.000452,
2017-03-26,1100811229.15,221749,15814800000.0,974.01,303668000.0,2075.0,154.65177428,588054,4.75705205062e+11,390424,96.224298519,0.0004488,
2017-03-27,1535714568.95,232159,15785000000.0,972.05,372535000.0,1650.0,194.84378734,600367,4.75705205062e+11,378739,114.398357946,0.000452,
2017-03-28,1651520547.43,293846,16964500000.0,1044.58,326332000.0,1937.5,233.22176362,735755,4.75705205062e+11,443053,107.039846603,0.000452,
2017-03-29,1414893660.65,283793,16990900000.0,1046.08,298458000.0,1725.0,212.93579722,683505,4.75705205062e+11,430287,103.726646218,0.0004488,
2017-03-30,1514467234.05,288624,16929800000.0,1042.21,352969000.0,2050.0,203.40448684,694171,4.82855238677e+11,409237,98.2491367,0.0004068,
2017-03-31,1943966335.35,259268,16679000000.0,1026.64,447287000.0,1687.5,217.27700693,630967,4.99635929817e+11,379799,122.589296046,0.0004488,
2017-04-01,1263463525.56,255739,17413000000.0,1071.71,289634000.0,1650.0,190.64263242,639653,4.99635929817e+11,401968,98.4135324521,0.0004068,
2017-04-02,1250032692.09,244045,17559400000.0,1080.61,514187000.0,1975.0,180.73640574,652269,4.99635929817e+11,421328,92.130107075,0.0004,
2017-04-03,1743057242.59,287965,17924600000.0,1102.95,580444000.0,2200.0,221.03918997,736053,4.99635929817e+11,456959,109.85029056,0.0004014,
2017-04-04,1761197009.27,255890,18619000000.0,1145.52,436310000.0,1562.5,200.30284512,635711,4.99635929817e+11,387197,125.418654734,0.0004068,
2017-04-05,1685982555.12,316393,18435700000.0,1134.14,414784000.0,2025.0,236.29861443,745792,4.99635929817e+11,476280,99.6721133002,0.0004076,
2017-04-06,1599523041.08,290318,18302600000.0,1125.81,511222000.0,1837.5,221.71976913,701254,4.99635929817e+11,443096,110.529740406,0.00041174,
2017-04-07,1560484927.99,295301,19168500000.0,1178.94,317022000.0,2025.0,225.14679282,718080,4.99635929817e+11,433049,104.22850562,0.0004152,
2017-04-08,1004254673.43,226822,19068600000.0,1172.65,209312000.0,1712.5,171.61302076,600050,4.99635929817e+11,387725,98.1296973,0.00036894,
2017-04-09,1063718454.49,238127,19134400000.0,1176.57,242343000.0,1987.5,168.05979031,656647,4.99635929817e+11,415210,80.1878105916,0.0003616,
2017-04-10,1595243598.01,273237,19311200000.0,1187.3,215883000.0,1837.5,197.26586623,690857,4.99635929817e+11,455260,116.59452222,0.0004,
2017-04-11,1680423675.46,307726,19316000000.0,1187.46,216182000.0,2087.5,226.34667638,753921,4.99635929817e+11,488326,112.919371272,0.0004068,
2017-04-12,1780321606.26,277951,19600800000.0,1204.81,288702000.0,1775.0,212.1552116,689626,4.99635929817e+11,471744,120.033678143,0.00041174,
2017-04-13,1679416262.26,228552,19541300000.0,1201.02,351969000.0,1587.5,216.66765492,611531,5.17807877352e+11,393758,122.178323376,0.0004176,
2017-04-14,1865737863.43,290069,19043800000.0,1170.33,254827000.0,1737.5,235.48446532,703291,5.20808749422e+11,529245,102.15331905,0.00045,
2017-04-15,1295916413.15,270555,18996500000.0,1167.3,203559000.0,1875.0,201.55356574,687253,5.20808749422e+11,505855,85.766246892,0.00040146,
2017-04-16,1164945545.15,211683,19085100000.0,1172.61,183231000.0,1825.0,158.85627688,592441,5.20808749422e+11,437163,90.740431413,0.00036684,
2017-04-17,1708462800.96,245046,19260500000.0,1183.25,253206000.0,1725.0,180.72834518,604963,5.20808749422e+11,445425,116.237155375,0.0004068,
2017-04-18,2033112964.53,302945,19433800000.0,1193.77,270524000.0,1825.0,220.20687325,709072,5.20808749422e+11,420130,118.780115,0.00041174,
2017-04-19,1596858076.95,309961,19734800000.0,1212.13,288061000.0,1787.5,209.52935942,723144,5.20808749422e+11,432695,107.306571906,0.0004068,
2017-04-20,1811400275.31,267777,19719900000.0,1211.08,315108000.0,1725.0,228.37557725,688123,5.20808749422e+11,361466,129.880021991,0.000452,
2017-04-21,1651182472.3,330187,20020700000.0,1229.42,272167000.0,2087.5,244.38907052,791946,5.20808749422e+11,489908,105.716768499,0.00041174,
2017-04-22,1271090882.08,268567,19913900000.0,1222.71,249320000.0,1812.5,180.34051775,686367,5.20808749422e+11,410291,98.0201855814,0.000396,
2017-04-23,1238054401.87,244886,20066200000.0,1231.92,258951000.0,1912.5,169.67309519,644281,5.20808749422e+11,383753,109.002843994,0.0004068,
2017-04-24,1674917694.73,222547,19705400000.0,1209.63,235806000.0,1550.0,187.96137981,608289,5.20808749422e+11,345235,147.430321311,0.00045,
2017-04-25,3017138672.85,325239,20372300000.0,1250.45,242556000.0,1850.0,271.62738431,738873,5.20808749422e+11,433757,138.578982981,0.0005,
2017-04-26,2163250927.13,334318,20627900000.0,1265.99,329631000.0,1912.5,253.84367765,768513,5.20808749422e+11,454894,126.270146438,0.00045756,
2017-04-27,2481430493.74,297737,20889200000.0,1281.88,449197000.0,1837.5,256.44731571,723992,5.218397026e+11,431697,153.569224,0.00049527,
2017-04-28,2138429459.32,305135,21476000000.0,1317.74,527489000.0,1700.0,249.68419536,727287,5.21974519554e+11,439893,154.862596926,0.0004972,
2017-04-29,1688899356.61,341146,21479800000.0,1317.84,422706000.0,2162.5,256.37648122,828936,5.21974519554e+11,504834,124.480003584,0.0004488,
2017-04-30,1397139573.69,281338,21548400000.0,1321.87,413115000.0,1887.5,199.30763935,724937,5.21974519554e+11,408056,113.255442234,0.0004488,
2017-05-01,1918429105.61,294636,21981800000.0,1348.3,713624000.0,1875.0,227.7488656,707250,5.21974519554e+11,416309,139.071832698,0.000486,
2017-05-02,2210499945.15,333003,23170200000.0,1421.03,477338000.0,1975.0,272.67966183,787411,5.21974519554e+11,467071,156.212762128,0.000486,
2017-05-03,2248209511.54,295017,23707100000.0,1453.78,583796000.0,1650.0,247.34367708,690007,5.21974519554e+11,411026,174.260319949,0.0005,
2017-05-04,2984659500.99,354569,24311900000.0,1490.72,933549000.0,2100.0,307.09568071,851802,5.21974519554e+11,531831,175.663433546,0.00050391,
2017-05-05,3022035415.1,267064,25133100000.0,1540.87,946036000.0,1612.5,261.31168454,663371,5.21974519554e+11,411634,230.404842682,0.0005424,
2017-05-06,2264647108.98,362854,25395600000.0,1556.81,582530000.0,2100.0,296.57369266,872106,5.21974519554e+11,510468,149.524205653,0.00049258,
2017-05-07,2270631161.17,315844,25768500000.0,1579.47,1080030000.0,2087.5,277.03575031,787633,5.21974519554e+11,443744,147.619445869,0.00049314,
2017-05-08,3110917755.08,364916,26056500000.0,1596.92,1340320000.0,2250.0,316.4495528,889537,5.21974519554e+11,530411,177.520190541,0.0005,
2017-05-09,3371637388.44,332724,28132200000.0,1723.89,1167920000.0,1937.5,302.96153363,794529,5.21974519554e+11,464926,229.914640416,0.00052654,
2017-05-10,3529867675.41,311243,28668100000.0,1756.52,915723000.0,1850.0,303.26495895,735155,5.55092980098e+11,474620,232.326469104,0.00054265,
2017-05-11,3115003689.3,294608,29060600000.0,1780.37,799490000.0,1687.5,279.58022914,703578,5.59970892891e+11,436032,226.308812743,0.00054216,
2017-05-12,3076658859.29,317544,30131100000.0,1845.76,740984000.0,1925.0,322.05057537,745640,5.59970892891e+11,472727,220.65691648,0.00059813,
2017-05-13,2264203607.23,329108,28132300000.0,1723.12,579635000.0,1975.0,301.19440047,793153,5.59970892891e+11,471513,224.880428024,0.0005287,
2017-05-14,2047338788.18,368934,29405100000.0,1800.86,437196000.0,2050.0,297.47622441,893649,5.59970892891e+11,512734,164.098901367,0.000486,
2017-05-15,3389445746.88,329059,29532600000.0,1808.44,731529000.0,2125.0,327.30377033,825608,5.59970892891e+11,520123,197.568887146,0.00058247,
2017-05-16,2946055894.01,233845,28446300000.0,1741.7,959045000.0,1650.0,343.40900559,655424,5.59970892891e+11,335383,256.5454432,0.0006,
2017-05-17,4085927436.48,317372,28204800000.0,1726.73,1064730000.0,1937.5,485.9361122,762466,5.59970892891e+11,458366,244.549258625,0.0009,
2017-05-18,3157571572.76,288762,29710500000.0,1818.7,894321000.0,1775.0,392.02141315,742312,5.59970892891e+11,431432,279.432597418,0.0008,
2017-05-19,3351835395.34,319338,30999000000.0,1897.37,1157290000.0,2050.0,442.811934,807946,5.59970892891e+11,490732,294.762880558,0.00079407,
2017-05-20,3118292404.58,352640,32422400000.0,1984.24,961336000.0,2062.5,387.7538543,851763,5.59970892891e+11,452396,202.45059839,0.00065088,
2017-05-21,2650094330.93,325910,33779400000.0,2067.03,1147860000.0,1837.5,352.78845637,791586,5.59970892891e+11,436197,218.924314875,0.00065304,
2017-05-22,4015870531.37,327722,33393600000.0,2043.19,1942220000.0,1825.0,406.63804239,773303,5.59970892891e+11,441967,261.196301625,0.00075587,
2017-05-23,4268036589.48,367542,35822600000.0,2191.56,1378750000.0,2100.0,468.38356854,876753,5.84152236546e+11,514366,266.960783183,0.00075517,
2017-05-24,5052714745.82,338488,37949200000.0,2321.37,1725380000.0,1925.0,472.94001691,806743,5.95921917085e+11,490126,275.119719057,0.00084142,
2017-05-25,6155820432.32,349951,39995400000.0,2446.24,2406700000.0,2037.5,498.87943053,842960,5.95921917085e+11,498936,326.735984046,0.00084085,
2017-05-26,4753086323.51,333187,37950600000.0,2320.89,1763480000.0,1912.5,469.79624965,818388,5.95921917085e+11,478355,301.472238639,0.0008976,
2017-05-27,3206037188.95,331746,35917100000.0,2196.27,1700480000.0,2100.0,528.8278222,892643,5.95921917085e+11,519232,242.540904537,0.0008976,
2017-05-28,3085420258.43,307978,33595900000.0,2054.08,1147140000.0,2062.5,421.48503001,856639,5.95921917085e+11,471259,196.228809459,0.00078953,
2017-05-29,3929176083.14,321487,35323500000.0,2159.43,994625000.0,1887.5,494.90441559,766059,5.95921917085e+11,473729,250.419163722,0.00088749,
2017-05-30,4884171752.4,347782,36897000000.0,2255.36,1443970000.0,2237.5,588.38790095,848314,5.95921917085e+11,502659,274.515743334,0.00091195,
2017-05-31,5264284092.94,321470,35786700000.0,2187.19,1544830000.0,2050.0,570.4198544,819588,5.95921917085e+11,501146,231.857297227,0.00095765,
2017-06-01,6176263890.39,319539,37446200000.0,2288.33,1653180000.0,2125.0,569.07004507,838148,5.95921917085e+11,489185,226.496432004,0.00102001,
2017-06-02,5258325019.9,271393,39344600000.0,2404.03,1317030000.0,1825.0,470.15193004,726206,5.95921917085e+11,436676,239.920294816,0.00101777,
2017-06-03,5891480560.51,305128,40817100000.0,2493.72,1514950000.0,2400.0,545.64725387,883252,5.95921917085e+11,518587,195.526675084,0.000904,
2017-06-04,4562447637.43,265883,41708200000.0,2547.79,1355120000.0,2012.5,441.99355556,734744,6.28336862171e+11,457042,196.989160971,0.0009492,
2017-06-05,6005395487.7,289766,41133900000.0,2512.4,1369310000.0,2050.0,475.43804182,767620,6.78760110083e+11,442140,277.082270036,0.0009861,
2017-06-06,5214945231.83,297265,44061000000.0,2690.84,2089610000.0,1887.5,511.33813564,800493,6.78760110083e+11,467398,276.627716123,0.0010447,
2017-06-07,5996764320.79,339555,46989800000.0,2869.38,1517710000.0,2062.5,668.13204735,878586,6.78760110083e+11,481324,308.253074555,0.00107019,
2017-06-08,5230681944.33,307212,44557100000.0,2720.49,1281170000.0,2062.5,490.9904414,820508,6.78760110083e+11,459693,219.793909695,0.00099,
2017-06-09,5730696604.24,282033,45987100000.0,2807.44,1348950000.0,1887.5,455.56014992,764555,6.78760110083e+11,437371,280.744,0.00103225,
2017-06-10,4973285972.19,254852,46331400000.0,2828.14,2018890000.0,1762.5,390.9040331,701424,6.78760110083e+11,387408,263.00994965,0.00095845,
2017-06-11,4839329466.94,222746,48208700000.0,2942.41,1752400000.0,1825.0,356.12024978,667449,6.78760110083e+11,355672,267.531214377,0.0008823,
2017-06-12,6465926387.18,268951,48391200000.0,2953.22,2569530000.0,1837.5,409.8643713,722926,6.78760110083e+11,405994,349.456560322,0.00094242,
2017-06-13,6558933019.25,291635,43934100000.0,2680.91,1781200000.0,1762.5,479.43977642,768135,6.78760110083e+11,468939,285.788410756,0.00100096,
2017-06-14,6627410984.04,287504,44528300000.0,2716.88,1696560000.0,1750.0,454.74199601,744121,6.78760110083e+11,424458,297.498169818,0.00098454,
2017-06-15,5733877219.6,292988,40971300000.0,2499.58,2026260000.0,1912.5,435.40345777,796500,6.78760110083e+11,436663,266.532265056,0.0008823,
2017-06-16,6037248308.58,269789,40484100000.0,2469.57,1195190000.0,1850.0,375.35139576,727787,6.78760110083e+11,401763,243.774366358,0.00086763,
2017-06-17,4021033087.49,236409,41217200000.0,2514.01,1534510000.0,1812.5,311.39831919,665263,6.7966871941e+11,359412,233.705109871,0.0008136,
2017-06-18,4001447893.97,209214,43539300000.0,2655.35,1178660000.0,1812.5,277.9955946,628651,7.11697198174e+11,329460,209.594980531,0.00079572,
2017-06-19,5699652433.14,269623,41800600000.0,2549.03,1446840000.0,1887.5,387.16284645,729519,7.11697198174e+11,401880,261.387400946,0.00085572,
2017-06-20,6105370300.54,269300,42498000000.0,2591.26,1854190000.0,1725.0,388.08537505,741906,7.11697198174e+11,449669,285.0386,0.00087604,
2017-06-21,6373183098.27,280063,44440800000.0,2709.43,1626580000.0,1750.0,462.70370719,755253,7.11697198174e+11,461281,295.686219212,0.00087622,
2017-06-22,5495341235.0,269546,44143700000.0,2691.03,1097940000.0,1737.5,447.10509654,735737,7.11697198174e+11,417645,266.506936449,0.00096448,
2017-06-23,4766784175.44,259778,44415900000.0,2707.34,961319000.0,2000.0,338.95972894,710482,7.11697198174e+11,385184,221.776927119,0.0008184,
2017-06-24,4331843211.45,226981,44932900000.0,2738.52,982750000.0,1825.0,307.20884336,646742,7.11697198174e+11,366139,225.836050039,0.00086112,
2017-06-25,4019239798.18,180597,42783800000.0,2607.25,1161100000.0,1525.0,258.68838592,534993,7.11697198174e+11,298641,258.644753443,0.0008224,
2017-06-26,6104488811.36,261764,42514000000.0,2590.57,1663280000.0,1775.0,375.05657594,704387,7.11697198174e+11,387140,276.016606902,0.00087826,
2017-06-27,4921903161.85,259606,40677900000.0,2478.45,1489790000.0,1637.5,367.89377898,696067,7.11697198174e+11,448808,230.503805824,0.00087874,
2017-06-28,5460963377.96,279654,41906700000.0,2553.03,1183870000.0,1962.5,385.86002411,743276,7.11697198174e+11,409295,273.819462802,0.00087875,
2017-06-29,6530204848.64,230934,42150300000.0,2567.56,949979000.0,1500.0,341.40053758,621633,7.11697198174e+11,340714,331.544144436,0.00087901,
2017-06-30,4781671227.06,267206,41689100000.0,2539.24,860273000.0,1925.0,357.17190559,722889,7.11697198174e+11,424561,238.343248752,0.00085428,
2017-07-01,3525923782.25,221692,40928200000.0,2492.6,779914000.0,2050.0,255.27403629,642954,7.11697198174e+11,339522,249.549839528,0.00072409,
2017-07-02,2891297957.87,196351,40010500000.0,2436.4,803747000.0,2350.0,197.85958294,605013,7.08707940676e+11,319791,196.451853528,0.000678,
2017-07-03,4688108213.51,253074,41037200000.0,2498.56,964112000.0,2125.0,283.21012118,668469,7.0865946623e+11,376323,246.807956685,0.00072462,
2017-07-04,3931417762.94,255330,42067900000.0,2561.0,985516000.0,1912.5,293.93425872,714285,7.0865946623e+11,429188,199.758,0.00072546,
2017-07-05,5159968186.43,236859,42760800000.0,2602.87,941566000.0,1862.5,225.82080685,651108,7.0865946623e+11,366592,237.374273763,0.00064143,
2017-07-06,4436839574.3,224964,42851400000.0,2608.1,761957000.0,1775.0,241.52060511,625934,7.0865946623e+11,349888,259.96888775,0.00067603,
2017-07-07,4502042029.55,243466,42864200000.0,2608.59,917412000.0,1850.0,240.65571245,737763,7.0865946623e+11,451293,231.297258169,0.0006328,
2017-07-08,3383226466.78,220670,41417700000.0,2520.27,733330000.0,2062.5,192.41183082,641547,7.0865946623e+11,349750,202.641452458,0.000513,
2017-07-09,3423219869.31,187986,42283200000.0,2572.61,527856000.0,1725.0,157.22803089,549467,7.0865946623e+11,306450,174.679936013,0.00052884,
2017-07-10,5034362570.38,251525,41509000000.0,2525.25,1111200000.0,2462.5,205.57250621,771121,7.0865946623e+11,479692,237.08814675,0.00054113,
2017-07-11,4751800977.51,265586,39224200000.0,2385.89,1329760000.0,2162.5,207.57617324,770221,7.0865946623e+11,444154,232.958490471,0.0005,
2017-07-12,3969957405.53,256961,38355900000.0,2332.77,1117410000.0,2212.5,222.35199706,749635,7.0865946623e+11,392653,224.484603248,0.0005,
2017-07-13,4177025006.85,245738,39511000000.0,2402.7,835770000.0,1962.5,210.79018124,680465,7.0865946623e+11,378744,218.501538,0.00054477,
2017-07-14,4126805480.96,227764,38823100000.0,2360.59,882503000.0,1737.5,215.37764419,640696,7.6176494164e+11,379264,250.108853986,0.00060198,
2017-07-15,3205457532.59,221724,36681300000.0,2230.12,993608000.0,1587.5,378.35756847,634632,8.04525194568e+11,354654,213.256139349,0.00054355,
2017-07-16,2825878853.2,203002,32767600000.0,1991.98,1182870000.0,2037.5,166.92852306,609552,8.04525194568e+11,318064,198.364774686,0.00049322,
2017-07-17,3981345943.11,230167,31795000000.0,1932.62,1201760000.0,1850.0,198.03657541,692430,8.04525194568e+11,372079,197.422679619,0.00049353,
2017-07-18,4271539663.02,260410,36749400000.0,2233.52,1512450000.0,2062.5,224.51846967,811433,8.04525194568e+11,442365,221.42447224,0.0004866,
2017-07-19,4229153828.11,253619,38227800000.0,2323.08,1245100000.0,1862.5,201.60223858,717067,8.04525194568e+11,403669,218.69184735,0.00049462,
2017-07-20,4346584281.99,230037,37356800000.0,2269.89,2249260000.0,2025.0,229.27219537,658031,8.04525194568e+11,364214,286.295687168,0.00049544,
2017-07-21,4618891436.28,268289,46719000000.0,2838.41,1489450000.0,1925.0,249.73969757,749779,8.04525194568e+11,445100,262.520992888,0.00049581,
2017-07-22,3593020682.68,223198,43929600000.0,2668.63,1177130000.0,2000.0,171.03691992,645094,8.04525194568e+11,348677,213.82664738,0.0004746,
2017-07-23,3305952385.92,180859,46231100000.0,2808.1,1072840000.0,2150.0,125.37693822,533040,8.04525194568e+11,286274,200.844073272,0.00040845,
2017-07-24,4967853057.88,239894,44995600000.0,2732.7,866474000.0,2225.0,166.96352984,674883,8.04525194568e+11,382365,223.659881025,0.0004,
2017-07-25,18620423057.5,243888,45410100000.0,2757.5,1460090000.0,1850.0,168.49293292,697756,8.04525194568e+11,415219,243.3619492,0.00043166,
2017-07-26,8180309757.55,237706,42455000000.0,2577.77,937404000.0,1837.5,167.53481996,664407,8.04525194568e+11,369671,230.002224248,0.00040873,
2017-07-27,4551584454.16,225215,41816500000.0,2538.71,789104000.0,1925.0,166.27056958,681607,8.36351931636e+11,360430,227.443409707,0.00037337,
2017-07-28,9231545951.13,247057,44144400000.0,2679.73,1380100000.0,1875.0,188.43132327,681262,8.60221984436e+11,395665,331.426219481,0.00037418,
2017-07-29,10160734332.7,210977,46246700000.0,2807.02,803746000.0,1962.5,156.46665323,641806,8.60221984436e+11,328826,244.84229143,0.00034126,
2017-07-30,22268691501.5,183998,44890700000.0,2724.39,705943000.0,1837.5,138.11682207,568497,8.60221984436e+11,280981,381.4146,0.00036835,
2017-07-31,6594613177.05,230867,45535800000.0,2763.24,860575000.0,1812.5,194.86886623,706629,8.60221984436e+11,347617,414.385197005,0.00049588,
2017-08-01,6689047244.92,131726,47321800000.0,2871.3,1324670000.0,1862.5,75.94662047,477477,8.60221984436e+11,216728,180.880587078,0.0002548,
2017-08-02,5926737884.97,209169,44950800000.0,2727.13,1094950000.0,1900.0,130.51485681,591933,8.60221984436e+11,336748,219.632387122,0.00028304,
2017-08-03,3729394908.48,212879,44666400000.0,2709.56,804797000.0,1725.0,124.10595421,596154,8.60221984436e+11,347420,231.820497236,0.00030345,
2017-08-04,4056042202.12,235613,46276200000.0,2806.93,1002120000.0,2237.5,113.47123621,665795,8.60221984436e+11,378568,256.020001092,0.00027598,
2017-08-05,4075922194.59,239594,47778200000.0,2897.63,1945700000.0,2212.5,113.56678695,658939,8.60221984436e+11,362951,271.61224568,0.00027346,
2017-08-06,3690410805.42,199487,53720900000.0,3257.61,1105030000.0,1750.0,87.90639938,538559,8.60221984436e+11,319836,233.097599452,0.00027104,
2017-08-07,5020630427.09,248849,52987300000.0,3212.78,1482280000.0,1912.5,121.82649183,683046,8.60221984436e+11,393989,288.231312792,0.00027821,
2017-08-08,7057922000.33,275410,55590300000.0,3370.22,1752760000.0,2050.0,159.06311046,789754,8.60221984436e+11,455756,299.555972006,0.00030589,
2017-08-09,6123180313.55,260817,56424900000.0,3420.4,1468960000.0,1725.0,157.95191308,706721,8.88074709978e+11,427535,280.58088464,0.00030736,
2017-08-10,7427823197.56,257831,55134700000.0,3341.84,1515110000.0,1675.0,193.18600285,733461,9.23233068449e+11,439803,332.421045726,0.0003885,
2017-08-11,9212240374.47,283857,55668000000.0,3373.82,2021190000.0,1800.0,234.94470226,737678,9.23233068449e+11,463875,343.991650762,0.00044878,
2017-08-12,6577950601.85,260386,60242100000.0,3650.63,2219590000.0,1687.5,210.75240215,693260,9.23233068449e+11,397866,284.085163416,0.00047121,
2017-08-13,7438423565.01,263162,64034100000.0,3880.04,3159090000.0,1850.0,189.71104645,705051,9.23233068449e+11,435280,286.94055932,0.000452,
2017-08-14,9178407106.93,255232,67112300000.0,4066.1,2463090000.0,1625.0,249.18827382,689236,9.23233068449e+11,413101,412.724397875,0.00056778,
2017-08-15,8550156958.43,310850,71425500000.0,4326.99,3258050000.0,1900.0,350.45038263,822011,9.23233068449e+11,533483,367.109620182,0.00065544,
2017-08-16,9812944255.93,274736,69342700000.0,4200.34,2272040000.0,1625.0,347.52500864,688857,9.23233068449e+11,430303,378.76985984,0.00072317,
2017-08-17,10098981727.1,347140,72389100000.0,4384.44,2553360000.0,2237.5,365.31634907,860903,9.23233068449e+11,492028,251.002964095,0.00065826,
2017-08-18,9353045628.31,312101,71406500000.0,4324.34,2941710000.0,1862.5,337.96192313,728856,9.23233068449e+11,438858,231.403390186,0.0007,
2017-08-19,8147578288.58,266681,68333100000.0,4137.75,2975820000.0,1887.5,265.91179874,713770,9.23233068449e+11,461449,253.017330007,0.00063054,
2017-08-20,6532023130.42,210722,69192700000.0,4189.31,2109770000.0,1625.0,208.98199629,617442,9.23233068449e+11,344545,310.825436519,0.00063926,
2017-08-21,8441196696.75,236657,67567100000.0,4090.48,2800890000.0,1437.5,297.96496476,633972,9.23233068449e+11,387847,447.02503894,0.00072442,
2017-08-22,6053667060.94,196194,66051000000.0,3998.35,3764240000.0,1112.5,334.18474511,529977,9.23233068449e+11,345904,544.899816069,0.00096492,
2017-08-23,8413233817.68,315575,67553000000.0,4089.01,2369820000.0,1987.49999924,541.97068152,843676,9.23233068449e+11,524321,348.439834997,0.001,
2017-08-24,5684214366.59,203704,68363900000.0,4137.6,2037750000.0,1262.5,385.99923422,548838,8.91643263405e+11,310117,560.48157168,0.00114459,
2017-08-25,4751050826.15,208068,71595100000.0,4332.82,1727970000.0,1262.5,425.81587924,578206,8.88171856257e+11,351213,410.104835928,0.00115604,
2017-08-26,5259878902.16,226380,72249100000.0,4372.06,1511610000.0,1312.5,425.31312205,618641,8.88171856257e+11,392803,368.364898579,0.001128,
2017-08-27,4650175824.92,261736,71809200000.0,4345.1,1537460000.0,1937.5,358.8427277,749676,8.88171856257e+11,401450,200.3308355,0.0008613,
2017-08-28,6517025771.08,223642,72467900000.0,4384.45,1959330000.0,1612.5,378.17846684,654533,8.88171856257e+11,387919,434.880179083,0.0010034,
2017-08-29,7018030613.49,280967,72553800000.0,4389.21,2486080000.0,1862.5,461.76014165,795732,8.88171856257e+11,443794,405.726282612,0.00101634,
2017-08-30,5835254305.84,271298,75556600000.0,4570.36,1937850000.0,2100.0,388.49753062,799696,8.88171856257e+11,420710,373.7183372,0.00090508,
2017-08-31,6226919988.26,280561,75322300000.0,4555.59,1944930000.0,2037.5,413.21489691,797085,8.88171856257e+11,437645,428.99535471,0.000904,
2017-09-01,6543906418.43,283496,77748400000.0,4701.76,2599080000.0,2175.0,382.74200641,782822,8.88171856257e+11,443798,470.176,0.0008814,
2017-09-02,5610016658.54,236647,81060600000.0,4901.42,2722140000.0,2050.0,290.49925993,694986,8.88171856257e+11,406978,341.544179434,0.00079125,
2017-09-03,5010712909.93,195135,75841700000.0,4585.27,1933190000.0,1925.0,239.13526989,586966,8.88171856257e+11,327498,328.8555644,0.00068026,
2017-09-04,8545309304.08,269105,75955500000.0,4591.63,2987330000.0,2187.5,325.4016802,752544,8.88171856257e+11,423675,494.802038236,0.0007425,
2017-09-05,25112357217.9,277751,69954400000.0,4228.29,2697970000.0,2462.5,281.90480312,784428,8.88171856257e+11,459097,417.417380761,0.0006544,
2017-09-06,8919302509.51,276063,72418700000.0,4376.59,2172100000.0,2025.0,272.59987797,776418,9.0331538642e+11,444366,402.563912576,0.00060523,
2017-09-07,8659631981.48,256198,75945000000.0,4589.14,1844620000.0,2200.0,257.33579475,768389,9.22724699726e+11,384938,431.779975488,0.00054466,
2017-09-08,8472648110.09,279313,76220200000.0,4605.16,2700890000.0,2187.5,217.76572461,825480,9.22724699726e+11,468568,368.120832856,0.00040981,
2017-09-09,6635864057.29,217721,70017200000.0,4229.81,1386230000.0,2112.5,144.85041627,627154,9.22724699726e+11,338652,305.748347406,0.0004068,
2017-09-10,5750112286.75,193102,70018100000.0,4229.34,1679090000.0,1725.0,143.23841995,558828,9.22724699726e+11,305692,362.770327405,0.000396,
2017-09-11,8802227083.73,253318,68256000000.0,4122.47,1557330000.0,2175.0,159.73383041,734974,9.22724699726e+11,404492,307.529295026,0.0004078,
2017-09-12,8348960668.04,256042,69033400000.0,4168.88,1864530000.0,2350.0,148.9079562,710521,9.22724699726e+11,415622,329.930832877,0.00033911,
2017-09-13,9572197287.25,263130,68432200000.0,4131.98,2219410000.0,2375.0,133.73148672,718715,9.22724699726e+11,399171,357.751456218,0.000275,
2017-09-14,9855261811.07,267894,64191600000.0,3875.37,2716310000.0,2175.0,153.73503588,773640,9.22724699726e+11,408871,440.713935805,0.00027732,
2017-09-15,9379883364.28,291899,52453500000.0,3166.3,4148070000.0,2250.0,174.81664788,833211,9.22724699726e+11,494266,397.556258506,0.00031706,
2017-09-16,7138624475.31,228088,60271600000.0,3637.75,1818400000.0,2112.5,119.91780546,647176,9.22724699726e+11,368159,296.285897767,0.00028375,
2017-09-17,5034999229.68,197507,59757800000.0,3606.28,1239150000.0,2200.0,99.41066001,588671,9.22724699726e+11,327339,260.359279382,0.00027346,
2017-09-18,6932868302.42,218077,59514100000.0,3591.09,1943210000.0,1587.5,168.30810036,673775,1.05218562276e+12,359682,420.796384911,0.00037159,
2017-09-19,6686534393.43,282761,67520300000.0,4073.79,1563980000.0,1950.0,173.70341529,786890,1.10340093296e+12,424354,319.519448856,0.0003505,
2017-09-20,6333634653.12,235606,64918500000.0,3916.36,1213830000.0,1462.5,146.40700953,620733,1.10340093296e+12,344269,352.4724,0.00036612,
2017-09-21,6533128092.17,255081,64677600000.0,3901.47,1411480000.0,2200.0,136.34884416,694714,1.10340093296e+12,390236,325.471239398,0.00034162,
2017-09-22,5720887456.18,227476,60152300000.0,3628.02,1194830000.0,1737.5,117.1641681,649021,1.10340093296e+12,385834,298.776154248,0.00033291,
2017-09-23,4014142522.24,203695,60190000000.0,3629.92,928114000.0,2075.0,99.69585805,568729,1.10340093296e+12,311788,219.506670981,0.00029054,
2017-09-24,3647802335.17,185132,62954300000.0,3796.15,768015000.0,1812.5,83.67519444,532701,1.10340093296e+12,276565,224.933579642,0.00027653,
2017-09-25,6352360019.08,226478,61061100000.0,3681.58,1374210000.0,1562.5,147.37049675,658174,1.10340093296e+12,401094,312.173538309,0.00034578,
2017-09-26,6767415215.13,263510,65161000000.0,3928.41,1043740000.0,1725.0,150.08561133,728985,1.10340093296e+12,404107,291.114862334,0.00034126,
2017-09-27,6953996512.05,257814,64579200000.0,3892.94,1686880000.0,1837.5,143.49865258,691464,1.10340093296e+12,405429,319.274997219,0.00033746,
2017-09-28,8005723668.9,275799,69633200000.0,4197.13,1712320000.0,2212.5,134.45160224,758808,1.10340093296e+12,416836,313.611610194,0.00030778,
2017-09-29,6921384214.32,254269,69219200000.0,4171.62,1367050000.0,2112.5,115.33216245,743932,1.10340093296e+12,429164,290.975709525,0.00027679,
2017-09-30,6117273737.1,212540,69136600000.0,4166.11,1207450000.0,1725.0,101.44145793,628485,1.10340093296e+12,352459,305.516094263,0.00025076,
2017-10-01,5393408388.52,203523,72047300000.0,4341.05,1208210000.0,1625.0,119.05349794,624785,1.10340093296e+12,296932,259.524291348,0.0002616,
2017-10-02,7085722428.99,294852,72963200000.0,4395.81,1431730000.0,1875.0,180.47323995,815069,1.12359045377e+12,463964,271.44728976,0.00033222,
2017-10-03,5502221558.15,281949,73181300000.0,4408.46,1288020000.0,2287.5,152.53441884,785914,1.12386328513e+12,440833,258.608066574,0.00030468,
2017-10-04,4721678649.04,232692,71712500000.0,4319.37,1116770000.0,1675.0,136.73283395,639802,1.12386328513e+12,366423,334.071306162,0.0003277,
2017-10-05,5756696356.16,273118,70233700000.0,4229.88,1161770000.0,1562.5,160.34424031,727434,1.12386328513e+12,401676,261.543547514,0.000339,
2017-10-06,4941275864.95,283540,71810600000.0,4324.46,1069940000.0,1987.5,149.02120217,819066,1.12386328513e+12,457187,224.011568683,0.000327,
2017-10-07,3833663481.86,231068,72565100000.0,4369.35,906928000.0,1975.0,108.21556432,670951,1.12386328513e+12,376557,202.129757561,0.00030736,
2017-10-08,4765572899.39,238203,73575400000.0,4429.67,1313870000.0,2275.0,111.79647505,689838,1.12386328513e+12,370758,188.825137771,0.00027645,
2017-10-09,10500282356.2,296785,76656500000.0,4614.52,1968740000.0,2012.5,149.34098656,800806,1.12386328513e+12,429684,275.481952609,0.0002825,
2017-10-10,7720480607.97,302941,79351800000.0,4776.21,1597140000.0,2000.0,167.2582099,826210,1.12386328513e+12,462138,266.476027756,0.00031009,
2017-10-11,7500621259.94,292320,79578200000.0,4789.25,1222280000.0,1737.5,148.17289183,780257,1.12386328513e+12,453823,238.983575,0.00031809,
2017-10-12,8328690405.08,293011,80256700000.0,4829.58,2791610000.0,1912.5,174.4145147,783622,1.12386328513e+12,426771,356.571658472,0.00031796,
2017-10-13,8710528465.74,309683,90812400000.0,5464.16,3615480000.0,1700.0,281.53458216,819164,1.12386328513e+12,501228,389.511552768,0.0005404,
2017-10-14,7436979779.12,292999,93803000000.0,5643.53,1669030000.0,1762.5,227.59563891,796789,1.12386328513e+12,448376,227.278610443,0.0004959,
2017-10-15,6631326173.64,283278,97011900000.0,5835.96,1976040000.0,2437.5,162.7073282,826707,1.18295480624e+12,426984,193.102578864,0.00035482,
2017-10-16,9828202678.13,314551,94559000000.0,5687.57,2008070000.0,2175.0,193.41946089,850054,1.1967926941e+12,484439,240.05896391,0.00039517,
2017-10-17,14637440375.8,334274,95469300000.0,5741.58,1821570000.0,2050.0,209.13726138,873937,1.1967926941e+12,500846,249.670539331,0.00040651,
2017-10-18,10358498062.6,329428,93190200000.0,5603.82,2399270000.0,1887.5,192.2026716,818815,1.1967926941e+12,497948,236.966438774,0.00039843,
2017-10-19,9336231341.07,356807,92867000000.0,5583.74,1780540000.0,2225.0,191.51239568,910174,1.1967926941e+12,525157,194.872526,0.00035123,
2017-10-20,9450194220.24,312230,94947900000.0,5708.11,2354430000.0,2237.5,161.97244556,850258,1.1967926941e+12,500763,221.422096307,0.00033798,
2017-10-21,8132101208.83,312104,99763200000.0,5996.79,2207100000.0,1912.5,167.76730117,805473,1.1967926941e+12,447156,203.615547371,0.00030272,
2017-10-22,7672719185.27,288949,1.00438e+11,6036.66,2034630000.0,2275.0,155.33193023,981728,1.1967926941e+12,433885,195.976243071,0.00030396,
2017-10-23,14296685309.1,315925,99941600000.0,6006.0,2401840000.0,2137.5,185.64433949,877356,1.1967926941e+12,477707,394.636242,0.00031,
2017-10-24,12064521030.0,347053,98781600000.0,5935.52,2735700000.0,2087.5,199.79056912,957976,1.1967926941e+12,529691,386.5210624,0.000327,
2017-10-25,9021986468.3,315230,91954200000.0,5524.6,1966990000.0,2312.5,141.97537543,919336,1.1967926941e+12,464949,235.401217144,0.00028815,
2017-10-26,8733216874.17,265647,95685100000.0,5747.95,1905040000.0,2250.0,112.65051758,730711,1.23377727305e+12,416138,276.708784618,0.0002634,
2017-10-27,9780217059.5,246588,98225400000.0,5899.74,1710130000.0,1300.0,166.66745997,673653,1.45283977915e+12,418157,357.797755946,0.0004068,
2017-10-28,6965317470.54,206981,96369600000.0,5787.82,1403920000.0,1062.5,175.03828084,555051,1.45283977915e+12,327091,377.227187833,0.00054567,
2017-10-29,8492465810.74,333871,95819800000.0,5754.44,2859040000.0,1925.0,278.85712501,911592,1.45283977915e+12,516737,216.915917576,0.00058082,
2017-10-30,10040929639.7,315930,1.01833e+11,6114.85,1772150000.0,1837.5,263.59097424,889430,1.45283977915e+12,496273,302.429841161,0.000565,
2017-10-31,10261139373.5,277397,1.0213e+11,6132.02,2311380000.0,1725.0,231.89499927,829238,1.45283977915e+12,461286,421.839377338,0.00054282,
2017-11-01,12050590910.6,351373,1.07287e+11,6440.97,2870320000.0,1950.0,296.93760422,960573,1.45283977915e+12,554430,377.646373353,0.00054397,
2017-11-02,13198172316.5,341324,1.1291e+11,6777.77,4653770000.0,1875.0,277.59079476,916843,1.45283977915e+12,510736,471.934566213,0.0005424,
2017-11-03,11133920200.3,277479,1.18084e+11,7087.53,3369860000.0,1487.5,271.77385265,818583,1.45283977915e+12,516545,503.006256618,0.00058458,
2017-11-04,8075799852.76,293991,1.19376e+11,7164.48,2483800000.0,1625.0,273.249729,800319,1.45283977915e+12,418542,331.857853862,0.00064184,
2017-11-05,7906084143.47,251587,1.23388e+11,7404.52,2380410000.0,1762.5,197.6563993,803250,1.45283977915e+12,425979,346.277635009,0.00054918,
2017-11-06,10365132174.0,270896,1.23379e+11,7403.22,3111900000.0,1662.5,240.33789733,825192,1.45283977915e+12,453874,446.91758496,0.0006322,
2017-11-07,13186823103.3,335480,1.17056e+11,7023.1,2326340000.0,1950.0,294.12731396,939818,1.45283977915e+12,554073,341.832115674,0.00059961,
2017-11-08,13615015832.4,301202,1.19041e+11,7141.38,4602200000.0,1800.0,262.16939123,860914,1.45283977915e+12,481445,484.80629275,0.00063388,
2017-11-09,14514360423.9,341128,1.24146e+11,7446.83,3226250000.0,1912.5,361.32993999,945888,1.45283977915e+12,531408,469.15029,0.000678,
2017-11-10,14919581332.8,271625,1.19607e+11,7173.73,5208250000.0,1500.0,319.97295719,795418,1.42336721314e+12,463010,630.755590547,0.00073,
2017-11-11,9589797520.28,194554,1.10362e+11,6618.61,4908680000.0,1000.0,317.05792683,578308,1.36442208113e+12,344731,782.458957554,0.00093401,
2017-11-12,11582517510.2,185886,1.0498e+11,6295.45,8957350000.0,1000.0,583.61046709,598625,1.36442208113e+12,355141,1084.04243162,0.00212424,
2017-11-13,24717087645.9,309159,99029000000.0,5938.25,6263250000.0,1750.0,783.38626441,917287,1.36442208113e+12,529275,539.506520835,0.001701,
2017-11-14,23482168188.1,271867,1.09434e+11,6561.48,3197110000.0,1600.0,615.08687921,817534,1.36442208113e+12,476312,514.093139066,0.00157296,
2017-11-15,19653332646.4,321636,1.10667e+11,6634.76,4200880000.0,1900.0,603.50996198,951196,1.36442208113e+12,547969,434.22155495,0.00107,
2017-11-16,25779850794.8,310244,1.22164e+11,7323.24,5123810000.0,1900.0,502.64025918,903497,1.36442208113e+12,516488,494.572450266,0.001,
2017-11-17,27276055666.4,306450,1.31026e+11,7853.57,4651670000.0,2087.5,401.16643265,980129,1.36442208113e+12,534530,332.151821367,0.00055615,
2017-11-18,19518236321.5,270738,1.28425e+11,7697.21,3667190000.0,1700.0,289.98839235,849503,1.36442208113e+12,468080,304.118845347,0.00041285,
2017-11-19,21435790609.6,264695,1.29595e+11,7766.03,3149320000.0,2000.0,247.44354414,908966,1.36442208113e+12,465574,339.555527575,0.00039252,
2017-11-20,23942095652.1,336029,1.34167e+11,8039.07,3488450000.0,2187.5,329.01817427,989857,1.36442208113e+12,574204,402.760140284,0.0003886,
2017-11-21,24510232855.2,370918,1.36967e+11,8205.74,4277610000.0,2162.5,310.29655182,979924,1.36442208113e+12,590709,302.76718878,0.00036723,
2017-11-22,20348301781.6,311885,1.34851e+11,8077.95,3633530000.0,1850.0,256.40318228,870876,1.36442208113e+12,515406,439.364062593,0.00037208,
2017-11-23,22127414858.8,352050,1.37444e+11,8232.38,4225180000.0,1962.5,265.91956914,956721,1.36442208113e+12,565864,410.691787041,0.00037367,
2017-11-24,18132626557.3,305586,1.34816e+11,8074.02,5058610000.0,1862.5,233.53648718,907143,1.36196682165e+12,544620,355.25688,0.0003616,
2017-11-25,18063710661.0,336533,1.37632e+11,8241.71,4342060000.0,1950.0,195.63976527,931680,1.34700143056e+12,521448,307.709105459,0.00033554,
2017-11-26,14579400037.7,329524,1.46789e+11,8789.04,5475580000.0,1912.5,191.22207725,936230,1.34700143056e+12,537151,362.632450565,0.00030931,
2017-11-27,18273427258.0,379086,1.56221e+11,9352.72,5653320000.0,2125.0,236.5030831,1057287,1.34700143056e+12,625210,464.640884947,0.00034512,
2017-11-28,23584545235.9,365821,1.64104e+11,9823.43,6348820000.0,1950.0,245.23091351,1025731,1.34700143056e+12,605525,661.571369106,0.00036256,
2017-11-29,28458302001.1,397917,1.68367e+11,10077.4,11568800000.0,2162.49999928,290.90212855,1131747,1.34700143056e+12,669272,846.03048155,0.00038865,
2017-11-30,22924917043.7,384219,1.65537e+11,9906.79,8310690000.0,2087.5,270.63114407,1084885,1.34700143056e+12,644407,595.536476856,0.0003842,
2017-12-01,19570122510.1,412725,1.70436e+11,10198.6,6783120000.0,2287.5,247.0519056,1116245,1.34700143056e+12,659212,356.951,0.00036635,
2017-12-02,18449211953.6,326193,1.8349e+11,10978.3,5138500000.0,2012.5,190.29585342,942700,1.34700143056e+12,506753,399.580259024,0.00035498,
2017-12-03,18202697112.7,352868,1.85258e+11,11082.7,6608310000.0,2200.0,187.45114274,1016509,1.34700143056e+12,554015,440.103880603,0.00033662,
2017-12-04,24984063999.6,400505,1.89172e+11,11315.4,6132410000.0,2262.5,226.11990963,1145180,1.34700143056e+12,658211,554.4546,0.00033762,
2017-12-05,27862582837.9,405531,1.95389e+11,11685.7,6895260000.0,2225.0,219.679754,1145916,1.34700143056e+12,678119,590.941408434,0.00030608,
2017-12-06,33519822353.1,443399,1.9939e+11,11923.4,12656300000.0,2350.0,257.16995428,1230813,1.40797530473e+12,727780,956.620582168,0.00031063,
2017-12-07,41078503262.7,374765,2.386e+11,14266.1,17950700000.0,1900.0,364.60560502,1068971,1.59089692726e+12,633371,1701.0301317,0.00065633,
2017-12-08,34519751834.0,384936,2.97787e+11,17802.9,21136000000.0,1950.0,641.42966479,1125005,1.59089692726e+12,667114,1627.54272026,0.001026,
2017-12-09,39313620235.6,403225,2.76415e+11,16523.3,13911300000.0,2175.0,567.08842445,1187736,1.59089692726e+12,632247,959.183678621,0.0009395,
2017-12-10,25646823085.0,341256,2.53782e+11,15168.4,13433300000.0,2050.0,458.10029691,1077265,1.59089692726e+12,533121,708.7852031,0.00085309,
2017-12-11,34997845470.9,368427,2.58147e+11,15427.4,12153900000.0,2137.5,483.63865068,1153418,1.59089692726e+12,663293,689.704132456,0.0008555,
2017-12-12,45542037888.6,372821,2.83155e+11,16919.8,14603800000.0,1950.0,537.94407913,1096932,1.59089692726e+12,662530,1214.91168797,0.00087645,
2017-12-13,48353069370.8,424393,2.929e+11,17500.0,12976900000.0,2325.0,604.2979452,1261348,1.59089692726e+12,709918,1281.58625,0.0008588,
2017-12-14,37521936559.5,490459,2.74269e+11,16384.6,13777400000.0,2312.5,644.60794431,1283929,1.59089692726e+12,764683,3131.43130584,0.00085846,
2017-12-15,35932354891.7,405507,2.77936e+11,16601.3,14310000000.0,2112.49999921,592.70393429,1179829,1.59089692726e+12,698713,1659.32433891,0.00093595,
2017-12-16,34015547807.8,364051,2.97376e+11,17760.3,12740600000.0,2137.5,534.01138337,1136363,1.59089692726e+12,601778,1276.74605269,0.000896,
2017-12-17,37469204186.1,391725,3.26141e+11,19475.8,13314600000.0,2312.5,535.43867532,1176110,1.59089692726e+12,643748,1349.3418514,0.00088816,
2017-12-18,46053266583.7,394057,3.2e+11,19106.4,14839500000.0,2275.0,587.12548366,1197857,1.71804583348e+12,681423,1942.45616834,0.00087977,
2017-12-19,27921654891.1,378482,3.20242e+11,19118.3,16894500000.0,1750.0,662.59550536,1048091,1.87310547522e+12,643653,3738.61013944,0.0010848,
2017-12-20,28925969428.8,370141,2.97526e+11,17760.3,22149700000.0,1700.0,911.59174277,1025885,1.87310547522e+12,615360,3338.83498869,0.0016048,
2017-12-21,21021432316.6,335350,2.78827e+11,16642.4,16516600000.0,1650.0,1128.76167038,1002360,1.87310547522e+12,632916,3423.84244982,0.00204211,
2017-12-22,21320968719.9,380493,2.66381e+11,15898.0,22198000000.0,1937.5,1495.94647734,1112381,1.87310547522e+12,670389,3010.18661954,0.00226,
2017-12-23,17876947895.0,308072,2.33748e+11,13948.7,13086000000.0,1737.5,1065.61559484,980574,1.87310547522e+12,570467,1617.78975418,0.00226,
2017-12-24,16206983431.0,279371,2.44824e+11,14608.2,11572300000.0,1900.0,881.12136284,1023773,1.87310547522e+12,503880,1059.19383576,0.0019549,
2017-12-25,19532753166.0,228791,2.3459e+11,13995.9,10664700000.0,1687.5,689.39441204,879901,1.87310547522e+12,457825,1118.15820346,0.0018,
2017-12-26,24633024693.3,247298,2.35294e+11,14036.6,13454300000.0,1775.0,725.62381816,912401,1.87310547522e+12,467480,1466.74946382,0.0015325,
2017-12-27,27522917856.5,307486,2.70976e+11,16163.5,12487600000.0,1950.0,784.81712352,1032417,1.87310547522e+12,568578,2495.47064237,0.0014632,
2017-12-28,22350204741.6,304904,2.65988e+11,15864.1,12336500000.0,1862.5,785.83389168,1003665,1.87310547522e+12,566517,2514.90705898,0.00146853,
2017-12-29,21928912582.0,353659,2.46428e+11,14695.8,13025500000.0,2062.5,785.79504963,1094029,1.87310547522e+12,644851,2671.16151288,0.00126628,
2017-12-30,20847802426.6,344260,2.46224e+11,14681.9,14452600000.0,1825.0,778.5711097,1009195,1.87310547522e+12,601269,3391.18341859,0.00120766,
2017-12-31,13686043242.4,290259,2.16326e+11,12897.7,12136300000.0,2037.5,545.14452622,1007352,1.87310547522e+12,515996,1256.13576487,0.00114096,
2018-01-01,14286973591.9,241601,2.36725e+11,14112.2,10291200000.0,1950.0,469.41303646,966713,1.92258060498e+12,455903,1331.95191372,0.0010815,
2018-01-02,21070141546.1,340809,2.28579e+11,13625.0,16846600000.0,2137.5,649.16497626,1142472,1.93113645449e+12,648248,2318.85837,0.00090307,
2018-01-03,20793365454.0,395806,2.51312e+11,14978.2,16871900000.0,1962.5,749.68547259,1132612,1.93113645449e+12,694576,3178.70296127,0.00103344,
2018-01-04,22292265231.5,424840,2.5625e+11,15270.7,21783200000.0,2100.0,778.26109477,1253400,1.93113645449e+12,808680,3301.03851008,0.00104274,
2018-01-05,25900974434.4,342564,2.59748e+11,15477.2,23840900000.0,1787.49999925,701.35602085,1068678,1.93113645449e+12,691280,2897.08931228,0.0010892,
2018-01-06,32777363199.0,358679,2.93091e+11,17462.1,18314600000.0,2100.0,694.47790564,1171166,1.93113645449e+12,698765,1938.44973504,0.00104361,
2018-01-07,38152383782.5,368025,2.94222e+11,17527.3,15866000000.0,2025.0,686.11400249,1127779,1.93113645449e+12,683244,4176.31057185,0.00114465,
2018-01-08,28755019697.5,345506,2.76612e+11,16476.2,18413900000.0,2075.0,694.5264055,1158259,1.93113645449e+12,701298,2531.38590323,0.00114271,
2018-01-09,23699755585.6,360101,2.53935e+11,15123.7,16660000000.0,2050.0,752.4182028,1150333,1.93113645449e+12,712901,2698.79673987,0.00119852,
2018-01-10,21480822244.5,347227,2.44981e+11,14588.5,18500800000.0,2075.0,720.32570087,1125371,1.93113645449e+12,680181,2744.89805042,0.00114801,
2018-01-11,18718517841.3,337766,2.51387e+11,14968.2,16534100000.0,2412.5,697.44083354,1223977,1.93113645449e+12,624669,2231.06559234,0.00114919,
2018-01-12,16490708794.0,299913,2.25986e+11,13453.9,12065700000.0,2225.0,617.63579417,1152568,1.93113645449e+12,575458,1958.09876876,0.00114969,
2018-01-13,12748028050.8,265586,2.34391e+11,13952.4,12763600000.0,1862.5,528.46632102,943080,2.13425417777e+12,497578,2288.74011551,0.00115181,
2018-01-14,12266702309.8,234890,2.41447e+11,14370.8,11084100000.0,1937.5,491.32446483,967584,2.2278476385e+12,449426,1704.97269337,0.00103719,
2018-01-15,13172946669.1,273473,2.31334e+11,13767.3,12750800000.0,1875.0,510.11761779,953007,2.2278476385e+12,514589,1672.1059071,0.00094308,
2018-01-16,28204175767.4,303566,2.32517e+11,13836.1,18853800000.0,1987.5,606.38246009,999065,2.2278476385e+12,572078,1995.03680591,0.00103338,
2018-01-17,17637597012.2,315604,1.92123e+11,11431.1,18830600000.0,2087.5,675.09668652,1090522,2.2278476385e+12,587740,1849.65920372,0.00114736,
2018-01-18,15128920554.4,309322,1.88242e+11,11198.8,15020400000.0,2162.5,656.89753535,1053533,2.2278476385e+12,581572,1528.68345894,0.00113954,
2018-01-19,11760289034.2,243454,1.9215e+11,11429.8,10740400000.0,2062.5,491.48999429,1027758,2.2278476385e+12,447880,1182.21553165,0.00102954,
2018-01-20,10643662158.3,240433,1.95979e+11,11656.2,11801700000.0,2225.0,429.4031975,973534,2.2278476385e+12,436493,912.906823404,0.00097336,
2018-01-21,9135857725.22,215435,2.1674e+11,12889.2,9935180000.0,2337.5,343.36269629,985152,2.2278476385e+12,397634,672.984057384,0.00084701,
2018-01-22,11990946776.3,245395,1.95645e+11,11633.1,10537400000.0,2087.5,314.61253947,944996,2.2278476385e+12,440476,988.8135,0.00063534,
2018-01-23,11920415581.8,271759,1.84087e+11,10944.5,9660610000.0,2212.5,285.95800518,900248,2.2278476385e+12,413562,498.058475425,0.00047612,
2018-01-24,11955565338.3,250247,1.83419e+11,10903.4,9940990000.0,2200.0,283.49809897,944583,2.2278476385e+12,433454,977.274794952,0.0005273,
2018-01-25,9754662056.81,236422,1.92163e+11,11421.7,8873170000.0,1975.0,220.85446644,841506,2.46058502362e+12,407265,835.900198359,0.00049958,
2018-01-26,11742366541.3,220304,1.89398e+11,11256.0,9746200000.0,1937.5,209.13221596,807963,2.60307730022e+12,388804,887.49575376,0.00050016,
2018-01-27,6929334037.86,193421,1.88054e+11,11174.9,7583270000.0,1962.5,168.25469362,870592,2.60307730022e+12,428955,681.794841123,0.00045282,
2018-01-28,11038244788.6,213288,1.93133e+11,11475.3,8350360000.0,1975.0,155.34485572,768043,2.60307730022e+12,380072,548.546765967,0.00043009,
2018-01-29,9673896110.37,232028,1.97871e+11,11755.5,7107360000.0,1850.0,145.75112922,778150,2.60307730022e+12,399726,624.259487355,0.00042774,
2018-01-30,9215469710.63,236442,1.90339e+11,11306.8,8637860000.0,2087.5,160.30090386,838824,2.60307730022e+12,394423,956.526334592,0.00042814,
2018-01-31,7689823496.35,204159,1.70183e+11,10108.2,8041160000.0,1462.5,162.20623626,676289,2.60307730022e+12,361604,1151.96039227,0.0003729,
2018-02-01,10437874263.6,257504,1.72372e+11,10237.3,9959400000.0,2000.0,214.02754492,842407,2.60307730022e+12,442685,1062.0379766,0.0003898,
2018-02-02,10418735069.6,235750,1.53953e+11,9142.28,12726900000.0,2100.0,274.36258243,854261,2.60307730022e+12,414774,1334.9733702,0.00044823,
2018-02-03,6166344342.3,194733,1.49085e+11,8852.12,7263790000.0,1975.0,146.92776937,714666,2.60307730022e+12,332534,676.744574,0.00040801,
2018-02-04,5630156385.7,173509,1.54553e+11,9175.7,7073550000.0,2225.0,111.31669812,720912,2.60307730022e+12,300607,669.231973425,0.00035599,
2018-02-05,12235146915.0,216178,1.39325e+11,8270.54,9285290000.0,2312.49999924,173.7675019,903367,2.60307730022e+12,370126,746.168615032,0.00033222,
2018-02-06,10209584542.7,243950,1.1881e+11,7051.75,13999800000.0,2125.0,164.26998571,999121,2.60787018729e+12,456055,670.474889635,0.00031974,
2018-02-07,7383538359.06,213578,1.30683e+11,7755.49,9169280000.0,1762.5,123.52109098,814508,2.87467423442e+12,366311,626.814290335,0.00031723,
2018-02-08,7389507379.63,173158,1.28714e+11,7637.86,9346750000.0,1637.5,87.98500449,746349,2.87467423442e+12,296659,440.022231966,0.00028795,
2018-02-09,7502707124.25,177725,1.39412e+11,8271.84,6784820000.0,1687.5,88.36425123,775358,2.87467423442e+12,354485,568.202698526,0.00028972,
2018-02-10,11259806018.8,181640,1.46981e+11,8720.08,7780960000.0,1787.5,88.79565618,741906,2.87467423442e+12,313546,539.083368074,0.00026325,
2018-02-11,9520593484.72,147057,1.45245e+11,8616.13,6122190000.0,1887.5,61.96458348,818420,2.87467423442e+12,280973,369.3734931,0.00025003,
2018-02-12,11113984444.6,186752,1.37258e+11,8141.43,6256440000.0,2075.0,69.96971094,914744,2.87467423442e+12,325002,461.70863673,0.0002034,
2018-02-13,8924752164.74,182820,1.50516e+11,8926.72,5696720000.0,2050.0,68.57325292,852830,2.87467423442e+12,308786,543.794626074,0.00019376,
2018-02-14,9585133737.85,196238,1.45023e+11,8599.92,7909820000.0,2237.5,63.75846926,937586,2.87467423442e+12,332629,503.001064877,0.00015262,
2018-02-15,9046158952.15,198052,1.60025e+11,9488.32,9062540000.0,1637.5,64.08005499,788520,2.87467423442e+12,355904,593.302657053,0.00017206,
2018-02-16,6879188520.01,187581,1.7096e+11,10135.7,7296160000.0,1962.5,58.25713445,773228,2.87467423442e+12,309500,550.134780758,0.00012096,
2018-02-17,11315638699.9,173640,1.72191e+11,10207.5,8660880000.0,1862.5,48.63875388,770450,2.87467423442e+12,293702,510.2798661,0.00010292,
2018-02-18,14588036498.5,159333,1.87663e+11,11123.4,8744010000.0,2025.0,44.58328081,730175,2.87467423442e+12,283478,532.972927938,0.0001,
2018-02-19,15274937955.0,187205,1.78055e+11,10552.6,7652090000.0,2025.0,50.9081119,849889,2.87467423442e+12,325452,532.105779764,7.2e-05,
2018-02-20,11256696602.2,198314,1.89536e+11,11231.8,9926540000.0,1762.5,52.23072575,714645,2.96785333774e+12,336704,627.909735552,4.58e-05,
2018-02-21,12215613119.1,205032,1.91927e+11,11372.2,9405340000.0,2112.5,40.68256761,705387,3.00738386643e+12,345916,768.898551064,1.88e-05,
2018-02-22,12015582851.9,183086,1.79936e+11,10660.4,8040080000.0,1862.5,37.60222865,713590,3.00738386643e+12,395935,567.746466208,1.986e-05,
2018-02-23,7347626606.17,185045,1.67746e+11,9937.07,7739500000.0,1850.0,73.94810594,739570,3.00738386643e+12,316131,560.882712433,6.72e-05,
2018-02-24,6208455871.27,154389,1.73682e+11,10287.7,6917930000.0,1812.5,96.10766905,704058,3.00738386643e+12,272646,606.542833862,0.00023842,
2018-02-25,4384695642.1,144698,1.65407e+11,9796.42,5706940000.0,2137.5,41.44060303,528654,3.00738386643e+12,275153,591.90273329,0.00013928,
2018-02-26,6386756346.89,186333,1.63283e+11,9669.43,7287690000.0,1762.5,46.19035139,669623,3.00738386643e+12,341349,496.869268819,4.569e-05,
2018-02-27,7116756940.12,219464,1.75536e+11,10393.9,6966180000.0,2000.0,50.54578675,713403,3.00738386643e+12,382900,589.186640559,4.477e-05,
2018-02-28,9233137526.8,189068,1.8051e+11,10687.2,6936190000.0,1937.49999927,51.29908837,806237,3.00738386643e+12,372546,555.61363464,5.616e-05,
2018-03-01,9757408493.77,233579,1.75427e+11,10385.0,7317280000.0,2062.5,52.05574602,819981,3.00738386643e+12,403191,620.44860565,6.294e-05,
2018-03-02,7917264412.99,194917,1.85456e+11,10977.4,7620590000.0,1950.0,42.01376982,749023,3.00738386643e+12,429514,581.432920264,5.466e-05,
2018-03-03,6657283230.66,176844,1.87581e+11,11101.9,6690570000.0,2250.0,37.96379904,930026,3.00738386643e+12,342737,407.832626241,5.25e-05,
2018-03-04,5268982642.49,160083,1.94289e+11,11497.4,6084150000.0,1850.0,33.46586197,802172,3.00738386643e+12,296156,407.539369828,5.471e-05,
2018-03-05,8062165666.72,201289,1.94903e+11,11532.4,6468540000.0,1862.5,44.53138052,850566,3.23358140037e+12,342185,542.35839284,4.52e-05,
2018-03-06,7260012004.65,205860,1.94378e+11,11500.1,6832170000.0,1950.0,37.24003205,836894,3.29060598876e+12,341783,468.72222581,4.133e-05,
2018-03-07,7144578485.21,213821,1.82631e+11,10803.9,8797910000.0,1962.5,34.8377064,917555,3.29060598876e+12,368216,439.067903064,2.938e-05,
2018-03-08,7230854770.82,196260,1.68241e+11,9951.44,7186090000.0,2025.0,35.63080068,915698,3.29060598876e+12,332688,494.102231415,2.724e-05,
2018-03-09,7513778455.8,198034,1.59185e+11,9414.69,8704190000.0,1825.0,34.8459414,881628,3.29060598876e+12,384354,472.177960271,2.235e-05,
2018-03-10,4169223799.16,156088,1.58119e+11,9350.59,5386320000.0,1750.0,40.27322368,810973,3.29060598876e+12,260548,403.144329449,4.043e-05,
2018-03-11,4125518664.93,150731,1.49716e+11,8852.78,6296370000.0,1912.5,39.61038377,884564,3.29060598876e+12,259150,362.389965745,3.359e-05,
2018-03-12,6416998188.76,188233,1.62421e+11,9602.93,6457400000.0,2012.5,33.46783473,844775,3.29060598876e+12,328797,400.541859413,2.268e-05,
2018-03-13,5711389197.11,195982,1.55168e+11,9173.04,5991140000.0,1975.0,60.67628875,764106,3.29060598876e+12,320040,403.726496662,8.798e-05,
2018-03-14,6195101928.36,190898,1.55891e+11,9214.65,6438230000.0,1800.0,37.04036657,574892,3.29060598876e+12,315241,521.854102768,5.037e-05,
2018-03-15,6800060235.42,206042,1.40275e+11,8290.76,6834430000.0,1800.0,36.64624829,617139,3.29060598876e+12,352627,482.721707686,2.686e-05,
2018-03-16,4971515727.6,186823,1.40834e+11,8322.91,5289380000.0,1950.0,29.65177072,593940,3.29060598876e+12,354309,416.918198964,2.49e-05,
2018-03-17,3413899966.54,154347,1.40834e+11,8321.91,4426150000.0,1862.5,21.51541723,460743,3.29060598876e+12,266988,376.025087254,1.87e-05,
2018-03-18,3900493413.3,164250,1.33547e+11,7890.52,6639190000.0,1887.5,25.33293823,534906,3.3816981225e+12,291065,480.698132204,1.696e-05,
2018-03-19,5371659508.35,191373,1.4124e+11,8344.12,6729110000.0,1937.5,30.78064883,582460,3.46254239119e+12,316841,418.526707314,1.87e-05,
2018-03-20,5042975777.59,195041,1.45922e+11,8619.67,6361790000.0,1587.5,31.3790795,568469,3.46254239119e+12,310955,445.729169469,2.902e-05,
2018-03-21,6020064793.42,194694,1.51316e+11,8937.48,6043130000.0,1900.0,31.0252744,573438,3.46254239119e+12,314321,437.512347199,2.28e-05,
2018-03-22,5156476493.57,185044,1.51366e+11,8939.44,5530390000.0,1787.5,27.7247885,595119,3.46254239119e+12,316385,415.178255879,2.083e-05,
2018-03-23,5165293489.97,179685,1.47941e+11,8736.25,5954120000.0,1662.49999856,26.25767336,624356,3.46254239119e+12,327732,420.132377875,2.082e-05,
2018-03-24,4266640987.95,156931,1.50762e+11,8901.95,5664600000.0,1950.0,21.76498898,538133,3.46254239119e+12,269616,370.86235856,1.837e-05,
2018-03-25,5402066610.18,135139,1.45882e+11,8612.81,4569880000.0,1687.5,20.23147507,442843,3.46254239119e+12,238637,344.5124,2.034e-05,
2018-03-26,6203275507.24,187700,1.4396e+11,8498.47,5921040000.0,1875.0,26.98506764,584461,3.46254239119e+12,312810,422.673615052,1.911e-05,
2018-03-27,5969723258.41,186913,1.38919e+11,8200.0,5378250000.0,1900.0,27.51028124,602500,3.46254239119e+12,311228,372.447772,1.941e-05,
2018-03-28,5267277711.37,177386,1.32781e+11,7836.83,4935290000.0,1687.5,24.09273355,543737,3.46254239119e+12,295052,372.324736936,2.016e-05,
2018-03-29,4954102781.62,192259,1.35205e+11,7979.07,6361230000.0,1900.0,27.20122872,565348,3.46254239119e+12,325846,398.901795626,1.935e-05,
2018-03-30,5652727051.55,185778,1.21534e+11,7171.45,6289510000.0,2025.0,25.7646693,570440,3.46254239119e+12,357118,372.965887008,1.87e-05,
2018-03-31,3370052456.0,148489,1.1682e+11,6892.48,4553270000.0,1600.0,20.07447617,479750,3.46254239119e+12,248517,315.86526505,1.808e-05,
2018-04-01,3681134051.44,134967,1.18705e+11,7003.06,4532100000.0,2025.0,18.28180544,423281,3.49428884268e+12,242466,283.37181984,1.87e-05,
2018-04-02,5878174748.47,168022,1.16037e+11,6844.86,4333440000.0,1950.0,21.39248333,494672,3.5110605529e+12,288495,306.904082998,1.72e-05,
2018-04-03,6956277297.51,198756,1.20415e+11,7102.26,5499700000.0,2037.5,25.12929851,594098,3.5110605529e+12,328441,330.843796331,1.661e-05,
2018-04-04,5007761969.77,185563,1.26434e+11,7456.41,4936000000.0,1837.5,24.81899369,568015,3.5110605529e+12,329626,365.36409,1.944e-05,
2018-04-05,4414602331.1,181676,1.16142e+11,6848.65,5639320000.0,1950.0,24.46293557,536162,3.5110605529e+12,297645,349.065828444,1.87e-05,
2018-04-06,4827412755.92,172751,1.15601e+11,6815.96,3766810000.0,1725.0,34.53138383,640379,3.5110605529e+12,377430,341.93122151,2.471e-05,
2018-04-07,3342811091.81,154459,1.12467e+11,6630.51,3976610000.0,2250.0,27.16559493,499530,3.5110605529e+12,246616,274.00595836,1.978e-05,
2018-04-08,3004166412.49,138374,1.17392e+11,6919.98,3652500000.0,2012.5,21.01734283,404622,3.5110605529e+12,239498,268.078433605,1.87e-05,
2018-04-09,5215601800.04,176416,1.19516e+11,7044.32,4894060000.0,1837.5,22.42407623,543836,3.5110605529e+12,288689,332.440057805,2.041e-05,
2018-04-10,4659018324.65,186251,1.15306e+11,6795.44,4272750000.0,2050.0,22.98846383,565732,3.5110605529e+12,320440,331.296659278,2e-05,
2018-04-11,4702472016.04,183087,1.16126e+11,6843.47,4641890000.0,2012.5,22.75353142,539442,3.5110605529e+12,295213,344.22551448,1.944e-05,
2018-04-12,5921845505.59,210725,1.18048e+11,6955.38,8906250000.0,1925.0,35.70920887,617410,3.5110605529e+12,335325,351.74344324,4.252e-05,
2018-04-13,6542683257.78,217117,1.34114e+11,7901.09,7764460000.0,2062.5,36.36336175,646935,3.5110605529e+12,389963,358.761712205,5.18e-05,
2018-04-14,3465356443.12,161706,1.33682e+11,7874.67,5191430000.0,1712.5,23.75939568,493659,3.79618832801e+12,274869,291.676753093,3.837e-05,
2018-04-15,4083994981.96,173868,1.35812e+11,7999.33,5244480000.0,2037.5,24.30501194,587020,3.83931689903e+12,306125,301.05382463,3.048e-05,
2018-04-16,8443965650.96,195965,1.41571e+11,8337.57,5631310000.0,1762.5,25.73063079,738315,3.83931689903e+12,323438,361.76599504,2.231e-05,
2018-04-17,6947501938.68,201658,1.3707e+11,8071.66,6900880000.0,2025.0,26.13707878,608590,3.83931689903e+12,349414,358.97045088,1.944e-05,
2018-04-18,6834032666.41,200580,1.34926e+11,7944.43,6529910000.0,2000.0,25.31797642,589421,3.83931689903e+12,349333,343.452326651,1.87e-05,
2018-04-19,7905684324.84,213345,1.38591e+11,8159.27,7063210000.0,2225.0,27.6722839,644595,3.83931689903e+12,385813,375.399608652,1.857e-05,
2018-04-20,8452039163.58,207640,1.40777e+11,8286.88,8438110000.0,1712.5,29.02296386,653018,3.83931689903e+12,404046,364.671529723,2.037e-05,
2018-04-21,5336340581.42,193816,1.50337e+11,8848.79,7548550000.0,1987.5,28.40590158,620016,3.83931689903e+12,332170,322.571047535,2.26e-05,
2018-04-22,4959900179.23,171710,1.51651e+11,8925.06,6629900000.0,2000.0,21.73949684,509559,3.83931689903e+12,305619,287.952334551,1.944e-05,
2018-04-23,6473371463.94,226200,1.49448e+11,8794.39,6925190000.0,1912.5,29.13376866,642656,3.83931689903e+12,379467,293.194409332,1.808e-05,
2018-04-24,8548462178.25,254334,1.51844e+11,8934.34,10678800000.0,1987.5,65.4108642,774318,3.83931689903e+12,420483,375.78227151,7e-05,
2018-04-25,9533897982.99,213032,1.64893e+11,9701.03,11083100000.0,1537.5,91.73241634,688680,3.83931689903e+12,367957,514.965111057,0.0001738,
2018-04-26,6498903625.64,216591,1.50736e+11,8867.32,8970560000.0,1762.5,67.58831497,660414,3.83931689903e+12,374399,344.33381943,0.00015157,
2018-04-27,6747290172.71,210977,1.57948e+11,9290.63,7566290000.0,1775.0,55.63050596,675804,3.94355722345e+12,398889,357.994916727,0.00010896,
2018-04-28,7514890720.65,203553,1.51991e+11,8939.27,7805480000.0,1600.0,41.9470722,562250,4.02205919616e+12,356818,215.222490269,8.894e-05,
2018-04-29,7106274885.01,180640,1.58928e+11,9346.41,8853000000.0,1975.0,34.8862402,541897,4.02205919616e+12,331064,294.272746955,4.628e-05,
2018-04-30,7252192106.65,214952,1.60302e+11,9426.11,8673920000.0,1937.5,36.71911167,642134,4.02205919616e+12,365142,396.495083724,2.765e-05,
2018-05-01,5417296649.12,199801,1.5735e+11,9251.47,7713020000.0,1975.0,31.75790178,632650,4.02205919616e+12,382675,363.918691876,3.024e-05,
2018-05-02,5881530805.64,212156,1.54869e+11,9104.6,7558160000.0,1750.0,38.88684015,683386,4.02205919616e+12,355152,379.793927746,3.573e-05,
2018-05-03,6933584099.66,228370,1.57087e+11,9233.97,10207300000.0,1887.5,39.40065166,663171,4.02205919616e+12,382920,382.145539958,3.842e-05,
2018-05-04,7837824037.88,218931,1.64956e+11,9695.5,8217830000.0,1725.0,39.37853649,695603,4.02205919616e+12,395233,395.393445915,4.042e-05,
2018-05-05,5748961684.33,202542,1.65055e+11,9700.28,7651940000.0,2012.5,32.17831497,625693,4.02205919616e+12,347986,295.996671987,3.365e-05,
2018-05-06,5507894075.53,171624,1.67541e+11,9845.31,7222280000.0,1712.5,31.28195837,533415,4.02205919616e+12,298239,295.3593,3e-05,
2018-05-07,6739584540.73,204913,1.64161e+11,9645.67,7394020000.0,1875.0,35.90014262,660191,4.02205919616e+12,341955,339.262328075,4.32e-05,
2018-05-08,6527295923.23,217671,1.59672e+11,9380.87,7415870000.0,1737.49999926,34.29413578,665088,4.02205919616e+12,374324,321.885698501,4.527e-05,
2018-05-09,6415001713.62,206419,1.57013e+11,9223.73,7226890000.0,2000.0,30.52956993,612055,4.02205919616e+12,348840,340.107703138,3.39e-05,
2018-05-10,6876198665.32,208807,1.58772e+11,9325.96,6906700000.0,1925.0,26.71177891,617388,4.02205919616e+12,354923,354.387039558,2.899e-05,
2018-05-11,8447266642.54,213497,1.54142e+11,9052.96,8488520000.0,1587.5,38.61210375,758816,4.13812323325e+12,405291,428.893847726,4.714e-05,
2018-05-12,4974204732.65,181889,1.43743e+11,8441.44,6821380000.0,2062.5,28.38834405,588539,4.14387847475e+12,342910,255.664458235,4.02e-05,
2018-05-13,3847909236.06,158646,1.45022e+11,8515.49,5866380000.0,1850.0,23.33858622,483628,4.14387847475e+12,277402,304.243385283,3.354e-05,
2018-05-14,7711103107.18,209565,1.48403e+11,8713.1,7364150000.0,1650.0,35.25774075,636148,4.14387847475e+12,360717,382.667763577,4.941e-05,
2018-05-15,5705827469.86,214633,1.48283e+11,8705.19,6705710000.0,1825.0,37.83474629,640177,4.14387847475e+12,363050,391.267561179,6.084e-05,
2018-05-16,6338058073.97,208284,1.44878e+11,8504.41,6760220000.0,2237.5,32.35890796,604422,4.14387847475e+12,345311,326.856197749,4.568e-05,
2018-05-17,6309030686.02,192551,1.42608e+11,8370.05,5862530000.0,1650.0,54.05727301,629548,4.14387847475e+12,316167,365.919251184,6.054e-05,
2018-05-18,6173070993.55,211348,1.37881e+11,8091.83,5764190000.0,1850.0,70.13995212,703271,4.14387847475e+12,391406,321.195481654,0.00014411,
2018-05-19,3553458379.39,173120,1.40689e+11,8255.73,4712400000.0,1925.0,31.42390531,514455,4.14387847475e+12,286108,271.92938123,3.889e-05,
2018-05-20,3692211645.49,158519,1.40556e+11,8246.99,5191060000.0,1800.0,24.98915763,475738,4.14387847475e+12,281220,323.635968811,2.051e-05,
2018-05-21,4767614618.48,202490,1.45264e+11,8522.33,5154990000.0,1962.5,31.28915469,622918,4.14387847475e+12,334313,340.678863401,2.055e-05,
2018-05-22,4657170904.77,203186,1.43534e+11,8419.87,5137010000.0,1887.5,26.52413321,588253,4.14387847475e+12,327021,331.162412162,2.57e-05,
2018-05-23,5490574414.16,223034,1.37024e+11,8037.08,6491120000.0,2025.0,30.82025138,640762,4.14387847475e+12,364663,363.539551853,2.325e-05,
2018-05-24,5257684343.11,206682,1.28925e+11,7561.12,6049220000.0,1787.5,29.75362781,569804,4.21914205901e+12,337988,338.043309072,2.08e-05,
2018-05-25,4394747434.91,196005,1.2947e+11,7592.3,4867830000.0,2200.0,30.37696335,618176,4.30694957398e+12,364320,300.409317249,2.818e-05,
2018-05-26,3192077186.13,158621,1.27682e+11,7486.48,4051540000.0,2025.0,22.51408114,467761,4.30694957398e+12,275434,246.856870711,1.979e-05,
2018-05-27,4137503733.78,144140,1.25575e+11,7362.08,4056520000.0,2049.9999993,19.47089221,442647,4.30694957398e+12,259330,244.606727658,1.536e-05,
2018-05-28,7536167651.11,188907,1.25748e+11,7371.31,5040600000.0,1950.0,29.12400991,589218,4.30694957398e+12,313132,309.486072038,2.043e-05,
2018-05-29,6834181061.62,204630,1.21636e+11,7129.46,5662660000.0,1737.5,28.63684227,604757,4.30694957398e+12,335112,323.043461122,2.43e-05,
2018-05-30,7348935916.84,203903,1.27454e+11,7469.73,4922540000.0,2175.0,22.66213792,592865,4.30694957398e+12,335898,319.147575628,2.386e-05,
2018-05-31,7435591700.34,209356,1.26386e+11,7406.15,5127130000.0,2125.0,21.6541427,627768,4.30694957398e+12,343836,296.830197112,2.063e-05,
2018-06-01,6206627425.44,205315,1.28014e+11,7500.7,4921460000.0,2075.0,20.37476636,692509,4.30694957398e+12,447360,287.96612433,2e-05,
2018-06-02,4151723265.36,174345,1.28645e+11,7536.72,4939300000.0,1900.0,16.27842016,521910,4.30694957398e+12,295695,242.857235904,1.512e-05,
2018-06-03,4477651688.19,163280,1.30288e+11,7632.09,4851760000.0,2037.5,15.3074038,531463,4.30694957398e+12,285966,246.271822195,1.356e-05,
2018-06-04,7925996820.24,209733,1.31847e+11,7722.53,4993170000.0,2287.5,20.71075272,702904,4.30694957398e+12,341314,310.568030875,1.373e-05,
2018-06-05,5821973644.02,212726,1.28081e+11,7500.9,4961740000.0,2187.5,18.52827963,655694,4.41559334167e+12,348466,305.3316354,1.531e-05,
2018-06-06,5055066683.42,206270,1.30233e+11,7625.97,4692260000.0,1837.49999923,19.4579716,651145,4.94070488552e+12,346669,278.281101503,2.016e-05,
2018-06-07,5837903258.63,207484,1.30671e+11,7650.82,4485800000.0,1787.5,20.6699365,634103,4.94070488552e+12,329925,274.173790913,2.26e-05,
2018-06-08,7184034326.85,200234,1.31271e+11,7685.14,4227580000.0,1806.25,17.89042019,648973,4.94070488552e+12,378684,252.692705947,1.813e-05,
2018-06-09,4280029710.14,171163,1.30386e+11,7632.52,3845220000.0,1787.49999929,18.7073671,492526,4.94070488552e+12,282421,228.469563924,1.356e-05,
2018-06-10,7172614294.45,179682,1.28128e+11,7499.55,5804840000.0,1587.5,16.7009531,529728,4.94070488552e+12,307675,246.020037912,1.512e-05,
2018-06-11,6838895569.19,213056,1.16175e+11,6799.29,4745270000.0,1749.99999927,24.67101897,587881,4.94070488552e+12,343971,270.611742,2.26e-05,
2018-06-12,6460010625.56,214450,1.18007e+11,6905.82,4654380000.0,1812.5,21.90653344,654022,4.94070488552e+12,340711,270.443512978,2.034e-05,
2018-06-13,6050461636.6,211686,1.1274e+11,6596.88,5052350000.0,1787.4999992,37.41423181,658357,4.94070488552e+12,355490,281.685918406,4.52e-05,
2018-06-14,5827509265.83,209876,1.08408e+11,6342.75,5138710000.0,1912.49999924,28.01723114,583318,4.94070488552e+12,335212,295.580078437,4.526e-05,
