time,CapMrktEstUSD,ReferenceRate,ReferenceRateBTC,ReferenceRateETH,ReferenceRateEUR,ReferenceRateUSD,principal_market_price_usd,principal_market_usd
2021-07-17,,0.880802542372882,0.0000280013495187346,0.000468984071143437,0.746906940441593,0.880802542372882,,
2021-07-18,,1.59134010218873,0.0000504419476291964,0.000838886937740288,1.35364424629129,1.59134010218873,,
2021-07-19,,1.34418397712086,0.0000423929775351943,0.000710198360888981,1.14274324540081,1.34418397712086,,
2021-07-20,,1.14409180281099,0.000037045442504097,0.000627859800966733,0.975028928314279,1.14409180281099,,
2021-07-21,157806727.4655448243028768,1.2064338248624,0.0000405297039486221,0.00067574686622667,1.02750058605089,1.2064338248624,,
2021-07-22,152453116.8227072454747976,1.22541893629456,0.0000381516816222123,0.000617186528221134,1.04233798412103,1.22541893629456,,
2021-07-23,142890764.4715205217471412,1.18384646365892,0.0000366436957024269,0.000585795140024636,1.01547379641964,1.18384646365892,,
2021-07-24,146589556.1352317345962886,1.10959178621354,0.000033181973731773,0.000525196783372039,0.942935126697884,1.10959178621354,,
2021-07-25,159227654.7398150775201488,1.13831406832987,0.0000333162675014035,0.000522321045997212,0.967159353187202,1.13831406832987,,
2021-07-26,147072691.720044129485107,1.23645288406696,0.0000352065799183185,0.000565249832451142,1.04972536348673,1.23645288406696,,
2021-07-27,142491058.9614314143267774,1.14206576829815,0.0000304999973757678,0.000509587072019487,0.968274374678882,1.14206576829815,,
2021-07-28,154199001.2845179406807338,1.10648794704983,0.0000282797287698179,0.000483979511859702,0.936609047951577,1.10648794704983,,
2021-07-29,164856355.4634854000395854,1.19740380633021,0.000029980670241707,0.000521283181124297,1.01098043092801,1.19740380633021,,
2021-07-30,155444811.4090452153650796,1.28016151781343,0.0000319352459166737,0.000536878215039056,1.07768100774036,1.28016151781343,,
2021-07-31,154000733.0362604804243168,1.20707791428582,0.0000288846022977328,0.000492422711004909,1.01729975555,1.20707791428582,,
2021-08-01,142642442.4779278621949558,1.19586419094256,0.0000286137681771385,0.000470003051538697,1.00883083198031,1.19586419094256,,
2021-08-02,141165020.8301594552074576,1.10766348773011,0.0000277130863443957,0.000432050268201467,0.935938727245964,1.10766348773011,,
2021-08-03,130224427.2825803593088352,1.09619084335592,0.0000278899259088329,0.000418546652610839,0.927324089954206,1.09619084335592,,
2021-08-04,145774889.5141692187232382,1.01123368897584,0.0000264106740929345,0.000402414555054481,0.854074891569617,1.01123368897584,,
2021-08-05,136280822.236802052229144,1.13198792545719,0.0000284605633961106,0.000414961586387722,0.958734296374647,1.13198792545719,,
2021-08-06,135526013.624890221503409,1.0582635031148,0.0000258480909267284,0.000374535579069087,0.893267372572743,1.0582635031148,,
2021-08-07,136321134.0431153611933024,1.05240217653405,0.0000245943769166428,0.000364400863516083,0.892788600087055,1.05240217653405,,
2021-08-08,131377472.2264761021024214,1.05857653698608,0.0000237963111760737,0.000336763749728751,0.898301438351758,1.05857653698608,,
2021-08-09,138688550.7862573217190198,1.02018744608963,0.0000232006836683229,0.000336990467734761,0.869075100122861,1.02018744608963,,
2021-08-10,159823660.6088828990163074,1.07696027355891,0.0000232777546442257,0.000340996982783625,0.918037274560683,1.07696027355891,,
2021-08-11,158505040.550164986794031,1.24108105733833,0.0000272832278654905,0.000395031876203083,1.0602587317478,1.24108105733833,,
2021-08-12,199582874.591548397500322,1.23084155731395,0.000026947034828959,0.000388454186140704,1.04971906989592,1.23084155731395,,
2021-08-13,188390905.2055030760182538,1.5498238751449,0.0000349014245405242,0.000510135776243845,1.32035589485999,1.5498238751449,,
2021-08-14,195145810.3739481070536578,1.46291470821421,0.0000306578332303577,0.000441104778211147,1.24056658326106,1.46291470821421,,
2021-08-15,198775223.6348002671358112,1.51536867414601,0.0000321569068757328,0.000463562405432195,1.2868415880509,1.51536867414601,,
2021-08-16,243550301.8498930428762558,1.54355221111504,0.0000327896515201529,0.000466227516714727,1.30909619525462,1.54355221111504,,
2021-08-17,201888852.2065578711500866,1.89124479431511,0.0000411276788928373,0.000598917114500942,1.60585627723536,1.89124479431511,,
2021-08-18,202689612.7478397570562728,1.56773051753897,0.0000350612140196568,0.000519017864319853,1.34146526116922,1.56773051753897,,
2021-08-19,212251837.1405226207980668,1.57394867532276,0.0000350121444090107,0.000517521551323471,1.34668395151532,1.57394867532276,,
2021-08-20,207805514.782041989479448,1.64820235913006,0.0000353336174386465,0.000519287016757236,1.41000971190665,1.64820235913006,,
2021-08-21,201648180.5116771236134096,1.6136752657516,0.0000327710780275775,0.000492241488912839,1.38105905999325,1.6136752657516,,
2021-08-22,194813309.1671831671056934,1.56586162603432,0.0000319106161917054,0.000484081399447596,1.34092016939652,1.56586162603432,,
2021-08-23,198914779.2242674786760378,1.51278669756203,0.0000306459698664189,0.000466061719986906,1.29583409911876,1.51278669756203,,
2021-08-24,184503654.1701544355105028,1.54463590421701,0.0000311475823247506,0.00046488241376312,1.31571342302283,1.54463590421701,,
2021-08-25,204524219.8790526243943624,1.43272897972626,0.0000298946938787752,0.000450032946392472,1.22303773858559,1.43272897972626,,
2021-08-26,191048771.2555798108336124,1.58819497746308,0.0000324106100996858,0.000491898712564823,1.35436752594541,1.58819497746308,,
2021-08-27,211826120.7161884245267238,1.48355387512558,0.0000314376569051587,0.000475407140370584,1.26236761074801,1.48355387512558,,
2021-08-28,220439828.197805804862901,1.64489653702571,0.0000335361398548801,0.00050302444893664,1.3945416878063,1.64489653702571,,
2021-08-29,209545260.0569000543015618,1.71178468830545,0.0000350398808979298,0.000527893299263745,1.45313498402167,1.71178468830545,,
2021-08-30,217540614.1927288441744814,1.62718493570281,0.0000332428979442103,0.000503629818936215,1.38027721656732,1.62718493570281,,
2021-08-31,228066848.4767913597838284,1.68927137851663,0.0000358460229213183,0.000521644038566089,1.43218216213525,1.68927137851663,,
2021-09-01,230012926.3963058095791986,1.77101090272278,0.0000375061254660772,0.000516036673675869,1.49923891952406,1.77101090272278,,
2021-09-02,225262273.382105466653061,1.78612281063937,0.0000366846674854056,0.000470796783305612,1.50763957290929,1.78612281063937,,
2021-09-03,229574373.6320223484673618,1.74923249387745,0.000035431378422835,0.000461308148588489,1.47359584550911,1.74923249387745,,
2021-09-04,222702594.769509907296311,1.78271731031281,0.0000357540756476042,0.00045493931732447,1.50207163360649,1.78271731031281,,
2021-09-05,222236741.7724341084180182,1.72935578333995,0.0000346428368937025,0.000444995735541159,1.45637220512787,1.72935578333995,,
2021-09-06,213801622.1193647520612426,1.72573828810819,0.000033349118133634,0.000436385593126659,1.4525574337954,1.72573828810819,,
2021-09-07,173040989.6142623261767836,1.66023692755917,0.0000315391027881748,0.0004225775186521,1.39946568563796,1.66023692755917,,
2021-09-08,166334598.9355558967642492,1.34371777955262,0.0000286785822092129,0.000391429256779836,1.13620842588707,1.34371777955262,,
2021-09-09,180084170.4297635939925988,1.29164054391214,0.0000279648658223337,0.000368222024018718,1.09348406105711,1.29164054391214,,
2021-09-10,163977765.0138883455250686,1.39841029666946,0.0000301065055389781,0.000407359724094896,1.18600335802616,1.39841029666946,,
2021-09-11,195252289.839966340046073,1.27333898628087,0.0000284447927526181,0.000397399768666982,1.07940752566818,1.27333898628087,,
2021-09-12,198936580.1079047526554314,1.51619552073285,0.0000336195758101619,0.000465203434971216,1.28525600807442,1.51619552073285,,
2021-09-13,182026109.9517920357080584,1.54480519494413,0.0000334513795459646,0.000451998840864971,1.3077806917819,1.54480519494413,,
2021-09-14,186026930.5634417415569784,1.41349006862628,0.0000314168092516243,0.000429691031078513,1.19806959986398,1.41349006862628,,
2021-09-15,184595613.2127092468236712,1.44455770064028,0.0000307204866394224,0.000422425424956584,1.22370727846493,1.44455770064028,,
2021-09-16,174875366.1949351395364342,1.43344307065204,0.0000297597408001478,0.000399170120524714,1.2127816109533,1.43344307065204,,
2021-09-17,167514861.5964457047892666,1.35796229139539,0.0000284108409197335,0.000380624583556264,1.15476434201011,1.35796229139539,,
2021-09-18,171953399.013697038435618,1.30080565516997,0.000027551389994273,0.000382981777141597,1.10966749312074,1.30080565516997,,
2021-09-19,167564985.1121682130667884,1.3352722960281,0.0000277004380935791,0.000389857753320363,1.14006696248929,1.3352722960281,,
2021-09-20,151474225.6082320879224438,1.30119488005478,0.0000275569024139029,0.000391927301864571,1.11074824276221,1.30119488005478,,
2021-09-21,148500960.1260340071606006,1.17624506509971,0.0000274467636865204,0.000396660717862946,1.00419551551456,1.17624506509971,,
2021-09-22,160184583.4104599260812372,1.15315672227027,0.0000284543946446654,0.000419963759690004,0.98392715582111,1.15315672227027,,
2021-09-23,157830569.0718379001641684,1.24388373655674,0.0000285441263866996,0.000406004202698069,1.06461912489746,1.24388373655674,,
2021-09-24,149561375.014533952617405,1.22560407387578,0.0000273198531388196,0.000389390307203998,1.04504201597836,1.22560407387578,,
2021-09-25,144721435.5156166144964396,1.16139117783225,0.000027133210964528,0.000396033310766085,0.992154862003303,1.16139117783225,,
2021-09-26,134072691.5353793570507096,1.12380752339782,0.0000262969587699302,0.000383225296704399,0.961673154415894,1.12380752339782,,
2021-09-27,134372738.3068928580677618,1.04111667281932,0.0000241383128578898,0.000341506976868635,0.889369441701992,1.04111667281932,,
2021-09-28,131125635.4050473218974692,1.04344663049281,0.0000245535426966511,0.000353411663409206,0.892482535198488,1.04344663049281,,
2021-09-29,126770796.0218376920102135,1.01823185386114,0.000024700105106427,0.000361640065183625,0.873719726081442,1.01823185386114,,
2021-09-30,143318879.9107506060831646,0.984415154596075,0.0000237471996160895,0.000346226190960408,0.848966010975024,0.984415154596075,,
2021-10-01,148797833.5627924911955556,1.11291623742407,0.0000254197564661232,0.000370783286989655,0.961476388373403,1.11291623742407,,
2021-10-02,147455376.4761392820798818,1.15546203800002,0.0000240330062888099,0.000350199251399895,0.995321676577644,1.15546203800002,,
2021-10-03,148491955.6871771695554818,1.14503743594681,0.0000239585477378739,0.000337385289481262,0.985213456224175,1.14503743594681,,
2021-10-04,141163771.4262264792029798,1.15308679996681,0.000023921660900805,0.000337116608320459,0.992130165122704,1.15308679996681,,
2021-10-05,143659680.3210739036887496,1.09618114134091,0.0000222400988504867,0.000323202501495889,0.942038951448072,1.09618114134091,,
2021-10-06,137075416.6500874506199396,1.11556265993732,0.0000216370222379003,0.000316883899486391,0.961041796535197,1.11556265993732,,
2021-10-07,157442460.395957328417293,1.06443377897282,0.0000192067414728259,0.000296629046228789,0.919045586767067,1.06443377897282,,
2021-10-08,151418970.2060134033100002,1.22259028778185,0.0000227225485053147,0.000340620142717981,1.05429797526537,1.22259028778185,,
2021-10-09,161497140.7607203647949792,1.17581598950009,0.0000218012068192414,0.000330183913949111,1.01568605292595,1.17581598950009,,
2021-10-10,153314964.3589852455137706,1.25407615774064,0.000022796857447844,0.000350313124308432,1.08231232116527,1.25407615774064,,
2021-10-11,149962526.0684839605379984,1.19053898119677,0.0000217643716504942,0.000346893469156681,1.02929918395773,1.19053898119677,,
2021-10-12,147496701.0104738507421558,1.16450624209928,0.00002032680710124,0.000330866336317848,1.0080067865441,1.16450624209928,,
2021-10-13,153187080.0046382475975802,1.14535833397011,0.0000203814264295866,0.000328064438572378,0.993698502727546,1.14535833397011,,
2021-10-14,155685174.2944104842395274,1.18954591891109,0.0000207422647454234,0.000330653265151116,1.02503918164985,1.18954591891109,,
2021-10-15,160260957.6843047673485454,1.20894440778733,0.0000210676082197743,0.00031927397926888,1.04229478276901,1.20894440778733,,
2021-10-16,165583066.7680021803554526,1.24447680684543,0.0000202531508223937,0.000322260349309305,1.07121487856769,1.24447680684543,,
2021-10-17,171320687.428746875758474,1.28580465995367,0.0000211022668883148,0.000335127024393646,1.10438180782657,1.28580465995367,,
2021-10-18,166739841.9666183141859336,1.3303590913133,0.0000216451511182736,0.00034677298702212,1.14540635356004,1.3303590913133,,
2021-10-19,159519353.1223007822530456,1.29478738367012,0.0000208913981209197,0.000345639228178036,1.11548717448582,1.29478738367012,,
2021-10-20,165443427.1866729295880632,1.23871801387052,0.0000192673933181613,0.000319665523692606,1.06379191010581,1.23871801387052,,
2021-10-21,155706735.847915292977868,1.28472031462844,0.0000194472506266745,0.000309318740285548,1.09965996295723,1.28472031462844,,
2021-10-22,157697627.6939314516493546,1.2091118400406,0.0000193849048846098,0.000297432236280383,1.03958301037365,1.2091118400406,,
2021-10-23,159535219.2709638738211368,1.22457174220957,0.000020157238562384,0.000308026273131073,1.05243180463325,1.22457174220957,,
2021-10-24,152397327.12615030719799,1.23884121951156,0.0000202259518083915,0.000297828472309788,1.0657250604665,1.23884121951156,,
2021-10-25,153737979.1310891718313794,1.1834132390955,0.0000194431043622904,0.000290294633918703,1.01758175991052,1.1834132390955,,
2021-10-26,154488522.3237252367297278,1.19382382412073,0.0000189400624981976,0.000283271835773592,1.02853350964786,1.19382382412073,,
2021-10-27,138455894.807040258059135,1.19965202837751,0.0000198637682586656,0.000290428166437075,1.03516040215578,1.19965202837751,,
2021-10-28,144730113.522422210913008,1.07515362661075,0.0000183588179948418,0.000272354760944726,0.92824565124074,1.07515362661075,,
2021-10-29,220322359.2097384223931,1.1238749108536,0.0000185566391647457,0.000262663064458653,0.961969494555956,1.1238749108536,,
2021-10-30,212507683.7326299785637,1.1565381825913,0.0000185846571005673,0.000262064179364293,0.999858423296872,1.1565381825913,,
2021-10-31,229621350.90657277243872,1.1155166058151,0.0000180671187638882,0.000258739884765615,0.965296749131108,1.1155166058151,,
2021-11-01,246732490.22399506053711,1.20535138065056,0.0000196205942740163,0.000280708212183313,1.04356280346203,1.20535138065056,,
2021-11-02,259538363.27273948048586,1.29517288600853,0.000021200335080232,0.000299407383786977,1.11722559731135,1.29517288600853,,
2021-11-03,263879363.15337481935606,1.36239475670478,0.0000216168222260314,0.000297052338467912,1.17697099794882,1.36239475670478,,
2021-11-04,269453234.31289721823798,1.38518196781938,0.0000220023884788876,0.000301201675785812,1.19318941768971,1.38518196781938,,
2021-11-05,258935711.27131228650228,1.41444089026354,0.0000230387892145266,0.000311852966580383,1.22494655028688,1.41444089026354,,
2021-11-06,260804340.37614131697771,1.35923125549244,0.0000222803462245058,0.000303610103204059,1.17854154137701,1.35923125549244,,
2021-11-07,271258427.03638532972067,1.36904025044233,0.0000222770979707259,0.000303446080125928,1.18619056557592,1.36904025044233,,
2021-11-08,265529688.29730363226131,1.42391688861041,0.0000225861422103209,0.000308923185876991,1.23354521979277,1.42391688861041,,
2021-11-09,254498996.58471379218879,1.39384501976513,0.0000206367899276215,0.000289711014496643,1.20243405440714,1.39384501976513,,
2021-11-10,234968674.78199334184362,1.33594160863717,0.0000199110209007587,0.000282100328654954,1.15288964209234,1.33594160863717,,
2021-11-11,244103204.5467404534559,1.23342108841326,0.0000190471864124552,0.000266976854554954,1.07475508354008,1.23342108841326,,
2021-11-12,231633233.46626263829307,1.2813709764357,0.0000197246483634959,0.000271032092404761,1.12023616039776,1.2813709764357,,
2021-11-13,231035893.92119726185113,1.21591235597561,0.0000189752175045304,0.000260770883142395,1.06298522872279,1.21591235597561,,
2021-11-14,232592696.18431812706887,1.21277674144099,0.0000188325828995532,0.000261096180388553,1.06144177613974,1.21277674144099,,
2021-11-15,244959753.60189788657013,1.22094886371901,0.0000187745206537997,0.000264875686201264,1.06800930264631,1.22094886371901,,
2021-11-16,220379857.73997985588878,1.28586725947799,0.0000201693584784783,0.000281407859459933,1.13159599581933,1.28586725947799,,
2021-11-17,225293367.53999209159737,1.15684000963194,0.0000191775879780519,0.000273217782492804,1.02273685172171,1.15684000963194,,
2021-11-18,204307856.07415515607257,1.18263249712451,0.0000196599799622965,0.000277248868350059,1.04604663463239,1.18263249712451,,
2021-11-19,214865362.91512408177206,1.07247324965411,0.0000188835142949464,0.000269082004509102,0.943878765225947,1.07247324965411,,
2021-11-20,220441082.94288073995525,1.12789277138738,0.0000194417098003664,0.000262833257762987,1.00125413114782,1.12789277138738,,
2021-11-21,232346457.31635583596693,1.15716139909575,0.0000193668885273437,0.000262207925540659,1.02731686810613,1.15716139909575,,
2021-11-22,215824182.15943171788039,1.21965628200439,0.0000206607160119139,0.000282977615099265,1.08330399882065,1.21965628200439,,
2021-11-23,213793406.65482921837549,1.13292590134397,0.0000200931935350382,0.000276541089030125,1.00842068946943,1.13292590134397,,
2021-11-24,205938249.67228656101976,1.12226575128127,0.000019469494055156,0.000258101524519914,0.998174654829987,1.12226575128127,,
2021-11-25,231650606.97912231662841,1.08103167493448,0.0000189183942442012,0.000253646060330555,0.965148917596098,1.08103167493448,,
2021-11-26,231255544.3198426275539,1.21600355475843,0.0000206072066018517,0.00026866814298272,1.08508183427541,1.21600355475843,,
2021-11-27,240880706.0426793925986,1.09562506822841,0.0000203645443535137,0.000270390609925623,0.969633287026973,1.09562506822841,,
2021-11-28,245276528.858199383771,1.14122643316134,0.000020887855777502,0.000279238524647402,1.00973307616985,1.14122643316134,,
2021-11-29,243277311.712983519825,1.1620526308049,0.0000202983696705082,0.000270806616338373,1.02980998138954,1.1620526308049,,
2021-11-30,233412366.3875602215302,1.1525808906675,0.0000198992877701494,0.000259099519399158,1.02046136636779,1.1525808906675,,
2021-12-01,230209418.8981524720769,1.10584349707538,0.0000193677995214894,0.000238069048464645,0.975278528779453,1.10584349707538,,
2021-12-02,232867952.9395029014129,1.09066881414211,0.0000190741025168952,0.000237901759873801,0.963678441787588,1.09066881414211,,
2021-12-03,224943232.5029976494617,1.10326421612051,0.0000194981935816476,0.000243678257282181,0.976628390469809,1.10326421612051,,
2021-12-04,190554787.09716951183219,1.06571907360523,0.0000198562881403316,0.000251768463058902,0.943734010807324,1.06571907360523,,
2021-12-05,181495000.59650432013495,0.902796091780761,0.0000183645432002263,0.000220314467882203,0.799856493818113,0.902796091780761,,
2021-12-06,180420329.46638390183887,0.859873318914405,0.0000174320693995931,0.000205191924922837,0.760466682751516,0.859873318914405,,
2021-12-07,172828051.36782152402256,0.854781823124653,0.0000169145073846376,0.000196866290671044,0.757692894893533,0.854781823124653,,
2021-12-08,177863858.53600209312048,0.818811700833264,0.0000161902172171527,0.000190254846074367,0.726373855098162,0.818811700833264,,
2021-12-09,160616537.76032218838237,0.842669968052112,0.0000166863178086562,0.000190334416777171,0.743001116820847,0.842669968052112,,
2021-12-10,149591705.55301046151324,0.760956913097303,0.0000158738313073731,0.000183041686840545,0.674160402558738,0.760956913097303,,
2021-12-11,160319841.39023204418708,0.708724294956756,0.0000149402549496969,0.000180262980089881,0.626795342536488,0.708724294956756,,
2021-12-12,205702804.48196372463703,0.759551247422652,0.0000153999188961339,0.00018618345989895,0.672902891077321,0.759551247422652,,
2021-12-13,172051056.74305787607888,0.974563225535557,0.0000194381702151979,0.000235345598288989,0.861471903539301,0.974563225535557,,
2021-12-14,164197916.51026630785799,0.815130514329072,0.0000174227808576825,0.000215182892526819,0.72270532400923,0.815130514329072,,
2021-12-15,165302855.13651791544465,0.777924499101781,0.000016108537833378,0.000202018258931984,0.691047053403778,0.777924499101781,,
2021-12-16,177666489.28075500498996,0.783159393950835,0.0000160382840865626,0.000195027179485424,0.693164113285135,0.783159393950835,,
2021-12-17,165502251.93211756458385,0.841734886887324,0.0000176599585100506,0.000211839750057623,0.742904608748251,0.841734886887324,,
2021-12-18,167019135.82896648819474,0.784104081043315,0.0000169226894874085,0.000201806251709077,0.69786517861716,0.784104081043315,,
2021-12-19,162604513.97436551492189,0.791290659111606,0.0000168701159838682,0.000199525050377836,0.704349791518818,0.791290659111606,,
2021-12-20,159293699.43210619569208,0.770375396799191,0.0000164341748582468,0.000195647621837424,0.685070713580235,0.770375396799191,,
2021-12-21,163895559.19287800471146,0.754689669482152,0.0000160726966462233,0.000191561437972187,0.669266092272585,0.754689669482152,,
2021-12-22,165699937.9592987543233,0.776492013418174,0.0000158202808601642,0.000192725843183469,0.687364176361039,0.776492013418174,,
2021-12-23,173820380.08348575085234,0.78504066298627,0.0000161225472574452,0.000197013111053144,0.693176261507901,0.78504066298627,,
2021-12-24,167283264.11308044677599,0.823513080945046,0.0000162387071486728,0.000200766280854974,0.727186820759205,0.823513080945046,,
2021-12-25,169917058.68575242846359,0.792542026165981,0.000015606187189298,0.000195923311766167,0.700501110036258,0.792542026165981,,
2021-12-26,170057428.36749374311959,0.805020219356421,0.0000159124934661063,0.000196350167675409,0.712403945941399,0.805020219356421,,
2021-12-27,166712113.98395117719525,0.805685252242821,0.0000158604746179909,0.000197939942247378,0.711727164602296,0.805685252242821,,
2021-12-28,155112062.16491563516687,0.789836074180975,0.0000155490629520171,0.000195291841665391,0.697330789416029,0.789836074180975,,
2021-12-29,150963580.13016962207456,0.734878223967853,0.0000154149632918454,0.000193078544364493,0.650038921459164,0.734878223967853,,
2021-12-30,153254225.33513172598026,0.715223858812064,0.000015390981481722,0.000196562249477033,0.630180011914189,0.715223858812064,,
2021-12-31,149940317.07383359357707,0.726076304820894,0.0000154148267100668,0.000195811487098968,0.641383374712717,0.726076304820894,,
2022-01-01,158069267.479901017121,0.710375920315233,0.0000153246493856091,0.000192672961409609,0.624912946731439,0.710375920315233,,
2022-01-02,157063910.03304895386326,0.7488886481699,0.0000157461837772234,0.000199116397983088,0.658798299795322,0.7488886481699,,
2022-01-03,150558167.32354260857269,0.744125541518594,0.0000157145796715758,0.000194168724299356,0.655013013343644,0.744125541518594,,
2022-01-04,148537369.44525807121283,0.713303124607711,0.0000153552297105865,0.000189434185221343,0.631328417265321,0.713303124607711,,
2022-01-05,136123570.3693712754343,0.703729140901577,0.0000153297986514002,0.000185355750214076,0.623830212589865,0.703729140901577,,
2022-01-06,135304714.64248848449265,0.64491598033717,0.0000148151158808172,0.000181883798423397,0.570970949904522,0.64491598033717,,
2022-01-07,127161189.73509120832837,0.641036467462035,0.0000148577351519818,0.000187808925387726,0.56788303310804,0.641036467462035,,
2022-01-08,123289846.50915372508877,0.602454689634703,0.0000145125097176186,0.0001888497621317,0.530487841716551,0.602454689634703,,
2022-01-09,124122988.82681957102421,0.584113331815463,0.0000139740657075284,0.000188857417251778,0.514585477915993,0.584113331815463,,
2022-01-10,115431222.89557450554149,0.588060530622399,0.0000140393814446528,0.000186399469256571,0.518203017137587,0.588060530622399,,
2022-01-11,123205356.75813674112335,0.546881337840431,0.0000130779821108109,0.000177566614144851,0.482871661857519,0.546881337840431,,
2022-01-12,129692820.21686832616411,0.583713042648365,0.0000136483025837726,0.000180049746194308,0.513920391662785,0.583713042648365,,
2022-01-13,137074979.75423541581258,0.614448857504209,0.0000139771271466432,0.000182175091230881,0.537747264277018,0.614448857504209,,
2022-01-14,143026028.83192532096516,0.649423495931102,0.0000152350751093691,0.000199633942564384,0.567103968013874,0.649423495931102,,
2022-01-15,136250875.75038785048662,0.677617927208204,0.0000157210279334276,0.000204797868183727,0.593646383172862,0.677617927208204,,
2022-01-16,132020776.77558019522056,0.645519118165378,0.0000149402638808686,0.000193591073151641,0.56608547256054,0.645519118165378,,
2022-01-17,148253289.936792510815703,0.625478074429464,0.0000144891034706988,0.000186357601484335,0.548315830620811,0.625478074429464,,
2022-01-18,153508512.755271348228654,0.568073817076299,0.000013457870651611,0.000176908294098809,0.498179263128288,0.568073817076299,,
2022-01-19,150134933.489068470277803,0.588210668591382,0.0000138626818341815,0.000185801780277836,0.519341528676916,0.588210668591382,,
2022-01-20,140995480.959868971087627,0.575283858995599,0.0000137668154971115,0.00018525157692046,0.507317440787236,0.575283858995599,,
2022-01-21,117136853.505389146313991,0.540263498324591,0.0000132560071132137,0.000179377757621646,0.477858555004632,0.540263498324591,,
2022-01-22,107687880.502089554653446,0.448842514857403,0.0000122996542283191,0.000174983538906229,0.396017687459334,0.448842514857403,,
2022-01-23,106956981.921894849090291,0.412636140187918,0.0000117908198190477,0.000171872375367289,0.364367985715493,0.412636140187918,,
2022-01-24,97503169.092264125516499,0.409835498485303,0.0000112992454172251,0.000161766908675905,0.361571439404986,0.409835498485303,,
2022-01-25,94995575.161286112746925,0.373610578671767,0.0000101913087570419,0.000153174142497857,0.330022682565721,0.373610578671767,,
2022-01-26,90667602.110382712337481,0.364002033346025,0.00000985051562370468,0.000148065692528141,0.322191972804004,0.364002033346025,,
2022-01-27,84630428.745441830169687,0.347418197855573,0.00000943409147345034,0.000140820032991523,0.309204078206057,0.347418197855573,,
2022-01-28,86981523.753428556307494,0.324285084794571,0.00000875926842043276,0.00013441175315998,0.291006282036161,0.324285084794571,,
2022-01-29,91042136.527894995349413,0.333293960861102,0.00000882457324136019,0.000130932008536178,0.298909662520355,0.333293960861102,,
2022-01-30,87604721.027678986040988,0.348853330905729,0.00000915907014093922,0.000134526336480883,0.313401545925463,0.348853330905729,,
2022-01-31,89459446.523661527074212,0.335681914980204,0.00000883757048602979,0.000128586402714962,0.301311429123819,0.335681914980204,,
2022-02-01,92059075.891988637532509,0.342788812861396,0.00000891224637929295,0.000127607831623279,0.305239187283848,0.342788812861396,,
2022-02-02,85480175.698309803729753,0.352750017627097,0.00000909431639355068,0.000126181418777158,0.312988209461994,0.352750017627097,,
2022-02-03,87678711.607072880800335,0.327541127174949,0.00000886628213572875,0.000121914400691512,0.289977731848101,0.327541127174949,,
2022-02-04,96965935.125324170503437,0.335965430515555,0.00000906602039470913,0.000125798964821977,0.293827495122811,0.335965430515555,,
2022-02-05,97726585.671260282088426,0.371552016933321,0.00000904461699927376,0.000125104545831653,0.324294773077753,0.371552016933321,,
2022-02-06,100217210.96837812199973,0.374466661588258,0.00000902142752941184,0.000124093793419172,0.327306429561271,0.374466661588258,,
2022-02-07,106344234.474265825581687,0.38401018686209,0.00000906577613417647,0.000125930900786995,0.335386786873674,0.38401018686209,,
2022-02-08,102952587.656537218449489,0.407487585790571,0.00000928450797166319,0.000129551407169871,0.356411506958919,0.407487585790571,,
2022-02-09,105438232.646704187653938,0.394491545333437,0.00000893172668621266,0.000126171307852452,0.345668091929635,0.394491545333437,,
2022-02-10,133722984.191328186430854,0.404015987172554,0.00000909841957278286,0.000124629978397076,0.353745399273394,0.404015987172554,,
2022-02-11,117395176.105997977435905,0.512396899203982,0.0000117483577082542,0.000166332091370106,0.44914674723463,0.512396899203982,,
2022-02-12,115133422.973092508972004,0.449832349928365,0.0000106199431746841,0.000153837199361816,0.396185205965496,0.449832349928365,,
2022-02-13,105743888.57671435734954,0.441165812166932,0.0000104607451815077,0.000151559821849472,0.389139609548263,0.441165812166932,,
2022-02-14,108164173.532460322740423,0.40518719309282,0.00000960259466751849,0.000140655980064445,0.356919601317754,0.40518719309282,,
2022-02-15,112961084.772213859165638,0.414461189736059,0.00000971860471536747,0.000141150916216278,0.366627753652038,0.414461189736059,,
2022-02-16,108546209.85570617286075,0.432841892648654,0.00000972418185046284,0.000136317068827078,0.381085071035423,0.432841892648654,,
2022-02-17,95847550.052703384606123,0.41592506842975,0.00000943874671132483,0.000132438007211527,0.365581431055636,0.41592506842975,,
2022-02-18,102106782.060941363995815,0.367266612694159,0.00000904374275496198,0.000127170615415677,0.323261834590821,0.367266612694159,,
2022-02-19,98443866.84969467540652,0.391250605362395,0.00000977046376773146,0.000140499168668539,0.345573794816995,0.391250605362395,,
2022-02-20,92671661.960633569067235,0.37721512441916,0.00000940782582812647,0.000136791331156651,0.333135113487245,0.37721512441916,,
2022-02-21,84582904.768994977023135,0.355097311953255,0.00000921095634776107,0.000134690790964214,0.313701122249235,0.355097311953255,,
2022-02-22,91823588.438249791708287,0.324102983427955,0.00000873639195768936,0.000125676249961289,0.286638645231497,0.324102983427955,,
2022-02-23,87056568.570655002654432,0.351847681788371,0.00000921004686317303,0.000133466269403529,0.310546252667716,0.351847681788371,,
2022-02-24,81753479.586358793683281,0.333581516002656,0.00000894122207538567,0.000128706893360832,0.29492623178746,0.333581516002656,,
2022-02-25,86120144.741299138986126,0.313261251926973,0.00000818260806040137,0.000120761372779811,0.279513386915605,0.313261251926973,,
2022-02-26,86084589.228981275932932,0.329993347002358,0.00000839170163977421,0.000118336986635425,0.292382364221235,0.329993347002358,,
2022-02-27,82789392.369634356020415,0.329857106143156,0.00000844562226769623,0.000118752559090054,0.292900066757988,0.329857106143156,,
2022-02-28,89085310.383352027992624,0.317230640594195,0.00000842247443458205,0.000121335938104562,0.284053649962352,0.317230640594195,,
2022-03-01,91404680.930350696347951,0.341355205921392,0.00000790553727161967,0.000117124480246981,0.304223406189986,0.341355205921392,,
2022-03-02,95240098.205215225685667,0.350242520870083,0.00000790000690138273,0.000117945253575633,0.314782430005167,0.350242520870083,,
2022-03-03,92788627.582579566394653,0.364938991567911,0.00000829697477367389,0.000123513155395604,0.328251990060196,0.364938991567911,,
2022-03-04,85439330.912614730488734,0.355545498346649,0.00000836719896274959,0.000125326496968222,0.32124470855515,0.355545498346649,,
2022-03-05,87798253.465606253867544,0.327384618990022,0.00000837163674804985,0.000125059899406826,0.299435035237255,0.327384618990022,,
2022-03-06,87219926.0829425685627,0.336423488477752,0.00000854216108481275,0.000126337922190041,0.307977885187982,0.336423488477752,,
2022-03-07,84149658.222576643194294,0.3342074658591,0.00000870346841889988,0.000130656758204895,0.306982758191591,0.3342074658591,,
2022-03-08,80665664.421376209266481,0.322442878485502,0.00000845269941526195,0.000128925546559331,0.296973362562524,0.322442878485502,,
2022-03-09,82997257.233377426388927,0.309092984812573,0.00000798164429904969,0.000119907362079693,0.283691764494228,0.309092984812573,,
2022-03-10,79857254.069064030452727,0.318027132777491,0.00000757398561147418,0.0001166228392497,0.287302788255772,0.318027132777491,,
2022-03-11,77842613.320743238513086,0.305995335142891,0.000007750198368124,0.000117176226712401,0.278280149851045,0.305995335142891,,
2022-03-12,78719555.256082663463433,0.298275677384038,0.00000768249524064359,0.000116395405268631,0.273333156327759,0.298275677384038,,
2022-03-13,77549024.239146028276794,0.301635924922389,0.00000774395825744176,0.000116995584252963,0.276899923846764,0.301635924922389,,
2022-03-14,79032965.37358487786373,0.297150708958002,0.00000785940050732823,0.00011808132694921,0.271927196694613,0.297150708958002,,
2022-03-15,78303675.004206054886125,0.30283684317409,0.00000763793530705619,0.000116953526283174,0.276922491293514,0.30283684317409,,
2022-03-16,82323233.005871221575666,0.300042363779625,0.00000762364465125517,0.000114465941692939,0.273650547056055,0.300042363779625,,
2022-03-17,82129087.971426156131205,0.315444421015178,0.00000767471648836325,0.00011392345411735,0.286231111305712,0.315444421015178,,
2022-03-18,82633397.931384079046004,0.314700500183265,0.00000768191420552664,0.000111751616467332,0.283543227660534,0.314700500183265,,
2022-03-19,88981015.680837667290102,0.316632904408932,0.00000757022009577372,0.000107482333698251,0.286166199053227,0.316632904408932,,
2022-03-20,85415454.879349304175789,0.340955571688766,0.00000808082540569869,0.000115624085008165,0.308268386352886,0.340955571688766,,
2022-03-21,89693178.670093074273147,0.327293131311337,0.00000792578575345017,0.000114365568693093,0.296229613423089,0.327293131311337,,
2022-03-22,92003747.960358616888617,0.343684422750751,0.00000836939477049717,0.00011858086862973,0.311818369421804,0.343684422750751,,
2022-03-23,97003094.018671060867206,0.352538013230261,0.00000831787752622441,0.000118435089934434,0.319685531636334,0.352538013230261,,
2022-03-24,97336141.554984709410381,0.371694401593998,0.00000869782051107578,0.000123031696790235,0.337492695343576,0.371694401593998,,
2022-03-25,92976269.927887620298131,0.372970566091273,0.00000848150115003927,0.000119923389692805,0.338642032938588,0.372970566091273,,
2022-03-26,93912179.493868133992173,0.356264502312023,0.00000803355868321092,0.000114759092970971,0.324437602811298,0.356264502312023,,
2022-03-27,98335987.879504852199541,0.359850700768809,0.00000808291311589884,0.000114396630232348,0.327510225295858,0.359850700768809,,
2022-03-28,104960697.585644882670837,0.376801756065553,0.00000805524295473977,0.000114573305292128,0.342915448743781,0.376801756065553,,
2022-03-29,105330945.298436895420894,0.402186178437521,0.00000851662575549052,0.000120181842930277,0.365674145982808,0.402186178437521,,
2022-03-30,108688139.873121355559775,0.403604885783302,0.00000850344165108782,0.000118753699634877,0.363782330585818,0.403604885783302,,
2022-03-31,102958819.124376619385547,0.416468912865075,0.00000883785596661987,0.000122886645747166,0.373056432868509,0.416468912865075,,
2022-04-01,117633707.389121423259981,0.394515422939951,0.00000865882970049613,0.000120213579227831,0.356399799283689,0.394515422939951,,
2022-04-02,129674781.007359538082856,0.450746349048073,0.00000974579614389851,0.000130783042137917,0.408064339586707,0.450746349048073,,
2022-04-03,131975708.167843592785692,0.496885079965448,0.0000108159815027785,0.000143942652860703,0.449912940523306,0.496885079965448,,
2022-04-04,120119670.497941048785279,0.505701723936236,0.0000108892291513058,0.000143602740168503,0.45806062808204,0.505701723936236,,
2022-04-05,121433299.07367133224735,0.460272009847507,0.00000986374576529069,0.000130558586238652,0.419352874717137,0.460272009847507,,
2022-04-06,104412293.087445201166401,0.46530554400755,0.0000101832925603798,0.000135841558407629,0.426664680647301,0.46530554400755,,
2022-04-07,103765389.50786609415582,0.400084813693933,0.00000923878060035871,0.000125666485634069,0.367391070362361,0.400084813693933,,
2022-04-08,94789590.015929582677083,0.39760602225606,0.00000912588289357426,0.000122786545522196,0.365702509446988,0.39760602225606,,
2022-04-09,95633199.334887629394099,0.363212743827839,0.00000860243831309926,0.000114011119353809,0.334102106831882,0.363212743827839,,
2022-04-10,94636226.124994288400775,0.366445268152567,0.00000858567778053624,0.000112476801799356,0.337301186072118,0.366445268152567,,
2022-04-11,83724845.874246786101136,0.362625087318075,0.00000857990515491317,0.000112681864056983,0.333273190880341,0.362625087318075,,
2022-04-12,88678201.873269877477524,0.320815091524688,0.00000811285877034087,0.000107464989648292,0.294999425441099,0.320815091524688,,
2022-04-13,91271454.33154275892236,0.339795256153092,0.00000847446494007967,0.000112219387300718,0.314005077184007,0.339795256153092,,
2022-04-14,87181440.755851852008327,0.34973202600988,0.00000849838661276643,0.000112146103332693,0.321215930599029,0.34973202600988,,
2022-04-15,92914866.453652490434548,0.334059998597691,0.0000083689709482936,0.00011062369470794,0.308973536662744,0.334059998597691,,
2022-04-16,91156388.889174457813935,0.356029217779684,0.00000878491626736318,0.000117140796837214,0.32984387114299,0.356029217779684,,
2022-04-17,86404913.762586269876805,0.349291120684355,0.00000863735603931947,0.000113936849527858,0.323547143353313,0.349291120684355,,
2022-04-18,90194290.767399082587528,0.331084518908065,0.00000833865559062612,0.000110489420473038,0.306279626765139,0.331084518908065,,
2022-04-19,91924519.761185502156156,0.345604573474024,0.00000846678265806771,0.00011300733217857,0.320860408433309,0.345604573474024,,
2022-04-20,89678195.398714395071529,0.352234428294348,0.00000848969107058478,0.000113463669587873,0.326609828330041,0.352234428294348,,
2022-04-21,86637961.818337769805486,0.343627010168757,0.0000083010426248093,0.000111620233034331,0.316795952210468,0.343627010168757,,
2022-04-22,87054734.89638323780877,0.331977507513238,0.00000820558711766093,0.000111241300836427,0.306434018282089,0.331977507513238,,
2022-04-23,86113772.49613968016113,0.33357448976841,0.00000839435080236458,0.000112544397095345,0.309158098468955,0.33357448976841,,
2022-04-24,83871697.121919910610079,0.32996892996829,0.00000833624218192859,0.000112180361411661,0.306197093827602,0.32996892996829,,
2022-04-25,82561515.976539141696369,0.321377793025907,0.00000813374860475384,0.000109903852080872,0.297479974455694,0.321377793025907,,
2022-04-26,77162120.085704546686065,0.316357468656477,0.00000781636200763037,0.00010502485364778,0.295272481806938,0.316357468656477,,
2022-04-27,79618081.535109993331113,0.295668177815645,0.00000776586358319219,0.000105543666564262,0.277938834371792,0.295668177815645,,
2022-04-28,79134885.368428411002756,0.305078878891829,0.00000777894581046007,0.00010567897408081,0.288938689378643,0.305078878891829,,
2022-04-29,74755651.130603330379243,0.303227378052148,0.00000762874757751039,0.000103345973324969,0.288750529826966,0.303227378052148,,
2022-04-30,66653597.686348541118612,0.286447121031119,0.00000741908279584204,0.000101734744960941,0.271758848109169,0.286447121031119,,
2022-05-01,70439738.604533917798377,0.255401844206596,0.00000677205284494265,0.0000935629584480845,0.242522783185895,0.255401844206596,,
2022-05-02,68755021.439711505966852,0.269909498804341,0.00000701806874461552,0.0000954050131431289,0.256043376444289,0.269909498804341,,
2022-05-03,70257650.484363976316883,0.263454035246516,0.00000683124009866093,0.000092067613103324,0.250698618166652,0.263454035246516,,
2022-05-04,77744566.519531920647628,0.269211777401239,0.00000714006162277025,0.0000968066043300942,0.255997650124411,0.269211777401239,,
2022-05-05,69929429.519527950864156,0.297899983727324,0.00000751478468768126,0.000101438129564606,0.280712890341115,0.297899983727324,,
2022-05-06,69482707.012116319375446,0.267954107258348,0.00000734080124286997,0.0000975572217760466,0.254457954549416,0.267954107258348,,
2022-05-07,67782356.203807392535116,0.266242365413918,0.00000738679823198938,0.0000987003516091835,0.252539636140004,0.266242365413918,,
2022-05-08,63917438.201216236887051,0.259726997192028,0.00000731445861341754,0.0000985108873816238,0.246430082742597,0.259726997192028,,
2022-05-09,54095060.02652892300561,0.244917486230383,0.00000719099671892843,0.0000972034889713565,0.232601722062407,0.244917486230383,,
2022-05-10,51967783.979668305526755,0.20728030553213,0.00000680546449495703,0.0000918001958038283,0.196322666646398,0.20728030553213,,
2022-05-11,33565177.672590516510243,0.199129054221415,0.0000064254382206453,0.0000849915599387591,0.189131997661553,0.199129054221415,,
2022-05-12,31368382.420834298565681,0.128614337054119,0.00000446630956090604,0.0000621843436274866,0.122249357453426,0.128614337054119,,
2022-05-13,36332355.537719580461457,0.120196703526173,0.00000414032987047664,0.0000613732754302979,0.115677267696996,0.120196703526173,,
2022-05-14,38145148.1114687149809,0.139217550601981,0.00000475373424690102,0.0000690545509315715,0.13394891328299,0.139217550601981,,
2022-05-15,40433718.509469919096608,0.1461637707997,0.00000486370568574197,0.0000711920326078139,0.140583925507705,0.1461637707997,,
2022-05-16,39932493.119368878272826,0.154933066389664,0.00000496857096031543,0.0000724336947999817,0.148944347619798,0.154933066389664,,
2022-05-17,41881434.684909524948004,0.153012481553458,0.00000511925277310386,0.0000756506521510462,0.146645011800652,0.153012481553458,,
2022-05-18,37088343.110348181041586,0.160480394574932,0.00000527233620413065,0.0000766791872505166,0.152133557822842,0.160480394574932,,
2022-05-19,40314461.739662688016167,0.142114327774538,0.00000493946121889092,0.0000739790428441553,0.13561340679743,0.142114327774538,,
2022-05-20,37640609.859019494181503,0.154476100824411,0.00000510531716133784,0.0000766109035373277,0.145952456685438,0.154476100824411,,
2022-05-21,38656005.334681262306202,0.144230491807699,0.00000493530241346475,0.0000735108220402185,0.136633299105017,0.144230491807699,,
2022-05-22,40060281.593941012374096,0.148121262690066,0.00000503469981456744,0.0000750446737259629,0.140279211780302,0.148121262690066,,
2022-05-23,37906509.429288636747717,0.153502138724368,0.00000506075334963985,0.0000750781572541483,0.145199483403896,0.153502138724368,,
2022-05-24,37994136.500943717106194,0.145249360150561,0.00000499340291873572,0.0000737074246316832,0.1359903147595,0.145249360150561,,
2022-05-25,38368996.476239489365263,0.145585127708202,0.00000491116856150565,0.0000736094652937535,0.135657939105176,0.145585127708202,,
2022-05-26,35030539.124196282952929,0.147021508223779,0.00000497076161954627,0.0000756155755621132,0.137566043711555,0.147021508223779,,
2022-05-27,33213446.523703782644349,0.134229076395413,0.00000457613269731518,0.0000742548714777315,0.125287418840663,0.134229076395413,,
2022-05-28,34221200.533340416535163,0.127266581085817,0.00000444800773581306,0.0000739372550629619,0.118631290853735,0.127266581085817,,
2022-05-29,35804825.751953397668796,0.131128071560479,0.00000451457122118403,0.0000731065008544262,0.122252854223568,0.131128071560479,,
2022-05-30,39121513.145998340269149,0.137196173139468,0.00000466176865683356,0.0000757547282247837,0.127912057505388,0.137196173139468,,
2022-05-31,41845748.172148014048588,0.149904985664217,0.00000472350637618212,0.0000750839159820007,0.139148547460341,0.149904985664217,,
2022-06-01,36420511.796393993308089,0.160343651751004,0.0000050372777750985,0.0000823408046903983,0.149373479768864,0.160343651751004,,
2022-06-02,37083222.581608533703974,0.139555345887237,0.00000467899516919273,0.0000763583455746815,0.131006400143633,0.139555345887237,,
2022-06-03,35267018.477654254192131,0.142094707040942,0.00000465819101255939,0.0000774193966437674,0.13224984250725,0.142094707040942,,
2022-06-04,35070417.569492974431576,0.135135414614023,0.00000455573993139798,0.000076204130775314,0.126160145402048,0.135135414614023,,
2022-06-05,34971706.857910947859218,0.134382083417208,0.00000451061508254192,0.000074696206195951,0.125463858830474,0.134382083417208,,
2022-06-06,35503756.565184140441319,0.134003845802794,0.00000447942545109497,0.0000742120275199025,0.12500265562956,0.134003845802794,,
2022-06-07,35463160.548060428379468,0.136042460894577,0.00000434177753661324,0.000073257207547129,0.127309582903403,0.136042460894577,,
2022-06-08,34842499.850120789730789,0.135886987646044,0.00000435884029809978,0.0000749697579253806,0.126959847705602,0.135886987646044,,
2022-06-09,35303601.031323408630219,0.133508753126337,0.00000441665676567778,0.000074398793987283,0.124612158108903,0.133508753126337,,
2022-06-10,30878351.091930416455125,0.135275590868527,0.00000449951457637131,0.0000756921055451059,0.127400486532995,0.135275590868527,,
2022-06-11,30177839.868151361221611,0.118319011856625,0.00000407008543859453,0.0000711691978361816,0.11254590488562,0.118319011856625,,
2022-06-12,33478822.836457830494175,0.115634807782863,0.00000407727739940335,0.000075602967857532,0.110051616813808,0.115634807782863,,
2022-06-13,30324362.5078047175926388,0.104744198419725,0.00000390395415240185,0.0000722684740636346,0.0997782387463641,0.104744198419725,,
2022-06-14,32450222.919250948313803,0.0948749321021596,0.00000425138193792782,0.0000795821240295501,0.0911388546130896,0.0948749321021596,,
2022-06-15,33947446.671025709416989,0.101526048416401,0.00000459958607083504,0.0000842159217510916,0.0973079497191367,0.101526048416401,,
2022-06-16,29805649.0396348367592608,0.106210367889063,0.00000471610290454352,0.0000864536220477723,0.101611868312332,0.106210367889063,,
2022-06-17,30457439.5890782375339404,0.0932520486842336,0.00000459139517858478,0.0000878032992307501,0.0884473515719353,0.0932520486842336,,
2022-06-18,28601036.7255475562776759,0.0952912864128868,0.00000465632135866726,0.0000876634697974576,0.0908371339212466,0.0952912864128868,,
2022-06-19,29563621.2872463840759453,0.0894832139237653,0.00000470620798651964,0.0000901330645481727,0.0852981225385196,0.0894832139237653,,
2022-06-20,31188486.0080233076734907,0.0924948236454951,0.00000451363904754189,0.0000822637699942025,0.0882260810676896,0.0924948236454951,,
2022-06-21,32587209.312357375305966,0.0975784896259169,0.00000474335253469618,0.0000869385841934571,0.0928136850436279,0.0975784896259169,,
2022-06-22,31191378.7666022245808541,0.101954633674922,0.00000492809075145538,0.0000906424114571335,0.0968390582505993,0.101954633674922,,
2022-06-23,33633925.797973796044066,0.0975875401137447,0.00000487860415245769,0.0000927210346396475,0.0924114322566024,0.0975875401137447,,
2022-06-24,33694172.749121915711389,0.105229464447622,0.00000498786327582059,0.0000919236622290726,0.0999748454135406,0.105229464447622,,
2022-06-25,34969301.894691081755225,0.105417957293863,0.00000494941435096837,0.0000854333512049417,0.0999306732344352,0.105417957293863,,
2022-06-26,32373571.833501892697504,0.109407415970075,0.00000509622075498963,0.0000880568452722643,0.103752627059842,0.109407415970075,,
2022-06-27,31857194.428794396114191,0.101286232441568,0.0000048079012156502,0.0000841093638183902,0.0959199337064673,0.101286232441568,,
2022-06-28,29368972.2559235520553634,0.099670657795997,0.00000480316175082372,0.0000834132648772339,0.0941955152968535,0.099670657795997,,
2022-06-29,29155954.5875851940445162,0.0918858310038278,0.0000045346116085718,0.0000804040149073806,0.0873128269916961,0.0918858310038278,,
2022-06-30,28745520.1353016749314118,0.0912193689532254,0.00000454258277847719,0.0000832426463556179,0.0872846402800546,0.0912193689532254,,
2022-07-01,29159155.7978212785554685,0.0899352548755506,0.0000046519248767764,0.000086348423255637,0.0857521914247429,0.0899352548755506,,
2022-07-02,28827779.5113268705883785,0.0912293844845895,0.00000471668028562431,0.0000855727707927232,0.0874754175546315,0.0912293844845895,,
2022-07-03,28515520.7260222632709182,0.0901926173415595,0.00000468975699815239,0.0000845674000220417,0.0865174209302688,0.0901926173415595,,
2022-07-04,29335149.0325000689719087,0.0892156625565594,0.00000462820505220563,0.0000830916207587552,0.0855092714812552,0.0892156625565594,,
2022-07-05,28531587.9978142949994861,0.0917800092895229,0.00000453765721913414,0.0000797974411849103,0.0879499752292972,0.0917800092895229,,
2022-07-06,29209658.1479424994001906,0.0892659317524887,0.00000442056239345746,0.0000786791058976924,0.0869210721878136,0.0892659317524887,,
2022-07-07,30948549.6664862063705722,0.0913873896870902,0.00000444472953151462,0.0000767946170813341,0.0897866125323424,0.0913873896870902,,
2022-07-08,29935270.3988047114510531,0.0968278079221774,0.00000447212292578744,0.0000781849821899098,0.0952308702064222,0.0968278079221774,,
2022-07-09,30616981.2715080326635642,0.0936575911798777,0.0000042935044083769,0.0000760656457341638,0.0920087676849952,0.0936575911798777,,
2022-07-10,29399278.4763692466665176,0.0957904397350414,0.00000443779722457656,0.0000787216288605944,0.0940995315691568,0.0957904397350414,,
2022-07-11,27369581.1320205370150617,0.0919806491753992,0.00000441550775347996,0.000078817889070553,0.0904552108270837,0.0919806491753992,,
2022-07-12,27121307.7196535196683195,0.0856303953923739,0.00000428766625271111,0.0000780915743723313,0.0852436480783465,0.0856303953923739,,
2022-07-13,28298761.0717174973945724,0.0848536297428065,0.00000438765998002373,0.0000815657834465838,0.0846105537034505,0.0848536297428065,,
2022-07-14,29334548.2351872606009364,0.0885374930656308,0.00000439271517839751,0.0000797694433215489,0.0882120547332788,0.0885374930656308,,
2022-07-15,29370436.9275990590636595,0.0917781295928188,0.00000446545908018285,0.0000770741437171174,0.0915522465339818,0.0917781295928188,,
2022-07-16,30622837.2053049297184511,0.0918904134785865,0.00000441108086928722,0.000074378307901693,0.0911023385422613,0.0918904134785865,,
2022-07-17,29718024.0927251354360161,0.0958087610211437,0.00000452002546151524,0.0000708338483148002,0.0950497469574626,0.0958087610211437,,
2022-07-18,32379856.828741003825174,0.0929778991159987,0.00000446410583728807,0.0000691132001361569,0.0920919215686701,0.0929778991159987,,
2022-07-19,34383651.356625034412993,0.101305896119458,0.00000454170306017671,0.0000645870236981199,0.0998661046218911,0.101305896119458,,
2022-07-20,31809402.4326827585784407,0.107575108530131,0.00000460289143414945,0.0000695970893482817,0.105123753604113,0.107575108530131,,
2022-07-21,31909705.1561096782592197,0.0995211323975669,0.0000042747909197752,0.0000653380244032768,0.0977799866331025,0.0995211323975669,,
2022-07-22,31371528.0669273145269719,0.0998349465485599,0.00000431207591428387,0.0000632464657489736,0.097624781053574,0.0998349465485599,,
2022-07-23,32346742.003955614256981,0.0981511678777973,0.00000432268152444878,0.0000638760879207151,0.0962071011687212,0.0981511678777973,,
2022-07-24,32284603.588854542369624,0.101202290750927,0.00000450098842528908,0.00006527289993061,0.0991841611734555,0.101202290750927,,
2022-07-25,29779806.1623993820765613,0.101007880137608,0.00000445884819727342,0.0000629990120412869,0.099001213591076,0.101007880137608,,
2022-07-26,29234709.6068280156536501,0.0931711948419671,0.00000433150399160829,0.0000637424124348702,0.0912876576245618,0.0931711948419671,,
2022-07-27,32505322.815513115128187,0.0914657674422767,0.00000431815877087463,0.0000639081530387815,0.0902646396169925,0.0914657674422767,,
2022-07-28,34098803.112238479919967,0.101698437824929,0.00000444128720356795,0.0000623021612530272,0.0996622046059773,0.101698437824929,,
2022-07-29,34661985.999444151108065,0.106683912290189,0.00000447526722401467,0.0000618596827215513,0.104633454137935,0.106683912290189,,
2022-07-30,35566037.460107126482325,0.108445925858355,0.00000452787363305851,0.0000621083523531893,0.106059348422189,0.108445925858355,,
2022-07-31,36263012.341029957233176,0.111274404805775,0.00000471033975325127,0.0000657301562301262,0.108928992846187,0.111274404805775,,
2022-08-01,35561074.282802160701361,0.113455009409992,0.00000485760287833104,0.0000674246834369001,0.111164237138804,0.113455009409992,,
2022-08-02,34996344.718665920752371,0.111258876660387,0.00000476862395975539,0.0000680133240861789,0.10844899491868,0.111258876660387,,
2022-08-03,35393753.819338905074315,0.109492024050057,0.0000047540269478035,0.0000667409536516636,0.1078251783074,0.109492024050057,,
2022-08-04,34919415.440567475000255,0.110735386097105,0.00000485473968440129,0.0000685148538933958,0.109016192539782,0.110735386097105,,
2022-08-05,37548515.441272435934603,0.109251337703085,0.00000482807735482332,0.0000679867184911087,0.106665816404254,0.109251337703085,,
2022-08-06,37046824.386982053296834,0.117476924770001,0.00000505299448443075,0.0000680777806316187,0.115374646419533,0.117476924770001,,
2022-08-07,37361247.465697891408731,0.115907298872678,0.00000504026407078445,0.0000683603466051276,0.11381920153291,0.115907298872678,,
2022-08-08,37592542.445736918761745,0.116891025018177,0.00000504849050800144,0.0000688613755975211,0.114903206202067,0.116891025018177,,
2022-08-09,36420491.139617663694662,0.117614670750915,0.0000049410350179136,0.0000662221502112328,0.115326297089572,0.117614670750915,,
2022-08-10,37836105.664403098444743,0.113947708648754,0.00000491444297754649,0.0000668710252157248,0.11167966467203,0.113947708648754,,
2022-08-11,38844436.204146317170991,0.118376699757381,0.00000494822599047064,0.0000639587116183121,0.114931800767099,0.118376699757381,,
2022-08-12,38850515.805714947226436,0.121531433561597,0.00000507768046189431,0.0000647093265304557,0.117863778316788,0.121531433561597,,
2022-08-13,38492870.474608193762112,0.121550454630412,0.00000498232972029713,0.000062181188729399,0.118426316973244,0.121550454630412,,
2022-08-14,38825918.769469021056314,0.120431500307904,0.00000493041852619899,0.0000607859975321058,0.117438983343286,0.120431500307904,,
2022-08-15,36742062.553993910245613,0.121473498613838,0.00000499598950263121,0.0000627335619855851,0.118444366212085,0.121473498613838,,
2022-08-16,36687908.448919636120805,0.114953799579671,0.00000477304514448188,0.0000604464499208129,0.113146011844803,0.114953799579671,,
2022-08-17,34610236.522489760674143,0.114784369239935,0.00000480896719449429,0.0000611656203631399,0.112826325047614,0.114784369239935,,
2022-08-18,34312223.164675864616704,0.108284018807181,0.00000464014397141519,0.0000590680708501693,0.106426324901123,0.108284018807181,,
2022-08-19,30812461.3337056564675952,0.107351633267968,0.00000462300695791486,0.0000580529926885425,0.106360591453643,0.107351633267968,,
2022-08-20,30516583.0766747576082468,0.0964020323983184,0.00000461104462305588,0.0000596602344747458,0.0960131787199306,0.0964020323983184,,
2022-08-21,31526702.7496164805285146,0.0954763268854956,0.00000451496124463771,0.0000605877623111711,0.0951467955418596,0.0954763268854956,,
2022-08-22,30244513.0478294704457472,0.0986366582975982,0.00000457625850500286,0.0000608328358342686,0.0983543882172259,0.0986366582975982,,
2022-08-23,30954507.8988889417826861,0.0946251094689024,0.00000444226731421606,0.000058848669995296,0.0951714671715015,0.0946251094689024,,
2022-08-24,30774304.6427078029023766,0.0968464492668887,0.00000449726646643855,0.000058205104146191,0.0971700645427423,0.0968464492668887,,
2022-08-25,31191995.2265374656262709,0.0962826526927522,0.00000449394514930167,0.000058045469529546,0.0965493590896454,0.0962826526927522,,
2022-08-26,28896932.0703838517672116,0.0975894688136303,0.00000452057596740293,0.0000575715813960331,0.0978625729000833,0.0975894688136303,,
2022-08-27,28491293.9880462316709048,0.0904089728986972,0.0000044654861964434,0.000059920652320758,0.0908131171940655,0.0904089728986972,,
2022-08-28,27743434.835249365962866,0.0891398650811816,0.00000444721140165699,0.0000597106977394927,0.0895506794073375,0.0891398650811816,,
2022-08-29,28910290.4660605071333588,0.086800060367222,0.00000441202015445661,0.0000602393987823634,0.0873750116204803,0.086800060367222,,
2022-08-30,28185876.91163412072662,0.0904507669143996,0.00000446208592000681,0.0000583447167918915,0.0904549773789286,0.0904507669143996,,
2022-08-31,28773731.3057228112265897,0.08818431574754,0.0000044480330587264,0.0000576523381520741,0.0880092531899265,0.08818431574754,,
2022-09-01,28429879.1940725714297198,0.0900235183263499,0.00000449563019548093,0.0000580149662147734,0.0896548622860395,0.0900235183263499,,
2022-09-02,28481386.4244007715757537,0.0889477184397866,0.00000442405729116248,0.0000560707064358129,0.0893409698658129,0.0889477184397866,,
2022-09-03,30279563.4050563814278872,0.0891088675811379,0.00000446686588158881,0.0000565197839220055,0.0895379406655776,0.0891088675811379,,
2022-09-04,32895963.608062001983466,0.0947347704802824,0.00000478365825393542,0.0000609204744135203,0.0951706783831307,0.0947347704802824,,
2022-09-05,31449279.5856315453608765,0.102920624067422,0.00000515585003234759,0.0000653037180524552,0.103802921524317,0.102920624067422,,
2022-09-06,29109497.7479784060429816,0.0983944267445255,0.00000496996851700381,0.0000609985774907722,0.0988950854724832,0.0983944267445255,,
2022-09-07,29948866.1135565654280012,0.0910740208192872,0.0000048324999123045,0.0000581684143193423,0.0920611175366338,0.0910740208192872,,
2022-09-08,41069230.228392847352627,0.0937001276887204,0.0000048567137822625,0.0000573479801760776,0.093737054415241,0.0937001276887204,,
2022-09-09,42536229.829018864290499,0.092758083133423,0.00000480136050921529,0.0000567479096147706,0.0926928220151482,0.092758083133423,,
2022-09-10,43053826.5482600696355039,0.0960668509087729,0.00000449681414779107,0.000055936698867055,0.0955168611656327,0.0960668509087729,,
2022-09-11,42272101.024612802512456,0.0972475313525151,0.00000447831394577815,0.0000546395469691217,0.0966458933195498,0.0972475313525151,,
2022-09-12,43067886.1927661993539558,0.0954747237706359,0.00000439312251831609,0.0000542922487539996,0.0947671433251309,0.0954747237706359,,
2022-09-13,39926140.1844001279411528,0.0972737388772014,0.00000434933179895848,0.0000568562660192654,0.0960420452701038,0.0972737388772014,,
2022-09-14,39464612.3019158588150643,0.0901763244605672,0.00000447191350961828,0.0000572896152121808,0.0903925161747568,0.0901763244605672,,
2022-09-15,38199648.8156848674037159,0.0891339274773807,0.00000440246547407956,0.0000545575628364742,0.0892757262414131,0.0891339274773807,,
2022-09-16,38305936.9861920271721439,0.0862769080600691,0.00000438023445584599,0.0000585899202275899,0.0863224654284798,0.0862769080600691,,
2022-09-17,39244067.4628297245144999,0.0865169682438411,0.00000438247489247354,0.0000604986628522373,0.0864086800607331,0.0865169682438411,,
2022-09-18,36391181.6350319415241917,0.0886358096308851,0.00000440520455532316,0.0000603223138102245,0.08854771494433,0.0886358096308851,,
2022-09-19,36386102.1593497389005212,0.0821923428477633,0.00000423080859914897,0.0000614357568788453,0.0820410824187777,0.0821923428477633,,
2022-09-20,35548141.9892481590511755,0.0821808704528588,0.00000420191058760576,0.0000595754771257268,0.0819871702094531,0.0821808704528588,,
2022-09-21,35407075.2759689706488839,0.0802882715731495,0.00000425414533181285,0.0000606677767413181,0.0805331404439276,0.0802882715731495,,
2022-09-22,36629230.8188767252959849,0.0799696613181011,0.00000432110526561537,0.0000640202500759073,0.0812420537085246,0.0799696613181011,,
2022-09-23,36626421.3528262067353097,0.0827299956321501,0.00000426123910971501,0.0000622653039323983,0.0840299720165646,0.0827299956321501,,
2022-09-24,35899930.4640296821284336,0.0827236502323453,0.00000428024157062404,0.0000621536026236292,0.0853094551749532,0.0827236502323453,,
2022-09-25,36282771.8608253874633406,0.0810828134822064,0.00000428448128894852,0.0000615659257761518,0.0835991390551034,0.0810828134822064,,
2022-09-26,36637498.4760281241207932,0.0819474908553494,0.00000436049645879811,0.000063301959277378,0.0845611535615053,0.0819474908553494,,
2022-09-27,36506600.7047114699988718,0.0827486687853868,0.00000430957247666895,0.0000620125094956893,0.0860223132132097,0.0827486687853868,,
2022-09-28,36524882.9748625848118779,0.0824530258846982,0.00000431538978252519,0.000061970306445906,0.0859681365729304,0.0824530258846982,,
2022-09-29,36811738.5179593654266893,0.0824943178282071,0.00000424027674503794,0.0000616026089831237,0.0849034934184855,0.0824943178282071,,
2022-09-30,37965515.237356387709224,0.0831422036095057,0.00000425478593745955,0.0000623422020688914,0.0846062516312016,0.0831422036095057,,
2022-10-01,38463210.9254393785311576,0.0857480975024473,0.00000441200320988987,0.0000646143262157125,0.0875001462278157,0.0857480975024473,,
2022-10-02,36440992.42228065437278,0.0868721837920824,0.00000449838474711515,0.0000662528148997946,0.0886642087708428,0.0868721837920824,,
2022-10-03,37168832.356642117107193,0.08230484442422,0.00000432835009525656,0.0000644742845848485,0.0840116664417739,0.08230484442422,,
2022-10-04,37419084.9063628671395755,0.083948728099757,0.00000427580494304308,0.0000633857560389674,0.0853750555379643,0.083948728099757,,
2022-10-05,37113430.9766480802804829,0.0845139431447495,0.00000415506698493661,0.0000620129274506906,0.0846752694644722,0.0845139431447495,,
2022-10-06,36887341.4666671353400444,0.0838235997303521,0.00000415892756589538,0.0000619741622039675,0.0846528581116997,0.0838235997303521,,
2022-10-07,36593444.218264449033658,0.0833129588090156,0.0000041759734951655,0.0000616514805339155,0.085081737725168,0.0833129588090156,,
2022-10-08,36533621.1694788734047683,0.082649168783042,0.00000422992783687537,0.0000620237385847159,0.0848697845251713,0.082649168783042,,
2022-10-09,36248950.3591463421007072,0.0825140537272767,0.00000424975795974833,0.000062726429546765,0.0847409575116456,0.0825140537272767,,
2022-10-10,35481234.6542286862703271,0.0818711023365728,0.0000042139981079588,0.0000619796763514658,0.0841191753756793,0.0818711023365728,,
2022-10-11,34410773.0654771518454376,0.0801371561003379,0.00000418374568681898,0.0000620232984854478,0.0825387137552654,0.0801371561003379,,
2022-10-12,34717128.4802307823115468,0.0777194344998024,0.00000408205699252036,0.000060787487346212,0.0800876737919958,0.0777194344998024,,
2022-10-13,33564329.3911629077104598,0.0784113622732732,0.00000409311083412018,0.0000605664326196756,0.0807844701393972,0.0784113622732732,,
2022-10-14,39592946.3054592867018626,0.0758076749593102,0.00000391006422934977,0.0000588477063904193,0.0775920797848246,0.0758076749593102,,
2022-10-15,53145023.584181486665365,0.0894237799071274,0.00000466290573966403,0.000068929503015292,0.0919809650825523,0.0894237799071274,,
2022-10-16,41575187.4534883117994735,0.120032211179385,0.0000062943365720745,0.0000941431330189689,0.123555196122251,0.120032211179385,,
2022-10-17,41317681.7901788989348622,0.0939008272775515,0.00000487498946418746,0.0000719210539149602,0.0963961315647453,0.0939008272775515,,
2022-10-18,40322450.4806393673212383,0.0933192305056678,0.00000477164833220728,0.0000700400541733099,0.0948126615602372,0.0933192305056678,,
2022-10-19,37743002.4129824821315496,0.0910714224013067,0.00000470862434108652,0.0000694512773032315,0.0923396719002629,0.0910714224013067,,
2022-10-20,37459149.1932432782326683,0.0852455362824904,0.00000445561615209167,0.0000663562650079428,0.0873078363185957,0.0852455362824904,,
2022-10-21,38815021.136923104404961,0.0846044314843767,0.00000444505648277329,0.0000659988254859868,0.0865458404310875,0.0846044314843767,,
2022-10-22,37510118.2518469879481751,0.087666774795189,0.00000457196037151676,0.0000674424503326217,0.0889292476899202,0.087666774795189,,
2022-10-23,37032613.7283474735468721,0.0847195491076899,0.00000441072405543916,0.0000644595157534601,0.0859031307268993,0.0847195491076899,,
2022-10-24,36873744.0060609229460774,0.0836410676255429,0.00000427494530853077,0.0000613267100079029,0.0848551953919291,0.0836410676255429,,
2022-10-25,37397796.2730042737131177,0.0832822478759326,0.00000430589246991784,0.0000619404702981832,0.084228950838669,0.0832822478759326,,
2022-10-26,38095498.6114531262347725,0.0844658610937373,0.00000420333538257443,0.0000578022448392964,0.0847688937376751,0.0844658610937373,,
2022-10-27,37963912.0359783495753591,0.0860416766411025,0.00000413720965082316,0.0000547596861455177,0.0852849289127851,0.0860416766411025,,
2022-10-28,37968140.035365687680449,0.0857444780221059,0.000004227994949782,0.0000566051259628625,0.0859990757110874,0.0857444780221059,,
2022-10-29,37919677.1199801257349003,0.085754027290901,0.00000416188470699933,0.0000551129898134431,0.0860601544661647,0.085754027290901,,
2022-10-30,37506154.3451117129163067,0.0856445699889447,0.00000411675552738514,0.0000529031046751846,0.0859010843171357,0.0856445699889447,,
2022-10-31,37229132.314033269797873,0.0847105420488883,0.00000410883061666905,0.0000532934758126932,0.0850767103726831,0.0847105420488883,,
2022-11-01,37302940.0953737084651171,0.084084920291077,0.00000410353336833409,0.0000535162380054402,0.0850404142119192,0.084084920291077,,
2022-11-02,36309585.4747850992485928,0.0842516209640479,0.00000411305207107431,0.0000533151741234521,0.0853192140390071,0.0842516209640479,,
2022-11-03,36732001.8135889452407977,0.0820080515091272,0.00000407022500055884,0.000053967668578831,0.0835507604866928,0.0820080515091272,,
2022-11-04,38951720.1216148323757642,0.0829621119980573,0.00000410741931430853,0.0000542308186702541,0.0850992710533837,0.0829621119980573,,
2022-11-05,39555294.5950321379320226,0.0879755201920658,0.00000415817468169499,0.0000534881798606179,0.0883910581341401,0.0879755201920658,,
2022-11-06,37571309.478507682260971,0.0893387405609674,0.00000419756429967058,0.0000548982910469854,0.0897427797100814,0.0893387405609674,,
2022-11-07,37010258.2129168014536802,0.084857754300679,0.00000405110766330626,0.0000538788069535809,0.0854835090743617,0.084857754300679,,
2022-11-08,30903181.3498675251876185,0.0835905759375498,0.00000406399646531337,0.0000533285522957754,0.0834689856022685,0.0835905759375498,0.08360835999999999,binance-clv-usdt-spot
2022-11-09,23441202.1952233030541783,0.0697972630311565,0.00000376855308582062,0.0000524055732733058,0.0693709428439969,0.0697972630311565,0.06983275200000001,binance-clv-usdt-spot
2022-11-10,27977583.3734517094877077,0.0529437968493667,0.00000335974223993727,0.0000484390295664965,0.0528824581122235,0.0529437968493667,0.053509615,binance-clv-usdt-spot
2022-11-11,26817758.6743158989505112,0.0631895701476473,0.00000360227762610431,0.0000486987322022414,0.0620565525691742,0.0631895701476473,0.063134456,binance-clv-usdt-spot
2022-11-12,26206405.9257982912140231,0.0605700149413688,0.00000358045455751814,0.0000472870347119774,0.0584585051028493,0.0605700149413688,0.0622745493,binance-clv-usdt-spot
2022-11-13,25806349.2801507188358136,0.0591892267270419,0.00000352920936660597,0.0000472755853833106,0.0573013032652435,0.0591892267270419,0.059126347499999996,binance-clv-usdt-spot
2022-11-14,26493900.2615606215001917,0.0582856673618264,0.00000357131664465317,0.0000477693600257884,0.0563683197151927,0.0582856673618264,0.0582,coinbase-clv-usd-spot
2022-11-15,26683726.3223094501699055,0.0598385552717633,0.0000035983422798743,0.0000482287215473287,0.0579692609064131,0.0598385552717633,0.059892039,binance-clv-usdt-spot
2022-11-16,26523639.9771835845786741,0.0602672923439195,0.00000357550692718134,0.0000482312596516575,0.0582294328612296,0.0602672923439195,0.060491259,binance-clv-usdt-spot
2022-11-17,26446996.4343549645355017,0.0599057247560409,0.00000359586676616873,0.0000493135045817207,0.0576167841187132,0.0599057247560409,0.059836099,binance-clv-usdt-spot
2022-11-18,26514166.387082724015708,0.0597326192929533,0.0000035821276173214,0.0000497886942821147,0.0576296140869475,0.0597326192929533,0.059812111999999994,binance-clv-usdt-spot
2022-11-19,26723256.5879210288440601,0.059884327908492,0.00000359416891605811,0.0000495125090729723,0.0579717207070119,0.059884327908492,0.05986607000000001,binance-clv-usdt-spot
2022-11-20,25824010.2583468138593278,0.0603565745545549,0.00000361503113824898,0.0000495291871888489,0.0584073994265489,0.0603565745545549,0.060163747,binance-clv-usdt-spot
2022-11-21,25660868.4926478118468493,0.0583255560686422,0.00000358996206021222,0.0000511787972705185,0.0564401411713053,0.0583255560686422,0.058188422000000004,binance-clv-usdt-spot
2022-11-22,26419533.8333479612718694,0.0579570875733457,0.000003673280747932,0.0000523247482183049,0.0565856099376553,0.0579570875733457,0.057970352,binance-clv-usdt-spot
2022-11-23,27539381.6206160494988572,0.0596705928509406,0.00000368954437143309,0.0000525837023779848,0.0578909350317798,0.0596705928509406,0.059692299,binance-clv-usdt-spot
2022-11-24,27372320.6287125718464411,0.0621998570609228,0.0000037528433328086,0.0000525706617208106,0.0597160823106353,0.0621998570609228,0.062241459,binance-clv-usdt-spot
2022-11-25,27277293.128509813560605,0.0618225366853239,0.00000372794922242785,0.0000514037005365271,0.0593465424056798,0.0618225366853239,0.061884254,binance-clv-usdt-spot
2022-11-26,33199249.100149896236396,0.061607909610145,0.00000372875317501792,0.0000513800920981286,0.0591716056134653,0.061607909610145,0.061786719000000004,binance-clv-usdt-spot
2022-11-27,29553423.2289427589540173,0.074983112439004,0.00000455862043777653,0.000062235978814902,0.0720870907615536,0.074983112439004,0.07461773099999999,binance-clv-usdt-spot
2022-11-28,28304041.958651063364396,0.0667487282693777,0.00000406111224562788,0.000055769561497659,0.0643561449335864,0.0667487282693777,0.066889842,binance-clv-usdt-spot
2022-11-29,27893669.3846269195478756,0.063926902511004,0.000003943042805472,0.0000546890007475308,0.0617782717833153,0.063926902511004,0.063898035,binance-clv-usdt-spot
2022-11-30,28685175.3911954272363483,0.0630000438110644,0.00000383141170945266,0.0000517632369507064,0.0610292435964774,0.0630000438110644,0.06303982080000001,binance-clv-usdt-spot
2022-12-01,28715726.5228703015788824,0.0647877223126967,0.00000377179393536867,0.0000499119836674782,0.0621709649783437,0.0647877223126967,0.064866486,gate.io-clv-usdt-spot
2022-12-02,28981598.6440646441853679,0.0648567244438776,0.00000382380806795546,0.000050839671142096,0.0616057534318853,0.0648567244438776,0.065056505,binance-clv-usdt-spot
2022-12-03,28481920.0891855300430501,0.0654572175182171,0.00000383348750469592,0.0000506293379823169,0.0621299871537995,0.0654572175182171,0.066303978,binance-clv-usdt-spot
2022-12-04,28819580.6761331989349186,0.0643286542440649,0.0000038065402017789,0.0000518390154340474,0.0611118598147976,0.0643286542440649,0.06431707410000001,binance-clv-usdt-spot
2022-12-05,28480684.5523445792286271,0.0650912872084714,0.00000380168033839651,0.0000508512384667441,0.0617481331048919,0.0650912872084714,0.0650784591,binance-clv-usdt-spot
2022-12-06,28973495.1323392275149337,0.0643258636870379,0.0000037924962878003,0.0000511119188566156,0.0612685936809971,0.0643258636870379,0.064543545,binance-clv-usdt-spot
2022-12-07,28107722.589642423575463,0.0654389151003213,0.00000383344684829796,0.0000515191739618257,0.0624623757419817,0.0654389151003213,0.065383461,binance-clv-usdt-spot
2022-12-08,28306998.7805171587959295,0.063483499791987,0.00000376795767618783,0.0000515057185312573,0.0603989329440721,0.063483499791987,0.06342,binance-clv-usdt-spot
2022-12-09,28376928.9695892610650502,0.0639335807254955,0.00000371028307355887,0.0000498844662478938,0.06053331484943,0.0639335807254955,0.06418,binance-clv-usdt-spot
2022-12-10,28184147.2083221783226207,0.0640915235516798,0.0000037401357532781,0.0000507370853917034,0.0608061608108842,0.0640915235516798,0.064326432,binance-clv-usdt-spot
2022-12-11,27845566.2661773952374789,0.0636561107976843,0.00000371731562516986,0.0000502506677054489,0.0603769947378822,0.0636561107976843,0.0636,coinbase-clv-usd-spot
2022-12-12,27333810.8547240267812295,0.0628913991387561,0.00000367907290552424,0.0000497925021899872,0.0597240339269617,0.0628913991387561,0.06290188699999999,binance-clv-usdt-spot
2022-12-13,27055468.6870606432285663,0.0617355593351955,0.00000359021078733185,0.0000484283938851636,0.0585067750743624,0.0617355593351955,0.061846184,binance-clv-usdt-spot
2022-12-14,26809270.8290742592951841,0.0611069016811787,0.00000343781649984626,0.0000462790165383908,0.0574825250432384,0.0611069016811787,0.0612195909,binance-clv-usdt-spot
2022-12-15,26257398.9141929780697669,0.0605508444760309,0.00000339987549452648,0.0000462874521612363,0.056705524732761,0.0605508444760309,0.06060606,binance-clv-usdt-spot
2022-12-16,23250896.8286796737616444,0.0593043983976681,0.00000341929267720829,0.0000469132746724569,0.055717881584714,0.0593043983976681,0.0593517805,binance-clv-usdt-spot
2022-12-17,24345671.4582865982233833,0.0525139772208804,0.00000316232862282306,0.0000450938622542461,0.0496031704107811,0.0525139772208804,0.052445244,binance-clv-usdt-spot
2022-12-18,24480082.5666143974021347,0.0549866117409117,0.0000032780105218298,0.0000463207592444897,0.0519344660756958,0.0549866117409117,0.055095509,binance-clv-usdt-spot
2022-12-19,22957279.6444054190028153,0.0552901897892703,0.00000329576822399557,0.0000465640462280899,0.0521929262165265,0.0552901897892703,0.055127716800000004,binance-clv-usdt-spot
2022-12-20,24083431.0283594242368069,0.0518508197482797,0.00000315699007335636,0.0000444257360728426,0.0488366549147183,0.0518508197482797,0.0521,coinbase-clv-usd-spot
2022-12-21,23903746.4728268411914254,0.0543943211266281,0.00000321825288557131,0.0000446664752860031,0.0511929614565226,0.0543943211266281,0.05450545,gate.io-clv-usdt-spot
2022-12-22,23883043.573703162595789,0.0539884894407846,0.000003213498615472,0.000044531107588633,0.0508610877376084,0.0539884894407846,0.05397,binance-clv-usdt-spot
2022-12-23,23937145.830838460739778,0.053941730316561,0.0000032081013595782,0.0000443291329186203,0.050875988895663,0.053941730316561,0.053969204,binance-clv-usdt-spot
2022-12-24,24081079.1585580084439564,0.054063924514922,0.00000322182710937248,0.0000443195001465156,0.0508819952338127,0.054063924514922,0.054444555,binance-clv-usdt-spot
2022-12-25,23661727.0334722862688698,0.0543890092439036,0.0000032302091706664,0.0000445599462148855,0.0511469132060215,0.0543890092439036,0.054517274,binance-clv-usdt-spot
2022-12-26,23797760.6326509130799263,0.0534418695224002,0.00000317636737004972,0.000043884577129491,0.0503123559811703,0.0534418695224002,0.053414658000000004,binance-clv-usdt-spot
2022-12-27,23822318.9505884622990251,0.0537491120938187,0.00000318420075772097,0.0000438991191434562,0.0504718968540198,0.0537491120938187,0.0538586873,binance-clv-usdt-spot
2022-12-28,22768370.1270874334831884,0.0538045789843399,0.00000322204113259288,0.0000444087680574894,0.0505664204195718,0.0538045789843399,0.0539168058,binance-clv-usdt-spot
2022-12-29,22594194.0424468294675565,0.0514241527614716,0.00000310977490718122,0.0000432823918359523,0.0483658952664918,0.0514241527614716,0.0515835528,binance-clv-btc-spot
2022-12-30,22465326.6919851641073762,0.0510307623899185,0.00000306848720991332,0.0000424930230473272,0.0478649003880021,0.0510307623899185,0.051057014000000005,binance-clv-usdt-spot
2022-12-31,23248038.8225776689561241,0.0507397053542538,0.000003057771293525,0.0000423330651414262,0.0473997050429109,0.0507397053542538,0.0506,coinbase-clv-usd-spot
2023-01-01,23154320.2768134447584037,0.0525075221960909,0.00000317761014916487,0.000043927186275306,0.0489932752348398,0.0525075221960909,0.052271758,binance-clv-usdt-spot
2023-01-02,23253009.7117147118098131,0.0522958514973513,0.00000314907161624111,0.0000435796612785694,0.0487507807176918,0.0522958514973513,0.05237904,binance-clv-usdt-spot
2023-01-03,23139852.7673265284271954,0.0525187493397519,0.00000314696103882036,0.0000432310804776512,0.0491580352880328,0.0525187493397519,0.052504244,binance-clv-usdt-spot
2023-01-04,23589421.7246001714708721,0.0522631754905146,0.00000313514894307792,0.0000430423881225787,0.0495254935721465,0.0522631754905146,0.052219104,binance-clv-usdt-spot
2023-01-05,23266826.3386506054037504,0.0532785623015429,0.00000316223912619863,0.000042421868032267,0.0502237132447016,0.0532785623015429,0.053202969600000004,binance-clv-usdt-spot
2023-01-06,23677175.3466929006243673,0.0525499552772096,0.00000312336281600692,0.0000420349838107542,0.049934501114994,0.0525499552772096,0.0526294665,binance-clv-usdt-spot
2023-01-07,23534996.1862872981227117,0.0534767607515277,0.00000315350837788662,0.0000421324923073297,0.0502234284954677,0.0534767607515277,0.053565533400000004,binance-clv-usdt-spot
2023-01-08,24179011.1115571922857793,0.0531556379472433,0.00000313739026194255,0.000042070014083775,0.0499259849135691,0.0531556379472433,0.05309469,binance-clv-usdt-spot
2023-01-09,24818734.1536329395406738,0.0546101962539157,0.0000032012092233685,0.0000425101157125141,0.0512376682732197,0.0546101962539157,0.054756855199999996,binance-clv-usdt-spot
2023-01-10,25106005.7863491251196241,0.0560550610051962,0.00000326236861422625,0.0000424459693336723,0.0522260375226052,0.0560550610051962,0.0559,coinbase-clv-usd-spot
2023-01-11,25150166.1389804581807002,0.0567038865575909,0.00000325250454382915,0.000042453947515232,0.0528210211103017,0.0567038865575909,0.0566,coinbase-clv-usd-spot
2023-01-12,25710765.0063204703850689,0.0568036261835298,0.00000318518265379695,0.0000411467193780229,0.0527544810368906,0.0568036261835298,0.056814318,binance-clv-usdt-spot
2023-01-13,26515323.3427017335781346,0.0580697827696661,0.00000307740817129533,0.0000409766095006085,0.053492328530199,0.0580697827696661,0.0579946392,binance-clv-usdt-spot
2023-01-14,27624515.1773873997036049,0.0598869409836554,0.00000301413109048722,0.0000413046415406265,0.0552804482365956,0.0598869409836554,0.060086008,binance-clv-usdt-spot
2023-01-15,27430499.2453985465318899,0.0623921378875301,0.00000296950965547082,0.0000402119779467172,0.0575610229072839,0.0623921378875301,0.062452488,binance-clv-usdt-spot
2023-01-16,27901999.7512773393363935,0.0619539376619951,0.00000296770991904339,0.0000399105550480213,0.0571986490428386,0.0619539376619951,0.062002398,binance-clv-usdt-spot
2023-01-17,27693916.0842925361504185,0.0630188585986315,0.00000297533677586908,0.0000399371231276952,0.0581965275965878,0.0630188585986315,0.062953777,binance-clv-usdt-spot
2023-01-18,25638590.8301646147321339,0.0625488852883565,0.00000295344230044287,0.0000398352306376688,0.0579790077444659,0.0625488852883565,0.062332464,binance-clv-usdt-spot
2023-01-19,26809886.4683280670085158,0.0579067717223511,0.00000279612244476165,0.0000380971180628898,0.0536132396560069,0.0579067717223511,0.057904209000000005,binance-clv-usdt-spot
2023-01-20,27844602.4427355365641865,0.0605522349456542,0.00000287361017678791,0.0000390577750938377,0.0558765546570855,0.0605522349456542,0.060640606400000005,binance-clv-usdt-spot
2023-01-21,27603305.8971964862862784,0.0628892222677885,0.00000277525298199378,0.0000379290985036795,0.0579327265627537,0.0628892222677885,0.06310009439999999,binance-clv-usdt-spot
2023-01-22,27783545.2244296098590228,0.0623442350618816,0.00000273401581936983,0.0000382920282445985,0.057430883541842,0.0623442350618816,0.061909903999999995,binance-clv-usdt-spot
2023-01-23,29986328.8648360123466892,0.0627513197431972,0.00000276239452441616,0.0000385387186553529,0.0577504447043289,0.0627513197431972,0.06287445779999999,binance-clv-usdt-spot
2023-01-24,28685220.0629663808145839,0.0677264796598908,0.00000295374443414328,0.0000416026785616917,0.062318641277251,0.0677264796598908,0.06785678499999999,binance-clv-usdt-spot
2023-01-25,29461926.1700593040847174,0.0647878232074011,0.00000286530713638859,0.0000416979272648798,0.059517377471246,0.0647878232074011,0.0648784331,binance-clv-usdt-spot
2023-01-26,30876474.8160977147917745,0.0665420749732926,0.00000287947689656844,0.0000413887884710378,0.0609274701642696,0.0665420749732926,0.0669007024,binance-clv-usdt-spot
2023-01-27,30616757.3860188567529926,0.0697369442264005,0.00000303089597072694,0.0000435329407500267,0.0639827466121473,0.0697369442264005,0.0696,coinbase-clv-usd-spot
2023-01-28,31571866.4889940022940005,0.0691503520054974,0.00000299734997600732,0.000043272540217978,0.0636283276501812,0.0691503520054974,0.0693,coinbase-clv-usd-spot
2023-01-29,33642607.5214413429717381,0.0713075409540745,0.00000309914083398155,0.0000454133944587126,0.0656248815980179,0.0713075409540745,0.071916537,binance-clv-usdt-spot
2023-01-30,31062074.1138670689181791,0.0759844722665769,0.00000319598249735696,0.0000461547822722011,0.0698980237054928,0.0759844722665769,0.0761730468,binance-clv-usdt-spot
2023-01-31,31679280.0058999030547725,0.0701561348222859,0.00000307710075422035,0.0000447999081071474,0.0646630431737004,0.0701561348222859,0.0703756296,binance-clv-usdt-spot
2023-02-01,32256983.3413173963850163,0.0715501428211025,0.00000309338444589668,0.0000451471422078831,0.0658716190144771,0.0715501428211025,0.0717,coinbase-clv-usd-spot
2023-02-02,32346721.2291195507774001,0.0728549311922287,0.00000307052341556179,0.0000443722745193222,0.0661734816281654,0.0728549311922287,0.07302365100000001,binance-clv-usdt-spot
2023-02-03,33599134.5541506303090848,0.0730576112622149,0.00000310809322925127,0.000044375836155913,0.0669655601804548,0.0730576112622149,0.07301168,binance-clv-usdt-spot
2023-02-04,34644737.3340940348000202,0.0758862851544352,0.00000323666680188526,0.0000455607864755338,0.070282780014088,0.0758862851544352,0.0758853116,binance-clv-usdt-spot
2023-02-05,33273022.2342167517389046,0.0782478611822098,0.00000335029348465535,0.0000468256508801596,0.0725041865024883,0.0782478611822098,0.07819,binance-clv-usdt-spot
2023-02-06,33060348.7306166527073873,0.0751497348583854,0.0000032734676876097,0.0000460724424052777,0.0696535706186553,0.0751497348583854,0.07512802639999999,binance-clv-usdt-spot
2023-02-07,36051931.6937067616940297,0.0746693950415077,0.00000328286890509131,0.0000462556895571915,0.0696117215496614,0.0746693950415077,0.07473672569999999,binance-clv-usdt-spot
2023-02-08,34698604.2314955595893243,0.0814261202016253,0.00000349974976601487,0.0000486788032117471,0.0758888360327763,0.0814261202016253,0.08116,binance-clv-usdt-spot
2023-02-09,31223971.6050606910957762,0.0783695191393911,0.00000341665165923215,0.0000474900643519584,0.0731576934508751,0.0783695191393911,0.078337833,binance-clv-usdt-spot
2023-02-10,31323125.5359069278895251,0.0705217951377324,0.00000323224357778778,0.0000456266938257192,0.0656781109651074,0.0705217951377324,0.070357035,binance-clv-usdt-spot
2023-02-11,31840514.7566862834876335,0.0707457399688399,0.0000032721501094969,0.0000467199871772939,0.0662791506051521,0.0707457399688399,0.0707384876,binance-clv-usdt-spot
2023-02-12,32199487.9269842813693218,0.0719143041733915,0.00000328903525957219,0.0000466920986214854,0.0673871458220757,0.0719143041733915,0.071987198,binance-clv-usdt-spot
2023-02-13,30464527.7347244514724155,0.0727250732817482,0.00000334028176450143,0.0000480422417206251,0.0681252730059051,0.0727250732817482,0.0727938282,binance-clv-usdt-spot
2023-02-14,31371605.0306855012860071,0.0688065293779095,0.00000315644876843728,0.0000456815099613426,0.064122593633887,0.0688065293779095,0.0690414,binance-clv-usdt-spot
2023-02-15,34180115.6769708518931405,0.0708552347166579,0.00000318845789608803,0.0000454950688260989,0.0659768390150069,0.0708552347166579,0.07098128799999999,binance-clv-usdt-spot
2023-02-16,36187477.0059512989766298,0.0771984766659345,0.00000317628907404113,0.0000461480638775704,0.0721501093212391,0.0771984766659345,0.07727236159999999,binance-clv-usdt-spot
2023-02-17,37457214.7639990852676775,0.0817322599386402,0.00000344245281963142,0.0000497186383297104,0.0765997592184084,0.0817322599386402,0.08281,binance-clv-usdt-spot
2023-02-18,36938971.7679516626297401,0.0846000624239475,0.00000343800173168929,0.0000498807649494861,0.079090160749387,0.0846000624239475,0.0845743752,binance-clv-usdt-spot
2023-02-19,37216628.0556619516125445,0.0834295699008749,0.00000338641770457733,0.0000493392710565188,0.0779859588713947,0.0834295699008749,0.08350335839999999,binance-clv-usdt-spot
2023-02-20,39618786.5042962826409072,0.0840566784411305,0.00000344961260365464,0.0000499383979349578,0.0786301333808878,0.0840566784411305,0.08367342200000001,binance-clv-usdt-spot
2023-02-21,39740349.2345895587285657,0.0894821420263728,0.00000360846473206039,0.0000526091703518928,0.0836791760806889,0.0894821420263728,0.08982,binance-clv-usdt-spot
2023-02-22,37955647.1815710279777281,0.0897567010034893,0.00000367849461619239,0.000054230553662481,0.0842968602821394,0.0897567010034893,0.0899225874,binance-clv-usdt-spot
2023-02-23,37544379.8369453908606701,0.0857258111990869,0.00000354770473499312,0.0000522100374024123,0.0808378133017361,0.0857258111990869,0.08579343160000001,binance-clv-usdt-spot
2023-02-24,35297965.1336332689730929,0.0847969315894449,0.00000354649980185096,0.0000514109963809969,0.0800176067703832,0.0847969315894449,0.084878487,binance-clv-usdt-spot
2023-02-25,36286289.6687376780948141,0.0797232274892421,0.00000343993062721696,0.0000495699029504871,0.0756226628340143,0.0797232274892421,0.079837983,binance-clv-usdt-spot
2023-02-26,36570362.7679220704170283,0.0819554361009009,0.00000353869124354023,0.0000514180530215335,0.0778227683334614,0.0819554361009009,0.08198901780000001,binance-clv-usdt-spot
2023-02-27,35669660.3362075586161706,0.0825970375140167,0.0000035084826776678,0.0000503462874791438,0.078311558269235,0.0825970375140167,0.08287,binance-clv-usdt-spot
2023-02-28,34524147.461336628246928,0.0805627303070194,0.00000342759024251734,0.0000493151837035904,0.0760320163663044,0.0805627303070194,0.0801948114,binance-clv-usdt-spot
2023-03-01,35659056.9792295869844632,0.077975499480272,0.00000336886161159596,0.0000485325873392141,0.0738072328044964,0.077975499480272,0.077859342,binance-clv-usdt-spot
2023-03-02,35146642.8561326139071185,0.0805387817922168,0.00000341111959154546,0.0000484674702832396,0.0754877882606136,0.0805387817922168,0.08069887590000001,binance-clv-usdt-spot
2023-03-03,32255594.7415738575966994,0.0793814542366565,0.00000338224831919866,0.0000481725972724411,0.0749574457262145,0.0793814542366565,0.0793,binance-clv-usdt-spot
2023-03-04,31654161.3776574512734989,0.0728517949306106,0.00000325957410507902,0.0000464269929618193,0.0685788019158001,0.0728517949306106,0.07305022559999999,binance-clv-usdt-spot
2023-03-05,31248600.8343546486536003,0.0714934104257361,0.00000320106104050511,0.0000456569295398531,0.0673263109362068,0.0714934104257361,0.0714357144,binance-clv-usdt-spot
2023-03-06,31072653.8378419679637107,0.0705774200752447,0.00000314799267261455,0.0000451369030034814,0.0664886425526389,0.0705774200752447,0.0705492945,binance-clv-usdt-spot
2023-03-07,29699296.0667387410111077,0.0701800299600943,0.00000313098188287615,0.0000447709188950217,0.0656830371923192,0.0701800299600943,0.070142985,binance-clv-usdt-spot
2023-03-08,27542839.9589341906551364,0.0670781935342473,0.00000302499467431657,0.0000429980732129401,0.06355562290602,0.0670781935342473,0.067176562,binance-clv-usdt-spot
2023-03-09,26020663.0909720380040687,0.0622076679897236,0.00000286652990448141,0.0000405465703348151,0.0589685792599711,0.0622076679897236,0.062077582,binance-clv-usdt-spot
2023-03-10,26247430.0842089769933311,0.0587697119414363,0.00000288797290437043,0.0000409069282451445,0.0555897636603073,0.0587697119414363,0.05883058830000001,binance-clv-usdt-spot
2023-03-11,26112279.1158727898939518,0.0592818830119339,0.0000029288879372015,0.0000413359239104562,0.0556042900159631,0.0592818830119339,0.059,coinbase-clv-usd-spot
2023-03-12,27471071.3797447712848364,0.0589766339316182,0.00000286499696767589,0.0000399233771276427,0.0545491818900628,0.0589766339316182,0.05914612,binance-clv-usdt-spot
2023-03-13,28659237.3370634304996106,0.0620455730150236,0.00000281182040924336,0.0000391084625514484,0.0574160301796125,0.0620455730150236,0.06228135900000001,binance-clv-usdt-spot
2023-03-14,29255345.4703601034819001,0.0647291391795794,0.00000267980414382189,0.00003857778034134,0.0594245623330373,0.0647291391795794,0.06468979999999999,binance-clv-usdt-spot
2023-03-15,26831767.1352709587676445,0.0660754962327149,0.00000266766721967353,0.0000387109763387965,0.0612081560601788,0.0660754962327149,0.0660307914,binance-clv-usdt-spot
2023-03-16,27493398.8469537247634007,0.0606016541510305,0.00000248267703142303,0.0000366077492000263,0.0570641162737515,0.0606016541510305,0.060503036,binance-clv-usdt-spot
2023-03-17,29040710.6564920107066262,0.0620960013539043,0.00000247955153618868,0.0000370223271925103,0.0584643121875406,0.0620960013539043,0.0621352602,binance-clv-usdt-spot
2023-03-18,28070669.768932067351445,0.0655907266425038,0.0000023894044003317,0.0000366219863666596,0.0613390924750087,0.0655907266425038,0.06585045299999999,binance-clv-usdt-spot
2023-03-19,31175268.4351076031229992,0.063399813085305,0.00000234938239613754,0.0000359334967431186,0.059295757151862,0.063399813085305,0.06320023720000001,binance-clv-usdt-spot
2023-03-20,28698358.9412322677983157,0.0704117930900808,0.00000249818281466971,0.0000390796578478766,0.065909733519872,0.0704117930900808,0.06975864999999999,binance-clv-usdt-spot
2023-03-21,28645401.5984339072597749,0.0648174983962393,0.00000232868849978713,0.0000373076687927595,0.060494336334858,0.0648174983962393,0.0646777836,binance-clv-usdt-spot
2023-03-22,27599758.7044471186564481,0.0646978900768601,0.00000229646685565568,0.0000358419074856598,0.060087107613905,0.0646978900768601,0.0647662928,binance-clv-usdt-spot
2023-03-23,28430021.6875905236493543,0.0623362234483669,0.00000227990758363,0.0000358610861268665,0.0574020549635924,0.0623362234483669,0.062259383999999994,binance-clv-usdt-spot
2023-03-24,27527867.8497186919663997,0.0642114376265907,0.00000226193063989838,0.0000352957309932075,0.0592601785696159,0.0642114376265907,0.064230576,binance-clv-usdt-spot
2023-03-25,27743575.0428768856498889,0.0621738523047553,0.00000226382061793212,0.0000355049284723015,0.0579592812174149,0.0621738523047553,0.0622557946,binance-clv-usdt-spot
2023-03-26,27929064.4134760758504039,0.0626610439478461,0.00000227949895588827,0.0000359610514991648,0.0583731210097216,0.0626610439478461,0.06296970680000001,binance-clv-usdt-spot
2023-03-27,26723507.2287490324647581,0.0630799862645811,0.00000224888963579768,0.0000354674981421813,0.0585548015738957,0.0630799862645811,0.0630511003,binance-clv-usdt-spot
2023-03-28,26995231.8298898320341011,0.0603571406465569,0.00000222269006497379,0.0000351962731692915,0.055910257909359,0.0603571406465569,0.0604389968,binance-clv-usdt-spot
2023-03-29,28037618.0125180502568744,0.0609708520066639,0.00000223467723901151,0.0000343513149693184,0.0562545636310352,0.0609708520066639,0.061061364,binance-clv-usdt-spot
2023-03-30,27337119.3315514801238795,0.0633251630966856,0.00000223060031193385,0.0000352835789951955,0.0583664100978835,0.0633251630966856,0.0631619985,binance-clv-usdt-spot
2023-03-31,27869224.941943312502099,0.0617430317900455,0.00000220341178484197,0.0000344587280339972,0.0566653266503287,0.0617430317900455,0.0617812356,binance-clv-usdt-spot
2023-04-01,27870152.2945266300965008,0.062944834116751,0.00000220745353737993,0.0000345091932161474,0.0580812731408861,0.062944834116751,0.0631639932,binance-clv-usdt-spot
2023-04-02,27221060.8262340380371858,0.0629469286154192,0.00000220908552475271,0.0000345403739206604,0.0580996467485619,0.0629469286154192,0.06309648940000001,binance-clv-usdt-spot
2023-04-03,27061813.1681199766363256,0.0614809045374842,0.00000218311585912252,0.0000342558599460785,0.0569051626312871,0.0614809045374842,0.061661097000000005,binance-clv-usdt-spot
2023-04-04,27411777.8866147215763484,0.0611212311901144,0.00000219458099190363,0.0000337465364762535,0.0560702002384873,0.0611212311901144,0.061,coinbase-clv-usd-spot
2023-04-05,27619462.526645582438489,0.0619116540023116,0.00000220216779366469,0.0000331398921987331,0.0565283392158607,0.0619116540023116,0.0621160778,binance-clv-usdt-spot
2023-04-06,27232540.7825516703727783,0.062380726078861,0.00000221284272944198,0.0000326408323384178,0.0572103284969731,0.062380726078861,0.06225,binance-clv-usdt-spot
2023-04-07,26680617.0182085015494894,0.0615068329207667,0.00000219282932036391,0.0000328546703322111,0.0564104001331492,0.0615068329207667,0.06153013500000001,binance-clv-usdt-spot
2023-04-08,36772449.9830335749774345,0.0602602697363206,0.00000215702086657542,0.0000322878956451742,0.0552768888084887,0.0602602697363206,0.060197900799999995,binance-clv-usdt-spot
2023-04-09,37316588.688971898488402,0.0630325683677751,0.00000225405710369324,0.0000340394571227677,0.0579001629060608,0.0630325683677751,0.0631021657,binance-clv-usdt-spot
2023-04-10,37346800.438187233533046,0.0639652900167116,0.00000225565007220013,0.0000343690083033386,0.058664825624842,0.0639652900167116,0.063928334,binance-clv-usdt-spot
2023-04-11,39150957.3726655720558235,0.0640170767252068,0.00000215635995498299,0.0000334797035856155,0.0588583038712676,0.0640170767252068,0.06392152200000001,binance-clv-usdt-spot
2023-04-12,39148922.6256919534435005,0.0671096268645413,0.00000221871306400756,0.0000354753932952653,0.0614532037819194,0.0671096268645413,0.06694554239999999,binance-clv-usdt-spot
2023-04-13,39289887.6556876322464895,0.0671061390542979,0.00000224337682942215,0.0000349187513199472,0.0610362530624912,0.0671061390542979,0.0672162041,binance-clv-usdt-spot
2023-04-14,39903106.031622951605714,0.0673477707077441,0.00000221751556634469,0.0000334919730951959,0.0609936265638746,0.0673477707077441,0.06728990879999999,binance-clv-usdt-spot
2023-04-15,39108702.1180727073124205,0.0683989035320012,0.00000224560789280849,0.0000325363407313414,0.0622003159339576,0.0683989035320012,0.068466348,binance-clv-usdt-spot
2023-04-16,39773770.5429014414550875,0.0670371960848339,0.00000220938189610999,0.0000320064802867852,0.0610028020541844,0.0670371960848339,0.0669975684,binance-clv-usdt-spot
2023-04-17,38732905.1644918175588075,0.0681772063636325,0.00000224911298394644,0.0000321686588815066,0.062069389131609,0.0681772063636325,0.06827389380000001,binance-clv-usdt-spot
2023-04-18,40407447.3169625347027555,0.0663930332080085,0.0000022529402188491,0.0000319721992949027,0.0607564937020342,0.0663930332080085,0.066341769,binance-clv-usdt-spot
2023-04-19,36514557.6878068211813015,0.0692634074354269,0.00000228088709846695,0.000032956782638577,0.0631014812613786,0.0692634074354269,0.0696599409,binance-clv-usdt-spot
2023-04-20,35423071.978626703346739,0.0625905087895337,0.0000021735272773363,0.0000323251878009166,0.0572120256736664,0.0625905087895337,0.0627063256,binance-clv-usdt-spot
2023-04-21,34039796.516445928253646,0.0607195660696962,0.0000021492680633287,0.0000312504094016671,0.0553871574855926,0.0607195660696962,0.0607836468,binance-clv-usdt-spot
2023-04-22,34995718.027597740479267,0.0583484592986868,0.00000213793104855712,0.000031546682671806,0.0530607186729805,0.0583484592986868,0.0584259744,binance-clv-usdt-spot
2023-04-23,34223858.354184277890247,0.0599870280650786,0.00000215567066650937,0.0000319835902958622,0.0547128243671626,0.0599870280650786,0.059904193,binance-clv-usdt-spot
2023-04-24,34773249.8689600821440995,0.0586639642589626,0.0000021251451715044,0.000031492065260075,0.0534028321224503,0.0586639642589626,0.058652346,binance-clv-usdt-spot
2023-04-25,34938854.8776362464717415,0.0596056898777821,0.00000216588871396398,0.0000323439871462475,0.0539461843644309,0.0596056898777821,0.0595641692,binance-clv-usdt-spot
2023-04-26,34255660.3347505837163215,0.0598895575296857,0.00000211603733087695,0.0000320598359288286,0.0545899218751636,0.0598895575296857,0.059857181999999995,binance-clv-usdt-spot
2023-04-27,34915169.4407856925028455,0.0587184768224497,0.00000206870041846235,0.0000314524453450666,0.0531964335854578,0.0587184768224497,0.05875290469999999,binance-clv-usdt-spot
2023-04-28,34630154.8877636061749605,0.0598489577350489,0.00000203115010023975,0.0000313449490577518,0.0542817905339543,0.0598489577350489,0.059929171200000006,binance-clv-usdt-spot
2023-04-29,35015622.1882769870806035,0.0593604072221659,0.00000202244515250477,0.0000313423632978169,0.0538693792486866,0.0593604072221659,0.0595103348,binance-clv-usdt-spot
2023-04-30,34370251.5322375456789055,0.0600211462804653,0.00000205400532080085,0.0000314931288669275,0.0544549471497973,0.0600211462804653,0.060105441300000007,binance-clv-usdt-spot
2023-05-01,33286558.198919692739892,0.0589149004355969,0.00000200649568410919,0.0000312454331018529,0.053522376589461,0.0589149004355969,0.0586687336,binance-clv-usdt-spot
2023-05-02,34255868.5405186782899715,0.0570573148204536,0.0000020294294797614,0.0000311486741644345,0.0520201464343122,0.0570573148204536,0.057219725699999995,binance-clv-usdt-spot
2023-05-03,33918275.1105399117975145,0.0587188337131197,0.00000204662407225189,0.0000313616733490538,0.0533146374047192,0.0587188337131197,0.058636960599999996,binance-clv-usdt-spot
2023-05-04,33284009.689948543008088,0.0581401564434391,0.00000200172390506638,0.0000305182233229715,0.0525546025910493,0.0581401564434391,0.058093358399999996,binance-clv-usdt-spot
2023-05-05,33543742.0537590715922715,0.0570529463580304,0.00000197717037047901,0.0000303950791142248,0.0517791068432658,0.0570529463580304,0.0570367947,binance-clv-usdt-spot
2023-05-06,31771014.7616818935193975,0.0574981600434597,0.00000194559670213197,0.0000288125375981995,0.0521410187959684,0.0574981600434597,0.057340143999999996,binance-clv-usdt-spot
2023-05-07,31571444.6020625225892485,0.0544594842335305,0.00000188444623723367,0.0000286579875175408,0.0494254837408953,0.0544594842335305,0.0544250775,binance-clv-usdt-spot
2023-05-08,28828673.5914028440345505,0.0541173960741563,0.0000018815759762878,0.0000284785339014404,0.0491572790139005,0.0541173960741563,0.053794133599999995,binance-clv-usdt-spot
2023-05-09,29180461.54486087721756,0.0494159442718879,0.00000178221356843099,0.0000267077369524638,0.044934221206894,0.0494159442718879,0.0494014624,binance-clv-usdt-spot
2023-05-10,29007881.507372751263215,0.050018952726248,0.00000180949924255868,0.0000270633099594609,0.0456380936291559,0.050018952726248,0.050078522199999996,binance-clv-usdt-spot
2023-05-11,27082121.1025231752521,0.049723129004497,0.00000179856471777999,0.0000269873288569307,0.0452830663018963,0.049723129004497,0.049768789400000006,binance-clv-usdt-spot
2023-05-12,27579544.0280321694101275,0.04642213534118,0.00000172021303825468,0.0000258533838079493,0.0425484307872002,0.04642213534118,0.04641856,binance-clv-usdt-spot
2023-05-13,27323981.7004151525465525,0.0472747803124645,0.00000176574056936274,0.0000261495193203447,0.0435694958865105,0.0472747803124645,0.047353191700000005,binance-clv-usdt-spot
2023-05-14,27210004.6926884414858975,0.0468367145894795,0.00000174494316879807,0.0000260264232629692,0.0432180352850522,0.0468367145894795,0.046843409999999995,binance-clv-usdt-spot
2023-05-15,28041767.202637136145745,0.0466413437742305,0.00000173270267118127,0.0000259131747623642,0.0430236603631481,0.0466413437742305,0.046631906699999996,binance-clv-usdt-spot
2023-05-16,27961645.184643599453326,0.048067088517871,0.00000176512031544568,0.0000264204956247369,0.0442330148935104,0.048067088517871,0.047911496,binance-clv-usdt-spot
2023-05-17,28512346.038847218536183,0.0479297493800308,0.00000177348661187765,0.0000262731469069768,0.0441123231189722,0.0479297493800308,0.04800624,binance-clv-usdt-spot
2023-05-18,28045491.921725632890185,0.0488737193700314,0.00000178364442103354,0.0000268214239587624,0.0450832334050403,0.0488737193700314,0.0488334181,binance-clv-usdt-spot
2023-05-19,28453267.482024672179809,0.048073473151223,0.00000179089714720406,0.0000266511410515738,0.0445960714010424,0.048073473151223,0.0480195198,binance-clv-usdt-spot
2023-05-20,28464643.100692607974561,0.0487724513508022,0.00000181381002859657,0.0000268991096758166,0.0451557620767414,0.0487724513508022,0.04881024800000001,binance-clv-usdt-spot
2023-05-21,27752730.5761792218432915,0.0487919505808438,0.00000180038396063384,0.0000268187556140433,0.0451646053016681,0.0487919505808438,0.048857094000000004,binance-clv-usdt-spot
2023-05-22,27802714.4927399012302355,0.0475716436691757,0.00000177657952532405,0.0000263338473546507,0.0439857455100094,0.0475716436691757,0.047524252999999995,binance-clv-usdt-spot
2023-05-23,28490063.0588138699703805,0.0476573223400109,0.00000177436944361806,0.0000262111871417036,0.044066957261691,0.0476573223400109,0.047578086900000004,binance-clv-usdt-spot
2023-05-24,27825845.8991090220466045,0.0488355235614019,0.00000179365270022799,0.0000263326334235101,0.0453189053428592,0.0488355235614019,0.0488275585,binance-clv-usdt-spot
2023-05-25,27173537.6340800886243355,0.0476969724572611,0.00000181072065145954,0.0000264815331568185,0.0443365914166648,0.0476969724572611,0.0474666771,binance-clv-usdt-spot
2023-05-26,27371239.413290851028339,0.0465788346847909,0.00000175869825357585,0.0000257777683869237,0.0434221400740949,0.0465788346847909,0.046477676,binance-clv-usdt-spot
2023-05-27,27580374.6259365749014455,0.0469177202069762,0.00000175587748086374,0.0000256488154121116,0.0437454070407526,0.0469177202069762,0.046904067,binance-clv-usdt-spot
2023-05-28,28072897.4735285593642505,0.0472762040609289,0.00000176045478377653,0.0000258230715245127,0.0440795614310188,0.0472762040609289,0.047167917,binance-clv-usdt-spot
2023-05-29,27172778.6593802504565625,0.0481204496871479,0.00000171262260010211,0.0000251769908794721,0.0448369332153018,0.0481204496871479,0.048080575400000006,binance-clv-usdt-spot
2023-05-30,27058460.446999319721231,0.0465775337074375,0.00000167755848963801,0.0000245810110290275,0.0434876122387636,0.0465775337074375,0.0464443933,binance-clv-usdt-spot
2023-05-31,25941077.408237611087577,0.0463815780248298,0.00000167367044148601,0.0000244006621498096,0.0432196097445182,0.0463815780248298,0.046364636,binance-clv-usdt-spot
2023-06-01,26118120.6183723449681345,0.0444662440501766,0.00000163372626643554,0.0000237413828630153,0.0415994500619729,0.0444662440501766,0.044461112500000004,binance-clv-usdt-spot
2023-06-02,26545542.407483513708002,0.0447697182068351,0.00000166893190893254,0.00002404547326079,0.0416310600850149,0.0447697182068351,0.044596878,binance-clv-usdt-spot
2023-06-03,26252616.9468147567396325,0.0455023724943916,0.00000166949153770238,0.0000238613097048512,0.0425105550704302,0.0455023724943916,0.045454540800000005,binance-clv-usdt-spot
2023-06-04,26784160.7723767914586405,0.0450002616985435,0.00000166178894778256,0.0000237858558233863,0.0420357027671249,0.0450002616985435,0.0450839717,binance-clv-usdt-spot
2023-06-05,23552725.6761067578150425,0.0459113941507099,0.00000169051343241278,0.0000242621237611948,0.0429268496898105,0.0459113941507099,0.0458632965,binance-clv-usdt-spot
2023-06-06,24246281.1761935281810195,0.0403723111218215,0.00000156567686533556,0.0000222713944533203,0.0377149137600848,0.0403723111218215,0.040397674099999996,binance-clv-usdt-spot
2023-06-07,21736416.564374658637115,0.0415611518027181,0.0000015272103427989,0.0000220699777440432,0.0388422961243881,0.0415611518027181,0.0416516592,binance-clv-usdt-spot
2023-06-08,22202232.2429970974312515,0.037258930634117,0.0000014145605969169,0.0000203390388401271,0.0347891203760378,0.037258930634117,0.037354108500000004,binance-clv-usdt-spot
2023-06-09,22096231.461872938367071,0.0380573968397437,0.00000143495349177056,0.0000206023527327681,0.0352884961297799,0.0380573968397437,0.038036845400000005,binance-clv-usdt-spot
2023-06-10,18833222.6216526557331025,0.0378756982723018,0.00000143085488313097,0.0000206022877330932,0.035233968985895,0.0378756982723018,0.037819243599999997,binance-clv-usdt-spot
2023-06-11,18491622.3542705505366815,0.0322824939059695,0.00000124820117454701,0.0000184166160441402,0.0301266997408677,0.0322824939059695,0.0321948028,binance-clv-usdt-spot
2023-06-12,18672974.899948235213212,0.0316969484169377,0.00000122349784509995,0.0000180935831737043,0.0295252663949428,0.0316969484169377,0.0317417401,binance-clv-usdt-spot
2023-06-13,18613568.226849595055944,0.0320078093125096,0.00000123550066763679,0.0000183693967758764,0.0297404122245925,0.0320078093125096,0.031990959699999995,binance-clv-usdt-spot
2023-06-14,17759826.055405306659859,0.0319059788610352,0.00000123280211298305,0.000018369236716364,0.0295688090764964,0.0319059788610352,0.031893301,binance-clv-usdt-spot
2023-06-15,17775058.690947861546452,0.0304425582345922,0.00000121296761318456,0.0000184483079004331,0.0280968800321037,0.0304425582345922,0.030415132799999998,binance-clv-usdt-spot
2023-06-16,18172186.00263794499393,0.0304686688729016,0.00000119208490207598,0.000018312218785746,0.0278375351846622,0.0304686688729016,0.03054942,binance-clv-usdt-spot
2023-06-17,18225013.6662398039250835,0.031149394645494,0.00000118295638257574,0.0000181457714949733,0.0285032848490825,0.031149394645494,0.031158173999999997,binance-clv-usdt-spot
2023-06-18,21414374.1542895796142245,0.0312399478536493,0.00000117823587401062,0.0000180831056520608,0.0285753418816144,0.0312399478536493,0.0312253172,binance-clv-usdt-spot
2023-06-19,21382218.0572844297769045,0.0367069097532571,0.00000139284213895572,0.00002133974971286,0.033564152083066,0.0367069097532571,0.037289556,binance-clv-usdt-spot
2023-06-20,21750405.9830494296974845,0.0366517901900011,0.00000136872445126574,0.0000211251522087604,0.0335601606565454,0.0366517901900011,0.0368074812,binance-clv-usdt-spot
2023-06-21,22415657.921047463715991,0.0372829102435651,0.00000131716503910486,0.0000208307764195151,0.0341194034780515,0.0372829102435651,0.03744823680000001,binance-clv-usdt-spot
2023-06-22,20871496.3607806760955755,0.0384232350868378,0.00000127653999205029,0.000020283485580226,0.0349014292666199,0.0384232350868378,0.038621158600000004,binance-clv-usdt-spot
2023-06-23,21037755.4453961570413635,0.0357763494655829,0.00000119443572270681,0.0000190872267718367,0.0326341049223763,0.0357763494655829,0.0356214248,binance-clv-usdt-spot
2023-06-24,20707373.8442751105296975,0.0360613382852733,0.0000011769998663276,0.0000190641658934145,0.0330966723790402,0.0360613382852733,0.0361824192,binance-clv-usdt-spot
2023-06-25,20710106.716448184614231,0.0354950229902705,0.00000116190395973812,0.0000189195128785958,0.0325692565746287,0.0354950229902705,0.03551093910000001,binance-clv-usdt-spot
2023-06-26,19925920.8614876938148405,0.0354997074742298,0.00000116516868639059,0.0000186860144267603,0.0325134435473246,0.0354997074742298,0.035323064700000004,binance-clv-usdt-spot
2023-06-27,21897807.342286398977008,0.0341555150546699,0.00000112888827365578,0.0000183872186060303,0.0313132915443723,0.0341555150546699,0.034196496099999994,binance-clv-usdt-spot
2023-06-28,20544919.3684406550781345,0.0375355745685664,0.00000122396977813178,0.00001987119455758,0.0342677722468798,0.0375355745685664,0.03749187450000001,binance-clv-usdt-spot
2023-06-29,21244080.323760959735346,0.0352165557448351,0.00000116982810006317,0.0000192475052611677,0.032273914858539,0.0352165557448351,0.035116488,binance-clv-usdt-spot
2023-06-30,21486848.10908426523421,0.0364150048755468,0.00000119547133594808,0.0000196500580305954,0.0335119345955738,0.0364150048755468,0.0363649082,binance-clv-usdt-spot
2023-07-01,21510524.4044447561235,0.036831139156318,0.00000120819220326189,0.0000190379436045926,0.03372463182036,0.036831139156318,0.0368222657,binance-clv-usdt-spot
2023-07-02,21384517.581552592719626,0.0368717232813,0.0000012056797557151,0.0000191727162103857,0.0337728926309864,0.0368717232813,0.037086291,binance-clv-usdt-spot
2023-07-03,22788796.5616383754456075,0.0366557318615708,0.00000119812618483242,0.0000189376826265131,0.0335802786452144,0.0366557318615708,0.036766323,binance-clv-usdt-spot
2023-07-04,22422814.640651086671577,0.0390628412834485,0.00000125461354213754,0.0000199891335926611,0.0357843649665858,0.0390628412834485,0.0392,binance-clv-usdt-spot
2023-07-05,21458549.968120359158767,0.0384355025973766,0.0000012479080573901,0.0000198286662507466,0.0353251356996933,0.0384355025973766,0.038455000200000006,binance-clv-usdt-spot
2023-07-06,20873532.9101418484856325,0.0367826326111786,0.00000120607407494392,0.000019236311168493,0.0338985644379555,0.0367826326111786,0.03673,binance-clv-usdt-spot
2023-07-07,22048876.2895870043956635,0.0357798403653435,0.00000119346773946053,0.0000192948196425476,0.0328765098731096,0.0357798403653435,0.03570142800000001,binance-clv-usdt-spot
2023-07-08,21864880.652824154824364,0.0377945255972133,0.00000124611511438393,0.0000202182465826575,0.0345009457362484,0.0377945255972133,0.037703392999999995,binance-clv-usdt-spot
2023-07-09,21683938.6313655766678945,0.0374791341136712,0.00000123842205812689,0.0000201062213184079,0.0342094343081493,0.0374791341136712,0.0375645072,binance-clv-usdt-spot
2023-07-10,22070051.3599188769772975,0.0371689769078431,0.00000123226152930895,0.0000199550748303748,0.033948182787214,0.0371689769078431,0.03718594879999999,binance-clv-usdt-spot
2023-07-11,22128406.4154092776445225,0.0378308223103505,0.00000124465375861764,0.0000201191523986508,0.034391922467061,0.0378308223103505,0.037807181999999995,binance-clv-usdt-spot
2023-07-12,21708837.9653339268065165,0.0379308501580055,0.00000123891246505254,0.000020193524829651,0.0344677314741592,0.0379308501580055,0.038062283599999996,binance-clv-usdt-spot
2023-07-13,22698812.8419377443249595,0.0372116574736307,0.00000122464742229351,0.0000198823711751143,0.0334311075314564,0.0372116574736307,0.0373188804,binance-clv-usdt-spot
2023-07-14,22231512.394084129560289,0.0389085979581701,0.00000123775808435552,0.0000194346869463608,0.0346622603067787,0.0389085979581701,0.0390760146,binance-clv-usdt-spot
2023-07-15,22316837.491040670022548,0.0381075866727862,0.00000125723331528474,0.0000196924463999024,0.0339924508833157,0.0381075866727862,0.038419968,binance-clv-usdt-spot
2023-07-16,21800147.3591204715122065,0.0382538445372984,0.00000126288279363232,0.0000198132760936222,0.0341256720581166,0.0382538445372984,0.038251089599999996,binance-clv-usdt-spot
2023-07-17,21614713.3940870064173725,0.0373681731697327,0.00000123532078114996,0.0000194166148146922,0.0333413469848814,0.0373681731697327,0.0373382868,binance-clv-usdt-spot
2023-07-18,20956024.275504176025652,0.0370503162120355,0.00000122912115417784,0.0000193748784709086,0.0329791684573292,0.0370503162120355,0.037039259199999994,binance-clv-usdt-spot
2023-07-19,20915996.8347865060051045,0.0359212408602616,0.00000120396651605395,0.0000189318322194877,0.0320174901009265,0.0359212408602616,0.0359103591,binance-clv-usdt-spot
2023-07-20,21258489.021348850829196,0.0358526288315611,0.00000119856228116051,0.0000189745024407203,0.0320120613162008,0.0358526288315611,0.035903231,binance-clv-usdt-spot
2023-07-21,21021264.219121882716814,0.0364397031813768,0.00000122257881566401,0.0000192601213249415,0.0327189574862318,0.0364397031813768,0.0365270776,binance-clv-usdt-spot
2023-07-22,21180714.9492633939248,0.0360330702653812,0.00000120432618318378,0.0000190438550120246,0.0324060379812497,0.0360330702653812,0.036002519999999996,binance-clv-usdt-spot
2023-07-23,25527643.5612404027761765,0.03630638871584,0.00000122136772379695,0.0000195060961787655,0.03266152302388,0.03630638871584,0.0362250708,binance-clv-usdt-spot
2023-07-24,21786877.0225905660743285,0.0437575668410587,0.00000145535600761729,0.0000231770231133298,0.03936076740173,0.0437575668410587,0.0430078495,binance-clv-usdt-spot
2023-07-25,21052156.354309313238966,0.0373454261568203,0.0000012799014932755,0.0000201875434029139,0.0337570557535759,0.0373454261568203,0.0373355192,binance-clv-usdt-spot
2023-07-26,21651059.4082227833563945,0.0360860232403428,0.00000123492380534318,0.0000194266401383688,0.0326604440790937,0.0360860232403428,0.036195294,binance-clv-usdt-spot
2023-07-27,21884805.7122081279535605,0.0371126178161431,0.00000126398521313087,0.0000198339297565522,0.0335072139641737,0.0371126178161431,0.037011480400000005,okex-clv-usdt-spot
2023-07-28,21808123.274294823596735,0.0375132881520459,0.00000128462745223711,0.0000201788304183928,0.0341541508792796,0.0375132881520459,0.0375313658,binance-clv-usdt-spot
2023-07-29,21646126.218378162287833,0.037381844883713,0.00000127512094675577,0.0000199368215754262,0.033902312706699,0.037381844883713,0.037308880700000005,binance-clv-usdt-spot
2023-07-30,21112643.7632457308212105,0.0371041617131014,0.00000126374953395418,0.0000197257348031368,0.0336817819062798,0.0371041617131014,0.037,coinbase-clv-usd-spot
2023-07-31,21142387.805478333775649,0.0361897062079159,0.00000123671216625892,0.0000194410820822061,0.0328179729621735,0.0361897062079159,0.036197104,binance-clv-usdt-spot
2023-08-01,21435758.7657090076450075,0.0362406912082742,0.00000124027769418622,0.0000195242868485858,0.032931457324724,0.0362406912082742,0.0362056548,binance-clv-usdt-spot
2023-08-02,21373225.381081533821255,0.0367435656459685,0.0000012455620132967,0.0000196806456300449,0.0333614262465408,0.0367435656459685,0.03708145,binance-clv-usdt-spot
2023-08-03,20868111.8568146549994265,0.036636375620729,0.00000125711781856974,0.0000199295400915877,0.0333995363317476,0.036636375620729,0.0365873018,binance-clv-usdt-spot
2023-08-04,20859689.726308214529366,0.0357705480034087,0.00000122534000515475,0.0000194837579924809,0.032677931479184,0.0357705480034087,0.0358091776,binance-clv-usdt-spot
2023-08-05,21629868.0809925528624635,0.0357561114206628,0.00000123053996607178,0.0000195787267327578,0.0325667125575523,0.0357561114206628,0.035703333000000004,binance-clv-btc-spot
2023-08-06,21471227.533737965198864,0.0370762932366533,0.00000127615637323584,0.0000202008765846111,0.0337990980892004,0.0370762932366533,0.037145794399999994,binance-clv-usdt-spot
2023-08-07,21264919.0367996763339745,0.0368043635407712,0.00000126701695965246,0.0000201453346701059,0.0335237013087428,0.0368043635407712,0.0367455825,binance-clv-usdt-spot
2023-08-08,21641123.285861888047996,0.0364507250303071,0.00000124983804876426,0.0000199635276445615,0.0331128402024107,0.0364507250303071,0.0364879905,binance-clv-usdt-spot
2023-08-09,21575985.170156764203084,0.0370955860624168,0.00000124567477229882,0.0000199792918026059,0.0338586290800131,0.0370955860624168,0.037116633200000006,binance-clv-usdt-spot
2023-08-10,24576185.936602708028278,0.0369839312030472,0.00000125017749775106,0.0000199339339286466,0.03370177138714,0.0369839312030472,0.0370029681,binance-clv-usdt-spot
2023-08-11,22630219.0912972540256505,0.0421266497332324,0.00000143141083363318,0.0000227602056216169,0.0384216807951126,0.0421266497332324,0.042151892,binance-clv-usdt-spot
2023-08-12,23084066.975943816014173,0.0387910197092679,0.00000131943209968419,0.00002100689160305,0.0354200631818993,0.0387910197092679,0.038745098,binance-clv-usdt-spot
2023-08-13,22205483.8343910705847185,0.0395689716224734,0.00000134516350175588,0.0000214047573633501,0.0362199088990245,0.0395689716224734,0.0395086538,binance-clv-usdt-spot
2023-08-14,22515033.6242529673583485,0.0380629694998577,0.00000129969325416835,0.0000206981351660517,0.0347736735057143,0.0380629694998577,0.038133288,binance-clv-usdt-spot
2023-08-15,21380733.6390881381983425,0.0385935774439363,0.00000131230625201411,0.0000209310648015185,0.0354102132200866,0.0385935774439363,0.038512992,binance-clv-usdt-spot
2023-08-16,20129333.6852880871135705,0.0366492457119615,0.0000012565054790039,0.0000200584512818142,0.0336066069004453,0.0366492457119615,0.036659263000000004,binance-clv-usdt-spot
2023-08-17,18545896.409932151082955,0.0345041900200039,0.00000119996658344011,0.0000190953527144386,0.0317077117730034,0.0345041900200039,0.034509231,binance-clv-usdt-spot
2023-08-18,18948862.7154959344768165,0.031789980921589,0.00000119239722160926,0.0000188229044987057,0.0292478179332202,0.031789980921589,0.031692412100641956,binance-clv-usdt-spot
2023-08-19,19209880.8413066207787315,0.0324807154583707,0.00000124746549434616,0.0000195589857417529,0.0300655773480536,0.0324807154583707,0.032530322258785604,binance-clv-usdt-spot
2023-08-20,19017158.337181432417848,0.0329281331003277,0.00000126190526775885,0.0000197308868142773,0.0304903216373728,0.0329281331003277,0.032895384785206656,binance-clv-usdt-spot
2023-08-21,18810726.0676029290881375,0.0325977826770384,0.0000012453084767313,0.0000193623915336364,0.0300154812293452,0.0325977826770384,0.0326187288733901,binance-clv-usdt-spot
2023-08-22,18075066.7514350242886365,0.0322439320048225,0.00000123403303678392,0.0000193391601366716,0.0295881763196479,0.0322439320048225,0.03217001231812387,binance-clv-usdt-spot
2023-08-23,23553689.2936510041554706,0.0309829201287267,0.00000119265032104862,0.0000189859422694968,0.028565230066004,0.0309829201287267,0.031033767721521662,binance-clv-usdt-spot
2023-08-24,23269612.7193722855931681,0.0317437881872806,0.00000120004369699525,0.0000189075546024313,0.0292345485078416,0.0317437881872806,0.03169529960373599,binance-clv-usdt-spot
2023-08-25,22903140.3360024169271367,0.0313609323853531,0.00000120033602230243,0.0000189304438261923,0.0290253737761685,0.0313609323853531,0.031355561200226895,binance-clv-usdt-spot
2023-08-26,24571609.459831579667382,0.0308670300684317,0.00000118532970393888,0.0000186736958825962,0.0286071976357381,0.0308670300684317,0.030865010609337214,binance-clv-usdt-spot
2023-08-27,23486422.4152491277443771,0.033115659988082,0.00000127337684836388,0.0000201197449051016,0.0306869559667949,0.033115659988082,0.032990321820622795,binance-clv-usdt-spot
2023-08-28,23905546.5074369717003328,0.0316531312412121,0.00000121339771869057,0.0000191055113034846,0.029320109266892,0.0316531312412121,0.031692530317855724,binance-clv-usdt-spot
2023-08-29,24015510.0613501222282938,0.0322179933416128,0.00000123425092828643,0.0000194928134162692,0.0297285487068605,0.0322179933416128,0.03218792729193864,binance-clv-usdt-spot
2023-08-30,23828545.5693884206841079,0.0323661934694238,0.00000116962755345923,0.0000187417735417643,0.0297478036501254,0.0323661934694238,0.03248547462875462,binance-clv-usdt-spot
2023-08-31,23099004.1297284918398946,0.0321142176045229,0.00000117638815401675,0.0000188348416703093,0.0293715416757837,0.0321142176045229,0.03209419532812023,binance-clv-usdt-spot
2023-09-01,23507860.4027006872125798,0.0311309997041046,0.00000119942823022969,0.0000189168357430884,0.0286999386882015,0.0311309997041046,0.031158221932968543,binance-clv-usdt-spot
2023-09-02,23700008.6311049298183114,0.0316820236548098,0.00000122785270352509,0.0000194517001677319,0.0294005499507113,0.0316820236548098,0.03167398865725895,binance-clv-usdt-spot
2023-09-03,23556670.6420620948080736,0.0319409857472014,0.00000123475414177589,0.0000195132936314434,0.0296521853455852,0.0319409857472014,0.031948060609551986,binance-clv-usdt-spot
2023-09-04,24759424.3856902662539925,0.0317478062114336,0.00000122283093086687,0.0000194109139782212,0.0294665538711683,0.0317478062114336,0.031723341477032076,binance-clv-usdt-spot
2023-09-05,23875184.5899234778505934,0.0333687820001175,0.00000129338742133926,0.0000205041284220848,0.0309048639651014,0.0333687820001175,0.03337448380567977,binance-clv-usdt-spot
2023-09-06,23639574.4508665322543529,0.0321770739651834,0.00000124802660402329,0.0000197076190919385,0.0300120267433955,0.0321770739651834,0.0321944446490638,binance-clv-usdt-spot
2023-09-07,24300815.667194124076347,0.0318595373680179,0.00000123703346200412,0.00001951704053565,0.029721268945299,0.0318595373680179,0.03193477215600186,binance-clv-usdt-spot
2023-09-08,24450661.5762461562932121,0.032750705662297,0.00000124952118455321,0.0000198961649576799,0.0306315403342331,0.032750705662297,0.03280093179900298,binance-clv-usdt-spot
2023-09-09,23856847.5609957563355159,0.0329526560547971,0.00000127207257093578,0.000020137471428949,0.0308033193621056,0.0329526560547971,0.03299682869756612,binance-clv-usdt-spot
2023-09-10,22972258.2777402144853143,0.0321523607767309,0.00000124166178282242,0.0000196689473325342,0.0300705962355486,0.0321523607767309,0.03215707069946617,binance-clv-usdt-spot
2023-09-11,22353439.3792628786651637,0.0309601817303693,0.00000119854533971476,0.0000191417415135375,0.0289172693376287,0.0309601817303693,0.03098010221077519,binance-clv-usdt-spot
2023-09-12,22319576.5573917625753593,0.0301261868604087,0.00000119857329074279,0.0000194442826007776,0.0280526629345245,0.0301261868604087,0.030036168749461144,binance-clv-usdt-spot
2023-09-13,22541065.5714132648307653,0.0300805492436643,0.00000116322104053459,0.0000188709982462069,0.0279723752384721,0.0300805492436643,0.03013106054247287,binance-clv-usdt-spot
2023-09-14,22893154.3407160124133624,0.0303790545121703,0.00000115831810177222,0.0000188957463121766,0.0283137421534883,0.0303790545121703,0.030354104357370015,binance-clv-usdt-spot
2023-09-15,24103659.7558260024592491,0.0308535717386024,0.00000116182804564958,0.0000189573765085883,0.0289939111427944,0.0308535717386024,0.030806338776722536,binance-clv-usdt-spot
2023-09-16,24209548.0746149158023042,0.0324849946132841,0.00000121791557729583,0.0000197606560426147,0.0304503255297809,0.0324849946132841,0.03242244978287586,binance-clv-usdt-spot
2023-09-17,23297310.2232245151092358,0.0326277024634742,0.0000012286545250406,0.000019959195391334,0.0305725976500367,0.0326277024634742,0.03261088994028199,binance-clv-usdt-spot
2023-09-18,23376696.4577971832439852,0.0313982608770658,0.00000118473130074094,0.0000193746993953443,0.0294162448285554,0.0313982608770658,0.0314942021486731,binance-clv-usdt-spot
2023-09-19,23703055.3128787489893969,0.0315052513270052,0.00000117712253383797,0.0000192381139454931,0.0294438710191603,0.0315052513270052,0.031485166978673255,binance-clv-usdt-spot
2023-09-20,23247418.5414811936587285,0.0319450918224619,0.00000117380240908606,0.0000194374539331576,0.0299079584816812,0.0319450918224619,0.031906977491382216,binance-clv-usdt-spot
2023-09-21,22832163.6227505824121909,0.0313310208384535,0.00000115470293213734,0.0000193083290727671,0.0294059971949227,0.0313310208384535,0.03136665772289116,binance-clv-usdt-spot
2023-09-22,23797634.1945610203890829,0.0307713733021559,0.00000115805516996927,0.0000194179344675608,0.028865989987692,0.0307713733021559,0.030769189043674698,binance-clv-usdt-spot
2023-09-23,23687990.8872469575556851,0.0320725577132479,0.00000120659040692489,0.0000201255293383604,0.0301289396385557,0.0320725577132479,0.032136493395630496,binance-clv-usdt-spot
2023-09-24,23546485.6517542680151641,0.0319247891883201,0.00000120127399944552,0.0000200415046232223,0.0300038592140771,0.0319247891883201,0.03192173004613726,binance-clv-usdt-spot
2023-09-25,24803211.7731661152012144,0.0317340796919491,0.00000120723220715168,0.000020069100202247,0.0298009836198694,0.0317340796919491,0.03176154888579344,binance-clv-usdt-spot
2023-09-26,24235066.538352795924414,0.0334277951566544,0.00000127155986869285,0.0000210561895118854,0.0315332979990992,0.0334277951566544,0.03339756561920258,binance-clv-usdt-spot
2023-09-27,24073419.009071706162462,0.032662094218314,0.00000124690476914963,0.0000205159147942888,0.0308943371597608,0.032662094218314,0.03273217724798716,binance-clv-usdt-spot
2023-09-28,24366851.5021535161850418,0.032444238541162,0.00000123193107483928,0.0000203224592720704,0.0308737639947783,0.032444238541162,0.03252941091369394,binance-clv-usdt-spot
2023-09-29,24237332.4900347611076169,0.0328397035059718,0.00000121478144073788,0.0000198680029882022,0.03108215432619,0.0328397035059718,0.032886935838607856,binance-clv-usdt-spot
2023-09-30,24879626.2962216224948196,0.0326651480876819,0.0000012138100719415,0.0000195886127869297,0.0308917915761283,0.0326651480876819,0.032688858079114605,binance-clv-usdt-spot
2023-10-01,25215797.195848815854949,0.0335307805702796,0.00000124290761932994,0.0000200646716785651,0.0317119118126567,0.0335307805702796,0.03353285998995727,binance-clv-usdt-spot
2023-10-02,24645744.2468110955849649,0.033983844958599,0.00000121587363935202,0.0000196262725576865,0.0321625118597386,0.033983844958599,0.03397093462963055,binance-clv-usdt-spot
2023-10-03,23480963.1230013037012689,0.0332155729548299,0.00000120495198246054,0.0000199709717192271,0.0316906759055876,0.0332155729548299,0.033314557496075356,binance-clv-usdt-spot
2023-10-04,23505091.6986895801156533,0.0316457736415339,0.00000115330768598772,0.0000190993551618114,0.0302295962408726,0.0316457736415339,0.03163109554065351,binance-clv-usdt-spot
2023-10-05,23206121.3779067495552058,0.0316782922158583,0.00000113961959816493,0.0000192109526300807,0.0301557844759005,0.0316782922158583,0.031689328860340905,binance-clv-usdt-spot
2023-10-06,23634046.7671957039267569,0.0312753638075358,0.00000114034019851713,0.000019389427201451,0.0296662280473832,0.0312753638075358,0.0313,coinbase-clv-usd-spot
2023-10-07,23368457.2042202665377231,0.0318520875958219,0.00000113993734681762,0.0000193544216651338,0.0300967982771936,0.0318520875958219,0.031826649155767994,binance-clv-usdt-spot
2023-10-08,23234387.6322966752325009,0.0314941471166581,0.00000112588663426141,0.0000192607566674293,0.0297639592662715,0.0314941471166581,0.031593239922079394,binance-clv-usdt-spot
2023-10-09,22261437.4214445395348124,0.0313134588159659,0.00000112088678684,0.0000191755357274063,0.0296457580945452,0.0313134588159659,0.0312714976,binance-clv-btc-spot
2023-10-10,22143689.1912324615659874,0.0300021939425524,0.00000108737693022118,0.0000189940851355665,0.0283760652439355,0.0300021939425524,0.029847260503860395,binance-clv-usdt-spot
2023-10-11,22126973.8383809186851584,0.0298435022474774,0.00000108839252352,0.0000190288660554663,0.0281453073011047,0.0298435022474774,0.029803307583505603,binance-clv-usdt-spot
2023-10-12,21699254.8581508986685623,0.0298209746249984,0.00000111155445068298,0.0000190511327578796,0.0280769822563408,0.0298209746249984,0.029793043800000002,binance-clv-btc-spot
2023-10-13,22439450.9853796125607281,0.0292445290184173,0.00000109360743939068,0.0000190133990091739,0.0277590524608046,0.0292445290184173,0.029319664214466263,binance-clv-usdt-spot
2023-10-14,22265505.0123749994167172,0.0302421064589131,0.00000112665237702413,0.0000195077539579848,0.0287858571753335,0.0302421064589131,0.03019173079507512,binance-clv-usdt-spot
2023-10-15,22951756.4511238117402869,0.0300076759179372,0.00000111710549998866,0.0000192893252578416,0.0285707461573454,0.0300076759179372,0.030039127410205688,binance-clv-usdt-spot
2023-10-16,23508651.889328772194406,0.0309325509998519,0.00000114014748640211,0.0000198757508021085,0.0294105189088314,0.0309325509998519,0.031024660140221715,binance-clv-usdt-spot
2023-10-17,22917356.1439390492660512,0.031683090357506,0.00000111142244615947,0.0000197896385881618,0.0300074682658637,0.031683090357506,0.031701619618831486,binance-clv-usdt-spot
2023-10-18,22294039.2684181765144398,0.0308861890031712,0.00000108627180220401,0.0000197318722464438,0.0292037824965603,0.0308861890031712,0.030922396485539985,binance-clv-usdt-spot
2023-10-19,22401682.6514139421433118,0.0300461321176698,0.00000106064856496261,0.0000192183402980627,0.0285185183941708,0.0300461321176698,0.030016909081920902,binance-clv-usdt-spot
2023-10-20,23438790.5014903707783324,0.0301912053037418,0.00000105231190424261,0.000019273913153097,0.028541278211874,0.0301912053037418,0.03018131945298057,binance-clv-usdt-spot
2023-10-21,23410569.8754769820214474,0.0315889367380724,0.00000106342206021806,0.0000196745459471532,0.0298074377613589,0.0315889367380724,0.03162561906283452,binance-clv-usdt-spot
2023-10-22,24076130.0205801587693292,0.0315509032239374,0.00000105441905904284,0.0000193711995393306,0.0297752026561855,0.0315509032239374,0.03152524415743335,binance-clv-usdt-spot
2023-10-23,24544517.9346204442568271,0.0324478922267492,0.00000108216781670563,0.000019511308532322,0.0306247596776749,0.0324478922267492,0.03241189516552574,binance-clv-usdt-spot
2023-10-24,24904531.2789171693354672,0.0330791481861621,0.00000100379251371084,0.0000187623417485809,0.0310067258791095,0.0330791481861621,0.033119264642445946,binance-clv-usdt-spot
2023-10-25,26329298.0677565928135858,0.0335643455241872,0.000000990655189203774,0.000018807525227818,0.0316799417530089,0.0335643455241872,0.03351087912233678,binance-clv-usdt-spot
2023-10-26,25642979.9263241132085018,0.0354845328289158,0.00000102887540249377,0.0000198649544259338,0.0335959196559671,0.0354845328289158,0.03550082363514077,binance-clv-usdt-spot
2023-10-27,25779859.8767489236600521,0.0345595678504318,0.00000101106082775587,0.0000191506827883295,0.0327128042937705,0.0345595678504318,0.034564037707098275,binance-clv-usdt-spot
2023-10-28,25876616.2684922344256469,0.0347440437556371,0.00000102499061166196,0.0000195098449548443,0.0328837346338337,0.0347440437556371,0.034739560687017376,binance-clv-usdt-spot
2023-10-29,26086562.781343097051214,0.0348744443212119,0.00000102296329712678,0.0000196341903099195,0.0330303012255413,0.0348744443212119,0.034834190104694664,binance-clv-usdt-spot
2023-10-30,26287286.0576229882139833,0.035157393525114,0.00000101686383146928,0.0000195566630243488,0.0333036712643049,0.035157393525114,0.035172022527929725,binance-clv-usdt-spot
2023-10-31,25696740.1321009570773456,0.0354279123846883,0.00000102704173138128,0.0000195800781509345,0.0333903612757975,0.0354279123846883,0.03535952812973445,binance-clv-usdt-spot
2023-11-01,26425191.7809164301638769,0.0346320215779056,0.000000999872824761605,0.0000190963364795332,0.0327447221688287,0.0346320215779056,0.034716016336950616,binance-clv-usdt-spot
2023-11-02,26197972.1353515561719715,0.0356137707449419,0.00000100513071226907,0.0000192915532504956,0.0336591460856973,0.0356137707449419,0.0358055703410138,binance-clv-usdt-spot
2023-11-03,27015981.3980359706155284,0.0353075421872465,0.00000101217285946881,0.0000196237925993015,0.0332761282940854,0.0353075421872465,0.0353232854610264,binance-clv-usdt-spot
2023-11-04,27233264.4661036018342584,0.0364099899798684,0.00000104903069091956,0.0000198677947324472,0.0339574748151542,0.0364099899798684,0.03634516332159837,binance-clv-usdt-spot
2023-11-05,27248855.6015275655090511,0.0367028268090984,0.00000104593049494345,0.0000197376972408151,0.0342318978064628,0.0367028268090984,0.036548341438010196,binance-clv-usdt-spot
2023-11-06,28413191.0905131296390166,0.0367238393007861,0.0000010461129564513,0.0000193635007170792,0.0342629327124418,0.0367238393007861,0.03680802505000748,binance-clv-usdt-spot
2023-11-07,28956606.2710146483991254,0.0382930380229266,0.00000109353331194198,0.0000201662773100571,0.0357325956090169,0.0382930380229266,0.038286709153077324,binance-clv-usdt-spot
2023-11-08,29565573.73539475167441,0.0390254097619154,0.00000110183760535447,0.0000206900637342941,0.0364960986872191,0.0390254097619154,0.0388985819257649,binance-clv-usdt-spot
2023-11-09,30708702.8456748253080759,0.03984612765291,0.00000111308578585768,0.00002105303033297,0.0372190900935115,0.03984612765291,0.03980808159169627,binance-clv-usdt-spot
2023-11-10,31782621.5594500567613211,0.0413867461052909,0.00000112846292399,0.0000195607361600897,0.0388184732614619,0.0413867461052909,0.04119233021242894,binance-clv-usdt-spot
2023-11-11,31379790.6568072635367428,0.0428340882925561,0.00000114629276091661,0.0000205859773462442,0.0401126531137348,0.0428340882925561,0.04272388110522253,binance-clv-usdt-spot
2023-11-12,32362649.9459912636832348,0.0422911848565228,0.00000114362529723157,0.0000206668946032774,0.0396529150649019,0.0422911848565228,0.0423280408,binance-clv-usdt-spot
2023-11-13,30158578.5856705591510563,0.0436158043972148,0.00000117710854566863,0.0000213285832396796,0.0408404328248329,0.0436158043972148,0.04354340882970035,binance-clv-usdt-spot
2023-11-14,29150761.6289696733623718,0.0406453324028113,0.00000111225225685761,0.0000197064863768186,0.0379950613662,0.0406453324028113,0.04056251288029765,binance-clv-usdt-spot
2023-11-15,31023141.7519728869274558,0.0392870769038018,0.000001103858453084,0.0000198174926934997,0.0361229770137185,0.0392870769038018,0.03934573256441994,binance-clv-usdt-spot
2023-11-16,29488204.2759699360386736,0.0418105218422858,0.00000110491306248757,0.0000203331282266174,0.0385507504153946,0.0418105218422858,0.04196475972193093,binance-clv-usdt-spot
2023-11-17,29499890.515297725686688,0.0397418552520336,0.00000109904343868693,0.0000202801934659268,0.0366473902027576,0.0397418552520336,0.03973774729199152,binance-clv-usdt-spot
2023-11-18,29200817.2796498065842396,0.039757605035488,0.00000108717304028396,0.0000202963792093717,0.0364800319793265,0.039757605035488,0.03992953321019252,binance-clv-usdt-spot
2023-11-19,29679057.5519599313701248,0.0393545379266996,0.00000107592423381055,0.000020054350813274,0.0361183971902,0.0393545379266996,0.039338232157313205,binance-clv-usdt-spot
2023-11-20,29644305.2719360167896541,0.0399990721106048,0.00000106827343252524,0.0000199021982046103,0.0366965943878158,0.0399990721106048,0.04001079234378748,binance-clv-usdt-spot
2023-11-21,27295282.2549590223842781,0.0399522357529391,0.00000106493714978049,0.0000197366107312201,0.0365234662776598,0.0399522357529391,0.03989992742887753,binance-clv-usdt-spot
2023-11-22,28764001.7754008441265954,0.0367864094499631,0.00000102085127442394,0.0000189082841156428,0.0337109646560641,0.0367864094499631,0.036480847117837965,binance-clv-usdt-spot
2023-11-23,28784498.1124721951354508,0.0387658327488854,0.0000010364354936002,0.0000187782578118534,0.0356143496515381,0.0387658327488854,0.0389399885573919,binance-clv-usdt-spot
2023-11-24,29907087.6138765132133116,0.0387934560810308,0.00000103971237178332,0.0000188023445525139,0.0355892834972277,0.0387934560810308,0.038814631097262575,binance-clv-usdt-spot
2023-11-25,30393190.3580986733074827,0.0403063928829716,0.000001068602654548,0.0000193845913502185,0.0368527797226137,0.0403063928829716,0.040351870213260164,binance-clv-usdt-spot
2023-11-26,30617853.6791577965758992,0.0409615234808777,0.00000108363457253716,0.0000196501812360999,0.0374669093277352,0.0409615234808777,0.0411275554403879,binance-clv-usdt-spot
2023-11-27,31388679.0404336406854772,0.0412643068278192,0.00000110088923007938,0.0000199791002538001,0.0377409538783707,0.0412643068278192,0.04120774206400813,binance-clv-usdt-spot
2023-11-28,31900294.3315512546111987,0.0423031639126972,0.00000113628851895849,0.0000208673574074129,0.0386262426462186,0.0423031639126972,0.04230895477817647,binance-clv-usdt-spot
2023-11-29,31562146.5202625313759111,0.0429926782911937,0.00000113651657870109,0.0000209747171995942,0.0390813124663685,0.0429926782911937,0.043011383224056066,binance-clv-usdt-spot
2023-11-30,31696001.1484620816987108,0.0425369495786461,0.00000112392302315601,0.0000209660869853797,0.0387748412018994,0.0425369495786461,0.0425770397745059,binance-clv-usdt-spot
2023-12-01,31964408.1309199472321769,0.0427173481952908,0.0000011327042400312,0.0000208271107194957,0.0392335201041404,0.0427173481952908,0.04281021101708304,binance-clv-usdt-spot
2023-12-02,32597798.3214006232574451,0.0430790857682419,0.00000111305246340243,0.0000206504516262936,0.0396030258908617,0.0430790857682419,0.04330730529471372,binance-clv-usdt-spot
2023-12-03,32357473.206314307358608,0.0439327186660801,0.0000011132838433838,0.0000202945961530568,0.04039389482288,0.0439327186660801,0.04395415526046988,binance-clv-usdt-spot
2023-12-04,31970171.8916265434200263,0.043608827599408,0.00000109081456732887,0.0000198804358382809,0.0400560767275462,0.043608827599408,0.0435136467105821,huobi-clv-usdt-spot
2023-12-05,33007313.3574573967026708,0.0430868537062813,0.00000102807315240514,0.0000192522160499059,0.0397993069570439,0.0430868537062813,0.04299747067919205,huobi-clv-usdt-spot
2023-12-06,33189693.5706868073897271,0.0444846304452508,0.00000100947704443284,0.0000194128152128935,0.0412396089305026,0.0444846304452508,0.0447,coinbase-clv-usd-spot
2023-12-07,34935201.7254547671887586,0.0447304279840621,0.00000102250713941266,0.0000200438955606941,0.0415730330615899,0.0447304279840621,0.0447,coinbase-clv-usd-spot
2023-12-08,38076416.2591886201414013,0.0470828849793686,0.00000108780122157412,0.000019997850410419,0.043661100802774,0.0470828849793686,0.0472,coinbase-clv-usd-spot
2023-12-09,37134571.367225282451291,0.0513163639714063,0.00000116087101829111,0.0000217506980546348,0.0477478920160519,0.0513163639714063,0.0509,coinbase-clv-usd-spot
2023-12-10,37444129.9142340857024367,0.050047020371641,0.00000114419325690664,0.0000213697126859943,0.0465720810801782,0.050047020371641,0.05,coinbase-clv-usd-spot
2023-12-11,37339249.4192221234374924,0.0504642187487317,0.0000011539238326878,0.0000214645722882465,0.0469229049775221,0.0504642187487317,0.0504,coinbase-clv-usd-spot
2023-12-12,37846736.8559022580451397,0.0503228691632324,0.00000122113558937951,0.0000226489367888485,0.046812879967034,0.0503228691632324,0.050790068799834796,binance-clv-usdt-spot
2023-12-13,38576239.1751898514791431,0.0510068203479847,0.00000123005001189855,0.0000231718552235394,0.0472795378651263,0.0510068203479847,0.050960067725259524,binance-clv-usdt-spot
2023-12-14,38339345.942988936263523,0.0519899855250781,0.00000121078534571798,0.0000229955804218697,0.0478455211267452,0.0519899855250781,0.05192895514644519,binance-clv-usdt-spot
2023-12-15,36900781.90800350660388,0.051670719677073,0.00000120071933147011,0.0000222761301090755,0.0470098888032349,0.051670719677073,0.05184236171693443,binance-clv-usdt-spot
2023-12-16,37248736.9295465827227972,0.04973193754188,0.00000118471157753255,0.0000223870140936319,0.0456898436202257,0.04973193754188,0.0496,coinbase-clv-usd-spot
2023-12-17,38397867.832173289687191,0.0502008836320172,0.00000118950380363178,0.0000225652515066584,0.04606750924219,0.0502008836320172,0.05037057941914512,binance-clv-usdt-spot
2023-12-18,38968353.5902589443357899,0.051749590822541,0.00000124912520935314,0.0000235218147199741,0.047526841357619,0.051749590822541,0.05151878939611317,binance-clv-usdt-spot
2023-12-19,42610829.901299502180156,0.0525184461319049,0.000001231794136071,0.0000237007863107699,0.0480786532391816,0.0525184461319049,0.052592268658955686,binance-clv-usdt-spot
2023-12-20,42786370.901480897648412,0.0530171758385086,0.0000012541953924826,0.0000243636526373341,0.0483047542643929,0.0530171758385086,0.053090764211313216,binance-clv-usdt-spot
2023-12-21,47513185.83229322181168,0.0532355871695022,0.00000122085534364005,0.0000242432619289593,0.0486818267097791,0.0532355871695022,0.05329650533106714,binance-clv-usdt-spot
2023-12-22,45695680.480120821201324,0.059116776973208,0.00000134753717674805,0.0000264183315395015,0.0537450335500852,0.059116776973208,0.05933828484923099,binance-clv-usdt-spot
2023-12-23,47936848.259650615322148,0.0568554034898294,0.00000129188928189436,0.0000244402564958904,0.0517161585917587,0.0568554034898294,0.056887855602055844,binance-clv-usdt-spot
2023-12-24,53634908.566539751701978,0.0596439055332338,0.00000136270348587114,0.0000258084322600296,0.0544363757105225,0.0596439055332338,0.059426026340574464,binance-clv-usdt-spot
2023-12-25,57467065.610237860529316,0.0667335366417693,0.00000154842062011187,0.0000294211069821902,0.0610866499768897,0.0667335366417693,0.06583403543620876,binance-clv-usdt-spot
2023-12-26,53387779.448054065798602,0.0715015766986546,0.00000163905157255276,0.0000314395065805012,0.0651336260839071,0.0715015766986546,0.07114322273706823,binance-clv-usdt-spot
2023-12-27,54584638.81803266284314,0.0664260540614037,0.00000156329250712689,0.0000297948728184501,0.0602565388287296,0.0664260540614037,0.06608111921894999,binance-clv-usdt-spot
2023-12-28,50218250.256581710587102,0.067915208434109,0.00000156353504780498,0.0000285529956651311,0.0611840730374219,0.067915208434109,0.06785784587307193,binance-clv-usdt-spot
2023-12-29,48514403.123245455531408,0.0624824677276287,0.00000146429511178538,0.0000265720370191714,0.0565780564645748,0.0624824677276287,0.062465828987270704,binance-clv-usdt-spot
2023-12-30,47293539.343302940605918,0.0603625098840648,0.00000143725041019343,0.0000262909363097642,0.054860812076074,0.0603625098840648,0.060586457154673874,binance-clv-usdt-spot
2023-12-31,46734677.95821778609929,0.0588434887843583,0.00000139424706495458,0.0000256537918941179,0.0535112737464936,0.0588434887843583,0.05863838581082379,binance-clv-usdt-spot
2024-01-01,50954775.690116082249738,0.0581481432022365,0.00000137735804272434,0.0000255139145230213,0.0528168471779906,0.0581481432022365,0.0582556236,binance-clv-btc-spot
2024-01-02,51114230.206249377795264,0.0633988661763253,0.0000014392650141291,0.0000270076820433803,0.0575484456596536,0.0633988661763253,0.0633030688723629,binance-clv-usdt-spot
2024-01-03,45637663.805219243575818,0.0635972624089184,0.00000141512283417817,0.0000269750709357056,0.0581882309474919,0.0635972624089184,0.06364227439426037,binance-clv-usdt-spot
2024-01-04,47784768.508180312472682,0.0567832180791733,0.00000132752795311203,0.0000257246875908252,0.0521598332034957,0.0567832180791733,0.05691808913563149,binance-clv-usdt-spot
2024-01-05,43159382.040938269713516,0.0594546851180517,0.00000134358607429516,0.0000261663612653868,0.05441066852496,0.0594546851180517,0.06024359175779809,binance-clv-usdt-spot
2024-01-06,41069249.668626642675576,0.0536996944684246,0.0000012164024496184,0.0000236808374534056,0.0491956012370115,0.0536996944684246,0.05393940363256624,binance-clv-usdt-spot
2024-01-07,38530333.8964135125261,0.0510991134479356,0.0000011635123852122,0.0000228229661177368,0.0468753150029027,0.0510991134479356,0.051325688030189165,binance-clv-usdt-spot
2024-01-08,39618803.233047371079474,0.0479401713202089,0.00000109342115374102,0.000021609577867117,0.043925792906931,0.0479401713202089,0.047894336220688095,binance-clv-usdt-spot
2024-01-09,36578149.062480910869894,0.0492944413986569,0.00000104923482114674,0.0000211355211793244,0.0450471046287581,0.0492944413986569,0.049182566133266936,binance-clv-usdt-spot
2024-01-10,39539271.59623808375463,0.0455111504824395,0.000000987570989833545,0.0000194520485622049,0.0417041277160915,0.0455111504824395,0.0455,binance-clv-usdt-spot
2024-01-11,42410223.903681366391386,0.0491956618020659,0.00000105077607997028,0.0000189882835398858,0.0448858089881711,0.0491956618020659,0.04908080103129864,coinbase-clv-usd-spot
2024-01-12,40427765.798234309805492,0.0527675781781341,0.00000113770132510518,0.0000201503031138287,0.0481254557842728,0.0527675781781341,0.05305400687021517,coinbase-clv-usd-spot
2024-01-13,41548324.560492066720858,0.0503009674547002,0.00000117477781420857,0.0000199675000793462,0.046088646027912,0.0503009674547002,0.05034800282887214,gate.io-clv-usdt-spot
2024-01-14,39443428.01487575257407,0.0516951872122973,0.00000120650785690293,0.0000200367565513187,0.0473676846782064,0.0516951872122973,0.05150540478166769,coinbase-clv-usd-spot
2024-01-15,40117619.644181949851982,0.0490762363366795,0.00000117160186844216,0.0000197959806909002,0.0449368234913325,0.0490762363366795,0.04850957768194953,coinbase-clv-usd-spot
2024-01-16,40768320.798873550959804,0.0499150247457548,0.00000117367254158369,0.0000198647942575724,0.0456482111903872,0.0499150247457548,0.04975299349543787,coinbase-clv-usd-spot
2024-01-17,39900746.998278321105132,0.0507246922306174,0.00000117495927267076,0.0000195803941236878,0.0466757651555634,0.0507246922306174,0.05067124946868646,gate.io-clv-usdt-spot
2024-01-18,37553258.311038575899794,0.0496452410008342,0.00000116294331292471,0.0000196651944782627,0.0456804041658342,0.0496452410008342,0.04971122638329346,gate.io-clv-usdt-spot
2024-01-19,38582692.783436938427928,0.0467244525346489,0.00000113238711519313,0.0000189418514972081,0.0430054013590859,0.0467244525346489,0.046747237127804514,okex-clv-usdt-spot
2024-01-20,39798731.977655960163582,0.0480052937800268,0.00000115378332422871,0.0000192787743288605,0.0441261166230093,0.0480052937800268,0.048086340013197615,coinbase-clv-usd-spot
2024-01-21,40500742.381825050776178,0.0495183120417167,0.00000118838176948063,0.0000200500421333157,0.0455236922573808,0.0495183120417167,0.049416959044551956,coinbase-clv-usd-spot
2024-01-22,37458299.52192854720376,0.0503917662580393,0.00000121317451790767,0.0000205296056971648,0.0463218438856024,0.0503917662580393,0.05027860187256811,binance-clv-usdt-spot
2024-01-23,36690415.282166993821656,0.046606303068156,0.00000117760783970148,0.0000201566419352117,0.0428814865274627,0.046606303068156,0.04654369325118953,coinbase-clv-usd-spot
2024-01-24,36817208.481971354185476,0.0456508874177836,0.0000011488166261607,0.0000203890511970101,0.0421095562980031,0.0456508874177836,0.04586521479949874,coinbase-clv-usd-spot
2024-01-25,36421955.840449152782172,0.0458086458417506,0.00000114230734896519,0.0000205084231581362,0.0421186742022211,0.0458086458417506,0.04585402794568528,gate.io-clv-usdt-spot
2024-01-26,37821220.526220502761936,0.0453168652581582,0.00000113525852860672,0.0000204305046121629,0.0418247970667891,0.0453168652581582,0.04546103913581937,coinbase-clv-usd-spot
2024-01-27,38078713.731045265590312,0.0470578560359016,0.00000112415275271533,0.0000207588362775469,0.0434079235775339,0.0470578560359016,0.047114817003038274,okex-clv-usdt-spot
2024-01-28,37991900.757883208471244,0.0473782338025172,0.00000112469779943301,0.0000209024670263067,0.0437678661689022,0.0473782338025172,0.047426664819590784,coinbase-clv-usd-spot
2024-01-29,38718595.881288872289468,0.0472702195095814,0.00000112593660962511,0.0000209615124140981,0.0436243486225213,0.0472702195095814,0.04770401745852172,coinbase-clv-usd-spot
2024-01-30,38025854.633220708427992,0.0481743869061758,0.00000111467444172827,0.0000208103045696053,0.044501843941547,0.0481743869061758,0.048263878390954834,gate.io-clv-usdt-spot
2024-01-31,35951545.195577028139122,0.0473124655438252,0.00000110156940438658,0.0000201473484216649,0.043670803661595,0.0473124655438252,0.047188747324215546,coinbase-clv-usd-spot
2024-02-01,36330790.231097955190962,0.0447315717087657,0.00000105029649024201,0.0000195830784062726,0.0414068499011678,0.0447315717087657,0.04463364485061808,coinbase-clv-usd-spot
2024-02-02,36720996.4277922723048,0.0452034353354697,0.00000105074517503114,0.0000196522021140027,0.0416095795764024,0.0452034353354697,0.045301544393209936,gate.io-clv-usdt-spot
2024-02-03,37298558.01675095236872,0.04568893703988,0.00000105870766359422,0.0000198113138719727,0.0423440046394243,0.04568893703988,0.045840530731481484,binance-clv-btc-spot
2024-02-04,36990027.259419604555458,0.046407549758532,0.00000107968778928548,0.0000202223918401285,0.0430456461574144,0.046407549758532,0.04629953711948776,binance-clv-btc-spot
2024-02-05,37191755.334160441403298,0.0460236701333073,0.00000108096944854872,0.000020119175593686,0.0427392422278897,0.0460236701333073,0.04591585952147905,binance-clv-btc-spot
2024-02-06,36954660.543496364880666,0.0462746639026113,0.00000108576846253435,0.0000201474925836768,0.043109788302129,0.0462746639026113,0.046182899291502835,okex-clv-usdt-spot
2024-02-07,38117360.731818637855404,0.0459796662169021,0.00000106674661994613,0.000019366074882607,0.0427425621637397,0.0459796662169021,0.045878381918817046,coinbase-clv-usd-spot
2024-02-08,38486553.205954633586352,0.0474263191094774,0.00000107170780239745,0.0000195596779187987,0.044012530957469,0.0474263191094774,0.04728921087073782,coinbase-clv-usd-spot
2024-02-09,42150918.696359906972448,0.0478856751549912,0.00000105633059261661,0.0000197720335496576,0.0444568323158035,0.0478856751549912,0.04783918558420584,coinbase-clv-usd-spot
2024-02-10,41738366.506080238191288,0.0524449458847888,0.00000111166422430998,0.0000210555398819771,0.0485940281932183,0.0524449458847888,0.05255079922525241,coinbase-clv-usd-spot
2024-02-11,40873906.652008855475232,0.0519316408854428,0.00000108659746344951,0.0000207682838742181,0.0480355067505029,0.0519316408854428,0.052001225354248,coinbase-clv-usd-spot
2024-02-12,41566149.765964461967056,0.0508560640850192,0.00000105508758269649,0.0000203061086464673,0.0470005124356244,0.0508560640850192,0.050917177432712214,okex-clv-usdt-spot
2024-02-13,42733122.784462737664128,0.0517173656597736,0.00000103455828618631,0.0000194803804062929,0.0479693773717323,0.0517173656597736,0.051638887459412856,coinbase-clv-usd-spot
2024-02-14,43975192.557177847960722,0.0531693348859968,0.00000107135556570552,0.0000201522157809458,0.04963913088737,0.0531693348859968,0.053090919986848194,coinbase-clv-usd-spot
2024-02-15,45920282.902491903901632,0.0547147408707257,0.00000105536671038885,0.0000196858670280927,0.0510294356235726,0.0547147408707257,0.05485206293844031,coinbase-clv-usd-spot
2024-02-16,46694852.877948550151058,0.0571348579418592,0.00000110003457740115,0.0000202217337950183,0.0530481538721127,0.0571348579418592,0.05708967923477255,coinbase-clv-usd-spot
2024-02-17,46224263.590799002460388,0.0580986173365055,0.00000111391125550105,0.0000207294126848555,0.053941152973868,0.0580986173365055,0.05828003405718277,coinbase-clv-usd-spot
2024-02-18,47931731.941075137867348,0.0575130762877778,0.00000111298076905297,0.0000206388004792831,0.0534172944746396,0.0575130762877778,0.05775666130611035,coinbase-clv-usd-spot
2024-02-19,47930890.283775507643362,0.0596375397158538,0.00000114361942760271,0.0000207273984808041,0.0553470988108765,0.0596375397158538,0.059531697301639305,coinbase-clv-usd-spot
2024-02-20,47427439.35532787617797,0.0596364925104097,0.00000115117685190516,0.0000202259040201794,0.0553435012773381,0.0596364925104097,0.059528690673865445,coinbase-clv-usd-spot
2024-02-21,46161080.0490540718836,0.0590103903494383,0.00000112813203267672,0.0000195779430900759,0.0546203050183701,0.0590103903494383,0.05895176376700359,coinbase-clv-usd-spot
2024-02-22,47951267.065716880059012,0.05743446216666,0.00000110996646897346,0.0000193706626382688,0.0531248563452146,0.05743446216666,0.05758742408690281,coinbase-clv-usd-spot
2024-02-23,47161135.32271965043038,0.0596618456761122,0.00000116317295768229,0.0000200713662950637,0.0551293520505646,0.0596618456761122,0.05966653588096396,coinbase-clv-usd-spot
2024-02-24,50051328.758015630707116,0.058678749274303,0.00000115534040554799,0.0000200734141862274,0.0542323847436287,0.058678749274303,0.0585684187162461,gate.io-clv-usdt-spot
2024-02-25,49157842.753859193827928,0.0622747809385846,0.00000120738487929054,0.0000208267280453872,0.0575402946052549,0.0622747809385846,0.062135012018063075,coinbase-clv-usd-spot
2024-02-26,49098284.638225920059508,0.0611630892700268,0.00000118197586562474,0.0000196556430530718,0.0565138501322485,0.0611630892700268,0.06098999161470029,coinbase-clv-usd-spot
2024-02-27,49160148.753134706084252,0.0610889859705498,0.00000111983393666513,0.0000192353402290527,0.0562293901593032,0.0610889859705498,0.061190247462758224,gate.io-clv-usdt-spot
2024-02-28,51047434.216634103860976,0.0611659584366062,0.0000010721486114113,0.0000188530770251528,0.0563820071973118,0.0611659584366062,0.0611,binance-clv-usdt-spot
2024-02-29,51221040.630917004957564,0.0635127709446343,0.00000101684306516992,0.0000188096744468429,0.0584311394164757,0.0635127709446343,0.06422036242734107,coinbase-clv-usd-spot
2024-03-01,56843592.544126732433544,0.0637290043072695,0.00000103801988353611,0.0000190222411272612,0.0586673174131678,0.0637290043072695,0.06344971939764103,okex-clv-usdt-spot
2024-03-02,59301791.311640107570704,0.0707258400783364,0.00000113117179889647,0.0000205706745099289,0.0652444478076949,0.0707258400783364,0.07128726907577737,coinbase-clv-usd-spot
2024-03-03,61046265.92492763814752,0.0737843760562824,0.00000118911900702508,0.0000215722374650197,0.0680794637279148,0.0737843760562824,0.07390554048095989,coinbase-clv-usd-spot
2024-03-04,60352287.248710954718676,0.075954883355312,0.00000120579686053231,0.0000218105512533976,0.0700551398348293,0.075954883355312,0.07587868385873997,coinbase-clv-usd-spot
2024-03-05,53835596.74241094218418,0.0750914223621706,0.0000011027962184404,0.00002068218112228,0.0690882925544741,0.0750914223621706,0.07420421256076021,coinbase-clv-usd-spot
2024-03-06,57772936.411485583084524,0.066983236549833,0.00000104742278897141,0.0000188528496361729,0.0617415385201726,0.066983236549833,0.0670985742048289,coinbase-clv-usd-spot
2024-03-07,60435330.838154846530866,0.0718821467577494,0.00000108741452195267,0.0000188135517541592,0.0659915089180321,0.0718821467577494,0.07186110185785523,coinbase-clv-usd-spot
2024-03-08,61414364.084351937843366,0.0751947467187721,0.00000112113197619382,0.0000194367540959187,0.0686994633502604,0.0751947467187721,0.07531942146422843,coinbase-clv-usd-spot
2024-03-09,67583262.64775729374458,0.0764128778343971,0.00000111806737290161,0.0000196160971392936,0.0698943706895965,0.0764128778343971,0.07654233605106914,okex-clv-usdt-spot
2024-03-10,65012775.398039178109764,0.084088334534573,0.00000122752203175789,0.0000214829044233662,0.0768637728119315,0.084088334534573,0.08421504050384354,coinbase-clv-usd-spot
2024-03-11,78896966.694681496480938,0.0808900871682434,0.00000117432409067876,0.0000208893981731689,0.0739618123529312,0.0808900871682434,0.08147998759206611,coinbase-clv-usd-spot
2024-03-12,91053010.04445387774396,0.0981650525480453,0.00000135966278194776,0.0000241019832221881,0.0891205835741577,0.0981650525480453,0.096363938472296,coinbase-clv-usd-spot
2024-03-13,110030408.30030512542552,0.113289824566526,0.00000158596524673914,0.0000285286044501446,0.103731130870706,0.113289824566526,0.1128558375342716,coinbase-clv-usd-spot
2024-03-14,100306824.35148403646436,0.136901851429612,0.00000187327448448808,0.0000341861669499138,0.125105813372543,0.136901851429612,0.1386787590884165,binance-clv-usdt-spot
2024-03-15,92150023.37155541249778,0.124803589997266,0.00000174537603902919,0.0000321418847206086,0.114789582829221,0.124803589997266,0.12383772851088698,coinbase-clv-usd-spot
2024-03-16,79077762.99821838493053,0.114654748661993,0.00000165149283976681,0.0000306816119196462,0.105511653912847,0.114654748661993,0.11471274018884448,coinbase-clv-usd-spot
2024-03-17,101349527.9060321254197,0.0983900026238305,0.00000150365988533596,0.0000279558428156617,0.0905432399977793,0.0983900026238305,0.09877791519928676,coinbase-clv-usd-spot
2024-03-18,90254416.83619809357,0.126100940877945,0.00000184668340353906,0.0000346578489790005,0.116100218259081,0.126100940877945,0.12945559374957966,coinbase-clv-usd-spot
2024-03-19,93121521.91865888850576,0.1122962002545,0.00000165699765804046,0.0000318124127578799,0.103406065757561,0.1122962002545,0.11164024772632765,coinbase-clv-usd-spot
2024-03-20,98654334.27695930837844,0.115863504966856,0.00000186969178077543,0.0000365981155750475,0.106749688535825,0.115863504966856,0.11446242328182595,coinbase-clv-usd-spot
2024-03-21,94636695.92869041435522,0.122747531547914,0.00000180915188084213,0.0000348806468830118,0.112482728331329,0.122747531547914,0.12207594262631577,coinbase-clv-usd-spot
2024-03-22,90128090.5938967642452,0.117748712251057,0.00000179893343010186,0.0000337433051611065,0.108518525332355,0.117748712251057,0.11811914089007115,coinbase-clv-usd-spot
2024-03-23,86260755.89248156611936,0.11213902282762,0.00000176634480280545,0.0000338088243094646,0.1038383354196,0.11213902282762,0.1123128606608878,coinbase-clv-usd-spot
2024-03-24,88331792.3345138622705,0.107327214084016,0.00000166757522446977,0.0000319929164455219,0.0994051195593819,0.107327214084016,0.10737483141277344,coinbase-clv-usd-spot
2024-03-25,96137171.1603592036839,0.109904035597925,0.00000163329981759432,0.0000318072614740284,0.10176920434595,0.109904035597925,0.10988297047067189,coinbase-clv-usd-spot
2024-03-26,92297145.25512431402634,0.119615631045715,0.00000170776956921122,0.0000332639512491069,0.110206311826944,0.119615631045715,0.11999125584901191,coinbase-clv-usd-spot
2024-03-27,112960027.70848237168818,0.114837800407029,0.00000163887661126998,0.000031959174925574,0.106087167616484,0.114837800407029,0.11463254521189953,coinbase-clv-usd-spot
2024-03-28,109687495.80644466267384,0.140546937612233,0.00000202903454555432,0.0000401754096756493,0.130138958245525,0.140546937612233,0.1432197885187851,coinbase-clv-usd-spot
2024-03-29,100922586.79810476754494,0.136475193417404,0.00000192688370443734,0.0000382695481854976,0.126522679634566,0.136475193417404,0.13565230501098188,binance-clv-usdt-spot
2024-03-30,100154496.8319330079827,0.125569732923439,0.00000179598174526407,0.0000357107249580812,0.116542333145202,0.125569732923439,0.12555557158183744,binance-clv-usdt-spot
2024-03-31,101631799.3202183979216,0.124614061304495,0.0000017888124255983,0.0000355412439929624,0.115599172885163,0.124614061304495,0.1247800900891579,huobi-clv-usdt-spot
2024-04-01,94363809.13943633641446,0.12645214814696,0.00000177532882283524,0.0000346945523545067,0.11731457679414,0.12645214814696,0.12682483344208284,huobi-clv-usdt-spot
2024-04-02,85980615.9796155282165,0.117409181504451,0.00000168228174814483,0.0000334452346374001,0.109407384602305,0.117409181504451,0.11735390930714672,huobi-clv-usdt-spot
2024-04-03,82803788.10107872312572,0.106978658868025,0.00000163242071413539,0.000032585583644758,0.0995230541804615,0.106978658868025,0.10651443515027971,huobi-clv-usdt-spot
2024-04-04,85458414.7511272919286,0.103025991373982,0.00000155792612262324,0.0000310574959047377,0.0951880204534503,0.103025991373982,0.10243550290403994,huobi-clv-usdt-spot
2024-04-05,82823372.57185680347568,0.10632892652491,0.00000155365026365451,0.0000319517005000542,0.0982039618907187,0.10632892652491,0.1065582200126475,huobi-clv-usdt-spot
2024-04-06,86221942.7926121074719,0.103050358731608,0.00000151756860477203,0.0000310048840534175,0.0952032979423293,0.103050358731608,0.10285738678629203,huobi-clv-usdt-spot
2024-04-07,86296855.83112547976204,0.107278922113515,0.00000155170695181666,0.0000318503370931562,0.0991184391843781,0.107278922113515,0.10673701420068134,huobi-clv-usdt-spot
2024-04-08,89275532.97143732376762,0.107372130289574,0.00000154731198781929,0.0000311447726428596,0.0992251624570254,0.107372130289574,0.1073546134558932,binance-clv-usdt-spot
2024-04-09,82692932.07898108019088,0.111078255001997,0.00000154893211823869,0.0000300196521475973,0.101904329794426,0.111078255001997,0.11120030097980838,huobi-clv-usdt-spot
2024-04-10,84547113.35592632601582,0.102888062278728,0.00000148952218143651,0.0000294029370851085,0.094896938936853,0.102888062278728,0.10296717392087076,huobi-clv-usdt-spot
2024-04-11,81752309.32490056811376,0.105195068620167,0.00000149044906220835,0.0000297050797823899,0.0977473894314923,0.105195068620167,0.10550442128309519,huobi-clv-usdt-spot
2024-04-12,70559717.837869777925772,0.101717722201656,0.00000145214456622821,0.0000290281676454077,0.0948077807307677,0.101717722201656,0.10182108526626846,huobi-clv-usdt-spot
2024-04-13,58535919.874103517864018,0.0877916946558182,0.00000130840779010297,0.0000271386552653944,0.0829876393876126,0.0877916946558182,0.0875378831502035,huobi-clv-usdt-spot
2024-04-14,62465504.876266459232538,0.0728314647713433,0.00000112826653855389,0.000024033772411467,0.0695980384230647,0.0728314647713433,0.07252243620913978,huobi-clv-usdt-spot
2024-04-15,57546125.988582260775564,0.0777207264805053,0.00000118388629630234,0.0000246041176868477,0.0732697454497916,0.0777207264805053,0.07753579391990933,huobi-clv-usdt-spot
2024-04-16,61366813.497303653895192,0.0715999450709734,0.00000112945558358346,0.0000230737717552177,0.0674366001833961,0.0715999450709734,0.07173146229819201,huobi-clv-usdt-spot
2024-04-17,58636898.9742693133431,0.0763537145221452,0.00000119705149473357,0.0000247222020933346,0.071977575018499,0.0763537145221452,0.07612570728722835,huobi-clv-usdt-spot
2024-04-18,60999587.995818993332994,0.072957104819235,0.00000118969481696802,0.000024442402973609,0.0684875204712145,0.072957104819235,0.07270236095315448,huobi-clv-usdt-spot
2024-04-19,62473375.23914102560308,0.0758968058200689,0.00000119503436524867,0.0000247397675366963,0.0713717985895806,0.0758968058200689,0.0758,coinbase-clv-usd-spot
2024-04-20,69489183.422751588652338,0.077730518930298,0.00000121906072059048,0.0000254356331245429,0.0730517258249203,0.077730518930298,0.0785402109,binance-clv-btc-spot
2024-04-21,67224480.3721411553178,0.0864597161081353,0.00000133203496718393,0.0000273994368885485,0.0813711501673569,0.0864597161081353,0.0868,coinbase-clv-usd-spot
2024-04-22,71064253.717606005944724,0.08364193104893,0.00000128742893523903,0.0000265727369754099,0.0785962303375999,0.08364193104893,0.08322509388039692,binance-clv-usdt-spot
2024-04-23,71725198.310074883341404,0.0884194474481194,0.00000132078543468538,0.0000275811079936217,0.0830375614904257,0.0884194474481194,0.08777098814687087,binance-clv-usdt-spot
2024-04-24,66102457.01927784160608,0.0892418068285774,0.00000134430071772109,0.0000277340386240426,0.0834814269594072,0.0892418068285774,0.08889936895835214,binance-clv-usdt-spot
2024-04-25,66596426.80069397430321,0.082245889020848,0.00000128128883224657,0.0000262512996227713,0.0769747127561153,0.082245889020848,0.0825,coinbase-clv-usd-spot
2024-04-26,63294178.418217891812304,0.0828604952798885,0.00000128435243941097,0.0000262356347856734,0.0773300592970893,0.0828604952798885,0.08266605247587755,binance-clv-usdt-spot
2024-04-27,63999883.976355358687656,0.0787517772952424,0.00000123478989434195,0.0000251616014743298,0.0737117807897575,0.0787517772952424,0.0787,coinbase-clv-usd-spot
2024-04-28,62035182.927568060849548,0.0796298290898836,0.00000125541061591096,0.0000244784098634452,0.0746208113634873,0.0796298290898836,0.0795,coinbase-clv-usd-spot
2024-04-29,61698045.63477142206801,0.0771853120219238,0.0000012255804385011,0.0000236556542732473,0.0721599676860182,0.0771853120219238,0.0777,coinbase-clv-usd-spot
2024-04-30,55224572.058290461554,0.0767658396207685,0.0000012011856498041,0.0000238369847892534,0.071666883216246,0.0767658396207685,0.0764632551775982,binance-clv-usdt-spot
2024-05-01,55807520.601336161754096,0.0687114251049,0.00000113317262856247,0.0000228092447013698,0.0644700874861677,0.0687114251049,0.069,coinbase-clv-usd-spot
2024-05-02,57308759.85097033252209,0.0694367403705976,0.00000119426587247684,0.0000233765825252247,0.0649667916265567,0.0694367403705976,0.06939165487134746,binance-clv-usdt-spot
2024-05-03,61152178.026878393537628,0.0713046097704165,0.00000120507822452383,0.0000238592167841187,0.0665531301610672,0.0713046097704165,0.07120124612178001,binance-clv-usdt-spot
2024-05-04,61572963.472380016472088,0.0760866611344718,0.00000120803818953626,0.0000244855827849863,0.0707529846082047,0.0760866611344718,0.07598465561042708,binance-clv-usdt-spot
2024-05-05,60231399.216057023595732,0.0766102101009228,0.00000119926196436686,0.0000245793247231733,0.0712217123368798,0.0766102101009228,0.07664301313324995,binance-clv-usdt-spot
2024-05-06,57776289.212279462977152,0.0749410112554442,0.00000116971785963399,0.0000238755210452234,0.0696366482118615,0.0749410112554442,0.0748920159,binance-clv-btc-spot
2024-05-07,56682081.085233207713382,0.0718863183739712,0.00000113693618518765,0.0000234346256235704,0.0667975907898686,0.0718863183739712,0.07185097824450459,binance-clv-usdt-spot
2024-05-08,55861929.444401043667704,0.0705248845598467,0.0000011302608278593,0.0000233939901153275,0.0656300653137525,0.0705248845598467,0.07033052799680607,binance-clv-usdt-spot
2024-05-09,58314123.599328565570602,0.0695044368507324,0.00000113793815499346,0.0000233989686521249,0.0646401166483335,0.0695044368507324,0.06960842487077955,binance-clv-usdt-spot
2024-05-10,55203996.340098424438074,0.0725555017796037,0.0000011517022295329,0.000023910374078621,0.0673115107153362,0.0725555017796037,0.07289231681290018,binance-clv-usdt-spot
2024-05-11,56158614.005511852186534,0.0686858244190669,0.00000112790824402609,0.0000235964327756155,0.0638806025424929,0.0686858244190669,0.069,coinbase-clv-usd-spot
2024-05-12,56415672.42322029963399,0.0698735772214179,0.0000011484134455528,0.0000240007243674499,0.0649677935570029,0.0698735772214179,0.06975391134611754,binance-clv-usdt-spot
2024-05-13,55093891.254704265097134,0.0701934140179315,0.00000114263320067092,0.0000239525144832973,0.0652359547596334,0.0701934140179315,0.07,coinbase-clv-usd-spot
2024-05-14,52466333.847607858756032,0.0685488296530279,0.00000109003284709782,0.000023248749283269,0.0635471571044006,0.0685488296530279,0.0685373579,binance-clv-btc-spot
2024-05-15,55871678.060675039923542,0.0652795745504992,0.00000106049830627895,0.0000226582640726195,0.0604214571792932,0.0652795745504992,0.06530325403649938,binance-clv-usdt-spot
2024-05-16,53895525.624255959655102,0.0695165662578427,0.00000104880747160758,0.000022951412314411,0.0637942752081802,0.0695165662578427,0.06956258994509602,binance-clv-usdt-spot
2024-05-17,56211182.674869478872798,0.0670578011634287,0.00000102740249896916,0.0000227983471171746,0.0616959480871489,0.0670578011634287,0.06709986155056076,binance-clv-usdt-spot
2024-05-18,55653552.169550401781988,0.0699389841236863,0.00000104454452975368,0.0000226157602161284,0.0643037732877251,0.0699389841236863,0.06996331194199092,binance-clv-usdt-spot
2024-05-19,52881287.69390031742086,0.0692451700247378,0.00000103385563695805,0.0000221755614909304,0.0637033989960253,0.0692451700247378,0.06941900361786314,binance-clv-usdt-spot
2024-05-20,57640434.250949720383122,0.065795867734291,0.000000993003223708331,0.0000214307908836961,0.0604923898359296,0.065795867734291,0.06570098142544867,binance-clv-usdt-spot
2024-05-21,57589078.588529687524962,0.0717172851401657,0.00000100723408168749,0.0000195846592478206,0.0652396352784493,0.0717172851401657,0.0718,coinbase-clv-usd-spot
2024-05-22,58363910.389097410196736,0.0716533874833697,0.00000102045270494087,0.0000188716195096517,0.065602190653604,0.0716533874833697,0.07156939795011544,binance-clv-usdt-spot
2024-05-23,,0.0726174474162816,0.00000105128538088877,0.0000194114072768142,0.0670471225523406,0.0726174474162816,0.0725,coinbase-clv-usd-spot
