time,AdrActCnt,CapMrktCurUSD,IssTotNtv,IssTotUSD,NVTAdj,NVTAdj90,PriceBTC,PriceUSD,ROI1yr,ROI30d,SplyCur,TxCnt,TxTfrCnt,TxTfrValAdjNtv,TxTfrValAdjUSD,TxTfrValMeanNtv,TxTfrValMeanUSD,TxTfrValMedNtv,TxTfrValMedUSD,TxTfrValNtv,TxTfrValUSD,VtyDayRet180d,VtyDayRet30d,VtyDayRet60d
2014-04-22,156.0,,452552412.0,,277.25017567,,,,,,452552412.0,203.0,12.0,1632289.0,,136024.083333333,,47595.0,,1632289.0,,,,
2014-04-23,13.0,,0.0,,44.62860207,,,,,,452552412.0,9.0,9.0,10140412.0,,1126712.44444444,,10000.0,,10140412.0,,,,
2014-04-24,37.0,,0.0,,21.59169532,,,,,,452552412.0,35.0,35.0,20959559.0,,598844.542857143,,29411.0,,20959559.0,,,,
2014-04-25,1513.0,,0.0,,2.04146373,,,,,,452552412.0,1942.0,1939.0,221680359.0,,114327.157813306,,23798.0,,221680359.0,,,,
2014-04-26,23.0,,0.0,,84.18813842,,,,,,452552412.0,19.0,19.0,5375489.0,,282920.473684211,,52844.0,,5375489.0,,,,
2014-04-27,19.0,,0.0,,236.63625977,,,,,,452552412.0,14.0,14.0,1912439.0,,136602.785714286,,36900.0,,1912439.0,,,,
2014-04-28,31.0,,0.0,,23.34777815,,,,,,452552412.0,32.0,32.0,19383104.0,,605722.0,,23799.0,,19383104.0,,,,
2014-04-29,35.0,,0.0,,30.99343741,,,,,,452552412.0,31.0,31.0,14601556.0,,471017.935483871,,23800.0,,14601556.0,,,,
2014-04-30,21.0,,0.0,,124.76374468,,,,,,452552412.0,17.0,17.0,3627275.0,,213369.117647059,,105100.0,,3627275.0,,,,
2014-05-01,11.0,,0.0,,174.66436947,,,,,,452552412.0,9.0,9.0,2590983.0,,287887.0,,238000.0,,2590983.0,,,,
2014-05-02,9.0,,0.0,,180.34071961,,,,,,452552412.0,6.0,6.0,2509430.0,,418238.333333333,,467152.0,,2509430.0,,,,
2014-05-03,2.0,,0.0,,19016.40524414,,,,,,452552412.0,1.0,1.0,23798.0,,23798.0,,23798.0,,23798.0,,,,
2014-05-04,5.0,,0.0,,3634.78396222,,,,,,452552412.0,3.0,3.0,124506.0,,41502.0,,23800.0,,124506.0,,,,
2014-05-05,15.0,,0.0,,387.13542867,,,,,,452552412.0,18.0,18.0,1168977.0,,64943.1666666667,,18710.0,,1168977.0,,,,
2014-05-06,11.0,,0.0,,727.87228889,,,,,,452552412.0,8.0,8.0,621747.0,,77718.375,,59725.5,,621747.0,,,,
2014-05-07,24.0,,0.0,,49.04332294,,,,,,452552412.0,28.0,28.0,9227605.0,,329557.321428571,,40817.0,,9227605.0,,,,
2014-05-08,14.0,,0.0,,160.36970841,,,,,,452552412.0,11.0,11.0,2821932.0,,256539.272727273,,74195.0,,2821932.0,,,,
2014-05-09,9.0,,0.0,,1712.28087992,,,,,,452552412.0,9.0,9.0,264298.0,,29366.4444444444,,12000.0,,264298.0,,,,
2014-05-10,11.0,,0.0,,270.17989927,,,,,,452552412.0,13.0,13.0,1675004.0,,128846.461538462,,50635.0,,1675004.0,,,,
2014-05-11,11.0,,0.0,,3560.09701222,,,,,,452552412.0,10.0,10.0,127118.0,,12711.8,,7000.0,,127118.0,,,,
2014-05-12,9.0,,0.0,,565.86734855,,,,,,452552412.0,8.0,8.0,799750.0,,99968.75,,45750.5,,799750.0,,,,
2014-05-13,9.0,,0.0,,867.03172681,,,,,,452552412.0,6.0,6.0,521956.0,,86992.6666666667,,108900.0,,521956.0,,,,
2014-05-14,8.0,,0.0,,1115.98049911,,,,,,452552412.0,6.0,6.0,405520.0,,67586.6666666667,,64796.5,,405520.0,,,,
2014-05-15,4.0,,0.0,,1134.78538616,,,,,,452552412.0,3.0,3.0,398800.0,,132933.333333333,,37500.0,,398800.0,,,,
2014-05-16,9.0,,0.0,,1983.65226768,,,,,,452552412.0,6.0,6.0,228141.0,,38023.5,,6612.0,,228141.0,,,,
2014-05-17,13.0,,0.0,,196.58763905,,,,,,452552412.0,11.0,11.0,2302039.0,,209276.272727273,,23800.0,,2302039.0,,,,
2014-05-18,10.0,,0.0,,163.20528053,,,,,,452552412.0,8.0,8.0,2772903.0,,346612.875,,21400.0,,2772903.0,,,,
2014-05-19,0.0,,0.0,,,,,,,,452552412.0,0.0,0.0,0.0,,,,,,0.0,,,,
2014-05-20,12.0,,0.0,,147.98478271,,,,,,452552412.0,11.0,11.0,3058101.0,,278009.181818182,,119000.0,,3058101.0,,,,
2014-05-21,9.0,,0.0,,471.49716822,,,,,,452552412.0,6.0,6.0,959820.0,,159970.0,,51140.5,,959820.0,,,,
2014-05-22,12.0,,0.0,,272.87031268,,,,,,452552412.0,12.0,12.0,1658489.0,,138207.416666667,,64289.0,,1658489.0,,,,
2014-05-23,14.0,,0.0,,238.099263,,,,,,452552412.0,10.0,10.0,1900688.0,,190068.8,,53660.0,,1900688.0,,,,
2014-05-24,7.0,,0.0,,421.52127994,,,,,,452552412.0,6.0,6.0,1073617.0,,178936.166666667,,74400.0,,1073617.0,,,,
2014-05-25,7.0,,0.0,,1586.37805058,,,,,,452552412.0,5.0,5.0,285274.0,,57054.8,,9780.0,,285274.0,,,,
2014-05-26,7.0,,0.0,,809.67781597,,,,,,452552412.0,5.0,5.0,558929.0,,111785.8,,30940.0,,558929.0,,,,
2014-05-27,7.0,,0.0,,558.74807023,,,,,,452552412.0,6.0,6.0,809940.0,,134990.0,,34459.5,,809940.0,,,,
2014-05-28,6.0,,0.0,,758.44696765,,,,,,452552412.0,4.0,4.0,596683.0,,149170.75,,47906.5,,596683.0,,,,
2014-05-29,7.0,,0.0,,3166.56226035,,,,,,452552412.0,5.0,5.0,142916.0,,28583.2,,4275.0,,142916.0,,,,
2014-05-30,10.0,,0.0,,538.48491108,,,,,,452552412.0,9.0,9.0,840418.0,,93379.7777777778,,49130.0,,840418.0,,,,
2014-05-31,0.0,,0.0,,,,,,,,452552412.0,0.0,0.0,0.0,,,,,,0.0,,,,
2014-06-01,6.0,,0.0,,225.66769307,,,,,,452552412.0,6.0,6.0,2005393.0,,334232.166666667,,242710.5,,2005393.0,,,,
2014-06-02,7.0,,0.0,,453.20638882,,,,,,452552412.0,6.0,6.0,998557.0,,166426.166666667,,108807.5,,998557.0,,,,
2014-06-03,5.0,,0.0,,1142.43984773,,,,,,452552412.0,4.0,4.0,396128.0,,99032.0,,89435.0,,396128.0,,,,
2014-06-04,7.0,,0.0,,425.53078182,,,,,,452552412.0,6.0,6.0,1063501.0,,177250.166666667,,70795.5,,1063501.0,,,,
2014-06-05,8.0,,0.0,,378.68181442,,,,,,452552412.0,7.0,6.0,1195073.0,,199178.833333333,,166036.0,,1195073.0,,,,
2014-06-06,12.0,,0.0,,3057.84855098,,,,,,452552412.0,12.0,11.0,147997.0,,13454.2727272727,,10000.0,,147997.0,,,,
2014-06-07,5.0,,0.0,,391.99199996,,,,,,452552412.0,4.0,4.0,1154494.0,,288623.5,,120410.0,,1154494.0,,,,
2014-06-08,0.0,,0.0,,,,,,,,452552412.0,0.0,0.0,0.0,,,,,,0.0,,,,
2014-06-09,9.0,,0.0,,439.04050153,,,,,,452552412.0,7.0,7.0,1030776.0,,147253.714285714,,47600.0,,1030776.0,,,,
2014-06-10,7.0,,0.0,,779.03915058,,,,,,452552412.0,5.0,5.0,580911.0,,116182.2,,162475.0,,580911.0,,,,
2014-06-11,4.0,,0.0,,11891.7493168,,,,,,452552412.0,3.0,3.0,38056.0,,12685.3333333333,,10710.0,,38056.0,,,,
2014-06-12,3.0,,0.0,,2997.03584106,,,,,,452552412.0,2.0,2.0,151000.0,,75500.0,,75500.0,,151000.0,,,,
2014-06-13,7.0,,0.0,,6474.37605688,,,,,,452552412.0,6.0,6.0,69899.0,,11649.8333333333,,4997.0,,69899.0,,,,
2014-06-14,7.0,,0.0,,228.74840438,,,,,,452552412.0,5.0,5.0,1978385.0,,395677.0,,223000.0,,1978385.0,,,,
2014-06-15,6.0,,0.0,,1356.68584893,,,,,,452552412.0,6.0,6.0,333572.0,,55595.3333333333,,27385.0,,333572.0,,,,
2014-06-16,4.0,,0.0,,969.06713091,,,,,,452552412.0,3.0,3.0,466998.0,,155666.0,,60000.0,,466998.0,,,,
2014-06-17,0.0,,0.0,,,,,,,,452552412.0,0.0,0.0,0.0,,,,,,0.0,,,,
2014-06-18,4.0,,0.0,,1297.35116447,,,,,,452552412.0,5.0,5.0,348828.0,,69765.6,,23800.0,,348828.0,,,,
2014-06-19,14.0,,0.0,,486.24323314,,,,,,452552412.0,11.0,11.0,930712.0,,84610.1818181818,,80000.0,,930712.0,,,,
2014-06-20,7.0,,0.0,,2183.40616301,,,,,,452552412.0,7.0,7.0,207269.0,,29609.8571428571,,23800.0,,207269.0,,,,
2014-06-21,4.0,,0.0,,4465.02305757,,,,,,452552412.0,3.0,3.0,101355.0,,33785.0,,41987.0,,101355.0,,,,
2014-06-22,8.0,,0.0,,816.3938369,,,,,,452552412.0,7.0,7.0,554331.0,,79190.1428571429,,73904.0,,554331.0,,,,
2014-06-23,10.0,,0.0,,67.99959671,,,,,,452552412.0,11.0,11.0,6655222.0,,605020.181818182,,53518.0,,6655222.0,,,,
2014-06-24,5.0,,0.0,,1823.45522677,,,,,,452552412.0,4.0,4.0,248184.0,,62046.0,,14750.0,,248184.0,,,,
2014-06-25,6.0,,0.0,,1990.26493625,,,,,,452552412.0,5.0,5.0,227383.0,,45476.6,,10870.0,,227383.0,,,,
2014-06-26,6.0,,0.0,,1718.72533582,,,,,,452552412.0,5.0,5.0,263307.0,,52661.4,,50000.0,,263307.0,,,,
2014-06-27,5.0,,0.0,,2967.42059053,,,,,,452552412.0,4.0,4.0,152507.0,,38126.75,,21986.5,,152507.0,,,,
2014-06-28,4.0,,0.0,,9009.78343188,,,,,,452552412.0,3.0,3.0,50229.0,,16743.0,,23800.0,,50229.0,,,,
2014-06-29,5.0,,0.0,,1321.25147292,,,,,,452552412.0,4.0,4.0,342518.0,,85629.5,,27201.0,,342518.0,,,,
2014-06-30,3.0,,0.0,,45255.2412,,,,,,452552412.0,2.0,1.0,10000.0,,10000.0,,10000.0,,10000.0,,,,
2014-07-01,5.0,,0.0,,6911.94080093,,,,,,452552412.0,4.0,4.0,65474.0,,16368.5,,19267.5,,65474.0,,,,
2014-07-02,8.0,,0.0,,1165.87639792,,,,,,452552412.0,5.0,5.0,388165.0,,77633.0,,77798.0,,388165.0,,,,
2014-07-03,4.0,,0.0,,32466.63404835,,,,,,452552412.0,3.0,3.0,13939.0,,4646.33333333333,,1603.0,,13939.0,,,,
2014-07-04,6.0,,0.0,,2124.00107009,,,,,,452552412.0,5.0,5.0,213066.0,,42613.2,,3560.0,,213066.0,,,,
2014-07-05,7.0,,0.0,,968.03069104,,,,,,452552412.0,9.0,8.0,467498.0,,58437.25,,53170.0,,467498.0,,,,
2014-07-06,10.0,,0.0,,352.99343703,,,,,,452552412.0,9.0,9.0,1282042.0,,142449.111111111,,28558.0,,1282042.0,,,,
2014-07-07,8.0,,0.0,,355.649346,,,,,,452552412.0,7.0,7.0,1272468.0,,181781.142857143,,59400.0,,1272468.0,,,,
2014-07-08,12.0,,0.0,,1224.66366106,,,,,,452552412.0,16.0,16.0,369532.0,,23095.75,,12894.5,,369532.0,,,,
2014-07-09,20.0,,0.0,,73.00898705,,,,,,452552412.0,19.0,19.0,6198585.0,,326241.315789474,,25000.0,,6198585.0,,,,
2014-07-10,30.0,9832707.322327005679602,0.0,0.0,174.37007177,,0.000035241554037117166,0.0217272233261835,,,452552412.0,39.0,39.0,2595356.0,56389.879422950303826,66547.5897435897,1445.89434417821197153129090995,14280.0,310.26474909790038,2595356.0,56389.879422950303826,,,
2014-07-11,39.0,18316732.0241349007580952,0.0,0.0,139.23849885,,0.00006378981304501377,0.0404742777597546,,,452552412.0,49.0,49.0,3250196.0,131549.3356776433619016,66330.5306122449,2684.68031995190542753117910154,26080.0,1055.569163974399968,3250196.0,131549.3356776433619016,,,
2014-07-12,30.0,13024805.0270200103916792,0.0,0.0,371.26869932,,0.00004518713033313861,0.0287807658994866,,,452552412.0,36.0,36.0,1218935.0,35081.882881690698771,34692.6388888889,998.48071829653634120295443874,21420.0,616.484005567002972,1248935.0,35945.305858675296771,,,
2014-07-13,21.0,12984109.0400197924289568,0.0,0.0,335.81329904,,0.00004555000000000002,0.0286908404324664,,,452552412.0,23.0,23.0,1347631.0,38664.6659828451270984,58592.652173913,1681.0724340367434090243290232,27170.0,779.530134550112088,1347631.0,38664.6659828451270984,,,
2014-07-14,12.0,13170307.2698890342257348,0.0,0.0,243.66499271,,0.00004700000000000009,0.0291022805771479,,,452552412.0,8.0,8.0,1857273.0,54050.8799543612116767,232159.125,6756.3599942951514595875,30582.0,890.0059446103370778,1857273.0,54050.8799543612116767,,,
2014-07-15,17.0,13200988.565765680324476,0.0,0.0,385.80143374,,0.0000469021608180086,0.029170076693273,,,452552412.0,22.0,22.0,1173019.0,34217.054192666401187,53319.0454545455,1555.3206451212013798671224215,15673.5,457.1971970520143655,1173019.0,34217.054192666401187,,,
2014-07-16,15.0,14133460.672988670591318,0.0,0.0,355.2629442,,0.00005067000000000008,0.0312305498727265,,,452552412.0,15.0,15.0,1273852.0,39783.098416472397478,84923.4666666667,2652.20656109816087288499575755,30000.0,936.916496181795,1273852.0,39783.098416472397478,,,
2014-07-17,12.0,13876893.1946654013899076,0.0,0.0,1424.72024254,,0.00004911999999999999,0.0306636155872823,,,452552412.0,9.0,9.0,317643.0,9740.0828459911116189,35293.6666666667,1082.23142733234675755385290941,23456.0,719.2457672152936288,317643.0,9740.0828459911116189,,,
2014-07-18,12.0,13827321.6082416097162584,0.0,0.0,1072.82872051,,0.00004844085772937748,0.0305540778075482,,,452552412.0,11.0,11.0,421831.0,12888.6571956358647542,38348.2727272727,1171.69610869416868981605979414,23086.0,705.3714402650577452,421831.0,12888.6571956358647542,,,
2014-07-19,18.0,15820716.4195442552037432,0.0,0.0,352.72656218,,0.000055563159520778155,0.0349588600127586,,,452552412.0,18.0,18.0,1283012.0,44852.6369026894369032,71278.4444444444,2491.81316126052271867288832184,27717.0,968.9547229736301162,1283012.0,44852.6369026894369032,,,
2014-07-20,14.0,15537370.375309985033598,0.0,0.0,366.69336155,,0.00005491055756867332,0.0343327534299165,,,452552412.0,14.0,14.0,1234144.0,42371.561649010868976,88153.1428571429,3026.54011778649211254657556785,32495.0,1115.6428227051366675,1234144.0,42371.561649010868976,,,
2014-07-21,17.0,14008283.3226872142401184,0.0,0.0,378.34433289,,0.00004982082933956743,0.0309539468827032,,,452552412.0,17.0,17.0,1196139.0,37025.2230703297229448,70361.1176470588,2177.95429825468885666007334816,20000.0,619.078937654064,1196139.0,37025.2230703297229448,,,
2014-07-22,8.0,10571141.329289125865904,0.0,0.0,2159.74234991,,0.00003768644067796611,0.023358932687092,,,452552412.0,6.0,6.0,209540.0,4894.63075525325768,34923.3333333333,815.7717925422088347022437636,14626.5,341.659428947751138,209540.0,4894.63075525325768,,,
2014-07-23,14.0,13046445.0310877060931384,0.0,0.0,212.6754014,,0.000046514759592641264,0.0288285835742882,,,452552412.0,13.0,13.0,2127902.0,61344.4006448950093564,163684.769230769,4718.8000496073017592807136258,36020.0,1038.405580345860964,2127902.0,61344.4006448950093564,,,
2014-07-24,16.0,14420901.0381259139076696,0.0,0.0,977.3822407,,0.00005285582929688855,0.0318657036306458,,,452552412.0,18.0,18.0,463025.0,14754.617423579771545,25723.6111111111,819.70096797665362065884854838,17065.0,543.788232456970577,463025.0,14754.617423579771545,,,
2014-07-25,10.0,13582344.0040239712751484,0.0,0.0,518.56346711,,0.000049890002423333234,0.0300127535372057,,,452552412.0,7.0,7.0,872704.0,26192.2500629335632128,124672.0,3741.7500089905090304,35000.0,1050.4463738021995,872704.0,26192.2500629335632128,,,
2014-07-26,12.0,12649302.668623722699234,0.0,0.0,1276.6619706,,0.00004699999999999995,0.0279510225406195,,,452552412.0,11.0,10.0,354481.0,9908.1064212213409795,35448.1,990.81064212213409795,15752.5,440.29848257110867375,354481.0,9908.1064212213409795,,,
2014-07-27,12.0,12099636.38552858630727,0.0,0.0,261.96394752,,0.00004519530242397201,0.0267364311065225,,,452552412.0,10.0,10.0,1727537.0,46188.1739844685600825,172753.7,4618.81739844685600825,11498.0,307.415484862795705,1727537.0,46188.1739844685600825,,,
2014-07-28,10.0,12176525.6472766069016568,0.0,0.0,730.83561091,,0.000045798557974598516,0.0269063324476914,,,452552412.0,8.0,8.0,619226.0,16661.1006162541548564,77403.25,2082.63757703176935705,8689.0,233.7891226379905746,619226.0,16661.1006162541548564,,,
2014-07-29,12.0,12354904.434623714478528,0.0,0.0,1415.56665217,,0.000046738426318549966,0.027300494057744,,,452552412.0,11.0,11.0,319697.0,8727.886048778583568,29063.3636363636,793.4441862525975134365797184,17996.0,491.299691063161024,319697.0,8727.886048778583568,,,
2014-07-30,6.0,10757030.2963012134832704,0.0,0.0,4282.77635613,,0.000042226100368265055,0.0237696894570992,,,452552412.0,4.0,4.0,105668.0,2511.6955455527582656,26417.0,627.9238863881895664,10402.0,247.2523097327458784,105668.0,2511.6955455527582656,,,
2014-07-31,8.0,12154951.7533474729091172,0.0,0.0,461.78723309,,0.00004615083967724211,0.0268586608557231,,,452552412.0,7.0,7.0,980002.0,26321.5413559303494462,140000.285714286,3760.2201937043433090745302066,100000.0,2685.86608557231,980002.0,26321.5413559303494462,,,
2014-08-01,12.0,11112085.0087324092052752,0.0,0.0,607.9400701,,0.00004116340595073662,0.0245542498815196,,,452552412.0,11.0,11.0,744403.0,18278.2572745528347988,67917.3636363636,1667.65991802130451471818612656,6189.0,151.9662525167248044,747091.0,18344.2590982343594836,,,
2014-08-02,3.0,11145579.9335533812307668,0.0,0.0,6692.87918719,,0.00004176000000000003,0.0246282632420339,,,452552412.0,2.0,2.0,67617.0,1665.2892756366062163,33808.5,832.64463781830310815,33808.5,832.64463781830310815,67617.0,1665.2892756366062163,,,
2014-08-03,6.0,11152546.3894010772596952,0.0,0.0,9115.21938447,,0.00004199999999999993,0.0246436569415546,,,452552412.0,4.0,4.0,49648.0,1223.5082798343027808,12412.0,305.8770699585756952,12344.0,304.2013012865499824,49648.0,1223.5082798343027808,,,
2014-08-04,5.0,10535923.5505487832752832,0.0,0.0,771.26293867,,0.000039620119303926056,0.0232811123555536,,,452552412.0,4.0,4.0,586768.0,13660.6117346434747648,146692.0,3415.1529336608686912,164608.0,3832.2573426229669888,586768.0,13660.6117346434747648,,,
2014-08-05,5.0,10284030.9942868208457396,0.0,0.0,2137.53459571,,0.000039053465544826193,0.0227245081930683,,,452552412.0,4.0,4.0,211717.0,4811.1647011118412711,52929.25,1202.791175277960317775,53484.5,1215.40895845216149135,211717.0,4811.1647011118412711,,,
2014-08-06,5.0,10647950.3357681566479744,0.0,0.0,691.73712448,,0.00004041000000000005,0.0235286566890912,,,452552412.0,3.0,3.0,654226.0,15393.0589510773794112,218075.333333333,5131.0196503591186275144369696,200000.0,4705.73133781824,654226.0,15393.0589510773794112,,,
2014-08-07,8.0,11991310.7486586089635284,0.0,0.0,386.84520632,,0.000045213236698708996,0.0264970651590707,,,452552412.0,6.0,6.0,1169854.0,30997.6976645994946778,194975.666666667,5166.2829440999246119883863569,39043.5,1034.53816353817687545,1169854.0,30997.6976645994946778,,,
2014-08-08,4.0,12028312.8986446011528072,0.0,0.0,2846.24158491,,0.00004512347506509579,0.0265788283957806,,,452552412.0,2.0,2.0,159000.0,4226.0337149291154,79500.0,2113.0168574645577,79500.0,2113.0168574645577,159000.0,4226.0337149291154,,,
2014-08-09,7.0,13341989.5988918672870568,0.0,0.0,3996.33008954,,0.000050055552164176836,0.0294816450981414,,35.689888466387856,452552412.0,9.0,7.0,113242.0,3338.5604542037284188,16177.4285714286,476.93720774339061644700280404,9870.0,290.983837118655618,113242.0,3338.5604542037284188,,0.16093178075181835,
2014-08-10,12.0,12302447.0780205072404508,0.0,0.0,873.37510639,,0.00004612453652834603,0.0271845796239409,,-32.834923490662625,452552412.0,11.0,10.0,518165.0,14086.0977008393364485,51816.5,1408.60977008393364485,30410.0,826.683066364042769,518165.0,14086.0977008393364485,,0.11271988062973395,
2014-08-11,14.0,12111674.287395206436042,0.0,0.0,456.48595144,,0.00004667090169384368,0.0267630311235535,,-7.010705632295533,452552412.0,18.0,16.0,991383.0,26532.4140843618394905,62587.0625,1675.01950161928812659375,10000.0,267.630311235535,1001393.0,26800.3120259086100255,,0.09424158564385608,
2014-08-12,15.0,10424436.4009293550034616,0.0,0.0,1141.00828743,,0.00004053221122628964,0.0230347604487618,,-19.713887423472656,452552412.0,15.0,15.0,396625.0,9136.161862990148925,33949.1333333333,782.01015377640674861465170794,16999.0,391.5678928685018382,509237.0,11730.1523066461127466,,0.09801955787315132,
2014-08-13,14.0,10216808.5886037038963784,0.0,0.0,599.72808231,,0.000041169211257200174,0.0225759675955582,,-22.42543488744447,452552412.0,14.0,14.0,754596.0,17035.7348437378354872,67984.0714285714,1534.80619358554199221521155548,56691.5,1279.8654669435876953,951777.0,21487.2867101975969214,,0.09795968871703384,
2014-08-14,10.0,10457883.4920259132830072,0.0,0.0,356.87748415,,0.00004574999999999997,0.0231086681116306,,-20.77954283555326,452552412.0,10.0,10.0,1268089.0,29303.8478370095359234,137608.7,3179.95377757294174622,96012.0,2218.7094427338771672,1376087.0,31799.5377757294174622,,0.09811431330057499,
2014-08-15,3.0,8996196.8932610561136792,0.0,0.0,3777.25074702,,0.000039731919587546745,0.0198787955929866,,-36.34823698590506,452552412.0,2.0,2.0,119810.0,2381.678499995724546,59905.0,1190.839249997862273,59905.0,1190.839249997862273,119810.0,2381.678499995724546,,0.10037522888994249,
2014-08-16,8.0,9914607.377558311885002,0.0,0.0,2065.27056246,,0.00004198999999999995,0.0219081969616335,,-28.553118926001996,452552412.0,7.0,7.0,219125.0,4800.6336592179406875,58860.7142857143,1289.53212187386357547424230905,958.0,20.988052689244893,412025.0,9026.7248531170428375,,0.10244062944790208,
2014-08-17,5.0,9005821.6479332897341104,0.0,0.0,3723.51600721,,0.0000399788593806418,0.0199000633056692,,-34.869370199898455,452552412.0,5.0,5.0,121539.0,2418.6337941077288988,24307.8,483.72675882154577976,1286.0,25.5914814110905912,121539.0,2418.6337941077288988,,0.10359034984354755,
2014-08-18,10.0,8854153.7035263590230056,0.0,0.0,1502.31848783,,0.00004172000000000002,0.0195649243463238,,-44.03443264687871,452552412.0,10.0,10.0,301236.0,5893.6595503891962168,30123.6,589.36595503891962168,21941.5,429.2837875448636577,301236.0,5893.6595503891962168,,0.09969738218409797,
2014-08-19,2.0,7822245.3318174764119092,0.0,0.0,9888.39776253,,0.000035507248476125286,0.0172847279660891,,-49.6552817956403,452552412.0,1.0,1.0,45766.0,791.0528600960337506,45766.0,791.0528600960337506,45766.0,791.0528600960337506,45766.0,791.0528600960337506,,0.10150704658303544,
2014-08-20,4.0,9140572.7549622135299676,0.0,0.0,106759.23849965,,0.00003920990728941974,0.0201978213187873,,-34.748801516895824,452552412.0,2.0,2.0,4239.0,85.6185645703393647,2119.5,42.80928228516968235,2119.5,42.80928228516968235,4239.0,85.6185645703393647,,0.10536571476513508,
2014-08-21,5.0,9661426.4055070726448172,0.0,0.0,1793.13896505,,0.00004110999999999998,0.0213487458011981,,-8.605645269934431,452552412.0,3.0,3.0,252380.0,5387.996465306376478,84126.6666666667,1795.99882176879287095819337327,1190.0,25.405007503425739,252380.0,5387.996465306376478,,0.0931403770081506,
2014-08-22,8.0,8562568.6701104042725752,0.0,0.0,829.03885131,,0.00003665653150042082,0.0189206121612946,,-34.368568221403635,452552412.0,8.0,8.0,545876.0,10328.3080841588510696,68234.5,1291.0385105198563837,14049.5,265.8251405601084827,545876.0,10328.3080841588510696,,0.08635387153021436,
2014-08-23,9.0,9992141.6936488249490856,0.0,0.0,838.52897732,,0.00004441436246330867,0.0220795236721638,,-30.710697845913753,452552412.0,10.0,10.0,539698.0,11916.2747668194585324,54969.8,1213.70700035410965324,9990.0,220.574441484916362,549698.0,12137.0700035410965324,,0.08934313606078706,
2014-08-24,5.0,8402943.7204609925832804,0.0,0.0,14109.19445051,,0.00003652000000000008,0.0185678906965167,,-38.133331640168336,452552412.0,3.0,3.0,32075.0,595.5650940907731525,16624.6666666667,308.68499353269191752968988389,17799.0,330.4898865073007433,49874.0,926.0549805980738958,,0.09371627416623966,
2014-08-25,2.0,9100999.8276060473290044,0.0,0.0,187859.03362391,,0.00004009163687096627,0.0201103774640937,,-28.051371162294593,452552412.0,1.0,1.0,2409.0,48.4458993110017233,2409.0,48.4458993110017233,2409.0,48.4458993110017233,2409.0,48.4458993110017233,,0.09470027177497009,
2014-08-26,6.0,9819219.718352623959354,0.0,0.0,7333.53446767,,0.00004239000000000005,0.0216974199186295,,-18.846985103646478,452552412.0,4.0,3.0,61710.0,1338.947783178626445,20570.0,446.315927726208815,14000.0,303.763878860813,61710.0,1338.947783178626445,,0.09577829835178464,
2014-08-27,4.0,9567024.7028215252706664,0.0,0.0,11387.83120282,,0.00004143808044926849,0.0211401474152822,,-21.430587180988862,452552412.0,3.0,3.0,39740.0,840.109458283314628,19870.0,420.054729141657314,19870.0,420.054729141657314,59610.0,1260.164187424971942,,0.09580557546567499,
2014-08-28,7.0,9632844.38031026904,0.0,0.0,527.66745759,,0.000042042687505193056,0.02128558842,,-22.032222658761086,452552412.0,8.0,7.0,857647.0,18255.52105164774,165399.285714286,3520.62112067627751016812,52907.0,1126.15662653694,1157795.0,24644.3478447339,,0.09575336109488322,
2014-08-29,9.0,9018109.1923845620429472,0.0,0.0,735.78460023,,0.000039159999999999876,0.0199272149551256,,-16.165438378606932,452552412.0,7.0,7.0,615061.0,12256.4527575145066616,87865.8571428571,1750.92182250207152620507335176,2320.0,46.231138695891392,615061.0,12256.4527575145066616,,0.09323475541805425,
2014-08-30,8.0,8576131.8588173360679144,0.0,0.0,675.11078292,,0.00003780470848317879,0.0189505825875862,,-29.4433081031731,452552412.0,6.0,6.0,670338.0,12703.2956305973581356,111723.0,2117.2159384328930226,37165.5,704.3078771589349161,670338.0,12703.2956305973581356,,0.09033823411189622,
2014-08-31,0.0,8251286.5549664180894796,0.0,0.0,,,0.00003810311433387608,0.0182327755552133,,-25.744929520588073,452552412.0,0.0,0.0,0.0,0.0,,,,,0.0,0.0,,0.08929109145735224,
2014-09-01,12.0,8780040.6010902952401216,0.0,0.0,223.41261481,,0.0000408840067127445,0.0194011574533168,,-21.22401298600634,452552412.0,11.0,10.0,2025635.0,39299.663577949376168,202563.5,3929.9663577949376168,62437.5,1211.3597684914677,2025635.0,39299.663577949376168,,0.09023328091043412,
2014-09-02,11.0,8435711.1319801791756012,0.0,0.0,347.14283676,,0.000039289821741671564,0.0186402964790301,,-24.360672106263255,452552412.0,9.0,9.0,1303649.0,24300.4038645911108349,144974.777777778,2702.3728397592864386547731178,10481.0,195.3689473967144781,1304773.0,24321.3555578335406673,,0.09040488030481923,
2014-09-03,7.0,8504718.3932779192835568,0.0,0.0,89.81024984,,0.000039650630091382344,0.0187927810520164,,-19.278852466284885,452552412.0,13.0,13.0,5038984.0,94696.5230366138073376,387614.153846154,7284.3479258933726863970849256,524.0,9.8474172712565936,5038984.0,94696.5230366138073376,,0.09000362979622929,
2014-09-04,2.0,9076878.3925795146455232,0.0,0.0,905.104824,,0.00004096999999999993,0.0200570765990736,,-11.738126833514269,452552412.0,1.0,1.0,500000.0,10028.5382995368,500000.0,10028.5382995368,500000.0,10028.5382995368,500000.0,10028.5382995368,,0.09089248424676741,
2014-09-05,8.0,8784658.2798187759030056,0.0,0.0,547.39519896,,0.00004054594232864921,0.0194113610863238,,-17.499067869337125,452552412.0,8.0,8.0,826738.0,16048.1098417851657644,103342.25,2006.01373022314572055,45471.0,882.6539999562295098,826738.0,16048.1098417851657644,,0.0907306835326259,
2014-09-06,5.0,9143356.3385115280246008,0.0,0.0,221.17286335,,0.000042035343350101775,0.0202039721722034,,-23.750151003848043,452552412.0,3.0,3.0,2046148.0,41340.3172522096425032,682049.333333333,13780.1057507365407664092759322,381723.0,7712.3208694899984582,2046148.0,41340.3172522096425032,,0.08808243118252473,
2014-09-07,9.0,8897552.4569364720882192,0.0,0.0,552.97215543,,0.000041100000000000105,0.0196608220860316,,-26.028259059181245,452552412.0,13.0,13.0,818400.0,16090.41679520826144,62953.8461538462,1237.72436886217486434563473992,40.0,0.786432883441264,818400.0,16090.41679520826144,,0.08811260074391938,
2014-09-08,3.0,8048027.7991081321793856,0.0,0.0,551.48226383,,0.00003792018370325722,0.0177836369571888,,-39.67895313172355,452552412.0,2.0,2.0,820611.0,14593.4481070756583568,410305.5,7296.7240535378291784,410305.5,7296.7240535378291784,820611.0,14593.4481070756583568,,0.08689859746757765,0.1289471964469812
2014-09-09,3.0,8031653.3080562944807044,0.0,0.0,1508.50804,,0.00003748047231951573,0.0177474544275687,,-34.714994040449014,452552412.0,2.0,2.0,300000.0,5324.23632827061,300000.0,5324.23632827061,300000.0,5324.23632827061,600000.0,10648.47265654122,,0.08607738357850953,0.09943492636625922
2014-09-10,7.0,9031096.1146013106293184,0.0,0.0,505.00698224,,0.00004176813199804782,0.0199559120118032,,-25.434783826707573,452552412.0,5.0,5.0,896131.0,17883.1113870492134192,179226.2,3576.62227740984268384,65870.0,1314.495924217476784,896131.0,17883.1113870492134192,,0.08935993775527916,0.09112723389394381
2014-09-11,0.0,8837856.4591826337859212,0.0,0.0,,,0.000040917896787019666,0.0195289125078901,,-15.21981506458493,452552412.0,0.0,0.0,0.0,0.0,,,,,0.0,0.0,,0.08539888041642689,0.09114829725897146
2014-09-12,7.0,8981475.6423153602081592,0.0,0.0,6532.6945074,,0.00004187,0.0198462662095266,,-12.091182247128431,452552412.0,8.0,8.0,69275.0,1374.850091664955215,10523.75,208.85714402250555675,9337.5,185.3145107314546275,84190.0,1670.857152180044454,,0.08544130890524479,0.0911558441468796
2014-09-13,6.0,8140361.2419565585553976,0.0,0.0,16177.60820762,,0.000037634171221681635,0.0179876651324898,,-22.16052848395619,452552412.0,3.0,3.0,27974.0,503.1869444162696652,9324.66666666667,167.728981472089948358883774966,886.0,15.9370713073859628,27974.0,503.1869444162696652,,0.08695870183044885,0.09191594806959458
2014-09-14,18.0,8466896.176064075347572,0.0,0.0,119.62203603,,0.00003933413617767393,0.018709205721931,,-5.883605299851459,452552412.0,15.0,15.0,3783186.0,70780.405158329252166,253402.6,4740.9613738721924206,100000.0,1870.9205721931,3801039.0,71114.420608082886309,,0.08307503323856082,0.09158419043821765
2014-09-15,12.0,8529925.4557029827918292,0.0,0.0,610.93234624,,0.000039877829924021004,0.0188484808157491,,-13.966079231635057,452552412.0,12.0,12.0,740757.0,13962.1441036318560687,65897.0833333333,1242.05991102215246017563947503,48804.0,919.8812577318190764,790765.0,14904.7189322658370615,,0.0809675127678839,0.09159787600958515
2014-09-16,10.0,9072697.0884479658638364,0.0,0.0,3023.64794783,,0.00004318999999999988,0.0200478372181297,,0.7425801123878913,452552412.0,8.0,8.0,149671.0,3000.5798442746903287,18708.875,375.0724805343362910875,11101.0,222.5510409584577997,149671.0,3000.5798442746903287,,0.0799637625194598,0.09203909848090376
2014-09-17,9.0,8669613.8224557849575172,0.0,0.0,1647.83225736,,0.000041979999999999933,0.0191571486364231,,-2.0842181788314447,452552412.0,9.0,9.0,274635.0,5261.2235157640580685,30515.0,584.5803906404508965,4165.0,79.7895240707022115,274635.0,5261.2235157640580685,,0.08034317292106542,0.09025933858971044
2014-09-18,5.0,8498235.5134209010051236,0.0,0.0,32658.75817276,,0.000043989999999999957,0.0187784559049503,,8.641894404075927,452552412.0,4.0,4.0,13857.0,260.2130634748963071,4430.75,83.202643500858541725,3866.0,72.5975105285378598,17723.0,332.8105740034341669,,0.0770188524796496,0.090262530983463
2014-09-19,10.0,8392940.4281648956662372,0.0,0.0,273.43499224,,0.00004708320431217244,0.0185457865334831,,-8.179272205797442,452552412.0,11.0,11.0,1655064.0,30694.4636432526734184,150551.272727273,2792.0917663442011050690545863,59557.0,1104.5314085746529867,1656064.0,30713.0094297861565184,,0.0714163207308379,0.08942464748635437
2014-09-20,2.0,7528935.1062589676259624,0.0,0.0,42461.28842184,,0.00004047428302635152,0.0166366036432902,,-22.072220081628654,452552412.0,1.0,1.0,10658.0,177.3129216301869516,10658.0,177.3129216301869516,10658.0,177.3129216301869516,10658.0,177.3129216301869516,,0.07306324549951099,0.083036763514508
2014-09-21,4.0,8692091.1932957094680376,0.0,0.0,63108.68944359,,0.000047968529722699176,0.0192068166312098,,1.5126596722947643,452552412.0,2.0,2.0,7171.0,137.7320820624054758,3585.5,68.8660410312027379,3585.5,68.8660410312027379,7171.0,137.7320820624054758,,0.07495614731041995,0.08050236105750228
2014-09-22,8.0,9081983.9641832333831604,0.0,0.0,806.77507755,,0.000050060559563287035,0.0200683583235067,,-9.108735217837275,452552412.0,6.0,6.0,560940.0,11257.144917987848298,93490.0,1876.190819664641383,11657.5,233.94688715627935525,560940.0,11257.144917987848298,,0.06966030143367302,0.07955759505949105
2014-09-23,9.0,10213042.6868065564826832,0.0,0.0,843.2129905,,0.00005146651789923542,0.0225676461245036,,21.541248240637515,452552412.0,8.0,8.0,536700.0,12112.05567502108212,91758.0,2070.7620730922013288,89223.0,2013.5530901665847028,734064.0,16566.0965847376106304,,0.06526655030230351,0.08086725790485329
2014-09-24,8.0,8068379.3082102438287436,0.0,0.0,935.82225365,,0.000042078365820174425,0.0178286074590853,,-11.346231611427537,452552412.0,8.0,8.0,483588.0,8621.7006239241420564,69342.25,1236.275755579757643925,40580.0,723.484890689681474,554738.0,9890.2060446380611514,,0.07735036585931968,0.08579754691271614
2014-09-25,7.0,8309472.8788389139812588,0.0,0.0,941.58757623,,0.00004483432658021337,0.0183613492238749,,-15.375425775348688,452552412.0,5.0,5.0,480627.0,8824.9601934233215623,96125.4,1764.99203868466431246,37435.0,687.3571081957568815,480627.0,8824.9601934233215623,,0.0761489296180288,0.08578860097338951
2014-09-26,14.0,8987284.5380050809667344,0.0,0.0,251.56950741,,0.00004899873603759546,0.0198591020613212,,-6.059774933427998,452552412.0,15.0,15.0,1798916.0,35724.8564437436878192,120171.6,2386.50006927226671792,23511.0,466.9073485637227332,1802574.0,35797.5010390840007688,,0.07755570443286558,0.08646997698372466
2014-09-27,10.0,8708401.2982188485478228,0.0,0.0,95.01892117,,0.0000480351693712942,0.0192428568875219,,-9.596782067620671,452552412.0,11.0,11.0,4762761.0,91649.1283124706919659,432978.272727273,8331.7389374973408813155147787,500000.0,9621.42844376095,4762761.0,91649.1283124706919659,,0.07771951186571197,0.08649745962467915
2014-09-28,3.0,8088702.9059148925358304,0.0,0.0,5985.66796286,,0.00004759290846027551,0.0178735162854792,,-10.305999479963237,452552412.0,2.0,2.0,75606.0,1351.3450722799403952,37803.0,675.6725361399701976,37803.0,675.6725361399701976,75606.0,1351.3450722799403952,,0.07795115350915349,0.08520961450466855
2014-09-29,7.0,8841693.3737984211778236,0.0,0.0,332.02890701,,0.000052369999999999914,0.0195373908951753,,3.096518562830342,452552412.0,6.0,6.0,1362991.0,26629.2879536058773223,227165.166666667,4438.2146589343193995136317251,94888.0,1853.8639472613938664,1362991.0,26629.2879536058773223,,0.07921511023666544,0.08447665822902052
2014-09-30,17.0,9237416.6411425335979152,0.0,0.0,129.66987781,,0.00005243694266920766,0.0204118161702396,,11.951228206740293,452552412.0,20.0,20.0,3490035.0,71237.952847702162386,174501.75,3561.8976423851081193,38289.0,781.5480293423040444,3490035.0,71237.952847702162386,,0.07922211106293348,0.08397250382664996
2014-10-01,10.0,9540759.7088553602811972,0.0,0.0,235.94868645,,0.00005505770250429302,0.0210821099520631,,8.664186674382805,452552412.0,11.0,11.0,1918012.0,40435.7398733764505572,174364.727272727,3675.9763521251261191700130737,59870.0,1262.185922830017797,1918012.0,40435.7398733764505572,,0.07865001753259068,0.08409363148368815
2014-10-02,6.0,9079394.456988595801074,0.0,0.0,829.34270886,,0.00005385571081927762,0.0200626363184395,,7.6304571711587155,452552412.0,5.0,5.0,545676.0,10947.699135700792602,109135.2,2189.5398271401585204,27600.0,553.7287623889302,545676.0,10947.699135700792602,,0.07884839791788792,0.08431044973292824
2014-10-03,12.0,8249264.6978513054244468,0.0,0.0,318.942356,,0.00005096464991233203,0.0182283078801739,,-3.00367024061046,452552412.0,14.0,14.0,1418916.0,25864.4377041048294924,101884.071428571,1857.1742220856212564609084969,15466.0,281.9190096747695374,1426377.0,26000.4391091988069603,,0.08085140049045228,0.08487805089268848
2014-10-04,6.0,7521260.249794376412054,0.0,0.0,2728.48761018,,0.00005054235030968111,0.0166196445988545,,-17.138250348896154,452552412.0,6.0,6.0,165862.0,2756.567492455205079,27643.6666666667,459.42791540920140048815329515,22217.0,369.2386440527504265,165862.0,2756.567492455205079,,0.08152029525817081,0.08560547046450562
2014-10-05,11.0,8450104.2782691687749064,0.0,0.0,308.31685443,,0.00005783947304676633,0.0186721008533022,,-3.8083894773481055,452552412.0,10.0,10.0,1467816.0,27407.2083860906219952,167264.9,3123.18708201750715278,60695.5,1133.3124973416036801,1672649.0,31231.8708201750715278,,0.08435100324951293,0.08689172909970917
2014-10-06,7.0,7818380.0244031817461776,0.0,0.0,2215.34265056,,0.000052864137346581076,0.0172761868395548,,-14.491137226355146,452552412.0,5.0,5.0,204281.0,3529.1967237710940988,48856.2,844.04883947065721976,40000.0,691.047473582192,244281.0,4220.2441973532860988,,0.08509767903148385,0.08588745727133182
2014-10-07,7.0,8654497.5858755999015652,0.0,0.0,228.57117488,419.70931487860156,0.000057330501193266476,0.0191237464576271,,-2.7317048394740087,452552412.0,6.0,6.0,1979919.0,37863.4689626385902049,329986.5,6310.57816043976503415,20000.0,382.474929152542,1979919.0,37863.4689626385902049,,0.08717372271544495,0.08702025001521137
2014-10-08,14.0,8891658.4648033574791008,0.0,0.0,429.28230604,439.6629505895446,0.000055438463868062444,0.0196477981975784,,10.482452182741156,452552412.0,16.0,16.0,1054207.0,20712.8463944745323288,66036.6875,1297.47550963654805755,5707.0,112.1299843135799288,1056587.0,20759.6081541847689208,,0.08524482195325436,0.08594709551356224
2014-10-09,3.0,9245529.7781217062895996,0.0,0.0,2999.6182939,491.87783639765763,0.00005648000000000005,0.0204297436782233,,15.113656223779135,452552412.0,2.0,2.0,150870.0,3082.235428733549271,75435.0,1541.1177143667746355,75435.0,1541.1177143667746355,150870.0,3082.235428733549271,,0.08548513346701478,0.08558421608968665
2014-10-10,14.0,8511120.7469981686618716,0.0,0.0,199.76631681,450.8011544705277,0.00005240298637957428,0.0188069282613793,,-5.757610826026478,452552412.0,12.0,12.0,2265409.0,42605.3845456830186337,197117.416666667,3707.1731143184186551177537931,100000.0,1880.69282613793,2365409.0,44486.0773718209486337,,0.08419222304336126,0.08616563346222533
2014-10-11,4.0,8950794.5842046375319624,0.0,0.0,64558.11868759,485.0873866625141,0.00005465049133220642,0.0197784706187902,,1.277890465223149,452552412.0,3.0,3.0,7010.0,138.647079037719302,2336.66666666667,46.215693012573166594902062634,10.0,0.197784706187902,7010.0,138.647079037719302,,0.0846376858120985,0.0843485113191639
2014-10-12,6.0,9357652.0787678220865248,0.0,0.0,1759.22040382,522.4685841017614,0.00005472101784651721,0.0206774990711304,,4.1883589226712665,452552412.0,5.0,5.0,257246.0,5319.2039260520108784,51449.2,1063.84078521040217568,21253.0,439.4588877587343912,257246.0,5319.2039260520108784,,0.08497626387183649,0.08453215212062935
2014-10-13,6.0,10132328.5770609523489284,0.0,0.0,1766.96839738,575.8973454250478,0.000057116387305674484,0.0223892930595207,,24.470257226884666,452552412.0,5.0,5.0,256118.0,5734.3009598183226426,51223.6,1146.86019196366452852,20000.0,447.785861190414,256118.0,5734.3009598183226426,,0.08397953349820848,0.08512100208562759
2014-10-14,13.0,11608763.0083288167296928,0.0,0.0,477.98403032,666.3352957472512,0.00006398851480222412,0.0256517536985944,,37.107657480751946,452552412.0,13.0,13.0,946794.0,24286.9264913069863536,75035.5384615385,1924.7931512567925722059114844,23798.0,610.4604345191495312,975462.0,25022.3109663382906128,,0.08705102825158822,0.08459876787107558
2014-10-15,25.0,10305019.6396823613691416,0.0,0.0,137.72421706,567.9275655632886,0.00005770246638150598,0.0227708865679018,,20.810195742010567,452552412.0,24.0,24.0,3285932.0,74823.5848418386974776,136913.833333333,3117.6493684099381379378106994,74753.0,1702.1920836103632554,3285932.0,74823.5848418386974776,,0.09021506922871536,0.08517789711949127
2014-10-16,17.0,9946948.905598868922486,0.0,0.0,82.58673148,514.3201017194748,0.000057489999999999885,0.0219796616741905,,9.636074131297352,452552412.0,15.0,15.0,5479723.0,120442.4576082801892315,365314.866666667,8029.4971738853532753205580635,13363.0,293.7142189522076515,5479723.0,120442.4576082801892315,,0.08990002151873872,0.08436498374823724
2014-10-17,5.0,9238985.0656514340157644,0.0,0.0,7715.75898931,490.0034609429214,0.00005341506992140062,0.0204152819003237,,6.567434892208006,452552412.0,3.0,3.0,58653.0,1197.4175292996859761,19551.0,399.1391764332286587,12165.0,248.3519043174378105,58653.0,1197.4175292996859761,,0.09057513600416614,0.08489545159274894
2014-10-18,12.0,9664759.8900466505585772,0.0,0.0,347.9336381,517.031614932101,0.000054578288135593156,0.0213561117646781,,13.72666566822614,452552412.0,14.0,14.0,1300686.0,27777.5955867520991766,92911.5714285714,1984.22990366044329783966386634,12688.0,270.9663460702357328,1300762.0,27779.2186512462147122,,0.09080604937908524,0.08348210965726995
2014-10-19,17.0,10561106.5070496559713048,0.0,0.0,148.80948509,553.8086845059398,0.000060040364294210826,0.0233367588526954,,25.833211821793267,452552412.0,17.0,17.0,3041153.0,70970.6541951511737962,178904.0,4175.0395057826178416,5000.0,116.683794263477,3041368.0,70975.6715983045033072,,0.09203234868129227,0.08184235366989633
2014-10-20,6.0,9461517.088283469066468,0.0,0.0,151.1931557,480.01465475617306,0.00005484656295036816,0.020907008420239,,25.668729438482014,452552412.0,5.0,5.0,2993207.0,62579.003952518316473,598641.4,12515.8007905036632946,1868.0,39.054291729006452,2993207.0,62579.003952518316473,,0.09208963580476763,0.08280560981228947
2014-10-21,2.0,10545322.103276966984784,0.0,0.0,3969.8276461,553.30453667135,0.00006049221168010556,0.023301880232332,,21.320886640152505,452552412.0,1.0,1.0,113998.0,2656.367742725383336,113998.0,2656.367742725383336,113998.0,2656.367742725383336,113998.0,2656.367742725383336,,0.09050674708183928,0.08244325700313043
2014-10-22,9.0,10444045.7283100027852152,0.0,0.0,909.88536169,549.039308883395,0.000060607610467119134,0.0230780909600146,,14.997403315160607,452552412.0,6.0,6.0,497373.0,11478.4193350553416458,82895.5,1913.0698891758902743,25585.0,590.452957211973541,497373.0,11478.4193350553416458,,0.09027059139366213,0.08003824537562772
2014-10-23,14.0,10787006.0695607876724396,0.0,0.0,29.02904268,471.86854118024587,0.00006670287925782935,0.0238359265877933,,5.619905843492568,452552412.0,14.0,14.0,15589643.0,371593.5860779057047919,1114395.92857143,26562.659543164351555745125419,11709.5,279.10678237976564635,15601543.0,371877.2336043004450619,,0.08791324263662803,0.07679975412380245
2014-10-24,13.0,9891674.9283339613739256,0.0,0.0,108.41637993,416.24871669419,0.00006114190365072955,0.0218575233852338,,22.59804045489486,452552412.0,11.0,11.0,4174207.0,91237.8271173066245966,379473.363636364,8294.3479197551556387903219032,5112.0,111.7356595453151856,4174207.0,91237.8271173066245966,,0.07763681834860892,0.07702713022915504
2014-10-25,4.0,9446225.3207541160828692,0.0,0.0,316913.45378151,406.2720293858219,0.00006036014899895796,0.0208732183726691,,13.680199195427672,452552412.0,4.0,4.0,1428.0,29.8069558361714748,416.5,8.69369545221668015,238.0,4.9678259726952458,1666.0,34.7747818088667206,,0.07810001305398712,0.07663493795046673
2014-10-26,7.0,9267709.2720024839015652,0.0,0.0,5261.74788392,401.4526906430111,0.00005799999999999992,0.0204787534576271,,3.1202387418752986,452552412.0,5.0,5.0,86008.0,1761.3366273835916168,17201.6,352.26732547671832336,16936.0,346.8281685583725656,86008.0,1761.3366273835916168,,0.07692819021507437,0.07660121963044725
2014-10-27,12.0,8870425.4599595302892016,0.0,0.0,521.14439498,382.7157822210336,0.00005600000000000002,0.0196008798644068,,1.860550015923382,452552412.0,11.0,11.0,868382.0,17021.0512584133057976,78943.8181818182,1547.36829621939179252508844376,10000.0,196.008798644068,868382.0,17021.0512584133057976,,0.0771399397916875,0.0767974663317665
2014-10-28,6.0,8933398.5474289660277628,0.0,0.0,1395.36272763,384.71524299732357,0.00005565999999999982,0.0197400307910169,,10.442906005317461,452552412.0,4.0,4.0,324326.0,6402.2052263273471094,81081.5,1600.55130658183677735,20342.5,401.56157636626128825,324326.0,6402.2052263273471094,,0.07585141315971305,0.0763340652294248
2014-10-29,14.0,8388515.6073881250390432,0.0,0.0,3177.90270073,365.39046596519484,0.00005556368455652699,0.0185360090565336,,-5.125463497221569,452552412.0,16.0,16.0,142406.0,2639.6389057047238416,8901.9375,165.00639412069607385,5000.0,92.680045282668,142431.0,2640.1023059311371816,,0.07499978868125909,0.07649251428156513
2014-10-30,7.0,7731656.6056278329906736,0.0,0.0,361.55686491,336.27321053768793,0.00004957658134835877,0.0170845550716628,,-16.300661689418618,452552412.0,10.0,10.0,1251677.0,21384.3446384336785156,155167.7,2650.97111599325185156,142912.0,2441.5879344014740736,1551677.0,26509.7111599325185156,,0.0758612081523065,0.07705496947657137
2014-10-31,10.0,8408881.9638186820503072,0.0,0.0,687.86788994,363.87102465439534,0.000055106625130541215,0.0185810123664056,,-11.863601846990372,452552412.0,18.0,18.0,657906.0,12224.5595219324426736,36550.3333333333,679.14219566291286249958778648,10500.0,195.1006298472588,657906.0,12224.5595219324426736,,0.07733107838563069,0.0774095809924952
2014-11-01,4.0,7748718.8038909937094144,0.0,0.0,6209.81121616,335.3003772960692,0.00005278597837521918,0.0171222572202112,,-14.655995610735406,452552412.0,5.0,5.0,72877.0,1247.8187394373316224,14575.4,249.56374788746632448,10008.0,171.3595502598736896,72877.0,1247.8187394373316224,,0.07820073280172771,0.07795451523668562
2014-11-02,9.0,9391326.138554224335276,0.0,0.0,196.05798485,399.7971367005776,0.00006400000000000002,0.020751908264173,,13.84440289569556,452552412.0,8.0,8.0,2308258.0,47900.758266043440634,288532.25,5987.59478325543007925,2938.5,60.9794824342723605,2308258.0,47900.758266043440634,,0.08415747938551374,0.08186294833898096
2014-11-03,10.0,9959045.668821896782824,0.0,0.0,679.68978496,422.0010601518423,0.00006763666577078556,0.022006391756502,,32.41192749704635,452552412.0,10.0,10.0,665822.0,14652.339772097674644,72294.9,1590.9498913971364398,41063.5,903.659467893119877,722949.0,15909.498913971364398,,0.08267805411631995,0.08178282260463748
2014-11-04,8.0,10072667.8197901652450424,0.0,0.0,965.90259707,427.8156748970295,0.00006751688519197011,0.0222574613518802,,19.201698441682968,452552412.0,6.0,6.0,468528.0,10428.2438522737263456,78999.5,1758.3283180678598599,33995.0,756.642398657167399,473997.0,10549.9699084071591594,,0.08017272527307553,0.08166764279750283
2014-11-05,9.0,10622211.2217841842587196,0.0,0.0,717.6206803,454.6311840857226,0.00006927798655756879,0.0234717812569833,,35.86204800264917,452552412.0,7.0,7.0,630629.0,14801.9859423101214957,90089.8571428571,2114.56942033001635059508898643,9000.0,211.2460313128497,630629.0,14801.9859423101214957,,0.07902079792025017,0.08178768173264485
2014-11-06,6.0,10647479.2021294045541088,0.0,0.0,1686.90373275,455.26107167190565,0.00006728136797766664,0.0235276156303624,,23.028276297706874,452552412.0,6.0,6.0,268274.0,6311.8475556198424976,66825.3333333333,1572.24075703751004987947898792,51399.0,1209.2959157849969976,400952.0,9433.4445422250650048,,0.07711750056511076,0.08169440715842181
2014-11-07,6.0,10803260.3522035982153676,0.0,0.0,1313.9474598,460.8527079235258,0.00006977351904084966,0.0238718434942373,,21.498822688333174,452552412.0,6.0,6.0,344422.0,8221.9880799721993406,57403.6666666667,1370.33134666203401916144980791,26480.5,632.13835164915082265,344422.0,8221.9880799721993406,,0.07703870202430166,0.08056981028070757
2014-11-08,5.0,10585954.4142192863672364,0.0,0.0,2912.59001918,453.83094943974055,0.00006766144029779614,0.0233916649950797,,14.498083595701702,452552412.0,5.0,5.0,155378.0,3634.5501236054936266,31075.6,726.91002472109872532,8840.0,206.782318556504548,155378.0,3634.5501236054936266,,0.07693632935540756,0.08063106783356891
2014-11-09,10.0,10786423.3190525627874864,0.0,0.0,911.57885704,465.6860617225621,0.00006554999999999987,0.0238346388905172,,26.733289770996166,452552412.0,9.0,9.0,496449.0,11832.6826425583734228,56572.1111111111,1348.37583960754883103734566092,11900.0,283.63220279715468,509149.0,12135.3825564679418628,,0.07517759529783374,0.07928947420709662
2014-11-10,2.0,11442864.3505630173707364,0.0,0.0,6396.22930476,495.7741590978772,0.00006917924313267118,0.0252851692912047,,27.84188311902617,452552412.0,1.0,1.0,70753.0,1789.0015828606061391,70753.0,1789.0015828606061391,70753.0,1789.0015828606061391,70753.0,1789.0015828606061391,,0.07536384934463654,0.0795494116192839
2014-11-11,8.0,11975154.1457419127164116,0.0,0.0,296.46543548,513.0671239117498,0.00007194,0.0264613640944243,,27.971782290486196,452552412.0,12.0,12.0,1526493.0,40393.0870605900329799,135541.083333333,3586.6019558360297612036351919,61057.5,1615.66473819531169725,1626493.0,43039.2234700324629799,,0.07538092686127769,0.07971334491641723
2014-11-12,14.0,12839234.7069474967941072,0.0,0.0,171.12404016,538.3692232008277,0.00006713509059029816,0.0283707132400556,,26.715538380928894,452552412.0,17.0,16.0,2644587.0,75028.8194153789190372,186041.6875,5278.135366758536417825,50500.0,1432.7210186228078,2976667.0,84450.1658681365826852,,0.07508001528409201,0.07897681257151633
2014-11-13,14.0,11548415.1526114769665956,0.0,0.0,386.89944515,478.1245668424009,0.00006048240918868735,0.0255184037172063,,-0.5198474262420802,452552412.0,16.0,16.0,1169690.0,29848.621643979037047,76097.1875,1941.87875236894478728125,7865.0,200.7022452358275495,1217555.0,31070.0600379031165965,,0.07382742285743307,0.0802050366086263
2014-11-14,20.0,11185248.9559890423814704,0.0,0.0,174.20240398,450.76989511712634,0.00006203968158493611,0.0247159194369492,,8.541752923178443,452552412.0,14.0,14.0,2597854.0,64208.3501729562270168,185561.0,4586.3107266397305012,155946.5,3854.3611304741984178,2597854.0,64208.3501729562270168,,0.07063024956553257,0.08034728201499539
2014-11-15,2.0,11086442.8429652119357356,0.0,0.0,6465034.45714286,447.2720317603179,0.00006480949167604127,0.0244975886748013,,11.455713185828795,452552412.0,1.0,1.0,70.0,1.714831207236091,70.0,1.714831207236091,70.0,1.714831207236091,70.0,1.714831207236091,,0.07030235213551107,0.08001198204312113
2014-11-16,7.0,11790819.9272234488640796,0.0,0.0,1296.76380141,475.0083273559987,0.00006677000000000003,0.0260540428347633,,27.62029425785294,452552412.0,5.0,5.0,348986.0,9092.4961927327050138,69797.2,1818.49923854654100276,71028.0,1850.5665544675676724,348986.0,9092.4961927327050138,,0.06950129733143331,0.08009908821953324
2014-11-17,17.0,12713928.1701761547630672,0.0,0.0,544.31852838,507.07480325761367,0.0000725,0.0280938247881356,,31.549343334123805,452552412.0,16.0,16.0,831411.0,23357.5149609286073316,53481.1875,1502.491111086427799025,22144.0,622.1096561084747264,855699.0,24039.8577773828447844,,0.07027301235156672,0.08053741700951407
2014-11-18,16.0,11615120.7632826124620264,0.0,0.0,595.76236508,459.2998153785671,0.00006864999999999983,0.0256658023585622,,9.980149859575699,452552412.0,16.0,16.0,759619.0,19496.2311218086598018,47476.1875,1218.5144451130412376125,11205.5,287.5981483288687321,759619.0,19496.2311218086598018,,0.07088590159615095,0.08147479318699975
2014-11-19,12.0,11829957.836957334380826,0.0,0.0,184.08786869,455.9995184061936,0.00006922563016420142,0.0261405254358855,,25.032357142881327,452552412.0,9.0,9.0,2458350.0,64262.560705309118925,273150.0,7140.284522812124325,71623.0,1872.2628532944271665,2458350.0,64262.560705309118925,,0.06762102154581302,0.08009956022075793
2014-11-20,11.0,11608201.1001777714723804,0.0,0.0,221.14940981,439.51506154993695,0.00007201533194571393,0.0256505120564417,,10.079151556409196,452552412.0,10.0,10.0,2046365.0,52490.3101043803194205,204636.5,5249.03101043803194205,85700.0,2198.24888323705369,2046365.0,52490.3101043803194205,,0.06500887904762209,0.07814249635788745
2014-11-21,9.0,12211271.383278919533894,0.0,0.0,84.0412867,437.7829895134538,0.00007693000000000013,0.0269831097116745,,16.920891586855184,452552412.0,7.0,7.0,5384882.0,145300.861790421204909,769268.857142857,20757.2659700601682751271840465,108132.0,2917.737619342787034,5384882.0,145300.861790421204909,,0.06552791037304878,0.07820469670136172
2014-11-22,5.0,12634358.8321295388772092,0.0,0.0,7093.29799373,452.73716684817737,0.00007921000000000005,0.0279180013123641,,17.125722843353973,452552412.0,3.0,3.0,63800.0,1781.16848372882958,21266.6666666667,593.72282790961079060004374547,1900.0,53.04420249349179,63800.0,1781.16848372882958,,0.06555364533772638,0.07690327813624218
2014-11-23,14.0,13980680.0995687401617184,0.0,0.0,122.51225035,479.216585129001,0.00008399999999999987,0.0308929523495032,,41.337844205960806,452552412.0,16.0,16.0,3693936.0,114116.5888301144525952,230871.0,7132.2868018821532872,89474.0,2764.1160185194493168,3693936.0,114116.5888301144525952,,0.06544510484009936,0.07122925452662911
2014-11-24,18.0,14056528.6772096669660112,0.0,0.0,702.43209238,478.41423059520605,0.00008239000000000012,0.0310605541026476,,48.80577373404744,452552412.0,21.0,21.0,644265.0,20011.227888942256014,44481.1428571429,1381.60894426188389070946154204,6177.0,191.8610426920542252,934104.0,29013.7878294995337504,,0.06455120168652267,0.07118082775629743
2014-11-25,8.0,14121256.613501978237544,0.0,0.0,112.11002603,458.90385038199577,0.000082821808650009,0.031203582699062,,52.37051788149999,452552412.0,6.0,6.0,4036681.0,125958.909413232293222,676823.333333333,21119.312854321462645472433646,17129.5,534.501769843582529,4060940.0,126715.87712592883828,,0.06428653362394564,0.07059203599543482
2014-11-26,11.0,13827511.229543130417792,0.0,0.0,3349.93235771,451.6619591115949,0.0000831346543524773,0.030554496811616,,55.8832920919017,452552412.0,9.0,9.0,135093.0,4127.698637771640288,16454.8888888889,502.7708500910514399388534624,13000.0,397.208458551008,148094.0,4524.937650819459904,,0.06371136782637785,0.07050653261392516
2014-11-27,14.0,13008961.3871333926774224,0.0,0.0,78.6336278,402.54549426676414,0.00007779000000000016,0.0287457563857452,,45.621639044385574,452552412.0,15.0,15.0,5755202.0,165437.6346427535465304,383680.133333333,11029.1756428502268534412047516,20000.0,574.915127714904,5755202.0,165437.6346427535465304,,0.06519186666898567,0.07027469091209819
2014-11-28,19.0,11978917.1033794683633888,0.0,0.0,165.50373209,363.2197520315513,0.00007004470485096439,0.0264696790598024,,42.80139257092306,452552412.0,22.0,22.0,2734394.0,72378.5316030493237456,146564.772727273,3879.5224955637960199124708552,39935.0,1057.066633253208844,3224425.0,85349.49490240335362,,0.06606441923657057,0.0704081856722977
2014-11-29,8.0,11919238.8914110542461028,0.0,0.0,426.40484076,358.0383863334067,0.0000700331456627097,0.0263378087827119,,54.16151414090354,452552412.0,6.0,6.0,1061321.0,27952.8695550765764199,176886.833333333,4658.8115925127539573804057627,17220.0,453.537067238298918,1061321.0,27952.8695550765764199,,0.06377042982108999,0.07023489120933248
2014-11-30,12.0,12885855.6248899235941104,0.0,0.0,156.58976675,381.5988166835832,0.00007518999999999994,0.0284737309606692,,53.241009688737925,452552412.0,12.0,11.0,2890051.0,82290.5346366129821292,262731.909090909,7480.9576942375412414062763028,41595.0,1184.364839309035374,2890051.0,82290.5346366129821292,,0.06355424562675016,0.07078937990899088
2014-12-01,8.0,14159151.44251278281247,0.0,0.0,1591.11334095,421.4416689804453,0.00008252790788747564,0.0312873184786225,,82.72893623914719,452552412.0,6.0,6.0,284425.0,8898.8955582822045625,47404.1666666667,1483.14925971370180332728262075,15985.0,500.1277858807806625,284425.0,8898.8955582822045625,,0.06250220392237911,0.07134239441247114
2014-12-02,18.0,14458400.7589652915635416,0.0,0.0,442.68106689,439.3627921148295,0.00008342821157217982,0.0319485663441018,,53.95483604396614,452552412.0,18.0,18.0,1022299.0,32660.9874250089260382,58116.6111111111,1856.74240577769680491592950998,11498.5,367.3605901076545473,1046099.0,33421.3633039985488782,,0.05339206000552191,0.07005819990059052
2014-12-03,25.0,21038976.7428411571827684,0.0,0.0,202.38152527,619.6808860726707,0.00012367015254237263,0.0464895914483407,,111.25494793850021,452552412.0,28.0,28.0,2236135.0,103957.0025733353311945,80780.9642857143,3755.47402644585902438344926201,17843.5,829.53702500846728045,2261867.0,105153.2727404840340869,,0.08458572775612073,0.08329637645557124
2014-12-04,24.0,18507570.100732123563282,0.0,0.0,176.4283926,529.7175074872677,0.00011087559146697851,0.0408959705218235,,83.74049886137983,452552412.0,27.0,27.0,2565077.0,104901.3133782074579095,95884.3333333333,3921.28286950469705196764927255,11805.0,482.7769320101264175,2588877.0,105874.6374766268572095,,0.0890760610337471,0.08433435278980382
2014-12-05,19.0,21941071.1221344707572092,0.0,0.0,2284.40681457,634.3926443329918,0.00012811656925774398,0.0484829393023641,,106.55841485374916,452552412.0,17.0,17.0,198105.0,9604.7126904948400305,14008.7647058824,679.18608893639687277949658184,10000.0,484.829393023641,238149.0,11546.1635119187080509,,0.09304002865185448,0.08587007267903553
2014-12-06,41.0,25464624.0731586352830324,0.0,0.0,177.46450513,707.3209166225187,0.00014999520748100516,0.0562688948239627,,139.161059531029,452552412.0,51.0,51.0,2550101.0,143491.3649594821052327,64713.2549019608,3641.34333379472088216305606216,23800.0,1339.19969681031226,3300376.0,185708.5100235307199752,,0.09566609049871097,0.08687010182575801
2014-12-07,43.0,26059609.8804263611006176,0.0,0.0,118.33675498,680.6527134663125,0.00015288779719462318,0.0575836283034248,,141.219863548978,452552412.0,51.0,51.0,3824276.0,220215.6877137081804448,77916.1176470588,4486.69275743415164716168697824,8898.0,512.3791246438738704,3973722.0,228821.3306291418031056,,0.09563395971763226,0.08686463762633907
2014-12-08,28.0,20160487.1194125086772708,0.0,0.0,362.71338462,519.0031951584666,0.0001226499999999998,0.0445484027591759,,90.44562568994724,452552412.0,27.0,27.0,1247686.0,55582.4184449851419674,46210.5925925926,2058.60809055500558804002043834,20280.0,903.441607956087252,1247686.0,55582.4184449851419674,,0.10870780588550376,0.09376094374378524
2014-12-09,29.0,19687042.8095773439112456,0.0,0.0,17.39478019,384.3530451893947,0.00012390028755113967,0.0435022381663438,,82.51687540209183,452552412.0,28.0,28.0,26016564.0,1131778.7633979261187032,930129.071428571,40462.6963907258998737979287098,8660.0,376.729382520537308,26043614.0,1132955.4989403257184932,,0.10902119146231759,0.09304627161345232
2014-12-10,11.0,20280164.0270222032465452,0.0,0.0,991.98266588,394.1845061865881,0.00012881646522501462,0.0448128514825421,,77.22978622939254,452552412.0,10.0,10.0,456210.0,20444.070974850531441,48391.0,2168.5386960916947611,11147.5,499.55126190163805975,483910.0,21685.386960916947611,,0.10879023071987415,0.09294741243612106
2014-12-11,8.0,22526474.4615226759384344,0.0,0.0,1400.05510474,436.45889962961877,0.00014279259088252505,0.0497764985097962,,88.11010019050627,452552412.0,6.0,6.0,323239.0,16089.7056018080138918,53873.1666666667,2681.61760030133730784995032654,23250.0,1157.30359035276165,323239.0,16089.7056018080138918,,0.10982752349849338,0.09361478163051407
2014-12-12,21.0,24090875.7321442913420172,0.0,0.0,950.00390873,464.28539551193774,0.0001507212723220296,0.0532333384892981,,87.63482623390605,452552412.0,22.0,22.0,476369.0,25358.7122228084465989,22543.8636363636,1200.08512381112225362860038916,8596.0,457.5937776540064676,495965.0,26401.8727238447321665,,0.10978987860926907,0.09348273246921175
2014-12-13,10.0,25031541.9262680550060932,0.0,0.0,7400.69357318,489.4784815693151,0.00015837662244301554,0.0553119180508711,,116.75304875585113,452552412.0,10.0,10.0,61150.0,3382.323788810767765,6383.1,353.06150411051531841,1989.5,110.04306096220805345,63831.0,3530.6150411051531841,,0.1071664312716727,0.09217040924524328
2014-12-14,10.0,24545334.6275907527376372,0.0,0.0,2485.554761,480.3975396760078,0.00015231856224430155,0.0542375512244331,,119.44379355497645,452552412.0,7.0,7.0,182073.0,9875.1936640862078163,28153.2857142857,1526.96527606467127036355393667,15000.0,813.5632683664965,197073.0,10688.7569324527043163,,0.10696069520146584,0.09063867624213683
2014-12-15,6.0,20751694.2863837140919268,0.0,0.0,3607.69136088,405.90611539682885,0.0001321101215663354,0.0458547866194639,,87.18081697008422,452552412.0,3.0,3.0,125441.0,5752.0702883321710799,41813.6666666667,1917.35676277739188845955398213,23800.0,1091.34392154324082,125441.0,5752.0702883321710799,,0.1125527845086837,0.09344496720725036
2014-12-16,14.0,19775408.5546626887831124,0.0,0.0,619.88895616,384.58314016900516,0.000132975434248977,0.0436974989643027,,67.71868857910277,452552412.0,10.0,10.0,730054.0,31901.5339088850433458,73005.4,3190.15339088850433458,12950.0,565.882611587719965,730054.0,31901.5339088850433458,,0.11296782942996626,0.09310254012826512
2014-12-17,23.0,18947063.2459087525258596,0.0,0.0,136.78555567,357.78504441048017,0.00013071316131190236,0.0418671136060783,,49.02603658210096,452552412.0,21.0,21.0,3308481.0,138516.5498905515400623,157612.666666667,6598.7874210902976941712020261,10000.0,418.671136060783,3309866.0,138574.5358428959585078,,0.11293083399425471,0.09327540293692235
2014-12-18,13.0,19201952.784192933217164,0.0,0.0,526.30635274,362.15827243216216,0.0001353389579193455,0.042430340166197,,65.3185806289126,452552412.0,10.0,10.0,859865.0,36484.364447006983405,86986.5,3690.8667848668953405,17480.0,741.68234610512356,869865.0,36908.667848668953405,,0.11122168878344876,0.09272026402444868
2014-12-19,16.0,18951091.955371123523274,0.0,0.0,37.02105817,322.8097056444228,0.000131585079485681,0.0418760158002895,,60.195769220470396,452552412.0,15.0,15.0,12224189.0,511900.3317097251027155,814945.933333333,34126.6887806483262223613999035,67176.0,2813.063237400247452,12224189.0,511900.3317097251027155,,0.11135476166423357,0.09143170946852185
2014-12-20,14.0,18975823.9396491553281312,0.0,0.0,973.74613667,322.0515626294684,0.00012703730917592047,0.0419306657891576,,63.46911787528005,452552412.0,15.0,15.0,464754.0,19487.4446481741512304,48544.9333333333,2035.52137535693501713780702808,9000.0,377.3759921024184,728174.0,30532.8206303540462224,,0.1111989720075256,0.09054969738639099
2014-12-21,7.0,19754607.3934332578123136,0.0,0.0,10432.04195385,335.86186018169553,0.00013598919520748084,0.0436515348711328,,61.77355144594971,452552412.0,9.0,9.0,43381.0,1893.6472342446119968,4820.11111111111,210.405248249401284476072365408,1387.0,60.5446788662611936,43381.0,1893.6472342446119968,,0.11110443530683173,0.09059709115719118
2014-12-22,7.0,20834384.4796277946491736,0.0,0.0,2146.76178685,354.38104283908945,0.00013873296668614842,0.0460375062140378,,64.90258632393243,452552412.0,5.0,5.0,210807.0,9705.0285724626665046,42161.4,1941.00571449253330092,5000.0,230.187531070189,210807.0,9705.0285724626665046,,0.11126655133124129,0.09072204430152091
2014-12-23,16.0,23094643.0186165417016124,0.0,0.0,2963.30130501,392.8882492550605,0.00015184285680888373,0.0510319742116777,,65.18969645352902,452552412.0,16.0,16.0,152719.0,7793.5520696332066663,10197.875,520.4176940139127248875,4000.0,204.1278968467108,163166.0,8326.6831042226035982,,0.11131259527426499,0.09056680352870275
2014-12-24,19.0,24998929.6524752308564248,0.0,0.0,185.27677226,415.3829554251076,0.0001710041239041495,0.0552398550744554,,77.8456845679606,452552412.0,18.0,18.0,2442575.0,134927.489008487898655,151391.0,8362.8168995768774614,8560.0,472.853159437338224,2725038.0,150530.7041923837943052,,0.11186829674120997,0.09059965256857687
2014-12-25,10.0,25507202.0503452705833436,0.0,0.0,2212.12648476,425.7300760174733,0.00017668858981575446,0.0563629789036353,,80.62983166778989,452552412.0,10.0,10.0,204578.0,11530.6254981479024034,20457.8,1153.06254981479024034,20927.0,1179.5080595163759231,204578.0,11530.6254981479024034,,0.11183434668358892,0.09048205510897855
2014-12-26,19.0,25977353.255920316593668,0.0,0.0,969.13561402,438.8546049394083,0.00017436228287551122,0.057401866760839,,87.86716441363993,452552412.0,22.0,22.0,466965.0,26804.662711975183635,25887.8181818182,1486.0090900015536503975774698,10000.0,574.01866760839,569532.0,32692.199980034157348,,0.11157066609111582,0.09013059292372307
2014-12-27,11.0,22745499.6441090328676376,0.0,0.0,410.5539723,380.3971037418852,0.00015906802396259488,0.0502604760045098,,74.84485476761914,452552412.0,11.0,11.0,1102297.0,55401.9719183431390106,100208.818181818,5036.5429016675489536043628164,52782.0,2652.8484444700362636,1102297.0,55401.9719183431390106,,0.11413358039455522,0.09220230324005026
2014-12-28,10.0,24295604.2750281027238032,0.0,0.0,6023.35075133,408.0344023398605,0.00016934999999999978,0.0536857248592636,,102.81970453050282,452552412.0,9.0,9.0,75133.0,4033.5695658510520588,8348.11111111111,448.174396205672391326972378596,5000.0,268.428624296318,75133.0,4033.5695658510520588,,0.11280850165132635,0.0918426660884912
2014-12-29,26.0,23490542.5531152976047708,0.0,0.0,654.72207843,397.1341305637334,0.00016580167329047335,0.0519067889823009,,97.0808938987075,452552412.0,28.0,28.0,691213.0,35878.6473328231519917,24686.75,1281.409922908816743075,447.0,23.2023346750885023,691229.0,35879.4778414468688061,,0.11318024359763929,0.09117147702450056
2014-12-30,6.0,23408521.279933352979624,0.0,0.0,3829.02455368,398.31552884223726,0.0001666190361202233,0.051725547492902,,81.66058941959719,452552412.0,5.0,5.0,118190.0,6113.44245818608738,23638.0,1222.688491637217476,5766.0,298.249506844072932,118190.0,6113.44245818608738,,0.1127828164361285,0.09080585192470149
2014-12-31,19.0,24634791.8684839043675148,0.0,0.0,1045.56618534,418.1842735868776,0.00016975873388101344,0.0544352238884629,,73.98494513250323,452552412.0,17.0,17.0,432830.0,23561.197955643397007,25460.5882352941,1385.95282092019886331957843889,3500.0,190.52328360962015,432830.0,23561.197955643397007,,0.11207487842893987,0.08997098272148123
2015-01-01,3.0,24907438.927463606354724,0.0,0.0,48882.30848995,424.8442926940479,0.00017484689596727077,0.055037689043327,,72.26966759805111,452552412.0,2.0,2.0,9258.0,509.538925163121366,4629.0,254.769462581560683,4629.0,254.769462581560683,9258.0,509.538925163121366,,0.11208199373278707,0.08706027969474066
2015-01-02,13.0,23534379.3973531464656136,0.0,0.0,1106.83692127,400.02112087716114,0.00016459835768556385,0.0520036547664078,,11.86085561580883,452552412.0,14.0,14.0,408870.0,21262.734324341157186,44647.8571428571,2321.85174891703516741479572538,7580.0,394.187703129371124,625070.0,32505.924484838523546,,0.09026114082636318,0.08738094264884184
2015-01-03,7.0,19694352.2911732026631344,0.0,0.0,3979.81226256,336.17689326243527,0.00015235007773232046,0.0435183898460212,,6.412414941462977,452552412.0,5.0,5.0,113712.0,4948.5631461707626944,22922.4,997.54593940643635488,3584.0,155.9699092081399808,114612.0,4987.7296970321817744,,0.0931907818570156,0.09084585641332038
2015-01-04,11.0,17572826.6907685503733644,0.0,0.0,1262.92404078,299.3733916601404,0.00014745681799715313,0.0388304784701237,,-19.908984420360287,452552412.0,16.0,16.0,358337.0,13914.3971635487162869,38552.5,1497.01202121944394425,5000.0,194.1523923506185,616840.0,23952.192339511103108,,0.08989776493296768,0.0920909334234869
2015-01-05,8.0,20231213.8673604039769104,0.0,0.0,5894.60510069,346.923166489531,0.00016256022092343654,0.0447046868625692,,-20.55168845517961,452552412.0,7.0,7.0,76774.0,3432.1576291868877608,10967.7142857143,490.30823274098460446695517956,8071.0,360.8115276677960132,76774.0,3432.1576291868877608,,0.08942542089667961,0.09365999509421225
2015-01-06,35.0,22765423.9837733838715248,0.0,0.0,471.2580581,388.3378160161151,0.00017494204967855088,0.0503045025948804,,-12.640963973629058,452552412.0,38.0,38.0,960307.0,48307.7659733818122828,25285.5263157895,1271.9758241655495432763840758,1250.0,62.8806282436005,960850.0,48335.08131829083234,0.10303644057948205,0.09218799645731439,0.09467907053846589
2015-01-07,18.0,22697939.9152515865199292,0.0,0.0,371.69682907,382.97774968883704,0.0001685693734658096,0.0501553838039241,,12.58626729011805,452552412.0,19.0,19.0,1217531.0,61065.7345981755133971,64080.5789473684,3213.98603148292070183928833844,10000.0,501.553838039241,1217531.0,61065.7345981755133971,0.09205944850147597,0.07894431355552856,0.09460383394719162
2015-01-08,3.0,22956277.3725310211858256,0.0,0.0,32989.67867036,390.40403371667935,0.0001783984050263004,0.0507262291920588,,16.60602150650712,452552412.0,2.0,2.0,13718.0,695.8624120566626184,6859.0,347.9312060283313092,6859.0,347.9312060283313092,13718.0,695.8624120566626184,0.08841751403787318,0.07877926633755397,0.09460064916496723
2015-01-09,15.0,22458079.940741142292452,0.0,0.0,1140.74655925,380.5258580612624,0.0001696587309710823,0.049625367902671,,10.73914348432777,452552412.0,16.0,16.0,396716.0,19687.177452876028436,30687.9375,1522.9001886116737310625,6926.0,343.705298093899346,491007.0,24366.403017786779697,0.08843609155316177,0.07878807453019261,0.0945039922465086
2015-01-10,4.0,20862717.5622748533135576,0.0,0.0,609.54581233,351.5809181381489,0.00016689000000000035,0.0461001135096698,,-7.385784677889459,452552412.0,2.0,2.0,742442.0,34226.6604743462656516,371221.0,17113.3302371731328258,371221.0,17113.3302371731328258,742442.0,34226.6604743462656516,0.08861655556350047,0.07758522043006824,0.09502302983577539
2015-01-11,15.0,21134942.508341024513436,0.0,0.0,444.50334542,353.40159403015366,0.00017376999999999977,0.046701645926353,,-12.269928485244662,452552412.0,15.0,15.0,1018108.0,47547.319330787400124,81206.5333333333,3792.4787666399142162118024549,6775.0,316.403651151041575,1218098.0,56887.181499598736594,0.08861994890448874,0.07653027011405177,0.09469333728210035
2015-01-12,21.0,22782018.2767548231149328,0.0,0.0,598.92168467,379.97188662123426,0.0001874085680888367,0.0503411708183644,,-8.986756213977316,452552412.0,19.0,19.0,755612.0,38038.3927644059610128,48751.2631578947,2454.19566624261215825160142868,5300.0,266.80820533733132,926274.0,46629.7176586096662456,0.08864948732444462,0.07752410982446008,0.09387101285427249
2015-01-13,24.0,17605286.7724458036666588,0.0,0.0,34.54138189,271.73294917702293,0.00017358677381648115,0.0389022051493249,,-28.27440717530013,452552412.0,31.0,31.0,13101746.0,509686.8107063469112754,589414.387096774,22929.5194048023013984570678726,69805.0,2715.5684304486246445,18271846.0,710815.1015488715767654,0.09073799195978183,0.09039487195427713,0.09996475661427583
2015-01-14,30.0,12985015.2042741932736948,0.0,0.0,75.38110304,198.65498012059186,0.00016336385914669842,0.0286928427734779,,-37.426722728879305,452552412.0,31.0,31.0,6003526.0,172258.2276044866830754,194739.161290323,5587.6201367421914905663243617,15000.0,430.3926416021685,6036914.0,173216.2242390075632006,0.0935553724954193,0.10133474951018945,0.10776462215398823
2015-01-15,15.0,15933840.155854258103934,0.0,0.0,192.42777544,240.43312098896163,0.00016581266160140275,0.0352088282668445,,-19.4259875248072,452552412.0,15.0,15.0,2351804.0,82804.263153277962478,157120.266666667,5532.0204863074907348094222815,5000.0,176.0441413342225,2356804.0,82980.307294612184978,0.0942622838233296,0.10877436232689162,0.11063543206939806
2015-01-16,26.0,15321932.1339756521448456,0.0,0.0,809.87487674,231.54365830609026,0.0001630900000000004,0.0338567019591438,,-19.132944588211455,452552412.0,34.0,34.0,558793.0,18918.8880578558414334,21581.8529411765,730.6903627554837897677046807,2000.0,67.7134039182876,733783.0,24843.4723336864149954,0.09429801749753135,0.10873541506982716,0.11038872554721588
2015-01-17,19.0,13816080.5390038311092316,0.0,0.0,2172.06738629,211.07726765687121,0.00015277999999999996,0.0305292385426593,,-28.048565193966922,452552412.0,21.0,21.0,208351.0,6360.7973796016078143,13415.4761904762,409.56427278241416182608135866,5000.0,152.6461927132965,281725.0,8600.8497284306912925,0.09429711541511704,0.11006164616392883,0.11058893907176141
2015-01-18,19.0,13981616.4619497944330064,0.0,0.0,415.09887106,214.65921645816394,0.00014633000000000023,0.0308950214189772,,-26.22263405783791,452552412.0,22.0,22.0,1090228.0,33682.6174115686748016,62828.5454545455,1941.0892575413658225737008626,17720.5,547.4752270549854726,1382228.0,42703.9636659100172016,0.0919105948115236,0.1101396227670219,0.11057686073902509
2015-01-19,29.0,13838063.5197335921660712,0.0,0.0,43.28491201,201.55448178047254,0.00014098000000000043,0.0305778140891526,,-27.075295577444926,452552412.0,28.0,28.0,10455200.0,319697.16186490826352,373400.0,11417.75578088958084,3701.0,113.1684899439537726,10455200.0,319697.16186490826352,0.09057147241372555,0.11011842851536319,0.11055381008248492
2015-01-20,21.0,12934162.2162008720918376,0.0,0.0,3095.64547507,188.6117912392221,0.00013486453945061363,0.0285804734948598,,-34.52584524408016,452552412.0,18.0,18.0,146190.0,4178.179420213554162,8121.66666666667,232.121078900753104268244982866,3000.0,85.7414204845794,146190.0,4178.179420213554162,0.09040119541466973,0.11016377743428833,0.1107420237715889
2015-01-21,18.0,14341520.2413616364051496,0.0,0.0,2159.72173598,222.2783628151818,0.00013905094915254225,0.0316902967724358,,-31.16417595448998,452552412.0,13.0,13.0,209542.0,6640.4481662897424036,16118.6153846154,510.80370509921144166610419132,6000.0,190.1417806346148,209542.0,6640.4481662897424036,0.09062119178515794,0.1115891145689279,0.11145109206194115
2015-01-22,14.0,14408355.8586809528816064,0.0,0.0,447.43067309,225.6078892816407,0.0001362650944519876,0.0318379826880272,,-37.61169701966639,452552412.0,14.0,14.0,1011447.0,32202.4320758570473584,72246.2142857143,2300.17371970407526614260982896,31948.5,1017.1757899084369992,1011447.0,32202.4320758570473584,0.09046320164996587,0.1095058428194281,0.1106897290207425
2015-01-23,42.0,15608199.0215201815641552,0.0,0.0,120.02775622,238.98953954668244,0.00014793823495032156,0.0344892626967596,,-37.56453080792297,452552412.0,40.0,40.0,3770398.0,130038.2470933370023208,94259.95,3250.95617733342505802,10000.0,344.892626967596,3770398.0,130038.2470933370023208,0.09059151150084965,0.10952852504765068,0.11116348946113763
2015-01-24,21.0,15742854.510820763206842,0.0,0.0,174.00146721,237.4672588853404,0.00013965999999999965,0.0347868094244535,,-38.28074721896961,452552412.0,19.0,19.0,2600854.0,90475.412438827583289,139782.368421053,4862.5826111619178044824195355,25010.0,870.018103705582035,2655865.0,92389.0696120761947775,0.09059235188972126,0.10941858129426286,0.11116642230304924
2015-01-25,16.0,15667058.1961985756208804,0.0,0.0,1351.04387623,236.5389993119007,0.00013601918585622437,0.0346193231563167,,-39.68955173434381,452552412.0,17.0,17.0,334965.0,11596.2615810556234155,27050.8235294118,936.48120140920257061140551706,10001.0,346.2278508863233167,459864.0,15920.1804239564229288,0.09058818893150945,0.1092497025563946,0.11112969890583854
2015-01-26,23.0,15778024.2661695776545332,0.0,0.0,143.46225858,234.1459144223836,0.00012726496785505528,0.0348645236392411,,-30.632325017946993,452552412.0,19.0,19.0,3154505.0,109980.3141426042461555,169537.473684211,5910.8432590003903154690922721,50000.0,1743.226181962055,3221212.0,112306.0219210071022132,0.0899807836184253,0.10709199836116827,0.11082160548112231
2015-01-27,7.0,15534819.4817871805932936,0.0,0.0,481.35270718,229.41577092907963,0.00012965674587316436,0.0343271167490478,,-36.05913520021222,452552412.0,4.0,4.0,940168.0,32273.2566997187720304,235042.0,8068.3141749296930076,69929.0,2400.4609471441636062,940168.0,32273.2566997187720304,0.08953872315869746,0.10607080547356063,0.11027972983057038
2015-01-28,9.0,13599992.8888557953583468,0.0,0.0,3187.32550622,201.4082621341584,0.00012748062417608592,0.0300517520804989,,-42.104390062067026,452552412.0,8.0,8.0,141985.0,4266.8980191496363165,17748.125,533.3622523937045395625,1877.0,56.4071386550964353,141985.0,4266.8980191496363165,0.08984249397858081,0.10820589954969514,0.11169264314060579
2015-01-29,22.0,13764136.5767277796991424,0.0,0.0,309.1568217,202.761572700332,0.00013000000000000012,0.0304144585505552,,-41.2003158502502,452552412.0,21.0,21.0,1463828.0,44521.5360311421173056,70077.5238095238,2131.36994323030675155753761376,11105.0,337.752562203915496,1471628.0,44758.7688078364478656,0.08984604602093889,0.10831550965255633,0.11125788643403167
2015-01-30,12.0,13463270.345893998526962,0.0,0.0,129.73255027,195.05604797181752,0.00012997000000000025,0.0297496378074635,,-45.34855249531049,452552412.0,11.0,11.0,3488349.0,103777.1192960274927615,317122.636363636,9434.283572366124887540797286,5000.0,148.7481890373175,3488349.0,103777.1192960274927615,0.08986278591065332,0.10753478043513294,0.11061920072326811
2015-01-31,13.0,13299126.6780645196430988,0.0,0.0,990.97693974,193.75338091969437,0.0001352166744025517,0.0293869313816949,,-46.605804326993464,452552412.0,7.0,7.0,456673.0,13420.2181148727550677,65239.0,1917.1740164103935811,41591.0,1222.2318630960725859,456673.0,13420.2181148727550677,0.08976360669834646,0.10738618018553053,0.11059153879375762
2015-02-01,7.0,14239097.108091740741766,0.0,0.0,26580.07823329,207.92283230962548,0.0001385398848185722,0.0314639735211305,,-39.49661103154828,452552412.0,6.0,6.0,17026.0,535.705613170767893,5171.0,162.7002070777658155,5000.0,157.3198676056525,31026.0,976.201242466594893,0.08988151474029116,0.10837013874971611,0.09941680054440172
2015-02-02,13.0,14273731.063230538242486,0.0,0.0,438.98684065,207.68432048938476,0.000131368178109929,0.0315405037841905,,-27.5237344584931,452552412.0,10.0,10.0,1030902.0,32515.168432129554831,103090.2,3251.5168432129554831,15000.0,473.1075567628575,1030902.0,32515.168432129554831,0.08984756321554357,0.10402513934448733,0.09812869443921757
2015-02-03,17.0,14550527.2950796715285784,0.0,0.0,645.62907948,211.44732066386106,0.00014115701505431044,0.0321521373199082,,-17.198709398736447,452552412.0,11.0,11.0,700948.0,22536.9763501150129736,63722.5454545455,2048.8160318286390045153327231,42855.0,1377.879844844665911,700948.0,22536.9763501150129736,0.08942753307572893,0.10229445243454062,0.0954778872521875
2015-02-04,14.0,14455011.9539444148210408,0.0,0.0,260.86915108,208.40708078268366,0.0001408453937838125,0.0319410781395734,,-28.55094089403553,452552412.0,14.0,14.0,1734787.0,55410.9671225161198658,123913.357142857,3957.9262230368611416888372038,6929.5,221.3357009681738753,1734787.0,55410.9671225161198658,0.08942922421042633,0.09844981280178244,0.09326257559594424
2015-02-05,9.0,12751080.5249095040794164,0.0,0.0,1478.08896902,183.8285008253523,0.00012983627703097583,0.0281759199305947,,-43.98926840107107,452552412.0,7.0,7.0,306174.0,8626.7341088299016778,43739.1428571429,1232.39058697570144722513988263,22940.0,646.355603207842418,306174.0,8626.7341088299016778,0.08959036850198103,0.09745922098352237,0.09434911923437785
2015-02-06,13.0,13041923.9343290897033892,0.0,0.0,3965.82696099,188.03192370090886,0.00012939094097019318,0.0288185933573791,,-42.54137607631194,452552412.0,13.0,13.0,114113.0,3288.5761437906012383,8777.92307692308,252.967395676200183926441099628,20.0,0.576371867147582,114113.0,3288.5761437906012383,0.08940063285728518,0.0977179291212918,0.08879513865465917
2015-02-07,14.0,13701277.17040043410371,0.0,0.0,1559.81019739,197.63467139618186,0.00013241171742117873,0.0302755588238925,,-40.315770941175835,452552412.0,12.0,12.0,290133.0,8783.9387082524027025,24177.75,731.994892354366891875,1684.5,50.99917883884691625,290133.0,8783.9387082524027025,0.08946692997700388,0.0983615933021872,0.08906575427410775
2015-02-08,8.0,13517199.7843091196090168,0.0,0.0,14809.62144119,195.00682629583017,0.0001333214597852807,0.0298688050839714,,-39.81141834040939,452552412.0,6.0,6.0,30558.0,912.7309457559980412,5093.0,152.1218242926663402,20.0,0.597376101679428,30558.0,912.7309457559980412,0.08875811880193624,0.0983596156655272,0.08894661573175845
2015-02-09,23.0,13537784.888825953633098,0.0,0.0,106784.42944785,196.57257585814338,0.00013550072854858018,0.0299142917590415,,-35.11015595923255,452552412.0,23.0,23.0,4238.0,126.776768474817877,184.260869565217,5.5120334119485916422336595055,20.0,0.59828583518083,4238.0,126.776768474817877,0.08874340469440672,0.09781991463213265,0.08773681568325277
2015-02-10,7.0,12897286.513470502897026,0.0,0.0,2268.00114264,189.39115344506857,0.00012901999999999952,0.0284989896672355,,-38.976476948633696,452552412.0,5.0,5.0,199538.0,5686.631400220837199,39907.6,1137.3262800441674398,25460.0,725.58427692781583,199538.0,5686.631400220837199,0.08880636860834047,0.09786996986263262,0.08731621846736362
2015-02-11,4.0,13168064.3057929982783676,0.0,0.0,2256.01657045,194.1279652954095,0.0001325643424897722,0.0290973243244873,,-42.19974654647359,452552412.0,2.0,2.0,200598.0,5836.8650648435034054,100299.0,2918.4325324217517027,100299.0,2918.4325324217517027,200598.0,5836.8650648435034054,0.08808639636044485,0.09661379259670697,0.08717969067626055
2015-02-12,9.0,13593601.0003143133896528,0.0,0.0,7864.73205658,202.47357214276067,0.00013495009608020683,0.0300376279959244,,-22.786824344209023,452552412.0,8.0,8.0,57542.0,1728.4251901414818248,7192.75,216.0531487676852281,1002.0,30.0977032519162488,57542.0,1728.4251901414818248,0.08782647175031977,0.08571101444254806,0.08734320563949997
2015-02-13,3.0,14253876.7413772534508808,0.0,0.0,1508.50804,211.97680230128304,0.0001331469783752194,0.0314966319113934,,9.771737014873873,452552412.0,2.0,2.0,300000.0,9448.98957341802,150000.0,4724.49478670901,150000.0,4724.49478670901,300000.0,9448.98957341802,0.0875840759952148,0.06554088146300226,0.08513509700877514
2015-02-14,6.0,16206346.4367014824176576,0.0,0.0,2156.18198451,241.07578399380242,0.00013900284375778613,0.0358109823458448,,1.7102360647637265,452552412.0,4.0,4.0,209886.0,7516.2238406399816928,52471.5,1879.0559601599954232,52604.5,1883.8188208119927816,209886.0,7516.2238406399816928,0.08807171209566396,0.058560719820039325,0.086698368264476
2015-02-15,11.0,14294851.895551628097528,0.0,0.0,372.50699203,212.11506436207642,0.00013473124211022108,0.031587174250994,,-6.703333688226722,452552412.0,8.0,8.0,1214883.0,38374.721015570343702,151860.375,4796.84012694629296275,5674.5,179.241420287265453,1214883.0,38374.721015570343702,0.0880846142938396,0.06256530545460265,0.0879847002609993
2015-02-16,20.0,13860705.5497002320775456,0.0,0.0,390.74141785,205.1326146118768,0.00013028351074065636,0.0306278459293688,,0.3229932727333344,452552412.0,20.0,20.0,1158189.0,35472.8342490897211032,57943.0,1774.6692766854163784,3100.5,94.9616363040079644,1158860.0,35493.385533708327568,0.0873761619217022,0.059863955923126974,0.08801598961898133
2015-02-17,11.0,13542541.2781392180670236,0.0,0.0,304.51205122,201.07826673625692,0.00012269000000000028,0.0299248018992753,,-3.1403749702725317,452552412.0,10.0,10.0,1486156.0,44472.9238914193827468,148615.6,4447.29238914193827468,84892.0,2540.3762828332787676,1486156.0,44472.9238914193827468,0.08730572278476262,0.059968647210681646,0.0880405586266957
2015-02-18,18.0,13494354.510892317114936,0.0,0.0,402.93822537,200.99283199221657,0.0001263513836521496,0.029818324138978,,-2.483794125898711,452552412.0,19.0,19.0,1123131.0,33489.884208534500118,61555.5789473684,1835.4842056150811495089654952,30160.0,899.32065603157648,1169556.0,34874.199906686553768,0.08682185336921824,0.059945367838840406,0.08803633051147451
2015-02-19,4.0,14634729.5225637478186812,0.0,0.0,9139.14964255,223.2884049472718,0.00013369949430812108,0.0323381980396201,,13.147873653794164,452552412.0,2.0,2.0,49518.0,1601.3228905259081118,24759.0,800.6614452629540559,24759.0,800.6614452629540559,49518.0,1601.3228905259081118,0.0862758694779057,0.060384039184821846,0.0885546809131455
2015-02-20,2.0,14333905.2498028176995088,0.0,0.0,21550114.85714286,218.76463143615086,0.00012900000000000026,0.0316734700108124,,-0.05309751986304118,452552412.0,2.0,2.0,21.0,0.6651428702270604,10.5,0.3325714351135302,10.5,0.3325714351135302,21.0,0.6651428702270604,0.08528764687750337,0.05753935971495607,0.08824485396138523
2015-02-21,9.0,13884563.1413543450667804,0.0,0.0,3692.1353327,215.94799996674715,0.00012492289554426523,0.0306805637826417,,-3.6353399545654996,452552412.0,7.0,7.0,122572.0,3760.5780639659584524,17510.2857142857,537.22543770942219776337453369,11674.0,358.1649015985592058,122572.0,3760.5780639659584524,0.08513158438641104,0.05782245997637573,0.08712589023909623
2015-02-22,4.0,12561988.2646629714282888,0.0,0.0,4291.63027027,195.9563919896151,0.00011727578901227369,0.0277580848793774,,-19.5167344589672,452552412.0,3.0,3.0,105450.0,2927.09005053034683,35150.0,975.69668351011561,45220.0,1255.220598245446028,105450.0,2927.09005053034683,0.08529237354219478,0.05844430288605933,0.08714194044683843
2015-02-23,16.0,13246027.1722023211354908,0.0,0.0,547.19663667,210.3363178495504,0.00012243311811545172,0.0292695979978609,,-15.860067415996653,452552412.0,16.0,16.0,827038.0,24207.0697889548830142,51689.875,1512.9418618096801883875,19698.5,576.56717616086293865,827038.0,24207.0697889548830142,0.08535402861347618,0.059414168145890796,0.08744703890584996
2015-02-24,8.0,12847352.4031525938836376,0.0,0.0,2616.93851919,203.97755217139314,0.00011835051548801882,0.0283886508225098,,-17.99767229900346,452552412.0,7.0,7.0,172932.0,4909.3061640382647336,24704.5714285714,701.32945200546557940997649972,12275.0,348.470688846307795,172932.0,4909.3061640382647336,0.08538721917208308,0.05958579403703855,0.08739800480012973
2015-02-25,11.0,12294253.9165438443553284,0.0,0.0,1543.35704201,200.77344354712517,0.00011403172746324602,0.0271664752867207,,-22.079889667145792,452552412.0,10.0,10.0,293226.0,7965.9168824239639782,29998.0,814.9399256510475586,11383.0,309.2359881887417281,299980.0,8149.399256510475586,0.08530588951846868,0.05991023151233881,0.08605332518539492
2015-02-26,4.0,13088232.2872167079119504,0.0,0.0,8835.46294416,216.52511792850933,0.00012200634190949209,0.0289209204064892,,-15.749054550899805,452552412.0,3.0,3.0,51220.0,1481.329543220376824,20406.6666666667,590.17958242842390536401354964,10000.0,289.209204064892,61220.0,1770.538747285268824,0.08533640078242377,0.061267876343174786,0.0860041803934453
2015-02-27,12.0,13750537.0511792548071768,0.0,0.0,6686.05637798,228.56998494762823,0.00011910000000000017,0.0303844078311514,,1.1069429488218283,452552412.0,11.0,11.0,67686.0,2056.5990284593136604,6153.27272727273,186.963548041755870175657721322,3962.0,120.3830238270218468,67686.0,2056.5990284593136604,0.08535242443085245,0.057107779669005584,0.08628936702891976
2015-02-28,5.0,13878613.2299638528504956,0.0,0.0,4598.92292996,234.12687863708257,0.0001202886956256216,0.0306674163300313,,0.8317023926486511,452552412.0,4.0,4.0,98404.0,3017.7964365404000452,24601.0,754.4491091351000113,22882.0,701.7318204637762066,98404.0,3017.7964365404000452,0.08523821071708977,0.057090802553573815,0.08631872093049028
2015-03-01,19.0,14835626.5147109547377304,0.0,0.0,386.78404053,248.89703753167356,0.00012577000000000015,0.0327821178748042,,10.193334409536643,452552412.0,17.0,17.0,1170039.0,38356.3564161180313638,68825.8235294118,2256.25625977165006076886616956,14223.0,466.2600625333401366,1170039.0,38356.3564161180313638,0.08531158421294338,0.05818156636102987,0.08652539511815678
2015-03-02,13.0,14392060.025776018562808,0.0,0.0,1342.37165002,242.446886087138,0.00011509001578024537,0.031801973968434,,8.218083594272201,452552412.0,11.0,11.0,337129.0,10721.367682004185986,53440.7272727273,1699.5206175814545065992900482,4080.0,129.75205379121072,587848.0,18694.726793395990032,0.08534721090175793,0.05844090036517323,0.08653250212943167
2015-03-03,13.0,14539791.3328988998556424,0.0,0.0,2405.36406882,249.5082543963895,0.00011364606850496154,0.0321284141844302,,2.111750643489064,452552412.0,13.0,13.0,188143.0,6044.7362299012511186,19430.0,624.255087603478786,14947.0,480.2234068146781994,252590.0,8115.316138845224218,0.0852217423833206,0.057138226533592365,0.08634011333635366
2015-03-04,13.0,14035010.1661565452466472,0.0,0.0,222.43049397,242.7811307458144,0.00011341482641729977,0.0310130048896006,,-1.6724491726549697,452552412.0,12.0,12.0,2034579.0,63098.4084752786991474,173730.75,5387.91259922397943845,10843.5,336.2895185203841061,2084769.0,64654.9511906877532614,0.08522801252225884,0.05751347937935595,0.08349289458430804
2015-03-05,12.0,13070412.147424653431124,0.0,0.0,218.79717168,223.93748298122242,0.00010454145558153097,0.028881543443027,,-10.172244054382322,452552412.0,11.0,11.0,2068365.0,59737.573603536540855,188124.090909091,5433.314104270872430594858457,2500.0,72.2038586075675,2069365.0,59766.455146979567855,0.08535831082139114,0.05879631463789799,0.08273136598737285
2015-03-06,19.0,12368903.495148772474968,0.0,0.0,157.72943734,214.57655856650334,0.00009999859555815311,0.027331427625114,,-14.431731121650124,452552412.0,21.0,21.0,2869169.0,78418.484867720710266,176005.666666667,4810.486140109948756475875038,35000.0,956.59996687899,3696119.0,101020.208942308732566,0.0854370452922885,0.059546260497992706,0.08072211605053241
2015-03-07,6.0,12498693.6468394392954276,0.0,0.0,475.91158009,225.24926146861762,0.00009992000000000025,0.0276182234707423,,-1.979337183049086,452552412.0,5.0,5.0,950917.0,26262.6382081278556891,190183.4,5252.52764162557113782,7290.0,201.336849101711367,950917.0,26262.6382081278556891,0.08509520808514955,0.055086396295089574,0.07904851213394537
2015-03-08,14.0,10221339.237933985575336,0.0,0.0,260.18493816,184.81030057365464,0.00008203000000000013,0.022585978920678,,-21.627059861702854,452552412.0,15.0,15.0,1739349.0,39284.899849702358622,115994.733333333,2619.854601976324900540359774,49990.0,1129.07308624469322,1739921.0,39297.819029644986438,0.0864373441770224,0.06591161905828459,0.08280125933142717
2015-03-09,15.0,11425644.0278249642884056,0.0,0.0,559.93300389,265.9687159158894,0.00008701999999999999,0.0252471177367738,,-16.608912543508247,452552412.0,16.0,16.0,808226.0,20405.3769799217412788,56581.625,1428.522948112983861425,5591.0,141.1566352663023158,905306.0,22856.3671698077417828,0.08639423483045111,0.0686920747326714,0.08429961339363505
2015-03-10,13.0,11958649.8454856238262548,0.0,0.0,1258.22942998,279.16605305082805,0.00009039703097603747,0.0264248947268579,,-11.530124313414927,452552412.0,25.0,25.0,359674.0,9504.3475859878883246,14528.96,383.926238490729354784,3411.0,90.1353159133122969,363224.0,9598.1559622682338696,0.08643981923850279,0.06931554503933043,0.08460989490634992
2015-03-11,15.0,13406787.7894206174385896,0.0,0.0,2142.45263243,313.77198207310136,0.00009984999999999978,0.0296248289345558,,-0.9676405740015891,452552412.0,15.0,15.0,211231.0,6257.6822406751561898,14242.0,421.9168136859437036,2490.0,73.765824047043942,213630.0,6328.752205289155554,0.08684032673155385,0.07261030392604569,0.08570420852181539
2015-03-12,14.0,12653444.6766194668135428,0.0,0.0,286.55797425,294.7001850886133,0.00009452380829924025,0.0279601750893319,,-1.890644490190678,452552412.0,14.0,14.0,1579270.0,44156.665713329189713,112821.0,3154.4949137535142899,2000.0,55.9203501786638,1579494.0,44162.9287925492000586,0.08663055799674928,0.07284414583174896,0.08590661431343395
2015-03-13,15.0,11795580.1213374020333112,0.0,0.0,1488.37528366,274.3978426422378,0.00009116319059005565,0.0260645613824226,,-10.422824134081738,452552412.0,16.0,16.0,304058.0,7925.1384048166509108,19003.625,495.321150301040681925,3883.0,101.2086918479469558,304058.0,7925.1384048166509108,0.086754673979944,0.07380942243967192,0.0855568584058327
2015-03-14,18.0,11457931.070127826668072,0.0,0.0,40.12988446,248.8156611391277,0.00008927263939216833,0.025318462052806,,-15.710847553470972,452552412.0,15.0,15.0,11277192.0,285521.157714207400752,762394.8,19302.6638130566198088,158651.0,4016.799323139724706,11435922.0,289539.957195849297132,0.08678414288535985,0.073636837143944,0.07923599489465756
2015-03-15,6.0,11186912.6672084523837732,0.0,0.0,7919.23165226,243.18496261671996,0.00008605000000000006,0.0247195957210111,,-21.5167012442712,452552412.0,4.0,4.0,57146.0,1412.6260170729003206,14286.5,353.15650426822508015,13577.5,335.63031090202821025,57146.0,1412.6260170729003206,0.086687770909048,0.07301147441514266,0.06901711782966033
2015-03-16,9.0,11861950.2944525837904624,0.0,0.0,3230.94791101,259.62948257932015,0.0000899517083224702,0.0262112188111652,,-26.80675844624932,452552412.0,9.0,9.0,140068.0,3671.3529964422872336,15564.2222222222,407.95723429226596037291530744,1990.0,52.160325434218748,140078.0,3671.6151086303988856,0.08672209326799699,0.0695436265462613,0.06397945014015699
2015-03-17,5.0,11699757.1329065066267004,0.0,0.0,8753.43156673,264.91752148806984,0.0000906326651081238,0.0258528223973017,,-18.154051413800804,452552412.0,3.0,3.0,51700.0,1336.59091794049789,17233.3333333333,445.53030598016510157258675661,13181.0,340.7660520188337077,51700.0,1336.59091794049789,0.086714656300326,0.06607207073921412,0.06383292843726202
2015-03-18,11.0,10896035.1768709951864068,0.0,0.0,2014.9620296,248.663041440424,0.00009358003156049095,0.0240768469860039,,-21.389029311667006,452552412.0,9.0,9.0,224596.0,5407.5635256685319244,41621.7777777778,1002.12117484101352664104413342,8517.0,205.0625057797952163,374596.0,9019.0905735691169244,0.08687875204235215,0.06698457748522813,0.06311671981749478
2015-03-19,9.0,11545784.6309304753048912,0.0,0.0,1084.53715877,301.85862780419063,0.00009734176855640007,0.0255125910828876,,-14.744327568947254,452552412.0,9.0,9.0,417277.0,10645.8174692940890652,46364.1111111111,1182.86860769934294599343241236,20930.0,533.978531364837468,417277.0,10645.8174692940890652,0.08658618309250496,0.06798049688178825,0.0635905078605242
2015-03-20,11.0,10141256.1579840768558288,0.0,0.0,1095.83753941,265.92846433808404,0.000085216257232534,0.0224090202351724,,-24.848156688055735,452552412.0,9.0,9.0,412974.0,9254.3427226000867176,45886.0,1028.2603025111207464,33089.0,741.4920705616195436,412974.0,9254.3427226000867176,0.0864915977482633,0.07166945575121093,0.06565186243606425
2015-03-21,5.0,10347212.5494178810893264,0.0,0.0,38498.71646108,271.45765811476866,0.00008754017752345296,0.0228641197683372,,-29.296865148996392,452552412.0,5.0,5.0,11755.0,268.767727876803786,2351.0,53.7535455753607572,1697.0,38.8004112468682284,11755.0,268.767727876803786,0.08644367198835244,0.06985092797013241,0.06521425379268692
2015-03-22,8.0,10952197.1300871598730664,0.0,0.0,7456.66428301,288.0208389121462,0.00009000000000000002,0.0242009474254822,,-23.592371100417168,452552412.0,7.0,7.0,60691.0,1468.7797001999402002,8670.14285714286,209.825671457134383459849787092,2222.0,53.7745051794214484,60691.0,1468.7797001999402002,0.08610435484698978,0.07092626350873554,0.06418988169667744
2015-03-23,9.0,11045091.5079681128040816,0.0,0.0,2642.08640519,290.77075623429215,0.00009148511396843944,0.0244062150926468,,-20.450565167074185,452552412.0,8.0,8.0,171286.0,4180.4429583590997848,21433.5,523.1106111882451878,5535.5,135.1006036453463614,171468.0,4184.8848895059615024,0.08426775668137441,0.07085954353781801,0.06420091774066046
2015-03-24,14.0,10832112.6065546322889584,0.0,0.0,1024.97341493,295.92867513709257,0.00009696999999999992,0.0239355979977732,,-13.770715444580542,452552412.0,13.0,13.0,441526.0,10568.1888415648099032,53194.3076923077,1273.23756469293171513536921364,1161.0,27.7892292754146852,691526.0,16552.0883410081099032,0.08425680329575415,0.06872809410580981,0.06326144240943515
2015-03-25,18.0,9759618.4868341063187712,0.0,0.0,244.40916647,264.349610787596,0.00008741000000000032,0.0215657197443776,,-26.320410188231218,452552412.0,25.0,25.0,1851618.0,39931.4748616449629568,102581.16,2212.236547613157686016,11000.0,237.2229171881536,2564529.0,55305.9136903289421504,0.08442486330800082,0.07013877497565654,0.06448347263175103
2015-03-26,17.0,9557791.5458192531159796,0.0,0.0,1370.41165729,260.43721456199944,0.0000846370842963423,0.0211197450115883,,-25.60497100185499,452552412.0,15.0,15.0,330231.0,6974.3945149218158973,35348.7333333333,746.55623448263102249516628039,7567.0,159.8131105026886661,530231.0,11198.3435172394758973,0.08440608939167896,0.07006410995985689,0.06450357003589875
2015-03-27,12.0,10015728.8880358951170228,0.0,0.0,2344.19955245,277.20658921078416,0.000089464558954934,0.0221316440316219,,-18.533251744880904,452552412.0,11.0,11.0,193052.0,4272.5581435926710388,19762.7272727273,437.38164509402649822665540787,24000.0,531.1594567589256,217390.0,4811.198096034284841,0.0842913527353591,0.07049819353285373,0.06486631926067613
2015-03-28,13.0,8995413.5861337181110456,0.0,0.0,297.5691658,246.97756379771423,0.00007849361466562804,0.0198770647279938,,-31.270981529571802,452552412.0,26.0,26.0,1520831.0,30229.6562273395388478,72535.1538461538,1441.78594805498751848932024644,10995.0,218.548326684291831,1885914.0,37486.4346494296993332,0.08441960115575715,0.07155181501834496,0.06613034213098562
2015-03-29,6.0,8939464.6271070139239864,0.0,0.0,978.39439104,247.46021458926464,0.0000813006910386002,0.0197534349393922,,-34.98825104914459,452552412.0,4.0,4.0,462546.0,9136.8723174761045412,115636.5,2284.2180793690261353,100000.0,1975.34349393922,462546.0,9136.8723174761045412,0.08435729220444027,0.07060798806502543,0.06409832789390849
2015-03-30,10.0,7931395.9565048739450972,0.0,0.0,652.81994498,219.14823454493873,0.00007057313851548813,0.0175259168798881,,-42.85166806593449,452552412.0,9.0,9.0,693227.0,12149.4387808941878987,132580.777777778,2323.5996912042525500593066418,32119.0,562.9149242651258839,1193227.0,20912.3972208382378987,0.08478955314221917,0.07300300057983189,0.06567104296526874
2015-03-31,9.0,7973637.0227255949467988,0.0,0.0,379.27179198,220.48715090359542,0.0000719998264172998,0.0176192564911699,,-46.25345269497743,452552412.0,6.0,6.0,1193214.0,21023.5435148548010586,198869.0,3503.9239191424668431,86455.5,1523.28162957233928945,1193214.0,21023.5435148548010586,0.08471267276277639,0.07137096207313204,0.0656750339446166
2015-04-01,14.0,8776891.7129465327942004,0.0,0.0,407.82979651,241.14203542035565,0.00007846000000000032,0.0193941993904267,,-39.01573716877766,452552412.0,15.0,15.0,1109660.0,21520.967295580891922,73977.3333333333,1434.73115303872548166002031911,13505.0,261.9186627677125835,1109660.0,21520.967295580891922,0.08471567915475536,0.07444253573463333,0.06704870441199301
2015-04-02,17.0,8328991.8942732173094072,0.0,0.0,1041.57392247,229.76665825459605,0.00007256426709526589,0.0184044801738306,,-42.71587739070662,452552412.0,15.0,15.0,434489.0,7996.5441862474835634,39860.3333333333,733.60871455561171271732753898,30157.0,555.0239086022094042,597905.0,11004.130718334184893,0.08452327062485446,0.07454554748377268,0.06656226502046524
2015-04-03,11.0,8995478.3959902269314608,0.0,0.0,667.75129182,247.50602989096333,0.0000780008679135008,0.0198772079376084,,-35.90686227159593,452552412.0,11.0,11.0,677726.0,13471.3006267235904984,61611.4545454545,1224.6636933385073236178210178,38600.0,767.26022639168424,677726.0,13471.3006267235904984,0.08427181655367326,0.07647011659114515,0.0674676931477349
2015-04-04,8.0,8941072.1311766980442928,0.0,0.0,5306.29191192,246.9322825460818,0.00007780000000000021,0.0197569870231444,,-31.593036008903404,452552412.0,6.0,6.0,85286.0,1684.9943952558932984,14214.3333333333,280.83239920931489116709922852,7138.0,141.0253733712047272,85286.0,1684.9943952558932984,0.08407007909088517,0.07573541678152373,0.06737572503599422
2015-04-05,9.0,9235437.6905116917550596,0.0,0.0,661.75791093,254.2409606735269,0.00007815585902637645,0.0204074433051783,,-25.333416222917922,452552412.0,9.0,9.0,683864.0,13955.9158084524529512,87096.0,1777.4066821078092168,99990.0,2040.540256084778217,783864.0,15996.6601389702829512,0.08376394154148856,0.07572787014650251,0.06757834148514033
2015-04-06,12.0,9313701.013954187495346,0.0,0.0,761.71758278,259.2566607186912,0.00008027690707188755,0.0205803808950955,,-25.482604205525472,452552412.0,11.0,11.0,594121.0,12227.2364777750335555,54011.0,1111.5669525250030505,37488.0,771.517318995340104,594121.0,12227.2364777750335555,0.08374232474981977,0.07571037323418171,0.06580443242267751
2015-04-07,19.0,9793839.7783949631168936,0.0,0.0,94.95735429,269.119792201023,0.00008492397662185857,0.0216413381493478,,-4.182421203206546,452552412.0,18.0,18.0,4765849.0,103139.3497777310632822,265041.055555556,5735.8431067378637308280663768,26618.0,576.0491388593397404,4770739.0,103245.1759212813740242,0.08377558088571317,0.06724111707261061,0.06609939909958708
2015-04-08,15.0,9998202.3359578847524284,0.0,0.0,177.14662636,270.13770652383926,0.00008987245762711874,0.0220929158056457,,-12.493314936040536,452552412.0,14.0,14.0,2554677.0,56440.2638716195399389,182476.928571429,4031.4474194014051783139167053,12768.5,282.09339546438712045,2554677.0,56440.2638716195399389,0.08355692054582065,0.06395236031819652,0.06580471090064392
2015-04-09,11.0,9898163.2055463243467472,0.0,0.0,1099.99273724,268.29570682413583,0.00008969000000000008,0.0218718604587756,,-17.2300942544708,452552412.0,9.0,9.0,411414.0,8998.3895987867046984,45712.6666666667,999.82106653185680666201529252,26656.0,583.0163123891223936,411414.0,8998.3895987867046984,0.0834783887245286,0.06325403974419715,0.06579883983769913
2015-04-10,9.0,9716168.285378065217382,0.0,0.0,2547.29490037,265.79716455703795,0.00009102274693161867,0.0214697083204985,,-27.527992252960427,452552412.0,8.0,8.0,177660.0,3814.30838021976351,22207.5,476.78854752747043875,871.5,18.71085080131444275,177660.0,3814.30838021976351,0.08342539542962563,0.05902838269423186,0.0658151677479095
2015-04-11,10.0,9832015.4517383033981616,0.0,0.0,1099.19121526,272.1596939804349,0.0000915116457392409,0.0217256945074868,,-22.29771652690345,452552412.0,9.0,9.0,411714.0,8944.7725884554203752,45746.0,993.8636209394911528,14341.0,311.5681849318681988,411714.0,8944.7725884554203752,0.08321812241329285,0.05847959248267901,0.0656085196281052
2015-04-12,6.0,10379307.070395664830624,0.0,0.0,4168.76150998,290.48529196015784,0.00009671475862068997,0.022935038672152,,-12.006811334186068,452552412.0,5.0,5.0,108558.0,2489.781928171476816,21711.6,497.9563856342953632,25960.0,595.39360392906592,108558.0,2489.781928171476816,0.08269168384707107,0.058356210114738405,0.06596742519210952
2015-04-13,13.0,11420764.5964803652202448,0.0,0.0,296.87248229,374.51046060102686,0.00011191000000000013,0.0252363357119404,,-0.3243733394797417,452552412.0,11.0,11.0,1524400.0,38470.27015928194576,234035.454545455,5906.197299405670230698050882,200000.0,5047.26714238808,2574390.0,64968.170293462246356,0.08252133193839266,0.06091331043840207,0.06705931887950206
2015-04-14,14.0,10725438.6702984088939488,0.0,0.0,4764.16094156,374.9338528858021,0.00010784573991817631,0.0236998817946824,,-4.125123799908936,452552412.0,13.0,13.0,94991.0,2251.2754715586758584,7768.53846153846,184.113443255905368030951085104,3852.0,91.2919446731166048,100991.0,2393.4747623267702584,0.08261342413001718,0.06184418638388195,0.06716709570864993
2015-04-15,11.0,10118371.5078085334127108,0.0,0.0,206.79961176,358.4285182508552,0.00010012118136836032,0.0223584522797959,,-14.698921706487514,452552412.0,12.0,12.0,2188362.0,48928.3873479187153158,182363.5,4077.36561232655960965,5000.0,111.7922613989795,2188362.0,48928.3873479187153158,0.08254337285761947,0.061614760338772535,0.0651905582763926
2015-04-16,8.0,11304898.898711340073866,0.0,0.0,2443.2445337,402.7249298552483,0.00010932597253068371,0.0249803085763055,,-3.3749267588178906,452552412.0,7.0,7.0,185226.0,4627.002636354762543,26460.8571428571,661.00037662210786412963244405,19990.0,499.356368440346945,185226.0,4627.002636354762543,0.0828869721708515,0.06512687825007242,0.06510266975561467
2015-04-17,5.0,10904222.9479520716660476,0.0,0.0,7469.58723137,389.2063043130813,0.00010815329982466384,0.0240949394121273,,0.07514449933547593,452552412.0,3.0,3.0,60586.0,1459.8159992231445978,20195.3333333333,486.60533307438072943535292909,10981.0,264.5865296845698813,60586.0,1459.8159992231445978,0.0826698883869151,0.06413354271924783,0.065142947971863
2015-04-18,10.0,10882655.6377765616471484,0.0,0.0,391.86878722,389.34929872040954,0.0001076432090632656,0.0240472823682057,,-5.7434727422286205,452552412.0,10.0,10.0,1154857.0,27771.1723738989300849,224048.8,5387.76475785764523816,9015.5,216.79827419055848835,2240488.0,53877.6475785764523816,0.08225707095063901,0.06319445913707612,0.06509440706199776
2015-04-19,23.0,10877728.5563505117976872,0.0,0.0,1294.02362428,444.1322934019982,0.00010764936353009939,0.0240363950515206,,7.262141759298912,452552412.0,34.0,34.0,349725.0,8406.128259393041835,10379.0588235294,249.47515814532329053652880564,2997.5,72.0490941669329985,352888.0,8482.1553769410014928,0.08186024095784247,0.05841036468561759,0.06509571133629237
2015-04-20,7.0,10052097.6878040217819632,0.0,0.0,3208.8633218,410.61696297430615,0.00009876616770467325,0.0222120077614436,,-2.8521194496044453,452552412.0,6.0,6.0,141032.0,3132.6038786119137952,23505.3333333333,522.10064643531822546640795188,23002.5,510.931708532606409,141032.0,3132.6038786119137952,0.082069317103149,0.06014464001004447,0.06484427998708707
2015-04-21,9.0,11012104.9613395549250964,0.0,0.0,1527.58760924,449.7161741613923,0.00010357279193454116,0.0243333250897347,,0.5469937268369798,452552412.0,7.0,7.0,296253.0,7208.8205578091740791,51371.8571428571,1250.04810032055143201463901137,63350.0,1541.516144434693245,359603.0,8750.3367022438673241,0.08231678467405924,0.061594329313165094,0.06602050522272838
2015-04-22,13.0,10528607.1731586650601216,0.0,0.0,922.86254509,434.06650513382846,0.00009949835247449514,0.0232649454383168,,-4.676143556047914,452552412.0,11.0,11.0,490379.0,11408.6406790963540672,60852.6363636364,1415.73326477773368847074321152,33197.0,772.3263937158028096,669379.0,15573.0659125550612672,0.08212955243027217,0.0621153307968315,0.06613387936339704
2015-04-23,8.0,10672867.4741931656807484,0.0,0.0,501.93253477,463.08860826981805,0.0000999592530683812,0.0235837158110057,,-1.470120724789225,452552412.0,6.0,6.0,901620.0,21263.549849518959234,200270.0,4723.110765470111539,300000.0,7075.11474330171,1201620.0,28338.664592820669234,0.08206153026220216,0.06208068431217081,0.06497009437210086
2015-04-24,6.0,10143891.23582649900228,0.0,0.0,350.43306342,453.59166473022094,0.0000968416972998327,0.02241484293719,,3.937374698721923,452552412.0,5.0,5.0,1291409.0,28946.72990267360071,258281.8,5789.345980534720142,79046.0,1771.80367481312074,1291409.0,28946.72990267360071,0.08213833644268323,0.05972275278507565,0.06484327647041929
2015-04-25,15.0,10163388.165034671753108,0.0,0.0,1210.88793159,455.1878463693519,0.00009917563471653976,0.022457925083459,,6.336156384163013,452552412.0,15.0,15.0,373736.0,8393.335088991632824,36562.4,821.1156400714613416,4700.0,105.5522478922573,548436.0,12316.734601071920124,0.0820711972103433,0.05957560553442726,0.06475710288995123
2015-04-26,24.0,9388040.6591089827396324,0.0,0.0,70.40426378,415.62984112724564,0.00009407858445353582,0.0207446483770127,,-6.2670249558841915,452552412.0,23.0,23.0,6427912.0,133344.7742383804584824,288210.739130435,5978.8304417398090904409515245,16994.0,352.5345545189538238,6628847.0,137513.1001600155053569,0.08228657366681864,0.06074864223436143,0.06528675342260096
2015-04-27,10.0,9765236.8398298042812444,0.0,0.0,10704.45897296,439.1031790828369,0.0000949215464640561,0.0215781345561137,,8.557952853693747,452552412.0,9.0,9.0,42277.0,912.2587946288188949,4697.44444444444,101.362088292090892419401972828,4381.0,94.5338074903341197,42277.0,912.2587946288188949,0.08220086765178454,0.05781790054285465,0.06495071362016858
2015-04-28,12.0,9332942.1299621225979468,0.0,0.0,4299.86709486,420.1046517240674,0.00009143407443087773,0.0206228977737989,,4.40157793859347,452552412.0,8.0,8.0,105248.0,2170.5187448967866272,13156.0,271.3148431120983284,13603.0,280.5332784169864367,105248.0,2170.5187448967866272,0.08204211553215289,0.05846263328837673,0.06475994152220337
2015-04-29,9.0,9812379.53052743968374,0.0,0.0,657.7557676,448.32353492899034,0.00009608000000000025,0.021682305232145,,23.71566851961151,452552412.0,7.0,7.0,688025.0,14917.968057346563625,99716.5714285714,2162.085138417274283362707653,9991.0,216.627911574360695,698016.0,15134.59596892092432,0.08188957001165174,0.054413742733267226,0.06514133517823646
2015-04-30,9.0,10331653.1910635401534332,0.0,0.0,11648.41090319,498.06455170522946,0.00009660192928112203,0.0228297384283161,,29.572655008214994,452552412.0,8.0,8.0,38851.0,886.9581676785088011,5018.625,114.5738960198078873625,2572.0,58.7180872376290092,40149.0,916.5911681584630989,0.08174094926080605,0.05501354545097916,0.06488508614333875
2015-05-01,14.0,10692051.0799246228062576,0.0,0.0,345.76391758,510.6510324278841,0.00010151000000000016,0.0236261056098948,,21.820473917356136,452552412.0,14.0,14.0,1308848.0,30922.9810752995891904,179203.428571429,4233.8791290838207819309756692,2504.0,59.1597684471765792,2508848.0,59274.3078071733491904,0.08052140827975073,0.05274208458188397,0.06501090542318869
2015-05-02,9.0,9463665.6272826275313576,0.0,0.0,469.02990147,447.3210642413978,0.00008878215663354754,0.0209117560228198,,13.623182101900962,452552412.0,7.0,7.0,964869.0,20177.1051219821176062,137838.428571429,2882.4435888545971916382954942,23800.0,497.69979334311124,964869.0,20177.1051219821176062,0.08092032398359297,0.05680434571839129,0.0667079024795421
2015-05-03,12.0,10382849.3537772113892756,0.0,0.0,6812.77811733,498.88835840335986,0.00009541071537112816,0.0229428660160963,,15.422981377015041,452552412.0,12.0,12.0,66427.0,1524.0257608512289201,6923.91666666667,158.854492389949516317886720321,3650.0,83.741460958751495,83087.0,1906.2539086793932781,0.08121228178111535,0.0575655049564206,0.06782956394225562
2015-05-04,6.0,10349754.6486804139752888,0.0,0.0,437.77234218,497.00500913793377,0.00009569862132704115,0.0228697370166274,,15.755185696263077,452552412.0,5.0,5.0,1033762.0,23641.8650777827742788,210752.4,4819.85196362306445576,20000.0,457.394740332548,1053762.0,24099.2598181153222788,0.08111556208972916,0.057549218961468064,0.06727083252516822
2015-05-05,22.0,9764924.6101283708759616,0.0,0.0,1199.18600467,481.0533741957261,0.00009142079193454118,0.0215774446256368,,5.733208726649348,452552412.0,20.0,20.0,377383.0,8142.9607851566924944,19109.15,412.32662596798745672,16575.5,357.6569333922427784,382183.0,8246.5325193597491344,0.0812304897939994,0.05842454649069599,0.06731069910664583
2015-05-06,2.0,9255315.1314931571087304,0.0,0.0,4310022.97142857,458.1109521296257,0.00008911999999999987,0.0204513662640542,,-0.6268816485901129,452552412.0,1.0,1.0,105.0,2.147393457725691,105.0,2.147393457725691,105.0,2.147393457725691,105.0,2.147393457725691,0.08131883736099199,0.05927530991179691,0.06758598009116228
2015-05-07,11.0,9056233.9035506612861028,0.0,0.0,843.57449997,446.4286260278173,0.00008439000000000024,0.0200114587027119,,-7.5313247054689265,452552412.0,9.0,9.0,536470.0,10735.547250243852993,59607.7777777778,1192.83858336042855503241561582,21178.0,423.8026724060326182,536470.0,10735.547250243852993,0.0813208114817418,0.058615143312117854,0.06254179309491151
2015-05-08,11.0,9410343.0322962358848576,0.0,0.0,427.87554566,460.55239164123134,0.00008508729924021017,0.0207939296814448,,-5.879650000155046,452552412.0,10.0,10.0,1057673.0,21993.1779879627659504,105767.3,2199.31779879627659504,27520.5,572.2593417982016184,1057673.0,21993.1779879627659504,0.08136034084213628,0.058945614413741104,0.06098884028752296
2015-05-09,6.0,9612228.4102704521108304,0.0,0.0,446.19238573,465.2139178426945,0.00008751344389856037,0.0212400335417292,,-2.888766221955721,452552412.0,6.0,6.0,1014254.0,21542.7889798330080168,169847.333333333,3607.5630569732529287888194236,7107.0,150.9529183810694244,1019084.0,21645.3783418395600528,0.08125366852584871,0.05907510654808884,0.06073879499275154
2015-05-10,17.0,8796535.0347832393928232,0.0,0.0,970.35956396,423.6992778799415,0.00008074392556272479,0.0194376050188486,,-9.464978616918243,452552412.0,19.0,19.0,466376.0,9065.2324782705346736,32715.2105263158,635.90534031900454278531598788,21987.0,427.3746215494241682,621589.0,12082.2014660610824254,0.08144035396658848,0.06114558056708308,0.05970211385155812
2015-05-11,7.0,8770459.8515922886009824,0.0,0.0,6271.33965245,423.41503783516384,0.00007999999999999999,0.0193799869783752,,-10.796927703753067,452552412.0,6.0,6.0,72162.0,1398.4986203335111824,12027.0,233.0831033889185304,8764.5,169.8558958719694404,72162.0,1398.4986203335111824,0.08126443058495067,0.06107864805078134,0.059329730366833235
2015-05-12,8.0,8533366.8013241286382068,0.0,0.0,1838.82171387,412.23331317960344,0.00007785044301578033,0.0188560851186539,,-17.784812189790692,452552412.0,6.0,6.0,246110.0,4640.671108551911329,41018.3333333333,773.44518475865125963049604487,3426.5,64.61037565906758835,246110.0,4640.671108551911329,0.08091384111176432,0.06021825231993185,0.05880097917418176
2015-05-13,17.0,9619390.322570641740426,0.0,0.0,322.95068668,457.80279375076987,0.0000898576843950905,0.0212558591391855,,-15.772799261311013,452552412.0,16.0,16.0,1401305.0,29785.9416910363370775,150511.9375,3199.26054226589177690625,12505.0,265.8045185355146775,2408191.0,51188.1686762542684305,0.08138584766348854,0.061774160972336636,0.06088896997292689
2015-05-14,8.0,9284456.66827051155276,0.0,0.0,1094.61033241,442.0888076749318,0.00008658305037272674,0.02051575999173,,-13.435180101475556,452552412.0,6.0,6.0,413437.0,8481.97426370087601,68906.1666666667,1413.662377283480018858666391,80118.5,1643.691916897420005,413437.0,8481.97426370087601,0.0814245797338741,0.06110022664347296,0.06097432127728049
2015-05-15,15.0,8912255.468279402561946,0.0,0.0,890.75827128,423.80797525681396,0.00008292461601402689,0.0196933111656455,,-11.92006083783689,452552412.0,15.0,15.0,508053.0,10005.2458176396932115,43651.7333333333,859.64716745311253742296114515,11479.0,226.0595188704446945,654776.0,12894.707511796697908,0.0813428650327666,0.0606572758796167,0.060619955142718056
2015-05-16,6.0,8254666.9396881425391708,0.0,0.0,919.41459272,398.7306065677309,0.0000773507487137196,0.0182402451535009,,-26.981505861771982,452552412.0,7.0,7.0,492218.0,8978.1769889659059962,70746.1428571429,1290.42698937888309611050657861,4486.0,81.8257397586050374,495223.0,9032.9889256521762007,0.08132885851493075,0.05798947881346524,0.0613177672368384
2015-05-17,10.0,8574121.9450401268948428,0.0,0.0,809.76039594,419.76771037651673,0.00007995377632988296,0.0189461413036069,,-21.368794585675293,452552412.0,10.0,10.0,558872.0,10588.4678826293954168,55887.2,1058.84678826293954168,49771.0,942.9683988218190199,558872.0,10588.4678826293954168,0.0811154902573887,0.05843646859588565,0.06096390660360725
2015-05-18,14.0,8416466.9398035210230532,0.0,0.0,2648.34833598,421.517996271923,0.0000798585768556399,0.0185977728029511,,-22.661644180049688,452552412.0,13.0,13.0,170881.0,3178.0060143410869191,13144.6923076923,244.46200110316038917867074653,5900.0,109.72685953741149,170881.0,3178.0060143410869191,0.08111123916762356,0.058455830123968905,0.06044473134791225
2015-05-19,45.0,7519317.9785353505329272,0.0,0.0,264.23378566,377.6441424659017,0.00007162578901227363,0.0166153527837906,,-30.874189959947955,452552412.0,56.0,56.0,1712697.0,28457.0648667398092482,32190.8571428571,534.86244784117623671345212326,8452.0,140.4329617285981512,1802688.0,29952.2970791059091328,0.08152148782387487,0.0614358297620664,0.059889011687723245
2015-05-20,16.0,8263454.4215779432044792,0.0,0.0,172.43823121,404.55992044988193,0.00007796933633157916,0.0182596627538866,,-17.79373143574002,452552412.0,21.0,21.0,2624432.0,47921.2432405081174112,139751.714285714,2551.8191721346537956963560324,14257.0,260.3280118821612562,2934786.0,53588.2026148278392676,0.08174528194472809,0.0630805917370178,0.061170012697872866
2015-05-21,31.0,7649048.3272896947879976,0.0,0.0,195.91463008,366.69221887230077,0.00007175437171244864,0.0169020164835398,,-30.539634755177314,452552412.0,41.0,41.0,2309947.0,39042.7622701033103906,57228.3658536585,967.2747829845822047408603583,7890.0,133.356910055129022,2346363.0,39658.2661023678957474,0.08189062878172414,0.06155967131788918,0.06136860453776379
2015-05-22,5.0,8338453.1550973893554028,0.0,0.0,376.57470044,395.86585665631094,0.00007666919520748122,0.0184253866159869,,-20.80193497621218,452552412.0,3.0,3.0,1201760.0,22142.892619628416944,400586.666666667,7380.9642065428117897955386623,499000.0,9194.2679213774631,1201760.0,22142.892619628416944,0.08179197648070982,0.06377301186444388,0.06249155497232537
2015-05-23,8.0,8372458.8338057060085588,0.0,0.0,759.90007758,395.7910911343518,0.00007741996365100396,0.0185005285836499,,-21.55380122492679,452552412.0,7.0,7.0,595542.0,11017.8417937640287458,85077.4285714286,1573.97739910914749227224524714,40223.0,744.1467612201499277,595542.0,11017.8417937640287458,0.08179127914534555,0.06368644605032063,0.0624710460891029
2015-05-24,9.0,8388770.228265402995838,0.0,0.0,4581.55655669,401.27846830701696,0.00007700733781414384,0.0185365716894365,,-17.302245920799184,452552412.0,8.0,8.0,98777.0,1830.9869417674691605,12347.125,228.8733677209336450625,2490.0,46.156063506696885,98777.0,1830.9869417674691605,0.08179016571473967,0.06319210996308186,0.061079607020043857
2015-05-25,8.0,7646335.8570252031831596,0.0,0.0,24549.87588152,366.6600053501914,0.00007129016949152522,0.0168960227683533,,-24.76587794480721,452552412.0,7.0,7.0,18434.0,311.4612837118247322,2633.42857142857,44.494469101689223319967473781,1164.0,19.6669705023632412,18434.0,311.4612837118247322,0.08205279138640433,0.06509711561289415,0.062139127945921885
2015-05-26,2.0,7456540.7165389677195204,0.0,0.0,377127.01,359.07912408942985,0.00006958148107368329,0.0164766345705367,,-20.574047479182227,452552412.0,1.0,1.0,1200.0,19.77196148464404,1200.0,19.77196148464404,1200.0,19.77196148464404,1200.0,19.77196148464404,0.0819552757320829,0.06383073748836718,0.06184113739624816
2015-05-27,15.0,7098321.7504580743731564,0.0,0.0,737.54974747,340.34575183753526,0.00006612497603740535,0.0156850821302397,,-27.31029603392815,452552412.0,21.0,21.0,613589.0,9624.1938592116472833,34767.7619047619,545.33520096080947212341842743,24677.0,387.0607717279250769,730123.0,11452.0392201770004831,0.08181264229569288,0.06362766542105326,0.06065063031528344
2015-05-28,9.0,7820678.3391424559534676,0.0,0.0,4118.90574487,375.01238030496097,0.00007292999999999979,0.0172812653999123,,-16.203505494422302,452552412.0,7.0,7.0,109872.0,1898.7271920191642256,20696.0,357.6530687165849608,10677.0,184.5120706748636271,144872.0,2503.5714810160947256,0.08215002650704781,0.0662017798282249,0.062030841521441074
2015-05-29,8.0,7496646.948064360375614,0.0,0.0,196.27260213,352.86122436801554,0.00006999999999999991,0.0165652568614845,,-23.60011223840833,452552412.0,6.0,6.0,2305734.0,38195.075964258102123,389849.166666667,6457.9515830690199430022871615,138615.0,2296.1930798546739675,2339095.0,38747.7094984140865275,0.08198211004004854,0.06565453024419964,0.06032987732605249
2015-05-30,5.0,7458483.9785025180103116,0.0,0.0,6111.52631366,358.0182757829517,0.00007079778192697152,0.0164809285747493,,-27.809384998000098,452552412.0,7.0,7.0,74049.0,1220.3962800316109157,12719.8571428571,209.63505705244256834591822503,14990.0,247.049119335492007,89039.0,1467.4453993671029227,0.08165757593992654,0.06466032521146153,0.060326569724285246
2015-05-31,2.0,7539706.144003097453376,0.0,0.0,12668.73109008,363.8823228575992,0.0000726099999999998,0.016660404284848,,-29.483070295468032,452552412.0,1.0,1.0,35722.0,595.142961863340256,35722.0,595.142961863340256,35722.0,595.142961863340256,35722.0,595.142961863340256,0.08164414892326353,0.06423595285581382,0.05899049577716346
2015-06-01,8.0,7683361.194373870958628,0.0,0.0,590.58130221,369.43557968087254,0.00007603740502630022,0.016977837241919,,-18.811996355580757,452552412.0,8.0,8.0,766283.0,13009.828055249417077,95785.375,1626.228506906177134625,61654.5,1046.7600662318949855,766283.0,13009.828055249417077,0.07657273160647064,0.0609531876748093,0.05868642084248024
2015-06-02,6.0,7219438.6150095965916576,0.0,0.0,1635.5168249,358.3644750899779,0.00007079999999999989,0.0159527127103448,,-30.467655178072935,452552412.0,6.0,6.0,276703.0,4414.1634650905371944,46117.1666666667,735.69391084842339749042367816,38265.5,610.4385282176989444,276703.0,4414.1634650905371944,0.07613952093301468,0.05874434110735299,0.05828870695976462
2015-06-03,10.0,7090624.1468324759314428,0.0,0.0,1744.49790106,363.12025836340916,0.00006956999999999978,0.0156680728216569,,-31.489930075429122,452552412.0,8.0,8.0,259417.0,4064.5644471757680273,32427.125,508.0705558969710034125,21887.5,342.93494388401539875,259417.0,4064.5644471757680273,0.075000974857822,0.05872902620022626,0.05831740588306036
2015-06-04,15.0,6777961.2642989213238948,0.0,0.0,2999.32009146,362.83183869169835,0.00006700000000000008,0.0149771851493279,,-30.58869848038881,452552412.0,15.0,15.0,150885.0,2259.8325812563401915,10207.6666666667,152.88211360928992647283831093,1500.0,22.46577772399185,153115.0,2293.2317041393414085,0.07414731000481514,0.05842712138540529,0.058358870956749666
2015-06-05,10.0,7107581.4156675103443876,0.0,0.0,4315.44810619,386.1301573467236,0.0000698859440169651,0.0157055431088223,,-23.20540884142919,452552412.0,8.0,8.0,104868.0,1647.0088947359769564,13546.0,212.7472869521068758,5309.5,83.38858113629200185,108368.0,1701.9782956168550064,0.07422550755373712,0.05886867639266702,0.05872957968647449
2015-06-06,4.0,6921443.7855960737459496,0.0,0.0,423738.21348315,385.14732808934934,0.00006792592829379895,0.0152942368708358,,-23.572603586548308,452552412.0,2.0,2.0,1068.0,16.3342449780526344,534.0,8.1671224890263172,534.0,8.1671224890263172,1068.0,16.3342449780526344,0.07184884598292651,0.05891150383285901,0.05835132183654004
2015-06-07,4.0,7194498.9974905125410124,0.0,0.0,3191.61891194,404.88548804644984,0.00007115833648405702,0.0158976039166277,,-23.546899695377316,452552412.0,3.0,3.0,141794.0,2254.1848497543080938,93912.6666666667,1492.98637742095217745346388759,139944.0,2224.7742825085468488,281738.0,4478.9591322628549426,0.07191306652558034,0.058920848220013394,0.05853604624666058
2015-06-08,6.0,7290391.0957128958399368,0.0,0.0,1901.61655244,411.74197452789423,0.00007041654688476081,0.0161094956128814,,-24.155036849485654,452552412.0,4.0,4.0,237983.0,3833.7860944403542162,59495.75,958.44652361008855405,68650.0,1105.91687382430811,237983.0,3833.7860944403542162,0.0718784435316929,0.05879772112767289,0.05858245650360708
2015-06-09,7.0,7200971.634303707542854,0.0,0.0,2109.05419059,407.41875276860037,0.00006937206128183341,0.0159119064297545,,-18.138544258283048,452552412.0,6.0,6.0,214576.0,3414.313234071001592,36619.0,582.6781015511800355,13571.0,215.9404821581983195,219714.0,3496.068609307080213,0.07139909225485702,0.056860163262459344,0.058563739313167044
2015-06-10,12.0,7242413.4767795258055816,0.0,0.0,2190.38092242,420.5637019198197,0.00007001000000000012,0.0160034800052718,,-17.42264830658045,452552412.0,11.0,11.0,206609.0,3306.4630004092013262,22318.0909090909,357.16712161947454798654540662,23800.0,380.88282412546884,245499.0,3928.8383378142216282,0.07119245633750208,0.05690192284105317,0.0585392453233178
2015-06-11,9.0,7473794.8625899763154444,0.0,0.0,1516.39328508,434.84062569724665,0.00007193328474812003,0.0165147608639637,,-12.41680995793757,452552412.0,8.0,8.0,298440.0,4928.665232241326628,37305.0,616.0831540301658285,3104.0,51.2618177217433248,298440.0,4928.665232241326628,0.07117008969891714,0.057166013172013475,0.05822199075819576
2015-06-12,16.0,7520357.2319701758947352,0.0,0.0,1701.88788772,534.7210495329152,0.00007231000000000006,0.0166176492104746,,-21.820853715389404,452552412.0,16.0,16.0,265912.0,4418.8323368557218352,22867.0,379.9957844959226782,579.5,9.6299277174700307,365872.0,6079.9325519347628512,0.07116997085412038,0.05220116784505642,0.05671543584523158
2015-06-13,7.0,7511496.3126442598441784,0.0,0.0,22304.20956136,534.5453524883175,0.00007123165802366084,0.0165980693362082,,-19.096005495780027,452552412.0,6.0,6.0,20290.0,336.774826831664378,3381.66666666667,56.129137805277451660231120694,3221.5,53.4706803665947163,20290.0,336.774826831664378,0.07013611315640741,0.051959026562550165,0.05624290492831408
2015-06-14,4.0,7497608.0575480350323304,0.0,0.0,43314.74081164,535.0369776534185,0.00007125537239007714,0.0165673806143542,,-15.873057227392056,452552412.0,4.0,4.0,10448.0,173.0959926587726816,2612.0,43.2739981646931704,838.5,13.8917486451359967,10448.0,173.0959926587726816,0.07006409116390148,0.05156947359558344,0.05582325269126366
2015-06-15,15.0,7731661.843959427975146,0.0,0.0,240.43596059,538.5778596289539,0.0000721504167153713,0.0170845666467455,,-6.335871568774333,452552412.0,15.0,15.0,1882216.0,32156.844695570728028,125597.733333333,2145.7828458134964820111177515,14000.0,239.183933054437,1883966.0,32186.742687202532653,0.0700591579693389,0.05018786999107758,0.053930248022836476
2015-06-16,16.0,8212863.9944728908434592,0.0,0.0,1656.08145879,572.2963931783665,0.00007217786440677967,0.0181478736533016,,-4.213352141279183,452552412.0,18.0,18.0,273267.0,4959.2149896167683272,15181.5,275.5119438675982404,2086.5,37.8655383776137884,273267.0,4959.2149896167683272,0.07021539054647714,0.05096674648275404,0.05446342589986079
2015-06-17,15.0,8066511.7047504458665404,0.0,0.0,2239.34965931,565.1803936935164,0.00007188179894798358,0.0178244806366217,,-4.157982649442269,452552412.0,17.0,17.0,202091.0,3602.1671163355159747,16537.4705882353,294.77182427870097972635668601,2847.0,50.7462963724619799,281137.0,5011.1210127379148729,0.07021955385101064,0.05096016028392474,0.0544889283744683
2015-06-18,13.0,8079021.8838879849449124,0.0,0.0,1640.34235508,567.9711161714366,0.0000716916849795443,0.0178521242394527,,7.443546169351619,452552412.0,13.0,13.0,275889.0,4925.2047042983659503,21603.7692307692,385.67317234815724626540801684,9986.0,178.2713126551746622,280849.0,5013.7512405260513423,0.0702196743831789,0.04642283178247755,0.054492368255860145
2015-06-19,19.0,8434934.7280842112093248,0.0,0.0,1404.25606941,590.3465069808983,0.00007613691009111182,0.0186385808680304,,2.075164909949652,452552412.0,22.0,22.0,322272.0,6006.6927335018930688,18904.9545454545,352.3615241018925906826878168,4813.5,89.7168090082643304,415909.0,7751.9535302416556336,0.07023034312464907,0.0437896413112765,0.053959363728167835
2015-06-20,12.0,8040676.3154066610050244,0.0,0.0,1688.62840299,561.315680319366,0.00007234795441262413,0.0177673924659287,,5.119957037266249,452552412.0,14.0,14.0,268000.0,4761.6611808688916,19142.8571428571,340.11865577634863854032288877,6000.0,106.6043547955722,268000.0,4761.6611808688916,0.07016853443367609,0.04228861759033424,0.052822225611456594
2015-06-21,24.0,8253204.8612359398957372,0.0,0.0,326.26360199,566.8676860226465,0.00007464999999999974,0.0182370144151081,,-1.02235141549408,452552412.0,27.0,27.0,1387076.0,25296.1250068504829156,59490.8518518519,1084.93552278928350583032369039,11252.0,205.2028861987963412,1606253.0,29293.2591153106309493,0.06973831947975329,0.0394682742123934,0.05271379335866693
2015-06-22,9.0,8267672.7244493553079428,0.0,0.0,3518.27668722,571.4454345889426,0.00007395814007056036,0.0182689838905319,,-1.2515571761697204,452552412.0,8.0,8.0,128629.0,2349.9211288552277651,16086.625,293.8862929780277258375,1299.5,23.74054456574620405,128693.0,2351.0903438242218067,0.06944957717427394,0.03946160579827244,0.05266864508481081
2015-06-23,13.0,7974142.0840211808080676,0.0,0.0,2714.62495726,567.2737512835096,0.00007215999999999996,0.0176203725194623,,-4.942657063691656,452552412.0,9.0,9.0,166709.0,2937.4746823470405707,18523.2222222222,326.38607581633744962505512306,5000.0,88.1018625973115,166709.0,2937.4746823470405707,0.0694573049135015,0.03999221115207575,0.05248233336125903
2015-06-24,15.0,8064422.444588245563282,0.0,0.0,2406.13139944,575.3437590803112,0.00007411000000000002,0.0178198640218235,,5.467803080856265,452552412.0,22.0,22.0,188083.0,3351.6134848166293505,9015.31818181818,160.65174411347303666842905123,7285.0,129.8177093989841975,198337.0,3534.3383704964075195,0.06944533434833773,0.03615703968749477,0.05251405573266657
2015-06-25,7.0,8244277.8336791515738056,0.0,0.0,15584.83407948,589.925894096208,0.00007516999999999981,0.0182172884622238,,10.564377599292706,452552412.0,7.0,7.0,29038.0,528.9936223660547044,6396.57142857143,116.528186883504721567554946034,3980.0,72.504808079650724,44776.0,815.6973081845328688,0.0688278003992253,0.03597204223195079,0.05166805487762894
2015-06-26,8.0,8331347.4236452582509816,0.0,0.0,3141.00189479,609.5203625608484,0.00007577000000000003,0.0184096851607218,,17.370664736458483,452552412.0,8.0,8.0,144079.0,2652.4490282716362222,18009.875,331.556128533954527775,15167.5,279.2288996752479015,144079.0,2652.4490282716362222,0.0686295405208382,0.03458781316213791,0.05140818878575062
2015-06-27,13.0,8602383.5831865384204648,0.0,0.0,364.89217536,622.0485461157785,0.00007557206540403555,0.0190085907291254,,9.995363703064623,452552412.0,12.0,12.0,1240236.0,23575.1385315275695944,103580.5,1968.9193320181734947,2730.0,51.893452690512342,1242966.0,23627.0319842180819364,0.06865586202302508,0.030444160275805533,0.051290076862378395
2015-06-28,13.0,8393053.0712118063864384,0.0,0.0,210.80295304,593.7146083537347,0.00007446463939216828,0.0185460354395632,,11.957427492018944,452552412.0,15.0,15.0,2146803.0,39814.6845197605964496,143120.2,2654.31230131737309664,5920.0,109.792529802214144,2146803.0,39814.6845197605964496,0.06867035417068454,0.029695078378066994,0.0509254944197044
2015-06-29,12.0,8478780.4341745642655232,0.0,0.0,126.35157127,578.8146803867006,0.00007299999999999996,0.0187354662340736,,13.679676172970709,452552412.0,18.0,18.0,3581692.0,67104.6695268515405312,198982.888888889,3728.0371959361987778962482304,10000.0,187.354662340736,3581692.0,67104.6695268515405312,0.06854906254876449,0.029668651566162045,0.05045736666344835
2015-06-30,24.0,8172567.9113745935374548,0.0,0.0,218.55794157,551.273762850724,0.00006844242431326705,0.0180588318494579,,8.39371926815556,452552412.0,26.0,26.0,2070629.0,37393.1409336111620191,79639.5769230769,1438.19772821581350706926501251,13425.0,242.4398175789723075,2070629.0,37393.1409336111620191,0.06857565912931843,0.03056579591983258,0.050394330103124704
2015-07-01,23.0,8402164.3330994909136792,0.0,0.0,393.94072858,561.1538499262599,0.00007195000000000011,0.0185661684929866,,9.355321460768524,452552412.0,23.0,23.0,1148783.0,21328.4987398786253078,64120.6086956522,1190.47402491634048556961286052,47719.0,885.9589943168275654,1474774.0,27380.9025730758200284,0.06851689088740223,0.030768948142270727,0.04813064595446169
2015-07-02,13.0,8344228.5809478188735064,0.0,0.0,1847.9673162,561.0129921588932,0.00007237824313267082,0.0184381485098522,,15.580019803752105,452552412.0,12.0,12.0,244892.0,4515.3550648747249624,21657.6666666667,399.32727437687627813828366174,9500.0,175.1624108435959,259892.0,4791.9272925225079624,0.06728746667632889,0.028279379791226657,0.04649985801392343
2015-07-03,16.0,8191540.1934593770062,0.0,0.0,688.60473949,546.5779378664337,0.00007068204032729387,0.01810075468885,,15.526363037007156,452552412.0,17.0,17.0,657202.0,11895.8521830215977,39894.2352941177,722.115766558086117098777645,21000.0,380.11584846585,678202.0,12275.9680314874477,0.06679626672139224,0.028292430491261684,0.04653915101082918
2015-07-04,14.0,8997874.1630007819327492,0.0,0.0,990.22452409,602.555522042919,0.00007632167621274096,0.0198825018371591,,32.75192660652476,452552412.0,12.0,12.0,457020.0,9086.700989618451882,39335.0,782.0782097646531985,13193.0,262.3098467376400063,472020.0,9384.938517175838382,0.0663160889715613,0.03108006309281254,0.04766034679658406
2015-07-05,24.0,11051644.018023517738596,0.0,0.0,109.09459371,694.0858651876608,0.00009001280070134422,0.024420694100783,,55.49092401054965,452552412.0,25.0,25.0,4148257.0,101303.315248431785231,192570.28,4702.69990078213052924,64970.0,1586.61249572787151,4814257.0,117567.497519553263231,0.06753008830129968,0.047053308525179624,0.054149966700314224
2015-07-06,16.0,11577640.6043454973093524,0.0,0.0,792.2406382,774.9958145340512,0.00009505528229105787,0.0255829828708227,,67.27204558735619,452552412.0,20.0,20.0,571231.0,14613.7928882829217437,28561.55,730.689644414146087185,2250.0,57.561711459351075,571231.0,14613.7928882829217437,0.0676349344533384,0.04673367179255788,0.05433869085636995
2015-07-07,31.0,11374200.1452083252325168,0.0,0.0,264.64991427,769.0781609313949,0.00009431999999999996,0.0251334427650964,,58.095791648254014,452552412.0,36.0,36.0,1710004.0,42978.2876620859043856,51494.4166666667,1294.23197401369364954809216988,12500.0,314.168034563705,1853799.0,46592.3510644929412236,0.06763345832762227,0.04697143740571216,0.05422157350914404
2015-07-08,9.0,12009221.5523654828487696,0.0,0.0,1300.03824112,811.8698813580507,0.00009807458328462914,0.0265366424615708,,64.72671211600004,452552412.0,9.0,9.0,348107.0,9237.5909973700264756,38678.5555555556,1026.39899970778189891744273648,45752.0,1214.1044659017872416,348107.0,9237.5909973700264756,0.06775859947350106,0.04750623350120247,0.05457575130600287
2015-07-09,27.0,11123514.4700203814927208,0.0,0.0,1018.90878389,748.0018530554513,0.00009114312390414964,0.0245795054342134,,54.47241059846171,452552412.0,31.0,31.0,444154.0,10917.0856566276184636,14811.4193548387,364.05736252067135773381837858,10500.0,258.0848070592407,459154.0,11285.7782381408194636,0.06777589053830843,0.05022936460962478,0.05425084498338786
2015-07-10,23.0,12426251.1389148772994484,0.0,0.0,616.09728445,828.6549099655126,0.00009615585271770895,0.0274581480717307,26.37670106074187,71.5761075883842,452552412.0,26.0,26.0,734547.0,20169.3002916455704929,28561.8461538462,784.25540089430094674529561834,7757.0,212.9928545924150399,742608.0,20390.6404232517916656,0.06829843105776622,0.05317099288808158,0.055965733574843704
2015-07-11,26.0,12575247.1043996542233072,0.0,0.0,1268.94052793,834.0054139295665,0.00009454145178258303,0.0277873827891556,-31.345574702790994,68.25785742855962,452552412.0,26.0,26.0,356638.0,9910.0366231588748728,13716.8461538462,381.15525473688108529459026872,9893.0,274.9005779331163508,356638.0,9910.0366231588748728,0.06805735257500851,0.05312013023501099,0.05580021332446788
2015-07-12,12.0,13057713.3070957648020348,0.0,0.0,4779.05287502,889.4265547782613,0.00009263294213909993,0.0288534829576729,0.2526585235440055,73.6315563785381,452552412.0,7.0,7.0,94695.0,2732.2805686768352655,13527.8571428571,390.32579552526094420787324259,10100.0,291.42017787249629,94695.0,2732.2805686768352655,0.06539648537041338,0.053202951764229144,0.05394937549080921
2015-07-13,28.0,12118072.5601149702178236,0.0,0.0,879.8188308,818.287176747263,0.00009149919812974888,0.0267771693151753,-6.669972327215631,61.32701203242772,452552412.0,31.0,31.0,514370.0,13773.372580646719061,17237.7419354839,461.57793441774997291781882767,5196.0,139.1341717616508588,534370.0,14308.915966950225061,0.061585877866175615,0.05576600898081606,0.054681973248738934
2015-07-14,19.0,12715294.490043665336466,0.0,0.0,3224.96160424,888.6078497514104,0.00009764631618936278,0.0280968439298555,-3.4548379967235343,69.59134689953355,452552412.0,22.0,22.0,140328.0,3942.773914988762604,6598.81818181818,185.40596457603823786937467299,2102.0,59.059565940556261,145174.0,4078.931220672842357,0.05975235618465856,0.05596194176357535,0.054638235171025125
2015-07-15,30.0,12592954.0003977629407644,0.0,0.0,855.98012465,873.2200852079658,0.00009732172881355921,0.0278265095190737,-4.605977517053101,62.87512639001863,452552412.0,37.0,37.0,528695.0,14711.7364501866698215,15653.0540540541,435.56985763771158427476168717,5000.0,139.1325475953685,579163.0,16116.0847325952813131,0.059688234302167784,0.056121019130531524,0.05359691193338339
2015-07-16,14.0,12298889.7525935948336076,0.0,0.0,2421.63331353,850.4577864423659,0.00009757100058445355,0.0271767190417573,-12.980337674135512,49.751533215094355,452552412.0,11.0,11.0,186879.0,5078.7580778045624667,16989.0,461.7052798004147697,7718.0,209.7499175642828414,186879.0,5078.7580778045624667,0.059218146451311494,0.05593932594516935,0.053584351870890105
2015-07-17,22.0,12595705.33269996523524,0.0,0.0,629.38594622,876.2054169287412,0.00009937913150204524,0.02783258910727,-9.232526646943963,56.14810705948934,452552412.0,24.0,24.0,719038.0,20012.68920651320626,39493.625,1099.20983698160615375,13566.5,377.590820123778455,947847.0,26381.03608755854769,0.05923896625015435,0.05564917128237401,0.05353440724439618
2015-07-18,12.0,12549240.5683007849076396,0.0,0.0,3100.96966541,875.9244925394343,0.0000999799999999997,0.0277299164373933,-9.243156962365298,55.331186728529204,452552412.0,12.0,12.0,145939.0,4046.8762749567408087,13693.75,379.726543214554501875,2688.5,74.55188034193188705,164325.0,4556.7185185746540225,0.05923493873058599,0.055700632756467784,0.05121174268858501
2015-07-19,17.0,12414008.92847978875311,0.0,0.0,1071.25674518,860.8402896080273,0.00009964726224252963,0.0274310965963425,-21.53320621344278,47.173740267926505,452552412.0,23.0,23.0,422450.0,11588.266757124889125,18367.3913043478,503.8376850923857681018279215,9329.0,255.9047001472791825,422450.0,11588.266757124889125,0.059026991597541704,0.055621836718471054,0.05001012675589512
2015-07-20,23.0,13159301.8859065394767188,0.0,0.0,314.17825486,888.7761334829617,0.00010417937171244879,0.0290779621033299,-15.305475971547732,63.65914221285256,452552412.0,29.0,29.0,1440432.0,41884.8271084236945168,49676.2413793103,1444.48386426345354370859536797,35000.0,1017.7286736165465,1440611.0,41890.0320636401905689,0.05868049080405195,0.05499739020280802,0.04920457313002127
2015-07-21,48.0,14302053.3058611162136728,0.0,0.0,453.3280563,951.5750191423384,0.00011423391116306278,0.0316030871267594,2.097116230495738,73.29090391340829,452552412.0,65.0,65.0,998289.0,31549.0142446855146666,19193.0307692308,606.55902362657495996883466952,10440.0,329.936229603368136,1247547.0,39426.3365357273091918,0.05901057543466026,0.05631917024226576,0.04912563121682091
2015-07-22,35.0,14368130.3999533852660212,0.0,0.0,164.82271573,911.5558868634654,0.00011430226651081254,0.0317490969420651,35.91844014178546,73.78687907497368,452552412.0,37.0,37.0,2745692.0,87173.2414810526085492,86421.0810810811,2743.79128108131201844237457961,8947.0,284.0591703406564497,3197580.0,101520.277400008522458,0.05870615136785086,0.05629257643821314,0.04912476424471428
2015-07-23,18.0,14857432.7007350001509388,0.0,0.0,1921.60101568,956.9090794659171,0.00011860160257159535,0.0328303027600149,13.881081515554483,86.32014007509045,452552412.0,22.0,22.0,235508.0,7731.7989424055890692,10704.9090909091,351.44540647298161978457054559,5566.5,182.74988031362294085,235508.0,7731.7989424055890692,0.05875690259341574,0.055393299789519006,0.049216668618185175
2015-07-24,27.0,15516708.1907868377350692,0.0,0.0,1192.33309797,996.0769384849268,0.0001185149953243716,0.0342870964320191,7.5987426150684465,92.40941676114154,452552412.0,29.0,29.0,379552.0,13013.7360249657134432,13185.724137931,452.1001950432421132932264821,8337.0,285.8515229537432367,382386.0,13110.9056562540555726,0.05884620274590213,0.05551445196441625,0.04753425365214477
2015-07-25,26.0,15429731.3947947163314828,0.0,0.0,639.54880923,1074.1737766546785,0.00011776858386908233,0.0340949047793269,13.601388613213064,87.15685844261426,452552412.0,36.0,36.0,707612.0,24125.9637607090663628,21280.8888888889,725.56988028610287918783088141,9987.5,340.52286148352741375,766112.0,26120.5156902996900128,0.058845231218708736,0.05573983065889587,0.04734367135602209
2015-07-26,15.0,15388319.9917370844835356,0.0,0.0,1258.71587467,1061.9973022869506,0.00011592798421975432,0.0340033984654513,21.653504504303037,84.7038565222161,452552412.0,16.0,16.0,359535.0,12225.4118672760331455,23720.9375,806.59248978656619659375,10188.5,346.44362526525057005,379535.0,12905.4798365850591455,0.058834226092328905,0.05587648480325586,0.04669825585165461
2015-07-27,16.0,15527668.4636758055829432,0.0,0.0,3527.16115506,1069.78339194889,0.00011653599357101105,0.0343113152243586,28.331695010663438,80.50425575098534,452552412.0,17.0,17.0,128305.0,4402.313299861330173,8353.23529411765,286.61048931970851226857418929,9990.0,342.770039091342414,142005.0,4872.378318435042993,0.05798736589637101,0.055870168923746535,0.04537794681871056
2015-07-28,21.0,16413957.8733162357567996,0.0,0.0,213.17791535,1079.543226832801,0.0001227775756867327,0.0362697390138233,34.80001068274652,95.56599647410967,452552412.0,19.0,19.0,2122886.0,76996.5211760992900438,114056.789473684,4136.8099869651072664075760372,9990.0,362.334692748094767,2167079.0,78599.3897523371831407,0.05812509919696101,0.05559322179036276,0.04517105152418657
2015-07-29,27.0,15800991.6566266516737804,0.0,0.0,568.15417353,1019.1757375112946,0.00012045737931034462,0.0349152744248917,27.892463598063387,86.35925035797825,452552412.0,31.0,31.0,796531.0,27811.0984529334106927,25694.5483870968,897.13220815914318144901741656,5000.0,174.5763721244585,796531.0,27811.0984529334106927,0.05817264899485373,0.056645161234668534,0.045594056700749896
2015-07-30,15.0,14816351.3405920246721292,0.0,0.0,1345.39263672,969.4997162921011,0.00011358572881355919,0.0327395257382741,37.73644707207529,81.29370720762812,452552412.0,10.0,10.0,336372.0,11012.6597516347355652,33637.2,1101.26597516347355652,13759.5,450.47950439578247895,336372.0,11012.6597516347355652,0.0583676041080158,0.05782156973235527,0.0466613635308902
2015-07-31,7.0,14987085.709091252063424,0.0,0.0,3296.06056766,991.9439575946644,0.00011636369257744046,0.033116795561552,23.300248435488925,78.37172798502782,452552412.0,4.0,4.0,137301.0,4546.969147396651152,34325.25,1136.742286849162788,30047.0,995.060356237952944,137301.0,4546.969147396651152,0.058152694427133125,0.0578213659672448,0.046650671869455776
2015-08-01,12.0,14759570.1968219622549432,0.0,0.0,810.48260127,965.0428714358277,0.00011578865575686741,0.0326140570803586,32.82448960049516,76.88357951413435,452552412.0,13.0,13.0,558374.0,18210.8415081881529164,42951.8461538462,1400.83396216832096037186524732,2197.0,71.6530834055478442,558374.0,18210.8415081881529164,0.05816405043777908,0.05797235081122595,0.04578373951793643
2015-08-02,34.0,13663435.76765266371597,0.0,0.0,135.29187733,845.8414311513254,0.0001069032635885448,0.0301919410997475,22.59062201437687,66.79934963344718,452552412.0,48.0,48.0,3345008.0,100992.28451418418548,70687.3958333333,2134.18969149453584282071334175,17500.0,528.35896924558125,3392995.0,102441.1051917377687625,0.05843094918115677,0.06022770025282666,0.04705850811506963
2015-08-03,36.0,12108129.5135047795593552,0.0,0.0,95.92384889,693.2518846167877,0.0000948143711279956,0.0267551982763596,8.568295443378277,34.56655754637416,452552412.0,39.0,39.0,4717830.0,126226.477084157611668,157878.153846154,4224.0613096594552541535809784,19990.0,534.836413544428404,6157248.0,164738.3910767185943808,0.05911571474520677,0.06345516425807578,0.04953793097835292
2015-08-04,19.0,11439484.4929427542602876,0.0,0.0,426.5434958,643.98220548469,0.00008860457977790756,0.0252777008576473,8.57600131643806,3.509346431053418,452552412.0,16.0,16.0,1060976.0,26819.0339451432017648,66311.0,1676.1896215714501103,16181.5,409.03111642801978495,1060976.0,26819.0339451432017648,0.058527074548607796,0.05272830879647721,0.05001595825652338
2015-08-05,24.0,11050833.4709596457606076,0.0,0.0,63.54591654,564.4908555724576,0.00008648791992986549,0.0244189030440073,7.456244317999569,-4.550211492902292,452552412.0,26.0,26.0,7121660.0,173903.125052385028118,273951.076923077,6689.5847861860029520079264621,14714.0,359.2997393895234122,7122728.0,173929.2044408360279144,0.05855566009664389,0.05240036362142664,0.05012035299391608
2015-08-06,34.0,11584004.9567611821272184,0.0,0.0,125.55209809,569.030775493588,0.00009174708299240203,0.0255970461091282,8.790937142603589,1.8445676080462146,452552412.0,42.0,42.0,3604499.0,92264.5271033064877718,89392.8333333333,2288.19247665894480799846302906,11429.0,292.5486399812261978,3754499.0,96104.0840196757177718,0.05854534108565728,0.053043656700118055,0.0502201032951936
2015-08-07,18.0,10873768.6249093372284372,0.0,0.0,146.59875595,519.2271471148198,0.00008596999999999992,0.0240276448353331,-9.319599393037873,-9.45484203538983,452552412.0,16.0,16.0,3087014.0,74173.6759937009743634,192939.625,4635.8847841623550640875,7246.0,174.1043144768236426,3087034.0,74174.1565465976810254,0.05872226767680929,0.053281769251707446,0.051047785548904864
2015-08-08,15.0,10020200.501332593465348,0.0,0.0,1768.59807255,479.33347483145496,0.00008468732670952671,0.022141524905479,-16.694879940629832,-9.918753390948448,452552412.0,24.0,24.0,255882.0,5665.617675863777478,10701.4166666667,236.9456836489087999674968493,3495.0,77.384629544649105,256834.0,5686.696407573793486,0.05902785371145846,0.053533114901239055,0.052257866412722224
2015-08-09,16.0,10046605.6353982720947312,0.0,0.0,342.51682641,473.5655645749358,0.00008335099357101089,0.0221998720347076,-24.699344419870453,-19.15014815743059,452552412.0,24.0,24.0,1321256.0,29331.7141250896247456,55677.3333333333,1236.02967523375920773759884308,5000.0,110.999360173538,1336256.0,29664.7122056102387456,0.05892432402269027,0.04902737882132662,0.05225917174312272
2015-08-10,26.0,9887686.1754959192504184,0.0,0.0,200.72937805,455.43187134090323,0.00008247011046171816,0.0218487094827282,-19.62829742091546,-21.37183394164437,452552412.0,28.0,28.0,2254540.0,49258.789477190036028,116233.571428571,2539.5535342827847801245074022,3435.5,75.0612414279127311,3254540.0,71107.498959918236028,0.05891072273426989,0.048918736741079445,0.05221777486794131
2015-08-11,25.0,10055305.2817769526951288,0.0,0.0,61.96580021,433.74294424494127,0.00008186188720046756,0.0222190955459474,-16.97840411509701,-22.993367634187962,452552412.0,31.0,31.0,7303261.0,162271.8539559913544714,267847.129032258,5951.3209516754422591357712292,10256.0,227.8790439192365344,8303261.0,184490.9495019387544714,0.05887382487427106,0.04839311110754642,0.052241018006418505
2015-08-12,28.0,9914108.6121620613803928,0.0,0.0,50.65787863,392.4372116984925,0.00008169903331385166,0.0219070948453194,-4.89549524923762,-18.187413361485916,452552412.0,36.0,36.0,8933505.0,195707.141336135086497,292314.388888889,6403.7590420404707054883161466,12600.0,276.02939505102444,10523318.0,230535.3255134568577692,0.0587656959057552,0.046782684314068554,0.0522931147944647
2015-08-13,37.0,9849591.568750789984128,0.0,0.0,64.21905855,366.75690775045985,0.00008222599415546491,0.021764532256544,-3.5942439037423455,-22.537448295332673,452552412.0,39.0,39.0,7047011.0,153374.898221720389984,193613.384615385,4213.90475476020666758932944,2380.0,51.79958677057472,7550922.0,164342.285435647733568,0.05794802528558222,0.04562499559325788,0.0523064203845853
2015-08-14,25.0,9923314.6571869940527248,0.0,0.0,603.03978402,368.36247873111057,0.00008232381531268276,0.0219274373399804,-5.111635019136766,-21.199468711840332,452552412.0,27.0,27.0,750452.0,16455.4892066629711408,34930.1851851852,765.92944692206013766573837008,14087.0,308.8918098083038948,943115.0,20680.095066895614946,0.0572175711891949,0.04571707650281153,0.052195059009250866
2015-08-15,25.0,9612085.285934572244232,0.0,0.0,699.8251212,356.346896116279,0.00008108717182933963,0.021239717281486,6.84609730068126,-21.845910652971163,452552412.0,31.0,31.0,646665.0,13734.98177583214419,21155.7741935484,449.3426627419254964479649224,2901.0,61.616419833590886,655829.0,13929.622544999681894,0.057220503562412706,0.04583911475584924,0.05186857708423393
2015-08-16,10.0,9541952.9984384929436412,0.0,0.0,3216.38933348,353.77769416229296,0.00008143003974284045,0.0210847467507001,-3.758639802150116,-24.244393256275725,452552412.0,9.0,9.0,140702.0,2966.6660373170054702,15633.5555555556,329.62955970189043378874447556,6000.0,126.5084805042006,140702.0,2966.6660373170054702,0.057199881035058735,0.04543880842996813,0.05181504795023699
2015-08-17,16.0,9497484.1609297788030672,0.0,0.0,1969.00604774,355.5909962649397,0.00008133999999999994,0.0209864844581356,5.459385408874022,-24.31825568058439,452552412.0,16.0,16.0,229838.0,4823.4916148889700328,16798.9375,352.550640756941310925,10000.0,209.864844581356,268783.0,5640.8102521110609748,0.05720011554873324,0.04543504172110766,0.05182381476939847
2015-08-18,21.0,8086718.092765604251518,0.0,0.0,1464.32922721,308.20735008180804,0.00008201141905318543,0.0178691304660765,-8.667520764351613,-34.85812569206926,452552412.0,19.0,19.0,309051.0,5522.4726396714084015,18420.7368421053,329.16254991284163417849085545,10000.0,178.691304660765,349994.0,6254.088448343978541,0.058072813940162796,0.05319807386749949,0.05567194499692139
2015-08-19,23.0,8350408.9230207084909912,0.0,0.0,207.58542217,318.0979016565081,0.00008120740736411463,0.0184518051425626,6.752071416820596,-36.54367841531244,452552412.0,30.0,30.0,2180078.0,40226.3744515875878828,82669.4333333333,1525.40027511273540813316191458,38677.0,713.6604674988936802,2480083.0,45762.0082533820806958,0.05811758155534014,0.05216993731778985,0.0554804232528676
2015-08-20,20.0,8812629.8622298411344012,0.0,0.0,612.33928733,336.8106038641731,0.00008268023319696087,0.0194731695789301,-3.587771811720872,-38.3820653317077,452552412.0,29.0,29.0,739055.0,14391.7433431561850555,29103.3448275862,566.73436914166426603676152462,8000.0,155.7853566314408,843997.0,16435.2967051082676097,0.05823099336142217,0.05050677966745751,0.05581152308927398
2015-08-21,24.0,8528833.783525906966284,0.0,0.0,287.88944036,323.4086648877176,0.00008095368790181187,0.018846068559957,-11.722830299008232,-40.640615402867034,452552412.0,27.0,27.0,1571966.0,29625.379009921365462,58220.962962963,1097.236259626717937335872591,15453.0,291.228297457015521,1571966.0,29625.379009921365462,0.057815347549260425,0.050437868743318785,0.0559819293680381
2015-08-22,16.0,8458656.50068445454552,0.0,0.0,830.48416115,319.62255386847926,0.0000810400000000003,0.01869099860346,-1.2135630490027824,-43.06784576405314,452552412.0,17.0,17.0,544926.0,10185.21110498904396,32054.4705882353,599.130064999355637005874138,10000.0,186.9099860346,544926.0,10185.21110498904396,0.05766888477163426,0.049554026670291,0.055787771924284406
2015-08-23,23.0,8938649.4055422073139292,0.0,0.0,356.44039747,334.28388717200755,0.00008637498597311501,0.0197516335534241,-10.54320805694975,-42.39339107472809,452552412.0,23.0,23.0,1269644.0,25077.5430313035880204,61430.4782608696,1213.35229562028174414812359736,31000.0,612.3006401561471,1412901.0,27907.1027992664643141,0.05778980056240371,0.05010727895520356,0.05621166784984618
2015-08-24,17.0,8138362.8534894308123904,0.0,0.0,1813.40123417,303.7910748055371,0.0000848442898889539,0.0179832493158592,-3.1486687971896377,-47.25531737879156,452552412.0,16.0,16.0,249560.0,4487.899699265821952,19035.0,342.311150727379872,5337.5,95.98559322339848,304560.0,5476.978411638077952,0.05811018028864047,0.051887214774038806,0.05747662387216912
2015-08-25,17.0,8535340.1032669956467112,0.0,0.0,193.39549135,314.1135534414456,0.00008470702279368773,0.0188604455018726,-6.215358038171118,-44.533645597114344,452552412.0,20.0,20.0,2340036.0,44134.1214504199514136,128131.8,2416.62283095683960868,24992.5,471.3696842055509555,2562636.0,48332.4566191367921736,0.0580275394338244,0.053304133678443257,0.05779289270964362
2015-08-26,11.0,9092286.4019717156234028,0.0,0.0,1360.45841989,333.9566683847204,0.00008885289538281686,0.0200911235049869,-7.403167840538632,-41.44461273602353,452552412.0,15.0,15.0,332647.0,6683.2519605633773243,22176.4666666667,445.55013070422582465745016623,23600.0,474.15051471769084,332647.0,6683.2519605633773243,0.058105639122954425,0.0551938930763749,0.0582208629376026
2015-08-27,18.0,9333142.6700213020899996,0.0,0.0,569.25977378,345.88042708292807,0.00009168379193454158,0.0206233409049233,-2.44466843209097,-43.13898730546908,452552412.0,21.0,21.0,794984.0,16395.2260459595447272,38047.380952381,784.6641079204387003257573773,7845.0,161.7901093991232885,798995.0,16477.9462663291920835,0.05813801194363464,0.054097796768302585,0.058212124252680346
2015-08-28,19.0,9418894.568572553012988,0.0,0.0,100.94352011,336.30588224566225,0.00008964445645821154,0.020812825915449,-2.2210450339572985,-40.39048451353091,452552412.0,21.0,21.0,4483224.0,93308.560651962927576,215160.428571429,4478.096543750550952211106621,45592.0,948.898359137150808,4518369.0,94040.027418761382681,0.05791489325678102,0.05420526584572547,0.058209788489256814
2015-08-29,9.0,9212042.0294367312841968,0.0,0.0,166.35039076,321.92356438785737,0.00008857017241379295,0.0203557461747364,2.1504822453906236,-37.82516479479866,452552412.0,8.0,8.0,2720477.0,55377.3392862083572628,352200.5,7169.3039806152474482,97127.0,1977.0925587136223228,2817604.0,57354.4318449219795856,0.05789619900313287,0.053483964886861746,0.05807649046674864
2015-08-30,13.0,9454603.6439258778756564,0.0,0.0,563.76455434,329.9183577272658,0.00009122247340736442,0.0208917318596147,10.243216867116649,-36.91499583410895,452552412.0,14.0,14.0,802733.0,16770.4825908640869751,57399.9285714286,1199.18391647532297585662456042,5920.0,123.679052608919024,803599.0,16788.5748306545133053,0.057927455913109833,0.05380459396873115,0.058064036248823885
2015-08-31,11.0,10108855.5254466309640812,0.0,0.0,2392.21687626,352.77424864580445,0.00009682897662185876,0.0223374249200701,22.512476788994203,-31.50982453660286,452552412.0,10.0,10.0,189177.0,4225.7270341041013077,19200.7,428.89419466278996907,5915.0,132.1258684022146415,192007.0,4288.9419466278996907,0.05810364217481934,0.05586176454019002,0.058651847341745875
2015-09-01,18.0,9956071.0980709001887656,0.0,0.0,1258.13148662,346.92470369418925,0.0000965092401103778,0.0219998188808038,13.39436285561785,-27.133473107538,452552412.0,17.0,17.0,359702.0,7913.3788510628884676,23692.5294117647,521.23135588694039631871246586,5417.0,119.1730188773141846,402773.0,8860.9330500779889374,0.05787959799628562,0.05452222132131682,0.058633056583690876
2015-09-02,14.0,10220339.5343122238121996,0.0,0.0,319.15648916,352.07614014519334,0.00009840329105786058,0.0225837698867733,21.15563672594755,-15.59109503319247,452552412.0,13.0,13.0,1417964.0,32022.9726837286155612,109074.153846154,2463.3055910560508252876748882,15148.0,342.0989462448419484,1417964.0,32022.9726837286155612,0.05777585769610746,0.05074353299173302,0.05749984844642342
2015-09-03,26.0,10410530.447148749045076,0.0,0.0,464.87675978,355.80243900672195,0.00010129155113968466,0.023004032618323,22.408878998006255,-8.994758867226818,452552412.0,29.0,29.0,973489.0,22394.172709578638947,37425.4827586207,860.9370261357956344210270861,11800.0,271.4475848962114,1085339.0,24967.173757938066497,0.05778782723119223,0.049981659223048425,0.05098205686167982
2015-09-04,23.0,10261609.4168005272494484,0.0,0.0,50.49974586,325.5905917322234,0.00009808462010520136,0.0226749634842307,13.052185707253146,-7.14176044940964,452552412.0,25.0,25.0,8961479.0,203201.2090897002492053,359037.2,8141.15539948043468204,14451.0,327.6758973106178457,8975930.0,203528.884987010867051,0.05581752733000404,0.049679242004255025,0.05062550421013369
2015-09-05,29.0,10348170.1191534833700624,0.0,0.0,513.78360011,326.2795784818008,0.00009693066686148444,0.0228662356994652,17.79820898584756,-10.668459157438338,452552412.0,30.0,30.0,880823.0,20141.1063275100358596,32631.6666666667,746.16338126638268020785664884,18947.0,433.2465677977671444,978950.0,22384.90143799145754,0.05519400953081779,0.04884241720491284,0.05060038679570281
2015-09-06,11.0,10545111.4921861039161792,0.0,0.0,867.95795926,331.5233700521475,0.00009676447395799806,0.0233014148473616,15.330859935649965,-3.0224767885013994,452552412.0,9.0,9.0,521399.0,12149.3343999994908784,80155.4444444444,1867.73526327464461753711789504,52751.0,1229.1729346131717616,721399.0,16809.6173694718108784,0.05510502628524476,0.047679535281831636,0.050141286489263
2015-09-07,17.0,10360043.6160873713731956,0.0,0.0,1141.05719501,325.061835638956,0.00009513414143775581,0.0228924724327563,16.437005190239155,3.391579985945211,452552412.0,21.0,21.0,396608.0,9079.3377066106106304,26029.4285714286,595.87797601182842518492665018,9960.0,228.009025430252748,546618.0,12513.4374962483831934,0.05444033106496348,0.045315567903140286,0.049227264575883514
2015-09-08,11.0,10151457.7499821675677384,0.0,0.0,3859.62331028,318.59225882175446,0.00009186676329631777,0.0224315625788382,26.135967759792468,1.0436571155382024,452552412.0,8.0,8.0,117253.0,2630.1680070565154646,19656.625,440.928813776255433075,11588.5,259.9481629448664807,157253.0,3527.4305102100434646,0.05429486819631005,0.04548276017731774,0.04703534667955464
2015-09-09,10.0,10290897.5290771883253228,0.0,0.0,5951.1915733,323.32915359041465,0.00009525572413793105,0.0227396810981469,28.129254766944683,4.077914149222553,452552412.0,9.0,9.0,76044.0,1729.2163094274828636,21498.0,488.8576642479620562,5000.0,113.6984054907345,193482.0,4399.7189782316585058,0.05405891575075323,0.04543809268240702,0.04704536638998645
2015-09-10,15.0,10338200.7989179388020032,0.0,0.0,1904.08083307,324.7008107643341,0.00009568234950321452,0.0228442066041136,14.47337806762265,2.8133956077263202,452552412.0,25.0,25.0,237675.0,5429.49680463269988,10219.16,233.448602360493536576,3000.0,68.5326198123408,255479.0,5836.2150590123384144,0.05401871392004542,0.04534923041119206,0.0467498173616289
2015-09-11,17.0,9799245.8609644263958644,0.0,0.0,2359.57544032,307.36405143025166,0.0000899054710695501,0.0216532839094987,10.878083460870178,-1.1585787052678385,452552412.0,18.0,18.0,191794.0,4152.9699341383936678,12823.6666666667,277.67449509410888434279698329,7833.0,169.6101728631033171,230826.0,4998.1409116939469262,0.054135187481770645,0.04635982046068672,0.04628460453613522
2015-09-12,9.0,9529208.2074124676347776,0.0,0.0,617.56353618,297.31311328172205,0.00008908999999999987,0.0210565847286048,6.098469638068373,-3.2527578336830056,452552412.0,9.0,9.0,732803.0,15430.3284588757832544,81422.5555555556,1714.48093987508796411487682688,10288.0,216.6301436878861824,732803.0,15430.3284588757832544,0.05398943080144726,0.046621758164446324,0.045885875950692184
2015-09-13,7.0,9500224.4423287464715764,0.0,0.0,534.88956785,297.8954786667544,0.00009105463237872583,0.0209925396272747,16.705194769038776,-4.263597693657969,452552412.0,7.0,7.0,846067.0,17761.0950248294236049,120866.714285714,2537.2992892613402314029636358,16014.0,336.1745295911770458,846067.0,17761.0950248294236049,0.053981419954035964,0.0465946947497206,0.045881950140184695
2015-09-14,15.0,9448285.6122835128182832,0.0,0.0,645.15783081,295.27043784523937,0.00009039999999999973,0.0208777709758036,11.590899614357228,-1.704101334709833,452552412.0,18.0,18.0,701460.0,14644.921228687193256,40191.3888888889,839.10661242167997653078862004,21646.0,451.9202305422447256,723445.0,15103.919023590235402,0.05372690657006866,0.04624856404449652,0.04581480350286268
2015-09-15,14.0,9524830.4273674986907668,0.0,0.0,2389.66523215,297.62290547925903,0.00009134999999999984,0.0210469111970339,11.663700659884865,-0.17944514161614653,452552412.0,16.0,16.0,189379.0,3985.8429955830829481,11837.3125,249.13886499903934739375,1168.0,24.5827922781355952,189397.0,3986.2218399846295583,0.05355075621779487,0.046256473823300934,0.045695080292566186
2015-09-16,11.0,9171418.0282054582704504,0.0,0.0,769.85775357,285.8862099351499,0.00008848100350672107,0.0202659797738642,1.0881101704937355,-3.433184274901698,452552412.0,10.0,10.0,587839.0,11913.1332842885574638,68505.0,1388.320944408567021,39924.5,809.1091094816412529,685050.0,13883.20944408567021,0.052749551193880875,0.046763305893337284,0.0458947132344918
2015-09-17,13.0,9534055.8343074385003416,0.0,0.0,1614.20050864,297.2004760700118,0.00009033899123319705,0.0210672964755018,9.970940223572596,17.897714807650157,452552412.0,15.0,15.0,280357.0,5906.3640379822581426,18690.4666666667,393.75760253215124508321585006,2178.0,45.8845717236429204,280357.0,5906.3640379822581426,0.052808744432441365,0.0362939609275855,0.0462376084498541
2015-09-18,14.0,9508764.7488361450358904,0.0,0.0,248.39572073,293.0103273965332,0.00009010999999999992,0.0210114110469842,11.89104766300436,13.871845516715227,452552412.0,14.0,14.0,1821901.0,38280.7107979115609642,130135.785714286,2734.3364855651175007031562812,45000.0,945.513497114289,1821901.0,38280.7107979115609642,0.05263413989831266,0.03596879334006629,0.045500337904539626
2015-09-19,11.0,9475384.4717821072960488,0.0,0.0,1281.89106463,293.78267476404994,0.00009015462302746911,0.0209376510223574,12.897077643786947,7.520508859594496,452552412.0,10.0,10.0,353035.0,7391.723628677944709,35803.5,749.6411883789731709,28192.5,590.2847264478109995,358035.0,7496.411883789731709,0.05262997115635353,0.03474831229088321,0.04398744033326783
2015-09-20,18.0,9547303.622578228255554,0.0,0.0,492.16639279,294.2841224826163,0.00009118412029945768,0.0210965699649795,26.80815397972216,11.941490066550172,452552412.0,24.0,24.0,919511.0,19398.5281450682650245,41119.4166666667,867.47865062747817184399883265,29730.5,627.21157334382302475,986866.0,20819.487615059459247,0.0526151102526611,0.03411578094082124,0.04400213668421969
2015-09-21,12.0,9091982.9630470768363332,0.0,0.0,1547.65864485,279.96777860928825,0.00008859261601402699,0.0200904529993911,4.600639372718578,7.48731742814446,452552412.0,18.0,18.0,292411.0,5874.6694520049509421,20689.5,415.66142733090216345,1446.5,29.06084026361922615,372411.0,7481.9056919562389421,0.052166076650779714,0.0353907760986185,0.044008169473661464
2015-09-22,24.0,9285842.5401855033056448,0.0,0.0,255.77152216,282.74931136665,0.00008896999999999993,0.0205188223373904,2.2446480505386344,3.884178905462237,452552412.0,36.0,36.0,1769362.0,36305.2245285297529248,72318.1666666667,1483.88361359912252956074457968,43760.5,897.9139248953725992,2603454.0,53419.8100895683864416,0.052167775059306025,0.034163300586220545,0.04365753088681043
2015-09-23,32.0,8745108.846270019693002,0.0,0.0,270.73267751,263.4522396372482,0.00008396890648743432,0.0193239691456335,-14.373129394953438,7.455381428716212,452552412.0,52.0,52.0,1671584.0,32301.637640334628464,38261.8653846154,739.3711061466904390129868559,35468.0,685.382537657328978,1989617.0,38447.2975196278873695,0.052237962316924576,0.03136263650025974,0.044157061924929374
2015-09-24,13.0,9117493.0230380247662892,0.0,0.0,855.43808858,273.9364701510758,0.00008598000000000007,0.0201468222934541,13.002781286698065,6.820500562692327,452552412.0,14.0,14.0,529030.0,10658.273397906022523,37895.0,763.4638308104431195,10183.0,205.1550914142431003,530530.0,10688.493631346203673,0.051716482888707095,0.031085385986225768,0.04464167944688599
2015-09-25,8.0,9240005.7453473037269352,0.0,0.0,2847.22647457,279.51439856981534,0.00008668460315604904,0.0204175372848246,11.198458435048334,1.6246666332855004,452552412.0,8.0,8.0,158945.0,3245.265463736446047,28774.625,587.506978794346055775,1159.5,23.6741344817541237,230197.0,4700.0558303547684462,0.051723728985992395,0.028971859999941296,0.044674353011529215
2015-09-26,10.0,9217872.510695795199864,0.0,0.0,882.54004025,281.6249824372159,0.00008682583308753376,0.020368629723922,2.5657135001747484,-1.235062651466391,452552412.0,12.0,12.0,512784.0,10444.707424351618848,51065.3333333333,1040.1308663953175583790092026,59665.0,1215.29429247780613,612784.0,12481.570396743818848,0.05093854228280814,0.028567748451047696,0.043883279478586903
2015-09-27,12.0,9055544.1433113359502072,0.0,0.0,1042.55531699,282.26315022754295,0.00008578996142606666,0.0200099345472306,3.986298210252328,-3.857675894086193,452552412.0,13.0,13.0,434080.0,8685.912388261858848,33390.7692307692,668.14710678937314184816777752,19990.0,399.998591599139694,434080.0,8685.912388261858848,0.050956253708174,0.028679531979496048,0.043738313115152506
2015-09-28,12.0,9200147.2322248486660728,0.0,0.0,1274.74525512,289.79914502209556,0.0000847000000000002,0.0203294623744594,13.740699086589144,-0.12912226381374478,452552412.0,16.0,16.0,355014.0,7217.2437554063294316,27079.125,550.504052820782900025,10224.5,207.8585880476601353,433266.0,8808.0648451325264004,0.050466912149540535,0.028564716945020573,0.04324963176817747
2015-09-29,8.0,9107757.3707055545041536,0.0,0.0,2701.5151327,288.7033863688918,0.0000847966162216434,0.0201253095314528,3.0091972844884007,-3.6685437727805232,452552412.0,6.0,6.0,167518.0,3371.3516020899101504,32086.3333333333,645.74739006270435422301561824,25000.0,503.13273828632,192518.0,3874.4843403762301504,0.05031869950368727,0.028187926212952626,0.04317521658779863
2015-09-30,16.0,9049895.8458367823304564,0.0,0.0,606.73459341,285.8222634686925,0.00008447016306253652,0.0199974535675147,-2.030013396500402,-10.475564488424736,452552412.0,19.0,19.0,745882.0,14915.7406618449994654,44335.3684210526,886.59447139865688789093997322,12055.0,241.0693027563897085,842372.0,16845.2949565744928684,0.04999339857192118,0.025082118390646325,0.04316607727700359
2015-10-01,28.0,8541903.3123173497271784,0.0,0.0,124.65535395,264.52176845591305,0.00007922999999999988,0.0188749481514582,-10.469359118340561,-14.20407479841683,452552412.0,32.0,32.0,3630429.0,68524.1591425502415678,122035.9375,2303.4219929270934290625,72978.0,1377.4559661971165196,3905150.0,73709.50377366698973,0.05017683567760771,0.02689410160253224,0.042710628981074965
2015-10-02,16.0,8345064.7788017410825392,0.0,0.0,1913.91311629,258.8471278280197,0.0000774994880187024,0.0184399962468916,-8.087870635707706,-18.348458475520488,452552412.0,17.0,17.0,236454.0,4360.2108725625063864,13909.0588235294,256.48299250367662931769121304,5115.0,94.320580802850534,236454.0,4360.2108725625063864,0.05014613807727696,0.026421865866002845,0.040113397975385344
2015-10-03,10.0,8538417.5473282693825584,0.0,0.0,1844.99894817,273.97294873126896,0.00007870012741087101,0.0188672456955732,3.50519543338547,-17.982877138918667,452552412.0,10.0,10.0,245286.0,4627.8712276843679352,24528.6,462.78712276843679352,15050.0,283.95204771837666,245286.0,4627.8712276843679352,0.05017223266314759,0.026580869619445873,0.03972720250285692
2015-10-04,16.0,8533501.8777670958963784,0.0,0.0,1176.73229256,274.5357929209557,0.00007872672715554566,0.0188563835955582,13.458404500766921,-16.840511744718487,452552412.0,16.0,16.0,384584.0,7251.8634287141547888,30421.3125,573.6359379803496141375,13280.0,250.412774149012896,486741.0,9178.1750076855938262,0.05002783420027804,0.02656086357148769,0.039538547770712015
2015-10-05,13.0,8562415.865293581154812,0.0,0.0,49.76319443,263.31584695445815,0.00007851999999999999,0.018920274510201,1.3291148052840023,-17.256715277173885,452552412.0,16.0,16.0,9094119.0,172063.227908434607919,568382.4375,10753.9517442771629949375,37962.0,718.251460956250362,9094119.0,172063.227908434607919,0.05000308539574269,0.026481784633903823,0.03897347101888924
2015-10-06,11.0,8770973.8885142725412256,0.0,0.0,1067.99549724,269.8240367904462,0.00007848499123319716,0.0193811228400088,12.184031233296404,-16.82426596424763,452552412.0,15.0,15.0,423740.0,8212.556992225328912,28965.4666666667,561.38326758484754214409466696,22677.0,439.5057226428795576,434482.0,8420.7490137727034416,0.05003270200381809,0.02666905068650933,0.0383881909323066
2015-10-07,8.0,8787757.275500313760182,0.0,0.0,1102.72130333,270.6130308905615,0.00007966951724137938,0.0194182089023985,1.539773837850475,-15.176445185477473,452552412.0,11.0,11.0,410396.0,7969.155260708734806,41854.1818181818,812.7332459844232656689290473,46620.0,905.27689902981807,460396.0,8940.065705828659806,0.05001508080499157,0.02661614689672982,0.036994903645384956
2015-10-08,10.0,8908675.37338187090721,0.0,0.0,28.15235922,249.08591952275688,0.000081,0.0196854002700175,0.1913805916621003,-12.242403083463362,452552412.0,11.0,11.0,16075115.0,316445.0731615623645125,1461374.09090909,28767.733923778378878045209075,25750.0,506.899056952950625,16075115.0,316445.0731615623645125,0.050017777196239135,0.026685807291950477,0.03704665603408737
2015-10-09,14.0,9180846.2332429860061044,0.0,0.0,61.93381253,246.11924505617304,0.0000829900000000001,0.0202868131730187,-0.6996196695162352,-10.786729657911032,452552412.0,12.0,12.0,7307033.0,148236.4133200823505171,608919.416666667,12353.0344433402026386960576729,14690.5,298.02342891823121235,7307033.0,148236.4133200823505171,0.04990269280793896,0.02723180467328296,0.03722933589575848
2015-10-10,8.0,9043706.2732049005670568,0.0,0.0,2375.81522761,242.36525479013693,0.00008124942139099947,0.0199837765381414,6.257525207765058,-12.52146820217041,452552412.0,7.0,7.0,190483.0,3806.5697063147882962,27213.1428571429,543.82136575766250913328020606,14807.0,295.8997792002597098,190492.0,3806.7495603036315688,0.04938869278218424,0.02725914634902714,0.037194774304134356
2015-10-11,16.0,8922972.9554213157080028,0.0,0.0,46.52671872,227.09250952733856,0.0000793350461718294,0.0197169934770369,-0.310828592049438,-8.94224839315205,452552412.0,14.0,14.0,9726721.0,191781.6945099578330049,701622.928571429,13833.8947059823924076329187301,34714.0,684.4557115618589466,9822721.0,193674.5258837533754049,0.04918179181305912,0.02570848360748209,0.037190928010492355
2015-10-12,7.0,8702939.012022417872346,0.0,0.0,2538.19420405,221.5247728711535,0.00007814418585622435,0.0192307869348455,-6.996552780915252,-8.670911343371866,452552412.0,6.0,6.0,178297.0,3428.7916181221481135,29716.1666666667,571.46526968702532660956449485,27022.5,519.66393994686252375,178297.0,3428.7916181221481135,0.04902766037844952,0.02561499368772891,0.037307046917191916
2015-10-13,15.0,9008903.6498365825919076,0.0,0.0,581.43430232,229.26206227177443,0.00007947766277030988,0.0199068735707823,-11.087529571116985,-5.171675632241471,452552412.0,16.0,16.0,778338.0,15494.2761613355538174,48646.125,968.3922600834721135875,29647.0,590.1790807529828481,778338.0,15494.2761613355538174,0.048381799087010915,0.026517748721627498,0.0375871765309147
2015-10-14,4.0,8959905.830004038557362,0.0,0.0,33622.02169391,228.32583352584976,0.00007821135242548222,0.0197986036366635,-22.817738431082883,-5.168977762955667,452552412.0,3.0,3.0,13460.0,266.48920494949071,4653.33333333333,92.129502255940754004654544455,500.0,9.89930181833175,13960.0,276.38850676782246,0.048312444831455456,0.026517611903109757,0.037380941434241255
2015-10-15,6.0,8835468.6826212013359048,0.0,0.0,632.4521656,225.540673338273,0.00007665556224430187,0.0195236362647454,-14.260535238596175,-7.237522494527242,452552412.0,7.0,7.0,715552.0,13970.1769765111004608,102221.714285714,1995.7395680730087733610672156,71082.0,1387.7791129706325228,715552.0,13970.1769765111004608,0.048321965110139926,0.026541166444677935,0.03740941099937324
2015-10-16,16.0,8864705.5030658314146528,0.0,0.0,260.26708765,224.37695293085088,0.00007455445353594383,0.0195882405396744,-10.880154435335164,-3.34422140825305,452552412.0,16.0,16.0,1738800.0,34060.03265038584672,108675.0,2128.75204064911542,24520.0,480.303658032816288,1738800.0,34060.03265038584672,0.04832308237658687,0.025703514257728793,0.03741133232806317
2015-10-17,20.0,8086636.53095662154232,0.0,0.0,540.8777483,204.48965155266166,0.00006571135417884284,0.01786895023986,-12.47267450381533,-15.181569402419576,452552412.0,19.0,19.0,836700.0,14950.950665690862,62536.8421052632,1117.467719736929805008431152,24990.0,446.5450664941014,1188200.0,21231.886675001652,0.048448812133288596,0.029495569622859787,0.03325232879581971
2015-10-18,20.0,7951886.1880659753172764,0.0,0.0,311.58873398,202.0109996922367,0.0000666884850964349,0.0175711939152497,-17.722879010628027,-16.373089480005564,452552412.0,21.0,21.0,1452403.0,25520.4547560904100291,69409.0952380952,1219.60067191060530551166037144,5320.0,93.478751629128404,1457591.0,25611.6141101227254727,0.047964192309421526,0.029561746608121615,0.033051122329882554
2015-10-19,50.0,7925936.7259905259254984,0.0,0.0,107.91879914,198.99851873964684,0.00006624933021624773,0.0175138536793182,-24.951644785516798,-16.352346972366867,452552412.0,67.0,67.0,4193453.0,73443.5222530979437446,62588.8507462687,1096.17197392683573932501000034,20989.0,367.5982748752096998,4193453.0,73443.5222530979437446,0.0478554995723969,0.029562488158544398,0.03226237225919937
2015-10-20,102.0,7172397.0388407369411132,0.0,0.0,45.20891111,176.558651122199,0.00005851876095850384,0.0158487654659561,-24.194006395416547,-24.87515509741538,452552412.0,166.0,166.0,10010248.0,158650.0728080561181128,60302.6987951807,955.72333016901239691259776727,13803.0,218.7605097265920483,10010248.0,158650.0728080561181128,0.048399054977436635,0.034040084291315775,0.0344464272204308
2015-10-21,39.0,7689143.7717628972683492,0.0,0.0,46.92035547,181.5264637847575,0.00006338830450029246,0.0169906149384591,-27.084789857926772,-15.429408490818746,452552412.0,53.0,53.0,9645119.0,163876.5029646156961329,185568.283018868,3152.9192415645847753841462988,20000.0,339.812298769182,9835119.0,167104.7198029229251329,0.04855504125779641,0.03612521391935714,0.03568385103487445
2015-10-22,33.0,6958786.5668903057405436,0.0,0.0,61.01913918,160.0427581479915,0.00005583121917007574,0.0153767527967353,-33.37077653703133,-25.06025665656732,452552412.0,43.0,43.0,7416565.0,114042.6866059191402445,194943.581395349,2997.5992604265283325458041197,6740.0,103.639313849995922,8382574.0,128896.7681983406106622,0.04910344482676481,0.03962047908395591,0.03708629398077901
2015-10-23,15.0,7145230.7131067907262452,0.0,0.0,1397.0081619,165.13296572044024,0.00005666910344827598,0.0157887363400171,-33.76076116922292,-18.294547972900453,452552412.0,19.0,19.0,323944.0,5114.6664049304994424,17049.6842105263,269.19296868055235293574199973,5950.0,93.942981223101745,323944.0,5114.6664049304994424,0.048805877242520196,0.03896794978232447,0.035370250290238194
2015-10-24,44.0,6221557.4525746105734348,0.0,0.0,264.99626823,143.37173893138095,0.000048473786090005936,0.0137477058736229,-37.10309429241932,-31.762410600655045,452552412.0,49.0,49.0,1707769.0,23477.9059120911063101,35128.2040816327,482.93221758288579954129610883,14584.0,200.4965424609163736,1721282.0,23663.6786615613725578,0.04976341286948078,0.044702567807430836,0.038909145358176946
2015-10-25,31.0,6297181.7053639469467596,0.0,0.0,100.09962619,142.97263819656948,0.000048644736411455447,0.0139148119386533,-33.33652870286152,-31.8487252182195,452552412.0,34.0,34.0,4521020.0,62909.143070890342366,193565.382352941,2693.4258932746942205008343553,37097.0,516.1977784882214701,6581223.0,91576.4803713396869859,0.04967154559626621,0.044677688376398204,0.03793152313750252
2015-10-26,31.0,6260468.0642803320636732,0.0,0.0,232.44017067,143.95716347740083,0.00004825086499123321,0.0138336862168361,-32.448592413304894,-32.083373283627985,452552412.0,38.0,38.0,1946963.0,26933.6752177898637643,51235.8684210526,708.78092678394334641780367886,28500.0,394.26005717982885,1946963.0,26933.6752177898637643,0.049517378298285626,0.0446544803872926,0.03769436732006786
2015-10-27,24.0,7187268.7517491941724956,0.0,0.0,70.04509794,162.16944940116642,0.000053733491525423745,0.0158816273235313,-18.974926465567922,-20.631287993246648,452552412.0,21.0,21.0,6460872.0,102609.1612890383172936,307660.571428571,4886.1505375732463980454327723,22629.0,359.3853447041897877,6460872.0,102609.1612890383172936,0.05045565529222641,0.05245038764976359,0.04203425694935355
2015-10-28,58.0,6544679.5290851147736888,0.0,0.0,24.84935005,138.8835119600973,0.000047502317358270014,0.0144617051098274,-26.739196797968056,-28.863317467774575,452552412.0,75.0,75.0,18211841.0,263374.2740490641462434,247118.56,3573.755741885188936544,23990.0,346.936305584759326,18533892.0,268031.6806413891702408,0.05084112726691625,0.05452451587775467,0.04352976176714328
2015-10-29,14.0,7455076.879886748280428,0.0,0.0,1322.77306474,158.16228586420712,0.00005231652717708952,0.016473399947069,-11.127579314262197,-18.145855489459283,452552412.0,14.0,14.0,342124.0,5635.945483491034556,24773.1428571429,408.0978902315906242885691601,9217.5,151.8435640121085075,346824.0,5713.370463242258856,0.05101070040507694,0.06034551855039806,0.04677572119155733
2015-10-30,14.0,7636678.3123307613005472,0.0,0.0,1040.51302732,162.431291936317,0.000051370097603740626,0.0168746825999256,-1.2284339326184828,-15.615843072449751,452552412.0,15.0,15.0,434932.0,7339.3394525508410592,31328.8,528.66355623654913728,28553.0,481.8228122756756568,469932.0,7929.9533435482370592,0.05055850571980714,0.06060611930321139,0.04599603757414936
2015-10-31,13.0,6956377.6642052657282604,0.0,0.0,329.44817234,150.80825753623694,0.00004893497369959097,0.0153714298714317,-17.273453306434554,-18.561737239823,452552412.0,11.0,11.0,1373668.0,21115.2413286298404756,124878.909090909,1919.5673935118022821972844153,40000.0,614.857194857268,1373668.0,21115.2413286298404756,0.05101734937738714,0.06199108282187223,0.04738316770111463
2015-11-01,44.0,7503654.5123777171221404,0.0,0.0,185.78783475,166.107287252493,0.00005026687551139691,0.0165807413979217,-3.1626427247588116,-10.082728998837588,452552412.0,57.0,57.0,2435856.0,40388.2984185759604752,43882.6140350877,727.60627518059844327165723309,8652.0,143.4565745748185484,2501309.0,41473.5576852941295053,0.05117279583298865,0.06369767080296637,0.04837437277442981
2015-11-02,17.0,7466013.407855706980094,0.0,0.0,1054.84663257,166.0804600133611,0.0000452463354763296,0.0164975662705245,-20.50096761941349,-12.559752829236201,452552412.0,18.0,18.0,429022.0,7077.818876512962039,29391.1111111111,484.88180331990434336037477195,2482.5,40.95520826657707125,529040.0,8727.87245975828148,0.05102418918266046,0.06350158941375666,0.04827519378592938
2015-11-03,51.0,6823635.3325575966775452,0.0,0.0,292.94812279,157.65982507471446,0.00003760848509643473,0.0150781106267921,-31.483040047502897,-20.037102817828277,452552412.0,50.0,50.0,1544821.0,23292.9819365915987141,30921.1,466.23176650210120331,7841.0,118.2274654246768561,1546055.0,23311.5883251050601655,0.05142948704200973,0.06538188436800459,0.04948094060842548
2015-11-04,43.0,5553200.3725350643617672,0.0,0.0,181.5721452,130.3708639233418,0.000030262389830508385,0.0122708447138606,-44.8686239645025,-35.14446787098841,452552412.0,50.0,50.0,2492411.0,30583.9883441180119066,50657.0,621.6041806700364142,35637.5,437.3022284902071325,2532850.0,31080.20903350182071,0.05355128334753487,0.07469886813314948,0.05571474374541444
2015-11-05,17.0,5766888.7698090738378816,0.0,0.0,517.92844832,137.65108576326153,0.000033155510812390335,0.0127430295737968,-45.70914991802974,-34.250302838537635,452552412.0,18.0,18.0,873774.0,11134.5279228147251232,60210.5,767.2641821530922264,26895.0,342.723780387264936,1083789.0,13810.7552787556600752,0.053607091870825276,0.07498350958149293,0.05593585747913907
2015-11-06,6.0,5981950.3812996272229456,0.0,0.0,2713.24155545,142.91561551023682,0.00003543999999999997,0.0132182488098188,-43.81815387717978,-31.928588902006773,452552412.0,5.0,5.0,166794.0,2204.7245919849169272,33556.8,443.56213166132750784,11220.0,148.308751646166936,167784.0,2217.8106583066375392,0.05329881655226986,0.07550294298200871,0.056248703223259436
2015-11-07,3.0,6288786.663665322925992,0.0,0.0,38989.61075213,151.4187949315023,0.000035953681472822935,0.013896261508966,-41.78806713306169,-29.40828574295662,452552412.0,2.0,2.0,11607.0,161.293907334568362,5803.5,80.646953667284181,5803.5,80.646953667284181,11607.0,161.293907334568362,0.05344038106979723,0.07623096806072219,0.05674282307185616
2015-11-08,36.0,5898570.193140823584048,0.0,0.0,107.17981625,141.8042194797499,0.000035000000000000065,0.013034004541204,-44.27927835002071,-35.75134531953436,452552412.0,50.0,50.0,4222366.0,55034.337618625368664,84447.32,1100.68675237250737328,17892.0,233.204409251221968,4222366.0,55034.337618625368664,0.05360787595336955,0.07639282262642717,0.057126326057475016
2015-11-09,14.0,6075012.1384227603280992,0.0,0.0,405.58305513,152.02739083505494,0.00003527999999999997,0.0134238863330216,-43.67908658199811,-32.826078657352255,452552412.0,15.0,15.0,1115807.0,14978.4663375898324312,74387.1333333333,998.56442250598838128378889928,30100.0,404.05897862395016,1115807.0,14978.4663375898324312,0.05287872063630444,0.0768180475000017,0.057318717079629065
2015-11-10,7.0,5777308.4111259073527828,0.0,0.0,228.51565946,151.76935333517994,0.00003778833956750439,0.0127660537386019,-49.51169362728966,-35.25354789273683,452552412.0,8.0,8.0,1980400.0,25281.89282392720276,247550.0,3160.236602990900345,25947.0,331.2407963555034993,1980400.0,25281.89282392720276,0.05294164482255237,0.077114320220064,0.057276755779363316
2015-11-11,5.0,6814454.27850251943177,0.0,0.0,1505.65231943,187.14605244796576,0.00004874309468147276,0.0150578233543975,-43.09506002538112,-21.699390641610915,452552412.0,7.0,7.0,300569.0,4525.9149078079021775,42938.4285714286,646.5592725439864555806672685,32600.0,490.8850413533585,300569.0,4525.9149078079021775,0.05431859484040891,0.08374699075222877,0.06145354171779946
2015-11-12,11.0,7420186.1128383058906368,0.0,0.0,380.61406923,203.59247815875895,0.00004857832729398001,0.0163963022096064,-42.206943932389244,-17.634970899340175,452552412.0,13.0,13.0,1189006.0,19495.3017050352672384,136174.615384615,2232.760147123064595883765536,80264.0,1316.0328005518480896,1770270.0,29025.881912599921728,0.05440666256766325,0.08513500807808685,0.0625604211437879
2015-11-13,12.0,6970170.4754125137056688,0.0,0.0,2284.37222121,191.87004119168344,0.000045665189947399346,0.0154019076919924,-39.64392184293505,-22.207101194395346,452552412.0,10.0,10.0,198108.0,3051.2411290452303792,38906.3,599.23124123696391212,1872.0,28.8323711994097728,389063.0,5992.3124123696391212,0.054524486013336586,0.08574788580159133,0.06301389848178693
2015-11-14,3.0,6493607.9924809916886804,0.0,0.0,34838.52286374,178.90369282469067,0.000043083552308591454,0.0143488529069667,-41.94489529887444,-26.505223143923295,452552412.0,3.0,3.0,12990.0,186.391599261497433,7695.33333333333,110.419206070077697570490310111,5048.0,72.4330094743679016,23086.0,331.2576182102332362,0.054756362987596244,0.08650078423608874,0.06355582583617464
2015-11-15,5.0,6771991.5400224543741012,0.0,0.0,10697.37411653,186.81300399110262,0.00004677300175336069,0.0149639939164051,-38.91646188101216,-23.607258721901346,452552412.0,5.0,5.0,42305.0,633.0517626335177555,8461.0,126.6103525267035511,10586.0,158.4088395990643886,42305.0,633.0517626335177555,0.054211397501214204,0.08699672136005532,0.06372164369513765
2015-11-16,5.0,6910746.4966965695843352,0.0,0.0,8753.93953227,190.9176860163479,0.00004611624897720633,0.0152705991912746,-41.38875379870261,-14.541151067673235,452552412.0,3.0,3.0,51697.0,789.4441663913229962,17232.3333333333,263.14805546377382304669362418,6448.0,98.4648235853386208,51697.0,789.4441663913229962,0.0537659042612412,0.08571217670779524,0.06355050748183279
2015-11-17,4.0,6897185.3343148302900132,0.0,0.0,153.54693463,190.26896790227244,0.00004537931502045587,0.0152406332425311,-45.75094933685418,-13.263530548689427,452552412.0,2.0,2.0,2947323.0,44919.0688902764892453,1473661.5,22459.53444513824462265,1473661.5,22459.53444513824462265,2947323.0,44919.0688902764892453,0.05346125087370101,0.08568594340822404,0.06355106984815795
2015-11-18,6.0,6930759.8750406451743516,0.0,0.0,171.87370853,189.68736850797634,0.00004561451431911173,0.0153148225294193,-40.32985092199846,-12.555952505733762,452552412.0,7.0,7.0,2633052.0,40324.7240907325467036,376150.285714286,5760.6748701046539047492941198,20618.0,315.7610109115671274,2633052.0,40324.7240907325467036,0.05306509543759881,0.08570360247936466,0.06356435845320357
2015-11-19,36.0,6284616.40671734473032,0.0,0.0,317.01046609,172.51729378261433,0.00004256798947983642,0.01388704653886,-46.87541161741158,-12.377739649879771,452552412.0,48.0,48.0,1427563.0,19824.63381815459818,34408.0208333333,477.825786622563976681782038,10791.5,149.86206272410769,1651585.0,22935.6377578830931,0.05355207621187332,0.08562620248708748,0.0646530916039897
2015-11-20,17.0,5392661.2628394765213552,0.0,0.0,1576.89261647,148.33857328217402,0.00003701337405026304,0.0119161032398596,-53.54438455794075,-29.866557019740885,452552412.0,14.0,14.0,286990.0,3419.802468807306604,20891.3571428571,248.94356853506348562414686316,10000.0,119.161032398596,292479.0,3485.2099594908959484,0.05472830118886336,0.08859037068206876,0.06714886607930495
2015-11-21,15.0,5612838.24699723681738,0.0,0.0,1093.63160121,155.3420610401143,0.000038055927527761465,0.012402625857615,-54.03559489568808,-19.341710037451783,452552412.0,14.0,14.0,413807.0,5132.293398262090305,29557.6428571429,366.5923855901498390411081835,24849.5,308.1990512488039425,413807.0,5132.293398262090305,0.0543990137505108,0.08747318095415729,0.06733535871152081
2015-11-22,13.0,5679627.3444860638845312,0.0,0.0,1826.67898574,157.25719880122713,0.00003876908007013441,0.0125502089788576,-55.04617669997936,-20.511631149044778,452552412.0,17.0,17.0,247746.0,3109.2640736760549696,16568.1764705882,207.93407710447324872203604032,6377.0,80.0326826581749152,281659.0,3534.8793107760527584,0.054379885733408406,0.08732016604991812,0.06704016960825827
2015-11-23,17.0,5411267.0021326099582464,0.0,0.0,297.66272175,151.03283107110997,0.00003701780596142599,0.0119572161337472,-61.29467977527408,-13.023916545312709,452552412.0,19.0,19.0,1520353.0,18179.1894205909567616,106334.368421053,1271.4630256560337085322598016,41990.0,502.083505456044928,2020353.0,24157.7974874645567616,0.05437584758963991,0.08416085810500784,0.06693545275764855
2015-11-24,12.0,5265977.4116503922694612,0.0,0.0,1053.45192393,147.05450075658496,0.00003636742723553475,0.0116361713516851,-62.537141761121276,-16.37564774151544,452552412.0,9.0,9.0,429590.0,4998.782850970402109,47732.2222222222,555.42031677448886464063662922,50000.0,581.808567584255,429590.0,4998.782850970402109,0.053905768745449494,0.084197257057476,0.06691389149000994
2015-11-25,13.0,5429030.290342928673066,0.0,0.0,1165.47405994,152.16195795788258,0.0000364678100526007,0.0119964674729055,-61.55419847584963,-13.280760566150754,452552412.0,11.0,11.0,388299.0,4658.2163232617327445,48936.2727272727,587.06240401795946777815982985,17000.0,203.9399470393935,538299.0,6457.6864441975577445,0.053876212966877876,0.08445996652453804,0.06710644585094228
2015-11-26,10.0,5603778.6024544325506908,0.0,0.0,853.00337769,161.41998118097428,0.00003475767833484376,0.0123826068624609,-59.473700585527666,-22.031876140841145,452552412.0,10.0,10.0,530540.0,6569.468244810005886,53054.0,656.9468244810005886,15189.5,188.08560693734984055,530540.0,6569.468244810005886,0.05393331683348041,0.08039289155692694,0.0672981008474697
2015-11-27,10.0,5693314.6389356507001576,0.0,0.0,1103.60064282,166.67813751418572,0.0000350168252483929,0.0125804536402198,-56.23544055894681,-13.008503875032023,452552412.0,7.0,7.0,410069.0,5158.8540437912931662,58581.2857142857,736.97914911304170116494799686,9990.0,125.678731865795802,410069.0,5158.8540437912931662,0.05394107298413193,0.07885472572111207,0.06729815604323701
2015-11-28,9.0,5881660.6303929994651872,0.0,0.0,363.53796102,172.22531637048687,0.000036449329047340695,0.0129966396696456,-50.899897047174015,-21.10529877617641,452552412.0,8.0,8.0,1244856.0,16178.9448725963430336,155607.0,2022.3681090745428792,27896.0,362.5542602244336576,1244856.0,16178.9448725963430336,0.05397962219460194,0.07501591392216019,0.06750049601260318
2015-11-29,9.0,5925636.0579117334966476,0.0,0.0,575.17076717,173.1706250285268,0.00003522610578608997,0.0130938116796773,-50.28511374009192,-22.40558243308808,452552412.0,5.0,5.0,786814.0,10302.3943429336151222,157362.8,2060.47886858672302444,20000.0,261.876233593546,786814.0,10302.3943429336151222,0.05379076204218286,0.07483283301082824,0.06752725239530379
2015-11-30,10.0,5631955.9356138731259984,0.0,0.0,134.4446969,162.79208262172762,0.00003297616598480429,0.0124448700001932,-56.2935042921375,-19.038956659963084,452552412.0,10.0,10.0,3366086.0,41890.5026794703278152,348508.2,4337.13924300133178424,74747.5,930.222920339441217,3485082.0,43371.3924300133178424,0.053903934030648276,0.07356324802208987,0.0674448304533472
2015-12-01,11.0,5569334.2836396330678444,0.0,0.0,2455.10745344,162.53521483243964,0.000033945921683226066,0.0123064956366637,-60.66618606170328,-25.778375397578728,452552412.0,8.0,8.0,184331.0,2268.4686472018564847,23041.375,283.5585809002320605875,5000.0,61.5324781833185,184331.0,2268.4686472018564847,0.05380910742082869,0.07188334710717906,0.06741309509921903
2015-12-02,10.0,5568640.2839162389844628,0.0,0.0,352.08332322,162.86234586234949,0.00003425443950905899,0.0123049621132419,-61.485088311283235,-25.413470620653595,452552412.0,9.0,9.0,1285356.0,15816.2568820281556164,262814.777777778,3233.9258833556475180693584982,40000.0,492.198484529676,2365333.0,29105.3329502008030527,0.053685866001469615,0.07190046909014502,0.06730692129153969
2015-12-03,6.0,5714788.4048279492253084,0.0,0.0,2517.95700217,178.81210798809855,0.00003495999999999989,0.0126279039803857,-72.83713711612664,-16.25009065825965,452552412.0,6.0,6.0,179730.0,2269.613182394721861,29955.0,378.2688637324536435,17330.5,218.84788993207437385,179730.0,2269.613182394721861,0.053690746323490426,0.07054342848415737,0.06743729071617245
2015-12-04,17.0,6003372.2136990895618416,0.0,0.0,1457.51916134,188.89390350996305,0.00003651999999999996,0.0132655843931268,-67.56261259028484,8.106529765979245,452552412.0,21.0,20.0,310495.0,4118.897626143905766,15524.75,205.9448813071952883,7718.5,102.3904131383492058,310495.0,4118.897626143905766,0.053740238141736604,0.06021346075807411,0.06781244319649404
2015-12-05,19.0,6493970.50134208724088,0.0,0.0,624.33422914,204.4553368878795,0.00003685418351841037,0.01434965393874,-70.4026733007083,12.607868134017869,452552412.0,27.0,27.0,724856.0,10401.43275541932144,26846.5185185185,385.23825020071534315455669,13000.0,186.54550120362,724856.0,10401.43275541932144,0.0540565212179328,0.061482140395538294,0.06858125318384531
2015-12-06,11.0,7146383.2449547804988748,0.0,0.0,519.45511395,224.6282111640513,0.00004014877966101698,0.0157912830767429,-71.93603477348196,19.46577269004646,452552412.0,9.0,9.0,871206.0,13757.4605641568749374,98800.6666666667,1560.18929550425020830943589143,18000.0,284.2430953813722,889206.0,14041.7036595382471374,0.05452402603106883,0.06347987825884069,0.06980046798818136
2015-12-07,5.0,6965112.4717300794345912,0.0,0.0,890.0417573,218.5338996955311,0.000038929717708942176,0.0153907310778626,-73.27238395475119,10.754472114189518,452552412.0,4.0,4.0,508462.0,7825.6019053121733212,127115.5,1956.4004763280433303,91570.5,1409.3369401654172133,508462.0,7825.6019053121733212,0.05455573030120598,0.06317075768435486,0.06982186733300598
2015-12-08,18.0,7485534.2693241145393332,0.0,0.0,509.68791791,233.80626218866797,0.00003997282466393926,0.0165407012996411,-62.87027081743326,26.904216178162958,452552412.0,17.0,17.0,887901.0,14686.5052246526323311,65371.4705882353,1081.28996851827357062177235083,20000.0,330.814025992822,1111315.0,18381.9294648106490465,0.05477095837016882,0.06304631133552932,0.07037818215741684
2015-12-09,11.0,7424500.9435291971331692,0.0,0.0,196.97225037,229.33207644757795,0.00003928293395675038,0.0164058366426941,-62.28737339913067,22.21376310627095,452552412.0,10.0,10.0,2297544.0,37693.1315434019732904,229754.4,3769.31315434019732904,28000.0,459.3634259954348,2297544.0,37693.1315434019732904,0.05477236347639905,0.06297769901229831,0.07036450574323068
2015-12-10,6.0,7371308.7439512484302456,0.0,0.0,12490.75134553,227.96780199002757,0.00003918,0.0162882984345938,-63.65261772967228,27.59070867249575,452552412.0,3.0,3.0,36231.0,590.1413405837679678,12077.0,196.7137801945893226,8550.0,139.26495161577699,36231.0,590.1413405837679678,0.05477487516076633,0.06212028317858601,0.07035384807939365
2015-12-11,7.0,7710684.3997149754141224,0.0,0.0,12068.06432,239.68169132762378,0.00003754055756867323,0.0170382130229702,-65.77056737002701,13.151898663988135,452552412.0,4.0,4.0,37500.0,638.9329883613825,9375.0,159.733247090345625,7000.0,119.2674911607914,37500.0,638.9329883613825,0.05487780227917014,0.055131311424615796,0.07056632918654109
2015-12-12,20.0,7498524.7930855104231792,0.0,0.0,317.67092542,232.61736049404078,0.000038015805376972565,0.0165694063146116,-68.87400492842906,1.0557508808527551,452552412.0,13.0,13.0,1424595.0,23604.693388764112302,109584.230769231,1815.7456452895509238629956796,10000.0,165.694063146116,1424595.0,23604.693388764112302,0.05486928429468846,0.053232137084832355,0.07047831166638814
2015-12-13,14.0,7297433.2907957572922688,0.0,0.0,365.8464399,225.9662075026253,0.00003712000000000004,0.0161250566725424,-70.84704844675252,4.695190979010806,452552412.0,12.0,12.0,1237001.0,19946.7112289916213424,103083.416666667,1662.2259357493071535522241808,29093.5,469.1343363026123144,1237001.0,19946.7112289916213424,0.05471742264057879,0.05217156442286003,0.07054662715691797
2015-12-14,10.0,6975539.8515753587566488,0.0,0.0,1263.99283867,215.88487255032695,0.00003479472121566335,0.0154137723424074,-71.58099509576724,7.42163462365453,452552412.0,9.0,9.0,358034.0,5518.6545668414910516,78032.7777777778,1202.77947191233422952827427572,3053.0,47.0582469613697922,702295.0,10825.015247211004983,0.05480271910292909,0.05114318453108518,0.07073982580187625
2015-12-15,12.0,7121639.5970551100702472,0.0,0.0,1238.84460529,220.8747072031947,0.00003386999999999989,0.0157366073149006,-65.68164748972814,5.1631496431476025,452552412.0,15.0,15.0,365302.0,5748.6141253478189812,43989.1333333333,692.23971738947062225975616998,5909.0,92.9876126237476454,659837.0,10383.5957608420672022,0.054825965724029896,0.05072138187403028,0.07080580113157844
2015-12-16,10.0,7144008.202982125135518,0.0,0.0,1200.91713437,221.56522064708403,0.0000347600923436588,0.0157860349730765,-63.874282631204125,3.3753474591646127,452552412.0,8.0,8.0,376839.0,5948.7936332191751835,47408.0,748.384346003610712,2450.5,38.68367870152396325,379264.0,5987.074768028885696,0.054728381945466274,0.050600975270759206,0.06985551801520203
2015-12-17,14.0,6846164.5416862276332624,0.0,0.0,6967.91913531,215.09244292359756,0.00003315774308402823,0.0151278931680652,-63.86688294205951,-0.739733531224162,452552412.0,13.0,13.0,64948.0,982.5264054794986096,7451.84615384615,112.73073252024210987733396898,4800.0,72.61388720671296,96874.0,1465.4995227631481848,0.05470447472540082,0.05122561903238192,0.07002679544821036
2015-12-18,12.0,6963312.8911258212367392,0.0,0.0,6405.19166643,219.25555402606705,0.00003322011981297496,0.0153867545647416,-63.73643363576007,0.46968899041513495,452552412.0,14.0,14.0,70654.0,1087.1357570172530064,8575.21428571429,131.944717554351730571805277464,6250.0,96.167216029635,120053.0,1847.2260457609233048,0.054683561280185755,0.05131486753398839,0.07007172165097057
2015-12-19,10.0,6884079.418655202642294,0.0,0.0,624.80659057,217.39812564254203,0.00003296852250146122,0.0152116732473745,-63.674497306715274,9.538577586010158,452552412.0,10.0,10.0,724308.0,11017.936626459329346,122727.2,1866.8860649651797364,46672.0,709.959213801462664,1227272.0,18668.860649651797364,0.05468877191424702,0.047937019974022825,0.06890117499679538
2015-12-20,16.0,6842308.1326819377909348,0.0,0.0,901.85813472,215.94925283524933,0.00003419481005260072,0.0151193717042479,-63.941970823278794,26.881845515346868,452552412.0,15.0,15.0,501800.0,7586.90072119159622,42888.1333333333,648.44162956801066427427652507,29305.0,443.0731877929847095,643322.0,9726.6244435201675238,0.054626753058311425,0.037890887813929075,0.06828320921523975
2015-12-21,3.0,6786451.1485399004452752,0.0,0.0,4409.03735313,216.82986474707832,0.00003426547097073644,0.0149959451515196,-65.64623627602023,20.909437434269993,452552412.0,2.0,2.0,102642.0,1539.2138022422747832,51321.0,769.6069011211373916,51321.0,769.6069011211373916,102642.0,1539.2138022422747832,0.05462190807284328,0.03750376674733678,0.0670714179033231
2015-12-22,20.0,6563101.080454836901464,0.0,0.0,8.88167017,167.6392551762389,0.00003331831969608419,0.014502411005722,-68.49870421239301,15.55513561688997,452552412.0,21.0,21.0,50953526.0,738948.976242742075772,2483501.23809524,36016.75568807662170802096328,683955.0,9918.99651941859051,52153526.0,756351.869449608475772,0.054647973093327744,0.03818032021361645,0.06711069468145214
2015-12-23,17.0,6315829.1858781746718,0.0,0.0,252.50081433,160.6686998183284,0.000031527213909994195,0.01395601706765,-72.65240609786868,16.716273349459033,452552412.0,19.0,19.0,1792281.0,25013.10422602480965,125105.157894737,1745.96971882999771410795805,100000.0,1395.601706765,2376998.0,33173.4246577699147,0.054710668839999074,0.03774084055990048,0.06485406264328052
2015-12-24,7.0,6731002.8305646450375168,0.0,0.0,2253.65728457,171.24283847965285,0.000032625830508474526,0.0148734216238464,-73.07483590643177,27.820579246562012,452552412.0,6.0,6.0,200808.0,2986.7020494413478912,37503.0,557.7979311591115392,24210.0,360.085537513321344,225018.0,3346.7875869546692352,0.05486974065307854,0.03868859399464642,0.06535353435865002
2015-12-25,0.0,6618134.221226984594112,0.0,0.0,,168.8699428240046,0.00003208999999999994,0.014624017120976,-74.05386052078809,21.902694722466638,452552412.0,0.0,0.0,0.0,0.0,,,,,0.0,0.0,0.054854456567976426,0.03871394829071887,0.0653890950885092
2015-12-26,5.0,6240138.3594293970351528,0.0,0.0,11219.84410562,159.59275178720566,0.00003297000000000003,0.0137887638955494,-75.97854447312776,11.355904687173775,452552412.0,3.0,3.0,40335.0,556.169791726985049,15163.6666666667,209.08821945747971142546318498,5156.0,71.0948666454527064,45491.0,627.2646583724377554,0.05501447280249024,0.04018975074420796,0.06329727384006423
2015-12-27,5.0,6568345.9778315029411956,0.0,0.0,1074.22934336,168.03938447306177,0.00003433593140146187,0.0145140005967563,-71.12243705082702,15.369453374518525,452552412.0,5.0,5.0,421281.0,6114.4726854020908203,84256.2,1222.89453708041816406,99890.0,1449.803519609986807,421281.0,6114.4726854020908203,0.05509217136184732,0.04107262590146353,0.06251431285436068
2015-12-28,8.0,6251033.8490690415527748,0.0,0.0,3484.20097469,159.99325316182856,0.00003280547457627107,0.0138128395370679,-74.27092663221356,6.280083838352314,452552412.0,6.0,6.0,129887.0,1794.1082889511383273,21647.8333333333,299.01804815852259412201543107,20227.0,279.3923053162724133,129887.0,1794.1082889511383273,0.05516632411610766,0.041883260477307255,0.06044271109768364
2015-12-29,10.0,6269155.0106495843573664,0.0,0.0,1305.71334761,160.91992741362017,0.00003211592010917745,0.0138528816650072,-73.31200419711816,5.797165897139341,452552412.0,7.0,7.0,346594.0,4801.3256678015054768,49513.4285714286,685.90366682878689248233328592,3580.0,49.593316360725776,346594.0,4801.3256678015054768,0.055165930056982775,0.04187119497238385,0.060344112744499766
2015-12-30,4.0,6295028.3354549972316624,0.0,0.0,58303.58309714,164.79974401416328,0.000032649362945645806,0.0139100536612652,-73.10796243737391,11.773394668238826,452552412.0,2.0,2.0,7762.0,107.9698365187404824,3881.0,53.9849182593702412,3881.0,53.9849182593702412,7762.0,107.9698365187404824,0.05515300728616235,0.04067057289609358,0.05918045630394156
2015-12-31,8.0,6603900.616811612521758,0.0,0.0,1684.07887647,172.9078909739823,0.00003396169698221015,0.0145925652845965,-73.1927890762487,18.57612203690306,452552412.0,10.0,10.0,268724.0,3921.372513537909866,26872.4,392.1372513537909866,20000.0,291.85130569193,268724.0,3921.372513537909866,0.05481433270150927,0.04134940908524059,0.0586704217962966
2016-01-01,12.0,6519103.943997668569104,0.0,0.0,158.61728802,168.89565141090333,0.00003313991233196957,0.014405191025692,-73.82667899745593,17.068146111477695,452552412.0,13.0,13.0,2853109.0,41099.580162121076428,350239.153846154,5045.261915830577326029388568,20000.0,288.10382051384,4553109.0,65588.404905797476428,0.05257123407363006,0.04147718951587514,0.05868588624161916
2016-01-02,5.0,6665866.3652352231426096,0.0,0.0,27452.37561419,173.04709256306,0.00003390455406195213,0.0147294903053908,-71.67604782480511,16.642400261115306,452552412.0,5.0,5.0,16485.0,242.815647684367338,3333.0,49.0933911878675364,3090.0,45.514125043657572,16665.0,245.466955939337682,0.05247488511238681,0.04141992502371548,0.05762189170235698
2016-01-03,6.0,6801117.4088460821377068,0.0,0.0,225.4676789,184.09320328077422,0.00003493859322033897,0.0150283530227789,-65.46666116105648,13.288284763130598,452552412.0,3.0,3.0,2007172.0,30164.4893934371702708,669057.333333333,10054.8297978123850808156590737,5172.0,77.7266418338124708,2007172.0,30164.4893934371702708,0.05249155566905402,0.04068393596872098,0.05095378342016566
2016-01-04,16.0,6870650.776540973415396,0.0,0.0,859.25171546,185.98744688630183,0.00003502603798947983,0.015182000127183,-60.901846370849945,5.800461753268498,452552412.0,19.0,19.0,526682.0,7996.086190984996806,34298.0,520.712240362122534,40000.0,607.28000508732,651662.0,9893.532566880328146,0.05232573858869485,0.03821271301506914,0.05076240629262476
2016-01-05,20.0,6721783.3321395379545312,0.0,0.0,767.60002578,181.91452741974672,0.00003432885680888368,0.0148530494013576,-66.77518523500963,-5.9414657493355465,452552412.0,24.0,24.0,589568.0,8756.8826294595975168,30699.0833333333,455.97500132639324709835328808,27851.0,413.6722788772105176,736778.0,10943.4000318334498128,0.05205454644676017,0.03405989687397197,0.050666120144388566
2016-01-06,23.0,7891740.2759992113747144,0.0,0.0,128.32738096,231.31082071658253,0.000040490332554061966,0.0174382901664862,-65.33453415309005,13.303845530565631,452552412.0,26.0,26.0,3526546.0,61496.9324334612426652,137559.461538462,2398.8018054532985355646922244,23120.0,403.173268649160944,3576546.0,62368.8469417855526652,0.052787089359711215,0.044850549207535305,0.05431702403827274
2016-01-07,19.0,7707361.8280656690140604,0.0,0.0,503.80219399,236.12964476964865,0.00003708741203974284,0.0170308711735817,-66.04378257743643,2.9634165145781015,452552412.0,19.0,19.0,898274.0,15298.3887725779279858,47803.8947368421,814.14197285861806751120434957,20000.0,340.617423471634,908274.0,15468.6974843137449858,0.05279928072673412,0.043228986917463665,0.05370861821099105
2016-01-08,17.0,7935443.6704731015213984,0.0,0.0,51.49327564,231.28404892000646,0.00003861160958503804,0.0175348610681432,-65.43235847128908,6.88184607733421,452552412.0,22.0,22.0,8788573.0,154106.4065422344876536,565071.318181818,9908.4470579107192064252603376,239862.0,4205.9468455269642384,12431569.0,217985.8352740358926808,0.05276681526528989,0.04349311017538242,0.05370618035087063
2016-01-09,8.0,7750234.9279398646754892,0.0,0.0,368.67182883,239.1084681525999,0.00003807000000000011,0.0171256073825541,-65.49021577806309,5.1405550513612,452552412.0,7.0,7.0,1227521.0,21022.0426998401913861,318217.285714286,5449.6642974849036624735378726,59215.0,1014.0928411579410315,2227521.0,38147.6500823942913861,0.05251468739916668,0.043718447427673245,0.05335537433384939
2016-01-10,10.0,7700181.0538420528770516,0.0,0.0,1326.36691413,237.37082707293183,0.0000379307942723554,0.0170150038971443,-63.09118871567356,-0.13621807518551668,452552412.0,10.0,10.0,341197.0,5805.4682846939437271,34137.9,580.85650154032239897,27529.0,468.4060422844854347,341379.0,5808.5650154032239897,0.0523783412256242,0.042962455457961506,0.04904717353646067
2016-01-11,5.0,7971967.2919396968581916,0.0,0.0,2055.61748594,246.73076559491605,0.000039229999999999934,0.0176155669057393,-62.28062939469311,6.313808541258062,452552412.0,4.0,4.0,220154.0,3878.1375165661298522,80038.5,1409.92355178501496305,100000.0,1761.55669057393,320154.0,5639.6942071400598522,0.052450073598588484,0.043082635302527296,0.048019473926882814
2016-01-12,6.0,7998126.5389222982549076,0.0,0.0,658.83495366,246.53377336541055,0.0000400059859731152,0.0176733707010323,-64.89280957568616,9.601913716845132,452552412.0,6.0,6.0,686898.0,12139.8029877976848054,114483.0,2023.3004979662808009,114990.0,2032.260896911704177,686898.0,12139.8029877976848054,0.052427972038714354,0.04272761398405941,0.04728440384782913
2016-01-13,10.0,7860944.7899482097132496,0.0,0.0,996.06552802,242.81075183727705,0.00004018000000000008,0.0173702417256108,-55.348953461800775,12.692995197681942,452552412.0,9.0,9.0,454340.0,7891.995625614010872,80043.1111111111,1390.36818846992347259731415988,33300.0,578.42904946283964,720388.0,12513.3136962293129904,0.052402631638244636,0.04194091392575557,0.0463778788538217
2016-01-14,8.0,7540840.1006790791075292,0.0,0.0,3183.8722096,235.48456112382937,0.000038766890707188684,0.0166629099762241,-41.92659783565821,5.886292024624714,452552412.0,10.0,10.0,142139.0,2368.4493611105173499,14213.9,236.84493611105173499,9187.0,153.0821539515708067,142139.0,2368.4493611105173499,0.05248296859429429,0.042620125927948595,0.04644764874807825
2016-01-15,5.0,6741078.8387242114739964,0.0,0.0,7675.58364993,211.54264175188158,0.00004049686499123334,0.0148956864663097,-57.69331954640283,-5.640102206065757,452552412.0,4.0,4.0,58960.0,878.249674053619912,14740.0,219.562418513404978,7490.0,111.568691632659653,58960.0,878.249674053619912,0.05310843916343631,0.047428388828091535,0.04864715388325245
2016-01-16,9.0,6919305.7038683249062872,0.0,0.0,889.93674217,218.48748217376635,0.00003939872939801283,0.0152895123755706,-54.840514607651244,1.068352385291669,452552412.0,7.0,7.0,508522.0,7775.0534122499126532,136117.571428571,2081.1712928897514193232676126,18848.0,288.1767292547546688,952823.0,14568.1990502283058038,0.0529534449030315,0.04705467946448564,0.04876672790727958
2016-01-17,7.0,6762965.332723491831654,0.0,0.0,5667.17690815,219.1048837452243,0.00003907123845704279,0.0149440488071545,-51.05004408716978,-2.877187360884736,452552412.0,7.0,7.0,79855.0,1193.3570174953225975,11407.8571428571,170.47957392790258775505112195,6999.0,104.5933976012743455,79855.0,1193.3570174953225975,0.05257052600887118,0.04713148545233251,0.04885161112321082
2016-01-18,29.0,8683293.9283644605877228,0.0,0.0,20.02534326,255.98196865055985,0.00004985480391583855,0.0191873774133469,-37.894921148813005,26.135876713356293,452552412.0,36.0,36.0,22598984.0,433615.2351661879795496,952908.361111111,18283.8123649727426952052874059,4695.0,90.0847369556636955,34304701.0,658217.2451390188137769,0.05587550198548762,0.06565060567947212,0.05704036293535773
2016-01-19,17.0,8452675.7963297485106544,0.0,0.0,629.20830709,262.09911729273955,0.000049390992986557664,0.0186777831079812,-38.91720626751049,23.535444946654344,452552412.0,15.0,15.0,719241.0,13433.8274003675062692,47949.4,895.58849335783375128,3081.0,57.5462497556900772,719241.0,13433.8274003675062692,0.05583773903795823,0.06591153471054276,0.05330331347654371
2016-01-20,32.0,7646542.2868921921126812,0.0,0.0,330.81485943,244.77077305257964,0.000040170133255406075,0.0168964789141201,-40.881039227153,12.673651066321142,452552412.0,73.0,73.0,1367993.0,23114.2648791638979593,19660.3698630137,332.19102483421326096366974537,1166.0,19.7012944138640366,1435207.0,24249.9448128975663607,0.05619408512407982,0.06872704569135187,0.054903796711779605
2016-01-21,20.0,7435758.3767495251987452,0.0,0.0,723.10390878,237.58669241864976,0.00004014359614260669,0.0164307120668921,-48.15223036603582,13.29641712960195,452552412.0,34.0,34.0,625847.0,10283.1118549282201087,18504.5882352941,304.04356121051635909331646661,1467.0,24.1038546021307107,629156.0,10337.4810811575660676,0.056222481484487205,0.06863079753104427,0.055061793951270255
2016-01-22,34.0,7322149.81777823212617,0.0,0.0,324.52106382,234.03270306818843,0.00004246115429573359,0.0161796725055975,-49.18122588312754,15.933309820191655,452552412.0,59.0,59.0,1394524.0,22562.94162119584809,27393.2711864407,443.21415665363080213685181825,777.0,12.5716055368492575,1616203.0,26149.6352425641962925,0.05622873377573176,0.06826632806817155,0.05468801658220756
2016-01-23,21.0,7924591.9098902969180664,0.0,0.0,1083.87479762,258.3899954587172,0.00004532146580946816,0.0175108820542322,-49.22801856278182,17.73270802837451,452552412.0,70.0,70.0,417532.0,7311.3536058676789304,7832.02857142857,137.145728559662400590168493954,99.5,1.7423327643961039,548242.0,9600.2009991763697924,0.05656163632860209,0.0687792735928611,0.05534286366204633
2016-01-24,30.0,8707098.2948278796739792,0.0,0.0,1118.12012531,285.88754660676494,0.00004768899298655755,0.0192399776555116,-44.6917438712077,31.564244600853797,452552412.0,102.0,102.0,404744.0,7787.2655162023870304,4267.99019607843,82.116036006491565611795374788,71.0,1.3660384135413236,435335.0,8375.835672662142386,0.05686046566866733,0.07050275226329387,0.05640498017553548
2016-01-25,16.0,8370179.9064756622818432,0.0,0.0,3179.53258907,285.22851064504783,0.000047184053185271794,0.0184954928634336,-46.574654911880096,34.13452433835199,452552412.0,90.0,90.0,142333.0,2632.5189857310945888,2800.65555555556,51.799504840713524228857170816,16.5,0.3051756322466544,252059.0,4661.9554356642097824,0.056865325431999104,0.06994598409932114,0.056643299488229486
2016-01-26,23.0,9339880.7378549542390248,0.0,0.0,882.68635593,351.9607462923813,0.00005276390824079501,0.0206382299380054,-40.80449757019931,42.19532237457528,452552412.0,34.0,34.0,512699.0,10581.1998509854305746,18951.1176470588,391.11752358219137984164851752,3982.0,82.1814316131375028,644338.0,13297.9958017945234252,0.0573026089083537,0.07192267799202688,0.05817326293825247
2016-01-27,26.0,10615568.5440727524897204,0.0,0.0,725.15244384,398.5309782737738,0.00005944112156633559,0.0234571030063867,-31.665967818175766,69.821005618994,452552412.0,39.0,39.0,624079.0,14639.0853871228053493,22310.2564102564,523.33398271428354582458454988,5000.0,117.2855150319335,870100.0,20410.02532585706767,0.0581149190259054,0.07398398986470138,0.060122491250124276
2016-01-28,31.0,9812169.4604144262873276,0.0,0.0,358.9976297,365.32299208699226,0.000057222971946230105,0.0216818410425673,-27.851657419212433,56.51502385482936,452552412.0,51.0,51.0,1260600.0,27332.12881826033838,29940.1568627451,649.15772188756972095262949523,1954.0,42.3663173971765042,1526948.0,33107.0438162660536004,0.05838796649549338,0.07601702466856476,0.061199586926977065
2016-01-29,28.0,8727619.7050756987617396,0.0,0.0,537.95106817,325.60230336433233,0.00005088475949737013,0.0192853235860683,-36.59159325814709,38.64305671063954,452552412.0,50.0,50.0,841252.0,16223.8170374271295116,25754.5,496.68386629739603235,9772.0,188.4561820830594276,1287725.0,24834.1933148698016175,0.05874921493016211,0.07974373080932855,0.06286319288736605
2016-01-30,27.0,9469597.4497499879085504,0.0,0.0,279.82558961,354.24476482815084,0.00005546495616598472,0.0209248635045392,-29.663468039635653,43.394003017597576,452552412.0,43.0,43.0,1617266.0,33841.0703005320938272,38879.5581395349,813.54944718656382629312681808,7573.0,158.4639913198753616,1671821.0,34982.6262290222298832,0.058407518284516825,0.0805164695966398,0.0635382596500467
2016-01-31,12.0,9024074.3054530338324444,0.0,0.0,1440.144386,337.69228593111313,0.00005443114085330206,0.0199403959987137,-32.145361692529214,38.42507165055661,452552412.0,11.0,11.0,314241.0,6266.0899790317918017,30177.3636363636,601.74858110627304114014550132,10006.0,199.5236023631292822,331951.0,6619.2343921690114287,0.05836534588999643,0.08114809937084765,0.06395493366120455
2016-02-01,11.0,8758098.1833185671160148,0.0,0.0,983.04666161,329.7110204733184,0.00005213213851548799,0.0193526715383379,-38.49260162470872,31.387245159834727,452552412.0,12.0,12.0,460357.0,8909.1378113746206303,50905.8333333333,985.16387188537210266094872207,16681.0,322.8219139310145099,610870.0,11821.966462624472973,0.05835158104349608,0.08145342771917378,0.06409659308164765
2016-02-02,25.0,8280673.0535384144671824,0.0,0.0,358.20427231,312.71438090472407,0.00004906504383401513,0.0182977105722252,-41.98662552309382,21.754596425109536,452552412.0,49.0,49.0,1263392.0,23117.1811552647398784,37994.3469387755,695.2095636664246300151982426,8000.0,146.3816845778016,1861723.0,34065.2686196548160196,0.05838011275208307,0.08228131010297324,0.06436430672046377
2016-02-03,22.0,8101349.8667815847445156,0.0,0.0,568.18841331,305.5418774127778,0.000048632299240210334,0.0179014621333663,-44.32263723170298,17.912409322893964,452552412.0,30.0,30.0,796483.0,14258.2102643699907229,40189.3666666667,719.44842554730772839207111221,10576.0,189.3258635224819888,1205681.0,21583.4527664192139503,0.05821820566711376,0.08244090282684409,0.06373149439161405
2016-02-04,16.0,9184031.9105029316229252,0.0,0.0,769.93110042,344.96949663293685,0.00005207249327878424,0.0202938525284071,-36.46472282579582,36.63088285798201,452552412.0,17.0,17.0,587783.0,11928.3815207047104593,34977.4117647059,709.82643617831307422092697189,1934.0,39.2483107899393314,594616.0,12067.0494150313161736,0.05867176999514112,0.08509845550434494,0.06456848332881754
2016-02-05,16.0,9431685.8053891398554148,0.0,0.0,2307.01052181,353.6921618144137,0.00005421742080654586,0.0208410905682879,-26.032262230921194,19.513383303721927,452552412.0,24.0,24.0,196164.0,4088.2716902376276156,12240.0,255.094948555843896,6714.0,139.9270820754849606,293760.0,6122.278765340253504,0.05870609110932927,0.08033511623908346,0.06451136067012699
2016-02-06,21.0,8909884.62960377472249,0.0,0.0,1728.65845665,341.2161034495767,0.0000525531607247224,0.0196880723499575,-31.682743478122244,15.602262205456954,452552412.0,19.0,19.0,261794.0,5154.219212784773755,14078.7368421053,277.18318954338132640266552475,2797.0,55.0675383628311275,267496.0,5266.48060132423142,0.0588461379707163,0.08098466712805683,0.06438944152941459
2016-02-07,14.0,9492699.3381973551466044,0.0,0.0,1287.39751654,364.71600453049166,0.000055912814728229166,0.0209759114888937,-30.716682684845498,19.624052950166185,452552412.0,15.0,15.0,351525.0,7373.5572861333578925,25753.1333333333,540.19544536167727606295037021,1881.0,39.4556895106090497,386297.0,8102.9316804251696289,0.059025006919766476,0.08157747452995502,0.06484151991863059
2016-02-08,6.0,9266568.2281648889752716,0.0,0.0,4035.99793095,359.5560745621989,0.00005521963237872603,0.0204762321058293,-31.446095522523827,19.56499789133605,452552412.0,6.0,6.0,112129.0,2295.9794297945335797,19361.3333333333,396.44715521166233785892980569,13921.0,285.0496271452496853,116168.0,2378.6829312699781224,0.05904272117697618,0.08158370009585328,0.0649281676502769
2016-02-09,19.0,9228679.7100478388238012,0.0,0.0,1447.69055959,357.80074767431313,0.00005459672355347759,0.0203925102713801,-31.830208665339597,19.85016515219642,452552412.0,22.0,22.0,312603.0,6374.7598883642334003,16435.0909090909,335.15276017470188357717935109,4583.5,93.46907082887068835,361572.0,7373.3607238434455172,0.05904158348273836,0.08157233744319538,0.06470918726168078
2016-02-10,53.0,12661623.6586243048735428,0.0,0.0,287.99570061,485.7772133120645,0.00007380514757451781,0.0279782480943319,-1.8272281894339573,58.826839034151966,452552412.0,79.0,79.0,1571386.0,43964.6273599598270134,29709.4303797468,831.21781390583716324563716292,10270.0,287.336607928788613,2347045.0,65666.2072985612142355,0.06358190278943776,0.09926324121276826,0.07616390179300879
2016-02-11,166.0,15218962.0024201525088232,0.0,0.0,65.67690271,532.0294427695437,0.00008905106545879593,0.0336291700118486,15.574784941814926,90.28158567332221,452552412.0,275.0,275.0,6890587.0,231724.7217044338091282,36120.7454545455,1214.7106898456181568277278113,3800.0,127.79084604502468,9933205.0,334045.439707544572763,0.06497188434372064,0.103875613368189,0.07929027710852816
2016-02-12,62.0,18012151.1707038624379488,0.0,0.0,55.99620334,559.7747390110103,0.00010411149883109283,0.0398012488566824,32.5046333954291,129.13468612241118,452552412.0,106.0,106.0,8081841.0,321667.3648611389442984,86031.2641509434,3424.15175392667754522735417616,2797.5,111.343993676569014,9119314.0,362960.0859162278038736,0.06613392211675638,0.10697869877821271,0.08143773730576079
2016-02-13,50.0,16957604.573159703633336,0.0,0.0,321.90501025,517.6979834495141,0.00009617859292811222,0.037471029042178,18.968368261063034,124.87686181852087,452552412.0,77.0,77.0,1405857.0,52678.908476149236546,23111.8441558442,866.0245835819299004869966676,7990.0,299.39352204700222,1779612.0,66683.892935808474936,0.0663023861063862,0.10745091993928765,0.0820249996118608
2016-02-14,74.0,20692271.1808747539974616,0.0,0.0,60.89728,566.562964637,0.00011257763062536549,0.0457234800482618,27.680049674948837,206.95785757626427,452552412.0,94.0,94.0,7431406.0,339789.7439715330300908,83900.2234042553,3836.21019086917492633548843754,7888.5,360.6896723607132093,7886621.0,360603.7579417025253778,0.06675262960512347,0.10857010489943227,0.08539652121261546
2016-02-15,66.0,23668918.3836370932945564,0.0,0.0,119.77441401,619.2963587442998,0.00013099220075978978,0.0523009440586897,65.57652053046141,242.07071340126922,452552412.0,102.0,102.0,3778373.0,197612.4749058635778581,46228.2254901961,2417.77983529523946067036205017,7832.0,409.6209938676577304,4715279.0,246613.5432001143099263,0.06741502769803656,0.10997343797005413,0.08632964729793931
2016-02-16,123.0,21298731.8796523998595284,0.0,0.0,173.68199727,544.2574602466236,0.00011562527469316201,0.0470635694670707,53.662681912415565,214.93185062764857,452552412.0,187.0,187.0,2605638.0,122630.6250190391646066,16685.7486631016,785.29089131596421370932848312,2445.0,115.0704273469878615,3120235.0,146849.3966760853456145,0.06782542372964939,0.11263173457420095,0.08785347486699656
2016-02-17,77.0,22007733.449219638195374,0.0,0.0,86.0256553,527.0579363599909,0.00011708986002337801,0.0486302423004645,62.50815114549578,153.44913613174094,452552412.0,137.0,137.0,5260668.0,255827.559502299980286,38968.0218978102,1895.0243468603165115829928379,932.0,45.323385824032914,5338619.0,259618.3355198634885255,0.06779803117020292,0.10529633026395503,0.08778225668244521
2016-02-18,80.0,21509013.5124756121580064,0.0,0.0,162.58523042,498.0350847212804,0.00011281602805376976,0.0475282264377272,59.39268154778398,154.46395946967561,452552412.0,114.0,114.0,2783478.0,132293.7726684320312016,30835.6228070175,1465.562463120272957526910626,5721.5,271.9327475634561748,3515261.0,167074.1207957113547992,0.06782317331510923,0.10522303891025911,0.08789184350033553
2016-02-19,54.0,22716642.3103069206810924,0.0,0.0,107.26896219,499.4452093120864,0.00011962234716540039,0.0501967102769677,55.22420332594821,197.08385121008357,452552412.0,77.0,77.0,4218857.0,211772.7425289571199189,56752.4935064935,2848.78847404094493214343975995,6000.0,301.1802616618062,4369942.0,219356.7125011527848734,0.06782084498638591,0.10231479887680703,0.08793546691630372
2016-02-20,33.0,23049517.857775237657686,0.0,0.0,1316.04137562,504.9867380569888,0.00011570366247808312,0.0509322616487905,60.80417343411918,209.9820716316918,452552412.0,46.0,46.0,343874.0,17514.280542216184397,8068.89130434783,410.966883128694136137110799615,2000.0,101.864523297581,371169.0,18904.4766239199210945,0.06741708771524622,0.10168684211177005,0.08765744925785558
2016-02-21,39.0,24882185.6037717922922508,0.0,0.0,556.74364463,541.6424195853061,0.00012532380771478668,0.0549818870565909,79.20755122400418,239.82076607279552,452552412.0,47.0,47.0,812856.0,44692.3567852722526104,18825.8723404255,1035.08198676307343194828542795,5000.0,274.9094352829545,884816.0,48648.8533778645337744,0.06755146202980708,0.10141572056042149,0.08759427130245406
2016-02-22,67.0,26618756.5840019249883132,0.0,0.0,126.51776817,552.0206217465987,0.00013443296843950923,0.0588191685165561,111.89923142087959,235.9006607113781,452552412.0,95.0,95.0,3576987.0,210395.4011345304544707,50149.6421052632,2949.76025003445338730814806552,2000.0,117.6383370331122,4764216.0,280227.2237532728365176,0.06757234400458657,0.10128669630043263,0.08762563957426693
2016-02-23,66.0,27820025.8116126975959304,0.0,0.0,97.31062685,541.8215208842709,0.00014635435622443026,0.0614735996846542,110.02543215368674,219.5097249348629,452552412.0,109.0,109.0,4650596.0,285888.8767990540839032,47151.2844036697,2898.55918204847016861725551774,2000.0,122.9471993693084,5139490.0,315942.950843283414358,0.06761565991616794,0.10078130245884738,0.08750973071697188
2016-02-24,99.0,31336532.4522137022846048,0.0,0.0,155.31640964,585.5747583375978,0.00016331316803039147,0.0692439850529704,143.91432155721105,274.3830216596649,452552412.0,150.0,150.0,2913745.0,201759.315228167238148,22770.2933333333,1576.70585122508257118449823432,4070.5,281.8576411581160132,3415544.0,236505.8776837627318976,0.06813762160409,0.10069561298004309,0.08767127435958158
2016-02-25,76.0,29962953.6900613589991516,0.0,0.0,149.36191465,538.0718647178271,0.00015611937931034488,0.0662088034348193,143.7151037668216,220.80659840355526,452552412.0,113.0,113.0,3029905.0,200606.3845711761711665,28860.8318584071,1910.84114347864628379157433703,6000.0,397.2528206089158,3261274.0,215925.0492130868777882,0.06821199522665719,0.10117216593030877,0.08809520071291743
2016-02-26,86.0,32261202.8172917570304048,0.0,0.0,136.6628331,554.9936958610917,0.0001651075797779076,0.0712872188101204,146.49014556993546,203.9046159737241,452552412.0,126.0,126.0,3311452.0,236064.2033032108188208,27355.6111111111,1950.10543496233782349756877644,4834.0,344.6024157281220136,3446807.0,245713.2848052546655628,0.06838154744821467,0.10000299574938129,0.08775905617478283
2016-02-27,108.0,38753196.151877675214084,0.0,0.0,155.29690255,637.522536522282,0.00019778942109877282,0.085632503825607,181.830418751202,294.95033497149666,452552412.0,164.0,164.0,2914111.0,249542.621355743440377,22717.1219512195,1945.3240323945845901889777365,2712.0,232.235350375046184,3725608.0,319033.141312712044056,0.06949485381329391,0.10098362492495817,0.08997092805315347
2016-02-28,213.0,39625980.3724444315384872,0.0,0.0,33.0958469,538.2124119599179,0.0002021718492109878,0.0875610853499206,185.51829866468324,354.0296405146899,452552412.0,306.0,306.0,13673994.0,1197309.7557083021848764,62711.9673202614,5491.12792299083989950526124484,5000.0,437.805426749603,19189862.0,1680285.1444351980249572,0.06948264787285471,0.09632851215456145,0.08991169293253158
2016-02-29,84.0,40883532.5713322769313416,0.0,0.0,70.32107635,510.66253546073875,0.00020636104003506737,0.0903398843697518,175.57671751032763,331.73464118489704,452552412.0,116.0,116.0,6435516.0,581383.7712996876249288,57841.8362068966,5225.42479466516189679959026388,8517.5,769.4699651193609565,6709653.0,606149.2761811582741254,0.06949117872950486,0.09620543279363634,0.08988327595599384
2016-03-01,104.0,35949896.9119333688928348,0.0,0.0,54.13102401,411.97067805895097,0.0001835412220923438,0.0794380848685729,149.78979275758655,298.3776694991274,452552412.0,146.0,146.0,8360315.0,664127.4124980030444635,59761.6712328767,4747.35271128501094782909066143,7691.5,610.99802976662846035,8725204.0,693113.4958476117413716,0.07022463680022281,0.10004314102314384,0.09204264003344761
2016-03-02,100.0,38853927.2064162458980416,0.0,0.0,69.08037001,415.6059602360382,0.0002029288334307423,0.0858550881094768,167.22479241158177,343.6342958614097,452552412.0,176.0,176.0,6551100.0,562445.26771399346448,39841.9488636364,3420.63403014077218935774943552,3999.0,343.3344973497977232,7012183.0,602031.5893047753558544,0.07040387310576768,0.09914961568750226,0.09225725844127766
2016-03-03,147.0,43681068.572271784631484,0.0,0.0,48.20736374,422.0005153484813,0.00023021403798947977,0.096521568362057,211.2293333253334,427.50625812483236,452552412.0,203.0,203.0,9387620.0,906107.80558701353434,50560.7733990148,4880.2051460714800857335014436,6000.0,579.129410172342,10263837.0,990681.644652510032709,0.07087717205730346,0.09781443778963105,0.09293931160843832
2016-03-04,85.0,43919836.6212881710773156,0.0,0.0,355.6588491,419.2182581546407,0.00023787135651665665,0.0970491714477663,236.024879138505,442.12985914082196,452552412.0,141.0,139.0,1272434.0,123488.6654219670641742,11711.1870503597,1136.56099990721903095617653811,1255.0,121.7967101669467065,1627855.0,157981.9789871036102865,0.0708727474391011,0.0971944573196433,0.09295923581272218
2016-03-05,142.0,49581784.226916974552832,0.0,0.0,118.81714675,453.8387208522731,0.0002757521469900653,0.109560313705536,300.85836425487133,439.8694681168829,452552412.0,200.0,199.0,3808814.0,417294.856686037394304,22329.6783919598,2446.4465695668443453671494528,2608.0,285.733298144037888,4443606.0,486842.867343802002816,0.0713472541981141,0.09709498345349521,0.0934165936296221
2016-03-06,115.0,46709245.579393670996112,0.0,0.0,117.74235908,411.27903109536004,0.00025566403506721076,0.103212897204476,273.71302073001124,395.2375062441609,452552412.0,177.0,177.0,3843582.0,396707.233862974273032,23900.2372881356,2466.8127343829239245620149456,3000.0,309.638691613428,4230342.0,436625.853985777410792,0.07149680974312979,0.09925605796433881,0.09265776799324255
2016-03-07,92.0,47327706.402266431981164,0.0,0.0,316.80297207,411.30414570780175,0.0002530785847457632,0.104579503163197,363.02842808133494,431.18203399645034,452552412.0,125.0,125.0,1428498.0,149391.611109620588106,14514.968,1517.968141869703232696,3000.0,313.738509489591,1814371.0,189746.017733712904087,0.07149662187531747,0.09737913457062042,0.09242064755580297
2016-03-08,123.0,47153413.5721461410052,0.0,0.0,149.55886467,399.09194680098767,0.00025325181706604256,0.1041943702471,312.69808036477457,396.7334568620234,452552412.0,183.0,183.0,3025915.0,315283.3078462535965,21362.0109289618,2225.80127595484240561246078,2000.0,208.3887404942,3909248.0,407321.6334997351808,0.0715017983701827,0.09796409674389214,0.09252444668010637
2016-03-09,120.0,48589074.941680071790524,0.0,0.0,128.23650931,397.11485194773786,0.0002602573132670963,0.107366735107977,306.30903629996646,424.348105418336,452552412.0,154.0,154.0,3529045.0,378902.039699130691965,29839.6038961039,3203.7808472399458736561108103,5000.0,536.833675539885,4595299.0,493382.250474951600123,0.07136828980654189,0.09698050706814365,0.09225931407907077
2016-03-10,87.0,50424066.592622035385124,0.0,0.0,242.07550597,404.4844697645532,0.00026762080771478675,0.111421495622527,276.1084861238125,446.384403586162,452552412.0,119.0,118.0,1869468.0,208298.920578454305636,16772.2542372881,1868.7896520799059612857490287,3827.0,426.410063747410829,1979126.0,220517.178945429371402,0.07134532113930724,0.09640158503181695,0.09213392304327872
2016-03-11,87.0,49691939.92392115327062,0.0,0.0,413.04129478,395.20530104921585,0.00026174159672706084,0.109803723516385,292.714720725337,292.46104025587675,452552412.0,114.0,114.0,1095659.0,120307.437904238872715,12406.0877192982,1362.234625849838914128401007,1000.0,109.803723516385,1414294.0,155294.74734688220719,0.07136169472377232,0.08377073353903709,0.09232313523611183
2016-03-12,56.0,48216167.670253208638116,0.0,0.0,25.67052797,329.37902519730017,0.0002596929871420217,0.106542726083743,308.7646997796526,216.8164008989954,452552412.0,77.0,77.0,17629260.0,1878269.41923908712018,229773.948051948,24480.742808478889261962281364,2109.0,224.698609310613987,17692594.0,1885017.196252874899342,0.07141369437951786,0.08063592744481334,0.0925906313986128
2016-03-13,87.0,43614695.1879891420522432,0.0,0.0,188.44148914,292.92170806879915,0.00023402993483343068,0.0963749038376336,280.6507031771013,142.14040163579642,452552412.0,127.0,127.0,2401554.0,231449.5358108843226144,28217.6377952756,2719.47212904486133821956382016,3197.0,308.1105675689146192,3583640.0,345372.960388697274304,0.07187734847134016,0.0806193998810393,0.09391889374329117
2016-03-14,108.0,42114429.9601538192203212,0.0,0.0,123.9236423,275.96557795289675,0.0002242258796025718,0.0930597845540901,276.4615959110989,148.3512914719809,452552412.0,148.0,148.0,3651865.0,339841.7701206222430365,27858.8716216216,2592.54059102816078844587450616,2374.5,220.97045842368694245,4123113.0,383696.0074721680944813,0.07186756074702706,0.07977470912370153,0.09383954395227218
2016-03-15,74.0,46440343.856483794213308,0.0,0.0,243.73769644,300.2767085520534,0.00024711536499123267,0.102618708076809,291.50681552090396,124.433284536727,452552412.0,103.0,103.0,1856719.0,190534.105041664729671,20319.3980582524,2085.1503776362826713555085916,3905.0,400.726055039939145,2092898.0,214770.488896537402482,0.07214059799675453,0.07434719321640093,0.09240372044847847
2016-03-16,65.0,44548155.5189377639830456,0.0,0.0,88.36085714,277.9926956294712,0.00023604764406779635,0.0984375606839938,280.7613697693134,88.2137358238347,452552412.0,86.0,86.0,5121639.0,504161.6498640093218382,60193.1860465116,5925.27040421641447375644602808,1683.0,165.6704146311615654,5176614.0,509573.2547626118809932,0.07223346529785285,0.072496564891944,0.09289106569918595
2016-03-17,77.0,36862365.1255830895559232,0.0,0.0,178.44218965,226.7998041635198,0.0001945850739333725,0.0814543556682736,238.3098946287435,73.07305117446593,452552412.0,105.0,105.0,2536129.0,206578.7535866230568944,28476.7142857143,2319.55241369238039266222383248,3000.0,244.3630670048208,2990055.0,243553.003437699819048,0.073720491308178,0.07888213042567863,0.09692855368290232
2016-03-18,82.0,36249231.8312999544964008,0.0,0.0,16.58417907,194.1612335256051,0.00019588948626534205,0.0800995218898534,213.96074835997206,64.71133619889105,452552412.0,106.0,106.0,27288201.0,2185771.8533342194397334,261054.29245283,20910.324012765647818175115122,2666.0,213.5453253583491644,27671755.0,2216494.345353160270717,0.07374277421383824,0.07908692103613983,0.09260955546393049
2016-03-19,47.0,38011012.6368641073183636,0.0,0.0,545.75740787,202.84860646276022,0.00020529820046756263,0.0839925092187203,274.8156248566756,76.72132017964022,452552412.0,56.0,56.0,829219.0,69648.1845018380284457,16784.5535714286,1409.77677058032142086633482058,3448.0,289.6061717861475944,939935.0,78947.4991524978651805,0.07368157179164608,0.07891676115103102,0.09241651502684511
2016-03-20,39.0,37279449.8010555661034436,0.0,0.0,526.45696756,198.13073557529844,0.00019991407071887768,0.0823759830078103,260.28495232904874,64.10633795180749,452552412.0,47.0,47.0,859619.0,70811.9601371908822757,21001.0425531915,1729.98152450800404239769157245,4525.0,372.7513231103416075,987049.0,81309.1316518761488047,0.07370308808601084,0.07892160834061666,0.0911398545329337
2016-03-21,57.0,42421759.7799578936180568,0.0,0.0,122.54476143,230.8144109106599,0.00022774170017533603,0.0937388878173914,287.3356119880239,84.04619151566271,452552412.0,70.0,70.0,3692956.0,346173.5881985624749784,61695.8714285714,5783.30237063905775725177664596,1963.5,184.0563062294480139,4318711.0,404831.1659447342304854,0.07408024097074904,0.08155616545313586,0.09180734682334674
2016-03-22,36.0,40384921.182671171345382,0.0,0.0,178.50363514,217.09111974593492,0.0002142151665692577,0.0892381083644985,265.63681843230376,62.30455726746681,452552412.0,50.0,50.0,2535256.0,226241.449659745009116,86992.26,7763.02472475262828161,1867.0,166.6075483165186995,4349613.0,388151.2362376314140805,0.07416432940524861,0.08179964021416583,0.09218755637432673
2016-03-23,44.0,41375214.6036030350761212,0.0,0.0,603.71312207,221.54711940471287,0.0002190491186440679,0.0914263486537401,281.968098988986,55.43631601661608,452552412.0,58.0,58.0,749615.0,68534.5623460733850615,13359.1896551724,1221.38193114522982348657029324,293.5,26.83363332987271935,774833.0,70840.1520064234029033,0.07417292301015893,0.08124324034102698,0.09194884834332169
2016-03-24,43.0,43898434.0123632717550188,0.0,0.0,161.0986087,231.3079148743303,0.00023455320163646957,0.0970018783423549,349.79661932055046,57.79436837919499,452552412.0,52.0,52.0,2809164.0,272494.1845717230603036,77203.4807692308,7488.88264918326215384433361092,2132.5,206.85650556507182425,4014581.0,389421.8977575294767969,0.07426518422926935,0.08147753478378608,0.09162966313298382
2016-03-25,33.0,44124548.6977661871832704,0.0,0.0,409.21306545,231.04828534782396,0.00023416855639976633,0.0975015214320992,361.66050479587045,40.80865126048464,452552412.0,38.0,38.0,1105909.0,107827.8100654513941728,37461.5263157895,3652.5558109580981176610903184,4759.0,464.0097404953600928,1423538.0,138797.1208164076309696,0.07423925003099845,0.07909150753184441,0.09126182534487647
2016-03-26,23.0,41617282.0869667665778884,0.0,0.0,553.96718446,217.04806815717166,0.00022062415254237277,0.0919612424626007,315.5192552853535,38.89579284291696,452552412.0,31.0,31.0,816930.0,75125.897804972389851,27160.1290322581,2497.67921125100764297311964067,7717.0,709.6649080838896019,841964.0,77428.0555487811357748,0.07440645038018824,0.0794653719543083,0.09128511553667515
2016-03-27,28.0,39386391.990515587543266,0.0,0.0,767.84226868,204.82569052312576,0.00020456141729982474,0.0870316695837555,337.8497065574512,22.085937754945643,452552412.0,38.0,38.0,589382.0,51294.899482612984101,26985.4210526316,2348.5862486311529494298859738,10633.5,925.45125851886410925,1025446.0,89246.277447983742453,0.07454436248201396,0.07943164288087917,0.09083899170686137
2016-03-28,39.0,40549004.4782721290377128,0.0,0.0,258.29437697,209.03358478910346,0.00021186328930450046,0.0896006813864294,353.59544636840945,4.633961852737263,452552412.0,52.0,52.0,1752080.0,156987.561843535223152,48370.5769230769,4334.03665136238787340735262086,1492.0,133.6842166285526648,2515270.0,225369.905870844276938,0.07455266847469455,0.0722689027072523,0.08987751591395533
2016-03-29,28.0,39565956.2141056043901252,0.0,0.0,1278.21610507,203.60615074481962,0.00021023336148451205,0.0874284506390071,398.8523638345895,-0.1514767780498069,452552412.0,33.0,33.0,354050.0,30954.042948740463755,11870.3333333333,1037.80485190189103175164536643,2361.0,206.4185719586957631,391721.0,34247.5601127625002191,0.0744291178418881,0.07231054744351258,0.08819862474974084
2016-03-30,34.0,37836072.9076558173795408,0.0,0.0,162.6933623,192.19164799764684,0.00020254472881355958,0.0836059468569484,374.51461359251186,-7.454002802618258,452552412.0,41.0,41.0,2781628.0,232560.6427437996639952,92357.2682926829,7721.61686473097202430874286236,4410.0,368.702225639142444,3786648.0,316586.2914539699449632,0.07449727626315562,0.07250641920332596,0.08833673945309867
2016-03-31,37.0,36624747.8838409494873456,0.0,0.0,92.56079661,182.3885387359534,0.00019456177498538858,0.0809292955085188,317.28608579979255,1.8771986288605047,452552412.0,43.0,43.0,4889245.0,395683.153418548000306,122557.581395349,9918.4987215535450710201990612,11998.0,970.9896875112085624,5269976.0,426495.4450268018715488,0.07455155896094463,0.06877430800569082,0.08814559233954328
2016-04-01,25.0,36131338.337844262963008,0.0,0.0,506.90420116,179.22692998493005,0.00019136837872589106,0.079839013956784,333.8020590785682,-7.007242418785355,452552412.0,34.0,34.0,892777.0,71278.435363295749168,28108.3529411765,2244.143182772801179265116376,5912.0,472.008250512507008,955684.0,76300.868214275160256,0.07456627628851524,0.06724945632036812,0.08800326863790117
2016-04-02,30.0,36095590.4930122335588612,0.0,0.0,771.62720656,178.88580003541998,0.00019001201052016382,0.0797600223441351,301.26371165653615,-17.365596417837455,452552412.0,36.0,36.0,586491.0,46778.5352646341389341,18376.25,1465.690110601412631375,3570.0,284.743279768562307,661545.0,52764.8439816508547295,0.07456850682663715,0.06335520878030745,0.087443643448241
2016-04-03,27.0,36857716.5391516594484556,0.0,0.0,243.22588849,181.23034263940187,0.0001938805195791937,0.0814440837388613,312.2292718188928,-16.07956819837864,452552412.0,40.0,40.0,1860626.0,151536.9797507025451738,47689.575,3884.0337397707063809475,4093.0,333.3506347431593009,1907583.0,155361.3495908282552379,0.07456506290449563,0.06351700144786816,0.08723278597060855
2016-04-04,29.0,37083027.8625374569110876,0.0,0.0,559.99951988,181.7675623382084,0.00019531346113383963,0.0819419516485473,301.5297282622115,-25.20836343278302,452552412.0,37.0,37.0,808130.0,66219.749385740529549,27293.3243243243,2236.46826211190169727414908939,13236.0,1084.5836720201720628,1009853.0,82749.3256981404365469,0.07456381432245512,0.05888143731394563,0.08626491733784092
2016-04-05,68.0,34841446.64269933293006,0.0,0.0,283.25367389,170.20996429328594,0.00018222131618936269,0.076988754714005,274.0880944159403,-25.40781549666038,452552412.0,102.0,102.0,1597693.0,123004.394485282790465,17234.637254902,1326.87326020250254529430251,5354.0,412.19779273878277,1757933.0,135341.072540654951665,0.07474659083487388,0.0589615913297763,0.08696804918755752
2016-04-06,59.0,34198540.6894025295750804,0.0,0.0,692.03859675,166.7603547559361,0.00017911079544126235,0.0755681326241667,249.18419601721382,-27.7409718554102,452552412.0,86.0,86.0,653941.0,49417.1002163801959647,8042.29069767442,607.740890043962708791580405814,2724.0,205.8475932682300908,691637.0,52265.7165437807838879,0.07475280500740955,0.05882082083023896,0.08652016211581515
2016-04-07,41.0,33814998.3109075039233396,0.0,0.0,617.47169101,165.78242284268183,0.00017728691525423752,0.0747206233228683,238.21078204522888,-28.287273923086097,452552412.0,53.0,53.0,732912.0,54763.6414808100514896,16134.1886792453,1205.55663492197405656907529399,3085.0,230.5131229510487055,855112.0,63894.5016508645577496,0.0747470316432773,0.05880536796440461,0.08645804693718726
2016-04-08,42.0,34310665.8991318500446688,0.0,0.0,614.15502327,167.89381782973882,0.0001810989579193454,0.0758158944452424,246.636695987254,-29.386048324003173,452552412.0,57.0,57.0,736870.0,55866.458139865767288,13600.4210526316,1031.12808693716991713461989984,5298.0,401.6726087708942352,775224.0,58774.3009554185942976,0.07473270219805644,0.058500242246593614,0.08625867910895914
2016-04-09,27.0,33911069.2971729915814656,0.0,0.0,1900.45862729,165.82991603051443,0.00017894057334891873,0.0749329103060288,249.01689947266576,-32.748245850256744,452552412.0,36.0,36.0,238128.0,17843.6240653540260864,7234.08333333333,542.070917563004258490298979904,2000.0,149.8658206120576,260427.0,19514.5530322681622976,0.07470707584602321,0.057774288938002315,0.0863030628711849
2016-04-10,95.0,30459520.398197101196388,0.0,0.0,102.81127581,146.62198810560704,0.0001595102390414959,0.067306061332399,209.79935444275415,-38.70329786916968,452552412.0,161.0,161.0,4401778.0,296266.340039604605422,33171.347826087,2232.632771260951859350492713,5498.0,370.048725205529702,5340587.0,359453.876173012778213,0.07516783556794436,0.060277517095757516,0.07879740247334988
2016-04-11,50.0,28621222.9127944162223856,0.0,0.0,176.98492967,136.6795872516042,0.00014941654529514905,0.0632439959524388,175.75273299726516,-40.63978060526743,452552412.0,85.0,85.0,2557011.0,161715.5933343414884268,35474.3529411765,2243.5398338271520061881162482,1767.0,111.7521408479593596,3015320.0,190700.885875307762416,0.07533843938186327,0.06081411091107431,0.07619759344455639
2016-04-12,54.0,35819122.3425568023925356,0.0,0.0,380.47935014,170.27363305565197,0.0001851754585037989,0.0791491137662013,213.63156152956245,-17.873729970670816,452552412.0,74.0,74.0,1189427.0,94142.0929395915136551,24338.9324324324,1926.40493204247856280306704212,2036.5,161.18717018486894745,1801081.0,142553.9649711436036053,0.0770518797171126,0.07317720084640186,0.07846652090899378
2016-04-13,54.0,35820897.3417803276544048,0.0,0.0,111.98219479,167.473432638881,0.0001862983191116306,0.0791530359621204,233.98072044342499,-14.943886511886928,452552412.0,72.0,72.0,4041289.0,319880.2935503215891956,61604.6805555556,4876.19749544883174922937609424,2358.0,186.6428587986799032,4435537.0,351086.2196723156326548,0.07705331664786048,0.07298703842509072,0.07791549444929229
2016-04-14,33.0,34794675.9647581924656996,0.0,0.0,160.34379823,160.86944796215386,0.00018054295032144936,0.0768854060703983,243.8762446892418,-25.076618570514064,452552412.0,39.0,39.0,2822388.0,217000.4474682193171404,72381.0256410256,5565.04454820216466977821249648,1050.0,80.729676373918215,2822860.0,217036.737379884545138,0.07674126500788325,0.07043348513666627,0.07413043679697054
2016-04-15,33.0,34300528.8073703807705712,0.0,0.0,587.76628184,158.1738019749936,0.00017596748947983616,0.0757934946270276,203.41296383712324,-23.003481495908485,452552412.0,44.0,44.0,769953.0,58357.4285685637817028,17909.75,1357.4425403964075591,720.0,54.571316131459872,788029.0,59727.4717774419326004,0.07673695732016347,0.07018205685397833,0.07231898440088809
2016-04-16,19.0,35207277.5386983857383476,0.0,0.0,2570.82388629,162.25126134621286,0.00017999581414377555,0.0777971271506523,222.87745497088065,-4.489911543239645,452552412.0,23.0,23.0,176034.0,13694.9394808379269782,10296.0434782609,801.00260362690760733430458507,5000.0,388.9856357532615,236809.0,18423.0598834188205107,0.0767438169238649,0.06155002316764956,0.07085473620754919
2016-04-17,34.0,36977606.4187411260698124,0.0,0.0,462.91902055,173.55333394942744,0.00019031305961426072,0.0817090030640277,239.78476990838632,2.009351786628051,452552412.0,47.0,46.0,977606.0,79879.2116494118636862,22072.3043478261,1803.50598358667472946960518297,2344.0,191.5259031820809288,1015326.0,82961.2752449869885302,0.07637295633300181,0.06215842624931473,0.07098102063120575
2016-04-18,35.0,37668213.8496533514210696,0.0,0.0,1525.25534367,176.69090315511264,0.00019372439742840433,0.0832350305750958,246.28749609367966,-0.9018407125473347,452552412.0,54.0,54.0,296706.0,24696.3329818143744348,6168.53703703704,513.438368881388877655646148432,941.0,78.3241637711651478,333101.0,27725.6719195949860758,0.07624185485860184,0.0616293288971533,0.0708701182037316
2016-04-19,46.0,35917154.6987855950245456,0.0,0.0,349.18009048,167.7798303743137,0.0001813789012273526,0.0793657347666188,257.3100442742717,-3.654278991615895,452552412.0,61.0,61.0,1296043.0,102861.4049841329294084,26210.7213114754,2080.23315564831946288129737752,7163.0,568.4967581332904644,1598854.0,126894.2224945475348552,0.07592495019956376,0.062143280808659426,0.07099164786271558
2016-04-20,41.0,35791392.0666612423299004,0.0,0.0,599.37382556,166.76449406560212,0.0001786643091759203,0.0790878384859017,225.0186244347914,-15.629638533828949,452552412.0,48.0,48.0,755042.0,59714.6397460721913714,26928.5208333333,2129.71850633090308180746713661,2112.5,167.07305880146734125,1292569.0,102226.4883038834744673,0.07591959196465987,0.05705107137616139,0.07100011800658797
2016-04-21,43.0,34412778.115123893852822,0.0,0.0,192.72655929,159.05652628816526,0.00016817219520748103,0.0760415306661185,226.8502428588547,-14.788051809074402,452552412.0,50.0,50.0,2348158.0,178557.528565891484723,58553.88,4452.52666164022271478,1167.0,88.7404662873602895,2927694.0,222626.333082011135739,0.07520063506745728,0.05681817372042582,0.07066086452177907
2016-04-22,45.0,32409502.961163566669574,0.0,0.0,245.65720865,148.8447618039876,0.00015980677352425495,0.0716149159783145,203.66256340696873,-21.669281303639966,452552412.0,58.0,58.0,1842211.0,131929.7859793267333595,32973.8448275862,2361.4191268095658837505794599,3041.5,217.81676694804355175,1912483.0,136962.3093549548499035,0.07537841306340116,0.05738450857665298,0.07067916463888788
2016-04-23,40.0,34362598.7660861497833384,0.0,0.0,421.07534561,157.22235386998997,0.0001672795485096434,0.0759306499201382,238.75164832922593,-21.722495257100757,452552412.0,51.0,51.0,1074754.0,81606.7697242682110028,27724.2549019608,2105.12069325746091839058698256,1123.0,85.2701198603151986,1413937.0,107361.1553561304460934,0.07545972259448902,0.05735713786030603,0.07084421237732999
2016-04-24,29.0,32324159.4799652837592336,0.0,0.0,592.47404479,147.5063129611642,0.00015414107393337234,0.0714263334430428,218.0451140415044,-26.743365237859752,452552412.0,42.0,42.0,763835.0,54557.933405466597138,21393.4047619048,1528.05246200579190634603592544,11206.5,800.4392057294591382,898523.0,64178.2034042431457844,0.07502271640297635,0.058099184479209386,0.06967414694408086
2016-04-25,44.0,27535916.9414012533956912,0.0,0.0,371.76369904,125.25271346916803,0.00013076233489187615,0.0608458074937876,193.30845424794617,-33.835379052721365,452552412.0,70.0,70.0,1217312.0,74068.3316118775709312,24357.7571428571,1482.06740209471297613396455196,2106.0,128.1412705819166856,1705043.0,103744.7181466300908668,0.07569070157998956,0.06371087643911712,0.07248687154064763
2016-04-26,49.0,23885467.9362327185290692,0.0,0.0,378.96562489,108.3828396198255,0.00011239026008182355,0.0527794511815191,144.5969138076636,-39.35603966470337,452552412.0,84.0,84.0,1194178.0,63028.0594530441157998,21949.4404761905,1158.47942207475584215717098855,2052.5,108.32982355006795275,1843753.0,97312.2714542793851823,0.0759559845010127,0.06753096230737067,0.07403440273353583
2016-04-27,45.0,24564164.3717205508297356,0.0,0.0,477.67274393,111.32726797894742,0.0001217728351841028,0.0542791590993013,163.19850728379305,-39.42104205077817,452552412.0,60.0,60.0,947411.0,51424.6724014281439343,27514.8666666667,1493.48382539606383863196997671,3624.5,196.73481215541756185,1650892.0,89609.0295237637217596,0.07596166922263227,0.06750618146572136,0.0699387825822592
2016-04-28,33.0,24918912.0378704656056036,0.0,0.0,186.60646965,112.27177310962955,0.00012207474284044422,0.0550630410469903,153.95381375480704,-37.01931048241251,452552412.0,43.0,43.0,2425170.0,133537.235255929465851,57586.0930232558,3170.86540387533585587849701874,2429.0,133.7481267031394387,2476202.0,136347.2123666394748406,0.07559446430489951,0.06772345397583134,0.0698888352433974
2016-04-29,34.0,23863129.04130349244583,0.0,0.0,221.6226837,107.11902848254738,0.00011538061133839857,0.0527300891754025,130.971061455529,-36.93021709852191,452552412.0,41.0,41.0,2041995.0,107674.5784457260279875,53675.9024390244,2830.335122179961162732577321,1294.0,68.232735392970835,2200712.0,116043.74000937838658,0.07551119573466185,0.0677028571693181,0.06984675929436977
2016-04-30,33.0,25375773.4151954506303752,0.0,0.0,758.26143167,113.75480430026708,0.00012463325657510236,0.0560725625194446,137.3330731915503,-30.71413489131105,452552412.0,51.0,51.0,596829.0,33465.7314159176011734,13983.568627451,784.0945261076903117208337146,2518.0,141.1907124239615028,713162.0,39988.8208314921498252,0.07561739147943673,0.06904250674216378,0.0686286506436269
2016-05-01,17.0,26510298.2368692679367052,0.0,0.0,834.71190005,118.70555792257971,0.00012874313793103428,0.0585795093207221,180.12716510654408,-26.62796492898753,452552412.0,19.0,19.0,542166.0,31759.8182503786180686,28549.0,1672.3864115972952329,2270.0,132.975486158039167,542431.0,31775.3418203486094251,0.07531764957275305,0.06979292126210111,0.06806635320405931
2016-05-02,28.0,27231154.4172152298886956,0.0,0.0,442.15815802,121.70041656361259,0.0001352391683226184,0.0601723771548813,162.2705337365674,-24.55822430031467,452552412.0,37.0,37.0,1023508.0,61586.9093970382496004,35452.2972972973,2133.24900397995211007399231049,9980.0,600.520324005715374,1311735.0,78930.2131472582220555,0.07360949115121877,0.07010526911181089,0.0662645595830897
2016-05-03,29.0,26920129.6143901298455356,0.0,0.0,817.71408437,120.19900163268082,0.00013171237638807712,0.0594851091289513,160.10403655145998,-26.96202548035077,452552412.0,49.0,49.0,553436.0,32921.2008558902916668,17479.1836734694,1039.75114830131112479725464022,5600.0,333.11661112212728,856480.0,50947.806266764209424,0.07359289850308158,0.06987175123644664,0.06624289755225339
2016-05-04,19.0,26465097.7708315175706612,0.0,0.0,202.34623445,117.47453308103559,0.00013042776154295735,0.0584796303567851,171.02203885303322,-28.632856332728252,452552412.0,28.0,28.0,2236525.0,130791.1552837087957775,81410.5714285714,4760.86012427750576878198980614,2140.5,125.17564877869850655,2279496.0,133304.0834797702083096,0.0735873069568619,0.06981025517737581,0.06403269519172176
2016-05-05,9.0,26440767.952203975295848,0.0,0.0,3394.88996579,117.34512213559303,0.00013002710578609024,0.058425869028854,185.68198463857485,-24.111165005990454,452552412.0,10.0,10.0,133304.0,7788.402045022353616,16862.0,985.177003564536148,1388.0,81.095106212049352,168620.0,9851.77003564536148,0.07352373576500597,0.0691573734019085,0.0637157465273362
2016-05-06,43.0,26322602.7891609081671736,0.0,0.0,174.12559138,115.98557303786428,0.0001259812302746931,0.0581647607905378,190.6572761867453,-23.030040877394,452552412.0,63.0,63.0,2599000.0,151170.2132946077422,72966.9047619048,4244.10256110214619813374440144,5168.0,300.5954837654993504,4596915.0,267378.461349435070887,0.07333148099241958,0.06913909645852916,0.06365019433713322
2016-05-07,60.0,23309147.1187675660808664,0.0,0.0,41.00186367,99.96124467367227,0.00011163897136177673,0.0515059615211322,147.69710348252693,-31.068613683032854,452552412.0,91.0,91.0,11037362.0,568489.9424668067412564,127673.153846154,6575.9285492815994687786955588,22492.0,1158.4720865333054424,11618257.0,598409.4979846248305754,0.07394965592518918,0.07214708074004664,0.065258415006837
2016-05-08,31.0,22802899.7777317457089824,0.0,0.0,257.1457862,97.38934414453664,0.00010921027264757468,0.0503873124373752,137.22802668075755,-33.53990900448038,452552412.0,45.0,45.0,1759906.0,88676.9334824112387312,64559.6888888889,3252.98921490418517735236041528,9730.0,490.268550015660696,2905186.0,146384.5146706883077872,0.0738563131278031,0.0719844855888409,0.06503956416433346
2016-05-09,34.0,21512226.6791402964631872,0.0,0.0,430.00550343,91.68705015676777,0.0001025656963763881,0.0475353265361456,144.55341329371961,-36.56281820363102,452552412.0,52.0,52.0,1052434.0,50027.7938477418583904,27997.5576923077,1330.87304711842157928712720112,3220.5,153.0875191096569048,1455873.0,69205.3984501579031088,0.07306787976647795,0.0724423052032609,0.06496984362511173
2016-05-10,45.0,23718707.3068339091018256,0.0,0.0,194.8700688,100.72041564580421,0.00011619003419053195,0.0524109620850588,170.43858256221017,-22.13039799458622,452552412.0,63.0,63.0,2322329.0,121715.4971680325179452,39595.1587301587,2075.22036295823256706622283156,998.0,52.3061401608886824,2494495.0,130738.882866368751306,0.073148950113763,0.07311286131401618,0.06655464201067032
2016-05-11,32.0,24050115.4963343940041064,0.0,0.0,103.89164289,102.12884547389078,0.0001170824050263004,0.0531432710524022,181.83618560264537,-15.971041595209487,452552412.0,37.0,37.0,4356004.0,231492.3012773481928088,118412.081081081,6292.8053207709141111780227782,5000.0,265.716355262011,4381247.0,232833.7968685239815434,0.07296767547315253,0.07249565031547206,0.06659749086245272
2016-05-12,34.0,24006804.419564704519626,0.0,0.0,838.48081537,103.37422051925071,0.00011643266510812393,0.0530475670507855,149.56679804577507,-32.977686639066114,452552412.0,52.0,52.0,539729.0,28631.3103167534071295,12726.1923076923,675.09353974349793907640730165,2458.0,130.390919810830759,661762.0,35104.864066661914051,0.0727380606444135,0.05806145663575304,0.06557999622519133
2016-05-13,16.0,23866920.5908640195591136,0.0,0.0,1755.55568831,102.9644147972663,0.00011534040736411456,0.0527384673200328,157.06319113350872,-33.37151673465638,452552412.0,23.0,23.0,257783.0,13595.0803211600152824,11215.1739130435,591.4710829015290041927678268,100.0,5.27384673200328,257949.0,13603.8349067351407272,0.07269788574671295,0.05802455642547991,0.0654991880161375
2016-05-14,18.0,23215486.8978531573804912,0.0,0.0,215.62559534,101.28098933313598,0.0001119773308007013,0.0512990015791876,160.48946846824546,-33.278623081971006,452552412.0,15.0,15.0,2098788.0,107665.7289263799846288,140435.666666667,7204.2094861076138307338597292,1942.0,99.6226610667823192,2106535.0,108063.142291613950966,0.072736794862866,0.05801225228535606,0.06400300008494032
2016-05-15,21.0,23704511.1952471588503972,0.0,0.0,823.22669674,104.26767881596194,0.00011365675511396841,0.0523795930961631,187.16496217765877,-30.89170336594457,452552412.0,22.0,22.0,549730.0,28794.633712753740963,25325.5909090909,1326.54414673806867315369912579,9845.0,515.6770940317257195,557163.0,29183.9712282375212853,0.07274142946997235,0.05834918458262039,0.06401390375254026
2016-05-16,20.0,26792351.563943378676276,0.0,0.0,547.58794212,118.27603153470567,0.00013005190707188766,0.059202759400923,212.47924552136737,-23.901098190581962,452552412.0,26.0,26.0,826447.0,48927.942898614610581,34993.1923076923,2071.6935448625367226326199929,14188.0,839.968750380295524,909823.0,53864.032166425966629,0.07324964073656738,0.06300294970999203,0.061868620995570806
2016-05-17,62.0,27838685.4287033963349372,0.0,0.0,667.28459451,124.19947605313499,0.00013563092139099952,0.0615148316317081,230.76450757558945,-24.714744612041486,452552412.0,78.0,78.0,678200.0,41719.35881262443342,9762.10256410256,600.514095602234907841716382736,3176.5,195.40186267812077965,761444.0,46840.0994569743424964,0.07285738553764741,0.06269053792695346,0.06210399582350038
2016-05-18,46.0,26108218.5679199347801104,0.0,0.0,835.10159749,117.06545830340912,0.00012693683635300995,0.0576910383761692,247.21524801116902,-30.688992389905422,452552412.0,54.0,54.0,541913.0,31263.5236795449796796,11895.037037037,686.2370381896555405985786604,827.5,47.739334256280013,642332.0,37056.8000622415145744,0.07205457202116694,0.06323370997792946,0.06219621775131268
2016-05-19,37.0,26890719.2162169317895372,0.0,0.0,720.95548914,121.6313460211573,0.00013574785914669804,0.0594201213012581,225.41740831774365,-25.131265430871835,452552412.0,50.0,50.0,627712.0,37298.7231822553244672,13913.04,826.714524469255995624,1907.0,113.3141713214991967,695652.0,41335.7262234627997812,0.07203339632827147,0.06331349703978757,0.06234150584067375
2016-05-20,45.0,25763305.4494671097751028,0.0,0.0,199.41764102,115.88145480524354,0.00012868286528345985,0.0569288877184619,236.81713524479565,-28.018151958205163,452552412.0,75.0,75.0,2269370.0,129192.709921645882003,39290.12,2236.742829924894266428,3689.0,210.0106667934059491,2946759.0,167755.7122443670699821,0.07213528630445096,0.06358843529139936,0.05995357015436109
2016-05-21,42.0,26219617.2716678633319432,0.0,0.0,211.69041862,117.46914825226875,0.00013046619696084174,0.0579371948451086,214.44222068501423,-23.80848420911203,452552412.0,70.0,70.0,2137803.0,123858.3089514577004058,40656.2571428571,2355.50949175855007221736378106,6228.5,360.8618180927589151,2845938.0,164885.6644230986788668,0.07201255067336784,0.06356222803566204,0.05980108995134654
2016-05-22,14.0,27265671.616239400731738,0.0,0.0,10564.02838535,123.43259221486841,0.00013675511046171816,0.0602486494232615,225.65907050086707,-15.871367577244367,452552412.0,18.0,18.0,42839.0,2580.9918926430993985,4110.72222222222,247.66546204307698664189017053,616.0,37.113168044729084,73993.0,4457.9783167753881695,0.07199711512076107,0.0633999084749782,0.059964446995094456
2016-05-23,40.0,26041535.7067969752305436,0.0,0.0,385.50466896,119.19999483351059,0.00012954307714786666,0.0575436900042353,210.43329353630114,-24.215464947609178,452552412.0,55.0,55.0,1173922.0,67551.8036571519118466,21498.5272727273,1237.10458892941791829518193369,2536.0,145.9307978507407208,1182419.0,68040.7523911178991907,0.07209575502139963,0.06261144781213912,0.059533278612222386
2016-05-24,21.0,25203277.4217480203556492,0.0,0.0,962.17119774,116.4023960590729,0.00012495982086499133,0.0556914000532341,229.61248227923537,-22.029596972601354,452552412.0,26.0,26.0,470345.0,26194.1715580383927645,21883.0769230769,1218.69919131877077389076800229,4700.5,261.77742595022688705,568960.0,31686.178974288073536,0.07214090689923763,0.06201084697080312,0.05958468760645515
2016-05-25,40.0,25074945.7308093308356428,0.0,0.0,320.54449563,116.54159591389784,0.00012297832670952658,0.0554078269520069,236.28121516445134,-8.937313458015867,452552412.0,53.0,53.0,1411824.0,78226.0998786901895856,27280.5660377359,1511.55688217166728498363717771,2145.0,118.8497888120548005,1445870.0,80112.514755098216503,0.07214564783082476,0.054963709088086135,0.05923563463322938
2016-05-26,34.0,25033024.9543648974395904,0.0,0.0,505.61351692,117.4785382556651,0.00012172335008766812,0.0553151950814592,252.66117590047884,4.804415057707144,452552412.0,35.0,35.0,895056.0,49510.1972488305457152,29572.0285714286,1635.78252938305822738271661312,4434.0,245.2675749911900928,1035021.0,57252.3885284069826432,0.0721263144706827,0.0482822270724485,0.058923208442958876
2016-05-27,36.0,24845261.1915148182627696,0.0,0.0,90.07260345,116.43773373489383,0.0001163585306838106,0.0549002955960708,217.68678002219332,1.1443369924599611,452552412.0,45.0,45.0,5024307.0,275835.9394654076929356,118209.866666667,6489.7566223721347586585320236,3999.0,219.5462820886871292,5319444.0,292039.0480067452406352,0.07213564680562523,0.04804623077995461,0.058726535059715874
2016-05-28,34.0,25869467.9991963631341276,0.0,0.0,126.327799,127.84516778842823,0.00010767062127410873,0.0571634739164673,245.08051637506924,3.8145965597586704,452552412.0,39.0,39.0,3582366.0,204780.4854002392956318,174498.0,9974.9118714757109154,2534.0,144.8522429043281382,6805422.0,389021.5629875527257006,0.07204067026189506,0.04854029510985199,0.05901725430459113
2016-05-29,36.0,29010094.6590174951633792,0.0,0.0,82.39674326,145.1941089797458,0.00012151135710111053,0.0641032814979616,288.9543068354492,21.568695407904716,452552412.0,48.0,48.0,5492358.0,352078.1709615813774528,125318.958333333,8033.3564630729659675728340128,2529.0,162.1171989083448864,6015310.0,385601.110227503392096,0.07245765427833832,0.051980856785458905,0.0608502426240468
2016-05-30,45.0,32085313.7169630414491844,0.0,0.0,150.97127908,164.72223405098188,0.00013289497486849774,0.0708985586336087,325.55124966618143,26.440732236952435,452552412.0,51.0,51.0,2997606.0,212525.9447514572407722,68681.3725490196,4869.41031870338912873679503052,5000.0,354.4927931680435,3502750.0,248339.926253872873925,0.07277481339538422,0.053873822745709496,0.06222418915881497
2016-05-31,42.0,27891240.2417810554039452,0.0,0.0,219.41084079,146.8366582491134,0.00011607814962010523,0.0616309614139921,263.0083180549207,5.209077591557387,452552412.0,52.0,52.0,2062580.0,127118.788393271825618,43891.4230769231,2705.07060205904998770295570751,6759.0,416.5636681971726039,2282354.0,140663.6713070705254034,0.07361551844850844,0.059778014725425835,0.06470982262834009
2016-06-01,90.0,26513041.2603815490418596,0.0,0.0,73.53195418,144.18209949940214,0.00010897336294564573,0.0585855705490783,267.24519279462424,-2.6371014090379448,452552412.0,139.0,137.0,6154500.0,360564.89394430239735,55027.5620437956,3223.82111826057040964381359548,5861.0,343.3700289881479163,7538776.0,441663.4932016983101608,0.07368552863029186,0.06032651103672013,0.064983900031527
2016-06-02,36.0,27569144.4255775247301888,0.0,0.0,429.31569975,150.4642368295164,0.00011307067825832862,0.0609192298937024,288.811250669565,2.4108903652546476,452552412.0,40.0,40.0,1054125.0,64216.4832116990424,31839.0,1939.6073605855907136,18000.0,1096.5461380866432,1273560.0,77584.294423423628544,0.07353367345774293,0.06072493075928022,0.06514937277838771
2016-06-03,49.0,27521530.6062118824167532,0.0,0.0,308.01656359,153.2520845848842,0.00010665832904734069,0.0608140181699261,306.04437725506205,3.9917964578415837,452552412.0,50.0,50.0,1469247.0,89350.8137541094126467,29394.54,1787.600089656619543494,2050.0,124.668737248348505,1469727.0,89380.0044828309771747,0.07324254625919649,0.060634068454022944,0.06513494650513076
2016-06-04,38.0,27505380.1660530135977604,0.0,0.0,365.09441095,156.26935598717318,0.00010583651022793685,0.0607783307230567,286.9864945257168,4.026404285130828,452552412.0,45.0,45.0,1239549.0,75337.7190694342094283,31969.1777777778,1943.03325992197398078734940126,4647.0,282.4369028700444849,1438613.0,87436.4966964887683571,0.07320289543715823,0.06063367795092533,0.06469931266405571
2016-06-05,17.0,27740011.0477323312387948,0.0,0.0,1703.05352049,158.9378461755539,0.00010657760490940983,0.0612967919564029,300.78359236928145,5.384757236678288,452552412.0,20.0,20.0,265730.0,16288.396526574942617,13449.1,824.38668470085824239,1813.0,111.1310838169584577,268982.0,16487.7336940171648478,0.07304349880795852,0.06063718621376758,0.06468971538810094
2016-06-06,44.0,26720666.2485262673658108,0.0,0.0,267.10303907,155.2244713167021,0.0001007828568088836,0.0590443571617209,271.40412776270597,14.635967212253274,452552412.0,49.0,49.0,1694299.0,100038.7952947465591491,36709.8775510204,2167.51112148548864832361500636,5000.0,295.2217858086045,1798784.0,106208.0449527889673856,0.07311060507018012,0.05654366551461207,0.06483111227619903
2016-06-07,50.0,25154657.6934337177476204,0.0,0.0,602.10507745,149.3777566921626,0.00009608802279368785,0.0555839655837117,245.0385221202451,10.313416006847472,452552412.0,61.0,61.0,751617.0,41777.8534601326368189,13581.6393442623,754.92137388186042444573237891,3897.0,216.6107138797244949,828480.0,46050.203806793469216,0.07327612286114432,0.05759084426250253,0.06519009481266232
2016-06-08,27.0,25144978.5024567230055084,0.0,0.0,1524.72090563,151.23427204001422,0.00009528864289888949,0.0555625775837357,249.18868979669435,16.88691681014586,452552412.0,39.0,39.0,296810.0,16491.528652628593117,9026.23076923077,501.520647404087025332751987489,5000.0,277.8128879186785,352023.0,19559.3052487593923211,0.0732220401345233,0.0564157025894895,0.06518723538404349
2016-06-09,53.0,25358697.8886494618675856,0.0,0.0,304.18906337,152.89715545877007,0.00009709697779076575,0.0560348309195388,250.1415373473772,6.914333739187524,452552412.0,79.0,79.0,1487734.0,83364.9231432491370792,23463.5443037975,1314.775737836400639785788593,3076.0,172.3631399085013488,1853620.0,103867.283289075510456,0.073176562228486,0.05365899623228635,0.06380496065499915
2016-06-10,31.0,25029143.1943521815881476,0.0,0.0,400.32837455,171.80948923692893,0.00009538666335476336,0.0553066175998023,234.89202814001985,4.070781689871747,452552412.0,41.0,41.0,1130453.0,62521.5317855493094419,27669.6097560976,1530.31252591624894962897950448,3998.0,221.1158571640095954,1134454.0,62742.8135625661184442,0.07314755086784172,0.05368292975716678,0.06334589398748845
2016-06-11,15.0,25856069.8201743326090364,0.0,0.0,2928.42156622,180.55148774276233,0.00009436602513150207,0.0571338681102297,243.81438304893638,7.703088542274046,452552412.0,20.0,20.0,154538.0,8829.3537100186773786,10060.5,574.79528012296589685,499.0,28.5098001870046203,201210.0,11495.905602459317937,0.07306826770147191,0.053978493220414966,0.05614896620737191
2016-06-12,67.0,23625914.3374572444644544,0.0,0.0,261.62441098,168.23567275083553,0.00007787367592051433,0.0522059184991312,214.53006636889702,-1.0097919942760922,452552412.0,101.0,101.0,1729779.0,90304.7014955086680048,18231.9702970297,951.81675540531337448539059664,5001.0,261.0817984141551312,1841429.0,96133.4922959366664848,0.07342114623104928,0.05656210770948444,0.0571986793355298
2016-06-13,39.0,23903429.0778264380035728,0.0,0.0,381.32026181,171.95115066599914,0.00007499290999415547,0.0528191397150844,218.81406569075378,2.9632899064326756,452552412.0,48.0,48.0,1186804.0,62685.9662904210262576,38843.625,2051.68685591534527695,6830.5,360.7811338238839942,1864494.0,98480.9690839365732936,0.07342161476834078,0.056362259786581846,0.05717334657644162
2016-06-14,30.0,23795222.7134348752512396,0.0,0.0,972.51990373,177.99740996752544,0.00007676497019286973,0.0525800373226933,207.763365673132,0.38267618108870205,452552412.0,45.0,45.0,465340.0,24467.594567742100222,10716.7111111111,563.48507019874362270180752563,298.0,15.6688511221626034,482252.0,25356.8281589434893116,0.07333361959166033,0.056244050631465106,0.057163952374633946
2016-06-15,62.0,32429970.2668057748606364,0.0,0.0,456.81818017,245.35363532738683,0.00010310790064289884,0.0716601423545297,294.86798135985885,21.041895816451557,452552412.0,112.0,112.0,990662.0,70990.9799452231016614,13850.3125,992.51536540472213553125,4624.0,331.3564982473453328,1551235.0,111161.7209253288791795,0.07672291057072263,0.07687429094442175,0.07011874655232526
2016-06-16,36.0,35862145.4843092223711136,0.0,0.0,577.12406412,330.28156354870083,0.00010326050701344244,0.0792441815210328,344.5805919204166,28.821260530258886,452552412.0,56.0,56.0,784151.0,62139.4041838993911528,19033.0714285714,1508.26016718849509205195654192,3343.0,264.9132988248126504,1065852.0,84462.5693625558519456,0.07701377591084158,0.07858890209617063,0.07105642751341153
2016-06-17,58.0,30113039.807522363888586,0.0,0.0,185.24135565,274.72170158342504,0.00008871886499123313,0.0665404470488655,272.7312568316825,15.339312520247129,452552412.0,91.0,91.0,2443042.0,162561.106839154468851,29153.0879120879,1939.85950252520578665943127745,3000.0,199.6213411465965,2652931.0,176527.2147297937997805,0.07821674496384762,0.0844820329796498,0.07447652799569228
2016-06-18,31.0,32212370.7463697888534916,0.0,0.0,818.2123128,294.81357354552995,0.00009386834804208062,0.0711793151295143,281.89235346562117,19.789918920961906,452552412.0,47.0,47.0,553099.0,39369.2080188192298157,12275.8723404255,873.78818580883491159207033465,1644.0,117.0187940729215092,576966.0,41068.0447330153476138,0.07833087739727611,0.08514507862977316,0.07480731547841862
2016-06-19,27.0,32090499.3188361038429076,0.0,0.0,2254.64533679,303.9584047123999,0.0000924792080654589,0.0709100172000323,299.1019916738573,24.558936669750455,452552412.0,35.0,35.0,200720.0,14233.058652390483256,6714.97142857143,476.158739497725566305738857189,700.0,49.63701204002261,235024.0,16665.5558824203912752,0.07827294623029377,0.08466975377090541,0.07480743294038743
2016-06-20,24.0,33929976.3130396300675092,0.0,0.0,1449.24827792,328.3917728572069,0.00010377156165984803,0.0749746889273891,311.1127360039688,29.40683291248247,452552412.0,28.0,28.0,312267.0,23412.1211872890120897,11327.5,849.27578882500003025,1135.5,85.13375927705032305,317170.0,23779.722087100000847,0.07827018211518934,0.08511473546670043,0.07500645615102425
2016-06-21,53.0,33769150.6344853415463384,0.0,0.0,408.05889434,326.33614847123687,0.00011143794155464652,0.0746193142253882,308.4480815819235,23.852260489972597,452552412.0,68.0,68.0,1109037.0,82755.5803905818531634,22354.9117647059,1668.10818545141699355848633038,6463.5,482.3019374957966307,1520134.0,113431.3566106962660188,0.07817095591565584,0.08494887048063178,0.07459867078950251
2016-06-22,41.0,35882556.3144000194510892,0.0,0.0,450.21803151,354.0896234431609,0.00013329671770894217,0.0792892831038541,349.98641780289483,37.78970917231461,452552412.0,64.0,64.0,1005185.0,79700.3980367475835085,17313.078125,1372.7415528522685219015625,10823.0,858.1479110330129243,1108037.0,87855.4593825451854017,0.07824148362446098,0.08488287492806411,0.07462792979860029
2016-06-23,167.0,38713608.2609914976086632,0.0,0.0,44.41501134,352.5051758484982,0.00013628810724722372,0.0855450269061686,380.05431916542096,53.60545223211864,452552412.0,278.0,278.0,10189177.0,871633.4206167142572422,38226.2482014389,3270.06543091396975386180599854,7639.0,653.4784605362219354,10626897.0,909078.1897940823768342,0.07822992495402298,0.08528424454089788,0.07479988997127918
2016-06-24,112.0,36865859.6517169639620264,0.0,0.0,144.79392915,329.6937863250067,0.0001226603936294564,0.0814620774835622,347.16905950348036,47.02268968989336,452552412.0,156.0,156.0,3125493.0,254609.1529403312711646,21100.7307692308,1718.90936488286445274853795576,6665.0,542.944746427942063,3291714.0,268149.8609217264636108,0.07829202068040018,0.08599994179645078,0.0720072519851764
2016-06-25,34.0,35180048.2895303464745424,0.0,0.0,916.26678599,315.0212694290431,0.0001162208606078317,0.0777369589835052,322.26120818927313,40.53454727769989,452552412.0,50.0,50.0,493909.0,38394.9836745840698268,12494.9,971.31552880299912348,3999.0,310.8700989750372948,624745.0,48565.776440149956174,0.07828085879976503,0.08665499717384512,0.06972122545599806
2016-06-26,23.0,34567801.0858954864279644,0.0,0.0,2613.99095462,314.0306855352205,0.00012116106341320875,0.0763840831896737,301.8398011623042,39.13237143870768,452552412.0,28.0,28.0,173127.0,13224.1471703786386599,6198.82142857143,473.491291677932076545118842391,519.5,39.68153121703548715,173567.0,13257.7561669820950879,0.07830548078090234,0.08674958835875322,0.06973056148872488
2016-06-27,28.0,34075847.6506761652512888,0.0,0.0,68.53354325,295.6472859590518,0.00011544288018702512,0.0752970191896274,306.00062172317735,31.72225904195145,452552412.0,31.0,31.0,6603371.0,497214.1529032290739654,214512.161290323,16152.1263250858988610015956502,19998.0,1505.7897897541687452,6649877.0,500715.9160776618858298,0.07832462138115405,0.08668571463316198,0.06976855209401808
2016-06-28,45.0,33710353.3022307231828336,0.0,0.0,381.49094854,296.5991454542087,0.00011509151782583282,0.0744893904183428,297.58493056805435,16.202148591584127,452552412.0,59.0,59.0,1186273.0,88364.7526397387683844,20581.3050847458,1533.08886977665374386879526024,5000.0,372.446952091714,1214297.0,90452.2433168224070116,0.07828552181998491,0.084421859379049,0.06951121201984395
2016-06-29,39.0,34886764.6220541692582832,0.0,0.0,224.62286937,314.3362706623464,0.0001207180420806545,0.0770888933458036,326.8764114336537,8.731256081220874,452552412.0,51.0,51.0,2014721.0,155312.6122905507747956,55851.0196078431,4305.49329380340234075103221516,793.0,61.1314924232222548,2848402.0,219580.1579839736658472,0.07829058340187171,0.08267670349445487,0.06923020325227941
2016-06-30,40.0,34707583.5632002413042132,0.0,0.0,269.34629458,310.92945280245954,0.00011373970952659265,0.0766929589653811,313.0790851884813,24.439011181755582,452552412.0,52.0,52.0,1680188.0,128858.5893381257396468,34690.9615384615,2660.55248973884181417465517765,5998.0,460.0043678743558378,1803930.0,138348.729466419927723,0.07829192473482595,0.07818418298084642,0.06905767652793023
2016-07-01,35.0,33743535.205821973579788,0.0,0.0,319.66914508,300.5346019990071,0.00011005365166569257,0.074562712099349,304.3937061224305,27.27146189843169,452552412.0,38.0,38.0,1415690.0,105557.68589192738581,45437.4210526316,3387.9373444842691770570968284,3096.0,230.846156659584504,1726622.0,128741.619090402169078,0.07833692903395036,0.07771538281584094,0.0691211243409155
2016-07-02,124.0,32433606.6235179243686376,0.0,0.0,41.83320551,272.07311739525363,0.00010198401578024537,0.0716681775712598,295.9402732274314,17.64458890290172,452552412.0,213.0,213.0,10818019.0,775307.7066612623703362,52433.1596244131,3757.78899458464785232900262338,20126.0,1442.3937417991747348,11168263.0,800409.0558465306877274,0.07842018417618526,0.07795909112427565,0.069319878641629
2016-07-03,30.0,32464247.2836333901456584,0.0,0.0,760.12982354,272.9282396486487,0.00010827239392168319,0.0717358838949982,260.79908093320785,17.95945417478303,452552412.0,67.0,67.0,595362.0,42708.8193074939183484,10318.2089552239,740.18583961627237135297109698,5806.0,416.4985418943595492,691320.0,49592.451254290155624,0.07838897999668851,0.07795217079448062,0.06927012049898705
2016-07-04,35.0,31766140.7543162278796616,0.0,0.0,748.8535379,269.0847768583515,0.00010324934161309172,0.0701932857101118,187.4336225679236,15.49064423956524,452552412.0,48.0,48.0,604327.0,42419.6977733347337586,13149.0208333333,922.97297616237667908630966294,4968.5,348.7553400506904783,631153.0,44302.7028557941929054,0.07759127811264335,0.07810468124507933,0.0693442530023451
2016-07-05,40.0,31271973.2996789890305144,0.0,0.0,265.30635202,263.20298980356915,0.00010341940677966104,0.0691013294161362,170.1066164373898,12.73237507320815,452552412.0,51.0,51.0,1705773.0,117871.1819821508942826,47504.7843137255,3282.6437497052454173228374131,6551.0,452.6828090051082462,2422744.0,167414.8312349674817328,0.07757555841547445,0.0781899056704397,0.06937995008219809
2016-07-06,40.0,31186306.5017788285191216,0.0,0.0,637.11599659,262.6247718052668,0.00010169246201052017,0.0689120324515668,174.18461169699802,16.712308786457953,452552412.0,59.0,59.0,710314.0,48949.1814188022199752,12528.8983050847,863.39184658237712426292170796,6153.0,424.0157356744905204,739205.0,50940.118948360436394,0.07756287870677499,0.07781160431188565,0.0674359073830027
2016-07-07,23.0,30624032.2157321930829828,0.0,0.0,1092.19841197,258.56301346781913,0.00010572492635885434,0.0676695812544519,155.0043071667714,21.742989266461688,452552412.0,24.0,24.0,414350.0,28038.890992782144765,26710.5833333333,1807.49398922880642362229151827,3243.0,219.4524520081875117,641054.0,43379.8557414914083026,0.07755173844908039,0.07696263059767959,0.06741228983226284
2016-07-08,27.0,30587294.7377333526983988,0.0,0.0,1026.84558258,257.9637856069289,0.00010162879368790194,0.0675884028604699,174.97869329132365,21.643749803742725,452552412.0,39.0,39.0,440721.0,29787.6284970691547979,12041.2820512821,813.85102223859995274270345879,120.0,8.110608343256388,469610.0,31740.189867305269739,0.07754736959640415,0.07696531134147297,0.06690644222619695
2016-07-09,22.0,30385648.3586033620154016,0.0,0.0,1601.81935694,263.0997693878072,0.00010298897136177678,0.0671428271132568,144.52787907565812,19.823377730305143,452552412.0,27.0,27.0,282524.0,18969.4600873457641632,12036.0740740741,808.13604067790971567329552888,752.0,50.4914059891691136,324974.0,21819.6730983035153232,0.07752806178044151,0.07700147742024427,0.06582765274785235
2016-07-10,15.0,30512783.9103942307902696,0.0,0.0,8537.43608512,268.28235814561214,0.00010373534599649341,0.0674237571191958,142.64162490865758,21.909022907661633,452552412.0,14.0,14.0,53008.0,3573.9985173743309664,4890.71428571429,329.750332139381462244673367982,1115.5,75.2112010664629149,68470.0,4616.504649951336426,0.07752782133743576,0.07691821548093293,0.06581521853336864
2016-07-11,31.0,30826060.070967463715946,0.0,0.0,895.92694834,272.62781855090077,0.00010474991642314432,0.0681159999451455,136.07548539311324,19.221754448215762,452552412.0,42.0,42.0,505122.0,34406.890124291785251,14359.1428571429,978.08737406948217454285479195,3998.0,272.327767780691709,603084.0,41079.669710918128722,0.07750589347237463,0.0767669023079157,0.06581564930302151
2016-07-12,28.0,32082300.0033938017899972,0.0,0.0,520.74860824,291.1268186585375,0.0001058051525423729,0.0708918992644631,164.74754829401203,35.792839782414454,452552412.0,49.0,49.0,869042.0,61608.0379205875413502,18247.7551020408,1293.61801649646896980572629448,2526.0,179.0729375420337906,894140.0,63387.282808327036234,0.07745515504711306,0.0748033753417121,0.06596289577827279
2016-07-13,33.0,29976066.488960853883128,0.0,0.0,476.52997053,276.3070201250539,0.0001006143045002922,0.066237778639794,135.74811037552237,25.40487974073805,452552412.0,55.0,55.0,949683.0,62904.892331975485302,19936.9818181818,1320.5813884183237774222065492,11026.0,730.337747282368644,1096534.0,72631.976363007873996,0.07714147314904901,0.07614815786855356,0.06650221208026941
2016-07-14,26.0,30925025.479660333950006,0.0,0.0,860.21044108,285.7097971161099,0.00010339547048509653,0.0683346827011505,145.5740367088098,29.963168876750828,452552412.0,36.0,36.0,526095.0,35950.5348956617722975,23283.1388888889,1591.04590825904078834369667945,8044.0,549.684187648054622,838193.0,57277.6526973254410465,0.07714893772728089,0.07623176016428013,0.0665591631547906
2016-07-15,55.0,35978011.1129388286903332,0.0,0.0,162.56531477,325.45687514884867,0.00011923385768556397,0.0795002085038911,192.53056037315702,10.94062318572247,452552412.0,125.0,125.0,2783819.0,221314.1909370936181109,23849.208,1896.0170086526676532488,8005.0,636.3991690736482555,2981151.0,237002.1260815834566561,0.07784514854066579,0.057986567957976354,0.06752493857644903
2016-07-16,41.0,34541387.8911062197156128,0.0,0.0,162.91903124,308.3657311531354,0.00011472796493278796,0.0763257182487544,174.23147000297493,-3.6828738921403072,452552412.0,77.0,77.0,2777775.0,212015.67200843375346,38459.0,2935.4107981288454696,4228.0,322.7051367557336032,2961343.0,226026.6314559211011592,0.07581350741852692,0.0555112680123371,0.06763348257829582
2016-07-17,16.0,33560035.1595850151175924,0.0,0.0,831.36598646,299.13977380607344,0.00010888029105786096,0.0741572341008427,167.42682138357617,11.446852838820934,452552412.0,28.0,28.0,544348.0,40367.3420683255220596,21297.1785714286,1579.33985700888139401740288122,12279.5,910.61375614129793465,596321.0,44221.5159962486197067,0.07581849416646672,0.04522784710014853,0.06718555541165357
2016-07-18,21.0,33769928.7971074637424648,0.0,0.0,373.68197361,301.38350772349963,0.00011053026241963764,0.0746210337226254,172.03080803038299,4.8352791634040315,452552412.0,29.0,29.0,1211063.0,90370.7729632238848002,42922.3103448276,3202.90716769437340076598238104,3684.0,274.9038882341519736,1244747.0,92884.3078631367987738,0.07538616936959618,0.04360304485935944,0.06710386016457447
2016-07-19,38.0,33361493.5548451983662652,0.0,0.0,222.07085031,295.0897674068622,0.00010926760081823498,0.0737185189388521,153.5202387185522,3.960655842033166,452552412.0,57.0,57.0,2037874.0,150229.0530639942844354,36640.2280701754,2701.06334691508555622032165834,7104.0,523.6963585416053184,2088493.0,153960.6107741600388853,0.07535299261449355,0.04366537142474014,0.06685906410405082
2016-07-20,28.0,32668148.581560911333304,0.0,0.0,712.98749226,292.77642347672565,0.0001081760257159555,0.072186442311042,128.41579375300748,-3.7189172189129485,452552412.0,35.0,35.0,634727.0,45818.683968760755534,22755.2,1642.6169320762229184,2226.0,160.687020584379492,796432.0,57491.592622667802144,0.07536401382529656,0.0426007706568583,0.06691484276205989
2016-07-21,30.0,34024987.6002127731939,0.0,0.0,490.56799786,306.8485184445295,0.0001127456522501461,0.075184634305325,136.80873330828877,0.7576055687529475,452552412.0,56.0,56.0,922507.0,69358.351439102449775,16500.1785714286,1240.559891865419170453837295,4179.0,314.196586761953175,924010.0,69471.35394446335325,0.07521687128504499,0.04327514238143085,0.06692928588375785
2016-07-22,30.0,33839437.9459170544562364,0.0,0.0,859.27129322,306.47189030761143,0.00011493834950321463,0.0747746273108297,127.76100439104137,-5.693904164968973,452552412.0,133.0,133.0,526670.0,39381.552965794678099,5133.27819548872,383.838963950477442227740190984,1.0,0.0747746273108297,682726.0,51050.5822054135177622,0.07494604126841506,0.04174706837929116,0.06662391440028445
2016-07-23,33.0,36279528.92578915549467,0.0,0.0,446.80162824,327.69245704937896,0.00012194882700175331,0.0801664690404725,133.80944256804676,-6.287399817637144,452552412.0,56.0,56.0,1012871.0,81198.2916634924215475,19380.75,1553.686294856137404375,5036.0,403.71833808781951,1085322.0,87006.432511943694645,0.0750048685064487,0.04135494960613648,0.06696763781196692
2016-07-24,35.0,36409814.9163405464202252,0.0,0.0,755.37449216,329.7252412232419,0.00012164362390414971,0.0804543605356821,135.97180005754055,-1.2370381151689158,452552412.0,69.0,69.0,599110.0,48201.011940532502931,9676.42028985507,778.510206694789290957372593247,9508.0,764.9600599732654068,667673.0,53717.2042619404747533,0.07461887634626621,0.040408793655951306,0.06695245258606275
2016-07-25,23.0,35175045.9394024914009852,0.0,0.0,568.52389597,318.5803388262549,0.00011864384453535945,0.0777259053464121,128.5827560012405,-0.01421928158450721,452552412.0,49.0,49.0,796013.0,61870.8310925135349573,16727.0204081633,1300.12280497240414662120589593,11511.0,894.7028964425496831,819624.0,63706.0174436476710504,0.07413475583296926,0.039981843566074295,0.06715185732928844
2016-07-26,45.0,34714505.4356429680153296,0.0,0.0,152.76912591,308.94328069206045,0.00011717868585622433,0.0767082541494508,123.56547292886452,0.42439595559736726,452552412.0,75.0,75.0,2962329.0,227235.0858062884389132,68433.1866666667,5249.39027508347705082447164836,6375.0,489.01512020274885,5132489.0,393704.2706312605870412,0.07387372171102792,0.03992352753703752,0.06717463777259901
2016-07-27,47.0,34040160.6572297202353304,0.0,0.0,567.96165165,305.1629499237083,0.00011461375978959662,0.0752181620396042,107.38545157696528,-0.10472811656011324,452552412.0,81.0,81.0,796801.0,59933.9067313186661642,11361.5925925926,854.59811265759697215675584892,5998.0,451.1585359135459916,920289.0,69222.4471252653096138,0.07331362339966493,0.04000115005208351,0.06709410644679852
2016-07-28,28.0,34012928.8050544709983344,0.0,0.0,1813.84459256,307.64377266341256,0.00011453580362361191,0.0751579881206212,115.25819103125758,0.8975744042520298,452552412.0,33.0,33.0,249499.0,18751.8428781068687788,10432.7575757576,784.10506994411052980577262112,6015.0,452.075298545536518,344281.0,25875.4673081555873572,0.07310573405546125,0.03995013806804526,0.065522833742425
2016-07-29,28.0,35294120.673458264645586,0.0,0.0,1740.69331959,319.65575811775295,0.00011860409994155479,0.0779890234536155,138.21060841587735,1.1676521334585959,452552412.0,35.0,35.0,259984.0,20275.898273564772152,8278.97142857143,645.668896914669875470033505165,6001.0,468.0121297451466155,289764.0,22598.411392013441742,0.07302141954120218,0.04003149660440789,0.06441226108961817
2016-07-30,23.0,36233448.9663289678631148,0.0,0.0,1800.43687663,328.547855167733,0.00012216863296317948,0.0800646466697629,141.76447422562984,4.396345831308671,452552412.0,22.0,22.0,251357.0,20124.8093929715932553,12262.8181818182,981.81820490281848698448490478,6554.5,524.78372659696092805,269782.0,21600.0005078619746878,0.07298032286994136,0.040291734693147174,0.061735296902964
2016-07-31,44.0,34962598.4226950604798768,0.0,0.0,533.44886557,316.8981466092032,0.00012364901987142022,0.0772564624463764,136.88087089570692,3.612731177801297,452552412.0,85.0,85.0,848352.0,65540.6744293083116928,12409.3176470588,958.69998278515413171617773232,5998.0,463.3842617533656472,1054792.0,81489.4985367382557088,0.0728964249355371,0.04050553883788185,0.061539012145861126
2016-08-01,28.0,34427599.3211982317499312,0.0,0.0,464.02258631,310.7572732914579,0.00012542971303331385,0.0760742809193076,151.9688305828863,6.147921570444283,452552412.0,33.0,33.0,975281.0,74193.8007692632354356,51762.0,3937.7569289451999912,6998.0,532.3678178733145848,1708146.0,129945.9786551915997096,0.07288318955823886,0.03990234303997876,0.061423914372352846
2016-08-02,42.0,30851908.0049891212827936,0.0,0.0,355.95229769,279.7193082205943,0.00012936537872589143,0.0681731158356728,154.80325404992163,-4.96650750765171,452552412.0,104.0,104.0,1271385.0,86674.276876736862828,13422.5961538462,915.06020241161319606688472336,6000.0,409.0386950140368,1395950.0,95166.26105080744516,0.07287412577481651,0.04481005295230365,0.06314207481210146
2016-08-03,62.0,31277446.8329976415289124,0.0,0.0,170.95402908,278.6601026375429,0.00012117784307422555,0.0691134242214527,173.41657617782792,-1.5384113704532565,452552412.0,105.0,105.0,2647217.0,182958.2315272413521359,26938.5428571429,1861.81494039350172606960949083,7216.0,498.7224691820026832,2828547.0,195490.5687413173702269,0.07286080581644709,0.04473055960934274,0.0631594549474731
2016-08-04,60.0,34570221.707373055887144,0.0,0.0,292.97694975,309.0111934313979,0.00013090644944476913,0.076389432009862,212.8290893009991,10.546978842962627,452552412.0,68.0,68.0,1544669.0,117996.387553241525678,23833.5588235294,1820.6320213030456584184469428,8839.5,675.244384251175149,1620682.0,123802.977448607165884,0.07303509320451763,0.04823434281035752,0.06441030672329953
2016-08-05,57.0,39055509.791738544901524,0.0,0.0,498.02728323,366.96486894640384,0.0001484664047340737,0.086300522892227,237.15032009670537,25.232879980548102,452552412.0,84.0,84.0,908690.0,78420.42214693775263,11410.369047619,984.720815202801901367957513,5998.0,517.630536307577546,958471.0,82716.548477035704917,0.07341521829216426,0.05284718357506561,0.06595573726384182
2016-08-06,74.0,40054008.7933799046545832,0.0,0.0,408.8263859,375.9818485578318,0.00014980972180011695,0.0885068949613286,268.35443327003725,30.792733338372543,452552412.0,112.0,112.0,1106955.0,97973.149911917500413,10870.1517857143,962.08338231191406233242801898,1243.0,110.0140704369314498,1217457.0,107753.3388189342333702,0.0733873166312111,0.05271383452004634,0.06541180327655789
2016-08-07,54.0,38813101.6747166046846492,0.0,0.0,411.85121562,362.66126104892135,0.00014420752483927538,0.0857648763889841,287.3485532505544,26.892888068442566,452552412.0,73.0,73.0,1098825.0,94240.5902981254536825,18034.3287671233,1546.71197747062984579436643953,2829.0,242.6288353044360189,1316506.0,112909.9743553559015546,0.07344114346134639,0.053202237660697885,0.06560019201190752
2016-08-08,45.0,41106808.0524286318146624,0.0,0.0,788.65240925,386.8884660834506,0.00015353069257744006,0.0908332537015152,309.1611589449939,35.28362984820001,452552412.0,61.0,61.0,573830.0,52122.845971540467216,10295.7540983607,935.19684406481234381942613264,888.0,80.6599292869454976,628041.0,57047.0074879533077232,0.0698158044020087,0.053878328091015136,0.06591936530737899
2016-08-09,93.0,42458343.564106897478922,0.0,0.0,108.84778588,393.0900550900272,0.00015957577498538865,0.0938197265957935,329.4062615916043,39.14936011342901,452552412.0,140.0,140.0,4157663.0,390070.8059374465905905,41941.8357142857,3934.97155963997175635747720295,9998.0,938.009626504743413,5871857.0,550896.0183495962335295,0.06856669359727365,0.054017346034254676,0.0659334387704436
2016-08-10,67.0,39584806.9664709621833796,0.0,0.0,300.74004184,362.6439621649829,0.00014826226592635884,0.0874701049355383,293.67086187039786,28.413449124990986,452552412.0,121.0,121.0,1504796.0,131624.6640265782916868,13961.2396694215,1221.19109891449865105915209345,4154.0,363.3508159022260982,1689310.0,147764.122968654205573,0.06770251309235867,0.05601061971418975,0.06663485003541328
2016-08-11,41.0,40390768.9825893400804956,0.0,0.0,116.90250995,357.93444488622214,0.000151379184102864,0.0892510301825313,307.4069647879413,25.89736078247705,452552412.0,46.0,46.0,3871195.0,345508.1417874642559035,84627.152173913,7553.0605129355784819921659769,4516.0,403.0576523043113508,3892849.0,347440.7835950367886737,0.06753836869679385,0.055741426404398664,0.06541553124221779
2016-08-12,178.0,53475647.492799345283236,0.0,0.0,45.17651209,428.49066734393074,0.00020123675102279317,0.118164539785503,442.92248688218024,78.39447851669452,452552412.0,260.0,260.0,10017427.0,1183704.651289871960781,39733.5461538462,4695.0961953152790043864516386,3800.0,449.0252511849114,10330722.0,1220725.010781971123166,0.06910458820299539,0.0730718306745086,0.07422747264466004
2016-08-13,166.0,46128246.487919565608028,0.0,0.0,43.06603528,338.2301071672028,0.00017412950379894817,0.101929070014369,364.8471612709673,49.161547233836636,452552412.0,234.0,234.0,10508337.0,1071105.017807584294353,45991.5897435897,4687.8799710464897356046403993,3922.5,399.8167771313624025,10762032.0,1096963.913224879637808,0.06935941021247331,0.07912396749300503,0.0770649082191344
2016-08-14,62.0,49231232.245652124413772,0.0,0.0,540.17017508,359.7452056147266,0.00019038881005260157,0.108785702915781,412.18056000494,36.83700327711284,452552412.0,94.0,94.0,837796.0,91140.226760029658676,9681.86170212766,1053.24813079933737815349060246,3186.5,346.6456423411361565,910095.0,99005.324295137709195,0.06902345536855285,0.07541662952912087,0.0667891648723891
2016-08-15,34.0,45643630.895862972889644,0.0,0.0,600.26264186,332.6028849648036,0.00017801720864991157,0.100858220364237,378.3468426571834,32.14185556109451,452552412.0,44.0,44.0,753924.0,76039.432929887015988,17727.8409090909,1787.9984849912255814025421433,5272.5,531.7749668704395825,780025.0,78671.933339613965925,0.0692495776179196,0.07649571900443383,0.06647625674728118
2016-08-16,64.0,45741055.758804741761244,0.0,0.0,236.41695673,328.9919236470484,0.00017474220455873754,0.101073498993537,381.6123405287871,36.29620928969954,452552412.0,78.0,78.0,1914213.0,193476.205728915441381,24817.1794871795,2508.3591659198642750448588915,3270.0,330.51034170886599,1935740.0,195652.01494174931238,0.0692202297182233,0.07617198988098303,0.062199708585164076
2016-08-17,74.0,45408283.883793800516196,0.0,0.0,262.97426463,323.1029583125031,0.0001749076487434241,0.100338176705583,461.516839871247,34.4636648676713,452552412.0,101.0,101.0,1720900.0,172671.9682926377847,17687.2277227723,1774.7041806794134436416477509,5000.0,501.690883527915,1786410.0,179245.12224862052703,0.06912198801684859,0.07623710107067855,0.0617154298329454
2016-08-18,48.0,44266534.2027398370043332,0.0,0.0,622.84940489,316.4328937817299,0.00017062889538281697,0.0978152652133911,430.1121730781861,32.68750732027961,452552412.0,55.0,55.0,726584.0,71071.0066598065590024,15974.5272727273,1562.55262184037006894177854703,4000.0,391.2610608535644,878599.0,85940.3942012202070689,0.06915172029572818,0.07640811776187198,0.061835378402704554
2016-08-19,46.0,44625541.5995077103647596,0.0,0.0,395.14668678,319.2762314226084,0.00017180435008766815,0.0986085598401533,406.3816624225746,36.60260387298467,452552412.0,65.0,65.0,1145277.0,112934.1155880512509641,18704.7538461538,1844.44883893379457990800737754,7614.0,750.8055746229272262,1215809.0,119889.1745306969435197,0.0689365737538294,0.07619292761403869,0.06148237047559322
2016-08-20,37.0,44949177.1275545120245344,0.0,0.0,1065.99301826,320.5828745027216,0.00017071879310344844,0.0993236936444712,427.02606556100636,32.10637327983457,452552412.0,48.0,48.0,424536.0,42166.4836050492253632,9308.16666666667,924.521494391679005878978814904,1495.0,148.488921998484444,446792.0,44377.0317308005763904,0.06876909028524142,0.07597873232843738,0.06147104690251976
2016-08-21,62.0,47758011.935201534516472,0.0,0.0,427.47017218,339.4277071828501,0.00018170069403857403,0.105530344483506,464.60517023403264,41.1312209485555,452552412.0,75.0,75.0,1058676.0,111722.442976420198056,16635.3733333333,1755.5366784783926345618505498,401.0,42.317668137885906,1247653.0,131665.250885879711418,0.06883519975075655,0.07649256114000708,0.06146967204268082
2016-08-22,51.0,48485961.512915209582104,0.0,0.0,326.63354661,341.30651936562316,0.00018315219403857423,0.107138886518442,442.43050950015544,33.64551015007573,452552412.0,68.0,68.0,1385505.0,148441.46296573398321,27493.9411764706,2945.6702436506033471633708052,6492.0,695.545651277725464,1869588.0,200305.576568240941896,0.06829029028927198,0.07570722621073576,0.060773626187438326
2016-08-23,65.0,46436198.309320195170444,0.0,0.0,361.33486953,325.5970301504523,0.00017611510637054336,0.102609547707637,470.5840246409025,27.537584071815367,452552412.0,88.0,88.0,1252446.0,128512.917588239130102,17440.5454545455,1789.5664808653981097067139835,4732.5,485.5996845263921025,1534768.0,157481.850316154623216,0.06828410592348068,0.07631613597580619,0.06069418799187997
2016-08-24,67.0,53250254.388005996226672,0.0,0.0,454.67894543,371.4189199323199,0.00020332835447106965,0.117666491164356,523.8797018483642,51.386452997793974,452552412.0,104.0,104.0,995323.0,117116.164985180306988,12471.7884615385,1467.511586813337020788121706,3691.5,434.365852133220174,1297066.0,152621.205028586579496,0.06881211258691125,0.07937225242635176,0.06269705550863489
2016-08-25,90.0,51277391.30120565380994,0.0,0.0,281.48270528,360.2735445069409,0.00019670225803623644,0.113307077680995,463.96586110712326,47.7117149091135,452552412.0,109.0,109.0,1607745.0,182168.887606231306275,17092.5596330275,1936.7079821064863329110623625,1998.0,226.38754120662801,1863089.0,211101.170049607293555,0.06753242492361841,0.07978623044074178,0.0628845618942112
2016-08-26,58.0,49605995.981092132816416,0.0,0.0,401.38825403,350.75363728561,0.00018935673465809446,0.109613814147768,431.5036717528171,45.7278550492282,452552412.0,77.0,77.0,1127468.0,123586.067809555691424,15035.2597402597,1648.0721668322453287944953496,2283.0,250.248337699354344,1157715.0,126901.55684608323012,0.06756374810126155,0.08001472203708922,0.06303719381912365
2016-08-27,58.0,50073121.199506745151708,0.0,0.0,894.87284786,362.48979055542463,0.00019404739158386964,0.110646015515009,431.6241819563693,47.21790495167724,452552412.0,59.0,59.0,505717.0,55955.571028203806453,8575.50847457627,948.84584372705713304710023643,9000.0,995.814139635081,505955.0,55981.904779896378595,0.06752916344418045,0.07997773045491376,0.06299852794547771
2016-08-28,65.0,47904594.301121212725408,0.0,0.0,271.20090753,347.7953200249268,0.00018406065517241371,0.105854245896984,420.02144744937004,35.729672214630995,452552412.0,118.0,118.0,1668698.0,176638.768419805406832,14528.2966101695,1537.881881837201351103778788,4400.0,465.7586819467296,1714339.0,181470.062056789653576,0.0669138523816511,0.08050794728251068,0.06322906205032815
2016-08-29,51.0,51709870.382053835414424,0.0,0.0,701.28263608,377.04592976765724,0.0001992621031560489,0.114262721865802,446.92795520069114,42.71307826673304,452552412.0,64.0,64.0,645321.0,73736.133937161212442,10872.328125,1242.30180458061156028125,3004.0,343.245216484869208,695829.0,79507.315493159139858,0.06690600313375218,0.08137003428021274,0.06387484624033789
2016-08-30,140.0,50208545.978049167714772,0.0,0.0,259.8965542,371.13167334704184,0.00019271511396843868,0.110945262132531,396.6788362110937,43.606448728529266,452552412.0,181.0,181.0,1741279.0,193186.655100871447149,10081.1215469613,1118.4526726175278521009280503,4800.0,532.5372582361488,1824683.0,202439.933743773062673,0.06638210415463897,0.08125215287547191,0.06388701807150533
2016-08-31,74.0,48171607.465050213430884,0.0,0.0,454.67346371,354.858770961247,0.0001860026715371134,0.106444261897007,383.84153739504734,39.92148280693314,452552412.0,110.0,110.0,995335.0,105947.699415257462345,13535.0727272727,1440.7308261768520788474028089,956.5,101.8139365044871955,1488858.0,158480.390879454048006,0.06645552705557432,0.08169277477748726,0.0639097838014885
2016-09-01,69.0,43562996.399572616202756,0.0,0.0,486.79922422,320.9055664882076,0.00016822267533606096,0.096260665603463,326.2382502393467,41.2003315727765,452552412.0,102.0,102.0,929649.0,89488.631517593774487,11145.9215686275,1072.9138289600775548561570325,6568.5,632.2881820163467155,1136884.0,109437.210553927429292,0.06626036410286384,0.08124429311821384,0.06538823407511844
2016-09-02,63.0,44977414.8965837881099044,0.0,0.0,321.02222351,329.57763893588515,0.0001722920122735242,0.0993860903266687,332.03768650330653,43.801427068953444,452552412.0,93.0,93.0,1409723.0,140106.8574135823797701,15786.376344086,1568.9462252641172017733263082,4500.0,447.23740647000915,1468133.0,145911.9989495630985371,0.06615675562498506,0.0813296331463371,0.06538487174975845
2016-09-03,44.0,42772278.0541143411319944,0.0,0.0,530.40778888,311.78564905580606,0.0001574241390999415,0.0945134241249262,316.8184182111497,23.725784625187917,452552412.0,72.0,72.0,853216.0,80640.3656781730326592,15063.1111111111,1423.66620908533173669528750082,5816.0,549.6900747105707792,1084544.0,102503.9670541439606528,0.0662540112793173,0.08034765218567845,0.06572903140399909
2016-09-04,53.0,40053732.78456532038888,0.0,0.0,933.53661515,293.3263481224076,0.00014496419988310917,0.08850628506774,287.06101971042835,2.555908239707391,452552412.0,88.0,88.0,484772.0,42905.36882485845528,6691.02272727273,592.1975648947273936535047302,3173.0,280.83044251993902,588810.0,52113.3857107359894,0.06643117184601573,0.07837502143686104,0.06635723926945376
2016-09-05,46.0,43509556.8501653937222384,0.0,0.0,517.61211381,317.54199751742857,0.00015825236820572768,0.0961425808292132,312.6040476898309,8.627221496382703,452552412.0,59.0,59.0,874308.0,84058.2275596277344656,21967.8305084746,2112.04392030347494145785018472,1611.0,154.8856977158624652,1296102.0,124610.5912979048869464,0.06668422553569194,0.0796850165450791,0.06705673630813054
2016-09-06,67.0,40792392.698836925866824,0.0,0.0,275.39479555,294.5672894263904,0.00014704594038573952,0.090138493613502,293.7473065798037,5.0995435528659625,452552412.0,91.0,91.0,1643286.0,148123.324616157247572,23632.7802197802,2130.2232089099539496341922604,2202.0,198.484962936931404,2150583.0,193850.312010805971666,0.06679314068693708,0.08039880178798055,0.0676645158377392
2016-09-07,32.0,41741281.9075812204338772,0.0,0.0,1635.83015362,302.824884037265,0.00014981527235534772,0.0922352434784531,311.18510203772996,1.5434763369205637,452552412.0,45.0,45.0,276650.0,25516.880108314050115,8057.2,743.15780375459231732,632.0,58.2926738783823592,362574.0,33442.1011689566542794,0.06680968263108376,0.07981916614712144,0.06768783821965087
2016-09-08,50.0,45054001.496551306001262,0.0,0.0,508.37903946,326.17175508624945,0.00015788644155464637,0.0995553228794885,337.8043933413008,6.113422509112444,452552412.0,72.0,72.0,890187.0,88622.8542081232293495,14004.4722222222,1394.2197538401589445622693447,3999.0,398.1217361950745115,1008322.0,100383.822276491603297,0.06702119591626438,0.08082300537583662,0.06830652453434852
2016-09-09,47.0,44049001.8285713876646192,0.0,0.0,771.5219675,317.6627034289526,0.00015624083752191706,0.0973345863607316,326.0799599982797,11.277546119857737,452552412.0,68.0,68.0,586571.0,57093.6456562006953436,12312.6323529412,1198.44497708529315323144378192,3784.0,368.3140747890083744,837259.0,81494.2584417997786844,0.06662298139062191,0.07982159382843929,0.06840724477006788
2016-09-10,35.0,48673807.65345526483068,0.0,0.0,1077.73411985,352.2891170553191,0.00017215448334307408,0.10755396803289,396.7097299532891,20.507256681437212,452552412.0,45.0,45.0,419911.0,45163.09427065887279,13296.5111111111,1430.092530993409944289244079,1766.0,189.94030754608374,598343.0,64354.16389470350127,0.06698369083666375,0.08169650953022396,0.06934234326291978
2016-09-11,45.0,46105358.758737388194552,0.0,0.0,1334.65971446,334.45622339187366,0.00016749535885447162,0.101878495255346,383.8320010981971,-13.782514246422897,452552412.0,60.0,60.0,339077.0,34544.654535696955642,7183.78333333333,731.87303624043333277168248218,2833.0,288.621777058395218,431027.0,43912.382174426020342,0.06671185157256868,0.06383453501736606,0.0691139683774089
2016-09-12,43.0,45071329.9877270567235072,0.0,0.0,617.40345679,325.68116189555946,0.00016388416189362946,0.0995936134525056,374.42384399793116,-2.2912566175029085,452552412.0,45.0,45.0,732993.0,73001.4215053924372608,22671.6444444444,2257.95099313264164593717988864,2268.0,225.8783153102827008,1020224.0,101607.7946909690732544,0.06666090297118403,0.05799974992913626,0.06914677606056219
2016-09-13,42.0,44420378.0336858019016812,0.0,0.0,603.03496265,320.9086421124852,0.00016125535067212145,0.0981552122048701,370.1422020512993,-9.771955712912705,452552412.0,47.0,47.0,750458.0,73661.3642408424055058,19689.8085106383,1932.65733263495963037491958483,6835.0,670.8908754202871335,925421.0,90834.8946338430928121,0.06514155225032431,0.05668846495767079,0.066514528091634
2016-09-14,38.0,44119754.6840085734569416,0.0,0.0,515.84799236,318.13953601605886,0.00015997511396843964,0.0974909281535518,363.20777068366687,-3.3386393280831643,452552412.0,40.0,39.0,877298.0,85528.5962872546870364,22888.2307692308,2231.39486148499357161317395544,2998.0,292.2778026043482964,892641.0,87024.3995979146323038,0.06513055433081813,0.0550325802266449,0.06627555629019022
2016-09-15,42.0,43716335.7196712282159868,0.0,0.0,739.56019159,317.8651559255554,0.0001591240812390415,0.0965994977829689,376.6584140557932,-4.426482960537637,452552412.0,71.0,71.0,611921.0,59111.2612828521122569,8997.94366197183,869.196838825926857445565566087,704.0,68.0060464392101056,638854.0,61712.9755566408136406,0.06504205912674609,0.05504822432108452,0.06615871222966338
2016-09-16,73.0,42163879.094802196032678,0.0,0.0,1177.05671586,306.66501031099693,0.00015328737229690253,0.0931690517535065,342.24493570804657,-7.144962353773364,452552412.0,80.0,80.0,384478.0,35821.450680084672107,5899.225,549.6251993305793824625,1077.5,100.38965326440325375,471938.0,43970.015946446350597,0.06508302362524525,0.05540388752410364,0.06636490162063147
2016-09-17,38.0,41794970.886498838567806,0.0,0.0,952.55140972,303.2553985973453,0.00015205251899473983,0.0923538794143005,339.54153868003164,-5.583367572715965,452552412.0,53.0,53.0,475095.0,43876.8663403370960475,8988.7358490566,830.1446266907732571834739083,403.0,37.2186134039631015,476403.0,43997.6652146110011015,0.06436934295348093,0.055248658163205316,0.06635263551292384
2016-09-18,24.0,43151297.6134646906134596,0.0,0.0,669.29583739,312.06359319147003,0.00015592105026300415,0.0953509394033783,355.4041869432334,-3.303587885327282,452552412.0,33.0,33.0,676162.0,64472.6818888670780846,21223.9393939394,2023.72255905248929112690547502,9992.0,952.7465865185559736,700390.0,66782.844448732127537,0.0643075039825805,0.055568260526329495,0.06636980640417896
2016-09-19,34.0,41586434.7827273548711716,0.0,0.0,165.5188046,296.7292975734409,0.00015092364932787838,0.0918930795196543,335.5830339822902,-7.481210023677496,452552412.0,44.0,44.0,2734145.0,251249.0039032652060735,62332.7727272727,5727.95044090780905429328582761,782.0,71.8603881843696626,2742642.0,252029.8193999437086606,0.06434232272452015,0.05592341502263802,0.06641169450933565
2016-09-20,64.0,38262880.574279337216786,0.0,0.0,327.52309187,272.2137378722863,0.00013897597837521922,0.0845490589812155,320.84197396533574,-19.881755911040166,452552412.0,89.0,87.0,1381742.0,116824.985854822667401,18735.3218390805,1584.05383120447204716329234775,6831.0,577.5546219006830805,1629973.0,137812.6833147887721815,0.0644866774761256,0.05648400683049882,0.06734025406267942
2016-09-21,72.0,38975745.100919464535646,0.0,0.0,334.23245261,294.8848051199635,0.00014427486382232601,0.0861242677476205,319.73299603399096,-19.614371078239852,452552412.0,108.0,105.0,1354005.0,116612.6891516168951025,16578.0761904762,1427.7746725690247165073118821,7404.0,637.664078403382182,1740698.0,149916.340619747509109,0.06450113041546118,0.056533060107687425,0.06679168805653658
2016-09-22,45.0,38393772.6640748946807804,0.0,0.0,2071.0453884,296.36310199178064,0.0001424501610169492,0.0848382897671417,339.0313870187067,-17.319302479658656,452552412.0,55.0,52.0,218514.0,18538.3540501772014338,4554.5,386.39599074444687265,803.5,68.16756582789835595,236834.0,20092.5915187112373778,0.06436471937760198,0.056148656556298616,0.0668236809550834
2016-09-23,45.0,38753765.922126195077982,0.0,0.0,799.8324735,298.88408975108376,0.00014215932729397997,0.0856337628405485,325.048484536302,-27.223322465751394,452552412.0,51.0,50.0,565809.0,48452.3537190479062365,14046.04,1202.81525820885785294,5765.0,493.6786427757621025,702302.0,60140.762910442892647,0.06423814532973615,0.049342654655382595,0.06666969627567611
2016-09-24,31.0,39068041.265260760064858,0.0,0.0,840.87539763,300.4521597168276,0.00014323879894798374,0.0863282135490215,322.81403650569166,-23.810396211902894,452552412.0,47.0,47.0,538192.0,46461.153906374979128,14338.2553191489,1237.79596711187966061780780135,2303.0,198.8138758033965145,673898.0,58176.410454258490807,0.06420390270525995,0.049181959081828,0.06664622207985212
2016-09-25,26.0,38470189.1805292158870708,0.0,0.0,731.45103401,307.53860499753546,0.00014153467095265928,0.0850071464883259,317.34347199845746,-22.448509661629313,452552412.0,67.0,67.0,618705.0,52594.3465680596759595,10827.552238806,920.4193192741826994879548754,743.0,63.1603098408261437,725446.0,61668.0943913700708514,0.06418818626118142,0.04898891474409677,0.06662538842415432
2016-09-26,65.0,38318306.2006175123564664,0.0,0.0,373.11047573,305.9348779949011,0.00013954266510812375,0.0846715323674322,323.1474729094046,-23.475299157115497,452552412.0,68.0,66.0,1212918.0,102699.6256960411291596,24636.7272727273,2086.02945070032921184179183906,8162.5,691.1313829491653325,1626024.0,137677.9437462215755728,0.0641019861064981,0.04888180006853066,0.06662891313010977
2016-09-27,68.0,36968942.7938917659243372,0.0,0.0,551.24446475,297.4904483455531,0.00013499073173582716,0.0816898591491581,301.8299040302604,-22.827980628516656,452552412.0,66.0,66.0,820965.0,67064.5152163885795665,15533.3636363636,1268.91828756719676334148548516,4127.0,337.1340487085754787,1025202.0,83748.6069794351824362,0.06411186943661483,0.048695557616571274,0.0666440377244777
2016-09-28,95.0,37506417.666756428326326,0.0,0.0,341.52218392,302.330140069697,0.0001370586446522501,0.0828775113605105,311.80738726520224,-27.46758522184729,452552412.0,94.0,94.0,1325104.0,109821.321813857905592,14096.8510638298,1168.3119341899787770746131129,4749.5,393.62674020674461975,1325104.0,109821.321813857905592,0.0641126145113098,0.046212721817992464,0.06658480113217993
2016-09-29,40.0,38032994.5323030840305844,0.0,0.0,570.85676876,307.64752127851915,0.00013886438632378721,0.0840410823670587,320.25891988358495,-24.24995826620661,452552412.0,37.0,37.0,792760.0,66624.408457309455012,25342.4864864865,2129.80999419688398289030225755,7259.0,610.0542169024791033,937672.0,78802.9697852846653464,0.06412071618728327,0.04628458090891173,0.06643462512287139
2016-09-30,109.0,41407881.891331640227608,0.0,0.0,125.86112048,348.94415479938607,0.00015027700204558726,0.091498533193834,384.7617723748036,-14.040896556391305,452552412.0,132.0,132.0,3595649.0,328996.609379876028266,28823.8863636364,2637.3433232184843348102979576,5025.0,459.78012929901585,3804753.0,348129.318664839493002,0.06441328303793978,0.048935708800550856,0.06726373607883375
2016-10-01,42.0,40299171.316977752245872,0.0,0.0,451.71718692,338.1287161215083,0.0001446984091174753,0.089048627845956,382.9102276035809,-7.49219602035199,452552412.0,46.0,46.0,1001849.0,89213.278758843172644,22208.5434782609,1977.6403231963880994799779204,2087.5,185.88901062843315,1021593.0,90971.454867033727908,0.06444520519724016,0.04572452192047167,0.06574606995993726
2016-10-02,41.0,40234698.0838778844469848,0.0,0.0,819.7433133,337.378205040012,0.00014533121157217998,0.0889061620643354,371.21961254363345,-10.544662968315983,452552412.0,38.0,38.0,552066.0,49082.0692662093869364,15533.8947368421,1381.05896296401044247283124034,1624.0,144.3836071924806896,590288.0,52480.2405926324145952,0.0642732557895237,0.045258301624950585,0.06573926944724005
2016-10-03,35.0,38549727.2150114847033792,0.0,0.0,838.29598702,325.428861980192,0.00013905361250730566,0.0851829007929616,351.7456932358294,-9.872167280313194,452552412.0,39.0,39.0,539848.0,45985.8186272787338368,15461.9743589744,1317.09582788383234461131458304,6662.0,567.4884850827101792,603017.0,51366.7372874693251472,0.06433922412644846,0.04501262639037982,0.06478748611782305
2016-10-04,32.0,39214584.4917323530208292,0.0,0.0,5073.96948123,332.32635622524504,0.0001420506703682058,0.0866520284764991,357.9850489472552,-2.095056401725268,452552412.0,29.0,29.0,89191.0,7728.5810718474312281,3247.89655172414,281.436824488723411345576158274,1009.0,87.4318967327875919,94189.0,8161.6679101729737299,0.06434456209042981,0.04358234950071649,0.06287676806629677
2016-10-05,35.0,37535327.4389564546317632,0.0,0.0,1409.91722797,318.13782540314526,0.00013549243424897713,0.0829413929605936,327.94936931815005,-13.730844080491325,452552412.0,42.0,42.0,320978.0,26622.3624297054125408,8727.52380952381,723.872981858651173819710933616,4397.5,364.734775544210356,366556.0,30402.6652380633476416,0.06442182393675337,0.04128850132122387,0.06303939354965543
2016-10-06,28.0,37593441.8081822159687712,0.0,0.0,4756.84972198,319.2884284735972,0.00013578803857393335,0.0830698076318776,327.7933564800458,-7.842028081735735,452552412.0,28.0,28.0,95137.0,7903.0122886739392312,3514.32142857143,291.934005028013965728296616968,1084.5,90.0892063767712572,98401.0,8174.1521407843877176,0.06441536062740941,0.03973463440644043,0.06291361159484778
2016-10-07,36.0,37704399.5201038266164856,0.0,0.0,2077.9492534,320.255730761379,0.00013483447223845701,0.0833149896461138,323.2323879794786,-9.671198877924743,452552412.0,37.0,37.0,217788.0,18145.0049650478322744,6765.62162162162,563.677695354928927770287060356,5986.0,498.7235280216372068,250328.0,20856.0747281323753264,0.06390565274122761,0.03945480350053427,0.06245458187026484
2016-10-08,36.0,38492187.3050036857711488,0.0,0.0,1351.39890766,326.18028997639334,0.0001373415435417884,0.0850557554977824,319.26622369109145,-14.564331632230049,452552412.0,40.0,40.0,334877.0,28483.2162338308767648,10404.75,884.9838720155514264,3455.0,293.867635244838192,416190.0,35399.354880622057056,0.06374449764844603,0.036792882130134624,0.06236566976358349
2016-10-09,26.0,38862500.1630550233786744,0.0,0.0,2429.00302718,329.8900485016368,0.0001391571654003506,0.0858740316758162,329.71873465416036,-11.774390906066474,452552412.0,23.0,23.0,186312.0,15999.3625895846678544,9339.39130434783,802.011184702407929820123948846,500.0,42.9370158379081,214806.0,18446.2572481553746572,0.061524334826063926,0.03673920668245155,0.06172856140899939
2016-10-10,20.0,38786640.7761408136303392,0.0,0.0,2689.18633754,330.717930311864,0.00013866438807714793,0.0857064060375416,334.68293549601395,-20.313115726857628,452552412.0,20.0,20.0,168286.0,14423.1882464337256976,8414.3,721.15941232168628488,2960.0,253.690961871123136,168286.0,14423.1882464337256976,0.061524589450001034,0.031063849288367786,0.06167030172314946
2016-10-11,35.0,38141177.7802642216592664,0.0,0.0,605.53712884,325.2117890408917,0.00013107709701928687,0.0842801336793322,338.25629166854117,-17.273872696986402,452552412.0,40.0,40.0,747357.0,62987.3478661846749954,21064.875,1775.350480938422876475,10007.0,843.3912977290773254,842595.0,71014.019237536915059,0.06149847926533919,0.02985396459048771,0.04941103710326378
2016-10-12,36.0,37407143.6076774880175004,0.0,0.0,417.53346293,317.3403562497193,0.0001298435675043833,0.0826581465832017,315.2241500369031,-17.004571158953,452552412.0,31.0,31.0,1083871.0,89590.7679952814097807,41391.9032258065,3421.37800419641297227483467105,6615.0,546.7836396478792455,1283149.0,106062.7181300886781533,0.06150656937228475,0.02979838862498617,0.04579791049575903
2016-10-13,28.0,37343587.979008259534664,0.0,0.0,493.02804215,321.2086632081558,0.00012985832904734065,0.082517708421822,316.78549627113017,-15.93140438676798,452552412.0,33.0,33.0,917904.0,75743.334631224101088,27900.1515151515,2302.256567651926765186236033,2488.0,205.304058553493136,920705.0,75974.46673251362451,0.0614767965137328,0.02976677090072913,0.04490535503261454
2016-10-14,31.0,37173999.2552595526646124,0.0,0.0,1052.91271027,325.24279679758615,0.00012843145178258335,0.0821429701169277,320.7360196791645,-15.742960219283688,452552412.0,33.0,33.0,429810.0,35305.869985956694737,13692.5151515152,1124.74386291649283202582385104,7040.0,578.286509623171008,451853.0,37116.5474762441320281,0.061369153296686095,0.029766968234919772,0.043925869740986945
2016-10-15,46.0,40155208.9684439405577996,0.0,0.0,303.226839,348.20974601992725,0.00013923235067212148,0.0887305158555733,352.9784881692504,-8.145986374665142,452552412.0,52.0,52.0,1492455.0,132426.3020412296494515,30552.25,2710.916903048439354925,3931.0,348.7996578282586423,1588717.0,140967.6789585188464561,0.061622883874968185,0.033373611577743156,0.04513732445088968
2016-10-16,51.0,40559622.2096456894465508,0.0,0.0,578.60719742,352.40498369363917,0.0001394032121566336,0.0896241432686159,401.56356174014445,-3.804813313190325,452552412.0,67.0,67.0,782141.0,70098.7170402585086419,12158.7611940299,1089.71855522262308489511621541,1122.0,100.5582887473870398,814637.0,73011.1431999154509283,0.061521950209397415,0.03284428560085131,0.04515934361597726
2016-10-17,37.0,42483142.0948578727143372,0.0,0.0,1922.02539753,373.74048949207054,0.00014687687434248973,0.0938745236316581,434.25239106937534,1.6465407051673264,452552412.0,49.0,49.0,235456.0,22103.3198362156895936,5469.89795918367,513.484065232145842731244543227,2000.0,187.7490472633162,268025.0,25160.7191963751622525,0.06161511267822099,0.033934304203763505,0.04547402331125439
2016-10-18,51.0,41089850.4529985845515324,0.0,0.0,145.19693226,353.2925842860279,0.00014285578755113965,0.0907957826838377,418.4226404212618,-4.777254160307947,452552412.0,119.0,119.0,3116818.0,282993.9297930736524386,39215.9831932773,3560.64588774983734647800429421,7207.0,654.3652058024183039,4666702.0,423716.8606422307622654,0.06159505326070647,0.033944995920321755,0.04565282888211076
2016-10-19,28.0,40852471.4778393697620552,0.0,0.0,1549.79987466,352.7004161752682,0.00014336946113383995,0.0902712490190846,469.5790578325581,-1.764910381769072,452552412.0,57.0,57.0,292007.0,26359.8366123158367922,5477.75438596491,494.483730240821247226975921386,769.0,69.4185904956760574,312232.0,28185.5726237268228272,0.06142763836415099,0.0332980496859199,0.04564219146097927
2016-10-20,114.0,39942930.466696889721648,0.0,0.0,288.404617,341.5999955608847,0.00014040980070134432,0.088261446426004,419.4717598255955,4.390808708602305,452552412.0,121.0,121.0,1569158.0,138496.154750935584632,18142.5702479339,1601.2894919680320223202331356,3447.0,304.237205830435788,2195251.0,193756.028528131707004,0.06130267332267568,0.029753099616815267,0.044978757789801545
2016-10-21,51.0,39357441.5561092091894412,0.0,0.0,612.4942642,337.13548877077915,0.00013784568556399773,0.0869676981328501,465.57908735656184,0.9793179173391663,452552412.0,527.0,527.0,738868.0,64257.6491840226876868,1597.92409867173,138.967780652489592078489197673,1.0,0.0869676981328501,842106.0,73236.0204038618663106,0.0611379029457712,0.029715812030351757,0.04494035315616638
2016-10-22,18.0,39857734.227643956277836,0.0,0.0,3880.63945532,342.65802035402737,0.00013456383167738173,0.088073189250053,457.82291472452073,3.81301826308644,452552412.0,19.0,19.0,116618.0,10270.919183962680754,6998.63157894737,616.39180354402896127345671061,2000.0,176.146378500106,132974.0,11711.444267336547622,0.05993410145323812,0.029651751920067027,0.044681252449601354
2016-10-23,36.0,39499157.0641027691063616,0.0,0.0,515.63757554,339.0981399063082,0.0001338741385154881,0.0872808453048368,534.8757102252138,1.9234031177109496,452552412.0,220.0,220.0,877656.0,76602.5575668618465408,3990.16363636364,348.264855086439940861255653952,1.0,0.0872808453048368,877836.0,76618.2681190167171648,0.0589571532086412,0.02966869728768774,0.0407605261189838
2016-10-24,57.0,40737858.7981482769573584,0.0,0.0,146.1567368,348.02292771512975,0.000138483428404442,0.0900179906634732,546.9220788634337,4.27412657202325,452552412.0,204.0,204.0,3096350.0,278727.20539084524282,15500.8039215686,1395.35122268809099952966806152,1.0,0.0900179906634732,3162164.0,284651.6494283710680048,0.05896437423690945,0.030154014571702203,0.04078819136870446
2016-10-25,43.0,40503320.6770450743919668,0.0,0.0,317.89853854,343.817147162051,0.00013647568965517243,0.0894997344021339,546.9695278559192,5.284953206169512,452552412.0,45.0,44.0,1423575.0,127409.5844015177666925,32731.25,2929.438181649845214375,4258.5,381.13461895148721315,1440175.0,128895.2799925931894325,0.0589614630080074,0.03001963689299347,0.0406075699767254
2016-10-26,37.0,40325974.7212829614631472,0.0,0.0,879.12663202,341.43840244066536,0.00013199015312682647,0.0891078550284756,461.0750914451149,5.239450068993634,452552412.0,42.0,42.0,514775.0,45870.49607228352699,12511.4285714286,1114.86656334198726708157224216,3333.5,297.0410347374234126,525480.0,46824.395660363358288,0.058863155258673756,0.0300225572256609,0.04057317581274114
2016-10-27,51.0,37459823.199479307178032,0.0,0.0,565.89423693,315.806521920395,0.00012057063296317937,0.082774552087636,472.37062613997597,1.3278183482938097,452552412.0,62.0,62.0,799712.0,66195.802599107560832,17463.4838709677,1445.5320553090070464865253572,2106.5,174.364593972605234,1082736.0,89622.987429158652096,0.0589743214910993,0.032361560658876236,0.041246122905085024
2016-10-28,53.0,33189752.8787615404936452,0.0,0.0,258.82381887,277.0023825476448,0.00010622829982466394,0.0733390254889671,345.1966547562382,-11.509136453255392,452552412.0,78.0,78.0,1748496.0,128232.9927113570184816,23474.1538461538,1721.57156725500862315266973998,10000.0,733.390254889671,1830984.0,134282.5822458909366264,0.05960079593816409,0.03909215436721143,0.04256792776180587
2016-10-29,76.0,33276291.398612863715712,0.0,0.0,177.88772163,274.62976585910303,0.00010277547603740506,0.073530248687776,335.74300288231905,-12.506780473596809,452552412.0,145.0,145.0,2544034.0,187063.452690157528384,20491.475862069,1506.743316117492665622368544,12027.0,884.348300967881952,2971264.0,218477.780837036068864,0.05957005459152986,0.03896656178402641,0.04248732472128001
2016-10-30,40.0,35011863.0647965887604416,0.0,0.0,489.70008072,289.0249537546757,0.00011062723553477504,0.0773653219746768,403.30595541058125,-15.446380095751769,452552412.0,50.0,50.0,924142.0,71496.5433803217673056,21886.44,1693.251477479445302592,8467.0,655.0521811595884656,1094322.0,84662.5738739722651296,0.059677455225986664,0.03669398998079963,0.04288296095326532
2016-10-31,34.0,33009227.1916789962345168,0.0,0.0,273.62941868,271.64691081575535,0.0001043645113968439,0.0729401198985964,339.9086756623503,-18.08956335096537,452552412.0,51.0,51.0,1653888.0,120634.7890188498028032,34593.1960784314,2523.23186963644110990917368696,1448.0,105.6172936131675872,1764253.0,128684.8253514583944892,0.05983129980644927,0.03777918448882697,0.04163372869695241
2016-11-01,47.0,33086773.7097803977979232,0.0,0.0,450.79790655,275.04047161296444,0.00010007340151957917,0.0731114735717736,343.16520614558016,-17.765572290852287,452552412.0,56.0,56.0,1003892.0,73396.0234269149428512,18379.6785714286,1343.76538413269564395638776496,2972.5,217.323855192097026,1029262.0,75250.8615114308390832,0.05983114022529813,0.03780424828827416,0.04136748093274261
2016-11-02,74.0,33010901.0614027236373392,0.0,0.0,193.8576774,273.0908784869745,0.0000985238579777907,0.0729438186297916,383.7729370427796,-14.368003495111402,452552412.0,167.0,167.0,2334457.0,170284.2080070474091612,14705.2634730539,1072.65807168174299690637256724,1691.0,123.3479973029775956,2455779.0,179133.8979708509856564,0.059830194473277074,0.03718269562746713,0.04094138674980474
2016-11-03,92.0,33329633.404187451046326,0.0,0.0,328.98044738,275.14871094124544,0.00010674580771478665,0.0736481179205105,500.1878406734368,-15.007046903137864,452552412.0,110.0,110.0,1375621.0,101311.8976219305745205,13481.6545454545,992.89848372721940064009452225,8281.5,609.91688855870770575,1482982.0,109218.833209994502311,0.059120283040312104,0.03705291526226016,0.04017571990885744
2016-11-04,40.0,35286936.2418916917239796,0.0,0.0,283.80914431,290.6043255963875,0.00011053247691408528,0.0779731480955883,511.88862227803884,-5.990066826302002,452552412.0,74.0,74.0,1594566.0,124333.3308661898531778,21548.1891891892,1680.18014684040426427457400636,1851.5,144.36728369898173745,1594566.0,124333.3308661898531778,0.05923477972521076,0.038015336022066526,0.03937441709695269
2016-11-05,28.0,35505614.8512075514342176,0.0,0.0,4408.77963526,294.7296528880165,0.00011099917182933956,0.0784563597712248,493.5457933954589,-5.553699944867116,452552412.0,26.0,26.0,102648.0,8053.3884177966832704,3983.34615384615,312.51883893947811599861626452,916.5,71.9052537303275292,103567.0,8125.4898124264388616,0.059060397963677916,0.0380398781151712,0.03856765085820779
2016-11-06,32.0,35169118.7826303008231652,0.0,0.0,1594.70166499,292.74831635535054,0.0001085530756867328,0.0777128081744271,459.2353607068064,-6.724097903009222,452552412.0,43.0,43.0,283785.0,22053.7292677797945735,6906.67441860465,536.737064216245982838595146015,3060.0,237.801193013746926,296987.0,23079.6937612985811477,0.05863745289991523,0.03805315967779618,0.038434224961133315
2016-11-07,58.0,36766538.101442882414292,0.0,0.0,698.50839348,315.904335248381,0.00011504498538866169,0.081242607765491,523.3127164307886,-4.483115469347415,452552412.0,78.0,78.0,647884.0,52635.785689537371044,10343.0384615385,840.2954168341598258310679035,3496.5,284.0647780520392815,806757.0,65543.042513064222687,0.058715606646266225,0.0387877264063815,0.03752857971533564
2016-11-08,57.0,36352604.6276312937204876,0.0,0.0,547.99108785,314.30676868504844,0.000112846162478083,0.0803279436009973,498.3955883431277,-6.458399549419057,452552412.0,87.0,87.0,825839.0,66337.9486155040092347,12347.3103448276,991.83404900332197713025656548,2271.0,182.4247599178648683,1074216.0,86289.5622632889156168,0.05872366205997719,0.038769083416318594,0.03745926103281012
2016-11-09,55.0,34766212.0116281482249764,0.0,0.0,618.22241954,309.18279766858876,0.00010647588194038571,0.0768225095917247,501.77178605655837,-10.365498749213128,452552412.0,81.0,81.0,732022.0,56235.7671163534983434,9272.85185185185,712.363750331530893473130385695,2341.0,179.8414949542275227,751101.0,57701.4637768540138947,0.05882475898176357,0.03953381119363434,0.03530479830637329
2016-11-10,33.0,34541547.3740734430450664,0.0,0.0,494.26922921,345.17485757264126,0.00010698802337814152,0.0763260706564822,406.88647927452183,-9.437648797655564,452552412.0,48.0,48.0,915599.0,69884.0739670044458378,21158.375,1614.935625226346568425,2286.0,174.4813975207183092,1015602.0,77516.9100108646352844,0.05878605208175471,0.03946047971057576,0.034724041558950064
2016-11-11,54.0,34172608.7887363849253376,0.0,0.0,1321.05091514,386.32341332818055,0.00010550577323202798,0.0755108311934848,360.5357368275628,-8.646837226773025,452552412.0,57.0,57.0,342570.0,25867.745441952087936,6010.0,453.820095472843648,2190.0,165.368720313731712,342570.0,25867.745441952087936,0.05877724512935269,0.039369765538334114,0.034654023987096244
2016-11-12,35.0,34195197.2643765280809012,0.0,0.0,419.69452745,387.0486122808591,0.00010735385037989481,0.0755607446953051,390.59341353272663,-8.430873638605691,452552412.0,31.0,31.0,1078290.0,81476.395397500536279,34788.3548387097,2628.63399833742547198133182947,8782.0,663.5744599141693882,1078439.0,81487.6539484601367389,0.05808015903659123,0.03937484332714258,0.034635745176341964
2016-11-13,19.0,35929781.36861142661944,0.0,0.0,1146.90438079,408.98179229709956,0.00011283492460549377,0.07939363577762,453.3099843756329,-3.3470111141514804,452552412.0,14.0,14.0,394586.0,31327.61716694796532,28184.7142857143,2237.686940496284371337653966,12819.5,1017.78671385119959,394586.0,31327.61716694796532,0.058125818493911595,0.04051760010873256,0.03532384882567989
2016-11-14,63.0,35888859.4419433660574928,0.0,0.0,326.9868469,412.88786199681425,0.0001123842302746932,0.0793032110542444,429.96019309593476,-10.624647800621076,452552412.0,69.0,69.0,1384008.0,109756.2785247626835552,20362.1884057971,1614.78692467121573724752021124,2435.0,193.103318917085114,1404991.0,111420.2978023138938004,0.0579179361070643,0.03772723592794261,0.03531687027895179
2016-11-15,84.0,36311255.951186691995598,0.0,0.0,814.83129454,424.7023319525764,0.00011263690122735233,0.0802365758934165,425.43174559425614,-10.474373347216906,452552412.0,100.0,100.0,555394.0,44562.912831748163601,5762.82,462.38894429009847453,3811.0,305.7815907298102815,576282.0,46238.894429009847453,0.05788542554640752,0.03774961231921293,0.03510171187291207
2016-11-16,54.0,33740633.6195836779036204,0.0,0.0,1391.1505773,397.0516765789797,0.00010047340298071313,0.0745563004967117,389.1942435085441,-20.57877088223279,452552412.0,68.0,68.0,325308.0,24253.7610019842897036,5638.45588235294,420.382411102157507220528827398,300.0,22.36689014901351,383415.0,28586.0039549467164555,0.05806146981327577,0.038600006086149385,0.036270656140043024
2016-11-17,81.0,33169456.1856412724672664,0.0,0.0,446.21526284,392.31016066012825,0.00009967683109292819,0.0732941761133322,378.58325470331994,-19.27579239164477,452552412.0,102.0,102.0,1014202.0,74335.1000024937439044,14535.9607843137,1065.40126970197878181119711114,999.0,73.2208819372188678,1482668.0,108670.9295096020263096,0.05806533749908773,0.03834036044922021,0.03600844440603876
2016-11-18,67.0,31126574.8964578062096312,0.0,0.0,792.29750521,368.2874690405485,0.0000917582659263588,0.0687800441917826,395.2820169451871,-23.807363984471362,452552412.0,70.0,70.0,571190.0,39286.473441904303294,8265.05714285714,568.470995533322522919873737764,2256.0,155.1677796966615456,578554.0,39792.9696873325903604,0.05819604347562179,0.039697462914585875,0.03657611375161469
2016-11-19,64.0,31015449.4551928621993632,0.0,0.0,654.93716515,370.10444316418864,0.00009123167036820572,0.0685344915478936,475.14180742110705,-22.35059097365796,452552412.0,69.0,69.0,690986.0,47356.3741767128070896,11467.5797101449,785.92474471972178842414578264,2341.0,160.4392447136189176,791263.0,54228.8073856609336168,0.05809181389553994,0.03962668898648346,0.035095456527315154
2016-11-20,55.0,31664121.7785544911683892,0.0,0.0,1271.66115068,384.1372030495851,0.00009580033898305088,0.0699678555211291,464.1374360911647,-19.547306616937696,452552412.0,61.0,61.0,355875.0,24899.8105835818184625,5834.01639344262,408.193616124291899480098462242,1678.0,117.4060615644546298,355875.0,24899.8105835818184625,0.058055177910515565,0.03995882505492589,0.03512038864896812
2016-11-21,58.0,33193912.3233548063719668,0.0,0.0,855.95583969,407.6265460427059,0.00009958930216247798,0.0733482165671339,484.4382088832001,-16.719018362231317,452552412.0,61.0,61.0,528710.0,38779.935581209364269,8667.37704918033,635.736648872284816463412356187,2507.0,183.8839789338046873,528710.0,38779.935581209364269,0.05815384113164129,0.041035028785357086,0.035686794372868876
2016-11-22,60.0,32408721.7331482658846676,0.0,0.0,582.22198035,401.34957019618366,0.0000957398556399766,0.0716131897075123,498.9118947628312,-17.95085226615725,452552412.0,63.0,63.0,777285.0,55663.8581618036981055,12349.7777777778,884.40697884562127144866016694,481.0,34.4459442493134163,778036.0,55717.6396672740398428,0.05818442580647716,0.04116182609503118,0.03575941609850415
2016-11-23,76.0,32608647.98227692241755,0.0,0.0,520.0795394,410.57490029409684,0.0000972086417299824,0.0720549645027125,519.2325836820701,-19.95492904070075,452552412.0,82.0,82.0,870160.0,62699.347911680309,10762.8292682927,775.51528087558564849939394875,1359.0,97.9226967591862875,882552.0,63592.2530317979223,0.058181586082352695,0.04062968369237215,0.03575018194054465
2016-11-24,70.0,31629181.421358293751264,0.0,0.0,270.51097161,398.6139803739281,0.00009478561952074801,0.069890648204872,482.59357067172317,-21.909658535025073,452552412.0,83.0,83.0,1672954.0,116923.839476933431888,27567.6746987952,1926.7226541998459981811702144,999.0,69.820757556667128,2288117.0,159917.980298587106024,0.05815683097831845,0.04084532536464922,0.035891579219140164
2016-11-25,75.0,31461190.9329496098997404,0.0,0.0,409.08359796,395.3370154858156,0.0000939851729982467,0.0695194415027217,461.4281570504897,-21.98281343378107,452552412.0,84.0,84.0,1106259.0,76906.5078373594051203,14302.9880952381,994.33574420102996421995953677,997.5,69.34564289896489575,1201451.0,83524.2025128864891867,0.05753330168532369,0.040842633238053275,0.035892462540472396
2016-11-26,67.0,31903704.0760840980237036,0.0,0.0,589.01323011,407.872156315818,0.00009595994973699583,0.0704972578426653,460.37134954565613,-14.832208614034343,452552412.0,73.0,73.0,768323.0,54164.6646374501312919,10542.4246575342,743.21202936906092045785390326,1274.0,89.8135064915555922,769597.0,54254.4781439416868841,0.05704964235389846,0.03909752953758528,0.03570211380483643
2016-11-27,51.0,31575574.0816588841648568,0.0,0.0,396.89572455,403.3437177352573,0.00009587501811805957,0.0697721926662914,436.84794254355126,-4.8634854347939145,452552412.0,50.0,50.0,1140230.0,79556.347243885443022,22804.6,1591.12694487770886044,2322.5,162.0459174674617765,1140230.0,79556.347243885443022,0.05608164275906723,0.032465025093400005,0.03564667778609604
2016-11-28,46.0,32417856.4648077134834124,0.0,0.0,519.07736741,421.93206455575074,0.00009811682407948555,0.0716333746218277,447.0780882927219,-2.5797193669272063,452552412.0,45.0,45.0,871840.0,62452.841330294261968,19374.9555555556,1387.89344959237612330776097012,981.0,70.2723405040129737,871873.0,62455.2052316567822821,0.05598123484657118,0.032858998957682045,0.035781257181883123
2016-11-29,50.0,32075539.4240810619784512,0.0,0.0,845.76588921,421.6242573912089,0.00009687323962594973,0.0708769604880176,469.5275281052938,-8.386653504502917,452552412.0,53.0,53.0,535080.0,37924.844017928457408,10323.2264150943,731.67891073149827667892405968,998.0,70.7352065670415648,547131.0,38778.9822687695575056,0.05591554416958079,0.03140751268641115,0.0338893310234093
2016-11-30,66.0,31907786.7321865335128796,0.0,0.0,619.64451175,421.75964632409494,0.00009499576446522513,0.0705062792421633,472.9192235042924,-3.336765362898648,452552412.0,68.0,68.0,730342.0,51493.6969942800288486,10740.4411764706,757.26854477226503764740284898,2155.5,151.97628490648299315,730350.0,51494.261044513966155,0.05591706041794436,0.029584591208630693,0.033756361053224763
2016-12-01,56.0,31507147.2768929136213252,0.0,0.0,1270.40101283,423.63814557719604,0.00009237535943892465,0.0696209907216071,465.796059190503,-4.774192995494593,452552412.0,58.0,58.0,356228.0,24800.9462827766540188,6249.3275862069,435.08437789559387926376110899,1139.0,79.2983084319104869,362461.0,25234.8939179444310731,0.05592596687126469,0.029650241726240156,0.03377372648349845
2016-12-02,76.0,29536206.729096161512392,0.0,0.0,216.43977573,393.85262549988994,0.0000845081239041497,0.065265825451166,416.8381510703613,-10.525899689449163,452552412.0,77.0,77.0,2090893.0,136463.857575064831238,27991.6883116883,1826.9006434340920911786635578,1516.0,98.942991383967656,2155360.0,140671.34954442514976,0.056134420298344104,0.031802176836656475,0.034310672769536886
2016-12-03,86.0,31868754.7282276661457228,0.0,0.0,262.16441743,420.0609095829289,0.00009191889888953823,0.0704200306598469,430.84755690320816,-4.383122545165008,452552412.0,96.0,96.0,1726216.0,121560.1836455182763304,19221.2083333333,1353.55808015263571900314467177,2202.5,155.10011752831279725,1845236.0,129941.5756946532543684,0.05634427581912952,0.03491882830465018,0.03575013475117279
2016-12-04,71.0,27988020.6174870643239612,0.0,0.0,126.38897602,361.6327577568454,0.00008069731034482752,0.0618448159270601,330.9847205450483,-20.684469669938505,452552412.0,73.0,73.0,3580632.0,221443.5269425410599832,76715.8082191781,4744.47503801071388580357130381,3196.0,197.6560317028840796,5600254.0,346346.6777747820332654,0.05700092382243523,0.040361164928449225,0.038976953130022716
2016-12-05,89.0,27389452.20127323180246,0.0,0.0,268.0008575,356.24746742372525,0.0000804098842781999,0.060522165996705,283.26313132744036,-22.85881453946512,452552412.0,112.0,111.0,1688623.0,102199.121511853987215,16891.2882882883,1022.2973536819835535478900515,1936.0,117.17091336962088,1874933.0,113475.006258700095765,0.05702492566248562,0.04035006031866133,0.03902679522889703
2016-12-06,85.0,27840951.246726016231014,0.0,0.0,366.34042157,359.49731279728815,0.00008104127819988306,0.0615198383844345,299.7200527590409,-20.83693817066466,452552412.0,104.0,103.0,1235333.0,75997.4865109586241885,12352.5339805825,759.92589412367077019324309625,2519.0,154.9684728903905055,1272311.0,78272.3670947382431295,0.057034126694774236,0.04060647023973093,0.039112933867711294
2016-12-07,88.0,29435510.118079688373738,0.0,0.0,237.66848849,378.17570238498774,0.00008502531677381655,0.0650433172767615,293.2319198471519,-19.939402407526337,452552412.0,112.0,110.0,1904133.0,123851.1268561517052795,17667.9636363636,1149.1829644342824800066444814,1957.0,127.2897719106222555,1943476.0,126410.126087771332974,0.05717270922409463,0.041154771669788634,0.039759276244439465
2016-12-08,94.0,28782134.6705520201578628,0.0,0.0,290.4730806,367.5779078491153,0.00008284868965517234,0.0635995608626919,287.66423345446555,-20.825110152698734,452552412.0,99.0,98.0,1557984.0,99087.0982311001771296,15969.2244897959,1015.63566486876434643255558321,2032.0,129.2343076729899408,1564984.0,99532.2951571390204296,0.05714972000651907,0.041241239344591195,0.03978245452662593
2016-12-09,85.0,30422145.507157265637048,0.0,0.0,254.94660938,384.47634180232785,0.00008708805844535355,0.067223474453954,312.71023320141194,-12.495081440042796,452552412.0,97.0,97.0,1775087.0,119327.515598045843998,18299.8659793814,1230.1805731757274397877040556,1785.0,119.99390190030789,1775087.0,119327.515598045843998,0.05688730426748515,0.042193345990368225,0.040539258186001674
2016-12-10,66.0,29655815.6788681593074256,0.0,0.0,453.1142737,373.1719967530403,0.00008450325423728815,0.0655301240088588,284.6067889896309,-14.144507315478483,452552412.0,69.0,69.0,998760.0,65448.866655087815088,14624.6086956522,958.35242140712341038584370936,1548.0,101.4406319657134224,1009098.0,66126.3170770913973624,0.05691731313872481,0.04236765753326991,0.04060136217647321
2016-12-11,42.0,30046628.316419529789936,0.0,0.0,598.4567713,379.29860328123607,0.00008617005844535359,0.066393698320228,300.7005263772139,-12.073940558137362,452552412.0,46.0,46.0,756199.0,50206.848276058093372,16449.3913043478,1092.1359238122495987730872984,1179.5,78.311367168708926,756672.0,50238.252495363561216,0.0569225569480846,0.042481225336078135,0.04061157945931965
2016-12-12,88.0,30972705.9269607523817832,0.0,0.0,357.51267305,390.2789611253137,0.00008791196084161312,0.0684400416519286,324.43287513195344,-9.42381268486749,452552412.0,111.0,111.0,1265836.0,86633.8685645106913096,11413.8828828829,781.16661991474056260071296094,1783.0,122.0285942653886938,1266941.0,86709.4948105360724126,0.05207175836749088,0.04294397494955514,0.04084786077535324
2016-12-13,86.0,32803833.3362248684851624,0.0,0.0,306.2867202,412.1077823567239,0.00009305868147282297,0.0724862633948902,370.2694563319918,-8.70015879116207,452552412.0,99.0,99.0,1477545.0,107101.716047803040559,15635.5555555556,1133.36299832544199316726199512,2567.0,186.0722381346831434,1547920.0,112202.936834218438384,0.0517028143432636,0.043304297610467064,0.041588238550085616
2016-12-14,89.0,34553384.9704044500933148,0.0,0.0,366.77479151,431.97075501498426,0.00009826997369959084,0.0763522280606129,385.1886212367827,-3.7211393516121203,452552412.0,114.0,114.0,1233870.0,94208.723637148438923,13202.9736842105,1008.07645781511061961768261545,2214.5,169.08200904022726705,1505139.0,114920.7161909228396931,0.050173431868378304,0.044454311367825086,0.0408964461772079
2016-12-15,140.0,35296380.5633899468739484,0.0,0.0,423.96289794,438.37109947060213,0.00010048486236119231,0.0779940171071057,394.0697093356664,-2.7949333098283478,452552412.0,154.0,154.0,1067434.0,83253.4656567062657738,7070.51298701299,551.457710865104164113947203043,1498.0,116.8350376264443386,1088859.0,84924.4874732260053963,0.04994854245229028,0.04458476957023421,0.040980585480210566
2016-12-16,229.0,41982403.8591358210971252,0.0,0.0,120.19336328,500.32294873653,0.00011859430391583874,0.0927680479562571,513.2251657626015,24.42683896359452,452552412.0,636.0,636.0,3765203.0,349290.5324690431016913,6109.89308176101,566.802854416408858122316315671,387.0,35.9012345590714977,3885892.0,360486.6154088358148332,0.051583975493372715,0.052778523951576374,0.04645934254752822
2016-12-17,252.0,41227059.8955541711015956,0.0,0.0,94.71346833,468.32586775259654,0.00011537314406779656,0.0910989728534563,492.0609994144415,24.292239416939736,452552412.0,551.0,551.0,4778121.0,435281.9152695294696123,9421.21415607986,858.262932651317371059459820118,876.0,79.8027002196277188,5191089.0,472902.8758908756109107,0.05144370200986603,0.05279611584906844,0.04631681247427098
2016-12-18,144.0,42773868.0199913380744836,0.0,0.0,218.10501082,489.3020640552282,0.00011954590999415549,0.0945169374547303,521.3447785636844,37.41912871004317,452552412.0,204.0,204.0,2074929.0,196115.9345160060866487,10961.1519607843,1036.01451430924407316213297429,1362.5,128.77932728207003375,2236075.0,211346.9609190860555725,0.05151068672364505,0.05131367309377946,0.046551889404261776
2016-12-19,165.0,43144899.4610513695272756,0.0,0.0,233.9814491,489.34376583840435,0.00012063688603156046,0.0953368014775963,530.5606035918192,39.10776796377425,452552412.0,619.0,619.0,1934138.0,184394.5305362751524894,3515.81098546042,335.186173953592273071670388446,115.0,10.9637321699235745,2176287.0,207480.2416772736189381,0.0513211576764137,0.05124576230294647,0.04646145981601064
2016-12-20,198.0,42449423.3756832227044212,0.0,0.0,105.28399587,464.674219476403,0.00011728263588544705,0.0938000157552651,525.5025262329661,34.06158450424296,452552412.0,649.0,649.0,4298397.0,403189.7063223842400447,6836.14329738059,641.230348999549253819331044409,1377.0,129.1626216950000427,4436657.0,416158.4965007071927707,0.05102852554903842,0.05144831523166317,0.04647054539229762
2016-12-21,299.0,48373809.62148931875744,0.0,0.0,22.37337848,420.01873660917937,0.00012902012244301537,0.10689106573912,637.057208604456,45.73096762521159,452552412.0,1028.0,1028.0,20227272.0,2162114.66107506128064,19821.3375486381,2118.723894948762817525892472,1126.5,120.41278555511868,20376335.0,2178048.1640073317252,0.05180612365668041,0.05562798889563277,0.049367212168634836
2016-12-22,272.0,45496602.906965856669036,0.0,0.0,36.02336718,353.60431714608524,0.00011710328053769764,0.100533334262653,620.3583499169612,40.38382408779501,452552412.0,983.0,983.0,12562746.0,1262974.742874806925138,13403.3713123093,1347.4856083868448534981745729,447.0,44.938400415405891,13175514.0,1324578.353044264278642,0.05189296795941597,0.056878223300901934,0.05004416273635609
2016-12-23,228.0,47204383.430518990828932,0.0,0.0,41.83806301,335.5316799159529,0.00011392668965517195,0.104306997772711,601.2979286856005,44.760320808685414,452552412.0,341.0,341.0,10816763.0,1128264.074148942754493,32328.2551319648,3372.0632360454853489812525728,2397.0,250.023873661188267,11023935.0,1149873.563491510837785,0.05194019284306424,0.05705811467478039,0.05010773493495894
2016-12-24,183.0,46884228.775629868175436,0.0,0.0,80.0538062,319.7925351526192,0.00011625309175920467,0.103599555614853,608.4206395399708,48.23092684899608,452552412.0,236.0,236.0,5653103.0,585658.958644992338859,29544.7330508475,3060.8212148272611233752379175,2428.0,251.539721032863084,6972557.0,722353.806699232589121,0.051930214749933874,0.05660707900909211,0.05011078316887084
2016-12-25,136.0,44736998.4030089224341276,0.0,0.0,273.29050889,303.7423260581475,0.00011032866393921684,0.0988548446914673,616.923180644022,42.1974091773984,452552412.0,177.0,177.0,1655939.0,163697.5926635436692947,9754.18079096045,964.248027182888950157086768285,2637.0,260.6802254513992701,1726490.0,170671.900811371378777,0.05204853658140825,0.05757416437999263,0.0505075916745606
2016-12-26,149.0,46899708.172361364195252,0.0,0.0,78.83871085,306.2324995054643,0.00011474049736995916,0.103633760264571,614.0261540827818,47.00395935379391,452552412.0,168.0,168.0,5740231.0,594881.723317258655901,34950.4821428571,3622.0498875240224267138458041,1805.0,187.058937277550655,5871681.0,608504.381104036513851,0.05210274778014265,0.05793737797573115,0.049854187398930196
2016-12-27,203.0,45738593.699090551421292,0.0,0.0,98.4308593,291.1552253895126,0.00010915056984219724,0.101068058607741,631.6964649919844,44.85435349743478,452552412.0,218.0,218.0,4597668.0,464677.378882935347988,21338.1100917431,2156.6013613307213171658433371,2382.5,240.7946496329429325,4651708.0,470139.096770097671628,0.05213839931552571,0.058202431737772085,0.0472550512647539
2016-12-28,149.0,46805743.247335296072732,0.0,0.0,73.57475174,286.4107523914565,0.0001055410672121567,0.103426127021361,646.603699666464,44.3825975913825,452552412.0,166.0,166.0,6150920.0,636165.83321822980212,37989.1265060241,3929.0682234426005629558808001,1861.0,192.476022386752821,6306195.0,652225.325091471631395,0.052115181518004886,0.058178467800003804,0.04730872390455499
2016-12-29,159.0,46478531.153836769985504,0.0,0.0,79.08310086,279.4920782112885,0.00010550286616013975,0.102703090120392,638.337123791157,44.90334999305578,452552412.0,186.0,186.0,5722492.0,587717.611589222256864,31667.1182795699,3252.3109025197803049049794008,1197.0,122.935598874109224,5890084.0,604929.827868678992928,0.05202705592133572,0.058133385008005446,0.04696109068261398
2016-12-30,135.0,46483617.209171529704928,0.0,0.0,145.52399517,275.2883311024703,0.00010686244476914031,0.102714328719944,603.8812348392668,45.68110787289999,452552412.0,165.0,165.0,3109813.0,319422.354739555210472,19406.2545454545,1993.300408604720944548694548,2067.0,212.310517464124248,3202032.0,328894.567419779726208,0.05202718767236243,0.05808567441020261,0.04621813356452939
2016-12-31,112.0,45194654.6869715035764288,0.0,0.0,127.70247443,262.3916212567933,0.00010306414143775573,0.0998661226602224,593.2648271175912,43.44254746324463,452552412.0,136.0,136.0,3543803.0,353905.8650816641217872,26130.8382352941,2609.58549642031003019783540784,1750.0,174.7657146553892,3553794.0,354903.6275131624037856,0.05204562491915046,0.058385163405036654,0.04642258076625343
2017-01-01,150.0,43447868.5735772179708596,0.0,0.0,95.18738111,245.74323366106574,0.00009627030391583871,0.0960062689348283,551.7962736272773,47.10036726136757,452552412.0,202.0,202.0,4754332.0,456445.6765974601011956,26640.3663366337,2557.64217503720159388410949371,3632.5,348.74277190576379975,5381354.0,516643.7193575140115182,0.052120588135350865,0.05741863735762846,0.046770198858362436
2017-01-02,162.0,44354880.5380400857024212,0.0,0.0,45.48417671,236.49470924138882,0.00009636477644652211,0.0980104831217651,552.1704871665434,39.179835912298344,452552412.0,188.0,188.0,9949667.0,975171.6695706831972217,62343.7872340426,6110.34470644904675550772059326,3665.0,359.2084206412690915,11720632.0,1148744.8048124199275432,0.05213831332500971,0.05619594780006993,0.046812090379345535
2017-01-03,205.0,44349344.8611386447677104,0.0,0.0,194.52613634,233.6775532311047,0.00009490353652834615,0.0979982509984692,545.4897258432092,58.458311387083015,452552412.0,246.0,246.0,2326435.0,227986.561061623693302,10801.5975609756,1058.53766896493956812925855152,2000.0,195.9965019969384,2657193.0,260400.2665653753689556,0.05211668924358588,0.04958469939828484,0.04630860198933064
2017-01-04,184.0,47823338.738255800614024,0.0,0.0,152.34361912,247.54715842256118,0.00009314678492109884,0.105674696389102,611.4680193512526,74.60494787125634,452552412.0,203.0,203.0,2970603.0,313917.570117555568506,15000.6502463054,1585.1891604174312802963237508,2386.0,252.139825584397372,3045132.0,321793.399564738951464,0.05240202229118958,0.05025080459703053,0.04722227209414479
2017-01-05,202.0,46101696.52048224348552,0.0,0.0,74.22973418,230.63770540673696,0.00010181968351841022,0.10187040284846,484.17655559052326,65.58951636361066,452552412.0,264.0,264.0,6096646.0,621067.78404445226516,23500.3106060606,2393.986108503330495179376676,4043.5,411.91297391774801,6204082.0,632012.33264487941372,0.05247897614414114,0.05125401520214169,0.04749261815726929
2017-01-06,406.0,41621815.6154679866640276,0.0,0.0,64.50080406,201.32311258381992,0.00010305319286966679,0.0919712601497923,440.02675031949155,41.40001463709407,452552412.0,483.0,483.0,7016229.0,645291.4226295170792367,14811.7101449275,1362.25164700244491319202355825,1303.0,119.8385519751793669,7154056.0,657967.5455021825025688,0.053054005247722864,0.055088913458935414,0.04914851244958506
2017-01-07,278.0,41088220.8865489330784568,0.0,0.0,124.61838477,195.44686317259777,0.00010049460607831681,0.0907921818490914,417.7810163209097,42.75598859103277,452552412.0,331.0,331.0,3631506.0,329712.3531380665136484,11807.3534743202,1072.01538379698074216160266628,802.0,72.8153298429713028,3908234.0,354837.0920368018785876,0.053061319295477756,0.05491310818484114,0.04915623419151296
2017-01-08,235.0,42784099.2884506351914036,0.0,0.0,277.03378135,202.0187918665217,0.00010360668468731738,0.0945395453741403,452.03616001642064,40.63472044857925,452552412.0,262.0,262.0,1633564.0,154436.3978995621250292,7448.00381679389,704.130894784556101796461042767,1049.0,99.1719830974731747,1951377.0,184482.2944335537761931,0.053063355157003674,0.05457064817231609,0.049014150897145774
2017-01-09,147.0,42706507.5119717096471136,0.0,0.0,566.75672609,201.52168417375734,0.00010444624956165987,0.0943680916940328,454.61692671061326,44.007192297202884,452552412.0,164.0,164.0,798495.0,75352.449377226720636,4906.50609756098,463.017617311965603796500120144,1064.0,100.4076495624508992,804667.0,75934.8892391622910776,0.05280777546680237,0.05418858701250448,0.04900180620085721
2017-01-10,234.0,42329535.2136973324840572,0.0,0.0,338.37819497,199.37170708723465,0.00010318280070134419,0.0935351002254681,430.97979035232515,40.87948493896596,452552412.0,261.0,261.0,1337416.0,125095.3396031446444296,5428.91570881226,507.794174939372930252053518906,734.0,68.6547635654935854,1416947.0,132534.2796591763478907,0.05276839586112104,0.05432364395525117,0.04899315736661444
2017-01-11,183.0,38090452.011705627799824,0.0,0.0,112.34109907,176.9670163222844,0.00010676960637054348,0.084168045516252,376.24217779427755,22.980704693770722,452552412.0,273.0,273.0,4028378.0,339060.702860668199256,15664.7326007326,1318.4699265383780443604062152,1899.0,159.835118435362548,4276472.0,359942.289944977222944,0.052169997234549244,0.05821577488489186,0.05097748096944975
2017-01-12,180.0,39725894.1180160770354384,0.0,0.0,246.9574071,183.3766889529983,0.00010876074108708354,0.0877818636353132,405.35775507307443,21.1013777287646,452552412.0,214.0,214.0,1832512.0,160861.3184940750627584,8847.1261682243,776.61722286347649260921835076,1032.5,90.634774203460879,1893285.0,166196.085692783951862,0.052170865971772444,0.05782129516729099,0.050868436627360125
2017-01-13,206.0,40414643.4854499353356548,0.0,0.0,252.7813407,186.29367417537205,0.00010801828521332542,0.0893037854043079,435.9435148586488,16.962906876028942,452552412.0,266.0,266.0,1790292.0,159879.8525790491989068,6977.62781954887,623.128577428121134176332577073,1266.0,113.0585923218538014,1856049.0,165752.2015958802734871,0.05213773902560486,0.05722155383973826,0.05090627374407259
2017-01-14,260.0,45115027.2592508062378584,0.0,0.0,59.20043692,200.84230824203834,0.00012156668439509052,0.0996901708243482,569.2552978328479,27.817715412001586,452552412.0,422.0,422.0,7644410.0,762072.538751355623562,22741.3222748815,2267.0863023544915477734697383,2879.5,287.0578468887106419,9596838.0,956710.4195935961309916,0.05276572043858683,0.06029175561620958,0.05277282717146953
2017-01-15,444.0,49087558.490460634377324,0.0,0.0,54.67460382,209.45436351606781,0.00013154886265341934,0.108468228626877,609.4289599463369,16.924125295837857,452552412.0,735.0,735.0,8277196.0,897812.788117471796892,12033.1850340136,1305.2182653789018544681435272,1621.0,175.826998604167617,8844391.0,959335.425053493296907,0.05311454339258041,0.0537043767050267,0.052800666543665484
2017-01-16,236.0,51156063.624201204184464,0.0,0.0,202.57475687,218.59630886430983,0.00013605417241379367,0.113038981270972,656.4146954395272,24.083705589972844,452552412.0,332.0,332.0,2234002.0,252529.310237313989944,9390.58132530121,1061.50174655426289934652947612,1073.5,121.347346394388442,3117673.0,352418.579856015088156,0.05316573076858112,0.053908429843410786,0.05290108422922553
2017-01-17,269.0,52857892.401035004968568,0.0,0.0,48.08529652,214.92037819866147,0.00012891394564582134,0.116799493272914,508.7308898800693,23.57519870854482,452552412.0,382.0,382.0,9411451.0,1099252.707762859738214,26633.6701570681,3110.7991783434859037193834434,2290.0,267.47083959497306,10174062.0,1188325.286127209956668,0.05313705197959055,0.053835738491272475,0.052172779647467915
2017-01-18,232.0,52918403.498013074603868,0.0,0.0,205.49137036,214.015591358125,0.00013268868264172982,0.116933203966689,526.0550478109059,22.652744957221756,452552412.0,320.0,320.0,2202294.0,257521.293496615384566,7582.36875,886.63067159439871456875,1502.5,175.6921389599502225,2426358.0,283721.814910207588662,0.05313383470455462,0.053845530979601604,0.052157316982061795
2017-01-19,191.0,54648276.857640659010792,0.0,0.0,177.30625687,218.615081778808,0.00013383633080070193,0.120755685769366,614.6795872863934,28.737383247814485,452552412.0,257.0,257.0,2552377.0,308214.034976957082982,10728.2723735409,1295.4998875874752579581680694,1478.0,178.476903567122948,2757166.0,332943.471109979776756,0.05294240040123414,0.05385621569902465,0.05222224071412882
2017-01-20,182.0,53024969.383703582609448,0.0,0.0,277.03734276,210.42705217667879,0.0001308892057276443,0.117168681411654,613.1077517191054,9.615037142222638,452552412.0,256.0,256.0,1633543.0,191400.079339237510122,9015.64453125,1056.3511818027519151171875,1011.5,118.516121247888021,2308005.0,270425.90254150449027,0.05299743908375579,0.04906063634072815,0.05222066770904142
2017-01-21,144.0,53968571.160069248994636,0.0,0.0,643.53582622,214.10315139989837,0.0001289971250730564,0.119253747696453,637.0590947078571,18.62110072355814,452552412.0,168.0,168.0,703228.0,83862.574485081250284,4403.11904761905,525.08844798220861115178022965,847.0,101.007924298895691,739724.0,88214.859261010998972,0.05293879148723584,0.04758340690425008,0.052067911054289165
2017-01-22,139.0,54525300.394378076730012,0.0,0.0,367.48123992,217.5618792478392,0.00013061056487434267,0.120483946054801,588.0518393171477,15.50897698861988,452552412.0,159.0,159.0,1231498.0,148375.738598595321898,8269.33962264151,996.32266900316814885883738951,1159.0,139.640893477514359,1314825.0,158415.304371503724825,0.052929139109487745,0.04722937919346623,0.052067472720724046
2017-01-23,168.0,55565941.6671140870244,0.0,0.0,195.72254644,220.18649692043581,0.0001335886586791353,0.1227834394287,538.1683057387893,18.517341797455185,452552412.0,186.0,186.0,2312214.0,283901.5876151921418,17524.0430107527,2151.66227355668772324498249,1486.5,182.51758271076255,3259472.0,400209.1828815436464,0.05291705830487005,0.04724468819190125,0.05182930834031191
2017-01-24,181.0,53858665.404188411479284,0.0,0.0,321.15800208,212.2825110423712,0.00013406004237288087,0.119010890177707,543.4588743130859,20.38953735565322,452552412.0,201.0,201.0,1409127.0,167701.458643441731789,7308.55721393035,869.79789994455312832742070745,1386.0,164.949093786301902,1469020.0,174829.37788885513714,0.05297686660923517,0.04672744116656241,0.052061055023320355
2017-01-25,168.0,56933204.356999061219388,0.0,0.0,344.65688488,223.43208419842867,0.00014045558153126818,0.125804664492649,509.5709994052304,21.393515174473023,452552412.0,187.0,187.0,1313052.0,165188.066321401754748,7609.1550802139,957.2672019388453787418976211,1553.0,195.374643957083897,1422912.0,179008.966762564173888,0.05306211879961699,0.04700265743923814,0.052403972610013276
2017-01-26,338.0,55792883.002795438000956,0.0,0.0,153.73539241,216.7389758888846,0.0001344925105201632,0.123284909158313,425.5760232827814,21.982069168656583,452552412.0,422.0,422.0,2943710.0,362915.01993841756123,7215.1327014218,889.5169796599600869763894234,2731.0,336.691086911352803,3044786.0,375376.165416503206018,0.05305972162827676,0.04689895566286591,0.05248345212100295
2017-01-27,116.0,55526594.504882724358512,0.0,0.0,350.60654648,215.97197852564784,0.00013329990707188798,0.122696494444676,465.89518484057555,18.632011057839385,452552412.0,153.0,153.0,1290770.0,158372.95413435444052,9220.65359477124,1131.34187256713123794105591824,2717.0,333.366375406184692,1410760.0,173095.30650277111376,0.05298567914287634,0.0468378939409456,0.05246795585955338
2017-01-28,127.0,56688705.693800397193392,0.0,0.0,344.13794645,219.60721308957056,0.00013574750672121555,0.125264398532916,549.5322620534449,21.967506903713286,452552412.0,139.0,139.0,1315032.0,164726.692531537593312,11577.8489208633,1450.2922813769118503041863828,1554.0,194.660875320151464,1609321.0,201590.627111390910036,0.052985587769603236,0.046852006237641144,0.05242561899243521
2017-01-29,164.0,60484012.397180173656348,0.0,0.0,96.55862499,229.3177149122483,0.00014596567387492671,0.133650845279729,538.7178833961633,30.11898821257455,452552412.0,226.0,226.0,4686815.0,626396.786419713073135,23397.8716814159,3127.1453279678690790062882911,5360.0,716.36853069934744,5287919.0,706734.844120739293951,0.0525110250627137,0.048016432823981985,0.05286998519939881
2017-01-30,182.0,62502658.278944458384056,0.0,0.0,193.17878771,234.49999835953727,0.00015007001461133786,0.138111424492738,592.6212724243148,38.296572264689566,452552412.0,233.0,233.0,2342661.0,323548.247813582095818,11948.5150214592,1650.2264301866080645445632896,3000.0,414.334273478214,2784004.0,384502.758233480562952,0.05255064128764654,0.047689774975265053,0.0528562749133337
2017-01-31,183.0,65739073.074937693507284,0.0,0.0,80.76437114,240.1972863634492,0.0001499876388077152,0.145262894046707,650.6089986539547,51.305634161572776,452552412.0,210.0,210.0,5603367.0,813961.306825814462469,27221.9952380952,3954.3458100113855310945125064,1378.0,200.172267996362246,5716619.0,830412.620102392123633,0.05217174858458862,0.04724749074089579,0.05213424248917162
2017-02-01,255.0,61452648.728228973979608,0.0,0.0,262.95501172,223.3352052663908,0.00013750556838106417,0.135791230139834,642.121423354224,38.54765920409891,452552412.0,286.0,286.0,1721026.0,233700.237642637949684,6083.8041958042,826.1272556781358330820845028,1909.0,259.225458336943106,1739968.0,236272.395123946685312,0.051677790933072884,0.0494905908474188,0.05249893239225234
2017-02-02,202.0,65911568.665434492623064,0.0,0.0,73.18275312,232.25924719232893,0.0001445305394506139,0.145644055622522,713.5874854102445,48.61903568544,452552412.0,258.0,258.0,6183867.0,900643.469310278252574,24123.4534883721,3513.4376016677885053538764362,1153.0,167.927596132767866,6223851.0,906466.901230289172222,0.051895298010060036,0.05059896393934605,0.04967974060046017
2017-02-03,288.0,68669224.431909690219072,0.0,0.0,164.48059844,238.1587859057813,0.00014945071595558177,0.151737616707056,647.7023719111756,43.589356669024085,452552412.0,370.0,370.0,2751403.0,417491.333820643999568,8946.47297297297,1357.51648685300829461789627632,999.0,151.585879090348944,3310195.0,502281.10013561323592,0.05190925625308789,0.049518265190261083,0.04957040991910258
2017-02-04,209.0,68938956.302577498624396,0.0,0.0,51.95280454,227.64702277390688,0.00014735510461718257,0.152333640202933,630.9293134339431,49.53670147897709,452552412.0,254.0,254.0,8710837.0,1326953.509424396284921,35504.2244094488,5408.4877468731648697146733304,1271.5,193.6922235180293095,9018073.0,1373755.887705784608109,0.051749838852102714,0.048688685314584985,0.04959199646325345
2017-02-05,211.0,67079407.411034819385156,0.0,0.0,87.45626476,215.84896750397118,0.00014609630303915837,0.148224615828663,652.8650504424977,61.16405884539545,452552412.0,248.0,247.0,5174614.0,767005.172211621161082,21463.1619433198,3181.3689335169573423142154274,1334.0,197.731637515436442,5301401.0,785798.126578689856863,0.05175115335337696,0.044275462745722624,0.04959895423296268
2017-02-06,171.0,67770053.775417936153432,0.0,0.0,235.83740829,216.36158863630203,0.00014633848451198038,0.149750729370586,613.9176261774171,64.93791240692013,452552412.0,189.0,188.0,1918917.0,287359.220351616775362,10217.9787234043,1530.1497665229231499262059198,1460.5,218.710940245740853,1920980.0,287668.15610630829428,0.0514670005744536,0.0439566090505972,0.04937388199832103
2017-02-07,233.0,71249134.111737218299104,0.0,0.0,52.68363353,217.4698231623883,0.00014942554997077724,0.157438414253192,668.8837157123818,66.53180807050572,452552412.0,280.0,279.0,8590000.0,1352395.97843491928,31675.1397849462,4986.8837789901227957568982704,893.0,140.592503928100456,8837364.0,1391340.574338245865888,0.05157090197346995,0.044170452129948044,0.04930305484697454
2017-02-08,254.0,72563895.816743576263512,0.0,0.0,416.49364196,220.70181729634194,0.0001523646504967866,0.160343628478426,686.28685897224,69.9129712173305,452552412.0,322.0,321.0,1086577.0,174225.698801202687802,3792.57632398754,608.11544906953271077518281204,549.0,88.028652034655874,1217417.0,195205.059151319945642,0.04720789941122658,0.04402741555165161,0.049028831430950735
2017-02-09,277.0,68278580.617340445511692,0.0,0.0,231.96455685,205.80084854776186,0.00015352237872589094,0.150874415441941,439.2561211597325,61.302457663759824,452552412.0,359.0,358.0,1950955.0,294349.195178532003655,5714.63687150838,862.19249745178933372898496558,1000.0,150.874415441941,2045840.0,308664.91408774057544,0.04610167709058665,0.04608405687803942,0.04999569563821139
2017-02-10,232.0,72225088.801555679243592,0.0,0.0,144.65082841,214.69191027707706,0.00016013138603156068,0.159594970408766,374.5730279770085,89.614680286178,452552412.0,273.0,271.0,3128585.0,499306.43049630917611,13844.6494464945,2209.536418733028308310770787,960.0,153.21117159241536,3751900.0,598784.3694766491554,0.04603846833850178,0.040507564658586286,0.05025234150238391
2017-02-11,238.0,75933632.377487705933736,0.0,0.0,186.30509906,222.94519776094543,0.0001659025032144953,0.167789697643878,321.5689267642341,91.14392278222144,452552412.0,289.0,287.0,2429093.0,407576.780018860542654,9470.07317073171,1588.98071398247466221626197138,1328.0,222.824718471069984,2717911.0,456037.464912970098858,0.04580482363629937,0.04067539294189808,0.05015358871120178
2017-02-12,161.0,82291498.834853111081616,0.0,0.0,216.20732287,239.49601366688347,0.00018070082758620727,0.181838603999868,385.2778497094049,103.6180248985239,452552412.0,196.0,195.0,2093141.0,380613.837414887705388,11301.3743589744,2055.0261367158079863222153792,1011.0,183.838828643866548,2203768.0,400730.096659581102624,0.04616831257063505,0.042053520575044454,0.05065064654136915
2017-02-13,338.0,86210860.543489241096628,0.0,0.0,137.32727201,246.2583850125879,0.00019050809234365894,0.190499173703419,316.6331466947493,91.0912300863384,452552412.0,433.0,432.0,3295430.0,627776.69199745807517,9142.75231481482,1741.68676134724454867858586958,1226.5,233.6472365472434035,3949669.0,752408.680902009218311,0.046273721848171724,0.039049848922627195,0.050812877483060924
2017-02-14,454.0,93151764.439338939965904,0.0,0.0,66.48169688,254.94353231872327,0.00020335276972530713,0.205836411362092,293.5615600573326,89.76654635907686,452552412.0,685.0,684.0,6807173.0,1401164.061840925885916,10619.3523391813,2185.8493764867159975131352796,2543.0,523.441994093799956,7263637.0,1495120.973516911848604,0.04654791238437019,0.03868298775676856,0.04711041645907269
2017-02-15,390.0,87945327.161446924524264,0.0,0.0,68.49216813,232.1542037027584,0.00019166689918176507,0.194331805177622,312.9134431964229,71.91574357148394,452552412.0,447.0,445.0,6607360.0,1284020.19625841249792,16073.0831460674,3123.5112625452896682277837228,1496.0,290.720380545722512,7152522.0,1389962.511832655262684,0.04677306329170912,0.04106049129966633,0.04782421721383591
2017-02-16,249.0,93462008.082643542395664,0.0,0.0,193.86938701,243.55370982147915,0.00019919037989479904,0.206521953268572,324.6780264687256,76.81750792018616,452552412.0,284.0,283.0,2334316.0,482087.499866079916752,9452.04946996466,1952.05571892827225442832866552,964.0,199.087162950903408,2674930.0,552431.76845670129996,0.04696551276329,0.04172221511683083,0.048129616460715036
2017-02-17,274.0,90280906.528050042820548,0.0,0.0,174.954657,232.11423073328194,0.00018843711805961442,0.199492708765079,319.7352262375283,70.6039875738878,452552412.0,328.0,326.0,2586684.0,516024.597879289608036,11857.8466257669,2365.5539434950908963603140851,942.0,187.922131656704418,3865658.0,771170.585579397756982,0.046861275751824444,0.042748669394708075,0.048519046538084684
2017-02-18,424.0,91158961.43497238565054,0.0,0.0,108.0546968,229.01533532091304,0.00018991124839275183,0.201432936866045,301.2871276914548,66.81031256016075,452552412.0,551.0,550.0,4188179.0,843637.196090695482055,8136.35454545455,1638.92979147430463337698575475,3303.0,665.332990468546635,4474995.0,901411.385310867044775,0.04685550688094661,0.042685286067572804,0.048375644218110594
2017-02-19,350.0,86774845.343485973307192,0.0,0.0,322.28050753,216.60775136728302,0.000181099232612508,0.191745404604066,276.4714120222451,63.649024887801076,452552412.0,377.0,374.0,1404219.0,269252.540307716954454,4098.30481283422,785.83111452768849399439593852,2500.0,479.363511510165,1532766.0,293900.836833355826556,0.0468916218667183,0.043549201975229886,0.04648264865824722
2017-02-20,289.0,88087936.238264209934856,0.0,0.0,173.91133048,217.16989208990927,0.00017879029631794218,0.194646926858638,254.02009148630137,63.2208048958678,452552412.0,338.0,336.0,2602202.0,506510.622365401520876,9546.83333333333,1858.26176956493989751024380454,1608.0,312.992258388689904,3207736.0,624375.954573820023568,0.04582157711115886,0.04354929723894297,0.04553984193166744
2017-02-21,293.0,82544318.846175682753452,0.0,0.0,121.10680999,200.11029715269433,0.00016157718234950357,0.182397257549421,210.0983270412617,51.387187689270476,452552412.0,324.0,323.0,3736804.0,681582.801599706590484,12710.3498452012,2318.3329542584066154086885052,2756.0,502.686841806204276,4105443.0,748821.544225467598503,0.04600093878040572,0.04600931235984785,0.04644955302599485
2017-02-22,328.0,82177006.50995242672668,0.0,0.0,201.44167103,197.67028300712983,0.0001607376504967856,0.18158561159089,195.3879592579311,47.89096350109679,452552412.0,447.0,446.0,2246568.0,407944.42426052256552,5080.44843049327,922.5363354070976374321383103,5098.5,925.814240696152665,2265880.0,411451.2055915658332,0.045925914016067895,0.04611793257078425,0.04643674167049084
2017-02-23,153.0,85656410.236945224190176,0.0,0.0,517.46651665,205.55283249262246,0.00015920606867329105,0.189274011066248,173.34361377592117,59.03923647963993,452552412.0,187.0,186.0,874554.0,165530.343474031453392,5051.63978494624,956.14412455861329664175850752,790.0,149.52646874233592,939605.0,177842.80716790195204,0.046013781903461226,0.04561943443142536,0.04602227833029225
2017-02-24,176.0,81301199.449802069100948,0.0,0.0,245.80624998,193.67315607517025,0.00015154115049678576,0.179650350531779,171.33906854039387,42.80102511006364,452552412.0,200.0,199.0,1841094.0,330753.182461955126226,10318.2211055276,1853.6720384724335759363616004,1236.0,222.047833257278844,2053326.0,368880.735656015646954,0.04606291757493228,0.046586476450540204,0.04647700011735707
2017-02-25,207.0,75226742.569964567072868,0.0,0.0,150.80460752,177.23586308412567,0.00014434439684395096,0.166227691147439,133.18021648481007,34.83214797520933,452552412.0,285.0,284.0,3000919.0,498835.836690481496441,13832.2816901408,2299.3082486531004290054694112,2190.5,364.1217574584651295,3928368.0,653003.542617482649552,0.046121168831169644,0.04906486261276448,0.04761542618623031
2017-02-26,128.0,80399426.674403252444184,0.0,0.0,167.32210341,187.3722509704,0.00015033940911747556,0.177657713322282,107.46527940381951,44.79444920277498,452552412.0,148.0,147.0,2704678.0,480506.908753083035196,19924.9115646259,3539.8142267201294434374643038,1639.0,291.180992135220198,2928962.0,520352.691327857731284,0.04630873853561209,0.05004246474111284,0.04817077577324706
2017-02-27,111.0,82785825.86346070421592,0.0,0.0,563.50482068,192.3908315484626,0.00015318891057860962,0.18293091290266,108.9180509487893,46.03583703360925,452552412.0,112.0,111.0,803103.0,146912.36494486495398,9021.86486486487,1650.3779758141639647803635542,1700.0,310.982551934522,1001427.0,183191.95531537209582,0.04623284901191947,0.05011594774481814,0.04819371696279261
2017-02-28,141.0,80726750.02292468859876,0.0,0.0,108.05098174,184.29527134929148,0.00015010182174167186,0.17838099606223,97.45541773347314,33.467914616537996,452552412.0,163.0,161.0,4188323.0,747117.22857034734029,26014.4285714286,4640.479680561168700885601778,1000.0,178.38099606223,4188323.0,747117.22857034734029,0.0456269134495813,0.04957521809546385,0.04838859031464591
2017-03-01,143.0,76402963.770955348770516,0.0,0.0,110.22445725,171.51644943664542,0.0001374296452367037,0.168826773971443,112.52623883211695,22.239542884680066,452552412.0,154.0,153.0,4105735.0,693157.994831642525605,26986.5816993464,4556.0575288174348069253648552,1303.0,219.981286484790229,4128947.0,697076.801909067660521,0.04578359128978766,0.05073928889717294,0.04886313961032653
2017-03-02,181.0,74551300.871064048819216,0.0,0.0,217.57484405,166.50335987697596,0.00013043872881355982,0.164735175184668,91.87584430011702,13.404855566005713,452552412.0,232.0,231.0,2079985.0,342646.69335648166998,13132.4675324675,2163.37933956799830859820829,1213.0,199.823767499002284,3033600.0,499740.6274402088448,0.04565648890925301,0.05035383361742726,0.04865179419716149
2017-03-03,126.0,76089611.98088276438802,0.0,0.0,592.12752884,169.9097640247661,0.00013040108883693736,0.168134364027835,74.19356821591936,23.81827887905202,452552412.0,151.0,150.0,764282.0,128502.06800792178947,5570.74,936.6328270644215479,1163.0,195.540265364372105,835611.0,140494.924059663232185,0.04538232075515698,0.04856796261507233,0.04865084213964815
2017-03-04,315.0,77391025.445240849123964,0.0,0.0,218.63069074,172.24941948830767,0.00013476601987142,0.171010082795097,76.20972981427035,17.416452092159716,452552412.0,432.0,431.0,2069940.0,353980.61078088308418,5269.37587006961,901.11640381909029797275670217,5247.0,897.289904425873959,2271101.0,388381.170046027591797,0.045004285566435244,0.04714240074100989,0.04864655638555753
2017-03-05,187.0,76447929.494044212499356,0.0,0.0,522.2576134,169.96466688898795,0.00013235886353009913,0.168926134226513,54.18551527748803,11.327789306616763,452552412.0,256.0,255.0,866531.0,146379.732017434536403,3816.16862745098,644.65061379179213022112383274,340.0,57.43488563701442,973123.0,164385.906516907010099,0.04473302167817826,0.046755269626742126,0.04793792310328091
2017-03-06,181.0,74647472.072298567678288,0.0,0.0,174.02930276,164.52729977605517,0.00012863878696668573,0.164947683611724,59.81305445282157,8.280536979216837,452552412.0,198.0,197.0,2600438.0,428936.224475904335112,14619.8629441624,2411.5125273604672953739999776,1000.0,164.947683611724,2880113.0,475067.967890013244812,0.044755114071170214,0.047022050938290046,0.047764432558681104
2017-03-07,138.0,71232792.841385880028584,0.0,0.0,195.26348327,156.08015236362183,0.00012750531092928035,0.157402305130982,50.50970827940793,6.191744367836812,452552412.0,145.0,144.0,2317650.0,364803.4524868204323,18502.9861111111,2912.4126656954313778910541002,1418.5,223.275169828297967,2664430.0,419387.42386014237026,0.04457194651618537,0.04758169179981907,0.0461034741543311
2017-03-08,176.0,62820509.911118930132136,0.0,0.0,261.72896463,137.1770883992836,0.00012048349269433043,0.138813777687078,33.225794597037314,-7.303438006263383,452552412.0,199.0,198.0,1729088.0,240021.237233394324864,11241.8383838384,1560.5220542082038947277201952,1191.5,165.396616114153437,2225884.0,308983.366733223926952,0.04554830932118218,0.05293898126527483,0.04920400676881107
2017-03-09,187.0,69583400.584184973980676,0.0,0.0,154.80901243,150.73731882544175,0.00012883401022793607,0.153757661519623,43.207913852452904,-2.3379000296900965,452552412.0,222.0,221.0,2923295.0,449479.003132006317785,17403.1628959276,2675.8696299228979148141872948,2580.0,396.69476672062734,3846099.0,591367.188212960500677,0.045577534219437284,0.05552082356669364,0.05054296831428445
2017-03-10,148.0,67826596.142617514985432,0.0,0.0,236.61720607,146.15341953780066,0.00013643291496201088,0.149875670406586,34.512348420033604,-6.528452780553394,452552412.0,180.0,179.0,1912593.0,286651.158089943537498,14435.1620111732,2163.4795838522656175188666952,1400.0,209.8259385692204,2583894.0,387262.845509555125884,0.04543000495709623,0.0555786452737907,0.05071476471653318
2017-03-11,118.0,72010933.367667786371412,0.0,0.0,279.96736794,154.40461318065536,0.00013521299649327847,0.159121753543251,44.9147155009791,5.466359605869507,452552412.0,141.0,140.0,1616447.0,257211.881149727449197,15824.2714285714,2517.9858182586467315070416214,2609.5,415.2282158711134845,2215398.0,352518.014556211178898,0.04559431888881869,0.055558737136599305,0.051108681233815866
2017-03-12,143.0,77427210.773199206365368,0.0,0.0,485.00663069,165.7298398721549,0.00013890015780245441,0.171090041109314,60.58350241088871,7.202652233404355,452552412.0,184.0,183.0,933085.0,159641.55100848425369,7098.70491803279,1214.51771624911950985422640606,990.0,169.37914069822086,1299063.0,222256.742073588772782,0.045872353273425905,0.056186673796530875,0.04949859385445334
2017-03-13,209.0,83549705.08208039759394,0.0,0.0,190.24743259,177.43353247218377,0.00014895868965517312,0.184618848262995,91.56319841732787,10.029906993953645,452552412.0,263.0,262.0,2378757.0,439163.377637537197215,10312.2557251908,1903.836774978201770644954446,1393.0,257.174055630352035,2701811.0,498805.235044290783945,0.04618764899476246,0.05714245564897809,0.05004339443642539
2017-03-14,178.0,79037073.03882532880634,0.0,0.0,222.61737808,166.82337592195776,0.00014010606721215653,0.174647335740695,87.672190063134,-3.95475333674374,452552412.0,219.0,218.0,2032871.0,355035.504054522385345,12268.0366972477,2142.5799239433860813473851515,1037.0,181.109287163100715,2674432.0,467082.42341965841024,0.046387724590064315,0.05618943755293532,0.05079995450418755
2017-03-15,222.0,84100171.543193496355236,0.0,0.0,209.19578828,176.19288250022817,0.0001476462907656341,0.185835207841503,81.09291309963417,-2.448286662480309,452552412.0,262.0,261.0,2163296.0,402016.561782692073888,9445.57088122605,1755.31962789429164880671475315,1097.0,203.861223002128791,2465294.0,458138.422880410296882,0.04649886296078973,0.056716051117103136,0.049581483405632724
2017-03-16,253.0,84555027.750297903469944,0.0,0.0,133.44349978,175.9809837347465,0.00015860526943308042,0.186840298511762,89.80590052567477,-9.228742730514012,452552412.0,292.0,291.0,3391341.0,633639.164795177452842,13152.2302405498,2457.3666242397479682046467476,1349.0,252.047562692366938,3827299.0,715093.687653768190838,0.0464893677212513,0.05478033071189734,0.048622448866768336
2017-03-17,256.0,76109685.523208662242684,0.0,0.0,80.8466842,156.5714861489906,0.00015687105639976528,0.168178720309657,106.46989216214801,-13.457953958725755,452552412.0,301.0,300.0,5597662.0,941407.631885995221934,25877.8066666667,4352.0964096207162516040103219,1410.0,237.13199563661637,7763342.0,1305628.922886213193694,0.04714697787514556,0.057056101804976764,0.05061508820205226
2017-03-18,263.0,68339430.042624368050644,0.0,0.0,264.96911608,140.3883469161162,0.0001568810806545885,0.151008873735987,88.52656067490963,-26.879989586575753,452552412.0,318.0,317.0,1707944.0,257914.699844136580728,5966.34384858044,900.97086489576640432929229428,1358.0,205.070050533470346,1891331.0,285607.764171958028697,0.04777382628205563,0.05864306803277403,0.05259505000769233
2017-03-19,242.0,74641154.99144488021032,0.0,0.0,344.8359929,153.22173348035435,0.00016166482115721867,0.16493372482886,96.36718364891937,-17.32343209441071,452552412.0,277.0,276.0,1312370.0,216454.0724536509982,5442.0,897.56933051865612,3440.0,567.3720134112784,1501992.0,247729.13522314908912,0.04775817640193972,0.06113100792556281,0.05369643991092457
2017-03-20,247.0,77688365.277200199377544,0.0,0.0,128.23171295,158.7432275285347,0.00016542140356516668,0.171667111294062,108.39461336417166,-14.777039959347645,452552412.0,378.0,378.0,3529177.0,605843.620835443846974,9418.47619047619,1616.84260041094919711089938378,4725.0,811.12710086444295,3560184.0,611166.502955338827408,0.04782233720138642,0.061653772334746046,0.05377141770187158
2017-03-21,230.0,80921326.200031263389508,0.0,0.0,233.22719264,172.45628052431877,0.00016082749736995964,0.178810948863159,90.75428888327836,-6.745640537052385,452552412.0,258.0,258.0,1940393.0,346963.513497431681487,9547.86821705426,1707.26337551187038040281800734,5029.0,899.240261832826611,2463350.0,440473.95088206272265,0.04788018236037991,0.06163215513482464,0.05374579943833712
2017-03-22,333.0,73219321.472743237138932,0.0,0.0,107.76283872,158.22842010379762,0.00015597369549970845,0.161791915215211,81.30361364716747,-16.879286086693725,452552412.0,507.0,507.0,4199522.0,679448.707368413329142,10468.6548323471,1693.7437150524109288207517381,5027.0,813.327957786865697,5307608.0,858728.063531575625288,0.048503619319477,0.06404698668718524,0.05547142357341006
2017-03-23,180.0,73439669.967395218799832,0.0,0.0,234.98547257,161.87523121323085,0.00015783223202805346,0.162278816817786,77.4967711249042,-11.030012732611317,452552412.0,231.0,231.0,1925874.0,312528.554060136794964,12109.5151515152,1965.1177910249392197002093472,2485.0,403.26285979219821,2797298.0,453942.209726759142228,0.0485024390628956,0.06308901454192992,0.05546785271241387
2017-03-24,240.0,65949377.023891264559604,0.0,0.0,238.05279689,146.47228489344735,0.00015584781239041492,0.145727600329067,50.231730374066906,-19.747165509242347,452552412.0,264.0,264.0,1901059.0,277036.766153975781953,11082.9810606061,1615.0962344546248270304675087,1583.0,230.686791320913061,2925907.0,426385.405896019438769,0.049184929595172004,0.06586860152250318,0.057302134740614755
2017-03-25,224.0,63730134.450001922938464,0.0,0.0,261.6737269,141.2650253506412,0.00014539748568088846,0.140823764850472,44.43237683069667,-25.597939169164587,452552412.0,260.0,260.0,1729453.0,243548.082591943351816,8226.55384615385,1158.4942843605157827375571172,5905.0,831.56433144203716,2138904.0,301208.513933733962688,0.04926053254268278,0.0653827888696501,0.057333909659319233
2017-03-26,335.0,61680499.872680401254048,0.0,0.0,148.81868486,137.33200428774683,0.0001415375359438923,0.136294710263704,48.20886127015199,-24.133345768454635,452552412.0,398.0,398.0,3040965.0,414467.44359706463436,10327.391959799,1407.568894940510932656835496,5000.0,681.47355131852,4110302.0,560212.420186323078608,0.04924723390810488,0.06504361467455096,0.057089767700539217
2017-03-27,133.0,68272191.789157722824484,0.0,0.0,212.77779544,152.55120121754138,0.00014465195236703613,0.150860298119807,73.33954276796403,-9.244785222939523,452552412.0,164.0,163.0,2126878.0,320861.449144458872546,18666.8466257669,2816.0860469199079062294549883,1848.0,278.789830925403336,3042696.0,459022.025647944279672,0.049786714351347246,0.0667464909628739,0.05845801097863076
2017-03-28,310.0,68798072.978093095999596,0.0,0.0,125.07705153,154.05565109775068,0.00014545323728813546,0.152022331897533,69.66649086282256,-14.429647294989575,452552412.0,552.0,552.0,3618189.0,550045.529026003027737,8091.76268115942,1230.12863195128884551707771086,5958.0,905.749053445501614,4466653.0,679031.004837111467049,0.04978144028554652,0.06547927693465448,0.0584507015457252
2017-03-29,153.0,69936805.194677119001472,0.0,0.0,793.99338913,158.5768454121302,0.00014863928813559259,0.154538575732256,76.76005305223494,-15.52079783558067,452552412.0,166.0,166.0,569970.0,88082.35201011395232,4494.42771084337,694.56245716531810582907274272,1090.0,168.44704754815904,746075.0,115297.3678894428952,0.049413518583658445,0.06528813198557515,0.05843197453098071
2017-03-30,346.0,70318608.04521244753308,0.0,0.0,160.90884014,158.97161315255673,0.0001496956534190527,0.15538224121809,85.85070447674302,-12.893052147840159,452552412.0,609.0,607.0,2812477.0,437008.97963433010893,5231.21087314662,812.8372697539633164999663558,703.0,109.23371557631727,3175345.0,493392.22274065599105,0.049362468325073766,0.06521108445431707,0.05787630612605583
2017-03-31,418.0,75658742.550263392127088,0.0,0.0,144.09096834,170.31194701618247,0.00015454890356516657,0.167182276669124,106.5781934942533,-0.9740737583466259,452552412.0,584.0,579.0,3140741.0,525076.230808061180884,5822.15025906736,973.36033542061135205954819264,389.0,65.033905624289236,3371025.0,563575.6342085337321,0.049636801278962896,0.06598886811654778,0.05846632968154114
2017-04-01,181.0,79149049.308151162385136,0.0,0.0,485.73229966,179.48640626588687,0.00016052390268848611,0.174894768449828,119.05927914452532,6.167227645080113,452552412.0,218.0,218.0,931691.0,162947.881711788699148,5515.32110091743,964.60080687140436718972570204,1325.0,231.7355681960221,1202340.0,210282.97589796619752,0.049611148103410316,0.06633178760412377,0.0583965855257483
2017-04-02,367.0,78516781.337578530607908,0.0,0.0,193.80894407,180.64730149374668,0.00015693149999999978,0.173497652991359,117.52457922188209,3.1898826837303176,452552412.0,525.0,525.0,2335044.0,405124.653631554884796,5347.93333333333,927.85388168758792974115669547,3541.0,614.355189242402219,2807665.0,487123.287885983966735,0.0496094144777648,0.06626253089954094,0.057679870306059665
2017-04-03,347.0,93045152.903311779292668,0.0,0.0,97.80323965,210.18665226475494,0.00017961663383986092,0.205600833044089,152.44415997522717,20.22731623984907,452552412.0,445.0,445.0,4627172.0,951350.417838283386308,13312.8853932584,2737.1403270744114283505695976,1476.0,303.466829573075364,5924234.0,1218027.445548115552826,0.05099799987216558,0.07305353943879,0.06095662104796835
2017-04-04,327.0,92085263.938483385832288,0.0,0.0,88.12274378,204.2701128404706,0.0001781906221507899,0.203479777141224,148.3218583979521,20.454882882939845,452552412.0,395.0,395.0,5135478.0,1044965.918953658745072,18281.7443037975,3719.96525668955661071699814,2065.0,420.18573979662756,7221289.0,1469386.276392372317736,0.051010297975804836,0.07303792851967639,0.060813791098177195
2017-04-05,258.0,89814747.088167190506612,0.0,0.0,268.10358204,200.64822869454204,0.00017473200116890694,0.198462641467851,157.78133729411877,20.318538049324186,452552412.0,283.0,283.0,1687976.0,335000.175694337259576,6977.88339222615,1384.84916987585032119854650365,1577.0,312.975585594801027,1974741.0,391912.315074865551591,0.05105890817559983,0.07305428013855365,0.060935815900932916
2017-04-06,263.0,84897887.18693947152306,0.0,0.0,67.16936862,186.7953582319654,0.00015703873027469347,0.187597911171755,148.2500290231615,19.183712726218207,452552412.0,317.0,317.0,6737482.0,1263937.54975729822091,22755.9905362776,4268.976291249902630651959188,1236.0,231.87101820828918,7213649.0,1353265.484326219283995,0.05124738575627239,0.07331134215127053,0.06130509515039654
2017-04-07,378.0,85169604.712050732781596,0.0,0.0,389.74164801,187.90394666318056,0.00015792007685564016,0.188198322346033,151.86931529308424,35.57611173890857,452552412.0,548.0,548.0,1161160.0,218528.36397531967828,2334.70802919708,439.38813426270348676691318364,210.0,39.52164769266693,1279420.0,240784.69757596154086,0.051245989200513396,0.06898715701116065,0.06129953785214746
2017-04-08,131.0,90661186.5322007381316,0.0,0.0,1503.31159293,200.48225418911704,0.00016914050321449495,0.2003330092343,164.23616142785124,30.29139963131718,452552412.0,144.0,144.0,301037.0,60307.6481008659691,2360.02083333333,472.790075397306380139969219,334.0,66.9112250842562,339843.0,68081.7708572122149,0.051426401466304984,0.06752319852058215,0.0614791238887836
2017-04-09,130.0,86688306.163866136766088,0.0,0.0,748.37181751,191.50639463278583,0.00015783519403857362,0.191554179947374,155.6342455738868,27.80872267508237,452552412.0,165.0,165.0,604716.0,115835.877481056215784,4704.92727272727,901.24848543930706583405468898,1000.0,191.554179947374,776313.0,148706.000097485752062,0.0515341830852204,0.06795109340651946,0.06176984499424688
2017-04-10,97.0,97305284.151892487783892,0.0,0.0,432.79323678,214.4357981215698,0.00017745588194038574,0.215014397386291,219.4577028128519,35.1257088351831,452552412.0,133.0,133.0,1045655.0,224830.879698962115605,13496.3383458647,2901.9070563575899500483208277,2975.0,639.667832224215725,1795013.0,385953.638495558366783,0.052161186380174036,0.07013626133933723,0.06286840032098884
2017-04-11,228.0,90234265.026303585521568,0.0,0.0,48.50546639,191.71203367205024,0.00016213375219170168,0.199389645560664,215.2704735965931,16.540766644195624,452552412.0,312.0,312.0,9329926.0,1860290.638247223630864,37354.375,7448.075591390128305,2003.0,399.377460058009992,11654565.0,2323799.58451372003116,0.052505031064743315,0.07079014344046791,0.06337856066395776
2017-04-12,115.0,94358170.280905431279132,0.0,0.0,717.72083338,200.61289269707996,0.00017144949386323745,0.208502192848561,163.42959880063344,12.9365689420527,452552412.0,141.0,141.0,630541.0,131469.181180924501501,6519.70212765957,1359.37219033644913192637237877,1001.0,208.710695041409561,919278.0,191671.478837439458958,0.05258371931208069,0.06993078114294791,0.06331559213902185
2017-04-13,134.0,89871471.634551672684684,0.0,0.0,624.31958702,191.14574412588914,0.00016936298889538235,0.198587985063157,150.89117890335072,13.70799572803534,452552412.0,158.0,158.0,724873.0,143951.068496685804061,6552.10759493671,1301.16984519548890080276779347,1369.0,271.866951551461933,1035233.0,205584.835540887210581,0.05245804571922746,0.06974157671839011,0.06285415500834964
2017-04-14,156.0,88526396.201600868496128,0.0,0.0,710.29392875,191.1646263846563,0.00016657604617182964,0.195615786932544,154.42512035825504,5.26303879907555,452552412.0,171.0,171.0,637134.0,124633.468791479488896,4065.26315789474,795.22965171945843668143241856,1071.0,209.504507804754624,695160.0,135984.27044402728704,0.0524765817889997,0.06895455099161844,0.06260831223205063
2017-04-15,151.0,89256298.373487824848464,0.0,0.0,195.63582146,194.8047227138826,0.0001677738918760966,0.197228643592972,160.21843241760385,5.560013104215863,452552412.0,159.0,159.0,2313239.0,456236.990276362956308,15981.6981132075,3152.04864118027509600737769,1261.0,248.705319570737692,2541090.0,501175.73394766521948,0.052382979948569025,0.06896165960333026,0.061798052475827474
2017-04-16,191.0,93530210.022287593276956,0.0,0.0,257.48873269,203.58608883360665,0.00017608773641145545,0.206672658331313,165.6559000322676,22.888709077331246,452552412.0,241.0,241.0,1757562.0,363240.010722099138906,10954.7634854772,2264.0500909343728770615075636,2000.0,413.345316662626,2640098.0,545636.071915182788674,0.052403193615059206,0.06636162997746883,0.06163972944338439
2017-04-17,138.0,94705031.567778344211876,0.0,0.0,294.12093502,210.09270336556662,0.00017557549912332026,0.209268648352223,156.11455348223836,38.58036496457365,452552412.0,203.0,203.0,1538661.0,321993.507742279793403,9802.12807881773,2051.27809402955875383445731379,2669.0,558.538022452083187,1989832.0,416409.453088000596536,0.052400707512688,0.06273603504222801,0.061158662479659634
2017-04-18,247.0,96069554.841350462752848,0.0,0.0,247.67047716,212.4370828870415,0.0001765895225014604,0.212283820158604,155.0414395139539,28.708558773456318,452552412.0,309.0,309.0,1827236.0,387892.638411326938544,7192.54368932039,1526.86065102659179239077113556,1990.0,422.44480211562196,2222496.0,471799.941167216755584,0.052365842421647914,0.06102244396279516,0.06101216190237683
2017-04-19,246.0,98902346.786382864192,0.0,0.0,280.06213998,218.46002652382572,0.0001806799535359446,0.218543408816,175.36242114893045,27.306510355172186,452552412.0,330.0,330.0,1615900.0,353144.2943057744,5638.16363636364,1232.18350055332414015785024,2626.0,573.894991550816,1860594.0,406620.555182596704,0.05237589189404842,0.06085940409348147,0.06110992773244057
2017-04-20,143.0,96915020.257274784560892,0.0,0.0,403.26532409,213.81358823458527,0.0001732897741087075,0.214152035626041,170.7774541900219,19.76449819632013,452552412.0,166.0,166.0,1122220.0,240325.69742025573102,7984.97590361446,1709.99884418392276410080015286,2503.5,536.1296211897936435,1325506.0,283859.808134531101746,0.05240700686016792,0.060748334000529404,0.060816604142127195
2017-04-21,595.0,102228966.900996727340172,0.0,0.0,81.96534888,219.2837171662317,0.00018110131618936234,0.225894204052981,197.06688183965198,39.620205220083434,452552412.0,656.0,655.0,5521265.0,1247221.762540582140965,10693.120610687,2415.513969193665981222807947,2885.0,651.704778692850185,7003994.0,1582161.649821854606114,0.052520410912418734,0.05790524577627,0.06115816828001509
2017-04-22,139.0,103112270.054271696964512,0.0,0.0,459.99606838,220.77965483416756,0.00018322219228521312,0.227846029145176,218.1544319819762,40.404048792771164,452552412.0,180.0,180.0,983818.0,224159.024701548761968,7398.32222222222,1685.67834066984720949771301072,1517.5,345.75634922780458,1331698.0,303422.101320572588848,0.05248599621354828,0.057887192109761065,0.06051647718993857
2017-04-23,171.0,107432817.117956302623144,0.0,0.0,356.3200005,229.9343242278831,0.00018991424956166009,0.237393093637862,212.64462228039088,62.901943833429954,452552412.0,213.0,212.0,1270073.0,301506.558615920303926,6989.64150943396,1659.29262134414315612884459352,1099.5,261.013706454829269,1481804.0,351770.035724958463048,0.05254749518782984,0.053559594173545944,0.06069727429456029
2017-04-24,146.0,106993422.035275161088872,0.0,0.0,341.42478887,228.2033670764254,0.00018804863997662222,0.236422167241206,231.00140500664938,67.88513465198241,452552412.0,171.0,171.0,1325482.0,313373.327079208211292,11274.0350877193,2665.4318089919969010915214758,1008.0,238.313544579135648,1927860.0,455788.83933763139916,0.05254719742716704,0.05285793662132317,0.06051123838997348
2017-04-25,167.0,105945932.646283757889108,0.0,0.0,200.99504877,224.047555836477,0.00018291584921098682,0.234107541661459,284.7554191558088,71.76568423565818,452552412.0,193.0,193.0,2251560.0,527107.17650327462604,13560.3730569948,3174.5856003853362796935234132,1618.0,378.786002408240662,2617152.0,612695.020874370744768,0.05222437776014415,0.052274593300471156,0.0600938324833644
2017-04-26,195.0,110487662.970825888691944,0.0,0.0,221.6713169,232.910476335551,0.00018831167825832893,0.244143352330262,362.57273780775796,61.834064610142455,452552412.0,226.0,226.0,2041547.0,498430.128519789395314,10552.0486725664,2576.2125368724520372719243968,1864.0,455.083208743608368,2384763.0,582224.033333172597906,0.05142036293398097,0.050078794313404805,0.05930419924255377
2017-04-27,223.0,113045064.552580751331468,0.0,0.0,197.42561166,236.01172191178304,0.000185597947983635,0.249794413983989,360.20317582113097,64.31428913507057,452552412.0,259.0,259.0,2292268.0,572595.741754250497052,9447.22007722008,2359.86280296696519197674929912,1795.0,448.380973101260255,2446830.0,611204.46596844380487,0.051433592573577235,0.05006808719616921,0.058820439401282516
2017-04-28,214.0,117132154.386042013332192,0.0,0.0,133.03009277,240.5505258600283,0.00019200924400935104,0.258825610647816,370.05324392987404,67.48284978130076,452552412.0,241.0,241.0,3401880.0,880493.66835059229408,14795.5145228216,3829.4580812179305772921976256,2438.0,631.016838759375408,3565719.0,922899.397573519819704,0.0513729189467454,0.050187575014507615,0.058868543389863026
2017-04-29,244.0,121255506.27284683493502,0.0,0.0,253.58588421,249.8636760763292,0.00019734398246639423,0.267936935165085,408.1291144299298,72.43729596422574,452552412.0,288.0,288.0,1784612.0,478163.46973883267202,7736.03819444444,2072.7703641394811467212603774,1070.5,286.8264890942234925,2227979.0,596957.864872170913215,0.05117814856854579,0.05023451432541922,0.058841389691553704
2017-04-30,218.0,117949619.264799986054976,0.0,0.0,447.12829861,243.38442419219416,0.00018859636879018182,0.260631953641648,364.81191857651805,55.89688024016646,452552412.0,246.0,246.0,1012131.0,263793.679871274831888,5448.69105691057,1420.10299495237772472776341936,707.0,184.266791224645136,1340378.0,349345.336758284862944,0.05124290159217964,0.04979682839218385,0.058458420469083436
2017-05-01,204.0,114636723.760437594331668,0.0,0.0,161.64849222,237.1180750145452,0.0001762851776738751,0.253311485522339,332.42336520004244,44.836513846328344,452552412.0,239.0,239.0,2799608.0,709172.861360224443112,17262.9665271967,4372.9076955266096369488970813,1163.0,294.601257662480257,4125849.0,1045124.939230856840811,0.05130677634461721,0.050064613885525036,0.05849707327712688
2017-05-02,177.0,117558356.115277415611416,0.0,0.0,500.457727,243.1545539719133,0.00017745866919929875,0.259767383839018,331.70537067263786,49.7238604443575,452552412.0,219.0,219.0,904277.0,234901.670555795679986,5540.43378995434,1439.22399094973426887213043812,1094.0,284.185517919885692,1213355.0,315190.05401799168539,0.05132443900211106,0.04996558988770198,0.05851848380570537
2017-05-03,194.0,116327998.036367650355472,0.0,0.0,97.30104445,238.98997007023127,0.0001691767554061956,0.257048675361756,332.1227263860744,25.02316822161638,452552412.0,213.0,213.0,4651054.0,1195547.269735996690824,34578.2488262911,8888.2930571273214016962631716,1488.0,382.488428938292928,7365167.0,1893206.421168118353252,0.05120322252056684,0.0404526440564961,0.0585487403086216
2017-05-04,252.0,121754813.250137377252176,0.0,0.0,120.52174733,246.79973885561444,0.00017472074137931033,0.269040248204748,360.0580519461724,32.21964953206239,452552412.0,286.0,286.0,3754944.0,1010231.065754929274112,17843.479020979,4800.614024640404005379408292,1329.0,357.554489864110092,5103235.0,1372975.61104715715978,0.05128551495439217,0.040890872398691554,0.05870584649800565
2017-05-05,227.0,124887416.09325178936518,0.0,0.0,186.33747099,256.9502030188762,0.0001803851656925778,0.275962325648265,372.329004660554,39.05001143148051,452552412.0,269.0,269.0,2428671.0,670221.697394497405815,11389.8810408922,3143.178060901692819338982033,1800.0,496.732186166877,3063878.0,845514.89838255487167,0.05128930876245715,0.04046687031434939,0.058600817412174364
2017-05-06,234.0,130720302.238115848694436,0.0,0.0,114.85355571,266.6883733534933,0.0001835974380479255,0.288851188883103,396.60857357139366,53.97356350020641,452552412.0,248.0,248.0,3940256.0,1138147.630103779894368,29501.9072580645,8521.6609858109762109445341435,900.5,260.1104955892342515,7316473.0,2113371.924481123255719,0.05129438800912893,0.03887045387162774,0.058334473009295264
2017-05-07,560.0,135939538.506562006716708,0.0,0.0,135.26466271,272.8970365740638,0.00019680955230859162,0.300384076853759,483.2025419630608,59.61039031020392,452552412.0,695.0,695.0,3345681.0,1004989.298632161264879,6779.29208633094,2036.39139507451327444525700346,1063.0,319.308273695545817,4711608.0,1415292.019576785734472,0.05133135208069909,0.03906728409196927,0.05565067394891593
2017-05-08,452.0,150150014.800211111997948,0.0,0.0,270.40332453,306.88073319369306,0.0001968948229105791,0.331784807281529,558.4689502816683,65.61664428126728,452552412.0,527.0,527.0,1673620.0,555281.68916251256498,4100.66034155598,1360.53680115015970929377349342,899.0,298.274541746094571,2161048.0,717002.894206133682392,0.051638871658810634,0.04112441682090506,0.055575055102212785
2017-05-09,388.0,128931183.73834918313172,0.0,0.0,240.07321358,261.3596464250503,0.00016571262887200502,0.28489779375731,499.33909056178516,48.729614689473465,452552412.0,452.0,452.0,1885060.0,537049.4351001547886,5082.26769911504,1447.9268547619151003235309424,1000.0,284.89779375731,2297185.0,654462.93835238617235,0.05299625464171124,0.05033725911088379,0.05934209215134733
2017-05-10,282.0,140453627.644339976313828,0.0,0.0,204.41762495,282.22056565053674,0.00017411443658679133,0.310358809101519,492.16392287901806,44.34326857839846,452552412.0,314.0,314.0,2213862.0,687091.573835107056378,11016.4872611465,3419.0638668514824847828315335,1046.0,324.635314320188874,3459177.0,1073586.054191365189863,0.05329848091127498,0.04850262690317756,0.05979470165540244
2017-05-11,196.0,151952098.64726984929356,0.0,0.0,461.81833507,306.4901804034537,0.00018293060724722346,0.33576685179013,531.8144238036182,68.3973362036864,452552412.0,216.0,216.0,979936.0,329030.02567581283168,5118.40277777778,1718.5899868883015551763373114,608.0,204.14624588839904,1105575.0,371215.43716787297475,0.05355634208131312,0.04703608048824871,0.059907215294628065
2017-05-12,228.0,149969514.150711004814688,0.0,0.0,235.97759906,300.953816706776,0.00019439984395090617,0.331385957016424,524.6958634298329,58.93643730505785,452552412.0,254.0,254.0,1917777.0,635524.366489086569448,8699.29921259843,2882.82559493915447251522661432,802.5,265.93723050568026,2209622.0,732237.701114544831728,0.05349058234844031,0.04706279997087812,0.05937487181473233
2017-05-13,251.0,148005677.304739414166448,0.0,0.0,163.20957722,293.5682493400547,0.00018375047282291076,0.327046488716404,520.1289217067839,64.68593938973363,452552412.0,321.0,321.0,2772830.0,906844.31530750650332,9998.54517133956,3269.98909055895910839362614224,990.0,323.77602382923996,3209533.0,1049666.498069426279332,0.05350952579947047,0.0458230932855304,0.058835067093008786
2017-05-14,186.0,158858997.532026505845144,0.0,0.0,466.6840724,317.1040998927057,0.00019560359438924597,0.351028948956362,584.2802747622619,79.4481695270385,452552412.0,225.0,225.0,969719.0,340399.441353014402278,5431.36,1906.56459220362631232,1000.0,351.028948956362,1222056.0,428977.033245815920272,0.05371385820647103,0.04645081765204583,0.05897459985676755
2017-05-15,182.0,143974831.605162025195884,0.0,0.0,437.77573001,294.3947400345702,0.00018316697340736447,0.318139574085757,507.3731300311711,61.304954640520315,452552412.0,228.0,228.0,1033754.0,328878.057269447641778,5584.93421052632,1776.78859103381696367978562424,924.0,293.960966455239468,1273365.0,405107.798755709962305,0.05395735029867188,0.05117914786921173,0.060628342976487365
2017-05-16,238.0,142373719.567084554587532,0.0,0.0,426.86093302,297.54624033536066,0.00017905338047925182,0.314601614734261,431.39687730392546,52.22217456066646,452552412.0,203.0,203.0,1060187.0,333536.542120271966807,5589.27093596059,1758.39366164047592110161877399,831.0,261.433941844170891,1134622.0,356953.913313016684342,0.05394380627695934,0.05106879163299183,0.05881721814302852
2017-05-17,270.0,142308474.000657961832784,0.0,0.0,148.58068918,294.16052179228024,0.0001738538363530097,0.314457442336332,411.18963345133085,50.264955984741796,452552412.0,266.0,266.0,3045836.0,957785.798335924113552,11887.8345864662,3738.2180589775482535957499784,1890.5,594.481794736835646,3162164.0,994366.003688024942448,0.053679888112221165,0.05113671002905806,0.05676022079056191
2017-05-18,332.0,153242743.219348261472916,0.0,0.0,99.66457384,309.5006671820453,0.00017876165429573371,0.338618774656643,486.9521232200916,59.512286147691384,452552412.0,348.0,348.0,4540755.0,1537584.894116024985465,13188.0172413793,4465.7102384265398404092276899,1047.0,354.533857065505221,4589430.0,1554067.16297243708349,0.05389400926874698,0.05231500560228209,0.05646728411511648
2017-05-19,254.0,163262135.191607789220936,0.0,0.0,134.86567057,327.0437406740415,0.00018335459292811215,0.360758512964478,507.13190256789267,65.07407609268795,452552412.0,303.0,303.0,3355579.0,1210553.690174830122762,11467.5676567657,4137.0226551743373831004688046,1224.0,441.568419868521072,3474673.0,1253517.864517821665694,0.05403975617046431,0.052989756458021696,0.05674303728149466
2017-05-20,331.0,165288106.766082124080984,0.0,0.0,183.14634146,326.5003122266584,0.00017832729222676854,0.365235279678682,541.5640535345242,70.54952506567219,452552412.0,427.0,427.0,2470988.0,902491.993262667077816,5863.38173302108,2141.51386712282930801153261656,705.0,257.49087217347081,2503664.0,914426.421261447690848,0.05396497606719091,0.0525369225844584,0.05662048004032704
2017-05-21,458.0,168967948.587008834250936,0.0,0.0,232.46751328,332.1629270570847,0.00018255548538866187,0.373366584966978,544.4333143245022,65.2838267950465,452552412.0,462.0,462.0,1946734.0,726845.425419104949852,4395.829004329,1641.255663445109881084047762,581.0,216.925985865814218,2030873.0,758260.116511641511794,0.053917349276388436,0.052114745987803385,0.05469088886022362
2017-05-22,222.0,161434579.5871397522232,0.0,0.0,274.15256504,317.9976910609751,0.0001715872431326711,0.3567201837986,492.0799672911395,56.56194893408023,452552412.0,234.0,234.0,1650732.0,588849.4224422305752,7302.18376068376,2604.836333242263023610130736,1174.0,418.7894957795564,1708711.0,609531.7019786896046,0.054071365662400124,0.05333264260690371,0.05521320596846057
2017-05-23,277.0,181996886.381427486305196,0.0,0.0,219.37031868,355.22329064004873,0.00017815910870835753,0.402156482996333,598.8715582312043,69.40530022740002,452552412.0,304.0,304.0,2062961.0,829633.140318598122013,7036.55263157895,2829.79525873438223033284999035,1000.0,402.156482996333,2139112.0,860257.758655251876296,0.05461851369510247,0.056511197223967795,0.05459058097088954
2017-05-24,275.0,203314082.91295604113806,0.0,0.0,456.16845938,394.4338350417555,0.00018602878229105778,0.449260853598005,706.6970001985353,90.0248436262974,452552412.0,287.0,287.0,992073.0,445699.562811533614365,3971.98954703833,1784.45941438479336857214653165,990.0,444.76824506202495,1139961.0,512139.851928435377805,0.0551228957847215,0.05883562905878332,0.05548979720341051
2017-05-25,266.0,180748905.45658421689968,0.0,0.0,73.36774252,335.2439602191273,0.00017218425423728802,0.39939883351364,620.8346825433001,70.60485564843843,452552412.0,314.0,314.0,6168275.0,2463601.839791347771,21644.0987261147,8644.627783664272673826654508,813.0,324.71125164658932,6796247.0,2714413.12407057530908,0.05594165180235754,0.06388485495168175,0.05787246242353769
2017-05-26,161.0,171955674.171468318688284,0.0,0.0,354.63266035,319.0264463091141,0.00016669537200467556,0.379968528753457,586.9152828511249,55.633370774502644,452552412.0,172.0,172.0,1276116.0,484883.919038746533012,7657.26162790698,2909.51843503611628590334942986,1305.0,495.858930023261385,1317049.0,500437.170826211788393,0.05609789726387843,0.06487971668743409,0.05746422234358321
2017-05-27,216.0,151191003.43740364234536,0.0,0.0,166.35314244,278.04692492882356,0.00016342268088836967,0.33408506822278,508.53054541056133,33.74401088256271,452552412.0,230.0,230.0,2720432.0,908855.71031543384096,14487.8,4840.157651397992084,1463.0,488.76645480992714,3332194.0,1113236.25982153817932,0.05701920239966485,0.06992954941358823,0.060396705787665865
2017-05-28,193.0,164355317.667073754419536,0.0,0.0,351.68303545,300.290512903284,0.00016317291846873206,0.363174106046028,535.3254642584047,40.31613994343048,452552412.0,212.0,212.0,1286819.0,467339.339968043704932,6588.26886792453,2392.68865649936809767301026684,997.5,362.26617078091293,1396713.0,507249.995177865905964,0.05727328523214507,0.07107940699567625,0.061075560050220745
2017-05-29,123.0,168847825.73717955439296,0.0,0.0,633.48532234,311.53811651691433,0.000163303090590298,0.37310115085008,482.0312815997479,39.24961507087472,452552412.0,137.0,137.0,714385.0,266537.8656500344008,7330.3795620438,2734.973050766447188472193504,900.0,335.791035765072,1004262.0,374691.30795500304096,0.057278610189293776,0.07100675241183042,0.061086225445692206
2017-05-30,217.0,157648686.821148873293736,0.0,0.0,213.79556897,290.6113159145137,0.00016073466919929846,0.348354538923878,391.34220164349614,33.657647904079674,452552412.0,302.0,302.0,2116753.0,737380.515330735528134,9687.64900662252,3374.73650295835268393616053256,1357.5,472.891286589164385,2925670.0,1019170.42389342214826,0.05754957240150115,0.07216153507076684,0.06152278719306257
2017-05-31,183.0,178793859.912186568867428,0.0,0.0,318.27056124,328.11793511512246,0.00017181577293980138,0.395078791254319,541.0394746245579,55.96560512826721,452552412.0,219.0,219.0,1421911.0,561766.879151219983609,7506.96803652968,2965.84385785695441409907168792,1000.0,395.078791254319,1644026.0,649519.804870673048294,0.057939461915325945,0.07480135874093505,0.0631169074773387
2017-06-01,184.0,181449744.263562701533152,0.0,0.0,41.00982237,306.17138164178175,0.00016706926767971902,0.400947469181896,584.3792173125878,54.34865734736335,452552412.0,230.0,230.0,11035220.0,4424543.53086544237712,49005.2913043478,19648.5475249998255728138474288,1114.0,446.655480668632144,11271217.0,4519165.930749962287432,0.05772911672788913,0.07477582436572323,0.06305324125515074
2017-06-02,143.0,180049187.681601101998056,0.0,0.0,293.65659201,302.33918380678887,0.00016046174108708385,0.397852674977238,553.0822462323453,54.77717378520711,452552412.0,194.0,194.0,1541094.0,613128.370291371618372,11594.5206185567,4612.9110431715232558529123946,1771.0,704.597087384688498,2249337.0,894904.742375275591206,0.05679036759781055,0.07474558256863166,0.05969354675339378
2017-06-03,222.0,193170829.34318897044044,0.0,0.0,173.74034106,318.63344420943685,0.00016742056165984813,0.42684741970437,601.8898480144429,58.65559987869394,452552412.0,255.0,255.0,2604763.0,1111836.36549141391431,11139.568627451,4754.89612524720985308666087,1414.0,603.56225146197918,2840590.0,1212498.5119380363783,0.05691476980323159,0.07523491071112308,0.060111762488419686
2017-06-04,212.0,186735600.532995417328152,0.0,0.0,120.07711959,301.789503042904,0.00016341725715955592,0.412627566623146,578.9057246460583,49.523151630875596,452552412.0,277.0,277.0,3768848.0,1555130.579212510555808,14773.4476534296,6095.9317558690822117976415216,1454.0,599.960481870054284,4092245.0,1688573.09637573610277,0.05701072812440284,0.07573960835397837,0.060216489193645015
2017-06-05,226.0,228752343.981196118926128,0.0,0.0,219.1867211,365.2418675996595,0.00018823518176504968,0.505471494385044,724.6296066269807,74.99373858890587,452552412.0,281.0,281.0,2064689.0,1043641.434270362111316,8465.80427046263,4279.22273576203279678523290572,1668.0,843.126452634253392,2378891.0,1202461.588749131706204,0.058693455095877776,0.0831322866495677,0.06437545120333868
2017-06-06,371.0,233857562.363301912067188,0.0,0.0,79.02467292,356.2089568758559,0.00017996898188194012,0.516752438308299,775.1936055344426,72.03056956973062,452552412.0,539.0,539.0,5726723.0,2959298.073766216974177,12697.8515769944,6561.6457636887358556829965256,1549.0,800.449526939555151,6844142.0,3536727.066628238134458,0.05864384623030992,0.08304551209354569,0.06435535275608201
2017-06-07,486.0,239756887.38628831276878,0.0,0.0,69.12017866,347.44113443673757,0.00019572777381648144,0.529788110788565,853.1311867101001,59.6782309381106,452552412.0,555.0,555.0,6547327.0,3468696.002044962915755,12824.7225225225,6794.3855165947550234479552125,1165.0,617.203149068678225,7117721.0,3770883.961710095660365,0.05856065085633211,0.08163107363970672,0.0640858624068936
2017-06-08,362.0,247116779.359761667552872,0.0,0.0,45.93594297,330.9660125449591,0.0001948398930450029,0.546051181713206,882.7679086526869,91.66564068880061,452552412.0,419.0,419.0,9851815.0,5379595.22276988856889,23963.6539379475,13085.381550982554861465284685,952.0,519.840724990972112,10040771.0,5482774.869861689121826,0.05851136929806647,0.07523275980164168,0.06360531082750742
2017-06-09,238.0,252193487.537489271195864,0.0,0.0,324.39591359,335.170607061059,0.0001986789678550557,0.557269126956922,894.5048781482228,79.55640716956037,452552412.0,264.0,264.0,1395062.0,777424.982790777519164,5891.64015151515,3283.2291635791952933270803683,849.0,473.121488786426778,1555393.0,866772.499184907780346,0.05851476826896183,0.074258197375932,0.06229113831920002
2017-06-10,327.0,245243669.21703175783152,0.0,0.0,144.02566765,318.6724486945755,0.00018582005084745735,0.54191219119396,879.8324589567688,61.39538143946397,452552412.0,393.0,393.0,3142165.0,1702777.5202429693234,8444.11450381679,4575.9685934560549806471945884,1299.0,703.94393636095404,3318537.0,1798355.65722823043652,0.058572913030719,0.07387900660711237,0.06140647767587164
2017-06-11,196.0,249160196.460703292696412,0.0,0.0,431.02774831,323.11366160844597,0.00018511324137931062,0.550566497612001,863.6429596360958,66.14056388174414,452552412.0,230.0,230.0,1049938.0,578060.687369749105938,4980.91739130435,2742.32624302514066475760350435,1229.0,676.646225565149229,1145611.0,630735.035895782077611,0.05847260675426288,0.07367471467849054,0.061296169489084514
2017-06-12,213.0,218813650.658374947294288,0.0,0.0,523.2019395,283.501821370875,0.00018140018001168909,0.483510074979724,826.1595023709245,47.84139003522409,452552412.0,222.0,222.0,864967.0,418220.259024986929108,4907.54504504505,2372.8474726961051205454165662,894.5,432.499762069363118,1089475.0,526772.1389385348049,0.05933004777490604,0.07825695417952364,0.06360462313837544
2017-06-13,280.0,235889391.854601880306236,0.0,0.0,217.58101586,302.6536709783517,0.00019254363208649912,0.521242149195753,886.843314767002,48.48979001459818,452552412.0,349.0,349.0,2079926.0,1084145.098408125754278,6726.52722063037,3506.14950510510907648518681861,1000.0,521.242149195753,2347558.0,1223646.177281683521174,0.0595214958083321,0.0783722766290781,0.06395106160887988
2017-06-14,163.0,212742635.106207737648676,0.0,0.0,428.06779052,273.4884349292732,0.0001923603880771476,0.470095019858623,794.05607868546,47.76376727401579,452552412.0,179.0,179.0,1057198.0,496983.514804496518354,6425.22905027933,3020.46817798726303449525916259,992.0,466.334259699754016,1150116.0,540663.803859720050268,0.05886037197956284,0.07861757779135481,0.06578456981127585
2017-06-15,213.0,205669043.707172251217388,0.0,0.0,110.92454818,260.9924753884437,0.00018858337697253067,0.454464584109149,534.1943640870005,44.45716831206604,452552412.0,248.0,248.0,4079822.0,1854134.608469356491478,16791.3306451613,7631.0650982924387659879107337,1381.5,627.8428229467893435,4164250.0,1892504.14437652372325,0.05891230463018212,0.07896559483413791,0.06593650029736974
2017-06-16,194.0,214805358.933192543783384,0.0,0.0,348.67834392,271.2168107626469,0.00019167373524254787,0.474652997613882,498.9752036089877,50.94347714824025,452552412.0,235.0,235.0,1297908.0,616055.922827038358856,6322.68510638298,3001.08143871332786526765652836,1094.0,519.270379389586908,1485831.0,705254.138097631905942,0.05893192242553126,0.07912865560080744,0.06605252770338955
2017-06-17,176.0,232989872.72393904625866,0.0,0.0,776.19711237,293.83179331478306,0.00019407560958503836,0.514835114223055,673.7175463293386,52.039742848013695,452552412.0,197.0,197.0,583038.0,300168.43532638154109,3638.56345177665,1873.26023030326487602414066575,735.0,378.403808953945425,716797.0,369032.265369743154835,0.05917776241141138,0.07932959367429929,0.0666269209940301
2017-06-18,109.0,221536946.997832999873392,0.0,0.0,529.3245922,280.1233667669113,0.000195169818819404,0.489527712422916,587.7387223130709,35.69401547874693,452552412.0,126.0,126.0,854962.0,418527.592068521109192,7386.81746031746,3616.05185343486028049913891336,778.5,381.097324121240106,930739.0,455622.533532792414924,0.05931496758794686,0.07960626821831786,0.06712590094647129
2017-06-19,211.0,256768798.764167813124612,0.0,0.0,151.8786682,318.6569381571305,0.0002190955715955579,0.567379140969351,700.1396183120551,55.34620353995001,452552412.0,288.0,288.0,2979697.0,1690617.924208952266647,16490.71875,9356.48983834216971103125,1338.5,759.4369801874763135,4749327.0,2694669.073442544876777,0.059521863216294865,0.0834690255886062,0.06916380524007919
2017-06-20,221.0,248710222.11782434082382,0.0,0.0,403.75606858,308.92634789048054,0.00020107085271770867,0.549572194342485,633.0103028166351,47.19372768484126,452552412.0,298.0,298.0,1120856.0,615991.29146194036716,5135.94630872483,2822.57328291109073692064340255,1013.0,556.716632868937305,1530512.0,841126.83830750540232,0.05936707162130572,0.08388485447676476,0.06926365589818023
2017-06-21,174.0,223109809.448841296193888,0.0,0.0,419.30838529,276.29050478604825,0.0001867959213909995,0.493003248978024,560.6912085641849,38.20447268449711,452552412.0,222.0,222.0,1079283.0,532090.025566748676792,6239.56756756757,3076.12708302871830017006508168,619.5,305.415512741885868,1385184.0,682900.212432375196416,0.0599788551260289,0.08615826044027608,0.07107171391100589
2017-06-22,200.0,243740241.878359373277468,0.0,0.0,396.98555052,300.4455157895032,0.0002004692025131501,0.538590084629489,579.2722339588277,33.92550099320419,452552412.0,272.0,272.0,1139972.0,613977.615955247834308,5574.875,3002.572398048822488875,658.5,354.6615707285185065,1516366.0,816699.692269279716974,0.06026139300463335,0.08496805057549243,0.07165122255386853
2017-06-23,173.0,249789082.9418251582029,0.0,0.0,411.50742674,306.3764559666569,0.00020550363354763279,0.551956141031075,545.2229439783762,22.85872152238774,452552412.0,225.0,225.0,1099743.0,607009.902405937513725,6654.99111111111,3673.26321228499434660428774325,672.0,370.9145267728824,1497373.0,826484.222764123865975,0.06012529463807822,0.08286503341550183,0.07162627965080119
2017-06-24,160.0,230771098.091640882763884,0.0,0.0,984.58870062,283.74650389350194,0.0001990221186440682,0.509932312749757,525.9750898848038,27.674962959635735,452552412.0,206.0,206.0,459636.0,234383.248503047308452,3342.6213592233,1704.5106403554736556967837381,400.0,203.9729250999028,688580.0,351129.19191322767506,0.06042045858847254,0.08115247620300103,0.0725729685965921
2017-06-25,166.0,214961825.636111716228872,0.0,0.0,381.61705264,263.4355769453644,0.00019017225306838117,0.474998740336206,511.03334443143666,25.010021723248943,452552412.0,195.0,195.0,1185881.0,563291.981188640307486,7706.84615384615,3660.7422150418553218509987069,938.0,445.548818435361228,1502835.0,713844.73193316214401,0.06066077826531957,0.0817615699830543,0.07326938615530447
2017-06-26,216.0,205114487.74197977892894,0.0,0.0,573.02741476,252.02690144434024,0.0001867976081239042,0.453239187999245,493.3686300505575,35.665802249207005,452552412.0,251.0,251.0,789757.0,357948.821396719733465,4011.26294820717,1818.06156149687528305206358665,729.0,330.411368051449605,1006827.0,456333.451935715845615,0.06079153400806334,0.07835822964242507,0.07363191314829365
2017-06-27,194.0,212741878.484151427061196,0.0,0.0,430.96535726,259.9594274635544,0.00018578227410870823,0.470093347959333,524.3186689441899,29.440216175476518,452552412.0,241.0,241.0,1050090.0,493640.32375861598997,6173.04564315353,2901.90769349581694854831539549,1015.0,477.144748178722995,1487704.0,699359.754132491541432,0.06081720199236942,0.07730483439869128,0.07363788528724942
2017-06-28,183.0,226157509.114612887749652,0.0,0.0,265.9107325,274.80982338313294,0.00019499735651665705,0.499737716820771,570.884422619348,33.94161762357476,452552412.0,229.0,229.0,1701896.0,850501.621306402881816,9033.73799126638,4514.49959811251885361777797898,1610.0,804.57772408144131,2068726.0,1033820.407967766307746,0.060940497751436944,0.07783501328236342,0.07386799619819137
2017-06-29,163.0,215231013.588977414173236,0.0,0.0,239.51947743,260.22045827886774,0.00018720890648743382,0.475593561943003,516.9417425796946,36.52572560477792,452552412.0,198.0,198.0,1889418.0,898595.036619224842254,10246.8232323232,4873.3231596609060394656745696,504.0,239.699155219273512,2028871.0,964917.985612862439613,0.06103370541529361,0.07724752501386656,0.07411249620643331
2017-06-30,211.0,210185279.233249343154144,0.0,0.0,143.70119076,249.75927061158328,0.0001893593895382816,0.464444059207112,505.58891646984205,17.557325143313353,452552412.0,293.0,293.0,3149260.0,1462655.09789858953712,12216.7542662116,5673.9989417351184664680168992,1218.0,565.692864114262416,3579509.0,1662481.689928390268008,0.06097580723952454,0.0743078632794646,0.07407305481317436
2017-07-01,144.0,199297121.451709725997332,0.0,0.0,504.76252363,236.85325731405771,0.0001825529707773235,0.440384618813411,490.62312302512925,9.835989166357287,452552412.0,176.0,176.0,896565.0,394833.435766445833215,5727.0625,2522.1102359830806351875,1357.0,597.601927729798727,1007963.0,443891.401533022191793,0.06114351067383668,0.07504456267134882,0.07449256876201732
2017-07-02,117.0,205411806.468440552541912,0.0,0.0,468.95019341,245.78625520096818,0.0001801981744593806,0.453896169861626,533.3301407173584,14.086494426006915,452552412.0,147.0,147.0,965033.0,438024.782490074523658,8633.33333333333,3918.63693313870295367943379458,1142.0,518.349425981976892,1269100.0,576039.6291713895566,0.06116185025251717,0.07517487232834655,0.07449917079167194
2017-07-03,136.0,214835395.116986576035896,0.0,0.0,366.13028683,258.63762589761876,0.00018602385096434823,0.474719368233058,561.7599762594658,11.215236714290924,452552412.0,172.0,172.0,1236042.0,586773.077349525476436,10021.0639534884,4757.1931490230837662032995272,1032.0,489.910388016515856,1723623.0,818237.221631968129134,0.0610173507368269,0.07454516681692344,0.07449314961839702
2017-07-04,248.0,222741364.554522296728128,0.0,0.0,170.52572059,264.7165027258299,0.0001893220864991234,0.492189100418544,601.1911402056522,19.28168164975314,452552412.0,272.0,272.0,2653866.0,1306203.919171359691104,10171.9301470588,5006.5131486011387505505783872,949.5,467.333550847407528,2766765.0,1361771.57641951289016,0.06095859054522539,0.07442908026358522,0.07454495892059196
2017-07-05,130.0,223913082.117391150498716,0.0,0.0,644.11561711,269.3683408998356,0.00018970794973699606,0.494778231603793,616.0183975972172,-2.1155026346758596,452552412.0,126.0,126.0,702595.0,347628.711633666942835,7126.35714285714,3525.96638491991457327648113202,1400.5,692.9369133611120965,897921.0,444271.764499909414353,0.06038921253128853,0.06446392411158709,0.07439654905776834
2017-07-06,175.0,219476078.034723805324848,0.0,0.0,350.98396906,262.6027257623495,0.00018629943015780235,0.484973833339604,603.7578432771613,-6.149676830307593,452552412.0,226.0,226.0,1289382.0,625316.531179085284728,6165.45575221239,2990.08471043615444366520649356,1447.5,701.99962375907679,1393393.0,675759.144558570836372,0.06040617560336276,0.0644089022094124,0.07438184385499849
2017-07-07,121.0,203334325.404830664978648,0.0,0.0,427.61719795,241.95360882643055,0.0001800260508474578,0.449305583205754,563.9697998370498,-15.191455969635962,452552412.0,141.0,141.0,1058312.0,475505.490373647927248,9498.0780141844,4267.5394814968716552356970376,1000.0,449.305583205754,1339229.0,601723.066891058723666,0.060696763187987286,0.06558778770279496,0.07418135049657269
2017-07-08,108.0,203105694.998574827579952,0.0,0.0,207.62875598,238.95698956881208,0.00017575931385154924,0.448800381155796,564.0198054129249,-17.809832450557263,452552412.0,147.0,147.0,2179623.0,978215.633175939544908,17068.5510204082,7660.3722037363509102997159272,1490.0,668.71256792213604,2509077.0,1126074.713949241160292,0.06069611959469591,0.06524774476703318,0.07125374495905631
2017-07-09,97.0,190784074.449905194765728,0.0,0.0,825.4339401,224.4419255307214,0.00016821400526008197,0.421573434128344,527.8756082421614,-24.350118509089327,452552412.0,112.0,112.0,548260.0,231131.85099520588144,5540.67857142857,2335.80289275846939118080838808,519.0,218.796612312610536,620556.0,261609.923988948639264,0.060914459266979276,0.06582385259134241,0.07107135159010676
2017-07-10,196.0,147797452.120079524698468,0.0,0.0,132.4022303,175.57921700616095,0.0001408084146697837,0.326586375856239,384.3787854759856,-39.73444754274812,452552412.0,214.0,213.0,3418012.0,1116276.151713135176868,16613.5821596244,5425.7695875016011323246366316,3120.0,1018.94949267146568,3538693.0,1155688.922137841955627,0.06344911433794473,0.07967496989813172,0.07795627078528708
2017-07-11,231.0,134913323.490490357732296,0.0,0.0,72.53668882,156.6981395192172,0.0001285446043249564,0.298116461017758,337.65996426365933,-45.85277849073761,452552412.0,345.0,343.0,6238945.0,1859932.20388443618531,19201.3206997085,5724.229773864118804603923543,2483.0,740.223172707093114,6586053.0,1963410.812435388129174,0.0638205069788607,0.08055132826560009,0.07881825313812084
2017-07-12,188.0,148160590.995423564264876,0.0,0.0,70.18141182,167.82398741909864,0.00013785451724137923,0.327388799764973,361.8141186253807,-32.28914624401528,452552412.0,264.0,263.0,6448323.0,2111108.727466869990279,25196.3802281369,8249.0126813116362708416688037,1135.0,371.586287733244355,6626648.0,2169490.335184958800504,0.06414383980187131,0.08041891713115469,0.07975731038818644
2017-07-13,114.0,139198069.824236371908804,0.0,0.0,302.78031333,157.009804394645,0.00013123667036820565,0.307584417038167,364.3640281339054,-40.990110352213016,452552412.0,161.0,160.0,1494656.0,459732.894432598535552,10657.4625,3278.0693901686258712375,1429.0,439.538131947540643,1705194.0,524491.102426980139398,0.06388692600869442,0.07913108168692641,0.07960786522716279
2017-07-14,123.0,123958062.406681236611124,0.0,0.0,165.40688561,139.30782675109765,0.00012367058971361744,0.273908743208027,300.8341480210244,-41.73332376709656,452552412.0,149.0,148.0,2735995.0,749412.951873445831865,21753.4054054054,5958.4479350892941856824691458,978.5,268.0197052290544195,3219504.0,881850.294393215758608,0.0642622228695951,0.07963663063953032,0.07999914224254519
2017-07-15,99.0,121367058.560391411037452,0.0,0.0,199.53062253,135.97993382716504,0.0001347903886616011,0.268183431006421,237.33676433476884,-40.989146264913074,452552412.0,152.0,151.0,2268085.0,608262.817114198373785,18887.1125827815,5065.2106542548883432205400115,4000.0,1072.733724025684,2851954.0,764846.808792486396634,0.0642345359894635,0.07958343990293507,0.08002772900905457
2017-07-16,105.0,114897844.038021856935084,0.0,0.0,343.93446774,128.71246194547138,0.0001328737621274108,0.253888480077357,232.63818002983592,-46.51071807116475,452552412.0,144.0,143.0,1315810.0,334069.00097058711417,10531.1468531469,2673.7368680169075848308847433,2000.0,507.776960154714,1505954.0,382344.372126416083578,0.06435300625724782,0.07900400376031831,0.08030912803426794
2017-07-17,114.0,135085760.574182257469292,0.0,0.0,372.66251309,151.37551726439128,0.00013471645821157185,0.298497493311741,302.5197230331289,-42.020758672957285,452552412.0,146.0,145.0,1214376.0,362488.191937938788616,9892.53793103448,2952.89777490510884371725982968,2002.0,597.591981610105482,1434418.0,428170.177361240901738,0.06541503688664276,0.08382043334847392,0.08251784917031343
2017-07-18,91.0,145488684.142988099498676,0.0,0.0,402.30457107,163.0156712375204,0.00013954776417299838,0.321484717096123,330.82318892970187,-34.32757555135432,452552412.0,122.0,121.0,1124900.0,361638.1582614287627,12328.4876033058,3963.4203493718245913511634134,1575.0,506.338429426393725,1491747.0,479573.862273990196881,0.06558655022839609,0.08524274861382714,0.08267548834974896
2017-07-19,96.0,134590762.080333778037052,0.0,0.0,401.25515099,150.6265453002205,0.0001317656645236703,0.297403700679721,303.4314646587119,-47.582898417517555,452552412.0,124.0,123.0,1127842.0,335424.384582017892082,11948.593495935,3553.555923608713879150434135,2000.0,594.807401359442,1469677.0,437087.378603870320117,0.06582713006548191,0.08029893753294408,0.08323001176544483
2017-07-20,108.0,161411921.726162126783712,0.0,0.0,449.32803403,182.66026397484475,0.00012630418176505,0.356670116976776,394.09571320876404,-35.10040707144937,452552412.0,148.0,147.0,1007176.0,359229.581736201344576,9073.44897959184,3236.22810893383040594323910784,1798.0,641.292870324243248,1333797.0,475725.532013272898472,0.06712401318221087,0.08840987270671254,0.08654508992855797
2017-07-21,121.0,158556774.69600065555952,0.0,0.0,190.56756111,178.06825953039788,0.0001314113915838689,0.35036113053796,366.000977161294,-28.933301907392178,452552412.0,153.0,152.0,2374761.0,832023.94871745642756,16664.6842105263,5838.657600058085880613728348,1521.5,533.07446011350614,2533032.0,887475.95520882989472,0.06714693733874347,0.08660927198509973,0.08637530630345026
2017-07-22,83.0,177678444.768081572947164,0.0,0.0,615.28059256,199.57468373614014,0.00013874494506136727,0.392614070893697,425.06322667667007,-27.103360775052685,452552412.0,124.0,123.0,735522.0,288776.286651873804834,7507.51219512195,2947.55492521090406208040134915,1343.0,527.280697210235071,923424.0,362549.255800941258528,0.06762079031936927,0.08773675832195434,0.08623655855584388
2017-07-23,55.0,169525132.651005530391564,0.0,0.0,664.61808639,190.55525019627345,0.00013605688661601407,0.374597788357397,367.27490039293,-32.13268944564434,452552412.0,57.0,56.0,680921.0,255071.500646107122637,12716.1607142857,4763.4456799686409108351663229,2376.0,890.044345137175272,712105.0,266752.958078244190685,0.06768003976486701,0.08772274129363633,0.08518824822338043
2017-07-24,100.0,170181354.610484817040428,0.0,0.0,659.85802958,191.93820975692708,0.00013648858854471078,0.376047834677069,367.4051625956172,-26.25534305734224,452552412.0,121.0,120.0,685833.0,257906.014600078263477,7499.4,2820.1331313772112586,1138.0,427.942435862504522,899928.0,338415.975765265351032,0.06757993088640386,0.08686556175640461,0.08385118927740086
2017-07-25,78.0,142944157.158866243535576,0.0,0.0,640.21923661,161.77670042319033,0.00012344665984804207,0.315862104296698,306.3794469668129,-33.50253853870654,452552412.0,90.0,89.0,706871.0,223273.761526311211958,8695.1797752809,2746.4777810583147139798924682,1265.0,399.56556193532297,773871.0,244436.522514189977958,0.06887990057846917,0.09130264424207117,0.0865784200245639
2017-07-26,81.0,151897051.018872621249996,0.0,0.0,583.3808088,172.5867232250779,0.00013306979105786096,0.335645213661733,337.5607519469742,-25.94523541898762,452552412.0,81.0,80.0,775741.0,260373.753691166419153,9990.5,3353.2635070875435365,1352.0,453.792328870663016,799240.0,268261.08056700348292,0.06899977845647566,0.09206111857247183,0.08536570049826368
2017-07-27,90.0,155774633.669187934623456,0.0,0.0,635.91902773,178.42401892014288,0.0001291536241963765,0.344213464647688,357.6201482647917,-26.777635518155574,452552412.0,102.0,101.0,711651.0,244959.856329991812888,7676.73267326733,2642.43475063945548901429043304,1500.0,516.320196971532,775350.0,266885.9098145848908,0.06900609416306948,0.09188710404934235,0.08472974880440887
2017-07-28,156.0,146738780.818459818624012,0.0,0.0,173.44150179,167.29113370934238,0.00011605811279953271,0.324247041729301,331.4205979129142,-35.11655598218716,452552412.0,188.0,187.0,2609251.0,846041.917879220363551,14404.3529411765,4670.5688292012361880894626265,2452.0,795.053746320246052,2693614.0,873396.371060629383814,0.06903377832261064,0.09129068169208256,0.08498573362511117
2017-07-29,85.0,144087486.699943422519624,0.0,0.0,736.67211225,164.4105361485119,0.0001176406054938629,0.318388506787902,308.24784397674335,-33.05449605180759,452552412.0,127.0,126.0,614320.0,195592.42748994395664,7182.1746031746,2286.7218473947534853380736892,1291.0,411.039562263181482,904954.0,288126.952771739066508,0.06902337882914161,0.0910542736601719,0.08456748274447545
2017-07-30,94.0,140953044.75542948503326,0.0,0.0,498.91179489,161.70870962208463,0.0001132843959672705,0.311462365502605,289.0136014554241,-32.9386695064361,452552412.0,126.0,125.0,907079.0,282520.971037737440795,8655.24,2695.7815243927669002,1266.0,394.31135472629793,1081905.0,336972.690549095862525,0.06896582756516598,0.0910480472717401,0.08293167148975145
2017-07-31,143.0,132290731.250555955083292,0.0,0.0,312.26899911,151.40657526125113,0.00010211702483927559,0.292321348296241,278.37785867964226,-33.62135374212598,452552412.0,237.0,236.0,1449239.0,423643.498483496010599,7237.73728813559,2115.74512268177460754989531719,1200.0,350.7856179554892,1708106.0,499315.848952899029546,0.06894323826151859,0.09122156817410956,0.08324620048451246
2017-08-01,104.0,145692175.800634433208264,0.0,0.0,610.05854805,168.79817956259978,0.00011803756224430172,0.321934370334622,323.18424366850024,-29.073124712031305,452552412.0,147.0,147.0,741818.0,238816.710732888622796,5552.8231292517,1787.6446176951713920854623574,908.0,292.316408263836776,816265.0,262783.75880119022683,0.0691121975976751,0.09310392403642699,0.08427494825726911
2017-08-02,190.0,149953572.620195724792672,0.0,0.0,360.07505562,175.07365591643926,0.00012317204032729416,0.331350731194856,386.0431082445417,-30.20071364937797,452552412.0,299.0,298.0,1256828.0,416450.876786168476768,5630.47986577181,1865.66362050140390741794180936,983.0,325.717768764543448,1677883.0,555967.758909418569848,0.06908218279170063,0.09281525205504712,0.0838273823801105
2017-08-03,268.0,155702256.313075724793684,0.0,0.0,218.24942852,181.68355414847994,0.00012332789246054932,0.344053533213907,397.80999435289647,-30.097287217182707,452552412.0,460.0,459.0,2073556.0,713414.268116896143292,5755.68845315904,1980.26494838785477283821076928,989.0,340.268944348554023,2641861.0,908941.611310025560927,0.06912669189664682,0.0928421148902111,0.08390677511266663
2017-08-04,180.0,150514167.39173704515678,0.0,0.0,332.82985281,177.2056603447255,0.00011627893191116328,0.332589471187565,335.3867576140993,-32.78009218200712,452552412.0,309.0,308.0,1359711.0,452225.562457915193715,6420.02597402597,2135.23304371172927438005106305,807.0,268.399703248364955,1977368.0,657651.77746321302892,0.06914526555702559,0.09286730217462512,0.07950824088806092
2017-08-05,164.0,159648516.671359124056128,0.0,0.0,267.31840225,188.9678466305126,0.00010896737960257155,0.352773540562544,308.77335239682304,-27.25926301357509,452552412.0,250.0,249.0,1692934.0,597222.321118709864096,7912.79518072289,2791.42477164984911647517743216,1007.0,355.242955346481808,1970286.0,695064.768140812567584,0.06926296818879472,0.09378237133307749,0.07987783080704793
2017-08-06,139.0,165654680.01244493943144,0.0,0.0,275.31404188,195.95742635131163,0.00011332262127410853,0.36604529247862,313.57827843645003,-18.53088273087538,452552412.0,189.0,188.0,1643768.0,601693.53832699624016,12131.7553191489,4440.771924076913022829846518,800.0,292.836233982896,2280770.0,834865.1217264621374,0.06922188966355214,0.09332247590319771,0.07997259346106615
2017-08-07,175.0,162712369.41399325868346,0.0,0.0,244.81626409,192.1546668542481,0.00010597998129748676,0.359543701678455,319.220217898706,-19.88783504316066,452552412.0,249.0,248.0,1848539.0,664630.554756989527245,9279.41935483871,3336.35678426541050985280699305,1360.0,488.9794342826988,2301296.0,827416.48249782177768,0.06923476014886015,0.09333744241049403,0.07984266028675346
2017-08-08,170.0,161761664.464596845494872,0.0,0.0,244.04552688,191.09275951152605,0.00010434228901227354,0.357442939591706,293.5155078406527,-15.212176419331518,452552412.0,262.0,261.0,1854377.0,662833.965991248997162,9078.88122605364,3245.18199364456494799125510984,2099.0,750.272730202990894,2369588.0,846992.500341231437128,0.06906585502752739,0.09275353167309104,0.07976242861655235
2017-08-09,134.0,172915513.302177725535924,0.0,0.0,222.72233703,203.07664473848354,0.0001141514438924604,0.382089474538427,307.2592069944897,16.994921645665976,452552412.0,178.0,177.0,2031913.0,776372.570477798820851,12824.4406779661,4900.0837998932956597466533247,1361.0,520.023774846799147,2269926.0,867314.832581113446402,0.06911386581702154,0.08069697421078968,0.08028311111814868
2017-08-10,151.0,163755183.504845919750348,0.0,0.0,348.80626653,192.73613333598254,0.00010527920017533618,0.361847996304229,313.68190488727015,21.37806650088827,452552412.0,198.0,197.0,1297432.0,469473.169540988439928,9514.24873096447,3442.71183963954699387470974363,1411.0,510.567522785267119,1874307.0,678214.232408990544303,0.06917076751487966,0.07945101996336587,0.08047402742835624
2017-08-11,178.0,167200066.156861168893072,0.0,0.0,205.77906753,197.03372301311475,0.00010093103185271782,0.369460114946556,313.95613494987845,12.850566424931253,452552412.0,263.0,262.0,2199215.0,812522.22669219015354,10242.5916030534,3784.2290710147384495074140904,1247.5,460.90149339582861,2683559.0,991468.016605864872804,0.068946565732565,0.07778970057188676,0.07891034071281836
2017-08-12,178.0,175093208.945974015292076,0.0,0.0,228.19751498,205.18833780700731,0.00009994659468147277,0.386901504230573,227.42606617255237,25.787095443968415,452552412.0,326.0,325.0,1983161.0,767287.974031407381253,7953.61230769231,3077.26456591295375885577899363,1433.0,554.429855562411109,2584924.0,1000110.983921709681452,0.06894518837213758,0.07711449671422527,0.07850194534977778
2017-08-13,189.0,164419623.827785329084744,0.0,0.0,91.12099305,189.04803824115845,0.00008940304850964357,0.363316202649662,256.4402212229005,32.64133097559878,452552412.0,449.0,448.0,4966500.0,1804409.920459546323,12806.4375,4652.786241970230799125,4118.0,1496.136122511308116,5737284.0,2084448.236402663398008,0.06890285054459752,0.0747542866198937,0.07781486537236311
2017-08-14,127.0,171263548.512637671881388,0.0,0.0,322.0802709,196.4197480406128,0.00008791497486849799,0.378439146431149,247.8758111478367,41.112053422155,452552412.0,216.0,215.0,1405092.0,531741.817137236010708,7561.77209302326,2861.67057639060554867084552574,1111.0,420.445891685006539,1625781.0,615259.173923979852369,0.0688087733822431,0.07473661586683367,0.0779310531785152
2017-08-15,150.0,176744849.587332983488116,0.0,0.0,214.04270237,203.0478251848102,0.00009388179047340734,0.390551116071243,287.22784782521035,53.827820762976884,452552412.0,266.0,265.0,2114309.0,825745.739669473716087,11130.3773584906,4346.9812996525973796605458158,1800.0,702.9920089282374,2949550.0,1151950.04440793479065,0.06870735199360724,0.07375268999283843,0.07782528015425104
2017-08-16,143.0,183585590.553408124299348,0.0,0.0,317.80544554,213.52289927051,0.00009294316130917597,0.405667024824979,301.35844594725944,35.90299212372736,452552412.0,190.0,189.0,1423992.0,577666.598014571496168,8599.77248677249,3488.64411888070708973484202771,1073.0,435.280717637202467,1625357.0,659353.738468453392503,0.06869513684790311,0.06848886570011524,0.07722687494714993
2017-08-17,247.0,201021112.017112293173124,0.0,0.0,193.44740721,234.32066006259458,0.00010309675365283444,0.444194101471527,342.69700332995114,38.169585628767,452552412.0,301.0,300.0,2339408.0,1039151.234535302036016,8623.49,3830.50339209869836923,1999.5,888.1661058923182365,2587047.0,1149151.017629609510769,0.06899790697920791,0.06908551264676314,0.0779347402655661
2017-08-18,239.0,204767013.353859819527028,0.0,0.0,114.37293034,235.97357086458368,0.0001101303611922851,0.452471377732619,362.5774686042305,52.14046654378822,452552412.0,455.0,454.0,3956814.0,1790345.082011715115866,10970.9845814978,4964.0565086736300415829367382,1443.0,652.916198068169217,4980827.0,2253681.654937827495913,0.06888813931331074,0.06703184904345899,0.0754891948169018
2017-08-19,134.0,203137252.181749523747772,0.0,0.0,331.98530778,234.44052733587213,0.00010789284687317361,0.448870112710281,355.2040040316069,25.850216024548107,452552412.0,163.0,162.0,1363170.0,611886.27154327375077,10994.5802469136,4935.1384746343367386812387216,1126.0,505.427746911776406,1781122.0,799492.432890761115282,0.06889036338761625,0.05914733327104706,0.07540133012490062
2017-08-20,154.0,219149970.185998005043812,0.0,0.0,302.24221858,252.47972530121106,0.0001185207314436002,0.484253236475951,387.5505719806733,38.21545664395109,452552412.0,209.0,208.0,1497317.0,725080.603280461523467,8588.37980769231,4158.95071795970676766612263681,743.0,359.800154701631593,1786383.0,865061.749335618775233,0.0688949768084775,0.06021881265993684,0.07479592665317493
2017-08-21,188.0,209026419.031793239330584,0.0,0.0,12.51228238,200.14190029891017,0.00011568409731151362,0.461883338789482,337.67822520627954,17.643093569751393,452552412.0,295.0,294.0,36168654.0,16705698.669041553297228,124467.945578231,57489.670275940877026070966342,2490.0,1150.08951358581018,36593576.0,16901963.061126657567632,0.06900320680392286,0.05784833832051486,0.07411611815546756
2017-08-22,157.0,210010999.51843962900924,0.0,0.0,256.26613483,200.28811790302402,0.00011389821215663349,0.46405895527177,333.1377433084399,23.881926080412338,452552412.0,234.0,233.0,1765947.0,819503.51988531641619,8882.62660944206,4122.0624244469069302953686462,1147.0,532.27562169672019,2069652.0,960440.54489612932404,0.06894960362556422,0.05699765001195525,0.07403753890122439
2017-08-23,154.0,215023611.350327889123924,0.0,0.0,339.22815755,209.12339849161472,0.00011457558883693754,0.475135267537427,363.05171219662606,26.349688449994495,452552412.0,189.0,188.0,1334065.0,633861.330687317550755,7662.90957446809,3640.91859078000682900769220443,903.0,429.047146586296581,1440627.0,684492.695066640846729,0.0688298416136067,0.05707228199482999,0.07342877463107109
2017-08-24,94.0,226064360.104778662854348,0.0,0.0,708.56237523,220.25590624158158,0.0001154769035651666,0.499531886496229,324.5319814954668,58.14872366803614,452552412.0,81.0,80.0,638691.0,319046.520118162996239,8311.6875,4151.9529368421253764375,904.0,451.576825392591016,664935.0,332156.234947370030115,0.0686268787246605,0.04600161996382394,0.07314106930127667
2017-08-25,189.0,245785185.82385404635726,0.0,0.0,271.33407879,239.4778478338253,0.00012476276914085316,0.543108774379605,379.32466841010114,61.81037365453277,452552412.0,272.0,271.0,1667879.0,905839.719503481207795,7909.42435424354,4295.6777670814077388125790017,1847.0,1003.121906279130435,2143454.0,1164128.67487906185567,0.06872294737713233,0.04696158627494495,0.07363684756951336
2017-08-26,149.0,272981295.647910382673868,0.0,0.0,432.12334857,265.50356382755274,0.0001389236919929865,0.603203713889189,450.298991581502,75.24117323724822,452552412.0,142.0,141.0,1047276.0,631720.772667014299164,7582.78723404255,4573.96542120599715783921099195,977.0,589.330028469737653,1069173.0,644929.124390045870697,0.06909532254121592,0.04967626873851219,0.07468697377309483
2017-08-27,223.0,270024418.118637499298592,0.0,0.0,234.94057964,260.14586133362263,0.00013732639684395083,0.596669934705016,439.260209170459,84.01707892932707,452552412.0,230.0,229.0,1926242.0,1149330.688366059429872,9034.24017467249,5390.45949513126695090256020984,819.0,488.672676523408104,2068841.0,1234415.224385060006456,0.06906675813609056,0.047779982980819195,0.07433339478249612
2017-08-28,181.0,286150741.304656569336216,0.0,0.0,323.48740654,275.2485046204585,0.00014436944593804779,0.632304090569418,497.33465125694465,98.59513678696776,452552412.0,215.0,213.0,1398980.0,884580.77662480439364,8119.49295774648,5133.98861053268192811728514864,988.0,624.716441482584984,1729452.0,1093539.574043461098936,0.0690160494930555,0.04768564952569489,0.0743430188176594
2017-08-29,315.0,286795231.811386158184116,0.0,0.0,98.67313887,269.1241392400988,0.00013775332261835185,0.633728214029243,454.6237685231557,103.46863191853035,452552412.0,415.0,414.0,4586379.0,2906517.772531225481097,12671.2608695652,8030.1355203681868341614951436,1639.5,1038.9974069009438985,5245902.0,3324476.105432433912186,0.0689758148623478,0.047100975880591325,0.07424999851492052
2017-08-30,133.0,299680362.641522119563072,0.0,0.0,543.72079656,293.0504012120754,0.00014437614289888968,0.662200343419056,496.8712234218859,126.53163967620193,452552412.0,125.0,124.0,832325.0,551165.9008362657852,6865.89516129032,4546.59813368568478928943633792,1274.5,843.974337687586872,851371.0,563778.168577025125776,0.06902273682419242,0.04424704125125542,0.07401432073286937
2017-08-31,218.0,301055470.48077124332306,0.0,0.0,307.6469886,293.2307616860501,0.0001403352139099942,0.665238903821755,524.9645513681374,106.63804959075931,452552412.0,282.0,281.0,1471012.0,978574.41038864746606,7011.07117437722,4664.0373026590063338900124211,988.0,657.25603697589394,1970111.0,1310594.482047181564805,0.06901954267469673,0.042432583166009286,0.07395079381836143
2017-09-01,222.0,325056795.208422950106564,0.0,0.0,193.8167464,314.68308864095167,0.00014604515721800123,0.718274362458647,646.1763929801945,116.77162439585942,452552412.0,311.0,310.0,2334950.0,1677134.72262281781265,8872.5935483871,6372.9564743224487947172982537,1023.0,734.794672795195881,2750504.0,1975616.507039958408088,0.06919523030862781,0.04349982997194978,0.07434498477588877
2017-09-02,189.0,300669191.666809522359972,0.0,0.0,207.78900999,291.4127466906019,0.00014458812916423163,0.664385347849631,568.4892681318742,93.10522453974201,452552412.0,273.0,272.0,2177942.0,1446992.753266321039402,10306.7316176471,6847.6414709832585480768232201,1191.0,791.282949288910521,2803431.0,1862558.480107438883961,0.06945185869937562,0.047364799517768036,0.07504101586580632
2017-09-03,120.0,306179753.413511638871808,0.0,0.0,346.77309414,297.2681126341875,0.00014627429865575708,0.676561974469184,615.8369096594322,103.4225473384377,452552412.0,146.0,145.0,1305039.0,882939.762599289418176,11860.724137931,8024.514941392907629725018304,1162.0,786.165014333191808,1719805.0,1163554.66650197498912,0.06933544587765154,0.04618812135935603,0.07506025604976528
2017-09-04,211.0,264878667.551448675801648,0.0,0.0,119.84714625,259.2644374413287,0.00013379026446522506,0.585299427266004,561.3083204407843,65.91364146320804,452552412.0,330.0,329.0,3776080.0,2210137.46131061238432,12728.4133738602,7449.9330577253207092057086408,1808.0,1058.221364496935232,4187648.0,2451027.975991627118592,0.06955716307234705,0.05497838046610207,0.07746477857472409
2017-09-05,178.0,282009930.776895715799028,0.0,0.0,324.96101781,284.0677430443511,0.00013990723787258926,0.623154187888619,548.1562929911195,70.23963992789669,452552412.0,256.0,255.0,1392636.0,867826.955604454809684,8697.96862745098,5420.17557631990150801012239662,2000.0,1246.308375777238,2217982.0,1382144.771961574946858,0.06931973153449866,0.05550050306757179,0.077124675747176
2017-09-06,162.0,304764805.2862313250948,0.0,0.0,440.58137545,323.9874486749475,0.00014616016569257755,0.6734353794279,647.1118635679362,87.30278858567317,452552412.0,230.0,229.0,1027171.0,691733.2921223354709,6489.55458515284,4370.295654370470985313260236,2250.0,1515.229603712775,1486108.0,1000797.7048508376132,0.06946883594648688,0.056120877041359575,0.07767853202546406
2017-09-07,177.0,306227453.916393518373072,0.0,0.0,205.16921757,322.8154876596372,0.00014598728053769744,0.676667377736556,633.6321260914012,89.3078035082994,452552412.0,254.0,253.0,2205752.0,1492560.421777163870112,10323.6363636364,6985.6679468875972751773722384,1300.0,879.6675910575228,2611880.0,1767373.99056255588528,0.06936187461530753,0.05597917235641426,0.0771442018230822
2017-09-08,185.0,277765738.69910661029676,0.0,0.0,199.48348005,293.88033143177813,0.0001412453860315605,0.61377584415373,516.517355778861,60.636679378615575,452552412.0,275.0,274.0,2268621.0,1392424.76933987910633,11256.6240875912,6909.043951682499527958195176,1003.0,615.61717168619119,3084315.0,1893078.04276101174495,0.06963644263358833,0.059316417516386805,0.07041736391488806
2017-09-09,131.0,280963326.118267515521448,0.0,0.0,448.89036441,297.09632216605263,0.00014319643308006996,0.620841517287654,537.8426626140414,71.57522595915454,452552412.0,178.0,177.0,1008158.0,625906.342385686681332,7729.06779661017,4798.52617806660266839399184118,1100.0,682.9256690164194,1368045.0,849339.13351778861643,0.0694449943619413,0.05782755526910419,0.06913935633759688
2017-09-10,138.0,278025909.890491924713552,0.0,0.0,285.12465088,292.0791996903567,0.00014415140736411433,0.614350741523596,471.2023022114141,66.28337313554523,452552412.0,196.0,195.0,1587209.0,975103.026102925283564,12810.7897435897,7870.3181784772104615522925612,1578.0,969.445470124234488,2498104.0,1534712.044803061261984,0.06930042730887459,0.058057224841423054,0.06836328139975636
2017-09-11,119.0,279300433.168607600248356,0.0,0.0,367.32822353,294.53132689812884,0.0001465068419053184,0.617167041347263,505.78735463299614,59.51528608673069,452552412.0,150.0,149.0,1232011.0,760356.583777282835893,9959.12751677852,6146.44526393031353961837919076,1165.0,718.999603169561395,1483910.0,915820.34432561703833,0.06917742261738268,0.05783238593409434,0.06769650312873768
2017-09-12,199.0,268332606.633830564188272,0.0,0.0,187.06472682,279.89102924858963,0.0001423837837521917,0.592931557801156,495.3509841109585,63.19986652863571,452552412.0,277.0,276.0,2419229.0,1434437.219647732828724,10641.7717391304,6309.8422950469051774675547424,1400.0,830.1041809216184,2937129.0,1741516.473432951521124,0.06926500893438799,0.056906925612107875,0.06595939330602417
2017-09-13,107.0,242587637.679986870741496,0.0,0.0,684.98388317,257.5138180081043,0.0001379024529514904,0.536043188031858,446.1179044807379,41.64580833853629,452552412.0,147.0,146.0,660676.0,354150.869296135816008,6401.85616438356,3431.67138767756589087421145448,1722.5,923.334391384875405,934671.0,501024.022600924748718,0.06922647667558425,0.06056642712648101,0.06744263087381565
2017-09-14,81.0,184505939.594923872780192,0.0,0.0,456.6342657,196.34937875021285,0.0001255441522501461,0.407700709801816,318.1934847924233,4.391126545249621,452552412.0,118.0,117.0,991061.0,404056.273156897566776,9313.59829059829,3797.16063388590299416196849464,1743.0,710.622337184565288,1089691.0,444267.794164650678856,0.07181261133228002,0.0797125079942239,0.07641521305911644
2017-09-15,160.0,245903865.626189528481672,0.0,0.0,191.90602825,258.6871168420031,0.00014688788106370545,0.543371019810606,462.4988041153209,33.94507972272037,452552412.0,214.0,214.0,2358198.0,1281376.452175331447988,12348.5327102804,6709.8348119496874298771539224,1982.0,1076.961361264621092,2642586.0,1435904.649757230067116,0.0745726359861552,0.09515115612973787,0.08219376235238389
2017-09-16,146.0,240356047.447738318064124,0.0,0.0,470.80113479,252.57928828380454,0.00014310927790765638,0.531112068070777,470.05202701420455,19.56756433984784,452552412.0,190.0,190.0,961239.0,510525.633200285612703,6493.36842105263,3448.70633085073819287568199351,1000.0,531.112068070777,1233740.0,655254.20286164041598,0.07456252437901559,0.09407079336388202,0.08186284845124182
2017-09-17,107.0,242539511.903792551100484,0.0,0.0,430.70121648,258.273908243567,0.000144385131209819,0.535936845042807,480.30788575603685,18.44657395312874,452552412.0,127.0,127.0,1050734.0,563127.064939208770338,12117.9133858268,6494.4362685020144267530878276,1294.0,693.502277485392258,1538975.0,824793.406099753902825,0.07451800587274411,0.09404332864565608,0.0810764022793265
2017-09-18,94.0,264123290.479397216536656,0.0,0.0,212.933976,279.195220271504,0.0001430316171829339,0.583630279003788,512.0865537934176,30.02208489218055,452552412.0,114.0,114.0,2125318.0,1240399.937311772704584,20089.5964912281,11724.8968052489764471486720428,998.0,582.463018445780424,2290214.0,1336638.235798381330632,0.07432334949374651,0.09511192588038583,0.07852599746940057
2017-09-19,221.0,252994567.409318323475016,0.0,0.0,215.69918096,265.4336700246285,0.00014240367592051412,0.559039264184318,508.35839554680445,15.443578292342726,452552412.0,249.0,249.0,2098072.0,1172904.627085720434896,9036.73493975904,5051.88965135161096957306673472,1200.0,670.8471170211816,2250147.0,1257920.523186550594746,0.07441682750879212,0.09469520454613167,0.07873483913690726
2017-09-20,135.0,255587205.729914354300472,0.0,0.0,214.69919596,266.36379057118177,0.00014496932875511406,0.564768188065506,567.9769057997229,22.27507265052421,452552412.0,181.0,181.0,2107844.0,1190443.236604748429064,13322.4640883978,7524.1039037721986617609862868,2278.0,1286.541932413222668,2411366.0,1361862.806582766941196,0.07392103688238474,0.09418520670528384,0.07749533331061188
2017-09-21,133.0,216501396.165493698355044,0.0,0.0,346.73961683,225.58456123070135,0.0001322556019871419,0.478400712104687,455.4772477213946,3.0905031936120997,452552412.0,160.0,160.0,1305165.0,624391.865414113808355,10482.94375,5015.04775495337793235625,1100.0,526.2407833151557,1677271.0,802407.640792540469177,0.07498129954178513,0.09932440651768033,0.08034571338345274
2017-09-22,110.0,208630998.309352176543648,0.0,0.0,357.54543817,216.50885406305807,0.00012737838047925171,0.461009582044504,443.3980143987478,-2.9729818975835838,452552412.0,136.0,136.0,1265720.0,583509.04818536960288,11404.5441176471,5257.6041170845962259239665384,1838.0,847.335611797798352,1551018.0,715034.159923502505072,0.07499476410524789,0.09946583754547253,0.08052080586181208
2017-09-23,95.0,220211082.60811873053048,0.0,0.0,772.93059972,229.26213035308223,0.00012887961864406787,0.48659796471954,468.23144117302616,-2.5892084422095536,452552412.0,124.0,124.0,585502.0,284904.08153922010908,5157.17741935484,2509.4720359556347778683415736,779.5,379.30311349888143,639490.0,311174.5324584986346,0.0747425389805993,0.09953832366297195,0.07730752097320508
2017-09-24,70.0,216867956.068017377519916,0.0,0.0,750.26013521,225.96167047855016,0.00013033019491525416,0.479210695418893,455.103222594515,-11.765245191205578,452552412.0,80.0,80.0,603194.0,289057.016212503744242,9951.8375,4769.0269690708175658875,769.5,368.7526301248381635,796147.0,381522.157525665405271,0.07476014358347009,0.0982726382993105,0.0770376674586648
2017-09-25,84.0,226808961.411884514688116,0.0,0.0,324.14497379,235.75707056693793,0.00012789250379894793,0.501177223671243,489.57069420048117,-16.91410179823408,452552412.0,90.0,90.0,1396142.0,699714.571410816544506,15808.2222222222,7922.7209245113695940616961946,1168.0,585.374997248011824,1422740.0,713044.88320602426582,0.07481140619016817,0.09656886986398272,0.07716233214090625
2017-09-26,110.0,223223083.171230716116452,0.0,0.0,304.15144652,232.34255833957224,0.00012679743395675044,0.493253548654671,482.54945300174415,-17.332260272418843,452552412.0,135.0,135.0,1487918.0,733920.833607160764978,12006.9259259259,5922.4588213967215629450348789,1200.0,591.9042583856052,1620935.0,799531.940888559137385,0.07483012085277885,0.09658175641559871,0.07673307117919188
2017-09-27,91.0,233437234.631065453232712,0.0,0.0,680.78178093,244.54561237160658,0.0001225878556399768,0.515823644822526,531.4414667806928,-18.4215866201334,452552412.0,103.0,103.0,664754.0,342895.831190353448604,7194.91262135922,3711.30605252910779219379378972,895.0,461.66216211616077,741076.0,382264.523410498277976,0.07471823061848099,0.09630696644469265,0.07681283769369654
2017-09-28,124.0,223212623.344247211619776,0.0,0.0,518.3152091,236.67751061774447,0.00011777878433664538,0.493230435692048,495.1318127139886,-22.170036811823525,452552412.0,164.0,162.0,873122.0,430650.344472312333856,6608.98148148148,3259.75081559178724114009527104,898.5,443.167546469305128,1070655.0,528079.63212586965144,0.07475756392450308,0.09653740217767044,0.07701999897285583
2017-09-29,88.0,220806970.835712495587964,0.0,0.0,374.60343155,233.59117439881058,0.00011742803945061353,0.487914692267097,480.56688291575745,-26.319172571263216,452552412.0,107.0,106.0,1208084.0,589441.933092803612148,12296.3490566038,5999.5693659616515870013051686,1598.5,779.9316355889545545,1303413.0,635954.352791933702061,0.0747607578026366,0.09603073606769957,0.07649476747214791
2017-09-30,74.0,218178528.01594259977554,0.0,0.0,607.7359683,231.02514207720333,0.00011122429105786067,0.482106651584795,426.9009619678622,-27.528794720945648,452552412.0,92.0,91.0,744653.0,359002.164422572351135,10293.7142857143,4962.6681266562909615235940685,412.0,198.62794045293554,936728.0,451602.79952572185076,0.0737535838210573,0.09599055689516389,0.07565801555226248
2017-10-01,76.0,206668089.650412726092172,0.0,0.0,512.47568089,219.31043132945143,0.00010421339772063114,0.456672164748981,412.8345891404098,-36.42092929701736,452552412.0,92.0,92.0,883071.0,403273.945197047400651,12379.4456521739,5653.3482443706158013304597959,1846.0,843.016816126618926,1138909.0,520108.038482097201729,0.07387598057042734,0.09484727691358441,0.07600548062321111
2017-10-02,88.0,201272668.026466618175724,0.0,0.0,512.34339901,215.91014121769246,0.00010138193804792529,0.444749961970077,400.2464977042215,-33.05843312024148,452552412.0,89.0,89.0,883299.0,392847.196658207044023,10003.1460674157,4448.8988330642578734281200089,317.0,140.985737944514409,890280.0,395951.99614272015156,0.07387937784989813,0.09413290098330866,0.07599446886065425
2017-10-03,85.0,206850907.172837017753884,0.0,0.0,379.66061182,221.37371945162963,0.00010613474371712444,0.457076134582257,436.58202564994565,-32.44135026345973,452552412.0,107.0,107.0,1191992.0,544831.095812973685944,12332.8317757009,5637.0430764906001435448789313,998.0,456.161982313092486,1319613.0,603163.609184495906541,0.07375787108906574,0.0942537485285859,0.07588427077929692
2017-10-04,86.0,201593067.28995535500984,0.0,0.0,601.44970735,216.4936544237402,0.00010564174547048517,0.44545794463682,414.07676481299296,-23.89229787604586,452552412.0,86.0,86.0,752436.0,335178.59403075029352,9744.16279069767,4340.6147289507641521625702094,999.5,445.23521566450159,837998.0,373292.86668976588636,0.07379325079937941,0.09096002756967855,0.07565716536101276
2017-10-05,103.0,198592919.284703427386916,0.0,0.0,286.9862903,212.72224277426434,0.00010159430157802457,0.438828551166143,429.0826877897209,-29.579458873093845,452552412.0,117.0,117.0,1576913.0,691994.447105056056559,17833.4358974359,7825.8208371860811526885927337,1609.0,706.075138826324087,2086512.0,915621.037950771363216,0.0736806986902603,0.08994646909597057,0.07556971855552769
2017-10-06,82.0,208527855.392452716827616,0.0,0.0,418.74696918,224.64801570146247,0.00010554066978375233,0.460781668295368,454.69210948135805,-31.57744865040898,452552412.0,92.0,92.0,1080730.0,497980.57237685305864,14757.4891304348,6799.9804613725067587246660064,657.0,302.733556070056776,1357689.0,625598.202446269884552,0.07366214177121559,0.08911086220228608,0.07574715777260398
2017-10-07,62.0,207401796.37389497168988,0.0,0.0,1777.8247916,223.7414841784521,0.00010324584424313262,0.45829342828449,450.0731983897774,-32.27197832153875,452552412.0,71.0,71.0,254554.0,116660.42534353006746,4781.21126760563,2191.1977031834163183207656787,844.0,386.79965347210956,339466.0,155575.03692602268234,0.07319726771134027,0.089061476791304,0.07574618365916891
2017-10-08,86.0,191110624.224240745341252,0.0,0.0,736.0442844,208.30572772615957,0.00009178850058445348,0.422295007510071,396.4919834508803,-31.19719331862457,452552412.0,96.0,96.0,614844.0,259645.551597522093924,7156.10416666667,3021.98706280535178271252503357,2002.5,845.6457525389171775,686986.0,290110.758029313636006,0.07323746345806738,0.08859114371840471,0.07609319372023336
2017-10-09,115.0,178872085.98880911058626,0.0,0.0,385.31987382,198.31825819240612,0.00008273129865575691,0.395251646540355,360.26911608444436,-36.336144485449516,452552412.0,153.0,153.0,1174485.0,464217.130086948842175,9965.59477124183,3938.91774208728573416655904965,3000.0,1185.754939621065,1524736.0,602654.41453935472128,0.07336089921081633,0.08900141673309814,0.07625497633579258
2017-10-10,120.0,178645344.297446148589896,0.0,0.0,94.77563227,198.6202860516153,0.00008326178667445948,0.394750617962558,360.58472897538974,-35.745073411391594,452552412.0,162.0,162.0,4774987.0,1884929.069013180936746,31375.9382716049,12385.6710218711082460627693342,4825.0,1904.67173166934235,5082902.0,2006478.705543121983316,0.07325720321729168,0.08903366624166861,0.07621329762079536
2017-10-11,88.0,179968908.13289470849104,0.0,0.0,260.09671144,199.51952988427792,0.00008259148451198123,0.39767528215692,371.84937279524144,-35.56440063798562,452552412.0,113.0,113.0,1739939.0,691930.73276082922788,17265.6725663717,6866.131209460858853434447164,2442.0,971.12303902719864,1951021.0,775872.82666907621532,0.07324396421712076,0.0890561467396774,0.07598915902138333
2017-10-12,120.0,171306063.95848909100436,0.0,0.0,290.1663355,190.28840433995114,0.00007018100175336072,0.37853309233603,357.9501331487124,-36.15905792908161,452552412.0,161.0,161.0,1559631.0,590371.94533313480493,11544.5031055901,4369.976460041922416160641303,2000.0,757.06618467206,1858665.0,703566.21006674719995,0.07335072610077055,0.08916339303487526,0.07581746499827491
2017-10-13,117.0,174641689.001526619066428,0.0,0.0,254.34966922,193.80621529035173,0.00006873859234365861,0.385903785662569,367.6617819897139,-28.008825729236946,452552412.0,123.0,123.0,1779253.0,686620.468351482880957,15550.243902439,6000.897989927490383810105791,1064.0,410.601627944973416,1912680.0,738110.45276108247492,0.07328897580937313,0.08786058187251632,0.07567542587305129
2017-10-14,137.0,176587461.568580430800796,0.0,0.0,124.9191672,193.39123587146943,0.00006744227206312098,0.390203337527633,375.0294967082295,-4.291719845837042,452552412.0,153.0,152.0,3622762.0,1413613.823468282782346,24206.5986842105,9445.4955967709465939845387465,1719.0,670.759537210001127,3679403.0,1435715.330709185443099,0.0732880866027526,0.0725453364467016,0.0755786793290613
2017-10-15,81.0,179152496.92406897888694,0.0,0.0,1482.56318428,196.77898081357975,0.00006957480771478662,0.395871267445745,346.15007996809675,-27.14531084419492,452552412.0,84.0,84.0,305250.0,120839.70438781366125,4078.75,1614.65993209433241875,850.0,336.49057732888325,342615.0,135631.434295923923175,0.07328818280434252,0.048077864196991636,0.07543906294201479
2017-10-16,94.0,183950010.033326560747308,0.0,0.0,442.40799664,201.915062927725,0.00007061531794272369,0.406472278471309,353.5298901023306,-23.467700527350527,452552412.0,102.0,102.0,1022930.0,415792.68781665611537,10726.8725490196,4360.1763258713350528546786564,1806.5,734.2921710584197085,1094141.0,444737.985238876500569,0.07328330609994702,0.04848373891340622,0.07457420393746773
2017-10-17,125.0,182556339.723647881795752,0.0,0.0,361.14571041,199.97050621058904,0.00007215789976621858,0.403392700785446,329.7147779607016,-24.731299122898392,452552412.0,173.0,173.0,1253102.0,505492.200139643953492,8807.42196531792,3552.84973354665646015509899232,1288.0,519.569798611654448,1523684.0,614643.003903571503064,0.07326643381750048,0.04836623354917539,0.0745319772975245
2017-10-18,88.0,177989296.339335988014768,0.0,0.0,746.22710379,195.2546719518399,0.00007043518673290472,0.393300956131764,333.1709518946351,-32.61128315633341,452552412.0,94.0,94.0,606454.0,238518.938049932804856,7751.28723404255,3048.5886804008712707841825582,994.5,391.137800873039298,728621.0,286567.335957682017444,0.0732020429063998,0.0449947762102888,0.0745895614157793
2017-10-19,103.0,167981209.348001063131884,0.0,0.0,307.51988421,184.91991523299183,0.00006502555113968442,0.371186198313757,311.1898332494358,-33.60283935416475,452552412.0,148.0,148.0,1471620.0,546245.03316249107634,12868.3108108108,4776.5393685846807444059641756,3728.0,1383.782147313686096,1904510.0,706927.82655053334407,0.07334157402056499,0.04541378959765804,0.07421423372779327
2017-10-20,108.0,164780831.82552577722318,0.0,0.0,338.06298673,180.95713309805672,0.00006067679573348917,0.364114359919765,312.54066714738076,-35.52852876381694,452552412.0,127.0,127.0,1338663.0,487426.421393272374195,12105.3149606299,4407.7190085169112894978599735,1272.0,463.15346581794108,1537375.0,559780.314081648716875,0.07330316698480338,0.04519827499546996,0.07402772282130327
2017-10-21,88.0,154638218.932397712725148,0.0,0.0,535.67465528,169.74922366497296,0.000056665101402688526,0.341702341722129,292.907193197354,-28.574031543800192,452552412.0,121.0,121.0,844827.0,288679.364250081076683,8301.61983471074,2836.68293760753334546217196546,500.0,170.8511708610645,1004496.0,343238.635450511691984,0.07346615002447521,0.03638036462001448,0.07441538755651686
2017-10-22,76.0,152632763.7490903843245,0.0,0.0,738.60784384,167.65261026748033,0.00005624370718877841,0.337270909847875,282.94390463176285,-26.84080266788983,452552412.0,91.0,91.0,612710.0,206649.25917289149125,8078.98901098901,2724.80797438724719940239685375,1000.0,337.270909847875,735188.0,247957.5256692395255,0.07346944638199729,0.03605565696949898,0.07432625528301788
2017-10-23,97.0,151519151.632933440499572,0.0,0.0,639.51627363,166.40168381317827,0.00005686072647574506,0.334810173617931,283.6009750462132,-31.193675704972335,452552412.0,114.0,114.0,707648.0,236927.749740381636288,8035.01754385965,2690.20561888277093011418738415,811.5,271.6984558909510065,915992.0,306683.440552635852552,0.07341156541279632,0.033953468945377936,0.07396460487173105
2017-10-24,112.0,163220459.339650753549548,0.0,0.0,366.86785613,178.84960182160384,0.00006536446288720057,0.360666422300829,300.66037871158284,-24.737401366728832,452552412.0,189.0,189.0,1233557.0,444902.589894143718753,8477.01058201058,3057.37307842002407112042077082,1100.0,396.7330645309119,1602155.0,577843.511821384686495,0.07359453751126897,0.037462371278153224,0.07378263123902694
2017-10-25,63.0,161868927.97560597603036,0.0,0.0,437.98163884,177.0999503262851,0.0000623568424897722,0.35767995857153,299.64359778368464,-28.632040388539842,452552412.0,98.0,98.0,1033268.0,369579.25543328766004,12686.4795918367,4537.699494826711679981029151,6290.0,2249.8069394149237,1243275.0,444694.55049301896075,0.07355565902066223,0.036035914286871244,0.07230878663557869
2017-10-26,80.0,156179917.912104089822052,0.0,0.0,778.64239763,172.22703602199977,0.00005848990385739333,0.345109016703471,287.29359672409,-30.034154311764855,452552412.0,89.0,89.0,581207.0,200579.776271174269497,7594.75280898876,2621.01767401603527195229198596,988.0,340.967708503029348,675933.0,233270.572987427263443,0.07356737558926395,0.036306080281240445,0.07239284010638787
2017-10-27,74.0,158226452.432485451570556,0.0,0.0,122.11930632,172.16326021786972,0.00006057424634716533,0.349631221129113,322.38974698280157,-32.21884559995172,452552412.0,74.0,74.0,3705822.0,1295671.071147131795886,50376.1081081081,17613.0601935700454491522611153,2130.0,744.71450100501069,3727832.0,1303366.454324183573016,0.07354010281207708,0.035039184299932434,0.07191716728808917
2017-10-28,48.0,158148466.598058547406016,0.0,0.0,614.26339278,172.13055701226634,0.00006064479894798366,0.349458896703568,376.49787323140737,-29.148959306770113,452552412.0,44.0,44.0,736740.0,257460.34755738668832,16751.2045454545,5853.857458910322867868331656,628.0,219.460187129840704,737053.0,257569.728192054905104,0.07350563860144332,0.03458214378673109,0.07191020130827608
2017-10-29,83.0,161847616.886011144103496,0.0,0.0,562.21602,176.44646401771723,0.0000579187971946231,0.357632867695358,386.3751640687876,-26.70176295909109,452552412.0,103.0,103.0,804944.0,287874.431054172249952,9347.8932038835,3343.113853414803961460522793,500.0,178.816433847679,962833.0,344340.726901724629214,0.07350216182078717,0.03515513672350161,0.07169571330155317
2017-10-30,77.0,161900971.820499247086816,0.0,0.0,683.00313315,176.5084244530707,0.000058463111046171884,0.357750765496968,362.41747124644155,-25.794268898601736,452552412.0,80.0,80.0,662592.0,237042.795212167021056,9093.45,3253.1886985084036596,1262.0,451.481466057173616,727476.0,260255.095880672292768,0.0734964693236137,0.0352073174349639,0.07168289963217865
2017-10-31,89.0,175544504.939064947129652,0.0,0.0,345.21083036,191.16974466340733,0.000060340335184102894,0.387898727935771,431.8043464626049,-15.059695361772851,452552412.0,108.0,108.0,1310945.0,508513.897893759313595,15886.9351851852,6162.5219491313815644163397892,834.5,323.7014884624008995,1715789.0,665552.370506188588319,0.073660869058828,0.037890129157425054,0.071771387420221
2017-11-01,122.0,169241437.991919259353816,0.0,0.0,223.21976931,184.20585530763324,0.000055597385447106866,0.373970911444218,411.5078293109363,-15.91434661676734,452552412.0,168.0,168.0,2027385.0,758183.01629833590993,17881.8928571429,6687.3077701335818513962047522,3043.0,1137.993483524755374,3004158.0,1123467.705382439058444,0.07369583747094555,0.038127756252399274,0.07130664944211035
2017-11-02,112.0,149825527.453014498339228,0.0,0.0,161.35691403,162.13921303422148,0.00004700145207481,0.331067791221969,353.86682167302223,-27.568348864998793,452552412.0,235.0,235.0,2804667.0,928534.908803146129323,14685.1319148936,4861.7741868670681980546174984,3838.0,1270.638182709917022,3451006.0,1142516.933913762350814,0.07419351754377894,0.04306904747504295,0.07266168325590286
2017-11-03,99.0,145433125.121941500858144,0.0,0.0,656.59912628,158.100087570206,0.00004464208533021624,0.321361948949112,336.34780904511734,-27.858072166359705,452552412.0,120.0,120.0,689237.0,221494.545607839107544,7001.075,2249.8791067389042954,905.0,290.83256379894636,840129.0,269985.492808668515448,0.0741720803773611,0.04312335161373063,0.07058050833958049
2017-11-04,82.0,149363058.998318828953212,0.0,0.0,543.42242267,163.01586963327438,0.000044477591174751616,0.330045879853401,323.2814602390985,-24.789333105984767,452552412.0,99.0,99.0,832782.0,274856.267916074991582,9542.30303030303,3149.39779946413812107700610503,930.0,306.94266826366293,944688.0,311790.382146949683888,0.07382672223605892,0.043653892318260154,0.07010368075534576
2017-11-05,76.0,146285824.151527805605224,0.0,0.0,607.24994197,160.48198869931363,0.00004385294418468728,0.323246148451702,312.00757898311014,-29.848305457217894,452552412.0,97.0,97.0,745249.0,240898.868887482463798,9822.13402061856,3174.96699174137967868832478912,545.0,176.16915090617759,952747.0,307971.798198913725394,0.07295638281169141,0.04227599706641689,0.0691501126016511
2017-11-06,70.0,159020906.091706874067216,0.0,0.0,29.99751311,165.11751663258258,0.00005030400058445343,0.351386716488668,352.1606215798782,-23.327131745266627,452552412.0,76.0,76.0,15086331.0,5301136.313951203197108,201499.210526316,70804.145961901027027729787088,1210.0,425.17792695128828,15313940.0,5381115.09310447243192,0.07294273701661881,0.045715166232795354,0.07021629220763696
2017-11-07,110.0,171363995.382995004170568,0.0,0.0,21.33284491,164.18816714115096,0.000053196168614845126,0.378661102756414,366.0868393705795,-10.332564671065022,452552412.0,126.0,126.0,21213880.0,8032871.19454223582632,172814.722222222,65438.213289209946703643831908,1188.0,449.849390074619832,21774655.0,8245214.87444046388717,0.07291982359694343,0.0460351527705898,0.07013671430951714
2017-11-08,141.0,201383422.718899919205864,0.0,0.0,12.15996937,164.73059644034265,0.000059721109585038024,0.444994695374422,453.97247262395643,12.585159168714116,452552412.0,262.0,262.0,37216575.0,16561178.45500432944465,144772.591603053,64423.035298966174097033310366,4565.0,2031.40078438423643,37930419.0,16878835.248329188342818,0.07388948968064936,0.053518475213849157,0.07343804807212591
2017-11-09,154.0,210144231.995529178610484,0.0,0.0,627.0427268,172.64598464794278,0.00006523889392168318,0.464353357585307,504.44960735222713,17.6320786986965,452552412.0,194.0,194.0,721725.0,335135.427003255694575,5762.39690721649,2675.78835160516590382909211243,1206.0,560.010149247880242,1117905.0,519102.940211402621835,0.07394389476149661,0.053967961161856606,0.07369669154921887
2017-11-10,95.0,187523362.51629625317972,0.0,0.0,337.03877545,154.35876863478055,0.00006258803126826408,0.41436827546131,442.89218860255676,4.197644171860563,452552412.0,115.0,115.0,1342731.0,556385.12887844023761,17683.452173913,7327.46158150688313242280603,2118.0,877.63200742705458,2033597.0,842658.08187329363207,0.07426403229008273,0.058191999937324254,0.07501998109967144
2017-11-11,41.0,182377660.6875209980383,0.0,0.0,929.0463484,152.36405260455646,0.000063497016364699,0.402997875719025,433.6954571277404,6.463050094779356,452552412.0,32.0,32.0,487115.0,196306.310230872862875,17869.40625,7201.33275911026857890625,2555.0,1029.659572462108875,571821.0,230442.648291528594525,0.07392240228336135,0.05767598733622736,0.0749441784781974
2017-11-12,54.0,176095953.303765453990564,0.0,0.0,2670.87117564,147.7549958293896,0.00006675428492109864,0.389117257215647,414.97276632826043,0.8327131457289791,452552412.0,41.0,41.0,169440.0,65932.02806261922768,4737.80487804878,1843.56163936925419433304526066,3706.0,1442.068555241187782,194250.0,75586.02721413942975,0.07396633606077664,0.057969719142266604,0.07401454800459124
2017-11-13,96.0,182132404.345091822630112,0.0,0.0,267.56970315,153.02687987823575,0.0000617316236119228,0.402455935523976,406.91208631790977,3.14005463766064,452552412.0,111.0,111.0,1691344.0,680691.431812863663744,17521.2972972973,7051.5500953774971171241500648,2500.0,1006.13983880994,1944864.0,782722.060586902059264,0.07400592651757429,0.05826155224398866,0.06524439105449506
2017-11-14,99.0,185462121.857724382325928,0.0,0.0,304.5932129,155.77909487294488,0.00006216479076563412,0.409813575046694,416.76794621390087,3.5219296643851075,452552412.0,111.0,111.0,1485760.0,608884.61726137607744,14151.7927927928,5799.5967977344554149266670032,1796.0,736.025180783862424,1570849.0,643755.244548524223206,0.07381636832191725,0.05829473908369771,0.053304374937948894
2017-11-15,55.0,181432918.904046434141712,0.0,0.0,445.35283802,153.29862293472559,0.0000552417904734073,0.400910290373276,399.6602682869113,-1.36835607066512,452552412.0,70.0,70.0,1016166.0,407391.406127450379816,16107.3714285714,6457.6109565787694370774179064,1150.0,461.0468339292674,1127516.0,452032.766960514662416,0.07368803977274076,0.058240792824806445,0.053299565403764765
2017-11-16,141.0,175948669.400022837155916,0.0,0.0,324.90805772,150.42842634746853,0.00004963064523670363,0.388791805621893,421.47411155284004,-3.6195238870518844,452552412.0,175.0,175.0,1392863.0,541533.720753926749659,12520.2057142857,4867.7533864146798809627768301,2000.0,777.583611243786,2191036.0,851856.842622569951148,0.07371950222181747,0.05849049296008069,0.053372891402253694
2017-11-17,98.0,173345458.1770156430289,0.0,0.0,640.0942732,148.6845377759826,0.00004955852893045009,0.383039518916575,422.6056683198056,-2.60905473409305,452552412.0,125.0,125.0,707009.0,270812.387229688774175,6932.68,2655.490412002561171,2260.0,865.6693127514595,866585.0,331936.301500320146375,0.07371023414960644,0.0583731466090601,0.052040869444640724
2017-11-18,113.0,177980572.972990495200948,0.0,0.0,252.30415493,152.68884866551443,0.0000504456002337815,0.393281680206779,471.79620168631084,5.952667958398902,452552412.0,128.0,128.0,1793678.0,705420.697589934943162,14711.3125,5785.6896980469904874375,3165.0,1244.736517854455535,1883048.0,740568.281350014782392,0.07365590504725703,0.057557883775730664,0.051998114147012255
2017-11-19,76.0,176904315.303538497444744,0.0,0.0,505.32501979,179.7966764429031,0.00004875129105786099,0.390903485679662,470.37482419562264,7.357338437791952,452552412.0,107.0,107.0,895567.0,350080.261959677858354,11632.1962616822,4547.0660648015057180744474164,954.0,372.921925338397548,1244645.0,486536.06893376290999,0.07311203319019383,0.057441007283570614,0.05195536368934048
2017-11-20,92.0,176699985.288451071644496,0.0,0.0,521.49871398,180.56915780650723,0.00004721377469316191,0.390451979932108,458.0448007502505,14.26669713888646,452552412.0,114.0,114.0,867792.0,338831.104569243865536,9935.98245614035,3879.5240225706890944807193578,1566.0,611.447800573681128,1132702.0,442265.738573058595816,0.07263781995289029,0.05608652989871863,0.04753007090647314
2017-11-21,62.0,186081627.2742866485488,0.0,0.0,470.77028031,190.6727716558344,0.00005081346843950899,0.4111824892324,460.58962095697893,21.91460254246729,452552412.0,86.0,86.0,961302.0,395270.5492640845848,16783.7093023256,6901.16736948322773827886944,5350.5,2200.0319086379562,1443399.0,593500.3937755569276,0.07221129065603994,0.05663408586451605,0.04784545930535445
2017-11-22,37.0,192080385.079844125881588,0.0,0.0,1376.45130208,197.22258750643897,0.00005144952659263589,0.424437877219499,492.68115126978483,26.76970733387773,452552412.0,43.0,43.0,328782.0,139547.534147981320218,11879.3023255814,5042.0258619184271878505917186,3970.0,1685.01837256141103,510810.0,216807.11206249228419,0.07215154517859204,0.0567515894749208,0.04748905701755635
2017-11-23,313.0,210127285.828325426852304,0.0,0.0,471.09273779,216.89035010811907,0.00005752414582115719,0.464315911829292,544.3912852275611,28.738325255576402,452552412.0,574.0,574.0,960644.0,446042.294803338384048,2318.70905923345,1076.6135111048191715727762174,106.0,49.217486653904952,1330939.0,617976.155374166065188,0.07180103466508829,0.05743964226574981,0.04891744270021657
2017-11-24,77.0,207191358.363465469234644,0.0,0.0,366.98477413,214.02473740688717,0.00005561284482758619,0.457828425767987,555.0639284757303,27.99946287078004,452552412.0,101.0,101.0,1233164.0,564577.532833753920868,13274.9504950495,6077.6496872964722878790803565,2323.0,1063.535433059033801,1340770.0,613842.61841694392999,0.07154896149950056,0.057507042082827385,0.04858183326225999
2017-11-25,78.0,216923053.16340271070328,0.0,0.0,656.91174306,226.2040366119894,0.0000547172819988311,0.47933244285394,589.49409329644,38.89305108066712,452552412.0,92.0,92.0,688909.0,330216.43387406495146,8938.1847826087,4284.361946527740814706273278,1270.0,608.7522024245038,822313.0,394161.29908055196322,0.07160082168515376,0.05728479781811632,0.04892523632722184
2017-11-26,96.0,207454253.32649418677484,0.0,0.0,282.8668261,216.70972044125267,0.000049186061952074804,0.45840934182557,550.2513088503966,31.11224459450865,452552412.0,134.0,134.0,1599878.0,733399.02098120928046,14608.2537313433,6696.559978206009230750388181,1091.5,500.353796602609655,1957506.0,897339.03707960422842,0.0714919766277572,0.05817313680785,0.04888568852403177
2017-11-27,123.0,224201875.753710455693976,0.0,0.0,466.87039322,240.99122473988052,0.000050912567504383455,0.495416375669898,610.0484544600608,41.76670857235032,452552412.0,128.0,128.0,969332.0,480222.946260853568136,10279.3671875,5092.566836211322832671875,3340.5,1654.938402925294269,1315759.0,651848.555035049322582,0.0711127467930582,0.05946659886620984,0.049617506370993304
2017-11-28,140.0,251094686.496905023975332,0.0,0.0,293.42126004,268.9196600402944,0.00005586289479836348,0.554841118594911,674.5567223714783,55.14265290279211,452552412.0,185.0,185.0,1542330.0,855748.10244248908263,9897.93513513513,5491.78140215824709945371532343,2000.0,1109.682237189822,1831118.0,1015979.559399276240498,0.07159480241287393,0.0622790437668236,0.05169869315118229
2017-11-29,128.0,207489094.70186485703154,0.0,0.0,221.02174553,222.32385016011173,0.00004678418790181182,0.458486330422795,546.8763999837525,28.158029175951764,452552412.0,160.0,160.0,2047547.0,938772.310398202633865,14305.19375,6558.73578842460189153125,2957.5,1355.9733222254162125,2288831.0,1049397.726147936302645,0.07301647196762935,0.07269329120746872,0.057367167175345124
2017-11-30,69.0,212986830.984816796182444,0.0,0.0,713.40335489,232.02278999174624,0.00004707892723553471,0.470634616758637,567.5073792253015,21.32924984393492,452552412.0,78.0,78.0,634357.0,298550.363583158691409,8933.97435897436,4204.63759856738757821499154732,592.0,278.615693121113104,696850.0,327961.73268825619345,0.07285540267834284,0.0714839428990239,0.05703727167958155
2017-12-01,134.0,222458937.639899581496616,0.0,0.0,337.17186323,244.67286183518584,0.00004547755756867311,0.491565024826118,606.0586465822286,31.444721977912582,452552412.0,135.0,135.0,1342201.0,659779.067886640405718,10048.1777777778,4939.3327587905914530894405804,498.0,244.799382363406764,1356504.0,666809.922436728371472,0.07287948107718757,0.07131740349186164,0.0571918374258738
2017-12-02,97.0,227610794.667146423938548,0.0,0.0,283.54277272,250.58476370024752,0.00004599501285797771,0.502949025641579,670.6162025299161,51.917232354496775,452552412.0,124.0,124.0,1596064.0,802738.833661601145056,13015.3548387097,6546.0600345084542151070306163,2022.5,1017.2144043600935275,1613904.0,811711.444279046914416,0.07131059771963738,0.06691159270129257,0.057160904953438056
2017-12-03,120.0,241803982.879467880874652,0.0,0.0,424.73124149,271.6632631725203,0.00004764707393337247,0.534311554789521,658.7493924426567,66.26472316861935,452552412.0,184.0,184.0,1065503.0,569310.564562898994063,8181.30434782609,4371.36544629322625964386240289,1041.5,556.4854843132861215,1505360.0,804331.24211795333256,0.07143449810006723,0.06690808785382786,0.05754468621082432
2017-12-04,106.0,262383580.957941499797624,0.0,0.0,161.27054785,292.0168135888387,0.000050145270309760485,0.579786062344402,837.4853068173131,75.6683230228264,452552412.0,164.0,164.0,2806169.0,1626977.674782928215938,20447.8841463415,11855.398232481862187941305283,3540.0,2052.44266069918308,3353453.0,1944285.310127021920106,0.0716691986641836,0.06792976465741381,0.05837880693039763
2017-12-05,180.0,282843774.867119486983404,0.0,0.0,310.40622634,313.9357356833681,0.00005325124137931015,0.624996723842717,932.6740848580066,93.35009151272259,452552412.0,202.0,202.0,1457936.0,911205.223572355452112,9252.31188118812,5782.66461371362085810996892204,2000.0,1249.993447685434,1868967.0,1168098.251970151263339,0.07185089450985135,0.06825785402817496,0.058812647127620306
2017-12-06,183.0,244930616.60654296554156,0.0,0.0,135.52260959,270.8037774426854,0.000038680340444184666,0.54122044234413,779.749454090028,54.02416111582979,452552412.0,250.0,250.0,3339313.0,1807304.45898550378269,14523.672,7860.50818430105524536,3627.0,1963.00654438215951,3630918.0,1965127.04607526381134,0.07263948434207033,0.07360931199919792,0.06187026872911933
2017-12-07,146.0,223327521.974900813196012,0.0,0.0,312.98167627,248.99523842320397,0.000028973451490356503,0.493484325910301,658.7010419694749,30.323479839372553,452552412.0,219.0,219.0,1445939.0,713548.232722414717639,8331.63926940639,4111.53338859080507841665622339,1341.0,661.762481045713641,1824629.0,900425.812101386603329,0.07293502044076548,0.07518944604673024,0.06212864241617271
2017-12-08,74.0,234228054.58231154283282,0.0,0.0,326.95589966,260.8562013280586,0.00003175577586206903,0.517571110818235,713.7966737469206,16.30950125882887,452552412.0,85.0,85.0,1384139.0,716390.359756840974665,21872.2235294118,11320.431028182401792686264173,1910.0,988.56082166282885,1859139.0,962236.637395502599665,0.0730133951190439,0.06991172822885842,0.06172960225042057
2017-12-09,197.0,220776069.018109417743372,0.0,0.0,376.99506173,247.06567929587627,0.00003241499649327875,0.487846408866581,625.7084118743976,5.059304707828682,452552412.0,205.0,205.0,1200420.0,585620.58613162116402,7628.82926829268,3721.69696239285072683977892708,929.0,453.209313837053749,1563910.0,762947.87729053469171,0.07250091474141852,0.07049247124729228,0.062271018631646205
2017-12-10,139.0,202885871.410945320458328,0.0,0.0,190.55897507,226.1892226704019,0.000028970252191700695,0.448314639434394,584.1351915857625,8.192317313696856,452552412.0,168.0,168.0,2374868.0,1064688.091124280409992,14216.9464285714,6373.6652119830827036174447316,1581.0,708.785444945776914,2388447.0,1070775.755613160046118,0.0725536394597182,0.06902050120227385,0.06329612991045346
2017-12-11,111.0,204402451.14410186699712,0.0,0.0,222.39638978,229.34407473219403,0.00002676776412661686,0.45166580869776,580.284153654613,12.0764738255511,452552412.0,131.0,131.0,2034891.0,919090.68912679354416,15644.0916030534,7065.901285234950535093740384,2887.0,1303.95918971043312,2049376.0,925633.06836578059776,0.07214849383000001,0.06878395332557999,0.06293914266654076
2017-12-12,81.0,253602839.407560820864596,0.0,0.0,783.28789117,284.65582477325484,0.000032143259281427675,0.560383356011283,718.7945864517043,44.01400750538316,452552412.0,67.0,67.0,577760.0,323767.08776907886608,8693.50746268657,4871.69688744943371743041256931,1270.0,711.68686213432941,582465.0,326403.691459111952595,0.07387541878493527,0.07845341366771044,0.06865103974616027
2017-12-13,90.0,240940036.685966552041224,0.0,0.0,495.5367569,270.16565176711265,0.000032237213687722224,0.532402502554702,634.4874430266643,32.28839620952355,452552412.0,76.0,76.0,913257.0,486220.312275599484414,12300.8289473684,6548.9921150762568944999462168,2373.5,1263.657339813585197,934863.0,497723.400745796375826,0.07390963365087902,0.07917798872375936,0.06904626306422323
2017-12-14,109.0,230379526.185288656565792,0.0,0.0,257.95384045,259.5798713909723,0.000030661347195379756,0.509067060690616,566.7350431299641,24.219179570274875,452552412.0,138.0,138.0,1754393.0,893103.687806191876088,14914.9637681159,7592.7167657417955699351303944,1643.0,836.397180714682088,2058265.0,1047794.91367237074124,0.07373852417170396,0.07976864976746616,0.06933482734946557
2017-12-15,54.0,232115946.00170561618514,0.0,0.0,452.01857806,261.5266099792009,0.00002897435008415904,0.512904008125595,557.6196830857511,27.934857358748477,452552412.0,67.0,67.0,1001181.0,513509.747759191327695,15049.552238806,7718.97566377911904788083957,2494.0,1279.18259626523393,1008320.0,517171.3694731999504,0.07364392270193364,0.07957796520750492,0.06927498850078452
2017-12-16,48.0,214083624.868577336871336,0.0,0.0,624.92997038,241.87732350077926,0.000024085835672989528,0.473058189928678,409.9365571988095,21.67390955475423,452552412.0,45.0,45.0,724165.0,342572.18410970110387,16092.5555555556,7612.7152024378233330306634968,1029.0,486.776877436609662,724165.0,342572.18410970110387,0.07305695812742438,0.08093952084004791,0.07012133611048914
2017-12-17,103.0,282025570.167054186641064,0.0,0.0,120.54306338,314.3027783948966,0.000032372654907865576,0.623188746074022,584.0787843749855,62.69567898286517,452552412.0,100.0,100.0,3754280.0,2339625.04561077931416,39166.12,24407.88521138467453464,2905.0,1810.36330734503391,3916612.0,2440788.521138467453464,0.07587226894490214,0.09452637076530514,0.07836526775837065
2017-12-18,205.0,344726647.415450826342336,0.0,0.0,188.05802071,381.0647016155814,0.00004012947057911871,0.761738614742928,705.928159815556,93.68779505376969,452552412.0,226.0,226.0,2406451.0,1833086.651186733828528,12660.8849557522,9644.2849676142580938578704416,1746.5,1330.376490648523752,2861360.0,2179608.40268082446208,0.07687945507263166,0.10035394035886316,0.08173916297178369
2017-12-19,54.0,321130586.603487825472464,0.0,0.0,309.62956993,355.650995635616,0.00004019631539408275,0.709598663244972,644.3071848930493,81.52784235504993,452552412.0,42.0,42.0,1461593.0,1037144.439008208360396,34799.8333333333,24693.9152144811277847112251676,5000.0,3547.99331622486,1461593.0,1037144.439008208360396,0.0768007588603741,0.10166959359567325,0.08234354971961404
2017-12-20,194.0,346828500.001447423845132,0.0,0.0,263.1424654,380.8605015335703,0.000046578364925329904,0.766383054879061,717.0393669001522,96.28100106249175,452552412.0,178.0,177.0,1719800.0,1318025.5777810091078,10811.0,8285.367206297528471,1714.0,1313.580556062710554,1913547.0,1466509.995514662539367,0.07698781604095856,0.10211217701994184,0.08218246608087156
2017-12-21,109.0,365611601.989611670592328,0.0,0.0,490.01875607,400.6916747985461,0.000051675608375378974,0.807887865128894,655.8048556655219,96.47915129777729,452552412.0,106.0,106.0,923541.0,746117.566849003893654,11155.9622641509,9012.7665370433732389039661046,3020.5,2440.225296621824327,1182532.0,955353.252926601279608,0.07684010140769466,0.10212231029210944,0.08226158027231893
2017-12-22,77.0,308847379.824048612464112,0.0,0.0,790.90315398,338.04630153773905,0.000047705161132016046,0.682456598693476,578.836133008871,60.7906917177757,452552412.0,59.0,59.0,572197.0,390499.618402610886772,9698.25423728814,6618.63760004425532560535017464,1828.0,1247.530662411674128,572197.0,390499.618402610886772,0.07770328471052723,0.10789320773602973,0.08556203666169115
2017-12-23,143.0,401032073.240664018929412,0.0,0.0,233.8546156,431.46459003302266,0.00005943025396693864,0.886156084039751,749.5653244384614,90.85197415451715,452552412.0,138.0,138.0,1935187.0,1714877.733804633618437,14023.0942028986,12426.6502449611568427418222486,2474.5,2192.7932299563638495,1935187.0,1714877.733804633618437,0.07997981475247774,0.11616573859244245,0.09109535794333164
2017-12-24,61.0,372065098.108571956645908,0.0,0.0,875.92767321,401.6194854782973,0.00005861455524541246,0.822148083277859,693.5826349818707,79.5755870550724,452552412.0,46.0,46.0,516655.0,424766.917965922241645,11231.6304347826,9234.0634340417807127340584534,2542.5,2090.3115017339565075,516655.0,424766.917965922241645,0.08015596713754353,0.11733584685437164,0.09178812746858966
2017-12-25,120.0,402690821.199753189021204,0.0,0.0,338.91745601,432.32257475160196,0.00006319331365795245,0.889821400840867,800.1292790637225,85.63763294278192,452552412.0,142.0,142.0,1335288.0,1188167.838685999614696,9403.43661971831,8367.37914567605374994667617477,912.5,811.9620282672911375,1335288.0,1188167.838685999614696,0.0802396987131772,0.11774913089356946,0.09193294628908685
2017-12-26,208.0,392048463.336274957096872,0.0,0.0,193.33460015,412.6041647703883,0.00005508342902518976,0.866305101775206,735.9294302972113,88.9806822708349,452552412.0,215.0,215.0,2340773.0,2027823.591997654274238,11005.3395348837,9533.9817858381219912327535422,2068.0,1791.518950471126008,2366148.0,2049806.083955200126488,0.0801741048974017,0.11745278225034492,0.09209671044297284
2017-12-27,128.0,416222245.303489304860596,0.0,0.0,472.39291441,435.75017181342565,0.00005976487120301692,0.919721637244283,810.0022795667312,85.6461922560882,452552412.0,105.0,105.0,958000.0,881093.328480023114,9383.4,8630.1160109180051022,2260.0,2078.57090017207958,985257.0,906162.181146390535731,0.08025843736127067,0.11720260647558024,0.0922525121326586
2017-12-28,123.0,409549811.358124160511372,0.0,0.0,222.96154814,422.63207764360084,0.00006333186334653498,0.904977634630581,774.9990555516716,63.10572599996943,452552412.0,113.0,112.0,2029733.0,1836862.969271633064873,18122.6160714286,16400.5622256396067928699180166,1325.5,1199.5478547028351155,2029733.0,1836862.969271633064873,0.0801589403378803,0.11605075188358996,0.09234138841674303
2017-12-29,110.0,398894090.225356122614724,0.0,0.0,255.39709338,406.03593679994736,0.00006048910006606087,0.881431806898327,758.2329955847318,92.24821950209751,452552412.0,111.0,111.0,1771956.0,1561858.378824331917612,15963.5675675676,14070.7962056246404573558994052,2100.0,1851.0067944864867,1771956.0,1561858.378824331917612,0.08016649400098307,0.10964080666187033,0.09247977602220962
2017-12-30,193.0,360947317.111286457994572,0.0,0.0,194.24250847,361.46168300036544,0.0000615953932615487,0.797581247034181,676.5043660157952,69.4693119956404,452552412.0,248.0,248.0,2329832.0,1858230.311940139987592,10506.0725806452,8379.4464703026147474434335812,1524.0,1215.513820480091844,2605506.0,2078102.724635040800586,0.08047712290348058,0.11186294228416988,0.09324071079253285
2017-12-31,130.0,414133238.860276885701492,0.0,0.0,205.72331532,407.37916097623116,0.00006573335169265298,0.915105583086091,816.3323444523655,86.16165448503838,452552412.0,179.0,179.0,2199811.0,2013059.327834196928801,14217.0055865922,13010.0611870566683922079090902,2090.0,1912.57066864993019,2544844.0,2328800.952483140164804,0.08106320250841657,0.11390999417100552,0.09440328582363777
2018-01-01,220.0,492629516.26331121377712,0.0,0.0,101.75307826,462.85879438412366,0.00008084559470749973,1.08855792876276,1033.8404677528954,116.43504078254419,452552412.0,381.0,381.0,4447555.0,4841421.2588584570518,13880.501312336,15109.72975874524818080540736,2689.0,2927.13227044306164,5288471.0,5756807.03808192213996,0.08204897246005274,0.11728129925787215,0.09485206428579057
2018-01-02,162.0,492794603.1077380035036,0.0,0.0,248.98062467,455.20105971507417,0.00007380364236300048,1.0889227193153,1011.0267847189949,103.79920844950743,452552412.0,213.0,213.0,1817621.0,1979248.8020045949013,9722.90610328638,10587.493353637932039633415614,1500.0,1633.38407897295,2070979.0,2255136.0843248806787,0.08202918820752812,0.11718083272728863,0.09466477197299453
2018-01-03,196.0,522974648.67034373232324,0.0,0.0,104.19573821,462.5367114585198,0.00007698795452314469,1.15561122823127,1079.2161762655555,99.3168348267087,452552412.0,233.0,233.0,4343291.0,5019155.84707582090957,19282.1845493562,22282.708970063535712143208374,1995.0,2305.44440032138365,4492749.0,5191871.19002481006123,0.08190562874381656,0.11687153572938788,0.09479636587596585
2018-01-04,165.0,482072434.42536052280796,0.0,0.0,250.89530811,420.47968042973594,0.00007068406114835767,1.06523006317633,908.027559647841,70.4377035173707,452552412.0,188.0,188.0,1803750.0,1921408.7264543052375,11113.7553191489,11838.706280743256328806225537,1830.0,1949.3710156126839,2089386.0,2225676.78077973943338,0.08215890673676818,0.11795447998441227,0.09556828980243784
2018-01-05,187.0,463055376.86670265277664,0.0,0.0,222.44262972,396.34438663741224,0.000060198540583285115,1.02320828392072,904.4215545537995,89.05573475551066,452552412.0,239.0,239.0,2034468.0,2081684.51097161937696,9754.3179916318,9980.698973034578107454630896,1550.0,1585.972840077116,2331282.0,2385387.05455526396304,0.08207338275052674,0.11452270583244159,0.0955075294450758
2018-01-06,162.0,459275805.83132336435256,0.0,0.0,409.45742724,389.91275916581685,0.00005933588508876395,1.01485660810338,1003.4497151071948,105.6512344604532,452552412.0,178.0,177.0,1105249.0,1121669.25124965264162,7118.93785310734,7224.7011229032731275569568092,1378.0,1398.47240596645764,1260052.0,1278772.09875388017576,0.07972952730128269,0.11266076096197665,0.09526939138653893
2018-01-07,196.0,522770543.83837354631196,0.0,0.0,179.28491313,433.7861341290547,0.00007116694960753803,1.15516022006833,1172.3124354345389,123.18869734481932,452552412.0,250.0,250.0,2524208.0,2915864.66877823913264,11094.868,12816.35016050907233044,1500.0,1732.740330102495,2773717.0,3204087.54012726808261,0.07991841413705977,0.114232236902036,0.09453211008001276
2018-01-08,142.0,469208932.49419071207,0.0,0.0,459.49212151,392.46719025111264,0.00006940998296664866,1.0368057269225,996.6899859940522,112.527079851079,452552412.0,146.0,146.0,984897.0,1021146.8500287894825,8385.65068493151,8694.290654108574242675577975,1675.0,1736.6495925951875,1224305.0,1269366.4354998513625,0.08011815102772148,0.11583984825886638,0.09580406883686284
2018-01-09,193.0,494634892.02374083435404,0.0,0.0,211.6366631,407.50355868917603,0.00007601506633616304,1.09298918513717,1058.2190182259276,143.79957489590686,452552412.0,244.0,244.0,2138346.0,2337189.05208132692082,10147.643442623,11091.26453741505928327959691,1630.5,1782.118866366155685,2476025.0,2706268.54712926134925,0.08002544097203984,0.11405734302974754,0.09445788044036703
2018-01-10,108.0,470989666.72353306598524,0.0,0.0,433.10968513,386.26588957632345,0.00007094787191770858,1.04074059541977,1012.6738442692053,130.42270975091662,452552412.0,131.0,131.0,1044891.0,1087460.48148875889507,9286.62595419847,9664.9686250132053926835417519,1000.0,1040.74059541977,1216548.0,1266110.88987673035396,0.0796049703714429,0.11489931249046953,0.09466417622112468
2018-01-11,96.0,369287766.132007270192788,0.0,0.0,274.31924395,301.04918990743846,0.00006188111081433045,0.816011043892099,869.5021892061584,45.61657392902103,452552412.0,123.0,123.0,1649729.0,1346197.083429068591171,16569.3333333333,13520.7589899294584969652035967,1830.0,1493.30021032254117,2038028.0,1663053.355761326740772,0.08174302616829991,0.11948608894902728,0.10021384631224618
2018-01-12,207.0,416517443.665879246569684,0.0,0.0,146.70791907,335.2231889974073,0.00006674481989210185,0.920373933761907,948.4784620039164,72.8718271130483,452552412.0,256.0,256.0,3084717.0,2839093.119832228475319,15490.23828125,14256.81154182334363440234375,1546.0,1422.898101595908222,3965501.0,3649743.754706775970407,0.0820550520522462,0.12043198679100604,0.10114687225983175
2018-01-13,119.0,468516858.44228660068128,0.0,0.0,256.29298399,371.4034465659585,0.00007274682635804697,1.03527645863544,1059.275000436319,103.36740256400641,452552412.0,157.0,157.0,1765762.0,1828051.83015303180528,12828.0063694268,13280.533005493045361662965792,1390.0,1439.0342775032616,2013997.0,2085043.68186240025368,0.08165446743749859,0.12114892636247931,0.1020313314892967
2018-01-14,111.0,419937798.991977580534272,0.0,0.0,723.06231676,332.41072194736853,0.00006782599332506628,0.927931854646656,830.8157935466384,80.9172554602913,452552412.0,113.0,113.0,625883.0,580776.772981812997248,7578.9203539823,7032.7216202900862426089781888,1239.0,1149.707567907206784,856418.0,794697.543092779838208,0.08195594655316304,0.1235454109924192,0.10319380849146931
2018-01-15,107.0,448060161.696355179024144,0.0,0.0,308.24503357,351.7385375008891,0.00007284400051718964,0.990073524779612,812.7774439696942,109.2921221655381,452552412.0,147.0,147.0,1468158.0,1453584.365993385594696,12218.6326530612,12097.3446988035643115871482544,2103.0,2082.124622611524036,1796139.0,1778309.670724127518068,0.08183131541020804,0.12231057263788545,0.10322958075395701
2018-01-16,122.0,306259100.506505178298188,0.0,0.0,249.80123755,238.36796547472304,0.00005920172623177179,0.676737306852549,498.67604895545236,8.592671340083303,452552412.0,184.0,184.0,1811650.0,1226011.14195942039585,11964.2445652174,8096.6506455904693201559291526,2240.0,1515.89156734970976,2201421.0,1489783.718788645272129,0.08574878657206288,0.13398366701124076,0.11515964464132972
2018-01-17,104.0,310181035.495602541588032,0.0,0.0,310.79292257,240.48091909287726,0.0000614182439411955,0.685403562705136,486.8206646270462,-10.021160875972344,452552412.0,136.0,136.0,1456122.0,998031.206533328042592,12806.1617647059,8777.3888981077154245334595024,3000.0,2056.210688115408,1741638.0,1193724.890142647652768,0.08573642838192748,0.12869526028179296,0.1151391624217474
2018-01-18,100.0,296949781.49547818851536,0.0,0.0,254.81124305,228.8861227667291,0.00005834646013688342,0.65616660882028,461.14652345214404,-7.529897841175311,452552412.0,151.0,151.0,1776030.0,1165371.5822630818884,13759.7748344371,9028.704791243221597548864388,2718.0,1783.46084277352104,2077726.0,1363334.42347772508328,0.08540908771859401,0.12829814655680286,0.1153255918399823
2018-01-19,85.0,316785826.252260110752656,0.0,0.0,200.81399545,241.50978246489876,0.00006118727777967832,0.699998094921788,479.68127170320577,-8.662112181975223,452552412.0,92.0,92.0,2253590.0,1577508.70673479221892,26873.347826087,18811.292282431473024091083556,1094.0,765.797915844436072,2472348.0,1730638.889983692718224,0.08545056090289092,0.12805408804742185,0.11554373448955693
2018-01-20,75.0,340806722.421255534387372,0.0,0.0,525.14840194,258.85284545065826,0.000058979710057242996,0.753076800353581,542.728749082498,-6.784489177414263,452552412.0,100.0,100.0,861761.0,648972.216549502316141,9379.12,7063.19767973227862872,2390.0,1799.85355284505859,937912.0,706319.767973227862872,0.08560796496522194,0.12841301954173184,0.1157081071012612
2018-01-21,104.0,301464541.789874401522896,0.0,0.0,655.41616931,228.54112649470284,0.000058319018676449244,0.666142824115308,458.59277966752006,-2.3904486540828747,452552412.0,112.0,112.0,690481.0,459958.963337961983148,6929.17857142857,4615.82258237070305679596554956,2486.5,1656.364132162713342,776068.0,516972.129225518848944,0.08509129329694619,0.12661788300487176,0.11692892905494891
2018-01-22,96.0,318028030.182536719259292,0.0,0.0,217.15775199,239.04492623124878,0.0000654484524814484,0.702742979044241,483.26690157094026,-20.697607148322923,452552412.0,153.0,153.0,2083980.0,1464502.31346861735918,14545.1176470588,10221.4793058430622499887283708,4986.0,3503.876493514585626,2225403.0,1563886.333793991054123,0.08506602429209043,0.11712002917378246,0.11658928456564514
2018-01-23,166.0,300416629.655970022769496,0.0,0.0,197.00251829,223.64934050761212,0.00006118566568387774,0.663827264400858,440.64885907218843,-19.256971109849776,452552412.0,298.0,298.0,2297191.0,1524938.017336271389878,9846.59395973154,6536.43753195460033421662566132,1590.0,1055.48535039736422,2934285.0,1947858.38452247161653,0.0851725875990211,0.11680931615166128,0.11685135167428547
2018-01-24,61.0,296857244.507007729260352,0.0,0.0,546.14599779,220.37430872165305,0.00005843294118003997,0.655962130872496,451.178240825704,-26.28159648075195,452552412.0,84.0,84.0,828629.0,543549.244542745487984,10821.9761904762,7098.8065621561848045917225952,7027.5,4609.77387470646564,909046.0,596299.751221118998816,0.08504818280970092,0.11566885140274859,0.11675671146546716
2018-01-25,79.0,286557723.955114444439256,0.0,0.0,553.17087517,214.10169791487561,0.000056889213394926096,0.633203395577338,403.32266941845967,-26.907576293871887,452552412.0,96.0,95.0,818106.0,518027.497142193681828,9938.50526315789,6293.09527959482112065759989682,1263.0,799.735888614177894,944158.0,597844.051561508291404,0.08508254741664834,0.11572156957465474,0.11669543365939641
2018-01-26,50.0,294694283.091502131366048,0.0,0.0,1037.83570842,220.13252030589763,0.00005900769669128068,0.651182659239704,428.19332364799425,-29.197853690730735,452552412.0,57.0,57.0,436054.0,283950.803292109888016,7801.45614035088,5080.17295541560347405658733952,1056.0,687.648888157127424,444683.0,289569.858458689293832,0.08507940894481208,0.11519964100709074,0.11634996938424547
2018-01-27,44.0,312030503.025354566086608,0.0,0.0,1442.98681853,233.22109885569918,0.000060903818234950176,0.689490310407084,461.9478482475928,-23.811342510299788,452552412.0,50.0,50.0,313622.0,216239.330130490498248,9274.94,6394.98125960707967496,1386.0,955.633570224218424,463747.0,319749.062980353983748,0.08501949947148948,0.11587340507577559,0.11568477064150219
2018-01-28,77.0,313764850.300716133546656,0.0,0.0,327.100055,233.11924109430996,0.000059687081833203984,0.693322678171288,453.4874124582989,-21.341313900275143,452552412.0,77.0,77.0,1383529.0,959232.031607643915352,18783.0,13022.679864091302504,1739.0,1205.688137339869832,1446291.0,1002746.349535030292808,0.08474112004875561,0.11585558810119928,0.11283525083945015
2018-01-29,63.0,294407030.062988819371512,0.0,0.0,655.97098118,218.8447373506609,0.00005843653676389364,0.650547919437426,386.75181819900945,-18.43490279435492,452552412.0,86.0,86.0,689897.0,448811.057976121885122,9435.70930232558,6138.38105504427250674708915708,2780.0,1808.52321603604428,811471.0,527900.770733807513646,0.08487171849994445,0.11504904565448616,0.11317086446294089
2018-01-30,93.0,259155676.643005015989336,0.0,0.0,435.01479071,192.8997789067168,0.0000574979378751615,0.572653398305178,314.63144733206957,-37.42215008961385,452552412.0,99.0,99.0,1040315.0,595739.92005785125107,15153.2222222222,8677.5442008290839923689265516,890.0,509.66152449160842,1500169.0,859076.875882080575082,0.08539459991854491,0.11375755944603129,0.11434269664624334
2018-01-31,77.0,259482961.502677399003764,0.0,0.0,436.32252311,193.67812043679368,0.00005705185378997086,0.573376595996747,294.7164895478309,-47.32695607220106,452552412.0,94.0,94.0,1037197.0,594704.485238037998159,12120.2872340426,6949.4890367581740126172594222,1630.5,934.8905397726959835,1139307.0,653251.969455265834329,0.08535034180400196,0.10808417573829669,0.11431154389078593
2018-02-01,81.0,215778260.835469415336292,0.0,0.0,178.62742871,159.74997106999524,0.00005274446068583566,0.476802808058991,251.12930898997888,-56.21334741194506,452552412.0,121.0,121.0,2533499.0,1207979.437414645639509,21795.7438016529,10392.2718483624504839465062239,1398.0,666.570325666469418,2637285.0,1257464.893651856079435,0.08638126096418676,0.11199853247250727,0.11654559579729817
2018-02-02,83.0,193778569.184216595487116,0.0,0.0,180.3896731,142.52545659529315,0.00004873509725845596,0.428190335629493,193.9978111700419,-62.9468522658037,452552412.0,168.0,168.0,2508749.0,1074222.076320154934257,17425.9107142857,7461.6065573995719819773481501,4208.0,1801.824932328906544,2927553.0,1253549.901643129120629,0.08672231019307126,0.11167605829095262,0.11680542413048167
2018-02-03,53.0,215119452.20304897343284,0.0,0.0,699.23797604,158.13555881815589,0.00005205232413346829,0.47534704599707,213.26908667266932,-55.37611428467686,452552412.0,76.0,76.0,647208.0,307648.41094567168056,11676.4868421053,5550.383528018410669496431471,1828.5,869.172073605642495,887413.0,421829.14812939787991,0.08705336861469251,0.114034356191699,0.1172081212911274
2018-02-04,49.0,177977776.719324558911376,0.0,0.0,370.83000745,136.19571237200503,0.000047666713449364664,0.393275501356348,158.16720511138678,-61.56447249924535,452552412.0,69.0,69.0,1220377.0,479944.376518755903196,19588.6811594203,7703.7484038806667058674050644,4088.0,1607.710249544750624,1351619.0,531558.639867765727412,0.088209540204323,0.11783114797722304,0.11827048679510421
2018-02-05,96.0,147041414.858974081811508,0.0,0.0,447.81630674,120.40989792501621,0.00004743612671468959,0.324915768781659,119.20499976686617,-67.98407122865568,452552412.0,126.0,125.0,1010576.0,328352.077952293825584,10093.48,3279.53081388229948332,1320.0,428.88881479178988,1261685.0,409941.351735287435415,0.08921456244176425,0.12123944586897366,0.12016999565956847
2018-02-06,70.0,172991231.043201611921556,0.0,0.0,501.28203901,166.17871108633503,0.00004939583590812075,0.382256787183363,155.26205367414107,-66.90876464212457,452552412.0,91.0,91.0,902790.0,345097.60490126828277,12014.2857142857,4592.5422574458271534744688091,4655.0,1779.405344338554765,1093300.0,417921.3454275707679,0.08994986434671957,0.1229507646004333,0.12195671598224272
2018-02-07,75.0,176922155.445135164621856,0.0,0.0,358.34836137,169.6676512696955,0.000051273921679477106,0.390942906840888,148.31481484066194,-62.293523589872045,452552412.0,115.0,115.0,1262884.0,493715.541962848000992,13006.652173913,5084.858409137903344395354744,2890.0,1129.82500077016632,1495765.0,584758.71705086083932,0.08995205110065549,0.12265286789458904,0.12179818019370783
2018-02-08,67.0,182558917.281495127151688,0.0,0.0,489.46862518,175.41610690886233,0.00004908370479750277,0.403398396386174,151.58367701554826,-63.09218774790095,452552412.0,84.0,84.0,924579.0,372973.685932332370746,12629.9047619048,5094.8833274624990662246242352,1998.0,805.989995979575652,1060912.0,427970.199506848630688,0.08991676693719011,0.12220101038210304,0.1214130786309149
2018-02-09,65.0,198613663.6124491461,0.0,0.0,544.32900366,190.4998451674725,0.00005067568243440915,0.438874389675,190.88721794841766,-57.83056876934973,452552412.0,68.0,68.0,831395.0,364877.973203846625,13442.0441176471,5899.3689081167949095336925,1936.0,849.6608184108,914059.0,401157.085751940825,0.09000867171893825,0.12401731667058377,0.12191606630971619
2018-02-10,76.0,186177518.154213184126788,0.0,0.0,392.54282081,177.79798406818438,0.00004822746272032631,0.411394378236599,157.77402457164314,-49.58470460468454,452552412.0,91.0,91.0,1152874.0,474285.882415140835526,15747.2417582418,6478.3267320732933373586516382,1273.0,523.705043495190527,1432999.0,589527.732618668130401,0.09009172522700447,0.11748102891106792,0.11882429663555771
2018-02-11,57.0,179094489.226380904897968,0.0,0.0,414.3751964,171.48590853539318,0.00004887691237263111,0.395743088485364,135.8566074332533,-57.001923460846356,452552412.0,62.0,62.0,1092132.0,432203.690713697556048,18973.5,7508.631489377053854,14036.5,5554.847861524811786,1176357.0,465535.152341377338948,0.09010876785731047,0.11434393910951214,0.1187534072528844
2018-02-12,54.0,197758841.641310520467052,0.0,0.0,489.94872861,189.77173644909513,0.000049057215898698104,0.436985499132221,140.31503185788767,-57.79045341104387,452552412.0,78.0,78.0,923673.0,403631.706939955967733,16783.8846153846,7334.3141960314445156461671966,14481.0,6327.987012933692301,1309143.0,572076.507290453196603,0.09036742363352097,0.11357761047407751,0.11938662569461991
2018-02-13,44.0,184404771.3492443875689,0.0,0.0,881.00922178,177.3315369179648,0.00004780370016876807,0.407477159461575,113.89969916402936,-56.08759873679121,452552412.0,52.0,52.0,513675.0,209310.829886424538125,14450.4615384615,5888.2330206010330354938668625,1741.0,709.417734622602075,751424.0,306188.1170712545328,0.09026368293445648,0.11283552800635914,0.11969414511011223
2018-02-14,81.0,218887295.082213339626148,0.0,0.0,402.92172293,210.48755026167993,0.00005108877435784223,0.483672806238879,134.97922599711382,-51.147789115304,452552412.0,107.0,107.0,1123177.0,543250.171492965398583,12245.1495327103,5922.6458373006886613261037537,6355.0,3073.740683648076045,1310231.0,633723.104591172671049,0.09115859446981821,0.11742615366491155,0.12136197260601382
2018-02-15,89.0,228294730.304365701878304,0.0,0.0,93.31079536,214.54625887954438,0.00004991329110932226,0.504460310564792,159.58710675471173,-25.456997056805314,452552412.0,106.0,106.0,4849947.0,2446605.769842781266024,47560.0377358491,23992.1514066996639321266848872,1567.0,790.489306655029064,5041364.0,2543168.049110162056288,0.09120932026760711,0.09668661480762068,0.1160111722161039
2018-02-16,92.0,220124147.886313638351696,0.0,0.0,169.06338227,205.5869861764542,0.000047736849359116085,0.486405866037708,135.52259618867748,-29.033653674344524,452552412.0,104.0,104.0,2676821.0,1302021.436732923566268,27784.3557692308,13514.4736302324959152189550064,3904.0,1898.928501011212032,2889573.0,1405505.257544178018684,0.09107591126327498,0.09670849647620597,0.11293272043848923
2018-02-17,52.0,236441176.204276463952792,0.0,0.0,704.34638311,220.85941013673371,0.000047129744499877724,0.522461420897866,161.894995627691,-20.376713189170385,452552412.0,76.0,76.0,642514.0,335688.777386771475124,11246.1447368421,5875.6767588335808720714689586,4550.5,2377.460695795739233,854707.0,446551.433671352355262,0.09116150817988793,0.09766702067296572,0.11307350808465022
2018-02-18,90.0,200797275.863519022089064,0.0,0.0,53.2839683,181.11752687500007,0.00004245078345996499,0.443699493228022,120.27157034556211,-36.61418560323406,452552412.0,256.0,256.0,8493219.0,3768436.966174607782818,40545.16015625,17989.8670141771142903984375,23682.5,10507.913248372631015,10379561.0,4605405.955629341258342,0.09197756406819083,0.10067833224820694,0.1143670633278485
2018-02-19,58.0,208932221.165781069966984,0.0,0.0,445.77616846,188.31660915985717,0.0000414454122828957,0.461675190819182,140.7751005936713,-38.6948063461232,452552412.0,83.0,83.0,1015201.0,468693.115394824385582,17712.5060240964,8177.4245985606161581473371448,2568.0,1185.581890023659376,1470138.0,678726.241680530587116,0.09200876055979644,0.09985009415394949,0.11425997051286613
2018-02-20,60.0,198083296.418886141706248,0.0,0.0,478.1218927,178.04825734194273,0.00003892095655997387,0.437702443223054,124.86994800638938,-34.29300333537954,452552412.0,92.0,92.0,946521.0,414294.554261928295134,15811.2391304348,6920.6179977752677452164038792,5179.5,2267.079804673808193,1454634.0,636696.855795323932236,0.09201615765711912,0.09809036552334993,0.11248886943787913
2018-02-21,51.0,192297839.7373640367306,0.0,0.0,529.70748551,172.9913954775832,0.00004062758059630005,0.42491838434255,132.96314322457252,-39.53431097661676,452552412.0,77.0,77.0,854344.0,363026.4721527515372,15530.4935064935,6599.192208821682077153348425,6211.0,2639.16808515157805,1195848.0,508137.8000792697324,0.09182306058022333,0.09728909771123453,0.1068431114137184
2018-02-22,59.0,179428209.872207470959252,0.0,0.0,4.73337717,117.54072643927631,0.00004013708521602869,0.396480507261571,118.34357016944512,-40.273542753713606,452552412.0,73.0,73.0,95608779.0,37907017.196579436931809,1310970.89041096,519774.40363529082593240521816,2413.0,956.707464022170823,95700875.0,37943531.465376198574625,0.09161417447652342,0.09749007796748944,0.10678889521312011
2018-02-23,104.0,169814537.89339709206914,0.0,0.0,393.540947,111.16100138213179,0.00003693620045337859,0.375237283882595,98.25082258718435,-42.795892289774194,452552412.0,168.0,168.0,1149950.0,431504.11460079012025,7971.2380952381,2991.1057320386147687489708695,1714.0,643.15670457476783,1339168.0,502505.76298248698096,0.09169637111954276,0.09772779568090458,0.10624900882690537
2018-02-24,258.0,161102364.34389946465968,0.0,0.0,137.56349971,105.12331604013963,0.00003675035885447106,0.35598609149364,98.15496626635769,-43.780135422511215,452552412.0,451.0,451.0,3289771.0,1171112.72019912355644,9528.022172949,3391.84337301285331781354436,923.0,328.57516244862972,4297138.0,1529721.36122879720232,0.0916589153007817,0.09788127118360743,0.10635267222203854
2018-02-25,173.0,156076618.981599142664604,0.0,0.0,163.12539159,101.49320850487588,0.00003591300518715318,0.344880758212817,107.4749133746423,-47.03778527894361,452552412.0,204.0,204.0,2774261.0,956789.237160247903237,14071.0147058824,4852.8222205884203075209747208,991.0,341.776831388901647,2870487.0,989975.733000034431879,0.09168257053996247,0.09749474938885476,0.10591922014363726
2018-02-26,235.0,161209524.488234910560184,0.0,0.0,135.37144074,104.57780550136653,0.00003454327474199923,0.356222882065282,100.51078864167965,-48.335331666232776,452552412.0,295.0,295.0,3343042.0,1190868.056105284467844,13740.2711864407,4894.5990023924578596906217774,1392.0,495.862251834872544,4053380.0,1443906.70570577275316,0.09165321117491072,0.09691081872163192,0.10610571729926441
2018-02-27,183.0,160638822.954925894684872,0.0,0.0,387.73013681,104.6030160471039,0.00003331689830508479,0.354961809274206,94.041457314044,-48.8027984011059,452552412.0,207.0,207.0,1167184.0,414305.744395904855904,6051.3768115942,2148.0076616434532359077992052,700.0,248.4732664919442,1252635.0,444637.58596019503281,0.09165123874575398,0.0968358775741789,0.10610715543581688
2018-02-28,177.0,176974171.525125844415988,0.0,0.0,189.06081372,114.71097343265068,0.00003794090413729906,0.391057846190699,119.22618150101287,-39.88792608408095,452552412.0,288.0,288.0,2393687.0,936070.082674675717213,10070.3402777778,3938.0855794352319552507486822,1536.0,600.664851748913664,2900258.0,1134168.646877344300342,0.0917619148605548,0.09888480237269903,0.10648247095491585
2018-03-01,279.0,178263453.348572600630544,0.0,0.0,162.29329259,115.18280049682657,0.00003606005757528354,0.393906757806812,133.32007627738076,-31.213757052238517,452552412.0,338.0,338.0,2788485.0,1098403.08554292815982,8715.7573964497,3433.1957378662422971672753564,1987.5,782.88968114103885,2945926.0,1160420.159398790447912,0.09159451736731597,0.09672634375764974,0.10469935958803679
2018-03-02,153.0,182151401.771026133413812,0.0,0.0,103.29072664,116.88871444817109,0.000036544014644512255,0.402497913923451,144.3302794756804,-29.802172475533933,452552412.0,218.0,218.0,4381346.0,1763482.625176856345046,21290.5366972477,8569.3966069528794976601858127,2348.5,945.2663508492246735,4641337.0,1868128.460315728293987,0.09159925718100854,0.09689675547936702,0.10188384862622218
2018-03-03,122.0,182919965.784653051243796,0.0,0.0,243.90295026,117.23090272451657,0.000035376116014026905,0.404196201222883,140.40070782672808,-15.227806046629855,452552412.0,162.0,162.0,1855461.0,749970.287717211714063,12672.6296296296,5122.2287558008350668903341368,2063.5,834.0588612234190705,2052966.0,829801.058439737220978,0.09097990323009855,0.09126395341457055,0.10189598289989986
2018-03-04,111.0,181978215.488548990862364,0.0,0.0,545.21956491,117.71133686136034,0.00003508068113472097,0.402115226133297,135.14123820120503,-6.089607197197098,452552412.0,130.0,130.0,830037.0,333770.515954003441989,7051.35384615385,2835.45674639204893715086974345,704.5,283.2901768109077365,916676.0,368609.377030966160772,0.09085069172058284,0.08920822941123044,0.10141995890872738
2018-03-05,517.0,179216942.73016402579464,0.0,0.0,144.31492535,115.65039936641155,0.00003431463997662178,0.39601367262222,134.43008060032048,-16.689569030232075,452552412.0,604.0,604.0,3135867.0,1241846.20752482316474,5682.25,2250.248691257609595,733.0,290.27802203208726,3432079.0,1359150.20951959619538,0.09065716320031865,0.08692517669097011,0.10107311804710792
2018-03-06,677.0,164623887.945651187739556,0.0,0.0,235.5068989,107.08430992164786,0.00003407009108047997,0.363767562784863,120.53511441915603,-7.503121468211608,452552412.0,796.0,796.0,1921610.0,699019.38632302058943,2769.1243718593,1007.3176237994222298972057759,523.0,190.250435336483349,2204223.0,801824.828544339076449,0.09086080827434911,0.08122393542598044,0.10141519063491126
2018-03-07,365.0,154888142.747466883812408,0.0,0.0,164.64899336,100.58626652666172,0.000034560401519579224,0.342254595579234,117.43937948966348,5.33640668244284,452552412.0,442.0,442.0,2748589.0,940717.216608531200826,6904.30542986425,2363.0302626536982400907389845,711.5,243.514144754624991,3051703.0,1044459.376092935135502,0.09068987338010095,0.0739737982700752,0.10156412771468487
2018-03-08,412.0,133251577.124540056285896,0.0,0.0,67.63441355,85.75935656246371,0.000031557289888953834,0.294444518670558,112.11476524636606,-22.97206261786602,452552412.0,486.0,486.0,6691156.0,1970174.207769616185048,13850.829218107,4078.300742313616826261393706,643.0,189.327825505168794,6731503.0,1982054.160764417188674,0.09134393877244887,0.07257232379797146,0.10109761524067666
2018-03-09,1250.0,139168826.932739587722024,0.0,0.0,50.78545758,88.20849436685972,0.0000331445555230859,0.307519799348102,100.0029112753223,-21.338948995623767,452552412.0,1341.0,1341.0,8911063.0,2740328.305738295852426,6792.40566741238,2088.79922793356594534920430276,748.0,230.024809912380296,9108616.0,2801079.764658911446832,0.09141144733822357,0.07298295916799197,0.10082275197796643
2018-03-10,198.0,129163771.03549339212936,0.0,0.0,399.79929484,82.29687533858882,0.00003248276066627702,0.28541173930478,90.43233536871512,-29.248172064731058,452552412.0,215.0,215.0,1131949.0,323071.53289430641622,5437.5488372093,1551.940271182590354577350454,653.0,186.37386576602134,1169073.0,333667.15830425706894,0.09156110401218566,0.07357411719565309,0.10059980535795053
2018-03-11,130.0,146050248.026574013038852,0.0,0.0,298.46662771,93.34009880293245,0.00003392278316773819,0.322725598524871,102.8167685049742,-26.465155835623204,452552412.0,138.0,138.0,1516258.0,489335.270568123852718,10987.9565217391,3546.0948450435107750035231561,490.0,158.13554327718679,1516338.0,489361.088616005842398,0.09200970738064508,0.0756156424709202,0.10226221159172903
2018-03-12,145.0,144337272.64737446953716,0.0,0.0,408.9948676,92.22625939159177,0.00003486491963763881,0.31894045600043,86.41672766718806,-22.47330715418708,452552412.0,151.0,151.0,1106499.0,352907.29562401979457,7387.64238410596,2356.2180307548587209429255628,931.0,296.93356453640033,1115534.0,355788.92264398367962,0.0917215616168141,0.07491660169029433,0.09795370377348915
2018-03-13,132.0,147657011.054712467286732,0.0,0.0,288.06811242,94.32980032191377,0.00003561754441846876,0.326276044805861,76.72954190520738,-17.553570915256085,452552412.0,139.0,139.0,1570991.0,512576.729905604378251,11498.2805755396,3751.6135082551197362273175956,735.0,239.812892932307835,1598261.0,521474.277647460207721,0.0894657239891223,0.07490061729148888,0.0964556395248969
2018-03-14,128.0,129516806.598121010332524,0.0,0.0,345.57276118,83.04657873192936,0.0000348075175336061,0.286191838036477,63.86842480173649,-34.50770366412492,452552412.0,134.0,134.0,1309572.0,374788.817721105257844,10084.0671641791,2885.9777165997009081335610307,998.0,285.619454360404046,1351265.0,386721.014024360093405,0.087337829859301,0.07550257274228245,0.09590170244279536
2018-03-15,484.0,131687352.940893953771568,0.0,0.0,94.6075375,83.91318523641331,0.00003519198568088836,0.290988069998164,56.583929050917426,-28.587881985173176,452552412.0,493.0,493.0,4783471.0,1391932.994182187547244,9790.30223123732,2848.86115096646646387584828048,826.0,240.356145818483464,4826619.0,1404488.547426468327516,0.08733871933247474,0.07494795010372307,0.09531957709085559
2018-03-16,213.0,131930067.61733753391996,0.0,0.0,285.69055689,83.99694425388883,0.00003480096901705739,0.29152439390233,56.028649185645506,-39.72694140709033,452552412.0,256.0,256.0,1584065.0,461793.58902689437145,6299.640625,1836.49891500562035015625,488.0,142.26390422433704,1612708.0,470143.72224143880964,0.08733466304961611,0.066630930683711,0.09472211734376802
2018-03-17,115.0,122892623.202552674303508,0.0,0.0,768.9852134,79.46844183394543,0.00003445395867791023,0.271554454122659,61.46778476055871,-46.169312345181815,452552412.0,165.0,165.0,588506.0,159811.425577909557454,3712.72727272727,1008.20762785176231030603421093,894.0,242.769681985657146,612600.0,166354.2585955409034,0.08722505762798538,0.06637772803115084,0.08240464581160983
2018-03-18,83.0,125062755.543139639207788,0.0,0.0,1608.97798889,81.9047590874916,0.0000337463923625199,0.276349771268349,83.00233915491543,-43.185353926853075,452552412.0,108.0,108.0,281267.0,77728.071115334718183,2829.40740740741,781.90608986201010557348106609,350.0,96.72241994392215,305576.0,84445.857705097014024,0.08719135167572628,0.06666506779516615,0.08243442395622332
2018-03-19,110.0,132811657.818868053293112,0.0,0.0,668.50390937,87.5135409500871,0.00003437646677166399,0.293472433904226,77.93355131507607,-43.82887957547476,452552412.0,144.0,144.0,676963.0,198669.979273106545638,5053.20138888889,1482.97531060543779403881544914,423.0,124.138839541487598,727661.0,213548.444727182995386,0.08731578762641115,0.06616323540457364,0.08291358549885498
2018-03-20,118.0,151773597.885225047484636,0.0,0.0,349.97209209,100.65987140149642,0.00003770115698341607,0.335372420653953,95.36206913825642,-24.41451347757085,452552412.0,157.0,157.0,1293110.0,433673.43087183316383,9392.73885350318,3150.06556586979670576056507054,766.0,256.895274220927998,1474660.0,494560.29384155833098,0.08705775020878602,0.06605562341341986,0.08447255052487487
2018-03-21,132.0,135601839.93977947589562,0.0,0.0,317.31164879,90.14613592109488,0.000033744545015473115,0.299637868110135,67.57243894468832,-35.097689009784794,452552412.0,170.0,170.0,1426208.0,427345.92460161941808,8570.56470588235,2568.06573697055355671215261725,1083.0,324.507811163276205,1456996.0,436571.17528499425446,0.08740973376487969,0.06798482749084774,0.08469502111984922
2018-03-22,89.0,140357614.471910091092928,0.0,0.0,850.22453097,93.46332611405181,0.000035605393179374985,0.310146649868944,91.69477625405187,-29.142125050717915,452552412.0,105.0,105.0,532274.0,165082.997912342298656,5371.89523809524,1666.07531154217196462219022656,1000.0,310.146649868944,564049.0,174937.907711927994256,0.08735137537666016,0.0681414147748235,0.08374488344564338
2018-03-23,81.0,137546146.920272083114524,0.0,0.0,529.67090705,92.5880572774543,0.00003464922152056455,0.303934181484977,87.29134673581459,-28.472338998644275,452552412.0,81.0,81.0,854403.0,259682.276463308803731,11321.0987654321,3440.8688867821889405730635617,713.0,216.705071398788601,917009.0,278710.379829357273793,0.0873561896432429,0.06807657867173349,0.08329633942366893
2018-03-24,63.0,130211774.8949358790995,0.0,0.0,1387.86126061,87.86848195376763,0.00003341399203556189,0.287727501704125,97.44200896357894,-27.429597058525296,452552412.0,65.0,65.0,326079.0,93821.896028179375875,5451.49230769231,1568.54426225156345437115777875,498.0,143.28829584865425,354347.0,101955.377046351581375,0.08737009336630204,0.06770089022029323,0.08327780582033004
2018-03-25,62.0,128565758.49197097387708,0.0,0.0,856.97375029,87.43834314547082,0.000033657553971689254,0.28409031768009,101.73464186370805,-24.29048767739807,452552412.0,66.0,66.0,528082.0,150022.98314113728738,9273.68181818182,2634.5632137913478751642139638,1134.5,322.300465408062105,612063.0,173881.17211022892567,0.08736777978027574,0.06718312081084338,0.08327754116815272
2018-03-26,63.0,121462812.559178460605976,0.0,0.0,1074.08401806,83.82039851810949,0.000032846525779220594,0.268395017545898,96.92254895777349,-24.605195551384877,452552412.0,66.0,66.0,421338.0,113085.019902753571524,6775.9696969697,1818.6365057086557856212652906,1198.0,321.537231019985804,447214.0,120030.009376771228172,0.08738530189922665,0.06728012496441496,0.0834173485811805
2018-03-27,208.0,115916869.672721893238424,0.0,0.0,183.91340775,80.14732908149038,0.0000326823450756016,0.256140209617802,69.78636050048505,-25.730791434950255,452552412.0,220.0,220.0,2460682.0,630279.603282752260964,11520.7181818182,2950.9191700385364821674475964,993.0,254.347228150477386,2534558.0,649202.217408477001516,0.08739054376332674,0.0675075430404616,0.08333287694447107
2018-03-28,63.0,116493647.906436459923472,0.0,0.0,703.91144653,81.59380692840661,0.0000324459669783752,0.257414710025756,69.32690533865788,-27.737738650213455,452552412.0,75.0,75.0,642911.0,165494.748637368815716,10657.0133333333,2743.2719969406067882563324748,998.0,256.899880605704488,799276.0,205745.399770546152656,0.08739121053889198,0.06710005298524413,0.0828318604098191
2018-03-29,80.0,105934465.384626845241756,0.0,0.0,1106.72864934,75.05438018659505,0.0000329295731491952,0.234082202581713,51.471696612028694,-34.05425697475927,452552412.0,91.0,91.0,408910.0,95718.55345768826283,5098.12087912088,1193.37936441243460553380446744,658.0,154.026089298767154,463929.0,108597.522161531530377,0.08765471154888828,0.0688140042009801,0.08339533549859185
2018-03-30,89.0,98851357.167881423189448,0.0,0.0,949.64109193,71.01667426572605,0.000031971014611338455,0.218430737626654,40.57638499374646,-44.14362484875538,452552412.0,106.0,106.0,476551.0,104093.386446719590354,6390.18867924528,1395.81362678104041077513169312,985.0,215.15427656225419,677360.0,147956.24443879035344,0.08770981830407774,0.06623048833175327,0.08344953096607126
2018-03-31,47.0,103056551.152839832838004,0.0,0.0,1826.36936413,75.21248466944898,0.000032897089549679094,0.227722907712267,36.2123499268771,-42.188626318527994,452552412.0,70.0,70.0,247788.0,56427.003856207215396,3603.5,820.5994979411541345,536.5,122.1733399876312455,252245.0,57441.964855880789415,0.08775974646257349,0.06700154282898331,0.0825457370436739
2018-04-01,27.0,105995408.899366356232512,0.0,0.0,4351.50734142,80.50187666869827,0.00003442075279882205,0.234216868784176,33.9187391710723,-41.8091720026354,452552412.0,31.0,31.0,103999.0,24358.320136685519824,3504.93548387097,820.91501432280939752196177072,418.0,97.902651151785568,108653.0,25448.365444007074928,0.08776130810365054,0.06714618052083345,0.08271009513331959
2018-04-02,47.0,113148796.668689649417888,0.0,0.0,510.54755045,87.22854783726862,0.000035548755990648736,0.250023629680024,44.10778783991756,-38.143003589943376,452552412.0,51.0,51.0,886406.0,221622.445490151353744,17819.7843137255,4455.367154232805027996369412,2955.0,738.81982570447092,908809.0,227223.724865872931416,0.08789592126645131,0.06875193591791992,0.08028312653428424
2018-04-03,50.0,124058836.778635742593272,0.0,0.0,1445.23100899,99.8591132782175,0.00003694095032439746,0.274131423209906,33.331864054812144,-31.82764406960448,452552412.0,60.0,60.0,313135.0,85840.14320683391531,5528.98333333333,1515.66807007051586179525596698,1001.0,274.405554633115906,331739.0,90940.084204231006534,0.08817742099615802,0.07151634985716755,0.0803401757855545
2018-04-04,119.0,110875735.143524812236204,0.0,0.0,2910.5482259,90.7766171177302,0.0000361329246546595,0.245000871067117,20.405513761240016,-38.13322922796222,452552412.0,132.0,132.0,155487.0,38094.450439612820979,1389.46212121212,340.41943001173350494591385804,98.5,24.1325858001110245,183409.0,44935.364761548861853,0.08847001612576795,0.07379325005627478,0.08009713118776479
2018-04-05,82.0,107627892.567539987337552,0.0,0.0,505.06559735,89.64129062063911,0.00003498225442692306,0.237824149675596,19.833207860493573,-34.62194708761089,452552412.0,99.0,99.0,896027.0,213096.859361375257092,9850.57575757576,2342.70480336049500454339315296,1000.0,237.824149675596,975207.0,231927.775532688948372,0.08849150314497792,0.07269531344612375,0.07664388631975577
2018-04-06,39.0,108374355.60032612774412,0.0,0.0,3972.78986595,91.18652008330403,0.00003622628815120261,0.23947360068501,27.652594418154415,-30.03056678326751,452552412.0,45.0,45.0,113913.0,27279.15627483154413,3629.95555555556,869.2785272154458083271141556,820.0,196.3683525617082,163348.0,39117.53372469501348,0.08830059401759437,0.07224352539747424,0.07281688580565712
2018-04-07,27.0,118138761.683309202515004,0.0,0.0,2510.86015158,102.14179727402929,0.0000379076536373928,0.261049899527017,38.71000350738229,-11.341565906650432,452552412.0,34.0,34.0,180238.0,47051.111790950490046,6207.41176470588,1620.44421749929326470611875996,1179.5,307.9083564921165515,211052.0,55095.103394975991884,0.08842369093603063,0.06946230293817943,0.07046942335235853
2018-04-08,57.0,125262780.00496909657866,0.0,0.0,1037.8095284,109.24616779635079,0.00003948529485091763,0.276791763083055,38.16582905682429,-9.992213942057077,452552412.0,77.0,77.0,436065.0,120699.200168812378575,7072.4025974026,1957.582784168243272511072943,2305.0,638.005013906441775,544575.0,150733.874380954676625,0.08853995346950268,0.06987173068412998,0.07087242997904693
2018-04-09,48.0,117046057.056812285582232,0.0,0.0,3029.1528859,104.40558391636478,0.000038390897570727524,0.258635362342986,35.01943022806463,-9.38166629971745,452552412.0,63.0,63.0,149399.0,38639.864498679765414,3136.26984126984,811.15028680220425585985734224,485.0,125.43815073634821,197585.0,51102.46806853888881,0.08867300252456495,0.06964505865757378,0.07114853406314016
2018-04-10,69.0,126953892.729508003390452,0.0,0.0,1577.75023881,114.38503451134093,0.00004115302563746691,0.280528595944171,30.469679869938375,-13.075195390008098,452552412.0,80.0,80.0,286834.0,80465.139289050344614,4597.9,1289.8424312917038409,847.0,237.607720764712837,367832.0,103187.394503336307272,0.08882088500459188,0.06742486255052316,0.07108334641588313
2018-04-11,65.0,128331480.028902479676048,0.0,0.0,1303.60707928,117.08883425665913,0.00004083245200314539,0.283572635182204,42.22034167563002,-11.089161049603034,452552412.0,89.0,89.0,347154.0,98443.374594042847416,4184.25842696629,1186.54118841817453390111590316,558.0,158.233530431669832,372399.0,105602.165769217587396,0.08881195043460927,0.067468655403462,0.0707207271672058
2018-04-12,53.0,142915145.51842619775606,0.0,0.0,2191.23998683,134.16777095304914,0.000039952530651107365,0.315797997599505,51.46027640528218,-3.2114056098082746,452552412.0,68.0,68.0,206528.0,65221.12884823056864,3110.17647058824,982.1875015928619487552828212,627.0,198.005344494889635,211492.0,66788.75010831451146,0.0891804671549377,0.0703443844218252,0.07209025767178551
2018-04-13,73.0,149591745.975030889038756,0.0,0.0,1414.01860352,143.00479290958737,0.000041741192887450985,0.330551206906463,66.45075823763341,15.499872104784515,452552412.0,91.0,91.0,320047.0,105791.922116792763761,4266.62637362637,1410.33849722114213941870022931,661.0,218.494347765172043,388263.0,128340.803247124043769,0.08924136014939782,0.06637079398896553,0.07112062111047684
2018-04-14,50.0,149033124.3435328511607,0.0,0.0,2429.39420878,143.26118702724696,0.0000411316058281066,0.329316826939225,68.34879848055738,13.171934141940186,452552412.0,56.0,56.0,186282.0,61345.79715589271145,3392.17857142857,1117.10148355408987686881865825,548.0,180.4656211626953,189962.0,62557.68307902905945,0.08921788570084281,0.0663498941529599,0.07060261589374034
2018-04-15,54.0,161618905.58584648007442,0.0,0.0,654.69366344,157.38806538963226,0.00004280938398597316,0.357127486895035,81.07283018791736,22.503466044314678,452552412.0,67.0,67.0,691243.0,246861.875423784678505,10739.5074626866,3835.373310639739325753301031,615.0,219.633404440446525,719547.0,256970.011812861749145,0.0894267405516977,0.06781655397776157,0.06771178136410547
2018-04-16,51.0,150437255.47030006284042,0.0,0.0,3273.69564305,148.39389692440014,0.000041309836937463534,0.332419519775535,60.84349156753945,22.413576624813437,452552412.0,62.0,62.0,138239.0,45953.341994250182865,3078.1935483871,1023.2516211309898413532895985,518.5,172.3595210036148975,190848.0,63441.60051012130368,0.08956480786416017,0.06784569067385848,0.0679620489235993
2018-04-17,73.0,152602986.037275227567256,0.0,0.0,820.89123408,151.88213228584758,0.00004275054675628282,0.337205110371338,61.135035289081294,22.021128812115258,452552412.0,91.0,91.0,551294.0,185899.154117056411372,6574.05494505495,2216.8049233344947859813150231,738.0,248.857371454047444,598239.0,201729.248023438873782,0.08946998338798756,0.06783065556477261,0.06790448197443753
2018-04-18,65.0,163488429.759704228410764,0.0,0.0,1169.66111411,164.58280458103567,0.0000442565064289889,0.361258553538997,70.17714928490038,23.097951222530437,452552412.0,85.0,85.0,386909.0,139774.185691219790273,5775.72941176471,2086.53165292676113681757339587,905.0,326.938990952792285,490937.0,177355.190498774570189,0.089608133866585,0.06808801834820633,0.06785482692525191
2018-04-19,73.0,164772428.886399862151052,0.0,0.0,898.80599161,168.5031444512251,0.00004401030224543291,0.364095792039221,66.60113156090058,8.564619395136724,452552412.0,101.0,101.0,503504.0,183323.687674915930384,6185.20792079208,2252.00817684805567478874616968,548.0,199.524494037493108,624706.0,227452.825861653594026,0.08948346233708342,0.06376356295146113,0.06465423427061082
2018-04-20,58.0,176447062.923859504500984,0.0,0.0,4055.38350972,181.6920953353304,0.000044108043472997505,0.389893100213682,82.06369090720463,30.121437144377488,452552412.0,66.0,66.0,111593.0,43509.340732145415426,1955.83333333333,762.56592183459174535633262106,648.0,252.650728938465936,129085.0,50329.35084108314097,0.08962137279804336,0.06097329001111002,0.06508334421291576
2018-04-21,49.0,166796100.61917217256946,0.0,0.0,2547.46696839,172.53296836682023,0.000041582419929865535,0.368567476818955,63.159333088737235,18.83651716847413,452552412.0,55.0,55.0,177648.0,65475.27512193371784,5315.50909090909,1959.12377364458059430229380095,894.0,329.49932427614577,292353.0,107751.807550451951115,0.08972030143127513,0.061897664804354345,0.06512292088253949
2018-04-22,62.0,167375834.412157910835036,0.0,0.0,2110.13592831,175.9335529078618,0.00004202365951637569,0.369848508093153,62.323876997433956,21.68703970251996,452552412.0,77.0,77.0,214466.0,79319.930136706151298,3469.19480519481,1283.07652298581703153179213593,593.0,219.320165299239729,267128.0,98796.892269907774584,0.08954971371394668,0.06170549651901849,0.06503239707631969
2018-04-23,73.0,171146253.266682437893032,0.0,0.0,1171.68099792,182.84124202477759,0.000042345658971361767,0.378179960438886,59.30537600887046,31.436848476088606,452552412.0,81.0,81.0,386242.0,146068.984279836206412,4880.50617283951,1845.70963136618481039244118586,744.0,281.365890566531184,395321.0,149502.480140660852406,0.08956260687811408,0.06065914428282074,0.06450664400104299
2018-04-24,99.0,182710945.902946978822188,0.0,0.0,1006.46601652,196.0386089107416,0.000041828158924677834,0.403734332329549,70.7683915771085,42.11478082973188,452552412.0,120.0,120.0,449645.0,181537.123860320060105,3903.70833333333,1576.06107756762849842722556817,670.0,270.50200266079783,468445.0,189127.329308115581305,0.08965225488782184,0.061361908956928446,0.06466290285738076
2018-04-25,52.0,162542501.501602530595716,0.0,0.0,6804.17392612,175.43245752336762,0.000040558746993030366,0.359168346453543,53.420237513293536,33.82079508689908,452552412.0,60.0,60.0,66511.0,23888.645890971598473,1399.16666666667,502.53637807958344472782151181,612.0,219.811028029568316,83950.0,30152.18268477493485,0.09007636616625468,0.06457627917261405,0.06608819953829449
2018-04-26,51.0,171423780.331822294507764,0.0,0.0,892.13144848,185.2219487305804,0.000040885521120368394,0.378793208888747,55.15196513576951,47.885101466091925,452552412.0,64.0,64.0,507271.0,192150.809866203579437,8156.546875,3089.644564232731565515625,617.0,233.715409884356899,522019.0,197737.252110894820193,0.09016308640508151,0.06414019322830328,0.06630333192598609
2018-04-27,53.0,163408435.602278095517964,0.0,0.0,1549.0147764,176.79650050079422,0.00004020359563410679,0.361081791344597,44.55158767791387,40.27239985953734,452552412.0,61.0,61.0,292155.0,105491.850750280736535,7543.70491803279,2723.89448517832609356623533563,1453.0,524.651842823699441,460166.0,166157.563595877823102,0.09021865028309496,0.06508849001744979,0.06648070490938911
2018-04-28,53.0,172147503.932237898060516,0.0,0.0,4073.12241353,188.32754822116686,0.000040719284044418467,0.380392412828943,46.9686140706311,62.50377373143363,452552412.0,66.0,66.0,111107.0,42264.259812185369901,3509.31818181818,1334.91801056629677724106758374,498.0,189.435421588813614,231615.0,88104.588697375632945,0.09030201482966232,0.06228537524307379,0.06681448440433825
2018-04-29,63.0,170405396.977834646395248,0.0,0.0,1784.51970236,187.22579171720042,0.000040070553747588223,0.376542898588804,40.534151574437935,72.38549055875019,452552412.0,71.0,71.0,253599.0,95490.902539222105596,3964.04225352113,1492.63196026934092947699542852,878.0,330.604664960969912,281447.0,105976.869179123119388,0.09010300305433308,0.060398667617955204,0.06563467755823262
2018-04-30,53.0,173588932.11722869168674,0.0,0.0,2181.34341696,191.93298057051317,0.00004156342928112216,0.383577520557395,47.172100426638096,68.44046319751627,452552412.0,62.0,62.0,207465.0,79578.910302439953675,4862.03225806452,1864.9662784184610520742731254,1490.0,571.53050563051855,301446.0,115627.90926194449317,0.09007220897865817,0.060235625123509134,0.06567365907913551
2018-05-01,64.0,174353397.600209723821536,0.0,0.0,1304.01651659,193.87625102023506,0.00004246688544710702,0.385266751379528,52.09209743691314,64.49146185731824,452552412.0,76.0,76.0,347045.0,133704.89973250829476,5151.02631578947,1984.51917495466782249091597016,815.0,313.99240237431532,391478.0,150823.457296554862384,0.08960727728277376,0.060245524181566916,0.06561345467025806
2018-05-02,59.0,169442992.620003884967276,0.0,0.0,785.84771775,190.75483532571337,0.00004067917124488603,0.374416284450173,44.135217792471124,49.75235937872936,452552412.0,73.0,73.0,575878.0,215618.101056596726894,8856.71232876712,3316.09732258102413096016071176,841.0,314.884095222595493,646540.0,242075.10454841485142,0.08960505589071546,0.0600655175643971,0.06570801798812419
2018-05-03,73.0,176446198.016488043203716,0.0,0.0,993.31954626,200.89189671807156,0.000039985968513375745,0.389891189037543,51.67990595121014,42.22783527410435,452552412.0,87.0,87.0,455596.0,177632.866160748440628,5504.44827586207,2146.13588327151597392191969401,789.0,307.624148150621427,478887.0,186713.821844621854641,0.08963325416775345,0.05845539932810346,0.0659263035832863
2018-05-04,50.0,174139640.113003583948904,0.0,0.0,2785.81223646,198.8825377923765,0.00003968326125073051,0.384794413852342,43.024850898703264,57.05838602791299,452552412.0,43.0,43.0,162449.0,62509.467735899105558,4993.25581395349,1921.37694414503204082811557358,878.0,337.849495362356276,214710.0,82619.20859823635082,0.08962469211523472,0.05381586550756877,0.06591878079650942
2018-05-05,59.0,169935471.194959761530616,0.0,0.0,1529.65294251,194.99371125553276,0.00003833272296902399,0.375504508845618,36.070932133043065,57.8916646428989,452552412.0,64.0,64.0,295853.0,111094.135455502622154,7196.15625,2702.1891182325742558125,950.0,356.7292834033371,460554.0,172940.103566884752372,0.08943043070820667,0.05367252211570135,0.06506220513778524
2018-05-06,33.0,164734895.41833113829468,0.0,0.0,2536.65767215,189.66322909168045,0.00003793742168322621,0.36401285475489,26.020895452226995,52.00542093727143,452552412.0,42.0,42.0,178405.0,64941.71335254615045,4329.09523809524,1575.8463161248485405006757236,498.0,181.27840166793522,181822.0,66185.54527724360958,0.0892864397939069,0.054319764332470995,0.06469691205548124
2018-05-07,41.0,157724449.293375463575024,0.0,0.0,2853.72588487,182.26771416328066,0.000037316938340152,0.348521950410852,16.025441182266377,33.50778952312225,452552412.0,49.0,49.0,158583.0,55269.656462004142716,4011.61224489796,1398.13492388389348426281666192,1998.0,696.346856920882296,196569.0,68508.611270310766788,0.0885170087408993,0.05352361448321849,0.0618632884795628
2018-05-08,52.0,156917309.6895921907689,0.0,0.0,6073.3062068,182.43094929851574,0.00003763835330216252,0.346738423061575,4.507022459095732,25.27049909268131,452552412.0,55.0,55.0,74515.0,25837.213594433261125,1438.2,498.679200047157165,750.0,260.05381729618125,79101.0,27427.356002593644075,0.08845610800888032,0.052774098523356246,0.061639897302764715
2018-05-09,61.0,155812534.82180025586128,0.0,0.0,750.8601322,181.53455483410679,0.00003704892372881355,0.34429721440044,20.849378950870125,33.120703712532006,452552412.0,82.0,82.0,602712.0,207512.06268571799328,9757.71951219512,3359.5556469496000418590938528,1673.5,576.18138829913634,800133.0,275483.56304986725852,0.08805612032228469,0.05091533523312623,0.06082855087211135
2018-05-10,48.0,167016363.80218014109014,0.0,0.0,610.80783579,194.81856539331594,0.00004083573378141439,0.369054189909345,18.912104018489988,31.556709456739945,452552412.0,61.0,61.0,740908.0,273435.20173735298526,13745.1639344262,5072.710340990806519302592839,818.0,301.88632734584421,838455.0,309435.330800439861975,0.08818909722785032,0.050384236855232106,0.059420630266873754
2018-05-11,30.0,155095085.460847442941992,0.0,0.0,3283.19569933,181.91971886521495,0.000040703289888953824,0.342711874576966,2.0684063211746024,20.855058654289145,452552412.0,27.0,27.0,137839.0,47239.062079814416474,5404.77777777778,1852.28152389415155469305461548,503.0,172.384072912213898,145929.0,50011.601145142071414,0.0883223053866025,0.052620109816055416,0.060208163348972256
2018-05-12,57.0,163684509.050701053177204,0.0,0.0,373.45008273,191.9794730688523,0.00004262330976037408,0.361691827753867,9.145188592267656,14.532653944362417,452552412.0,65.0,65.0,1211815.0,438303.582249552338605,21874.4307692308,7911.8028459985149373793155036,668.0,241.610140939583156,1421838.0,514267.184989902747546,0.08837907791258226,0.049896443680564916,0.06053068869944298
2018-05-13,47.0,169265396.200699303027536,0.0,0.0,1587.44646102,199.2964655191098,0.00004301184804208069,0.374023851630028,14.364123919507987,13.151561336112916,452552412.0,55.0,55.0,285082.0,106627.467670391642296,6023.21818181818,2252.82726357164997006572430904,818.0,305.951510633362904,331277.0,123905.499496440785756,0.08840476377195368,0.04959983625415317,0.05809089719343537
2018-05-14,48.0,171886557.246157355792736,0.0,0.0,5722.42693845,202.8584440764275,0.00004380262401203691,0.379815801857128,8.200706234158659,15.334465410485244,452552412.0,58.0,58.0,79084.0,30037.352874069110752,3717.12068965517,1411.82117534109902982392655176,780.0,296.25632544855984,215593.0,81885.628169783796904,0.08839793405567936,0.049618108147976146,0.05808667681975434
2018-05-15,41.0,170764024.848576039891036,0.0,0.0,2999.00207421,202.82708915053004,0.00004445272787890736,0.377335354581153,18.606858535442484,5.658446472941868,452552412.0,47.0,47.0,150901.0,56940.282341650568853,4280.14893617021,1615.05151648993098930646605213,1160.0,437.70901131413748,201167.0,75907.421275026805551,0.08836987236828436,0.047504767433263005,0.05810314608325101
2018-05-16,42.0,151220982.951716648431656,0.0,0.0,521.15339712,184.87604376866133,0.00004012501153265034,0.334151313620038,6.214112696875485,0.5209663516969135,452552412.0,49.0,49.0,868367.0,290165.973754291537946,20311.1632653061,6787.0018862530937106031636318,1072.0,358.210208200680736,995247.0,332563.092426401959386,0.08882549029753226,0.050914519668818464,0.05956217775882013
2018-05-17,42.0,146291097.486343472922324,0.0,0.0,389.32957211,181.128011563712,0.00004015367353726133,0.323257800880627,2.798584914674231,-4.1361500943303895,452552412.0,50.0,50.0,1162389.0,375751.311907831137903,31833.72,10290.49832104963334244,2047.0,661.708718402643469,1591686.0,514524.916052481667122,0.08883467797266774,0.05119670875225369,0.05971841731057366
2018-05-18,38.0,157290123.981746487939012,0.0,0.0,1004.9886344,195.22751433406188,0.00004221530145687479,0.347562226630551,2.641156558131367,-3.791281002006098,452552412.0,38.0,38.0,450306.0,156509.356025096898606,20118.5789473684,6992.4580955898880199004919884,1108.0,385.098947106650508,764506.0,265713.407632416022806,0.08900291233266534,0.05137067038129485,0.059941380312638765
2018-05-19,18.0,158032821.606801249768504,0.0,0.0,2178.86486825,206.68411974125542,0.00004243320752818473,0.349203357260642,-3.203016779530231,-4.0902518249853195,452552412.0,21.0,21.0,207701.0,72529.886506392604042,14477.2857142857,5055.5167754500980002377534194,11000.0,3841.236929867062,304023.0,106165.852284452162766,0.08900380126052286,0.05135477525894887,0.0574376673755554
2018-05-20,39.0,176382167.465921974759956,0.0,0.0,799.1051271,231.5166652832987,0.000045791228875502815,0.389749701446563,6.711953398764682,-0.036778995842810795,452552412.0,46.0,46.0,566324.0,220724.609922023344412,16696.5652173913,6507.4813086613274281752111019,1085.5,423.0733009202441365,768042.0,299344.140198421139646,0.08929970651856108,0.0537943490563864,0.05717862429935702
2018-05-21,43.0,168708963.593036958467532,0.0,0.0,1428.24090134,222.4055974081364,0.00004438755056724397,0.372794308724261,-0.15327462760696975,1.1468271540904995,452552412.0,59.0,59.0,316860.0,118123.60466236934046,5812.28813559322,2166.78793761469823676464111042,3470.0,1293.59625127318567,342925.0,127840.488319267203425,0.08932766632739006,0.053411595390223464,0.05738251413336722
2018-05-22,81.0,185092013.147589751379124,0.0,0.0,159.05926969,241.17468117235765,0.00005107641521138621,0.408995749972027,14.654501917093976,10.58466940442924,452552412.0,97.0,97.0,2845181.0,1163666.936901161751887,37981.5773195876,15534.3037009452614903391760652,1397.0,571.367062710921719,3684213.0,1506827.458991691509751,0.08934421777613194,0.05600961551768659,0.058447030011724424
2018-05-23,60.0,177957465.622019873898576,0.0,0.0,1792.30807495,512.2928001510876,0.00005228527304673631,0.393230620151948,-2.219499926466783,3.9797613008355466,452552412.0,64.0,64.0,252497.0,99289.551896506414156,4971.921875,1955.1119222532860850625,756.5,297.478964144948662,318203.0,125127.163024210309444,0.08938510423599749,0.05641924193400631,0.058212409744539284
2018-05-24,56.0,190792671.88824311238744,0.0,0.0,675.20445807,551.8709879599791,0.00005565117866813916,0.42159243179162,-6.1586540613980345,4.423230335411332,452552412.0,60.0,60.0,670245.0,282570.2194461743469,17179.9333333333,7242.929872017898105585606946,1651.0,696.04910488796462,1030796.0,434575.79232107472952,0.08947194711710536,0.056591028126376536,0.05875112210222432
2018-05-25,146.0,221512136.940424830443112,0.0,0.0,276.40957873,648.432563163578,0.00006591893950905898,0.489472889916726,22.55240848118548,36.2795175994267,452552412.0,192.0,192.0,1637253.0,801390.957434829393678,11391.6614583333,5575.9094549633857179557527758,1442.0,705.819907259918892,2187199.0,1070574.615352973190474,0.0901054380895924,0.0582352380425825,0.06096501487413833
2018-05-26,66.0,196935758.492878582372416,0.0,0.0,476.02721824,586.856385247736,0.00005939786143660593,0.435166741510768,14.527048579101255,14.882403194978638,452552412.0,83.0,83.0,950686.0,413706.928819905986848,15575.7590361446,6778.0523063159460781221050528,1617.0,703.664621022911856,1292788.0,562578.341424222741184,0.0903448402347784,0.06211798471616228,0.06274355555822943
2018-05-27,48.0,200403332.852436962693952,0.0,0.0,1511.32918782,618.8747147599001,0.00006034578254957708,0.442829001765296,32.54977366124056,22.63952721522971,452552412.0,57.0,57.0,299440.0,132600.71628860023424,6466.71929824561,2863.65085153847894100578235056,1000.0,442.829001765296,368603.0,163228.098537693401488,0.08995077860872913,0.061354147049341896,0.06275121946550864
2018-05-28,49.0,182385597.943037483856108,0.0,0.0,444.05454026,563.302475781202,0.000056676331926012674,0.403015414583709,10.970305391935502,5.947279964529482,452552412.0,50.0,50.0,1019137.0,410727.920572597439133,23897.22,9630.94802569810238898,4287.5,1727.9285900276523375,1194861.0,481547.401284905119449,0.08909833490042705,0.06340990230680242,0.06272861440151059
2018-05-29,48.0,190439369.287764388965264,0.0,0.0,599.88071643,600.9338156876712,0.00005645726078236386,0.420811742989372,12.78757570985439,11.756653641982737,452552412.0,63.0,63.0,754404.0,317462.062158154194288,18776.873015873,7901.528661699623190226301756,2987.0,1256.964676309254164,1182943.0,497796.305687076681796,0.08913613872226069,0.06380649128163274,0.06202644088765483
2018-05-30,26.0,192823174.304068523163,0.0,0.0,3096.21731902,631.3931126681791,0.00005777604492063129,0.42607921025525,22.311944483765213,11.080339024063166,452552412.0,25.0,25.0,146163.0,62277.01560853810575,5878.36,2504.64698639605139,498.0,212.1874467071145,146959.0,62616.17465990128475,0.08908026034658215,0.06376753820856433,0.061895631129605264
2018-05-31,50.0,205319933.470017668478228,0.0,0.0,783.5075814,711.1615997423322,0.00006066436938075234,0.453693159125219,14.836121089873677,17.76078716906559,452552412.0,70.0,70.0,577598.0,262052.261324408243962,8399.15714285714,3810.64013813200419057668821366,2766.0,1254.915278140355754,587941.0,266744.809669240384079,0.08918911873160776,0.06468060762989564,0.0622245186402431
2018-06-01,41.0,204019360.078378404367704,0.0,0.0,2460.39313888,725.2757988967962,0.00005995068408499836,0.450819296657242,12.438494144159543,20.405899898095022,452552412.0,51.0,51.0,183935.0,82921.44733064980727,4732.35294117647,2133.43602447500672892982549574,1698.0,765.491165723996916,241350.0,108805.2372482253567,0.08907253447155297,0.06440431695826719,0.06185146086616561
2018-06-02,37.0,210601946.741695310911668,0.0,0.0,1244.34927932,753.573629702208,0.00006093196959473691,0.465364764737339,16.969117969098374,19.35759971547564,452552412.0,39.0,39.0,363686.0,169246.649828263871554,9431.12820512821,4388.91475838717167603346923319,488.0,227.098005191821432,367814.0,171167.675577099606946,0.0888913616022147,0.06426331692452016,0.06097646465622993
2018-06-03,35.0,225052585.922660212367976,0.0,0.0,1732.11880385,842.526508494999,0.00006456582489350888,0.497296180409398,16.504436351945163,29.236850252256147,452552412.0,46.0,46.0,261271.0,129929.070351743824858,7168.86956521739,3565.05145263578977883106903122,4252.5,2114.752007190964995,329768.0,163992.366821246359664,0.0888518969597854,0.06508498189389517,0.05929921624085087
2018-06-04,71.0,218022308.664265796014116,0.0,0.0,659.45418381,828.9100137057176,0.00006434937515979364,0.481761455431743,16.754549235373116,28.297116035379126,452552412.0,79.0,79.0,686253.0,330610.244074399928979,9043.46835443038,4356.79447658128972274973555234,1264.0,608.946479665723152,714434.0,344186.763649921878462,0.08823702755553814,0.06522601731982736,0.0593235937242452
2018-06-05,45.0,225194147.054788081633944,0.0,0.0,3218.8371706,888.8734132939005,0.00006537895010450767,0.497608986458762,-1.5554799852457617,36.700937881391496,452552412.0,43.0,43.0,140595.0,69961.33545116964339,3760.86046511628,1871.43796425934033158975484536,1230.0,612.05905334427726,161717.0,80471.832463151614354,0.0880023456960387,0.06493282749279747,0.05937928226473474
2018-06-06,24.0,212820144.587769021083664,0.0,0.0,4021.93734503,917.1505340626301,0.00006146648438636715,0.470266291692572,-8.995825306196801,34.931613672597315,452552412.0,23.0,23.0,112521.0,52914.833407539894012,6801.60869565217,3198.56729884829754956668468124,1078.0,506.947062444592616,156437.0,73567.047873510885964,0.08803002817856563,0.06534801949553068,0.05922106865805493
2018-06-07,36.0,214084807.850182751739504,0.0,0.0,1348.93368188,1052.7366955545942,0.00006170936854145797,0.473060803949892,-10.707546221495438,36.431607369306235,452552412.0,39.0,39.0,335489.0,158706.696056345317188,11306.6923076923,5348.7529530909790844553542316,3696.0,1748.432731398800832,440961.0,208601.365170548326212,0.08792152298318139,0.06529097789654942,0.0588756094146795
2018-06-08,25.0,202434692.645423726933328,0.0,0.0,2861.12302352,1009.3637633399055,0.000058683065885840824,0.447317674765644,-18.081364944178123,29.92195581500829,452552412.0,22.0,22.0,158173.0,70753.578570706208412,8430.95454545455,3771.3149833275663407167034802,4218.0,1886.785952161486392,185481.0,82968.929633206414764,0.0877941918043135,0.06634245361512871,0.05863228451968397
2018-06-09,22.0,193329938.365160883583596,0.0,0.0,3920.00148986,988.0526133423484,0.000056536433820289176,0.427199001129533,-23.34063014358297,15.755087683592151,452552412.0,26.0,26.0,115447.0,49318.843083401196251,4700.5,2008.0489048093698665,1851.0,790.745351090765583,122213.0,52209.271525043616529,0.08785923513150037,0.06604723829560154,0.05827991530217229
2018-06-10,34.0,152959176.312202412968764,0.0,0.0,1331.94536272,792.4424086306277,0.00005011199697187654,0.337992180035497,-37.629714642362856,-1.377161076573386,452552412.0,38.0,38.0,339768.0,114838.927026300744696,9240.65789473684,3123.27010680433071120067360948,2210.5,747.1317139684661185,351145.0,118684.264058564594065,0.08807967091014877,0.07803413734090395,0.06607348864121526
2018-06-11,42.0,162644476.708561016193492,0.0,0.0,1675.00337553,863.265659744286,0.0000524704230153388,0.359393679927091,-34.722929657742206,-0.635388374973158,452552412.0,45.0,45.0,270180.0,97100.98444270144638,6166.73333333333,2216.28498579572177475440024303,1830.0,657.69043426657653,277503.0,99732.824360807533773,0.08813382041298749,0.07822590504257229,0.06509391408711554
2018-06-12,41.0,144427401.424997849946684,0.0,0.0,1165.25499264,778.0856466201539,0.000048897548255366544,0.319139612551657,-33.99525075769307,-14.673994409495746,452552412.0,39.0,39.0,388372.0,123944.889605912132404,10693.3076923077,3412.6580738187328042277888589,3742.0,1194.220430168300494,417039.0,133093.664878930483623,0.08850540066732943,0.0808592517712331,0.0666740425254579
2018-06-13,32.0,136400103.555916590548964,0.0,0.0,3653.15153374,799.6824222718085,0.000047792143496463815,0.301401782288847,-42.17624519546379,-20.64527573230808,452552412.0,36.0,36.0,123880.0,37337.65278994236636,3702.80555555556,1116.03219391349006031347683932,450.5,135.7815029211255735,133301.0,40177.158980885593947,0.0885954536858506,0.08130386969748069,0.06707270587051899
2018-06-14,45.0,154396462.09646496697704,0.0,0.0,316.03903486,903.6167818845406,0.00005146002470014363,0.34116813434742,-27.42570758353846,-9.584901015670557,452552412.0,45.0,45.0,1431951.0,488536.05114692241642,32840.3333333333,11204.075254680710567728855086,1000.0,341.16813434742,1477815.0,504183.3864606324873,0.08890376304970263,0.08478355705732658,0.06818571879527423
2018-06-15,39.0,145673012.4928820082354,0.0,0.0,1256.0119564,854.9991119432256,0.00005029819066578889,0.32189202538795,-29.171152903161975,-3.668783491908708,452552412.0,55.0,55.0,360309.0,115980.59377550687655,7385.98181818182,2377.488646933119504349137069,3000.0,965.67607616385,406229.0,130761.87558132154055,0.08653391567205952,0.08249588631295758,0.06796910271748682
2018-06-16,32.0,149859464.370504301303644,0.0,0.0,1560.61704307,878.5223491757516,0.00005098178694742227,0.331142781248737,-30.234764572557683,2.4392235381882545,452552412.0,35.0,35.0,289983.0,96025.777134852501471,8966.94285714286,2969.33839701278284015080356782,2000.0,662.285562497474,313843.0,103926.843895447366291,0.08520245475538085,0.08243974878277742,0.06804514844169553
2018-06-17,20.0,150984549.576133799139432,0.0,0.0,3002.00604975,893.7558218595593,0.00005171984143747646,0.333628869436086,-35.19694748491076,-4.008881324516243,452552412.0,27.0,27.0,150750.0,50294.5520674899645,9395.55555555555,3134.6285777239350531729475773,3000.0,1000.886608308258,253680.0,84634.97159854629648,0.08506202169629161,0.08133736452627174,0.06744574116966207
2018-06-18,23.0,161297121.123534091029048,0.0,0.0,777.47860163,969.2218335249382,0.00005316623020113093,0.356416443369954,-27.19177396395562,2.0655832652628843,452552412.0,22.0,22.0,582077.0,207461.814107452714458,28276.2272727273,10078.1123564659585594484555442,10000.0,3564.16443369954,622077.0,221718.471842250874458,0.08500771768568055,0.08226161840949565,0.06799661189349264
2018-06-19,18.0,161374154.130854744283672,0.0,0.0,1678.17114251,991.6110692264812,0.000052964900967987495,0.356586662344106,-37.151961255592184,-8.508804234967155,452552412.0,16.0,16.0,269670.0,96160.72523433506502,22610.625,8062.64730226420172625,4340.5,1547.764407904592093,361770.0,129002.35683622722762,0.08490114870959935,0.07963834451139132,0.06739430552646047
2018-06-20,38.0,166449137.31950128304706,0.0,0.0,829.19682945,1020.3121722884035,0.000054463132165864824,0.367800795898755,-33.07507190410236,-1.3394820437560662,452552412.0,37.0,37.0,545772.0,200735.37597925531386,15444.5945945946,5680.534184225503197571869723,864.0,317.77988765652432,571450.0,210179.76481634354475,0.08404417093531824,0.0794732110450433,0.06713321286622018
2018-06-21,25.0,167191554.882940737697548,0.0,0.0,1187.59899755,1033.2305303144215,0.00005497333180702266,0.369441307679829,-25.063108925617417,-9.67111328049332,452552412.0,27.0,27.0,381065.0,140781.151911014037885,14829.1111111111,5478.4862006183667837632480019,2490.0,919.90885612277421,400386.0,147919.127416696013994,0.08167316112416587,0.07751653048642858,0.06713419995838145
2018-06-22,21.0,143322579.274735820626524,0.0,0.0,1524.38193724,885.7101009574175,0.000052264103424488517,0.316698299410977,-41.19863910438632,-19.462452011340876,452552412.0,18.0,18.0,296876.0,94020.124335933207852,17048.6666666667,5399.2837405579537706099803659,1984.5,628.4877751810838565,306876.0,97187.107330042977852,0.0822628707603005,0.08204764092293733,0.06994201148289103
2018-06-23,18.0,144402829.157920159744788,0.0,0.0,3680.36508246,899.2264379134832,0.00005168021495979696,0.319085315488099,-42.19009595725568,-24.31426860959095,452552412.0,22.0,22.0,122964.0,39236.006733678605436,6709.0,2140.743381609656191,4689.0,1496.191044323696211,147598.0,47096.354395412436202,0.08202525228887894,0.08081559413206513,0.06938031129314026
2018-06-24,29.0,137359779.855622990948464,0.0,0.0,3378.08872334,859.6757726874313,0.000049381436687782215,0.303522368267972,-40.47791036593481,-37.98995316786385,452552412.0,35.0,35.0,133967.0,40661.981109755404924,4179.88571428571,1268.68881108946246238985028012,1530.0,464.38922344999716,146296.0,44404.108388131231712,0.08207684072717263,0.07533631420912008,0.06805703123440716
2018-06-25,18.0,142464753.405540672683772,0.0,0.0,8222.24585756,931.3228089119659,0.00005042059489604874,0.314802771188281,-33.72555662664235,-27.65927605235169,452552412.0,17.0,17.0,55040.0,17326.74452620298624,3255.70588235294,1024.90523393869307123203389614,307.0,96.644450754802267,55347.0,17423.388976957788507,0.08199091266219431,0.07339330149293137,0.06785788255358267
2018-06-26,16.0,133634323.053803982572448,0.0,0.0,2781.89067975,881.1137024804634,0.00004843898142428374,0.295290268066904,-34.8489107108285,-33.31731506072158,452552412.0,13.0,13.0,162678.0,48037.230228587808912,12775.6153846154,3772.5148916427443146195087216,2010.0,593.53343881447704,166083.0,49042.693591355617032,0.08210158683748825,0.07381743705989732,0.0680695730501515
2018-06-27,28.0,140366363.334071459176176,0.0,0.0,236.74841711,892.9760264079439,0.00005052229986950883,0.310165982131748,-34.020342240924464,-23.038680182461242,452552412.0,24.0,24.0,1911533.0,592892.510322246649684,85289.875,26454.0178452690204515,6796.0,2107.888014567359408,2046957.0,634896.428286456490836,0.08219096927403867,0.07304921584041078,0.06802989375623789
2018-06-28,18.0,137854562.430432920044908,0.0,0.0,1388.24016688,877.2937179138435,0.00005199430299449421,0.304615683786109,-39.04488824177379,-27.612361379895635,452552412.0,15.0,15.0,325990.0,99301.66675743367291,23260.9333333333,7085.6451128364188878772071297,2924.0,890.696259390582716,348914.0,106284.676692546435626,0.0818929376973437,0.0724006108322718,0.06805080657798208
2018-06-29,15.0,143532700.509935097601188,0.0,0.0,559.25972721,900.6774163571017,0.00005098328259786455,0.317162601952799,-33.31225917839296,-25.562525859265143,452552412.0,20.0,20.0,809199.0,256647.660337602998001,57732.4,18310.5582009797729876,7296.5,2314.1769251485979035,1154648.0,366211.164019595459752,0.08126443218940405,0.07288716792809305,0.06822903826956299
2018-06-30,21.0,148999685.658909516434952,0.0,0.0,3205.5902703,933.5431532481658,0.000051641566715661604,0.329242937852046,-29.110313432769104,-27.430482203683574,452552412.0,22.0,22.0,141176.0,46481.200994200446096,7892.77272727273,2598.63968052577905638983050558,1362.0,448.428881354486652,173641.0,57170.072971567119486,0.08021145211013284,0.07215786737866367,0.06842363967699186
2018-07-01,19.0,145062418.294733556182904,0.0,0.0,1687.9355936,917.5412786671545,0.00005038869970315928,0.320542802221842,-27.21298870847836,-28.897719197332684,452552412.0,20.0,20.0,268110.0,85940.73070369805862,13925.0,4463.55852093914985,4000.0,1282.171208887368,278500.0,89271.170418782997,0.08022373371412043,0.07221191661398599,0.06841253750043072
2018-07-02,39.0,151016388.663621283038912,0.0,0.0,1331.71411336,953.3544790293377,0.000050496471514433406,0.333699223911376,-26.481154486695274,-28.292975919712703,452552412.0,52.0,52.0,339827.0,113400.006164131171952,6936.40384615385,2314.6725801974232751508611976,1689.0,563.617989186314064,360693.0,120362.974170265943568,0.08014785021026512,0.0724026223460576,0.06840960869400141
2018-07-03,21.0,146428218.963012703352532,0.0,0.0,15713.62541667,926.2593304575711,0.00004979154630502503,0.323560796673011,-31.841669347233676,-34.935998018999406,452552412.0,22.0,22.0,28800.0,9318.5509441827168,1876.77272727273,607.25007881054411784762729003,1026.0,331.973377386509286,41289.0,13359.501733831951179,0.07997352744884069,0.07097818925980495,0.0684940121515683
2018-07-04,27.0,145321602.842863614113388,0.0,0.0,2707.94885112,929.6769479473156,0.00004880669530587533,0.321115519417149,-34.75769391396899,-33.34553526508819,452552412.0,26.0,26.0,167120.0,53664.82560499394088,7223.65384615385,2319.62735689737967486738237365,1031.5,331.2306582787891935,187815.0,60310.311279331839435,0.07993384552629482,0.07091084238669043,0.06843867488476055
2018-07-05,24.0,146196768.222658970964732,0.0,0.0,2853.31205629,933.6856333783475,0.000049431463210534506,0.323049362562361,-34.708250701487714,-35.07967674351218,452552412.0,23.0,23.0,158606.0,51237.567198565828766,7892.0,2549.505569342153012,3580.0,1156.51671797325238,181516.0,58638.628094869519276,0.07993910835271935,0.07048466327963383,0.0683445641248032
2018-07-06,39.0,153875212.7177384356965,0.0,0.0,1258.73337969,977.5081147374572,0.000051529657225988334,0.340016335428875,-29.889756507589183,-27.697064102745756,452552412.0,50.0,46.0,359530.0,122246.07307674342875,11285.3260869565,3837.1952202068346599709689375,1183.0,402.239324812359125,519125.0,176510.980129514734375,0.07940698134459527,0.07100657603048298,0.06846305660651279
2018-07-07,28.0,157225872.833318334908928,0.0,0.0,1521.99289707,1000.0214817311232,0.0000515624328337182,0.347420251586944,-22.676177511943543,-26.559070486054516,452552412.0,32.0,32.0,297342.0,103302.632447365102848,12753.65625,4430.878463028400764,10000.0,3474.20251586944,408117.0,141788.110816908824448,0.07907025230544876,0.0711904977541758,0.06851846716988735
2018-07-08,14.0,161651234.828793363695496,0.0,0.0,85564.83494044,1030.845938907542,0.00005327415174528421,0.357198924461358,-20.410289416095576,-20.146476517276117,452552412.0,13.0,13.0,5289.0,1889.225111476122462,719.384615384615,256.96341088943217153887520717,219.0,78.226564457037402,9352.0,3340.524341562620016,0.07898819062771578,0.0709791638747226,0.068604753358725
2018-07-09,22.0,160511725.422615271972644,0.0,0.0,6635.179415,1027.6769914274873,0.000053223241438272866,0.354680963279487,-15.867335423344594,-16.975235817102828,452552412.0,25.0,25.0,68205.0,24191.015100477410835,3403.8,1207.2630628107178506,1782.0,632.041476564045834,85095.0,30181.576570267946265,0.07892315396672751,0.07060552213755542,0.0680123059445183
2018-07-10,17.0,147789229.290956652310236,0.0,0.0,752.27303434,939.6692398815055,0.000051761587855065334,0.326568205962753,-0.005563579753865169,-3.379952184557718,452552412.0,15.0,15.0,601580.0,196456.90134307294974,40772.5333333333,13315.0130632232012319931345749,9427.0,3078.558477610872531,611588.0,199725.195948348181764,0.07711230823208697,0.058025050844766286,0.06817696015835668
2018-07-11,27.0,153363502.87996450193052,0.0,0.0,5096.59791655,977.5374697826338,0.0000531337196557017,0.33888561592721,13.675579929490533,-5.706295114605627,452552412.0,26.0,26.0,88795.0,30091.34826625661195,3795.46153846154,1286.2273211895750298240245034,1134.0,384.29628846145614,98682.0,33441.91035092893722,0.07660348430382605,0.057285119337138785,0.06798194762010228
2018-07-12,21.0,149780765.493528587777424,0.0,0.0,20493.24874338,961.4067409048511,0.00005373336664020305,0.330968881221052,1.0935259418309675,3.70661246807156,452552412.0,19.0,19.0,22083.0,7308.785804004491316,1419.52631578947,469.81903660068264864096392244,609.0,201.560048663620668,26971.0,8926.561695412993492,0.07605599975010219,0.0530727058679598,0.0678891548544367
2018-07-13,22.0,157974071.92259462843346,0.0,0.0,7737.79044558,1016.9662330080647,0.00005622070380086615,0.349073538740955,13.488694291570605,15.816680342793052,452552412.0,24.0,24.0,58486.0,20415.91498680349413,2683.375,936.695207019010123125,335.0,116.939635478219925,64401.0,22480.684968456242955,0.07578994554870622,0.05271146822276014,0.06822919265249736
2018-07-14,23.0,163772908.013761626852168,0.0,0.0,5741.66650173,1071.0231119590674,0.000057854621029981664,0.361887161953214,32.11960951475345,6.072966821894136,452552412.0,22.0,22.0,78819.0,28523.584217990374266,3698.95454545455,1338.6041626484878121234634237,278.5,100.785574603970099,81377.0,29449.291578266695678,0.07567120278403931,0.04810905882437718,0.06839620524411838
2018-07-15,17.0,169562855.635146568412064,0.0,0.0,30053.95218489,1112.1451849910472,0.00005902717438747895,0.374681144413272,39.7107729613248,16.399635549125406,452552412.0,14.0,14.0,15058.0,5641.948672575049776,1194.92857142857,447.71720463497284245550798104,433.0,162.236935530946776,16729.0,6268.040864889627288,0.07031822625082229,0.04708455117971243,0.06667021089626524
2018-07-16,25.0,174381639.112007424424548,0.0,0.0,1079.64961853,1145.787032495795,0.000057419194325403635,0.385329156332079,51.77102805715072,16.363447476948036,452552412.0,22.0,22.0,419166.0,161516.881143092226114,19134.1363636364,7372.9406221429679723784120756,1204.0,463.936304223823116,420951.0,162204.693687144987129,0.07034692222458198,0.047079285676214264,0.06659275271186205
2018-07-17,25.0,185597905.59909948671244,0.0,0.0,230.33552411,1162.9397785164,0.000056021897742321086,0.41011361486037,37.39264953627626,22.925098044890976,452552412.0,19.0,19.0,1964753.0,805771.95513775653861,104039.789473684,42668.13415036441680344950308,3005.0,1232.39141265541185,1976756.0,810694.54885692555972,0.07045012407825854,0.04822813898613154,0.066425609814366
2018-07-18,30.0,190263674.560451942424468,0.0,0.0,759.03212724,1186.6116787865396,0.00005699855301430646,0.420423512316739,30.775582775536307,17.958506162508005,452552412.0,26.0,26.0,596223.0,250666.167784023076797,23654.7307692308,9945.0049929068502436849943612,1192.5,501.3550384377112575,615023.0,258570.129815577769997,0.07030002357638115,0.04705630416573356,0.06648637823226711
2018-07-19,52.0,200771822.841909914281596,0.0,0.0,929.59023068,1237.3592249250423,0.000059413581384730474,0.443643249971033,49.17206778432116,24.413865357341212,452552412.0,55.0,55.0,486830.0,215978.84338339799539,9896.49090909091,4390.51139021787420569386361003,3000.0,1330.929749913099,544307.0,241478.126461983059131,0.07019808264936529,0.047858627161818504,0.06534437114155132
2018-07-20,37.0,188962207.086885616412808,0.0,0.0,1224.91226855,1157.5383551460882,0.00005698553937361735,0.417547674205934,17.068308874646203,13.525495013032257,452552412.0,46.0,46.0,369457.0,154265.911069101757838,8714.97826086957,3638.91890358136450405409402838,2545.0,1062.65883085410203,400889.0,167390.269564742675326,0.06975788714545318,0.049198193903702385,0.06557250102407498
2018-07-21,20.0,188519016.163881979808388,0.0,0.0,3946.01269553,1157.3083351965092,0.00005621276182168917,0.416568360183399,18.896853524756445,12.756302969892024,452552412.0,19.0,19.0,114686.0,47774.558955993297714,11978.1578947368,4989.7215922283435873848343832,100.0,41.6568360183399,227585.0,94804.710252338861415,0.06963113820760833,0.04921279257242463,0.06448102369619105
2018-07-22,31.0,187353307.768664094238272,0.0,0.0,3461.12450192,1157.4104122377476,0.000055948836641519526,0.413992507388656,5.44515290710184,30.721417878983004,452552412.0,33.0,33.0,130753.0,54130.762318588937968,4884.33333333333,2022.07740358865740935830870448,1942.0,803.973449348769952,161183.0,66728.554318425740048,0.06951364622097947,0.03923082254730657,0.0642776216255494
2018-07-23,25.0,192427695.646462330005432,0.0,0.0,4874.69879466,1200.4644888478601,0.00005510582998917198,0.425205325491586,13.509833401874035,33.25756619077164,452552412.0,32.0,32.0,92837.0,39474.786802662369482,3301.90625,1403.9881217739521358125,1000.0,425.205325491586,105661.0,44927.619896766468346,0.0695444427364523,0.039363460090604534,0.06373569945465159
2018-07-24,25.0,217748658.832223886943992,0.0,0.0,5822.78164203,1357.1591940766705,0.00005729682621508553,0.481156774460466,27.950949344957486,58.52432135600141,452552412.0,24.0,24.0,77721.0,37395.985667841877986,3238.375,1558.16606949341158275,798.0,383.963106019451868,77721.0,37395.985667841877986,0.07013081891912042,0.042906728739773865,0.06279683094417317
2018-07-25,50.0,211636353.492140770992084,0.0,0.0,1599.80914808,1324.5541666048357,0.00005701163263108907,0.467650481757107,48.05526696479867,48.553483183097214,452552412.0,51.0,51.0,282879.0,132288.500628968671053,6066.3137254902,2836.9145362152425765509088514,1490.0,696.79921781808943,309382.0,144682.641346977277874,0.07012431538180132,0.04343938045408807,0.0610032686954029
2018-07-26,35.0,206223804.658756600505868,0.0,0.0,3840.56020707,1295.3446918566922,0.00005758079593398222,0.455690433175189,35.76550912310607,54.319489144810916,452552412.0,47.0,47.0,117835.0,53696.282193198395815,4116.65957446809,1875.92238472415315097446021901,2349.0,1070.416827528518961,193483.0,88168.352082035093287,0.07000709650205776,0.041624816637157676,0.06106426019950869
2018-07-27,28.0,214936399.666139822409804,0.0,0.0,513.97440988,1315.5556049652055,0.000058105658577383797,0.474942556854917,37.97907567068414,53.1252891083257,452552412.0,28.0,28.0,880496.0,418185.021540526998832,31782.25,15094.74307760218582325,1480.5,703.1524554237046185,889903.0,422652.806172861203051,0.07008044911448139,0.04142527043444519,0.06000042211947676
2018-07-28,19.0,209797045.505091729318816,0.0,0.0,15912.53206751,1291.3274467446843,0.0000566014412399601,0.463586183482968,42.9731420248376,52.18723399957397,452552412.0,16.0,16.0,28440.0,13184.39105825560992,2152.5,997.86925994708862,613.5,284.410123566800868,34440.0,15965.90815915341792,0.06994830496481336,0.04160508194458175,0.05986068670511237
2018-07-29,27.0,210896249.614343665792836,0.0,0.0,5824.8051587,1301.9551079226492,0.000056626658874762945,0.466015082501303,46.366804255200115,46.93254489400886,452552412.0,28.0,28.0,77694.0,36206.575819856235282,4972.32142857143,2317.17678075871174341440357329,1543.5,719.2942798407611805,139225.0,64880.949861243910175,0.06931303737634366,0.04133094171224289,0.059845816032506896
2018-07-30,31.0,208194078.837086069060112,0.0,0.0,325.99003919,1242.2467167533898,0.00005629627513984965,0.460044125976476,47.70456303255307,39.727864469247606,452552412.0,30.0,30.0,1388240.0,638651.65744558304224,49835.8666666667,22926.6977229468764073375325492,998.0,459.124037724523048,1495076.0,687800.931688405832176,0.06931832347297172,0.04132028477104493,0.05932720514733569
2018-07-31,40.0,194587469.564507968256568,0.0,0.0,2639.0973408,1172.0845645164638,0.00005565959210621898,0.429977753746914,47.09078083177516,34.140511272293054,452552412.0,43.0,43.0,171480.0,73732.58521252081272,4769.02325581395,2050.5739071016766431473706503,2462.0,1058.605229724902268,205068.0,88174.678005372160152,0.06812987432574392,0.04323923107173921,0.05996568002496341
2018-08-01,17.0,190908323.605824471431148,0.0,0.0,8079.99450088,1161.8993308013798,0.00005553044038769241,0.421847986097629,31.0353988172048,26.415632962234152,452552412.0,14.0,14.0,56009.0,23627.283853342102661,5481.78571428571,2312.48026379017944958005958159,3551.0,1497.982198632680579,76745.0,32374.723693062537605,0.06767154303837611,0.04315562323601118,0.05985714242478665
2018-08-02,17.0,168920002.57219833223374,0.0,0.0,11237.39600715,1031.3861977156052,0.000049486378002332675,0.373260639194645,12.64820145368663,15.360279438259768,452552412.0,16.0,16.0,40272.0,15031.95246164674344,4310.625,1608.986642828416603125,1325.0,494.570346932904625,68970.0,25743.78628525466565,0.06782553574393448,0.048842747159631,0.06116776136978518
2018-08-03,37.0,168382236.09598429434162,0.0,0.0,746.07209601,1020.1713906048305,0.00005020308463249427,0.372072342630635,8.14373541088094,15.868689033148197,452552412.0,38.0,38.0,606580.0,225691.6415928905783,16592.1842105263,6173.4928485695535831998532005,2174.0,808.88527287900049,630503.0,234592.728245643259405,0.06634296769563056,0.04881099659333735,0.061065482498538666
2018-08-04,20.0,160509330.134993351237232,0.0,0.0,5046.41508508,974.6461497516063,0.000050651971117092875,0.354675670439236,6.6406790247474206,9.789930438500674,452552412.0,17.0,17.0,89678.0,31806.604773649806008,7234.82352941176,2566.01588580367563164390381536,674.0,239.051401876045064,122992.0,43622.270058662514112,0.06488736490001011,0.049751835489336274,0.061127478398631696
2018-08-05,26.0,163078461.700533599736672,0.0,0.0,1732.03925246,987.6553501397946,0.0000512476931905515,0.360352651706856,2.1484352630943024,5.98098213497009,452552412.0,34.0,34.0,261283.0,94154.021895922456248,9397.47058823529,3386.40344580777463337143414824,5700.0,2054.0101147290792,319514.0,115137.717157464387984,0.06375217496788457,0.04898708327491792,0.06082002832451058
2018-08-06,29.0,159752939.682754821354744,0.0,0.0,3364.12666979,966.1074218560702,0.00005093863589588517,0.353004282922162,-3.562676484145656,1.607284350785916,452552412.0,29.0,29.0,134523.0,47487.195151537998726,5334.93103448276,1883.25350426677460779901092712,1306.0,461.023593496343572,154713.0,54614.351623736449506,0.06374696435498581,0.04900976196167392,0.06083984538731618
2018-08-07,49.0,151495080.862086712516584,0.0,0.0,127.51367605,859.5348248971369,0.00004979592102224963,0.334756984704982,-6.893937192547492,-6.282756811269113,452552412.0,62.0,62.0,3549050.0,1188069.2765672163671,58020.7741935484,19422.8594192808960745417381288,1525.0,510.50440167509755,3597288.0,1204217.283995415288816,0.06382132316807484,0.04967875248405454,0.060799994649575376
2018-08-08,25.0,141308927.544854447462292,0.0,0.0,1026.93878792,808.6664811586637,0.000049821189012200934,0.312248755719491,-12.643747817158909,-11.963486048886026,452552412.0,23.0,23.0,440681.0,137602.093919221013371,19819.7826086957,6188.7024581960397077665778887,1332.0,415.915342618362012,455855.0,142340.156538508569805,0.06370259145956118,0.05118098696670512,0.06114606295148211
2018-08-09,25.0,146806606.268855317176756,0.0,0.0,388.86356036,822.8469402536466,0.000049465099314831134,0.324396914867963,-15.099227671779744,-0.6648813494837343,452552412.0,25.0,25.0,1163782.0,377527.290378867716066,48506.04,15735.20972846200799652,1604.0,520.332651448212652,1212651.0,393380.243211550199913,0.06359752701828453,0.04952963035060333,0.05348775141487978
2018-08-10,23.0,132733820.306876307255672,0.0,0.0,517.81644303,752.4971321420246,0.000047801873997856494,0.293300437225106,-18.94374427362881,-13.451494120628398,452552412.0,24.0,24.0,873963.0,256333.730018565315078,37500.625,10998.94970871474069125,812.0,238.159955026786072,900015.0,263974.79300915377659,0.06396825286936128,0.05226987494627233,0.05438725736601278
2018-08-11,29.0,127390099.798646560580172,0.0,0.0,6550.28169463,726.1903178934126,0.00004458404411094111,0.281492477822981,-23.809779070820657,-14.948959314705496,452552412.0,31.0,31.0,69089.0,19448.033800311934309,2761.67741935484,777.39141972196969779674557804,1496.0,421.112746823179576,85612.0,24099.134011381049372,0.06358654979791846,0.05258279821876651,0.05248465420690526
2018-08-12,21.0,124207688.779408070352204,0.0,0.0,11594.09760971,708.9166126751425,0.00004346377539430634,0.274460339810117,-29.061961039429544,-21.374636186963425,452552412.0,21.0,21.0,39033.0,10713.010443808296861,2501.57142857143,686.58214434499450451477115731,1000.0,274.460339810117,52533.0,14418.225031244876361,0.06340877852377134,0.05150609777122498,0.05207721422839882
2018-08-13,35.0,106701872.751432132878496,0.0,0.0,705.18490378,605.3790103723223,0.00003762905394484119,0.235777934051608,-35.103930864607335,-34.84766555988241,452552412.0,36.0,36.0,641750.0,151310.489177619434,30860.2777777778,7276.1725387031980106207567024,1878.5,442.908849115945628,1110970.0,261942.21139331493976,0.06304172606261696,0.05709076973383305,0.05297914303819419
2018-08-14,36.0,100511717.865319763344212,0.0,0.0,1682.67624968,578.664717432897,0.00003591038895382813,0.222099618077651,-41.311669214945105,-40.72303306710415,452552412.0,43.0,43.0,268948.0,59733.248082748081148,7472.0,1659.528346276208272,2000.0,444.199236155302,321296.0,71359.718889876955696,0.06308293326576621,0.056899463757054305,0.0530062449170424
2018-08-15,16.0,104672763.208816892324664,0.0,0.0,6607.76211891,616.8217291514292,0.000036887768733841145,0.231294233404322,-40.77747473082881,-39.974894294012046,452552412.0,18.0,18.0,68488.0,15840.879457395205136,3806.05555555556,880.31870201648413341881513032,1824.5,421.996328846185489,68509.0,15845.736636296695898,0.06312658718345669,0.05728969384636083,0.05316452918906746
2018-08-16,15.0,111359795.14932674938224,0.0,0.0,670.78987217,655.8193697748728,0.000039116238164815854,0.24607049304452,-39.34175617288966,-39.9994332964784,452552412.0,22.0,22.0,674656.0,166012.93455544368512,36301.9090909091,8932.828668457345047913573132,20000.0,4921.4098608904,798642.0,196522.23070606154184,0.06306646856458534,0.0572702099685013,0.05385833857982482
2018-08-17,13.0,120126590.161007869037508,0.0,0.0,24802.82867478,710.5960268161407,0.000040444798947983646,0.265442381867159,-40.24180397988154,-36.86309778336569,452552412.0,11.0,11.0,18246.0,4843.261699548183114,1658.72727272727,440.29651814074319552077672593,496.0,131.659421406110864,18246.0,4843.261699548183114,0.06220689531718993,0.059274679420192725,0.05408980412083775
2018-08-18,17.0,110440242.055538723049228,0.0,0.0,5831.63552955,662.0784410259988,0.000038135271917803934,0.244038566864469,-46.0654134439682,-44.992160507253715,452552412.0,17.0,17.0,77603.0,18938.124904383387807,5585.58823529412,1363.09894803621550920839262228,2443.0,596.186218849897767,94955.0,23172.682116615653895,0.06241754283668569,0.05907635354104944,0.0550400162997999
2018-08-19,19.0,113524058.7885898702689,0.0,0.0,97.50954179,636.2320010856622,0.00003864794535359433,0.250852842186575,-44.11460351594279,-39.922347151464514,452552412.0,29.0,29.0,4641109.0,1164235.383547692911675,161106.862068966,40414.11424576063389188933145,2900.0,727.4732423410675,4672099.0,1172009.313127054870925,0.062348214262984904,0.059174708304103145,0.0550024657510181
2018-08-20,25.0,106588400.830334668695528,0.0,0.0,236.61436065,625.1244752679972,0.000037546464416294215,0.235527196417494,-51.36280386446301,-43.46013309464971,452552412.0,26.0,26.0,1912616.0,450473.084303241704304,76403.9230769231,17995.2017976055695117045327114,15003.0,3533.614527851662482,1986502.0,467875.246737744665988,0.06247722665482241,0.05969227381998366,0.05546543224616501
2018-08-21,12.0,109098744.12171541345968,0.0,0.0,35811.69676347,643.8854915361062,0.00003724261424157482,0.24107427389364,-47.80624160952529,-41.76844517929413,452552412.0,11.0,11.0,12637.0,3046.45559919392868,1175.90909090909,283.4814302558391808415691876,408.0,98.35830374860512,12935.0,3118.2957328142334,0.06231170600298822,0.0601512588817032,0.05215005246140838
2018-08-22,10.0,99370896.141109373172132,0.0,0.0,33927.01191993,597.4286334041532,0.00003449778757426445,0.219578757081311,-52.68300404789784,-48.35935866338155,452552412.0,12.0,12.0,13339.0,2928.961040707607429,2336.16666666667,512.97257300145677976252360437,945.5,207.6117148203795505,28034.0,6155.670876017472574,0.06255642967229605,0.06106078291486188,0.053367409012803006
2018-08-23,19.0,99417115.827413100779556,0.0,0.0,427.09498814,621.3063485101778,0.000033711955058035704,0.219680888204863,-53.76455859750329,-54.34317880046539,452552412.0,16.0,16.0,1059606.0,232775.187227202063978,100944.4375,22175.5636893402802995625,9833.5,2160.2320141625203105,1615111.0,354809.019029444484793,0.06244590966211581,0.05474414266739283,0.05306263187135877
2018-08-24,18.0,104845165.927711490216364,0.0,0.0,2625.56225198,672.6881452511132,0.000034590096163549114,0.231675189762797,-53.62154128182047,-50.45975599291123,452552412.0,20.0,20.0,172364.0,39932.462408274742108,8618.2,1996.6231204137371054,573.5,132.8657213289640795,172364.0,39932.462408274742108,0.06254588015625688,0.056620545757541614,0.05332858786755486
2018-08-25,7.0,110477569.16857533941874,0.0,0.0,32879.42545772,715.4171834291664,0.00003619053561497932,0.244121048168395,-55.05116844277552,-46.4283139614337,452552412.0,5.0,5.0,13764.0,3360.08210698978878,5141.0,1255.026308633718695,1792.0,437.46491831776384,25705.0,6275.131543168593475,0.0626252012074375,0.05827908538315609,0.05326611452046186
2018-08-26,32.0,109404510.0487992999684,0.0,0.0,184.89956602,699.3619498428292,0.00003613671798388986,0.2417499214407,-59.92234200913583,-49.09912410427593,452552412.0,32.0,32.0,2447558.0,591696.9542215568106,77964.6875,18847.95707827372528125,1816.5,439.13873229703155,2494870.0,603134.626504759209,0.06262771600424248,0.05713411761540541,0.0528264854473377
2018-08-27,26.0,112888295.566699621503444,0.0,0.0,171.91333988,704.655204679813,0.000036473491118970525,0.249448003310387,-58.19330105283249,-46.19166571439642,452552412.0,32.0,32.0,2632445.0,656658.149074411706215,104038.71875,25952.25065915842204665625,5000.0,1247.240016551935,3329239.0,830472.021093069505493,0.062238482940992636,0.05797136771633357,0.05299086795377142
2018-08-28,29.0,126013328.25848033722182,0.0,0.0,5639.21212197,788.7668759784134,0.00003925719291860068,0.278450241158985,-55.962606392720296,-40.24866326977595,452552412.0,41.0,41.0,80251.0,22345.910303249705235,3001.46341463415,835.75821163474965530576033775,1053.0,293.208103940411205,123060.0,34266.0866770246941,0.06279695857593769,0.06255825330656356,0.05469873332234746
2018-08-29,28.0,123296105.602495326797868,0.0,0.0,298.65788593,763.7495130845282,0.000038735879862381176,0.272446024666189,-57.009011334057924,-40.77828423786454,452552412.0,26.0,26.0,1515287.0,412833.919378355531243,96863.1923076923,26389.9916807073449706844256447,750.0,204.33451849964175,2518443.0,686139.783698391023727,0.06278948771392352,0.06255841466982628,0.054506693343526647
2018-08-30,14.0,118353097.197524918759004,0.0,0.0,9772.45053877,736.7209193326731,0.00003753765972298352,0.261523514314017,-60.506889355610205,-39.17743138219416,452552412.0,12.0,12.0,46309.0,12110.892424367813253,5609.08333333333,1466.90718541351331600495228661,5500.0,1438.3793287270935,67309.0,17602.886224962170253,0.06285393492441116,0.062008570558432265,0.054640925549120305
2018-08-31,24.0,121946414.684628121558932,0.0,0.0,446.41641833,753.6714181236811,0.000038357043108365367,0.269463627750211,-59.49370576462686,-36.12304985904365,452552412.0,24.0,24.0,1013745.0,273167.405313637650195,57698.2916666667,15547.5909874897770716625916737,3060.5,824.6934327295207655,1384759.0,373142.183699754434149,0.0628997254747776,0.0625826703776926,0.054517458685425194
2018-09-01,15.0,127628695.077386493227328,0.0,0.0,841.16297899,787.6108389765238,0.000039211050526773244,0.282019699140144,-60.73649375779012,-24.444297221202955,452552412.0,17.0,17.0,538008.0,151728.854294990593152,40846.8823529412,11519.6254719893344691693915328,5006.0,1411.790613895560864,694397.0,195833.633023818573168,0.06299249110035259,0.060103046202319266,0.054760888838801154
2018-09-02,24.0,129723763.650849662230872,0.0,0.0,1749.19087357,814.8684739284635,0.00003933885239992408,0.286649148719706,-56.854986394946394,-22.9587593925869,452552412.0,25.0,25.0,258721.0,74162.154405911056026,10878.72,3118.37582716004005632,898.0,257.410935550295988,271968.0,77959.395679001001408,0.06269808382875938,0.06027667604794113,0.05480843805431322
2018-09-03,19.0,130703949.673907698821408,0.0,0.0,3879.27559811,823.1091666354323,0.0000397955549650659,0.288815054804984,-57.31136751639314,-18.56925104354893,452552412.0,18.0,18.0,116659.0,33692.875478494628456,8577.83333333333,2477.40740427468429194981731672,1873.0,540.950597649735032,154401.0,44593.333276944334584,0.0625417699208678,0.05988206148401858,0.05481251067267129
2018-09-04,18.0,136418308.767287762691216,0.0,0.0,20116.12268302,861.8775752183387,0.000040963409784657705,0.301442010140668,-48.49781221404304,-16.348052744207724,452552412.0,16.0,16.0,22497.0,6781.540902134607996,1969.6875,593.74655934894700125,619.0,186.592604277073492,31515.0,9499.94494958315202,0.06161251656640525,0.060433293056454215,0.054685317459222824
2018-09-05,23.0,110258658.990698531052012,0.0,0.0,5525.80541649,703.4553457561847,0.00003587704437484817,0.243637324798301,-60.90256159173111,-30.981765212173528,452552412.0,27.0,27.0,81898.0,19953.409626331255298,3937.88888888889,959.41671424184313081924977589,2008.0,489.223748194988408,106323.0,25904.251284529757223,0.06353819987720649,0.07126758338292262,0.06098660397845827
2018-09-06,25.0,106468855.337832884007852,0.0,0.0,1726.35044861,679.7137762116068,0.0000362608330064938,0.235263038080621,-65.06523932845899,-29.721245909788568,452552412.0,25.0,25.0,262144.0,61672.793854606311424,13703.16,3223.84705290484246236,5000.0,1176.315190403105,342579.0,80596.176322621061559,0.06335112879868396,0.07098708831534278,0.06093728530279833
2018-09-07,13.0,105373284.303679834344864,0.0,0.0,25106.92993065,674.8795820285585,0.00003633246243988943,0.232842167027672,-65.58986369247974,-25.430554081424113,452552412.0,11.0,11.0,18025.0,4196.9800606737878,1638.63636363636,381.54364187943440784666535392,1321.0,307.584502643554712,18025.0,4196.9800606737878,0.06266956373294309,0.0701413296778282,0.06093885083637445
2018-09-08,14.0,100090477.216959389982432,0.0,0.0,25127.84075514,646.1423131828302,0.00003574277559134819,0.221168807331336,-63.9658664579278,-31.82154416562291,452552412.0,10.0,10.0,18010.0,3983.25022003736136,1927.7,426.3471098926164072,1101.0,243.506856871800936,19277.0,4263.471098926164072,0.06277439047712609,0.06993658498109177,0.060414656019768
2018-09-09,17.0,101653586.497021484884296,0.0,0.0,5184.52968874,659.9011776195798,0.000035943981283298695,0.224622792413758,-63.819624467916555,-23.41545940439169,452552412.0,15.0,15.0,87289.0,19607.098927004522062,6099.13333333333,1370.00436063716446099069195414,4198.0,942.966482552956084,91487.0,20550.065409557478146,0.0627607417820948,0.06808881689979684,0.060215419170026645
2018-09-10,17.0,100969105.460496914863248,0.0,0.0,13407.76855391,661.0081854341138,0.0000354402748444577,0.223110302327804,-63.683562621819554,-20.740225794556093,452552412.0,12.0,12.0,33753.0,7530.642034470368412,2927.16666666667,653.08103996387101903434109268,1373.0,306.330445096074892,35126.0,7836.972479566443304,0.06201271054260885,0.06781694362091832,0.060175091027802864
2018-09-11,20.0,99749457.9122253497727,0.0,0.0,405.00121889,643.2465119742922,0.00003510677812345376,0.220415260790225,-64.28596376289586,-19.691398421091602,452552412.0,16.0,16.0,1117410.0,246294.21655960531725,70338.125,15503.596165370444828125,1555.0,342.745730528799875,1125410.0,248057.53864592711725,0.06200312759170406,0.06774205742508202,0.05966311459259274
2018-09-12,30.0,100830241.419226549584276,0.0,0.0,178.20518039,646.6358020858655,0.0000352117227337295,0.222803456009923,-62.42341074977126,-5.502838123454375,452552412.0,31.0,31.0,2539502.0,565809.822144111478346,140382.64516129,31277.73850575010640617548067,10354.0,2306.906983526742742,4351862.0,969609.893678255526626,0.06200942899629777,0.06203846417216653,0.059438063593862604
2018-09-13,21.0,112585680.632334079332864,0.0,0.0,695.7988029,719.6746714580394,0.00003832732693753646,0.248779318476672,-53.58968754176453,12.012492695819581,452552412.0,18.0,18.0,650407.0,161807.810192456805504,36659.1111111111,9120.0286781828134917853502592,4720.5,1174.362772869130176,659864.0,164160.516207290692608,0.06234565574985712,0.06429491616612099,0.061136140562235215
2018-09-14,26.0,109914980.917257453930408,0.0,0.0,263.37294353,686.9265576489012,0.00003739634968145397,0.242877903205734,-40.42740241394298,5.008196542956064,452552412.0,27.0,27.0,1718295.0,417335.88668889670353,185471.111111111,45046.834571904353253566310474,17884.0,4343.628420931346856,5007720.0,1216264.53344141826648,0.062355510083953354,0.06410160811905499,0.06100233141995003
2018-09-15,14.0,109341988.63619300185176,0.0,0.0,13159.41878453,685.343682923938,0.0000370333588830471,0.24161176857498,-55.53466052363362,-1.811970388799643,452552412.0,11.0,11.0,34390.0,8309.0287212935622,3126.36363636364,755.3662473903247149518857272,90.0,21.7450591717482,34390.0,8309.0287212935622,0.06218935800686749,0.0630878533598602,0.06030737273991635
2018-09-16,7.0,108592224.983955672774048,0.0,0.0,6969.31411411,689.863000610123,0.00003693090322264519,0.239955024223704,-54.820265128728515,-9.601841825021827,452552412.0,5.0,5.0,64935.0,15581.47949796621924,25951.6,6227.2168066438767264,3000.0,719.865072671112,129758.0,31136.084033219383632,0.061367521480100454,0.06141955417706369,0.06014624403060815
2018-09-17,30.0,105316560.911938481248416,0.0,0.0,3577.82882171,672.2194807931143,0.00003718355807244747,0.232716825983768,-56.577565409748956,-4.639324442102929,452552412.0,36.0,36.0,126488.0,29435.885885034846784,5945.02777777778,1383.50799482977860403739107504,2598.0,604.598313905829264,214021.0,49806.287813872011128,0.06084237301295169,0.05975036019527298,0.059630027814787975
2018-09-18,29.0,108636715.416199047795744,0.0,0.0,622.58977255,694.7045157112533,0.000037861224995522256,0.240053334233912,-58.868937601444436,-4.305116840027955,452552412.0,34.0,34.0,726887.0,174491.647961285591944,30341.2647058824,7283.5217575207854418039639488,5360.0,1286.68587149376832,1031603.0,247639.739755706320936,0.060831605051000964,0.05981254433348427,0.059504782849212394
2018-09-19,21.0,115089790.912472339720796,0.0,0.0,5675.56356522,742.32616410682,0.00003983623747251695,0.254312622937633,-54.50898725178186,7.975905460548209,452552412.0,19.0,19.0,79737.0,20278.125615178042521,7793.8947368421,1982.0858134261273547756687493,848.0,215.657104251112784,148084.0,37659.630455096445172,0.0609741683792861,0.05958839756057633,0.06012422100033062
2018-09-20,23.0,114435641.887065777222984,0.0,0.0,318.43113044,724.33236367491,0.00003891097781974921,0.252867157157182,-55.2263809292579,4.891804950015082,452552412.0,20.0,20.0,1421194.0,359373.286548844115308,83242.55,21049.3069730145804941,11755.0,2972.45343238267441,1664851.0,420986.139460291609882,0.06084179501528064,0.05947569442387667,0.06012454255848802
2018-09-21,32.0,123194162.135113352673936,0.0,0.0,1467.59158657,777.3262633805862,0.00004038198943565943,0.272220761327228,-43.09775164639413,23.974087906155436,452552412.0,37.0,37.0,308364.0,83943.082845909334992,14326.2162162162,3899.8934853168535845281946936,3301.0,898.600733141179628,530070.0,144296.05895672374596,0.06108736445471445,0.05808330909297935,0.06088935615912108
2018-09-22,18.0,119371787.472139321738008,0.0,0.0,2079.74454044,752.3252798975515,0.0000393371776740895,0.263774502813034,-42.78329278032874,20.071666210240178,452552412.0,20.0,20.0,217600.0,57397.3318121161984,11302.5,2981.311318044316785,2486.5,655.875301244609041,226050.0,59626.2263608863357,0.06098539942212062,0.05850251913735332,0.058476021062859505
2018-09-23,26.0,114591020.889235916893608,0.0,0.0,5577.70178466,722.0324224925372,0.00003777492569290156,0.253210496399334,-47.96309998023179,9.29547383066187,452552412.0,31.0,31.0,81136.0,20544.486835856363424,3066.0,776.343381960358044,306.0,77.482411898196204,95046.0,24066.644840771099364,0.0609619178793138,0.058413026526026215,0.05856420429544505
2018-09-24,20.0,111304468.571427825218772,0.0,0.0,12512.50862641,703.2511627387063,0.00003739778841387321,0.245948238524531,-48.67638788622195,0.748477187790702,452552412.0,20.0,20.0,36168.0,8895.455890955237208,2093.25,514.83115029147451575,998.0,245.456342047481938,41865.0,10296.623005829490315,0.06099908409576622,0.0579299437860712,0.05858014251046078
2018-09-25,16.0,105391046.547589574963412,0.0,0.0,402.02902269,681.7175638361158,0.00003629446704037176,0.232881416059251,-53.53312060884592,-3.6684625701623683,452552412.0,12.0,12.0,1125671.0,262147.856496833132421,98667.1666666667,22977.7494918874693882138686417,1621.5,377.6172161400754965,1184006.0,275732.993902649539506,0.06072203288984403,0.05876920255914561,0.05845582756484115
2018-09-26,24.0,107991174.389791212506532,0.0,0.0,3100.79968756,701.7884104369956,0.00003692057007738442,0.238626889452511,-51.6218605819753,-4.3380238423521575,452552412.0,17.0,17.0,145947.0,34826.878634925622917,8844.17647058824,2110.45832094555885006771507064,4000.0,954.507557810044,150351.0,35877.791456074481361,0.060526745770529536,0.0586494926810311,0.05861838293152064
2018-09-27,10.0,112837721.6735620950267,0.0,0.0,21338.75952471,746.8390026989797,0.00003733752115208287,0.249336250744725,-51.662500692361334,-10.455724618186606,452552412.0,7.0,7.0,21208.0,5287.9232057941278,3667.42857142857,914.42288987408252951964179325,4464.0,1113.0370233244524,25672.0,6400.9602291185802,0.06053548957831017,0.055473480422430055,0.05901191866503846
2018-09-28,20.0,110068449.710817675343188,0.0,0.0,4732.1288663,729.7562469619484,0.000036722389942648977,0.243217021481299,-50.688967289692286,-10.728364717636257,452552412.0,17.0,17.0,95634.0,23259.816632342548566,5677.41176470588,1380.84317913464967972465533812,947.0,230.326519342790153,96516.0,23474.334045289054284,0.060529241278789885,0.05551060425887399,0.05904057281494835
2018-09-29,27.0,110723846.274563369813472,0.0,0.0,2372.35290232,736.2312831606802,0.00003715776074227019,0.244665243933256,-49.854913612783776,-6.446177669713819,452552412.0,31.0,29.0,190761.0,46672.586597951847816,8211.96551724138,2009.18254644734901811396133328,2570.0,628.78967690846792,238147.0,58266.293846973116632,0.06033397032451697,0.0550873269540439,0.05859955228266238
2018-09-30,21.0,111687858.018660711588372,0.0,0.0,3515.73477727,747.1473082539517,0.00003736785061001757,0.246795409895331,-48.808959784301265,-8.412347909118596,452552412.0,24.0,24.0,128722.0,31767.998752546796982,5698.125,1406.271095009832954375,1388.5,342.6754266396670935,136755.0,33750.506280235990905,0.0599411484192783,0.05479585531463994,0.058631305895091475
2018-10-01,32.0,106564334.866741323964548,0.0,0.0,90.90285549,656.1535806576507,0.00003588550729210672,0.235474018127079,-48.436967193629584,-16.50440772576496,452552412.0,96.0,96.0,4978418.0,1172288.090376176381022,56636.5,13336.4242276543097835,4714.0,1110.024521451050406,5437104.0,1280296.725854813739216,0.05945622389686918,0.05457636431320859,0.05694245203363198
2018-10-02,21.0,108732712.064645618445912,0.0,0.0,1677.46823188,668.9944887978825,0.000036914389051086105,0.240265456953626,-45.9774080948002,-16.181346420615164,452552412.0,19.0,19.0,269783.0,64819.535773320083158,15047.5263157895,3615.400786284876547933077727,765.0,183.80307456952389,285903.0,68692.614939412534278,0.059434140997293224,0.054635284293165574,0.05705319400503459
2018-10-03,23.0,102326573.200713882986316,0.0,0.0,1402.37620854,628.6459234287925,0.000034977398576478375,0.226109883601093,-50.53124272004591,-21.711185120260186,452552412.0,28.0,28.0,322704.0,72966.563877607115472,21034.6785714286,4756.1487233721259353895314598,2540.0,574.31910434677622,588971.0,133172.164254419345303,0.059604116317751706,0.05547215663520514,0.05723182514026517
2018-10-04,25.0,103977333.657370992936936,0.0,0.0,1590.12938113,641.2762876483711,0.000035102753671998986,0.229757550507478,-48.42216795688796,-23.780514069601125,452552412.0,26.0,26.0,284601.0,65389.228631978746278,20845.4615384615,4789.402182274758139940365097,1268.0,291.332574043482104,541982.0,124524.456739143941396,0.059262982248880706,0.05483569388357602,0.0572326871497896
2018-10-05,18.0,104193832.371855398991624,0.0,0.0,4377.6895441,646.1316800736475,0.00003496290289303754,0.230235945293902,-47.53396407729784,-5.500544514471882,452552412.0,18.0,18.0,103377.0,23801.101316647707054,6350.83333333333,1462.19011590402185088018235366,702.0,161.625633596319204,114315.0,26319.42208627240713,0.05909674005562187,0.03905443442994015,0.05721958987021323
2018-10-06,27.0,103402299.784441704747948,0.0,0.0,1545.74503796,638.3639193664582,0.0000348809496917991,0.228486904594029,-50.413195594498895,-2.880237177023066,452552412.0,32.0,32.0,292773.0,66894.796518707652417,10877.03125,2485.25920148502199640625,748.0,170.908204636333692,348065.0,79528.294447520703885,0.058886413380799765,0.03857157888319467,0.05690089616998431
2018-10-07,23.0,103708746.044201079986256,0.0,0.0,10638.52963163,640.890723445324,0.00003490923490857748,0.229164055464588,-49.99621610931496,-1.5796587061684826,452552412.0,31.0,31.0,42539.0,9748.409755408108932,2039.51612903226,467.38378731447064676913960888,224.0,51.332748424067712,63225.0,14488.8974067485763,0.05856602990875923,0.038536604016111774,0.05630199967840915
2018-10-08,31.0,104379557.236860531842892,0.0,0.0,3364.92711036,652.447619509419,0.00003492162455548138,0.230646339449541,-45.38265067127499,4.285202887587382,452552412.0,30.0,30.0,134491.0,31019.856838908218631,7469.26666666667,1722.75901503914237542113149847,3944.5,909.7844859587144745,224078.0,51682.770451174248198,0.058561986151710474,0.03733023315482245,0.0560365987328204
2018-10-09,32.0,99609768.413676074492796,0.0,0.0,277.67477956,608.7387518882567,0.00003339791735682301,0.220106590468633,-44.31229005742795,-2.010571543784424,452552412.0,44.0,44.0,1629793.0,358728.180399644782969,56228.2045454545,12376.1983906728821759049786985,3150.0,693.33575997619395,2474041.0,544552.729189607255953,0.058088611240634164,0.038239451675964674,0.05490582820193718
2018-10-10,24.0,97556942.754822949239816,0.0,0.0,556.65324949,589.4710813740456,0.00003301686360379853,0.215570484584718,-45.39071637244028,-3.3794126333118117,452552412.0,28.0,28.0,812988.0,175256.217121560717384,33387.1428571429,7197.2825646135012073064822022,2013.0,433.943385469037334,934840.0,201523.91180917777512,0.05799513664384185,0.03840247902956477,0.05474077001537606
2018-10-11,36.0,88563444.7306836418815,0.0,0.0,324.26272772,526.2018945735522,0.00003177295944508669,0.195697652652625,-50.78958601822177,-11.214109244969379,452552412.0,38.0,38.0,1395635.0,273122.493459846291875,36903.2631578947,7221.8819752220901716654285875,3540.5,692.8675392166188125,1402324.0,274431.5150584397005,0.05841986248626778,0.042158188902722105,0.05596465540338465
2018-10-12,17.0,93691358.982692426619612,0.0,0.0,12539.5514547,557.4442503969991,0.0000334366182086856,0.207028747385601,-45.307622615510134,-7.0801005095807055,452552412.0,18.0,18.0,36090.0,7471.66749314634009,2736.66666666667,566.56867201192876009582461867,2500.0,517.5718684640025,49260.0,10198.23609621470526,0.05824981269946793,0.043504249177582076,0.05312362511719703
2018-10-13,33.0,83042726.138486845092648,0.0,0.0,259.62265965,484.0324987642801,0.000029607597344366848,0.183498582565254,-52.44965471116066,-26.240419143820176,452552412.0,33.0,33.0,1743116.0,319859.315246815291464,53329.9696969697,9785.9738476418883380563108038,1938.0,355.620253011462252,1759889.0,322937.136972182296806,0.05868487960913596,0.04330073188793466,0.05479765135156191
2018-10-14,28.0,78325157.756286474507084,0.0,0.0,2368.10731386,460.3646033803211,0.000027992495869987526,0.173074224508357,-55.64511938699129,-28.74023440421773,452552412.0,32.0,32.0,191103.0,33075.003526220547771,7324.90625,1267.75246881516736653125,1775.0,307.206748502333675,234397.0,40568.079002085355729,0.05881355941660627,0.0441309670359964,0.05494920099406779
2018-10-15,22.0,82235946.673914570435132,0.0,0.0,564.66071502,505.1273464547185,0.00002820485452675534,0.181715851011561,-54.09723666381886,-24.790149054693643,452552412.0,20.0,20.0,801459.0,145637.804235874667499,57147.8,10384.6611104384857158,1065.5,193.6182392528182455,1142956.0,207693.222208769714316,0.058693496852275796,0.045465817927298244,0.054703194318005056
2018-10-16,16.0,88274633.396006155318272,0.0,0.0,2307.77521558,550.1957322180349,0.000030185912470384532,0.195059469478656,-52.01161805861643,-18.70998737796505,452552412.0,15.0,15.0,196099.0,38250.966905294962944,15829.0666666667,3087.6093463422842363823159552,986.0,192.328636905954816,237436.0,46314.140195134166016,0.058950838679691295,0.04777676339611624,0.05458354170921687
2018-10-17,32.0,83569359.01217018089026,0.0,0.0,1833.63618389,527.0889661795034,0.000028662113306602956,0.184662277332355,-54.22270235113351,-20.649365789633457,452552412.0,41.0,41.0,246806.0,45575.75801928920813,10295.3902439024,1901.170208464326974276982152,781.0,144.221238596569255,422111.0,77947.978547037701405,0.0588263397592507,0.04838969260249122,0.05399330582897503
2018-10-18,23.0,85486873.229038524947652,0.0,0.0,14476.58142734,544.847971744392,0.000029531772566527918,0.188899387037271,-51.97077858768648,-21.309409161047416,452552412.0,23.0,23.0,31261.0,5905.183738172128731,1463.65217391304,276.48299848794242748039291384,600.0,113.3396322223626,33664.0,6359.108965222690944,0.05872994319706916,0.04818263787222489,0.053947876509155814
2018-10-19,17.0,88187923.743361080062736,0.0,0.0,17580.31279621,563.7701212863079,0.00003052882527984162,0.194867868129628,-47.50131631647852,-23.374677246195166,452552412.0,15.0,15.0,25742.0,5016.288661392883976,2276.46666666667,443.61020620149447062622709876,607.0,118.284795954684196,34147.0,6654.153093022407316,0.05878492890273973,0.047166229957462544,0.05359105580860871
2018-10-20,28.0,89785017.355622960099664,0.0,0.0,193.0797201,557.7031057282484,0.00003095960098072945,0.198396948010572,-45.51246260809651,-21.541037499287167,452552412.0,24.0,24.0,2343863.0,465015.265754903319636,97660.9583333333,19375.6360731209650382683996476,1129.0,223.990154303935788,2343863.0,465015.265754903319636,0.05877518519530537,0.04741805588560382,0.05355088897156967
2018-10-21,10.0,89162873.317358443904652,0.0,0.0,21230.64421092,555.1902904480513,0.000030711106168452764,0.197022203292021,-42.34098534442041,-27.62410834080843,452552412.0,10.0,10.0,21316.0,4199.725285372719636,3690.6,727.1301434695327026,4530.0,892.51058091285513,36906.0,7271.301434695327026,0.058547827902799304,0.044834106945379065,0.05223105642707444
2018-10-22,19.0,93336031.339094944537644,0.0,0.0,5995.18337175,582.0542723628154,0.00003218515937910555,0.206243583868237,-38.84928173578251,-21.810644444878548,452552412.0,25.0,25.0,75486.0,15568.503171877738182,3999.92,824.95783598623854104,3783.0,780.219477773540571,99998.0,20623.945899655963526,0.05804766133857512,0.04580991321002144,0.0525902620699337
2018-10-23,30.0,93765417.099514887511356,0.0,0.0,341.26413122,579.0160348959326,0.00003239412012174537,0.207192392777513,-38.116458487921925,-18.173853089109954,452552412.0,29.0,29.0,1326106.0,274759.075216616654378,48564.8620689655,10062.2699769788425123035728015,5000.0,1035.961963887565,1408381.0,291805.829332386536453,0.057897241648315875,0.04544232335240973,0.052113295713125035
2018-10-24,13.0,93431489.281007143582212,0.0,0.0,4014.94372632,578.1609298281529,0.00003218909211527989,0.206454516214151,-42.7574890678487,-16.057737411459794,452552412.0,12.0,12.0,112717.0,23270.933704110458267,12595.25,2600.34624534628538275,6371.0,1315.321722800356021,151143.0,31204.154944155424593,0.05780095255796504,0.04524673014401104,0.05162549224597166
2018-10-25,19.0,93240439.374376512590736,0.0,0.0,18445.17676788,593.847117306405,0.000032180865530320484,0.206032355373628,-42.39756787143975,-11.529069661269975,452552412.0,17.0,17.0,24535.0,5055.00383909196298,1457.47058823529,300.28609818190391374912493212,621.0,127.946092687022988,24777.0,5104.863669092380956,0.0576527535833414,0.0443013969278575,0.05161745156375083
2018-10-26,17.0,98208546.045597704431728,0.0,0.0,2084.05439558,623.9902394958758,0.00003388610972336108,0.217010325083844,-37.118326505416576,-9.05872947439518,452552412.0,17.0,17.0,217150.0,47123.7920919567246,16372.1764705882,3552.9313382124069871649970408,7204.0,1563.342381904012176,278327.0,60399.832749611048988,0.057797580083053066,0.045187830259833396,0.05191454374776466
2018-10-27,19.0,99899259.070190785350756,0.0,0.0,1724.00918857,633.7599172415801,0.00003444099155070855,0.220746274732463,-36.86311136071424,-11.466433752359961,452552412.0,16.0,16.0,262500.0,57945.8971172715375,17064.875,3767.007585025139537125,1911.5,421.9565041511030245,273038.0,60272.121360402232594,0.05779467579050861,0.04448418541696598,0.04985240780541703
2018-10-28,27.0,105404971.427610854030304,0.0,0.0,282.45687929,681.4401256793848,0.00003635484918685512,0.232912185710792,-33.35062065729519,-4.236889222533031,452552412.0,25.0,25.0,1602200.0,373171.9039458309424,64534.84,15030.95063889624799328,1081.0,251.778072753366152,1613371.0,375773.765972406199832,0.057946606216687145,0.04551581798370691,0.05034163095804237
2018-10-29,25.0,102255068.835380595401592,0.0,0.0,762.7394969,658.223546572823,0.00003607701988554619,0.225951881205266,-36.82015787269913,-7.648557852824803,452552412.0,29.0,29.0,593325.0,134062.89991611444945,31642.3448275862,7149.6473395388201330215089292,7410.0,1674.30343973102106,917628.0,207339.772846625829048,0.05795115858828901,0.04579401849761307,0.0502236109535953
2018-10-30,37.0,102093323.73530532218184,0.0,0.0,399.87877963,646.4699192320892,0.00003596754497691256,0.22559447486782,-36.94088269680252,-8.590490008101275,452552412.0,47.0,47.0,1131724.0,255310.68147530872168,25463.1063829787,5744.336112971515360980375434,4490.0,1012.9191921565118,1196766.0,269983.79730966147012,0.05786029186416159,0.04574484907679924,0.050044081500608205
2018-10-31,24.0,97799418.409022764596084,0.0,0.0,411.44083257,609.7281052337662,0.000034268223858302505,0.216106280324107,-44.28796364604467,-8.224999920169427,452552412.0,23.0,23.0,1099921.0,237699.835960372095547,56738.0434782609,12261.4475289544210260607055163,2248.0,485.806918168592536,1304975.0,282013.293165951532325,0.05793203483336517,0.04561822854191144,0.049894371460143624
2018-11-01,192.0,96315053.086337579263536,0.0,0.0,3428.55723323,608.8072883175062,0.000033553058459283186,0.212826294883028,-43.09014728949755,-11.420352479505226,452552412.0,189.0,189.0,131995.0,28092.00679308528086,705.126984126984,150.069563453789700656978427552,688.0,146.424490879523264,133269.0,28363.147492766258532,0.057917317806661005,0.04546053893601956,0.049838627977865944
2018-11-02,29.0,97414785.330394550863572,0.0,0.0,2022.10163403,615.0516257041447,0.0000339084191150091,0.215256360914931,-34.981183122519646,-4.800109802059766,452552412.0,28.0,28.0,223803.0,48175.019341844302593,8325.17857142857,1792.04764325267793374091297867,814.0,175.218677784753834,233105.0,50177.334011074990755,0.05788936528994192,0.04425018093962814,0.04985732327408649
2018-11-03,14.0,97345859.064964926470496,0.0,0.0,15005.05344828,618.4197478820711,0.00003396862103908736,0.215104055317608,-33.06486470441777,-6.377807892495382,452552412.0,13.0,13.0,30160.0,6487.53830837905728,3677.92307692308,791.13616899236922370478559264,648.0,139.387427845809984,47813.0,10284.770196900791304,0.05780963866743195,0.044125429464653275,0.049466829504795036
2018-11-04,18.0,100450477.885068223337568,0.0,0.0,927.79117378,635.4166414103853,0.00003457160553754273,0.221964296778664,-32.74744199889555,-3.5926833686542916,452552412.0,14.0,14.0,487774.0,108268.412896916053936,34912.2857142857,7749.2809475072225867957603048,3272.5,726.37816120817794,488772.0,108489.933265101160608,0.057865069493005364,0.04454598535981073,0.04153513416475297
2018-11-05,29.0,101210907.008899409964684,0.0,0.0,2917.52836283,696.7056450888559,0.00003492838752643422,0.223644608503157,-30.81290849887018,-2.119288236442126,452552412.0,26.0,26.0,155115.0,34690.633447967198055,6357.23076923077,1421.76038654883918034200654089,1707.0,381.761346714888999,165288.0,36965.770050269814216,0.05786884267948133,0.044556841938451254,0.04131735429162938
2018-11-06,44.0,104648856.877943622431304,0.0,0.0,2311.52365143,725.4948136094773,0.000035900666728459184,0.231241407852542,-34.19176166837274,0.9064913708838539,452552412.0,44.0,44.0,195781.0,45272.674070778525302,4815.95454545455,1113.6481092447591166427629661,1593.5,368.483183413025677,211902.0,49000.516806769354884,0.05768097263690991,0.044988007228971595,0.04153232374153572
2018-11-07,60.0,110609892.112561683862956,0.0,0.0,298.32831035,767.2202399053759,0.00003759703670817119,0.244413440696813,-35.45324858623257,5.968922498457371,452552412.0,109.0,109.0,1516961.0,370765.657412878145293,21634.5963302752,5287.7861271692057513760529376,1599.0,390.817091674203987,2358171.0,576368.687861444209023,0.05759201442705377,0.046092806869079045,0.041584909427137114
2018-11-08,15.0,106500226.820371615257468,0.0,0.0,16542.4722009,753.2210606731336,0.00003673192357994386,0.235332359294489,-47.115693346304155,6.917452491285485,452552412.0,17.0,17.0,27357.0,6437.987353219335573,1764.64705882353,415.27855567502222731315252617,889.0,209.210467412800721,29999.0,7059.735446475375511,0.05750156806558117,0.0457958592696432,0.04185380095906693
2018-11-09,18.0,110308801.773806722633872,0.0,0.0,2527.36448473,778.676462143644,0.0000384984272322699,0.243748124744956,-47.50805162420373,13.071195815382758,452552412.0,20.0,20.0,179061.0,43645.782964956566316,8957.65,2183.4103896216551134,2039.0,497.002426354965284,179153.0,43668.207792433102268,0.057507309272015875,0.04596384693227788,0.042074861122720346
2018-11-10,14.0,109519582.393758981638532,0.0,0.0,663.2281651,763.8538027914044,0.00003809222433840505,0.242004195513511,-41.59683309633409,23.662288347976688,452552412.0,17.0,17.0,682348.0,165131.078800253203828,42416.2352941177,10264.9068990647456258691742447,8010.0,1938.45360606322311,721076.0,174503.417284100457836,0.057492994180488165,0.04192128632291437,0.04205245496879478
2018-11-11,15.0,111386066.136884794729344,0.0,0.0,13018.96988004,785.5623070627024,0.00003884963726559704,0.246128543751712,-38.925597731111665,18.88616767471705,452552412.0,17.0,17.0,34761.0,8555.674309353260832,3376.88235294118,831.14713595026738539486030016,4170.0,1026.35602744463904,57407.0,14129.501311154530784,0.05751033796844679,0.04093214784496624,0.04208262054335562
2018-11-12,27.0,112797549.7445721319239,0.0,0.0,1838.27645288,795.4155210616607,0.00003943379946044851,0.249247483282825,-35.94540497475464,35.830740378711106,452552412.0,31.0,31.0,246183.0,61360.493177015706975,8754.03225806452,2181.920508899247234990257869,1013.0,252.487700565501725,271375.0,67639.535775876634375,0.056822517224172156,0.03324997220817255,0.03962723603974123
2018-11-13,20.0,114207984.688974296874156,0.0,0.0,2776.12266281,803.7682711994063,0.00004026269978219122,0.252364105594413,-37.29397846602796,45.81264559254314,452552412.0,24.0,24.0,163016.0,41139.387037578829608,7343.04166666667,1853.12014255084193408868531471,534.5,134.8886144402137485,176233.0,44474.883421220186229,0.056782823062528,0.030614196675783408,0.03953166753999908
2018-11-14,24.0,94639761.132424148757636,0.0,0.0,148.26413842,642.3286789198044,0.00003751609773204482,0.209124421001703,-48.97084095423744,15.083202614172727,452552412.0,25.0,25.0,3052339.0,638318.626075917133317,123162.36,25756.25722420330549908,10000.0,2091.24421001703,3079059.0,643906.430605082637477,0.05819068700120694,0.04705536229164628,0.04642741540081836
2018-11-15,30.0,95751595.606869684924624,0.0,0.0,3445.52447371,648.7521529737759,0.00003820148305273941,0.211581229196652,-47.22479460438523,8.470114146293154,452552412.0,25.0,25.0,131345.0,27790.13654883425694,6799.44,1438.63387304888347488,1580.0,334.29834213071016,169986.0,35965.846826222086872,0.05819804477716068,0.04539662870781235,0.04645892218621331
2018-11-16,13.0,92743431.10831206953922,0.0,0.0,107.19339831,590.7361466127685,0.00003728775774148377,0.204934121770435,-47.28949560996224,10.977794019942012,452552412.0,11.0,11.0,4221831.0,865197.228248197366485,383820.0,78657.8146179283617,3270.0,670.13457818932245,4222020.0,865235.9607972119787,0.05762167711165415,0.04458312115678572,0.04647266017924694
2018-11-17,9.0,92562572.087658975448848,0.0,0.0,10904.87739759,642.1056648657632,0.00003718070284202666,0.204534479616604,-46.602251330325245,8.276941934305015,452552412.0,8.0,8.0,41500.0,8488.180904089066,5188.75,1061.278281110654005,3210.5,656.657946809107142,41510.0,8490.22624888523204,0.05754014086908313,0.04444368680364336,0.04626842079959361
2018-11-18,11.0,99845339.969720904977964,0.0,0.0,17103.26575964,717.2058407164168,0.00003971416459666804,0.220627130299597,-43.900989696851376,13.218835109764571,452552412.0,11.0,11.0,26460.0,5837.79386772733662,4172.0,920.456387609918684,3000.0,661.881390898791,45892.0,10125.020263709105524,0.05739589665330752,0.04614352031145351,0.04672359953797714
2018-11-19,24.0,82175162.587615690819668,0.0,0.0,1650.84379172,588.0845769120837,0.00003789105968019774,0.181581537096339,-53.54824304505137,-8.475639914247548,452552412.0,25.0,25.0,274134.0,49777.673090367795426,11560.0,2099.08256883367884,1393.0,252.943081175200227,289000.0,52477.064220841971,0.05908365459034608,0.058608222079558576,0.05291725131491649
2018-11-20,23.0,80638497.419719753454616,0.0,0.0,1028.99359483,573.6464447445384,0.00004127034615123702,0.178185985272618,-54.364174231207365,-9.560454458772071,452552412.0,21.0,21.0,439801.0,78366.374508882669018,22247.4285714286,3964.1799797821974304567220748,4000.0,712.743941090472,467196.0,83247.779575426039128,0.0588326815639157,0.05867668173066278,0.05190699740796579
2018-11-21,21.0,89670230.509184431562976,0.0,0.0,859.26966171,644.4377982215701,0.00004355446907646973,0.198143304800648,-51.81134654577725,-3.9275302124133034,452552412.0,19.0,19.0,526671.0,104356.332482662082808,28081.5789473684,5564.1768566518769022462147232,1500.0,297.214957200972,533550.0,105719.3602763857404,0.058286994131315155,0.06139385270280884,0.05381574046439189
2018-11-22,16.0,81510528.3961870280925,0.0,0.0,733.10515803,582.4818638450735,0.00004185153165557478,0.180112902361875,-57.56436641757842,-13.069731978391921,452552412.0,16.0,16.0,617309.0,111185.315644106694375,42421.5625,7640.6707446006779296875,2360.5,425.1565060252059375,678745.0,122250.731913610846875,0.05807060177909955,0.06373108718503283,0.054885713887939454
2018-11-23,13.0,79716164.723844900308928,0.0,0.0,3628.92549737,568.8188008150134,0.00004106114606134126,0.176147917036944,-62.06291609887674,-14.679552539199776,452552412.0,12.0,12.0,124707.0,21966.878289926175408,17425.4166666667,3069.4508493341871315972345648,2085.0,367.26840702202824,209105.0,36833.41019201017512,0.058060635028502304,0.06381127277240914,0.05484332515128526
2018-11-24,13.0,74961332.044731375556872,0.0,0.0,27367.70754717,561.0905029416269,0.000043517452631629447,0.165641216480206,-63.820242003901306,-19.604269834305857,452552412.0,9.0,9.0,16536.0,2739.043155716686416,1837.33333333333,304.33812841296460519594506598,1275.0,211.19255101226265,16536.0,2739.043155716686416,0.05783098601981688,0.0646250396941604,0.05495513718474695
2018-11-25,27.0,72453634.137160261387896,0.0,0.0,105.58083779,540.9893206950433,0.000040563981152626956,0.160099984479058,-66.59938485994721,-26.22471561332308,452552412.0,27.0,27.0,4286312.0,686238.484672400054096,160641.185185185,25718.65125484560042948435573,3559.0,569.795844760967422,4337312.0,694403.583880832012096,0.05775821707350556,0.06381062062107022,0.05493103007773949
2018-11-26,15.0,68564956.65128934000774,0.0,0.0,1948.56559985,511.40890393073914,0.000040944731747295664,0.151507217359145,-66.94936085818355,-31.365900718928735,452552412.0,12.0,12.0,232249.0,35187.399724444067105,29354.0833333333,4447.3554839617838751760880285,5926.5,897.9075236789728425,352249.0,53368.265807541467105,0.05786148141323841,0.06411071731266312,0.054874597419242624
2018-11-27,20.0,67719192.94959486742776,0.0,0.0,214.28056565,509.18554755340404,0.00003962296508367427,0.14963834277298,-69.79543872149154,-35.753321657980344,452552412.0,26.0,26.0,2111962.0,316030.49367950838676,96735.6153846154,14475.357173278236743666811892,25000.0,3740.9585693245,2515126.0,376359.28650523409548,0.0576348795821389,0.06288147236614593,0.05483451541492395
2018-11-28,13.0,77833113.664393263028476,0.0,0.0,1436.15913022,583.1824115772608,0.00004086681023086628,0.171986960185273,-69.00248477964004,-23.883368765125944,452552412.0,10.0,10.0,315113.0,54195.326984861930849,61511.3,10579.1415040443830849,2417.0,415.692482767804841,615113.0,105791.415040443830849,0.05864437693503838,0.06877406525027605,0.058018835628864764
2018-11-29,12.0,78361653.977971765572756,0.0,0.0,862.83291388,596.1934122732735,0.00004084766614664341,0.173154869800963,-62.2333626301819,-23.245075083324775,452552412.0,11.0,11.0,524496.0,90819.036591125889648,47699.4545454545,8259.3928413951267040513726835,1774.0,307.176739026908362,524694.0,90853.321255346480322,0.05858559038937754,0.06882240798547389,0.058011277545862966
2018-11-30,17.0,72181813.461107502847188,0.0,0.0,7113.47886638,555.8283295734318,0.00004014244543084077,0.159499345373299,-66.1097293539932,-26.19402585890208,452552412.0,13.0,13.0,63619.0,10147.188853303909081,6439.84615384615,1027.15124584321828515636394885,994.0,158.542349301059206,83718.0,13352.966195961845682,0.0586137117873251,0.06985670174148806,0.058608122165895934
2018-12-01,25.0,73068750.657718149861384,0.0,0.0,766.80664477,561.6428305260998,0.00003892389847701279,0.161459200570382,-67.1540503461378,-24.13568978442162,452552412.0,22.0,22.0,590178.0,95289.668074226907996,26866.1363636364,4337.7848996876028262436571048,757.0,122.224614831779174,591055.0,95431.26779312713301,0.058598769651201615,0.06996693821723945,0.05855594839178137
2018-12-02,16.0,69916008.18313105758114,0.0,0.0,3867.17606645,538.1268632208197,0.00003769264843830422,0.154492620808595,-69.28264835357442,-28.228545650434807,452552412.0,21.0,21.0,117024.0,18079.34445750502128,6286.85714285714,971.2730366492350957353691183,4704.0,726.73328828363088,132024.0,20396.73376963394628,0.05859574095138341,0.07013741337150105,0.05833462082903428
2018-12-03,17.0,61845958.745020752322332,0.0,0.0,829.18923297,473.26930877590587,0.00003555180864948086,0.136660322882161,-74.4231017171255,-36.46780732219219,452552412.0,14.0,14.0,545777.0,74586.061041657184097,43268.3571428571,5913.0676577235084914861621931,24512.0,3349.817834487530432,605757.0,82782.947208129200877,0.05911612572240066,0.07299230836674875,0.06015212963648398
2018-12-04,24.0,63882274.050408852098424,0.0,0.0,204.46749818,476.98997032493577,0.00003626039027018062,0.141159946022802,-75.65309772159532,-36.40421091525257,452552412.0,22.0,22.0,2213322.0,312432.414051080168244,100605.545454545,14201.47336595812530202453509,3530.0,498.29460946049106,2213322.0,312432.414051080168244,0.05918100911693026,0.07301451941481153,0.0603707795853404
2018-12-05,13.0,62381328.237234182221812,0.0,0.0,968.78914739,465.67783687745464,0.000037159333543075396,0.137843322857451,-77.94495273352187,-38.365014126640496,452552412.0,11.0,11.0,467132.0,64391.027093046800532,46587.1818181818,6421.7319443824049491214025918,4890.0,674.05384877293539,512459.0,70639.051388206482009,0.05907996279214174,0.07290362117636981,0.060404380853598
2018-12-06,14.0,62385608.174162473170984,0.0,0.0,5562.34528024,465.43882424813035,0.000039252277257808315,0.137852780186182,-74.52927321275689,-40.38577196602784,452552412.0,14.0,14.0,81360.0,11215.70219594776752,8814.07142857143,1215.04425118816450078968598026,3926.5,541.278941401043623,123397.0,17010.619516634300254,0.05900773406606222,0.07237470688502515,0.06039630119952556
2018-12-07,18.0,61206065.371832091975264,0.0,0.0,342.34762907,450.11631606799256,0.00004009680710665981,0.135246357656872,-72.59358594472253,-44.66492625311847,452552412.0,15.0,15.0,1321909.0,178783.377403838008648,97884.0666666667,13238.4634893091071476785885624,11807.0,1596.853744854687704,1468261.0,198576.952339636539592,0.05649002236126275,0.07106250704851985,0.060379363799089716
2018-12-08,16.0,61329907.616238493308492,0.0,0.0,200.84723842,440.7362198300287,0.00003976583077015912,0.135520010478341,-73.8161563414744,-42.41335493145902,452552412.0,18.0,18.0,2253217.0,305355.991449976072997,125248.055555556,16973.617801280784818060212596,747.0,101.233447827320727,2254465.0,305525.120423053042565,0.05627256982598591,0.07108456974289637,0.06018885868733008
2018-12-09,24.0,69311488.88613932775702,0.0,0.0,1193.57525247,496.0924181744933,0.00004325926710420863,0.153156821283585,-68.60552450526059,-37.165948889313725,452552412.0,22.0,22.0,379157.0,58070.480887420237845,17715.2727272727,2713.2148590808723484503286295,4764.5,729.7156750056407325,389736.0,59690.72689977928356,0.05642856018108039,0.0750231476891078,0.062469829426712004
2018-12-10,11.0,64973364.618284265171132,0.0,0.0,9097.07946208,474.05872678296436,0.000042058597533201266,0.143570916639561,-67.97541190698256,-40.67420346373891,452552412.0,9.0,9.0,49747.0,7142.222390068241067,5527.44444444444,793.58026556313725824037049084,1337.0,191.954315547093057,49747.0,7142.222390068241067,0.05647043896510301,0.07553528377158736,0.061811355894888405
2018-12-11,12.0,60629300.209079775954924,0.0,0.0,27173.79680557,463.5422010091289,0.00003996102032130219,0.133971886131677,-70.33827144942765,-45.568326172349884,452552412.0,10.0,10.0,16654.0,2231.167791636948758,2674.2,358.2676178933306334,982.0,131.560392181306814,26742.0,3582.676178933306334,0.05585525504268103,0.07582209502761396,0.0618198921430629
2018-12-12,8.0,62875649.13161239942806,0.0,0.0,755513.20868114,487.4130331091371,0.00004058869234165185,0.138935618205505,-75.20704055266273,-44.25796546645464,452552412.0,6.0,6.0,599.0,83.222435305097495,100.0,13.8935618205505,92.0,12.78207687490646,600.0,83.361370923303,0.05579888071724978,0.07630054225008337,0.0602416558423804
2018-12-13,33.0,57754763.070668859407628,0.0,0.0,2254.20734313,463.3491452404522,0.00003914315428674018,0.127620053587669,-76.02940388610277,-49.43018806613743,452552412.0,28.0,28.0,200759.0,25620.874338206840771,7271.21428571429,927.95275679028206072880109001,2679.0,341.894123561365251,203594.0,25982.677190127882386,0.05606284130616946,0.07696478912462631,0.06073750662592607
2018-12-14,15.0,56657635.183086512517852,0.0,0.0,821.43061576,452.10235012693295,0.000039136542066547864,0.125195742373121,-75.40682710775341,-40.13337047225992,452552412.0,17.0,17.0,550932.0,68974.340737108298772,35050.8235294118,4388.2138725539674506732602278,977.0,122.316240298539217,595864.0,74599.635833417371544,0.056064112487910565,0.07035637207638007,0.0603494135416813
2018-12-15,13.0,56068158.661732239214608,0.0,0.0,4972.1745608,447.5694293908335,0.00003889805417268984,0.123893182701084,-75.84476222873535,-41.44415212469876,452552412.0,13.0,13.0,91017.0,11276.385809904562428,7717.92307692308,956.19805384214353290210061872,887.0,109.893253055861508,100333.0,12430.574699947860972,0.055808337947592324,0.0701599118165919,0.05949635442050001
2018-12-16,11.0,55906088.312851217560704,0.0,0.0,1497.25863678,445.9630816764482,0.000038660103573342745,0.123535057664992,-73.88586429850899,-39.71962472731864,452552412.0,13.0,13.0,302254.0,37338.965319474491968,23842.6153846154,2945.3988664226888519239640768,4300.0,531.2007479594656,309954.0,38290.185263494930368,0.05580676106836174,0.07015917400524914,0.05917472177101912
2018-12-17,21.0,60696108.095181842418096,0.0,0.0,7228.57892215,491.4073696313542,0.00003832909773094084,0.134119510769908,-78.47850886030324,-34.42694306538806,452552412.0,16.0,16.0,62606.0,8396.686091260860248,5528.125,741.4294204748976625,1626.5,218.145384267255362,88450.0,11862.8707275983626,0.056125591641379036,0.07242232828927304,0.06016629131524182
2018-12-18,315.0,62070986.04110839768086,0.0,0.0,251.40613471,492.4985915065627,0.00003747958382695658,0.137157563179905,-81.99414332878568,-37.83286625101178,452552412.0,315.0,315.0,1800085.0,246895.272116699291925,5714.55555555556,783.7945146561888379225030218,244.0,33.46644541589682,1800085.0,246895.272116699291925,0.056159489297696576,0.07077768091314983,0.060086429082939895
2018-12-19,13.0,63509345.73739784200458,0.0,0.0,6375.86345257,519.927194393714,0.0000379519512649526,0.140335890503215,-80.22320252669819,-22.714669813176506,452552412.0,14.0,14.0,70979.0,9960.901172027697485,8210.0,1152.15766103139515,787.0,110.444345826030205,114940.0,16130.2072544395321,0.05508327660072321,0.06247297467481626,0.06012313316968842
2018-12-20,16.0,69334126.743755922244872,0.0,0.0,988.20063936,568.3249226308149,0.00003766389450613689,0.153206843904206,-80.00910342043213,-14.018578021270775,452552412.0,13.0,13.0,457956.0,70161.993406994562936,65996.6153846154,10111.1331514366918136437523724,9807.0,1502.499518168548242,857956.0,131444.730968676962936,0.05550426789896669,0.06485519440877376,0.06132269693512571
2018-12-21,15.0,62368886.470191788385132,0.0,0.0,12179.1380591,513.6772411108695,0.00003589809200164331,0.137815830424061,-82.94121791245456,-30.44638547705787,452552412.0,14.0,14.0,37158.0,5120.960626897258638,2666.85714285714,367.53513176519542738334164554,455.0,62.706202842947755,37336.0,5145.491844712741496,0.05591719092139382,0.06386520281928457,0.06234539912206637
2018-12-22,8.0,66470287.995878274203124,0.0,0.0,54029.65759312,548.4261889019833,0.000037044299510143,0.146878651474027,-78.47794984249288,-18.451899032238774,452552412.0,9.0,9.0,8376.0,1230.255584746450152,1080.44444444444,158.69422299260363031710455988,272.0,39.950993200935344,9724.0,1428.248006933438548,0.05606481625525821,0.06331234017050047,0.06299059582194065
2018-12-23,11.0,68218054.537370257483392,0.0,0.0,16612.91479755,563.0937016107547,0.00003823317358448847,0.150740671640416,-82.98937688795984,-14.423812568387776,452552412.0,8.0,8.0,27241.0,4106.326636156572256,3405.125,513.290829519571532,1889.5,284.824499064566032,27241.0,4106.326636156572256,0.055929939947547136,0.06351795638367126,0.0631229657442774
2018-12-24,20.0,72296949.992576824412664,0.0,0.0,3172.71161464,610.156922171913,0.00003954256203969122,0.159753761278322,-80.56873639583364,-3.5543419246667645,452552412.0,19.0,19.0,142639.0,22787.116754978571758,7992.31578947368,1276.80250869254190566837356496,1828.0,292.029875616772616,151854.0,24259.247665158308988,0.05598101138993837,0.0636143180013198,0.06364950622715725
2018-12-25,14.0,62268016.331201128783608,0.0,0.0,128.00426198,504.1651803659064,0.00003657845695093701,0.137592938806834,-84.5370162285588,-14.058118584744806,452552412.0,11.0,11.0,3535448.0,486452.680318743651632,324749.636363636,44683.256843723361708385888424,250000.0,34398.2347017085,3572246.0,491515.825280957529164,0.05701487014681593,0.06892729028175273,0.06590293158949093
2018-12-26,15.0,63160429.80000545769354,0.0,0.0,622.65658791,507.0052417008034,0.00003665374224556087,0.139564894861295,-83.88963719879949,-7.8823456109955075,452552412.0,15.0,15.0,726809.0,101437.021669242957655,61360.4666666667,8563.7670789733344564964953765,3498.0,488.19800222480991,920407.0,128456.506184599947065,0.056933420977503105,0.06834946270362227,0.06588594122082009
2018-12-27,21.0,57289966.761423037209048,0.0,0.0,3978.62265047,460.24522291948375,0.00003530731885510149,0.126592998384954,-86.23572684836921,-15.400694742382074,452552412.0,22.0,22.0,113746.0,14399.447194294977684,5486.36363636364,694.53522295745263306544867256,698.0,88.361912872697892,120700.0,15279.7749050639478,0.05726545230751875,0.07049886295259841,0.06639163751070784
2018-12-28,19.0,61922347.362471391962348,0.0,0.0,571.80453499,494.73871442595026,0.00003525565136656689,0.136829117955229,-84.88038679419037,-20.44215572632379,452552412.0,16.0,16.0,791446.0,108292.858089194171134,63264.5,8656.4257328785850705,10000.0,1368.29117955229,1012232.0,138502.811726057361128,0.057575730063446066,0.06695128337236174,0.06729528052223831
2018-12-29,92.0,61518048.724841711715804,0.0,0.0,531.48231984,487.87130216442984,0.000035556062110416565,0.135935743780417,-84.5778490500857,-21.49470359299072,452552412.0,90.0,90.0,851491.0,115748.062407331051747,9461.01111111111,1286.08958230367820170472913287,97.5,13.2537350185906575,851491.0,115748.062407331051747,0.05747717623819937,0.06689670476284217,0.06728985737994292
2018-12-30,12.0,60631820.136156789194844,0.0,0.0,6968.34830007,535.7773080927983,0.0000350230545859861,0.133977454386337,-83.20203052860955,-16.00125124478064,452552412.0,11.0,11.0,64944.0,8701.031797666270128,9127.54545454545,1222.88530479558064655702551665,998.0,133.709499477564326,100403.0,13451.738352751393811,0.05744899390666655,0.06543781705069947,0.06714250509419495
2018-12-31,17.0,59338921.843424082773004,0.0,0.0,3708.07826621,526.8778723130401,0.000035561009337397555,0.131120551498517,-85.67153846266268,-18.79028817477639,452552412.0,14.0,14.0,122045.0,16002.607707636507265,8931.78571428571,1171.14066872371788555477929207,4515.0,592.009290015804255,125045.0,16395.969362132058265,0.05746207732608394,0.06540748606481231,0.06715894453151006
2019-01-01,18.0,62649527.70055116166146,0.0,0.0,2041.32890683,558.602998966226,0.000036352856274139356,0.138435960209955,-87.28262809428071,-10.39315697707855,452552412.0,23.0,23.0,221695.0,30690.560198745973725,10119.34782609,1400.88163300328986922672595,5850.0,809.85036722823675,232745.0,32220.277559065976475,0.05762610143622361,0.06594427059989928,0.06759678508211991
2019-01-02,23.0,68104116.426771767110548,0.0,0.0,4400.37738711,610.2554433534951,0.000038604740866801635,0.150488903872579,-86.1800198303141,10.118943595898012,452552412.0,24.0,24.0,102844.0,15476.880829871514676,4331.5,651.8426871240759385,949.0,142.813969775077471,103956.0,15644.224490977822524,0.05785092355341274,0.06382333634222581,0.06860344094656912
2019-01-03,22.0,64791326.143267225896264,0.0,0.0,365.86063658,571.8432344098626,0.00003783138627604131,0.143168668258622,-87.6110005890346,1.4230114791171327,452552412.0,26.0,26.0,1236953.0,177092.913708507258766,57225.80769231,8192.94267733202938008059682,10078.0,1442.853838710392516,1487871.0,213016.509610624173762,0.057915951658870674,0.06429172324342398,0.06865571126943046
2019-01-04,19.0,64159937.921491633392288,0.0,0.0,261.42355763,556.5271233101739,0.00003704051881966979,0.141773496771224,-86.69080965021958,2.8511891851572333,452552412.0,17.0,17.0,1731108.0,245425.234448640036192,101930.64705882,14451.06426168239038201139568,897.0,127.170826603787928,1732821.0,245668.092448609142904,0.05786517670897254,0.0641604289281911,0.06862862970166855
2019-01-05,34.0,62242386.894878545333524,0.0,0.0,377.80737812,531.9476923117736,0.000036206971110422496,0.137536305728227,-86.55832757713642,-0.2295742294987193,452552412.0,35.0,35.0,1197839.0,164746.350917193701453,34815.14285714,4788.34613197150550512649078,111.0,15.266529935833197,1218530.0,167592.11461901644631,0.05789551886381926,0.06441436602535279,0.06847639512461297
2019-01-06,17.0,65056252.35706437113754,0.0,0.0,3304.91855141,556.5951950979503,0.00003552997872539092,0.143754072748295,-85.83503604347116,6.290531766487609,452552412.0,14.0,14.0,136933.0,19684.676443642279235,14287.21428571,2053.84524179843492504536445,7088.0,1018.92886763991496,200021.0,28753.833385186714195,0.05772064586235629,0.06480579015875693,0.0683141094080474
2019-01-07,9.0,64233942.813579663722832,0.0,0.0,22487.07637267,568.8024011703734,0.000035475225226138095,0.141937024553036,-87.7127845915054,4.735104470583386,452552412.0,6.0,6.0,20125.0,2856.4826191298495,5463.16666667,775.42562130446763074851012,3404.0,483.153631578534544,32779.0,4652.553727823967044,0.057639470899225394,0.06486175250791995,0.06821013860823752
2019-01-08,19.0,56084248.384510954128456,0.0,0.0,223.53731505,492.9667772736493,0.00003103943009928717,0.123928735981438,-88.04706293923648,-19.083763333027328,452552412.0,20.0,20.0,2024505.0,250894.34563810113819,161070.3,19961.2386831510130914,11468.0,1421.214744235130984,3221406.0,399224.773663020261828,0.0584429979439439,0.06539571532561203,0.0699046827757241
2019-01-09,18.0,60018151.290373680845532,0.0,0.0,3836.71811654,541.1528936216413,0.00003312009438574636,0.132621437205761,-87.86617113790408,-7.626530282096754,452552412.0,15.0,15.0,117953.0,15643.096382731127233,8677.73333333,1150.85346635456368360931413,645.0,85.540826997715845,130166.0,17262.801995325086326,0.05853453902086842,0.06584322946727707,0.07064523298862818
2019-01-10,22.0,51173423.054314438254156,0.0,0.0,9774.77238758,461.5079158806609,0.00003116878433148552,0.113077340209413,-89.13491597165914,-15.596216882195238,452552412.0,16.0,16.0,46298.0,5235.254697015403074,3035.75,343.27453554072551475,2164.0,244.699364213169732,48572.0,5492.392568651608236,0.05956590309077347,0.07085789606165822,0.07313004962476141
2019-01-11,20.0,51628329.82874876822682,0.0,0.0,721.78454236,477.49247923787055,0.00003147832818747559,0.114082542617735,-86.01948546264772,-17.888195920364264,452552412.0,15.0,15.0,626991.0,71528.727478436285385,41899.4,4779.990086157525859,2022.0,230.67490117306017,628491.0,71699.851292362887885,0.05949706317099624,0.07047198274401556,0.07310947810811824
2019-01-12,7.0,52320206.02281047994042,0.0,0.0,25500.22043162,485.43899871655447,0.000031963137408974924,0.115611373700535,-87.43865189358539,-9.409712305820818,452552412.0,4.0,4.0,17747.0,2051.755049063394645,4436.75,512.93876226584866125,3874.0,447.87846171587259,17747.0,2051.755049063394645,0.059459322505798794,0.0689707955539582,0.07311479226546165
2019-01-13,11.0,48959859.078887665486656,0.0,0.0,10069.25089,460.950582101413,0.000030833919785104995,0.108186052666288,-89.55003257691341,-13.58647617275914,452552412.0,9.0,9.0,44944.0,4862.313951033647872,5216.0,564.298450707358208,2000.0,216.372105332576,46944.0,5078.686056366223872,0.05939854498247448,0.06987812400497234,0.06979404200773619
2019-01-14,14.0,51997496.10220448489544,0.0,0.0,1041.24081283,488.951750512957,0.0000313335158094451,0.11489828520062,-87.6178100120971,-7.26020375323307,452552412.0,13.0,13.0,434628.0,49938.01190017506936,33586.76923077,3859.0621900444198725270774,2219.0,254.95929486017578,436628.0,50167.80847057630936,0.059564019879794816,0.07086681630811217,0.07033996193114815
2019-01-15,18.0,49449293.874052240640316,0.0,0.0,2226.18582686,466.12789202727987,0.000030510642603954367,0.109267551255593,-88.96369324895183,-11.549358278595113,452552412.0,16.0,16.0,203286.0,22212.563424544478598,13733.8125,1500.6600612784538383125,958.0,104.678314102858094,219741.0,24010.560980455261413,0.059473710583014705,0.07140096584017865,0.07047565195886125
2019-01-16,18.0,52516111.080360250711284,0.0,0.0,640.73953592,491.1245931723624,0.00003217208062151256,0.116044262913707,-82.85239165350296,-13.476971212048658,452552412.0,13.0,13.0,706297.0,81961.714763162512979,69715.15384615,8090.04364199216236660417805,990.0,114.88382028456993,906297.0,105170.567345903912979,0.059555623871250754,0.07059139401986951,0.07105704371328318
2019-01-17,14.0,53866814.869555090914264,0.0,0.0,2455.93351025,502.87224600659147,0.00003269908667764028,0.119028897960122,-82.63374974440733,-13.217401067416326,452552412.0,13.0,13.0,184269.0,21933.335998213720818,14204.92307692,1690.79633945409291169858424,841.0,100.103303184462602,184664.0,21980.352412907969008,0.05960390390889709,0.07063333661394101,0.07032762220085838
2019-01-18,13.0,52745419.820834607124752,0.0,0.0,2053.08090697,515.9136871514418,0.0000322907132883126,0.116550963871196,-82.23759601532564,-16.948569996407368,452552412.0,11.0,11.0,220426.0,25690.862762272249496,38655.45454545,4505.3304861514021465278582,4784.0,557.579811159801664,425210.0,49558.63534767125116,0.05961310752171476,0.0704960406299673,0.06604962940745233
2019-01-19,12.0,54898692.42928201393158,0.0,0.0,25984.86518144,537.0971070506496,0.000032899129915078246,0.121309026255465,-82.67009194231892,-20.820099700432056,452552412.0,8.0,8.0,17416.0,2112.71800126517844,2177.0,264.089750158147305,801.0,97.168530030627465,17416.0,2112.71800126517844,0.05966336326941572,0.06882135571606972,0.06631305682655428
2019-01-20,10.0,52137806.95443387815982,0.0,0.0,26444.94898615,510.8412474571231,0.000032560235620885724,0.115208328520485,-84.70164949094263,-16.404140100605602,452552412.0,7.0,7.0,17113.0,1971.560125971059805,2444.71428571,281.65144656680050787776935,1222.0,140.78457745203267,17113.0,1971.560125971059805,0.0589459196914524,0.06683879724360899,0.06488622495474224
2019-01-21,5.0,52589005.209806638397292,0.0,0.0,88822.84828263,531.1144061726635,0.00003286700062125706,0.116205336255741,-82.55549229850652,-20.8834401122685,452552412.0,3.0,3.0,5095.0,592.066188223000395,3365.0,391.030956500568465,5000.0,581.026681278705,10095.0,1173.092869501705395,0.05893857535734069,0.06560445926617775,0.06392193323594599
2019-01-22,23.0,53114474.13732603894036,0.0,0.0,6735.21270389,537.3489814735825,0.00003280859450394913,0.11736645906403,-83.29880730738098,-22.140151170348,452552412.0,16.0,16.0,67192.0,7886.08711743030376,4637.0,544.22827067990711,2000.0,234.73291812806,74192.0,8707.65233087851376,0.05893739697427436,0.06538507760068915,0.06392941850888627
2019-01-23,25.0,55006095.556622109516396,0.0,0.0,4713.20389927,556.0726266287502,0.00003422015405413576,0.121546353743933,-81.69006302360367,-23.9164369143236,452552412.0,27.0,27.0,96018.0,11670.637793784958794,4111.77777778,499.77159629449061389720874,2998.0,364.395968524311134,111018.0,13493.833099943953794,0.05890970399400719,0.06470901304561662,0.06374265159084049
2019-01-24,22.0,54625456.455074082883344,0.0,0.0,1398.13463172,552.7246403089297,0.000033833847459894204,0.120705259781212,-81.59874570492937,-12.273652392388042,452552412.0,18.0,18.0,323683.0,39070.240601762043796,30593.77777778,3692.82989435560567035506936,1232.0,148.708880050453184,550688.0,66470.938098396073856,0.05889652952641634,0.05904319779634549,0.06363056576372171
2019-01-25,16.0,54136020.534685000742532,0.0,0.0,3719.50696145,550.4576394671384,0.00003358943714588643,0.119623758705511,-81.10816215752583,-14.288074501544449,452552412.0,14.0,14.0,121670.0,14554.62272169952337,8690.71428571,1039.61590869231042460554781,998.0,119.384511188099978,121670.0,14554.62272169952337,0.05888893462896623,0.05894316382045807,0.0632882833845638
2019-01-26,16.0,54430006.615757842126512,0.0,0.0,12038.52979357,577.4994798281223,0.00003381277110298591,0.120273376458676,-81.53000932194622,-4.9920785563991386,452552412.0,16.0,16.0,37592.0,4521.316767834548192,2349.5,282.582297989659262,1786.0,214.808250355195336,37592.0,4521.316767834548192,0.058895472971270325,0.056315733299935236,0.06328967467930362
2019-01-27,7.0,53227861.0114733227902,0.0,0.0,13568.16010074,573.544075774178,0.000033247551719287805,0.11761700877085,-82.94145588479591,-14.040950838158055,452552412.0,6.0,6.0,33354.0,3922.9977105429309,8228.16666667,967.7723510017409983625695,8670.0,1019.7394660432695,49369.0,5806.63410600809365,0.058733698199636385,0.05437723058160975,0.06048408959344408
2019-01-28,21.0,50569716.565365267118056,0.0,0.0,634.83695628,556.607363783803,0.000032530313956173554,0.111743336737238,-83.88292489840764,-17.79694315150698,452552412.0,20.0,20.0,712864.0,79657.801999854429632,36403.3,4067.8262102466960854,1869.0,208.848296361897822,728066.0,81356.524204933921708,0.058818831956552166,0.05502786923880041,0.06073408791884767
2019-01-29,13.0,49422585.706185665809992,0.0,0.0,3534.70965626,559.2831991408723,0.00003215965907781901,0.109208534515966,-83.21283778596876,-18.48737907718968,452552412.0,15.0,15.0,128031.0,13982.077882613642946,10535.26666667,1150.54103340193676271505322,9998.0,1091.866928090628068,158029.0,17258.115501023591014,0.058196517094527035,0.05509154846840909,0.05997364616798885
2019-01-30,18.0,51253468.556133758972928,0.0,0.0,1221.89603342,578.9935332867697,0.00003294288723917635,0.113254215858944,-80.22290338376921,-13.62588506178993,452552412.0,13.0,13.0,370369.0,41945.850673461230336,29304.07692308,3318.81025339360183081802752,10180.0,1152.92791744404992,380953.0,43144.533294112293632,0.058284987036316634,0.05557023109252198,0.06018092166670718
2019-01-31,18.0,47934166.162333209535764,0.0,0.0,3078.83917054,543.7217434445315,0.000031060264656750194,0.105919590507747,-81.52704675299513,-23.488383836752355,452552412.0,17.0,17.0,146988.0,15568.908769552716036,8646.35294118,915.81816291523948302532146,8926.0,945.438264872149722,146988.0,15568.908769552716036,0.0583776936094347,0.05552721991810206,0.06049816633591369
2019-02-01,24.0,47845128.070673782208256,0.0,0.0,170.48101043,524.5854482115406,0.000030688334674145956,0.105722844033088,-77.82671531162464,-29.747083464303138,452552412.0,22.0,22.0,2654562.0,280647.844302162147456,121289.31818182,12823.05166901614045608006016,2889.0,305.433296411591232,2668365.0,282107.13671835086112,0.05835430811629687,0.052746371857551363,0.058538591644867376
2019-02-02,9.0,48399335.773958929387836,0.0,0.0,3632.82904,536.8717717029991,0.000030892396004969425,0.106947470592553,-75.02338056384974,-25.29966794175839,452552412.0,8.0,8.0,124573.0,13322.767254126104869,21822.375,2333.847808572163773375,3130.0,334.74558295469089,174579.0,18670.782468577310187,0.0583610120702468,0.052407048819991364,0.0583787352716574
2019-02-03,9.0,49269116.213156815990716,0.0,0.0,1925.55009893,547.133746367402,0.00003189824939128782,0.108869414694793,-77.09685678882623,-23.208909158477915,452552412.0,7.0,7.0,235025.0,25587.034188643724825,33706.28571429,3669.58359725021509634869197,1975.0,215.017094022216175,235944.0,25687.085180748239592,0.05828499917564111,0.05264755690013028,0.05839439427180068
2019-02-04,14.0,49830888.188370046919772,0.0,0.0,840.75510943,552.4181908117894,0.000032277406491702294,0.110110755941281,-72.00162340101899,-19.940589244224093,452552412.0,11.0,11.0,538269.0,59269.206489757382589,48951.54545455,5390.09167449447834225427855,3448.0,379.661886485536888,538467.0,59291.008419433756227,0.058105365797095014,0.0526094728609704,0.05842559648589598
2019-02-05,11.0,50714319.353316129582396,0.0,0.0,730.98435148,583.8879069143857,0.00003270509505472791,0.112062863899433,-65.5101799707547,-22.04543373484204,452552412.0,10.0,10.0,619100.0,69378.1190401389703,62115.9,6960.8856476907902847,13762.0,1542.209132983996946,621159.0,69608.856476907902847,0.058038562979037076,0.05192833658313654,0.05845411332817191
2019-02-06,20.0,50035977.925147982493024,0.0,0.0,2041.26445409,574.7490667528618,0.00003283258543674347,0.110563940437352,-71.07600331912063,-22.10352387932521,452552412.0,22.0,22.0,221702.0,24512.246722841813104,15766.59090909,1743.21641817272228187232968,3490.0,385.86815212635848,346865.0,38350.76119980210148,0.057604526597238005,0.05193070240416376,0.05846515618999014
2019-02-07,15.0,49159035.674725360484412,0.0,0.0,301.49116717,556.1994217178024,0.00003234005917675591,0.108626170961001,-72.21431337921388,-12.347874687214606,452552412.0,11.0,11.0,1501047.0,163052.988042497668047,136458.81818182,14822.99891295453096094720182,35000.0,3801.915983635035,1501047.0,163052.988042497668047,0.057549940256458,0.0460930183798642,0.05610830560285645
2019-02-08,14.0,54600808.076296698822996,0.0,0.0,4059.38494658,629.7780645245259,0.00003339833224034885,0.120650794534483,-70.09140452333781,-9.026174744815687,452552412.0,8.0,8.0,111483.0,13450.512527087768289,13935.375,1681.314065885971036125,2499.0,301.506335541673017,111483.0,13450.512527087768289,0.05811344065151279,0.048537167625176146,0.05734940824145959
2019-02-09,8.0,55304226.164432510107752,0.0,0.0,21941.93512727,638.3852124027009,0.00003374650137154467,0.122205129611446,-72.15487335637366,8.072164931655482,452552412.0,7.0,7.0,20625.0,2520.48079823607375,5662.71428571,692.01273323777740573023666,3277.0,400.466209736708542,39639.0,4844.089132668107994,0.05706766406201797,0.038580073044132926,0.05671621256652245
2019-02-10,9.0,55178430.3384128804106,0.0,0.0,230.69305524,622.7303050786991,0.000033477872445329154,0.12192715998255,-70.36246326330988,6.876264487810866,452552412.0,6.0,6.0,1961708.0,239185.4851550481954,326951.33333333,39864.2475258409594761333915,7318.0,892.2629567523009,1961708.0,239185.4851550481954,0.056912526868602216,0.03857127671225433,0.05649737702347665
2019-02-11,27.0,54457515.721785162161916,0.0,0.0,355.76789168,606.0872946431689,0.00003351349177609129,0.120334163022393,-69.59285796172702,4.085055968707124,452552412.0,22.0,22.0,1272044.0,153070.350067656881292,72837.90909091,8764.88882675580505660274763,20000.0,2406.68326044786,1602434.0,192827.554188625304562,0.05682182784150075,0.038611362353179295,0.055465335814414395
2019-02-12,6.0,53937658.141515201864252,0.0,0.0,6595.72401731,651.0327463265688,0.000033218695513907026,0.119185439545321,-72.7255389979752,10.16710251270729,452552412.0,6.0,6.0,68613.0,8177.670563523109773,11531.0,1374.327303397096451,1110.0,132.29583789530631,69186.0,8245.963820382578706,0.05661051093247763,0.03651199394170544,0.055425813669409484
2019-02-13,5.0,52396262.781895715217444,0.0,0.0,7007.95038481,634.1555732822494,0.000032376026690341916,0.115779435469887,-71.58627599572118,0.7668959268873875,452552412.0,3.0,3.0,64577.0,7476.688604338892799,42988.33333333,4977.16496512427305354843371,64388.0,7454.806291035084156,128965.0,14931.494895373976955,0.05632325796492508,0.035325305442456274,0.055531996171594676
2019-02-14,9.0,51778014.739281974297076,0.0,0.0,3249.92755476,707.4717701918238,0.00003212127612610093,0.114413299689323,-76.34489716735987,4.709310654993387,452552412.0,9.0,9.0,139250.0,15932.05198173822775,15544.22222222,1778.46575554829119866735706,3219.0,368.296411699930737,139898.0,16006.191799936909054,0.056010419787254545,0.03410725701161398,0.05554891816729612
2019-02-15,11.0,51465677.548104266713656,0.0,0.0,2467.75878202,701.8863198002581,0.000031899834734287016,0.113723131693538,-77.45647589872551,-2.0002119552390463,452552412.0,6.0,6.0,183386.0,20855.230228751159668,30564.33333333,3475.87170479148086756102154,2536.0,288.401861974812368,183386.0,20855.230228751159668,0.055959985065710094,0.032275076834396156,0.05445858384756365
2019-02-16,40.0,52113629.58653370666264,0.0,0.0,476.1900078,699.7379154849511,0.00003212367772040492,0.11515490406122,-76.32534636161382,-3.254666694637378,452552412.0,37.0,37.0,950361.0,109438.72977852510042,25685.43243243,2957.8035075274253102333646,56.0,6.44867462742832,950361.0,109438.72977852510042,0.05580076965288406,0.03200080791103069,0.05439611769492333
2019-02-17,8.0,52202392.516250105984556,0.0,0.0,27559.36983131,705.9730577993906,0.00003184067516930249,0.115351042513613,-77.92161528110942,-1.0295250401438696,452552412.0,6.0,6.0,16421.0,1894.179469116039073,2736.83333333,315.69657818562200869162129,1380.0,159.18443866878594,16421.0,1894.179469116039073,0.055765059832084345,0.031780896688695354,0.05429428985314323
2019-02-18,20.0,55910546.173446184875096,0.0,0.0,833.15213897,757.4026745587679,0.00003195571105136185,0.123544908149658,-72.15572475622213,1.8431290425862101,452552412.0,18.0,18.0,543181.0,67107.246753639382098,30566.33333333,3776.31484413808449763950114,1318.0,162.832188941249244,550194.0,67973.667194492933652,0.055623024597139,0.033420791215194076,0.05380480978323678
2019-02-19,14.0,58439114.02480268263224,0.0,0.0,1459.16397814,799.3940065055052,0.000033149635210920915,0.12913225623202,-72.0296306147853,12.085869042930517,452552412.0,17.0,17.0,310145.0,40049.7236090798429,36470.64705882,4709.5369409471108285074164,6393.0,825.54251409130386,620001.0,80062.12799610863202,0.05573466462954947,0.03283330653593167,0.05244069152126356
2019-02-20,18.0,58185286.637531714000496,0.0,0.0,5357.48851085,808.2463021556605,0.000032701934189264415,0.128571376695108,-70.62584897896315,10.641542667328284,452552412.0,19.0,19.0,84471.0,10860.552760812467868,4907.52631579,630.96741458859162935615532,990.0,127.28566292815692,93243.0,11988.380877181955244,0.05557581569939516,0.032853120777704796,0.05174734823001994
2019-02-21,3.0,57002079.07356733996836,0.0,0.0,44727.45720498,794.3474190704634,0.00003236083872065883,0.12595685618303,-70.3574001915885,7.319294786182033,452552412.0,2.0,2.0,10118.0,1274.43147085989754,5059.0,637.21573542994877,5059.0,637.21573542994877,10118.0,1274.43147085989754,0.055433777034163204,0.03311333109109298,0.051666398998665916
2019-02-22,7.0,57567308.924305412478792,0.0,0.0,125152.76880531,802.5073230868542,0.000032217871440998186,0.127205838258366,-67.91624407036883,4.656235534926946,452552412.0,4.0,4.0,3616.0,459.976311142251456,904.0,114.994077785562864,252.0,32.055871241108232,3616.0,459.976311142251456,0.05544104606896101,0.03257263233461635,0.05107209240551663
2019-02-23,13.0,60235186.957442768708424,0.0,0.0,1347.65226558,932.3457116221974,0.000032383485317941763,0.133101018490302,-64.52883969495234,10.269443710703516,452552412.0,14.0,14.0,335808.0,44696.386817191334016,24715.85714286,3289.70575857547162033854372,1350.0,179.6863749619077,346022.0,46055.880620051278644,0.055499868524506744,0.033488468030134666,0.04774428482333362
2019-02-24,7.0,54153471.962640297196248,0.0,0.0,30503.66756538,843.0547942212822,0.00003187439071385838,0.119662320930554,-66.38567523004143,0.03223625930191362,452552412.0,6.0,6.0,14836.0,1775.310193325699144,2479.33333333,296.68278102675467626356482,700.0,83.7636246513878,14876.0,1780.096686162921304,0.05537188602102307,0.0389910281029061,0.04961566667376509
2019-02-25,2.0,56085416.671587946298604,0.0,0.0,287334.8647619,923.5886384231434,0.00003242561781300007,0.123931317532317,-64.06545897934897,3.0413556028318567,452552412.0,4.0,4.0,1575.0,195.191825113399275,393.75,48.79795627834981875,380.0,47.09390066228046,1575.0,195.191825113399275,0.0554358715117693,0.0395047898879211,0.04824731956603131
2019-02-26,20.0,56492783.964142381880076,0.0,0.0,4195.50564589,937.2820893233593,0.00003288348672834243,0.124831472479573,-64.9569191749181,6.133860896580649,452552412.0,17.0,17.0,107866.0,13465.071610481621218,6374.35294118,795.71986375199638002051614,1111.0,138.687765924805603,108364.0,13527.237683776448572,0.055374707420832746,0.039270765647835604,0.047158951076912835
2019-02-27,6.0,57097315.87763327408544,0.0,0.0,15482.46363325,962.7764145354059,0.00003320732164742211,0.12616729988312,-64.45609172967211,12.908119237390977,452552412.0,4.0,4.0,29230.0,3687.8701755835976,7307.5,921.9675438958994,624.0,78.72839512706688,29230.0,3687.8701755835976,0.0553271878131914,0.037983350680055254,0.047180161872297295
2019-02-28,11.0,56705855.864819659646148,0.0,0.0,626.15172563,941.9834239703936,0.000033035597700195996,0.125302295073879,-67.95811763030694,14.736724221457367,452552412.0,10.0,10.0,722752.0,90562.484369236195008,73775.2,9244.2018795344380008,23738.0,2974.425880463739702,737752.0,92442.018795344380008,0.05520162846352731,0.03770187845526258,0.04715406743358342
2019-03-01,10.0,57106556.39825210542338,0.0,0.0,3951.62903522,963.0085440787022,0.000033114637053293115,0.126187718558115,-67.96507903019968,11.419886316002074,452552412.0,8.0,8.0,114523.0,14451.396092431004145,27059.5,3414.5765703233128425,2831.0,357.237431238023565,216476.0,27316.61256258650274,0.05518648171754671,0.03722626917488803,0.047088454260039936
2019-03-02,7.0,57787068.1481012155587,0.0,0.0,117790.84122853,977.7064060278942,0.00003351795027781498,0.127691437755725,-68.27525476815019,20.555071204118367,452552412.0,5.0,5.0,3842.0,490.59050385749545,768.4,98.11810077149909,716.0,91.4270694330991,3842.0,490.59050385749545,0.05519270365489873,0.034775329766438046,0.04656517205512338
2019-03-03,11.0,56895877.362054186551628,0.0,0.0,305.32850352,942.8203005795939,0.000033238892254238575,0.125722183449669,-68.89575333234194,18.916762597042727,452552412.0,9.0,9.0,1482182.0,186343.157309797297758,166462.44444444,20928.02197792421994340689036,15980.0,2009.04049152571062,1498162.0,188352.197801323008378,0.055084422611652174,0.03497425940444406,0.04524376380768228
2019-03-04,9.0,54137807.052253463771856,0.0,0.0,274.04083916,916.5019337569283,0.00003234788282450446,0.119627706353388,-70.25039128617013,11.856508331219905,452552412.0,12.0,12.0,1651405.0,197553.79241051671014,141777.5,16960.51713751746717,49958.0,5976.360954002557704,1701330.0,203526.20565020960604,0.052942491146510416,0.03638459038153393,0.04524068246529167
2019-03-05,9.0,55471606.015907076694764,0.0,0.0,3247.61865532,947.513912558086,0.000031919505138614555,0.122574986995997,-69.04778913708662,12.58900154797977,452552412.0,8.0,8.0,139349.0,17080.701862905185953,22040.0,2701.55271339177388,11823.0,1449.204071253672531,176320.0,21612.42170713419104,0.0529329005738514,0.03649102694210901,0.04536814903530397
2019-03-06,12.0,54554422.565968967905692,0.0,0.0,194.81378046,886.6134458586386,0.000031295001626681914,0.120548296991441,-66.86117473790954,9.479129410142317,452552412.0,12.0,12.0,2323000.0,280033.693911117443,193583.33333333,23336.14115925938508901002853,8211.0,989.822066596722051,2323000.0,280033.693911117443,0.0529394919811654,0.03665352838277687,0.04525976745048817
2019-03-07,13.0,53905044.081309609981468,0.0,0.0,5101.36635404,903.504669895525,0.000030891012974541444,0.119113372621489,-65.19743659836014,6.291565712958429,452552412.0,11.0,11.0,88712.0,10566.785511997532168,8698.72727273,1036.13474296939725956169497,1999.0,238.107631870356511,95686.0,11397.482172659796454,0.05282211291880297,0.03664594025471942,0.044862713282653066
2019-03-08,12.0,52875989.005328976783504,0.0,0.0,489.4781545,920.0688494253463,0.00003043302251014348,0.116839481136892,-60.31867678690974,5.6759379909183565,452552412.0,11.0,11.0,924561.0,108025.227519406004412,120414.63636364,14069.18363401522527193140688,9030.0,1055.06051466613476,1324561.0,154761.019974162804412,0.052816061587701704,0.0367458691848515,0.04489441983884375
2019-03-09,2.0,53547035.23820677580502,0.0,0.0,105588.5235651,942.2317118974208,0.000030258658841836492,0.118322284487585,-61.5236857144121,8.926130269348356,452552412.0,1.0,1.0,4286.0,507.12931131378931,4286.0,507.12931131378931,4286.0,507.12931131378931,4286.0,507.12931131378931,0.05282938555861888,0.03660687127233167,0.04142814834061845
2019-03-10,7.0,52703843.632438415500824,0.0,0.0,25849.79790941,928.3208926249263,0.00002983138321190306,0.116459093433002,-59.196109551527634,-3.474242434667919,452552412.0,6.0,6.0,17507.0,2038.849348731566014,3334.5,388.332847052345169,2500.0,291.147733582505,20007.0,2329.997082314071014,0.05283350644731808,0.03123507183905001,0.04047840815056208
2019-03-11,15.0,52754198.046652863928128,0.0,0.0,15978.82960243,929.0132249045805,0.000030265682216482287,0.116570361018544,-63.87941906332526,-4.61091004184348,452552412.0,12.0,12.0,28322.0,3301.505764767203168,2685.5,313.049704515299912,1842.0,214.722604996158048,32226.0,3756.596454183598944,0.052823704347779735,0.031126945483235306,0.03481712123413789
2019-03-12,13.0,53049493.019798668988088,0.0,0.0,2993.78431373,931.0005994180696,0.0000303771594784328,0.117222871015874,-63.246158080455004,-3.858278145205116,452552412.0,10.0,10.0,151164.0,17719.878074243577336,16139.0,1891.859915325190486,2430.0,284.85157656857382,161390.0,18918.59915325190486,0.05213473042325888,0.031153879643279606,0.034806402066934486
2019-03-13,25.0,54012264.28967239624728,0.0,0.0,1711.0572996,946.7991947722284,0.000030984323414056786,0.11935029591594,-63.420453994115576,-0.8176124566303841,452552412.0,26.0,26.0,264487.0,31566.60171591922278,10214.11538462,1219.0576936739523082888428,658.0,78.53249471268852,265567.0,31695.50003550843798,0.0521394689039077,0.03126431035306974,0.034840881765622625
2019-03-14,12.0,54236480.752771157198436,0.0,0.0,769.29109664,950.4467814276389,0.0000310982056546862,0.119845744525103,-58.123982379320026,0.5540148044098298,452552412.0,9.0,9.0,588272.0,70501.895823271392016,65363.55555556,7833.54398036402064953122268,3974.0,476.266988742759322,588272.0,70501.895823271392016,0.052142861094013504,0.03122368717737537,0.03371672222343613
2019-03-15,13.0,55150753.12921800485574,0.0,0.0,2991.40961371,965.1230871453477,0.00003123236327127579,0.121866001963145,-58.11993187077603,5.257035904999763,452552412.0,10.0,10.0,151284.0,18436.37624099242818,15135.4,1844.490686112984833,1435.0,174.877712817113075,151354.0,18444.90686112984833,0.05216497222012693,0.03086397976364543,0.032895594244087105
2019-03-16,15.0,56546488.224058605792864,0.0,0.0,2648.85987544,992.6345737284677,0.00003131742569663993,0.124950142181672,-57.139044006199256,9.20945599939925,452552412.0,12.0,12.0,170848.0,21347.481891454297856,16937.0,2116.280558130978664,12000.0,1499.401706180064,203244.0,25395.366697571743968,0.05216968580922987,0.031038082704740115,0.03233900692608348
2019-03-17,5.0,56751603.75455318777796,0.0,0.0,1614.30991161,991.0626635177645,0.00003161049854872688,0.12540338367383,-53.82017058825841,10.270779397605793,452552412.0,3.0,3.0,280338.0,35155.33377235415454,93446.0,11718.44459078471818,496.0,62.20007830221968,280338.0,35155.33377235415454,0.05210840091326774,0.030991710470800946,0.03143322150397867
2019-03-18,21.0,58555186.013097492266652,0.0,0.0,990.05771641,1061.219688978219,0.00003259621872412798,0.129388739205521,-53.1793572284602,12.360598326523576,452552412.0,18.0,18.0,457097.0,59143.204524626032537,39283.16666667,5082.79940700078032563068507,6866.0,888.383083385107186,707097.0,91490.389326006282537,0.05197177808031321,0.0313722045988752,0.03151886692028418
2019-03-19,13.0,58161211.415232382051608,0.0,0.0,5361.61424543,1053.89132492011,0.00003216035488177984,0.128518177945834,-56.20775135978339,11.414838691784778,452552412.0,10.0,10.0,84406.0,10847.705327696064604,10648.4,1368.5129660384187656,10000.0,1285.18177945834,106484.0,13685.129660384187656,0.051972056946291506,0.03143039053347745,0.03140029873129093
2019-03-20,9.0,58961006.17093818848418,0.0,0.0,10695.09883254,1082.4733742576384,0.00003232364629313276,0.130285475466515,-61.15200074816309,5.455965298619764,452552412.0,8.0,8.0,42314.0,5512.89960889011571,5289.25,689.11245111126446375,2014.0,262.39494758956121,42314.0,5512.89960889011571,0.05166347986284186,0.02901888667441628,0.03103649039663874
2019-03-21,21.0,57390172.782456707891568,0.0,0.0,1329.21079576,1045.5179827157372,0.00003189277884001072,0.126814422508164,-57.677437999407985,-1.7949300906594536,452552412.0,22.0,22.0,340467.0,43176.125988087072588,15555.90909091,1972.71362795325009129318924,3989.0,505.862731385066196,342230.0,43399.69981496896572,0.05165118350131991,0.028330914617426792,0.03048496402684414
2019-03-22,22.0,57670858.27877861364072,0.0,0.0,285.23660993,1009.56506593125,0.00003198751105386485,0.12743465010806,-58.91148585293152,-0.8841210355424696,452552412.0,21.0,21.0,1586586.0,202186.03177634648316,85599.28571429,10908.3150245004049627861774,10501.0,1338.19126078473806,1797585.0,229074.6155144970351,0.05158158126355941,0.028338923711937452,0.030474198777138112
2019-03-23,10.0,57617509.49241415073868,0.0,0.0,3914.03450871,1006.5530525011043,0.00003197486871085358,0.12731676589189,-58.11041546237434,1.079663108520177,452552412.0,12.0,12.0,115623.0,14720.74642271799747,9635.25,1226.7288685598331225,11020.0,1403.0307601286278,115623.0,14720.74642271799747,0.05154715989641643,0.028080731440058865,0.030455687239475032
2019-03-24,9.0,57430504.188159257948052,0.0,0.0,14281.95827942,1006.9540657364053,0.00003196025825053988,0.126903542363971,-55.894538543462545,-0.2376430976234137,452552412.0,8.0,8.0,31687.0,4021.192546887149077,3960.875,502.649068360893634625,818.0,103.807097653728278,31687.0,4021.192546887149077,0.051405601218757216,0.028029639948642583,0.03013829706875366
2019-03-25,14.0,56151037.168375710071628,0.0,0.0,692.49606662,1068.936788727514,0.00003174737356922435,0.124076318409669,-56.32504499875651,-6.780338860660609,452552412.0,13.0,12.0,653509.0,81084.990767584378521,62014.33333333,7694.51016862960300127196777,18098.0,2245.533210578189562,744172.0,92334.122023560199068,0.05138304753886285,0.02695807251820803,0.03027234060492302
2019-03-26,9.0,55894778.819150443589196,0.0,0.0,11581.04286409,1086.2561916150858,0.000031525657505760064,0.123510067203333,-53.98198210508447,3.2155036295945196,452552412.0,9.0,9.0,39077.0,4826.402896104643641,4722.11111111,583.22826067480156292532963,1891.0,233.557537081502703,42499.0,5249.054346074449167,0.05125940398621954,0.018475451096352763,0.030254286798202388
2019-03-27,14.0,57605768.908680070196508,0.0,0.0,6003.85279329,1120.6701565663532,0.00003160928050081545,0.127290822855409,-50.30424038250566,2.7107799626320874,452552412.0,11.0,11.0,75377.0,9594.800354372164193,6852.45454545,872.25457766961815016883905,1180.0,150.20317096938262,75377.0,9594.800354372164193,0.051297762729666074,0.018183766442974172,0.030489572513364253
2019-03-28,27.0,55324125.451707859475196,0.0,0.0,863.40742578,1086.6687945842816,0.000030478934663457577,0.122249100843833,-52.50889087434001,-2.0686863532452304,452552412.0,25.0,25.0,524147.0,64076.499459992535451,27569.96,3370.40282030044205668,10000.0,1222.49100843833,689249.0,84260.070507511051417,0.05136592618990287,0.019633714111102034,0.030811187272836507
2019-03-29,19.0,56814279.185043230399328,0.0,0.0,255.69926469,1090.6028403606842,0.00003069888076744396,0.125541876871144,-46.36846565585436,-0.49570927851781116,452552412.0,16.0,16.0,1769862.0,222191.797282916662128,128660.25,16152.249263710604826,6438.0,808.238603296425072,2058564.0,258435.988219369677216,0.051407649624845946,0.020159591943685537,0.030222718397199748
2019-03-30,11.0,56563308.613574138976444,0.0,0.0,23309.4211692,1087.2402324344969,0.00003054512176327093,0.124987310008137,-42.77943142701477,-0.25138012480639865,452552412.0,8.0,8.0,19415.0,2426.628623807979855,2862.875,357.823045139545213875,1536.0,191.980508172498432,22903.0,2862.584361116361711,0.05130560365686833,0.020136386587789386,0.030058381353326065
2019-03-31,15.0,57206206.772913153018648,0.0,0.0,1166.34514148,1091.8917629448717,0.000030873986973125244,0.126407914875754,-44.49047039418922,0.17449900842576385,452552412.0,14.0,14.0,388009.0,49047.408643026433786,27714.92857143,3503.38633164492585316410822,1143.0,144.484246702986822,388009.0,49047.408643026433786,0.05128705109795268,0.02020328440599937,0.02974858538158979
2019-04-01,36.0,57956980.906199911378752,0.0,0.0,158.50551062,1032.8515829000983,0.00003094585854452762,0.128066892075696,-45.3212346572245,0.294032494715299,452552412.0,34.0,34.0,2855121.0,365646.472970053239216,83974.14705882,10754.30802853052562320443872,6024.0,771.474957863992704,2855121.0,365646.472970053239216,0.05112224073984738,0.020228435387102738,0.028374359150408045
2019-04-02,22.0,66159443.675031219334848,0.0,0.0,1049.70846303,1168.0302856301337,0.00002981242776792598,0.146191782257104,-41.52881371884819,16.281612556967467,452552412.0,21.0,21.0,431122.0,63026.493550247190688,21101.04761905,3084.7997589209403941482312,7030.0,1027.72822926744112,443122.0,64780.794937332438688,0.05209242514295888,0.03128714468258229,0.032901705771242025
2019-04-03,22.0,66408481.414186633625748,0.0,0.0,312.19834061,1164.2917561714664,0.00002958373887539244,0.146742078162179,-46.47017242900437,22.665628753838497,452552412.0,22.0,22.0,1449567.0,212712.474015315326493,68196.0,10007.222762347959084,4559.0,668.997134341374061,1500312.0,220158.900771655099848,0.052093400994908015,0.029536642337743557,0.03289251062108208
2019-04-04,29.0,65055493.968161079563076,0.0,0.0,294.22362046,1145.999262885677,0.000029269904862478613,0.143752396944823,-41.32576087640006,17.277105605173425,452552412.0,23.0,23.0,1538124.0,221109.011798358932052,66963.65217391,9626.18550817896992627016793,831.0,119.458241861147913,1540164.0,221402.266688126370972,0.052109472339277506,0.029755255243619595,0.03301768286102287
2019-04-05,13.0,66862492.403837831767092,0.0,0.0,1974.77990627,1208.798769647981,0.000029354000062891018,0.147745301164891,-37.876241178020415,22.561085351028243,452552412.0,14.0,14.0,229166.0,33858.199686753410906,30677.14285714,4532.40371030653406199667174,301.0,44.471335650632191,429480.0,63453.65194429738668,0.05215578599620412,0.029720285486497282,0.03313783932668421
2019-04-06,12.0,64240881.807298543252776,0.0,0.0,197.33926431,1094.1786699677723,0.000028140823876111103,0.141952357569798,-40.7231706694409,19.174156894109014,452552412.0,9.0,9.0,2293271.0,325535.224996448229258,285933.22222222,40588.89500197308492831651156,30128.0,4276.740628862874144,2573399.0,365300.055017760603402,0.05222642188139387,0.030752592921902612,0.03359501652196305
2019-04-07,21.0,67284170.984499501060132,0.0,0.0,296.02387017,1099.3202607617955,0.00002865173865547273,0.148677079605311,-43.04649039333421,27.249007063902734,452552412.0,18.0,18.0,1528770.0,227293.05898821129747,103868.22222222,15442.82394379513595693421042,69959.0,10401.299812107952249,1869628.0,277970.830988318394308,0.05224825661804085,0.031231499581625643,0.033953973077350645
2019-04-08,18.0,67090619.505523910618088,0.0,0.0,4734.50517858,1145.3800462569118,0.000028059345309167955,0.148249391068374,-46.44010016154641,25.292874212489636,452552412.0,14.0,14.0,95586.0,14170.566294661597164,11163.42857143,1654.97148794978576427295482,4689.0,695.141394719605686,156288.0,23169.600831294035712,0.05222959990228977,0.031281220112976335,0.0338404399355898
2019-04-09,14.0,65424603.089505819659136,0.0,0.0,16976.86956522,1119.4410254466934,0.00002782520362051806,0.144568013239328,-44.10353946587901,24.136303123892034,452552412.0,10.0,10.0,26657.0,3853.749528920766496,3725.5,538.588133323116464,1092.0,157.868270457346176,37255.0,5385.88133323116464,0.051775572086355255,0.0315648532605795,0.03141896061058955
2019-04-10,18.0,66361578.638707960482264,0.0,0.0,850.94234382,1119.9825221561114,0.000027606470452886425,0.146638437624122,-47.72781108799867,25.793929385527736,452552412.0,17.0,17.0,531825.0,77985.98708944868265,40508.41176471,5940.09021181167712568433462,5000.0,733.19218812061,688643.0,100981.533600788246446,0.05160711571324607,0.03156716215767265,0.03142698645457312
2019-04-11,14.0,61489776.29197008386898,0.0,0.0,1681.92580314,1044.611353056674,0.000026902050199080052,0.135873270501915,-52.08519665001797,15.910205341682351,452552412.0,11.0,11.0,269068.0,36559.14914740926522,47278.63636364,6423.9029475985326732563706,1350.0,183.42891517758525,520065.0,70662.932423578424475,0.0511404004713737,0.03509063811619947,0.03304808140051362
2019-04-12,13.0,61314855.813388732327656,0.0,0.0,8397.08338591,1040.6084744154562,0.000026655605801942764,0.135486750678038,-57.097020339608896,13.520246965674158,452552412.0,10.0,10.0,53894.0,7301.922941042179972,5639.2,764.0368844235918896,792.0,107.305506537006096,56392.0,7640.368844235918896,0.050962905658437606,0.035029281060380196,0.03299577907623188
2019-04-13,15.0,60993393.577172751522672,0.0,0.0,17393.82012453,1035.4174630708656,0.000026558025214613196,0.134776419172356,-59.226765367553455,12.45824347490753,452552412.0,13.0,13.0,26018.0,3506.612874026358408,2839.07692308,382.64062144759279267437648,1000.0,134.776419172356,36908.0,4974.328078813315248,0.050825178066760505,0.03507207004616998,0.03297475618910998
2019-04-14,18.0,62235495.25792981521828,0.0,0.0,1872.27171067,1059.8411970943614,0.000026667888923440404,0.13752107735519,-58.24049483491187,12.846138496263674,452552412.0,16.0,16.0,241713.0,33240.63217075504047,15399.75,2117.7902110005872025,2294.0,315.47335145280586,246396.0,33884.64337600939524,0.05056083208605409,0.03512101371356245,0.032800588307973846
2019-04-15,20.0,59482545.51169809353904,0.0,0.0,1930.27260397,1011.3134974543204,0.00002606396598300557,0.13143791511092,-63.19579983784571,5.192289353152619,452552412.0,20.0,20.0,234450.0,30815.619197755194,22244.35,2923.750986997593302,1053.0,138.40412461179876,444887.0,58475.01973995186604,0.05051014675520924,0.036005168149228405,0.033333374175925724
2019-04-16,12.0,62904905.376846093603276,0.0,0.0,6070.94349646,1084.164291117775,0.00002670020254450888,0.139000265403173,-58.185287826348954,10.842515832513772,452552412.0,10.0,10.0,74544.0,10361.635784214128112,8142.3,1131.7818609922555179,6190.0,860.41164284564087,81423.0,11317.818609922555179,0.05066113006924093,0.037344293761333344,0.034023380587517534
2019-04-17,20.0,62952569.109496485299712,0.0,0.0,493.78008655,1063.4881272550122,0.000026616190737264498,0.139105587419776,-58.747485390541755,7.509809797915078,452552412.0,21.0,21.0,916506.0,127491.105503749222656,43643.14285714,6071.00502398766077717880064,1020.0,141.88769916817152,916506.0,127491.105503749222656,0.05060178790274195,0.03697320004684305,0.03400354143424079
2019-04-18,24.0,64185894.537720391646496,0.0,0.0,349.25204048,1053.0739826739539,0.000026869525424370482,0.141830852815608,-60.739793860604685,10.35859291079028,452552412.0,25.0,25.0,1295776.0,183781.015137997271808,52113.24,7391.26527218445544992,1959.0,277.846640665776072,1302831.0,184781.631804611386248,0.05060508518450312,0.037057883321186806,0.03406749060568196
2019-04-19,17.0,64413721.476656183754252,0.0,0.0,9946.20685714,1055.9718850577076,0.000026906539126219765,0.142334279452821,-60.907463759567825,9.24800246778291,452552412.0,14.0,14.0,45500.0,6476.2097151033555,3871.21428571,551.00649596399997715948791,3434.0,488.775915640987314,54197.0,7714.090943504539737,0.050605236276770785,0.03700623874181787,0.03297558604768033
2019-04-20,8.0,64293648.294944235158472,0.0,0.0,2055.20673212,1048.405846994789,0.00002673497740373081,0.142068955087006,-63.562075089519475,12.029020262155095,452552412.0,7.0,7.0,220198.0,31283.299772248547188,32477.71428571,4614.07493218514714219248426,7146.0,1015.224753051744876,227344.0,32298.524525300292064,0.050479594691511226,0.036586885691980896,0.03251728845598133
2019-04-21,8.0,62277042.233886338724996,0.0,0.0,1492.50342824,1008.0094245303486,0.000025985611759970104,0.137612883242983,-62.66277089050367,7.987021682322841,452552412.0,6.0,6.0,303217.0,41726.565618287576311,51072.33333333,7028.21104394625006072252339,3064.0,421.645874256499912,306434.0,42169.266263680252622,0.05052584050154475,0.037159686317139076,0.03279536938282848
2019-04-22,26.0,59097694.982925235628316,0.0,0.0,640.30710241,942.2450795492286,0.00002425564021747328,0.130587515204593,-64.6916203940176,2.5689855454546513,452552412.0,25.0,25.0,706774.0,92295.860471211012982,32341.72,4223.42485224268951996,6954.0,908.105580732739722,808543.0,105585.621306067237999,0.05066374475556701,0.038490839944460974,0.0334044705590824
2019-04-23,32.0,57333115.619611385626644,0.0,0.0,518.44643551,898.368488688648,0.000022847877488997235,0.126688343933987,-66.50051372712547,-0.16957637744010629,452552412.0,35.0,35.0,872901.0,110586.382108321186287,24967.08571429,3163.03874200130500650257423,1165.0,147.591920683094855,873848.0,110706.355970026671976,0.05070598320091719,0.03890505265911362,0.03361765553513191
2019-04-24,17.0,56845733.023019664091212,0.0,0.0,12933.39464434,896.141579911887,0.000023124555301936772,0.125611380064901,-68.8876149471553,1.2371914922262666,452552412.0,11.0,11.0,34991.0,4395.267799850950891,4090.09090909,513.76196368170043429085009,1583.0,198.842814642738283,44991.0,5651.381600499960891,0.05054216919818782,0.03870971113084373,0.03310068387678329
2019-04-25,34.0,51585746.763407476315488,0.0,0.0,335.70070389,793.8765683140313,0.00002223005319835941,0.113988447294824,-68.26322574905193,-7.70918527056882,452552412.0,25.0,25.0,1348083.0,153665.887994548222392,53956.8,6150.4518529973596032,9520.0,1085.17001824672448,1348920.0,153761.29632493399008,0.0510026681247418,0.04260968561226734,0.03261472544680957
2019-04-26,27.0,54765494.890643845969596,0.0,0.0,671.02659182,831.845387197707,0.000023497248946090446,0.121014701145033,-68.05256844491754,-4.930537464986854,452552412.0,23.0,23.0,674418.0,81614.492716830865794,40247.17391304,4870.49972301870397516993032,4350.0,526.41394998089355,925685.0,112021.493629439872605,0.05104344535751482,0.04372720761718013,0.033227116616979614
2019-04-27,21.0,56904422.487859877089536,0.0,0.0,2297.85023306,861.3045269429963,0.00002426586844858765,0.125741065518528,-65.17656981530605,2.8564338310805373,452552412.0,15.0,15.0,196946.0,24764.199889612015488,13241.06666667,1664.94583126894962008506176,998.0,125.489583387490944,198616.0,24974.187469027957248,0.051099268409557835,0.043685147972030845,0.03358836035360278
2019-04-28,11.0,61175848.856557224263292,0.0,0.0,5440.50890818,936.7344532267333,0.000026255246239947857,0.135179588561241,-64.46312176525211,7.676889919360641,452552412.0,11.0,11.0,83182.0,11244.508535701148862,11352.36363636,1534.60784556073853931432276,3239.0,437.846687349859599,124876.0,16880.686301173531116,0.05140923268820986,0.045379553143706286,0.034838494257235744
2019-04-29,23.0,57370463.331926881202508,0.0,0.0,318.75006128,854.336700900997,0.000024621437735137556,0.126770870755909,-66.33295403232486,1.4269934665014392,452552412.0,24.0,24.0,1419772.0,179985.732714858432748,66637.58333333,8447.70446423569307701414697,2998.0,380.059070526215182,1599302.0,202744.907141666775518,0.051526180564426295,0.04697778597359108,0.035834801556939244
2019-04-30,19.0,59094325.423285988552028,0.0,0.0,4904.33495167,884.3825236328765,0.00002479391224221611,0.130580069526369,-65.95731956955746,3.300548588840967,452552412.0,17.0,17.0,92276.0,12049.406495615225844,5428.0,708.788617389130932,2706.0,353.349668138354514,92276.0,12049.406495615225844,0.05157481030788013,0.047241399096966945,0.036025765281499866
2019-05-01,10.0,58618530.58565151928878,0.0,0.0,177.94563712,833.7499844015979,0.000024369602690374648,0.129528710998565,-66.37947330394839,1.141449518432114,452552412.0,12.0,12.0,2543206.0,329418.19498381649939,211933.83333333,27451.51624865094318679667145,6564.0,850.22645899458066,2543206.0,329418.19498381649939,0.051565540178177965,0.047214457379377954,0.036011914884939614
2019-05-02,15.0,57513755.062933427125764,0.0,0.0,2966.21470941,853.2664442274151,0.000023564704649336788,0.127087500890247,-66.05716520132829,-13.067958452862108,452552412.0,12.0,12.0,152569.0,19389.612923324094543,14243.08333333,1810.11786580443858324703251,2382.0,302.722427120568354,170917.0,21721.414389658346499,0.05157942018322475,0.04018860483553964,0.03604059349670201
2019-05-03,17.0,60755417.63488499820024,0.0,0.0,1869.47190747,898.5190847002688,0.000023725760888030948,0.13425056639602,-65.5671710029095,-8.512562942139468,452552412.0,16.0,16.0,242075.0,32498.7058603165415,17124.125,2298.9234802862459825,1268.0,170.22971819015336,273986.0,36782.77568457993572,0.05169598913039992,0.041614376203619574,0.03611522969423224
2019-05-04,22.0,60071336.012761973986788,0.0,0.0,2535.17980606,888.6784011743855,0.00002298624572748771,0.132738958891599,-65.50392778245082,-7.661394374836979,452552412.0,25.0,25.0,178509.0,23695.098812780445891,7217.04,957.98237587902564696,814.0,108.049512537761586,180426.0,23949.559396975641174,0.05169404237325155,0.041513402995981954,0.036033418945142046
2019-05-05,17.0,62505245.294551059166452,0.0,0.0,26550.44951599,933.4174461173138,0.00002411114892589819,0.138117140992171,-63.218246988092645,-6.516728516445001,452552412.0,14.0,14.0,17045.0,2354.206668211554695,1285.64285714,177.56931576518293881145094,472.0,65.191290548304712,17999.0,2485.970420718085829,0.05172094719456074,0.04188028759981391,0.03629045184467169
2019-05-06,46.0,59152338.147551994192276,0.0,0.0,274.08033954,862.3919250885382,0.00002296476036703846,0.130708259593923,-64.09240556025524,-7.921036443756332,452552412.0,55.0,55.0,1651167.0,215821.164868919058141,35819.01818182,4681.84152690877638698107986,27990.0,3658.52418603390477,1970046.0,257501.283979969630458,0.05168150344097575,0.04243822672269243,0.036998375081511166
2019-05-07,20.0,61338393.051029096100384,0.0,0.0,351.65516143,873.0605862455055,0.00002326548160569877,0.135538760648632,-61.11040911803307,-8.836815325911001,452552412.0,15.0,15.0,1286921.0,174427.677392698142072,85794.73333333,11628.51182617942434226450456,910.0,123.34027219025512,1286921.0,174427.677392698142072,0.05170141775870471,0.04207767889883289,0.03716336737431847
2019-05-08,31.0,62093066.07702569784192,0.0,0.0,1039.75281333,898.4855252889342,0.000023130641529727338,0.13720635318816,-60.42943496810147,-7.448960026500793,452552412.0,35.0,35.0,435250.0,59719.06522514664,14768.54285714,2026.3379073312284344194624,902.0,123.76013057572032,516899.0,70921.82675660671584,0.0516350076869366,0.04217051490453459,0.0371616307999745
2019-05-09,17.0,63160643.995370527147152,0.0,0.0,3402.70088272,913.1829054810129,0.00002269303756877619,0.139565368166396,-59.46369522349012,-3.460409367769526,452552412.0,17.0,17.0,132998.0,18561.914835394335208,7855.05882353,1096.29417667466187704009788,538.0,75.086168073521048,133536.0,18637.001003467856256,0.051656126911377366,0.04209550213833411,0.03712926544183889
2019-05-10,21.0,63790348.798980675015768,0.0,0.0,291.93935074,891.3597055164771,0.00002217186460701767,0.140956819823514,-61.80592886423027,-3.874576061135946,452552412.0,25.0,25.0,1550159.0,218505.482860798638726,62261.6,8776.1971331236992624,334.0,47.079577821053676,1556540.0,219404.92832809248156,0.0516436825842368,0.042048580075228804,0.03713886761548287
2019-05-11,21.0,74017032.827625113400096,0.0,0.0,1623.80932766,1066.3116876430024,0.000022328021701226333,0.163554609068408,-52.2763518858822,20.372909597478813,452552412.0,44.0,44.0,278698.0,45582.342438147172784,9901.06818182,1619.36533583722328056194256,2100.0,343.4646790436568,435647.0,71252.074776824739976,0.05285675127107228,0.04787787631752752,0.041621673985065506
2019-05-12,19.0,71555980.053791065152528,0.0,0.0,1393.53233236,1047.9198764453922,0.000022774741523865767,0.158116448297244,-56.28420766950726,16.702517040195136,452552412.0,19.0,19.0,324752.0,51348.632817426583488,31046.31578947,4908.93318534564329308522068,376.0,59.451784559763744,589880.0,93269.73052157829072,0.05289693649886541,0.04841010889234999,0.041895719057750545
2019-05-13,13.0,75723431.182466335345584,0.0,0.0,13636.02543088,1109.4249665517245,0.000021454961000913654,0.167325218415732,-55.26348983186116,24.150218148882303,452552412.0,19.0,19.0,33188.0,5553.189348781313616,1913.89473684,320.24285486647291785596688,925.0,154.7758270345521,36364.0,6084.614242469678448,0.05122396828005266,0.04926172348169303,0.04242826678288098
2019-05-14,38.0,74937499.133296799941656,0.0,0.0,204.16447841,1037.1991260758657,0.000020814198045464367,0.165588553162538,-56.40293206525777,20.409581096325482,452552412.0,34.0,34.0,2216607.0,367044.746059953868566,71993.79411765,11921.3482046233025687445957,2266.0,375.223661466311108,2447789.0,405325.838957175728482,0.05121932935097017,0.049301057447027084,0.04245205865666671
2019-05-15,37.0,81254349.02000780253474,0.0,0.0,459.28740247,1097.4599523323045,0.000021855423630014684,0.179546825661395,-52.417173879533706,36.60200369876229,452552412.0,42.0,42.0,985336.0,176913.95100989630372,25047.47619048,4497.1948408300547410025196,778.0,139.68743036456531,1051994.0,188882.18331483357163,0.051532896012040724,0.050136739265036714,0.04349745352451835
2019-05-16,36.0,77649674.393932418803428,0.0,0.0,2222.29408472,1046.561160488133,0.000021823970215597947,0.171581616482319,-48.651521185571724,23.439776164918214,452552412.0,37.0,37.0,203642.0,34941.223543692405798,5566.16216216,955.05110138613261845084904,623.0,106.895347068484737,205948.0,35336.890751300633412,0.051640161293998295,0.050374908162143156,0.044000716222893026
2019-05-17,24.0,72461875.948677777312348,0.0,0.0,173.85894968,933.6663910736759,0.00002185340926559644,0.160118196317729,-50.46733725171334,15.105510344845962,452552412.0,26.0,26.0,2602986.0,416785.423360300138794,104266.73076923,16695.00086671536400965667867,5238.0,838.699112312264502,2710935.0,434070.022534602666615,0.05156685180678116,0.05225616734186001,0.04489378899424948
2019-05-18,20.0,72735126.48748316570652,0.0,0.0,876.03788691,926.4262933786144,0.00002208330167849793,0.16072199497521,-53.7573468402097,13.319487110580985,452552412.0,19.0,19.0,516590.0,83027.3753842437339,35022.63157895,5628.9072166506329684078295,7026.0,1129.23273669582546,665430.0,106949.2371163539903,0.04949766358702076,0.052182289190384874,0.04487340870674873
2019-05-19,11.0,82323634.754295173251272,0.0,0.0,2170.81710166,1052.9037263700573,0.00002213081590215253,0.181909614381406,-47.907255013693806,27.80450013919722,452552412.0,12.0,12.0,208471.0,37922.879219706090226,19502.41666667,3547.67709533944509654793802,8725.0,1587.16138547776735,234029.0,42572.125144066064774,0.05034030405248213,0.05656973947135439,0.04746604709147439
2019-05-20,17.0,80678333.353701647692908,0.0,0.0,1917.65997152,1031.5642890956265,0.000022336912291005093,0.178274010290109,-54.2593593712986,25.484142669262443,452552412.0,15.0,15.0,235992.0,42071.240236383403128,16935.53333333,3019.16544373455639309903297,3035.0,541.061621230480815,254033.0,45287.481656027259597,0.049730534623378266,0.05678042669335632,0.047394897428390335
2019-05-21,30.0,81095962.923273119503656,0.0,0.0,178.97187995,975.6056999579145,0.000022445032616164028,0.179196841676038,-51.931443833124135,30.218070759865007,452552412.0,31.0,31.0,2528623.0,453121.255389388235674,81734.0,14646.474657549289892,1668.0,298.900331915631384,2533754.0,454040.714384027986652,0.04922163342402953,0.056294006800234685,0.047394830551891025
2019-05-22,20.0,85700843.208658628337192,0.0,0.0,1732.82846028,1024.4058592749395,0.000024696741203821564,0.189372194106566,-53.6982489134623,45.015542879328365,452552412.0,21.0,21.0,261164.0,49457.199701647202824,12443.04761905,2356.3672289919805082716823,3028.0,573.419003754681848,261304.0,49483.711808822122064,0.049364764443108694,0.05568543136749843,0.047814744626678854
2019-05-23,174.0,97934135.315148912611676,0.0,0.0,177.89142765,1090.9336813313118,0.00002740167766571499,0.216403962763873,-44.96767248688505,70.81600093899226,452552412.0,193.0,193.0,2543981.0,550527.569596000398413,17083.40932642,3696.91747575459440844042466,41.0,8.872562473318793,3297098.0,713505.072820840140554,0.050131425267794204,0.0592654480060078,0.05051633188485409
2019-05-24,43.0,103897682.351921630820648,0.0,0.0,210.46198706,1096.4358495573392,0.000028744041685008687,0.229581545909254,-45.54419657544303,82.77129491821013,452552412.0,67.0,67.0,2150281.0,493664.836119296600374,33611.67164179,7716.61953611638165253412466,5561.0,1276.702976801361494,2251982.0,517013.508919813641428,0.05024338488410373,0.05951338783126277,0.05075448973242774
2019-05-25,111.0,104405890.536602753562828,0.0,0.0,414.50537787,1070.407844945719,0.00002861773886532418,0.230704527847269,-52.86674040588463,102.39290324796349,452552412.0,135.0,135.0,1091789.0,251880.665753841974241,10460.79259259,2413.35221598168493406113671,20.0,4.61409055694538,1412207.0,325802.549157608212683,0.050060705088800755,0.05535565237086841,0.05072233452428103
2019-05-26,19.0,109336239.811952299994328,0.0,0.0,1064.24074218,1108.012909722007,0.000027669744595973304,0.241599065462394,-44.48126604904714,99.64439293441197,452552412.0,23.0,23.0,425235.0,102736.37860190111259,21272.91304348,5139.51591096753970002689112,5672.0,1370.349899302698768,489277.0,118208.865952243749138,0.05015449119067086,0.05510206256017302,0.050869591907517865
2019-05-27,39.0,121898731.007162046794064,0.0,0.0,374.56219537,1193.398564764581,0.000030550615612197975,0.269358261661772,-39.173301525419355,114.2166209193463,452552412.0,68.0,68.0,1208217.0,325443.230830201180524,19642.77941176,5290.94491655731796623923872,9302.0,2505.570549977803144,1335709.0,359784.254325983816348,0.04974122714884059,0.05723508203232512,0.05196379920323908
2019-05-28,38.0,120650241.789706377623784,0.0,0.0,434.28299497,1146.9739449277274,0.00003057640108056392,0.266599489010582,-33.848810898222474,97.2187457056827,452552412.0,38.0,38.0,1042068.0,277814.796314279163576,28653.71052632,7639.06458457404661526951824,4662.0,1242.886817767333284,1088841.0,290284.454213771115462,0.04974929146395446,0.05688403164396857,0.05202050236651731
2019-05-29,39.0,115723601.890749077002284,0.0,0.0,546.33720252,1086.2259513133038,0.00002954346802975428,0.255713147962957,-39.233362133286455,101.71285914358035,452552412.0,45.0,45.0,828339.0,211817.173270487838423,20804.17777778,5319.90179033711909401769546,4973.0,1271.661484819785161,936188.0,239395.580565144787916,0.04945572945150642,0.05583673909944033,0.05244734253120656
2019-05-30,38.0,102559842.188432932253964,0.0,0.0,449.06274541,941.6556913533905,0.000027397931926943078,0.226625335472597,-46.81145429817305,73.55277592866717,452552412.0,46.0,46.0,1007771.0,228386.440954554551287,26831.45652174,6080.68783545772814070475878,2684.0,608.262400408450348,1234247.0,279711.640431046429459,0.050297612458924425,0.06170024072788578,0.05517429721928323
2019-05-31,21.0,102034282.632365185496628,0.0,0.0,2511.52900827,933.0100175275924,0.000026350883312008932,0.225464012403419,-50.30473617055551,74.06489315401035,452552412.0,20.0,20.0,180190.0,40626.36039497206961,9009.5,2031.3180197486034805,2324.0,523.978364825545756,180190.0,40626.36039497206961,0.050182289068048565,0.06165899870190258,0.055205711411209266
2019-06-01,13.0,102239864.307444514228188,0.0,0.0,1326.37468896,945.3846031401296,0.000026408342727664074,0.225918283930049,-49.88717528171499,77.76593476737924,452552412.0,10.0,10.0,341195.0,77082.188885513068555,34119.5,7708.2188885513068555,8926.0,2016.546602359617374,341195.0,77082.188885513068555,0.04930355984659291,0.061336547314249985,0.05279800496081651
2019-06-02,13.0,103968979.075284130132104,0.0,0.0,22086.50131772,980.8062980344737,0.00002627284944870227,0.229739089480942,-50.63247007740021,71.12709141445592,452552412.0,14.0,14.0,20490.0,4707.35394346450158,1559.35714286,358.24529017625959754137412,606.0,139.221888225450852,21831.0,5015.434062458444802,0.04926489043165362,0.06096612133823407,0.0528101244171645
2019-06-03,23.0,102337577.53821372767412,0.0,0.0,1088.12794422,957.6898772334639,0.000027667086476897255,0.22613419976251,-54.52725987632853,70.36008241346991,452552412.0,22.0,22.0,415900.0,94049.213681227909,25962.5,5871.009161334165875,3686.0,833.53066032461186,571175.0,129162.20154935164925,0.04924455434402611,0.06104585678374574,0.052770761511596286
2019-06-04,33.0,94157411.361866049990936,0.0,0.0,1318.56443756,900.6767761208587,0.000027197415441255494,0.208058578111978,-56.81294637290545,50.6392158260585,452552412.0,35.0,35.0,343216.0,71409.032945280641248,10292.4,2141.4221093597223672,756.0,157.292285052655368,360234.0,74949.773827590282852,0.04966029976119902,0.06359872058526606,0.05398646082184486
2019-06-05,20.0,93753304.229030346136392,0.0,0.0,808.66360274,886.8789152713424,0.000026564652929261332,0.207165627103166,-58.36778821510807,58.49467183388136,452552412.0,17.0,17.0,559630.0,115936.09989574478858,32954.11764706,6826.96044798469410779659196,1754.0,363.368509938953164,560220.0,116058.32761573565652,0.049636967523723416,0.0623679852338338,0.053670019624109194
2019-06-06,28.0,87625289.434160014727736,0.0,0.0,3229.5644839,836.0179170149385,0.000024898001671595114,0.193624621393378,-58.82659998944671,42.8555348055208,452552412.0,25.0,25.0,140128.0,27132.230946611272384,5724.88,1108.47772252252184464,1000.0,193.624621393378,143122.0,27711.943063063046116,0.0499101729665737,0.06402735776813155,0.054242663594746124
2019-06-07,20.0,86626001.964345310506936,0.0,0.0,116.55052762,766.1585353636899,0.0000238556452663999,0.191416507054978,-59.53659541083995,39.509944406492686,452552412.0,22.0,22.0,3882886.0,743248.475412675306508,178567.81818182,34180.82802879237681074009996,618.0,118.295401359976404,3928492.0,751978.216633424633176,0.04909734297159164,0.0641690531564742,0.05427353413448722
2019-06-08,16.0,84733954.99900337338488,0.0,0.0,3811.54543004,747.9402995238598,0.00002358189759047876,0.18723567205074,-58.14257235669585,34.15625560311591,452552412.0,17.0,17.0,118732.0,22230.86581392846168,13325.41176471,2494.9924271183141280613854,688.0,128.81814237090912,226532.0,42414.87126099823368,0.048880371119209426,0.06444110094204772,0.054246846991867624
2019-06-09,30.0,84952386.675372190203684,0.0,0.0,1785.47721758,746.6260324524601,0.000024589562653877145,0.187718338081407,-56.058338716834214,33.17435674019967,452552412.0,39.0,39.0,253463.0,47579.653125127662441,7874.07692308,1478.10863392573642111717356,1400.0,262.8056733139698,307089.0,57646.236723081194223,0.048592522901766924,0.06445456096714626,0.05423162144946734
2019-06-10,17.0,85953996.871967038605336,0.0,0.0,1574.84579434,752.71958176833,0.00002376134069824202,0.189931584923178,-43.8059232899321,16.12732041304787,452552412.0,25.0,25.0,287363.0,54579.310038279199614,13422.52,2549.36049726305516856,3298.0,626.394367076641044,335563.0,63734.012431576379214,0.04852941489791324,0.058867382060975484,0.05320150701378575
2019-06-11,13.0,83777443.386023670580284,0.0,0.0,1403.17192369,731.6557018047332,0.000023366672341333042,0.185122079044457,-48.49044672070691,17.07958345765834,452552412.0,15.0,15.0,322521.0,59705.758055497316097,22060.66666667,4083.91647844070146493014819,3407.0,630.710923304464999,330910.0,61258.74717660126587,0.04813730852690624,0.05870042036432734,0.05334398052756795
2019-06-12,7.0,88753709.057721608094168,0.0,0.0,641.64709385,770.0473492437387,0.0000240731494346721,0.196118077606714,-38.54787375385133,17.207722460247428,452552412.0,7.0,7.0,705298.0,138321.687899860170772,100756.85714286,19760.24112855201330479316204,33958.0,6659.777679368794012,705298.0,138321.687899860170772,0.048288583631746096,0.058733747748977286,0.05375240392299375
2019-06-13,17.0,87132073.237454948132508,0.0,0.0,4058.80242872,755.7568349748575,0.000023386368791452335,0.192534767083409,-36.120229408964086,16.272993154557724,452552412.0,25.0,25.0,111499.0,21467.433995033020091,5950.16,1145.61266970901689544,896.0,172.511151306734464,148754.0,28640.316742725422386,0.04830420563760568,0.05882579375426494,0.05381407856337548
2019-06-14,38.0,84751150.323726913919256,0.0,0.0,440.85348312,723.194442623506,0.00002153064666553619,0.187273668367338,-45.10810081206688,4.303525098524973,452552412.0,49.0,49.0,1026537.0,192243.349704802048506,21368.65306122,4001.78604684361623316243236,4250.0,795.9130905611865,1047064.0,196087.516295378395632,0.048354913244663775,0.057316498398736766,0.05358032680121455
2019-06-15,18.0,82589698.150055441478432,0.0,0.0,2015.26710663,704.3613229484682,0.000020619827444524282,0.182497531689336,-43.30473659004546,6.3619375028686935,452552412.0,18.0,18.0,224562.0,40982.010711220670832,14828.5,2706.164648655318876,1240.0,226.29693929477664,266913.0,48710.963675795739768,0.04802708217240341,0.05687583763107267,0.053325324555912254
2019-06-16,33.0,78344175.196262958270444,0.0,0.0,696.37696944,664.7922083228482,0.000019193516349449018,0.173116247132637,-47.721569988686774,8.117784932522882,452552412.0,40.0,40.0,649867.0,112502.536175345409279,19202.9,3324.3339820633150473,2956.0,511.731626524074972,768116.0,132973.359282532601892,0.04817279674539086,0.05624406540657662,0.0538350158016005
2019-06-17,27.0,73095128.891349987001476,0.0,0.0,754.35460061,615.2595810527534,0.000017292033613536626,0.161517488258023,-51.58767629101556,0.4949498560764515,452552412.0,34.0,34.0,599920.0,96897.57155575315816,19953.17647059,3222.78694629878113039104357,8637.0,1395.026546084544651,678408.0,109574.756174148867384,0.04843164193739837,0.05775571208167326,0.054608484593099624
2019-06-18,25.0,71414704.249583403506304,0.0,0.0,1031.27515108,597.5530763973916,0.000017442462401154472,0.157804272733792,-55.72474960982821,-13.251274117415718,452552412.0,26.0,26.0,438828.0,69248.933395224475776,19897.30769231,3139.88016974546475447553952,7151.0,1128.458354319346592,517330.0,81636.88441337261536,0.0480230655804619,0.05293759580686232,0.05470655669184713
2019-06-19,19.0,79586320.112108437067544,0.0,0.0,2657.85171786,666.7482327716829,0.00001894022039043408,0.175861000851562,-50.682114778074286,-1.353539663252236,452552412.0,19.0,19.0,170270.0,29943.85261499546174,9843.57894737,1731.10164564585334558029194,6097.0,1072.224522191973514,187028.0,32890.931267265937736,0.04803489036175457,0.05671049912502886,0.05640770661442715
2019-06-20,28.0,84627511.249000015978032,0.0,0.0,8069.62094114,721.8628534431513,0.00001958792850656989,0.187000464487636,-49.15713435837375,4.354776980782852,452552412.0,32.0,32.0,56081.0,10487.173048931114516,2528.5625,472.84236198601810325,1422.0,265.914660501418392,80914.0,15130.955583552579304,0.04801871965375846,0.0578217765739924,0.05669960817411897
2019-06-21,32.0,97580778.377589535629432,0.0,0.0,229.32926653,801.1613441993336,0.000021383790009328126,0.215623153893586,-41.63534249926035,13.862098345994614,452552412.0,35.0,35.0,1973374.0,425505.125691601379164,56568.68571429,12197.51842533025254905954394,8427.0,1817.056317861249222,1979904.0,426913.144886526495744,0.04912417361128516,0.06261256598672764,0.05888651828748282
2019-06-22,19.0,91775831.264083186258272,0.0,0.0,2462.25386842,751.2225920797865,0.0000189789821250214,0.202796027223656,-35.96554588362689,-6.28820995993736,452552412.0,24.0,24.0,183796.0,37273.098619599078176,13670.29166667,2772.28084098932707309074552,3852.0,781.170296865522912,328087.0,66534.740183727626072,0.049168780858275515,0.05874202845848305,0.059365974819825675
2019-06-23,75.0,90107581.900348522424772,0.0,0.0,195.40343957,712.9248583657228,0.000018445601830458364,0.199109715275031,-37.59985006816861,-13.272770036258716,452552412.0,79.0,79.0,2315990.0,461136.10947981904569,31499.18987342,6271.79472709079596537657602,10798.0,2149.986705539784738,2488436.0,495471.783440137041516,0.04787893162417006,0.05764791195802883,0.0594253074238876
2019-06-24,31.0,92266533.172570409632668,0.0,0.0,524.79519355,719.1956617765803,0.000018527489297176785,0.203880325739089,-32.828566506476264,-11.627080906681703,452552412.0,55.0,55.0,862341.0,175814.363978171747349,15830.32727273,3227.49228092057679092474297,7538.0,1536.849895421252882,870668.0,177512.075450601141452,0.047897528593064675,0.057857925575074735,0.05784052642807819
2019-06-25,28.0,94287156.67810707138858,0.0,0.0,500.88368006,723.747876990363,0.000017767404681614487,0.208345274885215,-33.81720430897815,-13.764039406996426,452552412.0,26.0,26.0,903508.0,188241.62262099083422,49585.61538462,10330.9286676611998085763933,9460.0,1970.9463004141339,1289226.0,268604.14535916619359,0.04733270073223287,0.05729452222405259,0.05748879127354357
2019-06-26,41.0,101058284.508316693521756,0.0,0.0,716.06167702,770.6583680284822,0.000017359819860332467,0.223307360271713,-24.376999711647056,-17.096524571384503,452552412.0,56.0,56.0,632002.0,141130.698306443159426,13943.21428571,3113.62237584473840881312123,9594.0,2142.410814446814522,780820.0,174362.85304735894466,0.04726241877471059,0.0550036985486253,0.057894765936449856
2019-06-27,43.0,94923342.998645625785412,0.0,0.0,1226.04055625,732.8637692951154,0.000018879825867549888,0.209751048677751,-32.37457981815174,-21.323536869410336,452552412.0,51.0,51.0,369117.0,77422.677834785415867,7782.41176471,1632.36902888998927202396721,1690.0,354.47927226539919,396903.0,83250.820473345405153,0.04750806095916574,0.055957996585920926,0.058035743479574804
2019-06-28,33.0,108210505.903211953964892,0.0,0.0,163.53336128,790.7283706332971,0.00001934839943231087,0.239111543843041,-21.5038632052389,-6.492276307325795,452552412.0,36.0,36.0,2767340.0,661702.93973860108094,77087.11111111,18432.41814817755178095128551,1466.0,350.537523273898106,2775136.0,663567.053334401428576,0.04844738169122247,0.0610256584493912,0.05941312138656207
2019-06-29,14.0,107437543.380457797157404,0.0,0.0,8929.253226,787.4466521193483,0.000019875799558166277,0.237403537207217,-25.14768899438275,4.755956218285782,452552412.0,13.0,13.0,50682.0,12032.086072736171994,6736.76923077,1599.33284473354034318246709,441.0,104.694959908382697,87578.0,20791.326981533650426,0.04841814463924955,0.05679573052645295,0.05940316581099117
2019-06-30,19.0,97010190.713691020554464,0.0,0.0,2552.48146916,730.5126047012564,0.000019770350500469254,0.214362332718472,-34.89235209813328,-4.923925360240182,452552412.0,18.0,18.0,177299.0,38006.227228652367128,11513.38888889,2468.03689971739683325857608,2601.0,557.556427400745672,207241.0,44424.664194908855752,0.04889870848966936,0.05986496055880278,0.06110273589501575
2019-07-01,37.0,100297379.434248073730484,0.0,0.0,1679.62236812,755.4753807808497,0.00002096834402668086,0.221625996845307,-30.859156621484956,-1.8999290407459963,452552412.0,38.0,38.0,269437.0,59714.243712008982159,7978.89473684,1768.33049977593846595400988,4185.0,927.504796797609795,303198.0,67196.558991503391786,0.04857609295130155,0.060203596329833194,0.061078278022177745
2019-07-02,16.0,104227225.334313414769488,0.0,0.0,6073.06170321,798.1388339753522,0.00002139215595725264,0.230309733349324,-30.982838182899176,0.2483877992514428,452552412.0,17.0,17.0,74518.0,17162.220709724925832,6583.58823529,1516.26445095138645427444396,2200.0,506.6814133685128,111921.0,25776.495666189691404,0.04849364592214771,0.06054854743468609,0.06090739005861103
2019-07-03,27.0,115294629.277344469151004,0.0,0.0,377.88466876,876.6243735625677,0.000021315656070821956,0.254765251980017,-21.262014867183826,12.661088967337003,452552412.0,30.0,30.0,1197594.0,305105.337179756479098,43305.96666667,11032.85551007239941893993339,6468.0,1647.821649806749956,1299179.0,330985.665302146506043,0.04903413350448737,0.06318509915071041,0.06198684510709192
2019-07-04,37.0,97453459.045793780807124,0.0,0.0,370.91115719,726.9159703165748,0.000019266495287536083,0.215341817791027,-32.93945487845307,3.500571687618252,452552412.0,73.0,73.0,1220110.0,262740.70530500995297,25645.82191781,5522.61791052616763494949087,8678.0,1868.736294790532306,1872145.0,403151.107468382242915,0.05061145862839808,0.0688664869207592,0.06602284549832595
2019-07-05,34.0,93443170.239945415511856,0.0,0.0,536.30120876,705.8538411985306,0.000018773671114517875,0.206480327498388,-36.08396999745532,-0.3307979293479679,452552412.0,49.0,49.0,843840.0,174236.35955623972992,25731.32653061,5313.01272900831267640765668,7488.0,1546.124692307929344,1260835.0,260337.62372143003398,0.05062244163724467,0.06931228633843138,0.06583376180279374
2019-07-06,15.0,95183885.792822648892564,0.0,0.0,5121.57275752,731.8223738657678,0.00001876539379830795,0.210326767174147,-38.1421581087114,8.626044384528994,452552412.0,33.0,33.0,88362.0,18584.893801041977214,4050.45454545,851.91901013032756787648115,3578.0,752.549172949097966,133665.0,28113.327334332358755,0.050625091120041696,0.06819471124709511,0.06574232891967687
2019-07-07,14.0,93583378.694147927205348,0.0,0.0,929.74110377,714.2399025340709,0.000018050526396923035,0.206790144550479,-40.47838500896125,8.031510830508171,452552412.0,17.0,17.0,486751.0,100655.309650090203729,28755.47058824,5946.34791955919700050376696,1035.0,214.027799609745765,488843.0,101087.914632489805797,0.04958156641845424,0.06824154039646838,0.06581335959192568
2019-07-08,18.0,95312796.36600754033794,0.0,0.0,67.55584422,649.8953029213063,0.000017095622288783493,0.210611619424995,-41.03800291599727,12.484772329025128,452552412.0,18.0,18.0,6698938.0,1410874.18060763715531,383761.27777778,80824.5841853835922749876111,19758.0,4161.26437659905121,6907703.0,1454842.515336896236485,0.04935612288208714,0.06813665565809994,0.0658168860788746
2019-07-09,19.0,92509179.913980137516052,0.0,0.0,108.27350956,595.7359330263465,0.000016250477042404492,0.204416499527971,-42.36609215282532,8.895327764580239,452552412.0,25.0,25.0,4179715.0,854402.709324553308265,169204.72,34588.23656601046522312,2352.0,480.787606889787792,4230118.0,864705.914150261630578,0.04790377803900249,0.06841545932547313,0.06598562682585721
2019-07-10,14.0,80383741.359994445837724,0.0,0.0,16973.04924427,518.8325487100428,0.000014671366841720728,0.177623053658577,-45.60920187103702,-6.480507846854143,452552412.0,12.0,12.0,26663.0,4735.963479698638551,2309.83333333,410.27965010844436365447141,1500.0,266.4345804878655,27718.0,4923.355801308437286,0.04908569422260994,0.07321054415710415,0.06596233515818775
2019-07-11,7.0,74164449.795269255846112,0.0,0.0,28025.29180084,478.8503433719166,0.000014509519818155876,0.163880354691976,-51.64139550638932,-11.474441331970882,452552412.0,4.0,4.0,16148.0,2646.339967566028448,4972.0,814.813123528504672,3740.0,612.91252654799024,19888.0,3259.252494114018688,0.04946663322003061,0.07449021526663756,0.06665672261695811
2019-07-12,9.0,79117310.961080227725708,0.0,0.0,112.71808723,486.45605682900634,0.000014798937266423064,0.174824636579509,-47.17792321304529,-10.857459591209054,452552412.0,9.0,9.0,4014905.0,701904.307526253581645,447551.66666667,78243.05747555413488045526503,1055.0,184.439991591381995,4027965.0,704187.517279981969185,0.049419703477300375,0.07469929367602425,0.06677918581746188
2019-07-13,13.0,76257300.146054453185344,0.0,0.0,5703.81906178,469.50853758013113,0.000014850385220964553,0.168504902689712,-51.72796445772468,-12.480792304533187,452552412.0,10.0,10.0,79342.0,13369.515989207129504,9108.8,1534.8774576200486656,4806.0,809.834562326755872,91088.0,15348.774576200486656,0.04931770245951615,0.07489833045639013,0.06694063036479454
2019-07-14,13.0,72120399.685206754556532,0.0,0.0,365.49512757,439.03710274974264,0.000015497662694315934,0.159363640040011,-55.96316841418816,-14.903338291308193,452552412.0,16.0,16.0,1238190.0,197322.46546114122009,84812.375,13516.008800438427936125,6926.0,1103.752570917116186,1356998.0,216256.140807014846978,0.04935221158159238,0.0753727919009938,0.06647431587079451
2019-07-15,19.0,74768105.3261714960427,0.0,0.0,1007.03488054,453.19685742940703,0.00001512067504681481,0.165214245562725,-55.90537500320693,-9.47042185536635,452552412.0,30.0,30.0,449391.0,74245.795027678550475,15914.86666667,2629.36268956524405915187575,4624.0,763.9506714820404,477446.0,78880.88068694080035,0.04922623794519333,0.07564011000679376,0.06640467399583883
2019-07-16,11.0,67487008.76649623058726,0.0,0.0,24741.80810235,412.5298022680544,0.000015745229652006026,0.149125287982105,-61.29924623363099,-13.858294381896336,452552412.0,10.0,10.0,18291.0,2727.650642480682555,2140.5,319.2026789256957525,407.0,60.693992208716735,21405.0,3192.026789256957525,0.04980522204099232,0.07728625774794334,0.0671225535778518
2019-07-17,11.0,68601845.448649862696724,0.0,0.0,2631.74600922,423.88507262256786,0.000015668276150205723,0.151588730121827,-63.037381684234525,-6.147172199913665,452552412.0,8.0,8.0,171959.0,26067.046443019249093,21494.875,3258.380805377406136625,2838.0,430.208816085745026,171959.0,26067.046443019249093,0.04978976012100064,0.0764037517250527,0.06715809081724898
2019-07-18,12.0,72906771.977034130509348,0.0,0.0,755.92587606,447.719331986676,0.000015084543725576294,0.161101278092479,-61.68119209015399,2.089300436274562,452552412.0,11.0,11.0,598673.0,96446.985459458680367,55058.45454545,8869.98739706865490300867055,4260.0,686.29144467396054,605643.0,97569.861367763258997,0.04990406996656334,0.07714107979188763,0.06564966435722687
2019-07-19,25.0,71517901.066395624028344,0.0,0.0,1848.48059014,438.96844770125495,0.00001500467752564607,0.158032305584962,-64.37851683863543,-10.13794711747863,452552412.0,28.0,28.0,244824.0,38690.101182532736688,9116.28571429,1440.66764980050086245250698,5826.0,920.696212337988612,255256.0,40338.694194395060272,0.04976953147444268,0.07447233522049632,0.06564530408456613
2019-07-20,14.0,73903227.663611176666212,0.0,0.0,1413.76239671,453.2832403335889,0.000015033454718770441,0.163303135071151,-60.889942595965685,-12.672337195211519,452552412.0,12.0,12.0,320105.0,52274.150051950790855,35154.0,5740.758410291242254,11920.0,1946.57337004811992,421848.0,68889.100923494907048,0.0498208005325048,0.0737916265335412,0.06579335019827769
2019-07-21,11.0,72518174.14884489671484,0.0,0.0,5825.62995765,447.2216558113097,0.00001513192060236081,0.16024259782057,-61.53270071927178,-25.683956046922184,452552412.0,6.0,6.0,77683.0,12448.12572649533931,12947.16666667,2074.6876210830906936594019,4114.0,659.23804743382498,77683.0,12448.12572649533931,0.04984118079887571,0.06839538171514678,0.06540403557466276
2019-07-22,10.0,70406799.102653343646992,0.0,0.0,856.06594255,435.0456262826755,0.000015077404411202117,0.155577116010716,-62.42030634997453,-23.283942915145996,452552412.0,10.0,10.0,528642.0,82244.597762136927672,52864.2,8224.4597762136927672,3894.0,605.817289745728104,528642.0,82244.597762136927672,0.049832694656583486,0.06781484121731227,0.06299075790961038
2019-07-23,15.0,66900570.787131466817952,0.0,0.0,109.25425095,396.8178158505025,0.000014982740688908766,0.147829442542296,-65.23339815384762,-25.75478181057181,452552412.0,14.0,14.0,4142195.0,612338.37775148577972,296830.14285714,43880.23454832109106673559344,8526.0,1260.393827115615696,4155622.0,614323.283676501188112,0.049982212879965834,0.06823523876435686,0.0626806561923539
2019-07-24,18.0,67228713.090886391220696,0.0,0.0,557.4761046,399.6352037626405,0.000015169790456938902,0.148554534918458,-69.12554435401306,-27.136404957206555,452552412.0,14.0,14.0,811788.0,120594.788792385182904,68779.21428571,10217.46419027061150356463518,1101.0,163.558542945222258,962909.0,143044.498663797474322,0.049977214911654765,0.06800203626295802,0.06268070057999346
2019-07-25,8.0,68200862.142955715870268,0.0,0.0,1114.106804,405.96101750710244,0.000015226820010266344,0.150702681798889,-67.7745051747509,-27.666858832331776,452552412.0,8.0,7.0,406202.0,61215.730752072309578,58100.28571429,8755.86887042518216549342381,6198.0,934.055221789514022,406702.0,61291.082092971754078,0.049985867477707266,0.06789567301871936,0.06235453288776252
2019-07-26,6.0,67117586.96790373461222,0.0,0.0,2723.59419836,399.51609728097907,0.000015077112160971154,0.148308980768185,-67.4540060595988,-33.585269832697165,452552412.0,5.0,5.0,166160.0,24643.0202444416196,66132.0,9807.96951616161042,64500.0,9565.9292595479325,330660.0,49039.8475808080521,0.04997141983296937,0.06618816767006631,0.060450532013436274
2019-07-27,7.0,64394200.888994023349172,0.0,0.0,10463.39765555,383.4342844857139,0.000015062568515594763,0.142291145028731,-70.04034635872873,-32.16189100091765,452552412.0,5.0,5.0,43251.0,6154.234313637644481,17227.0,2451.249555409948937,5000.0,711.455725143655,86135.0,12256.247777049744685,0.04991916218900247,0.06575882878525022,0.060586995840818475
2019-07-28,10.0,62812525.302249970715052,0.0,0.0,10001.15827624,378.3645762953658,0.000014564450190511043,0.138796134186221,-70.06033848044561,-41.95339465612318,452552412.0,14.0,14.0,45250.0,6280.52507192650025,5411.57142857,751.10519415812139137973397,5639.0,782.671400676100219,75762.0,10515.472718216475402,0.04992459666813257,0.05988932201089554,0.060478870157789834
2019-07-29,15.0,62305889.535713352892584,0.0,0.0,7589.72297785,375.40923688830173,0.000014485934843939794,0.137676626802982,-70.45661568204778,-42.007339729394445,452552412.0,18.0,18.0,59627.0,8209.244226381407714,5124.05555556,705.46268444058071867467992,4679.0,644.188936811152778,92233.0,12698.328319919438806,0.049860205244482717,0.059883693914791515,0.058710744278385255
2019-07-30,17.0,65221516.21430107207272,0.0,0.0,419.89273517,397.6107253846838,0.000015029472638979286,0.14411925444406,-68.67273239536387,-32.76838677001345,452552412.0,20.0,20.0,1077781.0,155328.99417397343086,82086.55,11830.252385885053393,5476.0,789.19703733567256,1641731.0,236605.04771770106786,0.04970835242877326,0.05881158226480398,0.05912315261883994
2019-07-31,5.0,68465477.812930853749848,0.0,0.0,11883.31833101,417.7725849248283,0.000015039997975711489,0.151287400083354,-64.81506339223257,-31.737520761631917,452552412.0,5.0,5.0,38083.0,5761.478057374370382,7616.6,1152.2956114748740764,2413.0,365.056496401133202,38083.0,5761.478057374370382,0.049829926550815286,0.059290635273264315,0.05955304853978136
2019-08-01,16.0,70595191.068898551639792,0.0,0.0,2806.21333433,430.9825129300647,0.000014998922956261529,0.155993403630116,-63.02141795836044,-32.26799347055305,452552412.0,15.0,15.0,161268.0,25156.744216621547088,10795.2,1683.9799908678282432,3024.0,471.724052577470784,161928.0,25259.699863017423648,0.04987069453298743,0.05907522458042211,0.05967234330350598
2019-08-02,10.0,71570948.363326156369248,0.0,0.0,1594.65109199,436.31244193319947,0.00001501938392305671,0.158149523603304,-57.63027038036191,-37.92343250338207,452552412.0,7.0,7.0,283794.0,44881.885901476055376,40542.0,6411.697985925150768,14998.0,2371.926555002353392,283794.0,44881.885901476055376,0.049864433771769835,0.055302488220084337,0.059715641382446616
2019-08-03,12.0,74008706.545131280600392,0.0,0.0,13475.23856598,451.0776801615579,0.000015127644007629245,0.163536210575166,-56.047200547364454,-24.057383627240682,452552412.0,9.0,9.0,33584.0,5492.200095956374944,4036.33333333,660.08665795101657729808278,1273.0,208.181596062186318,36327.0,5940.779921564055282,0.04991474743883206,0.04792417707213354,0.059051514469392
2019-08-04,13.0,74857409.517774848110224,0.0,0.0,632.43272114,459.2816861633208,0.000015055881818585568,0.165411580035452,-53.36258057097526,-19.88990813822523,452552412.0,11.0,11.0,715574.0,118364.225972288529448,65480.18181818,10831.18033555382993021811736,2521.0,417.002593269374492,720282.0,119142.983691095437464,0.04990624637941691,0.0476532987521396,0.059085006742768634
2019-08-05,8.0,80514822.96723708118302,0.0,0.0,10876.31070201,499.6818297343183,0.000015090105343382114,0.177912703219085,-50.628168718509784,-15.411288059319478,452552412.0,10.0,10.0,41609.0,7402.769668242907765,4626.2,823.059747632131027,4728.0,841.17126081983388,46262.0,8230.59747632131027,0.05016927851604865,0.04966343652955712,0.05929456460948451
2019-08-06,5.0,77709275.26614427887738,0.0,0.0,64365.2982506,484.2240930183103,0.000015031589349238559,0.171713315862615,-51.35659135884251,-16.96252438147577,452552412.0,5.0,5.0,7031.0,1207.316323830046065,2005.8,344.422568957233167,2998.0,514.79652095611977,10029.0,1722.112844786165835,0.05022701015305662,0.049923951564389474,0.059444307974002346
2019-08-07,11.0,81628435.718504722351512,0.0,0.0,2663.53011942,508.2200411146778,0.000015072225109495185,0.180373440852426,-46.11809488862875,-14.357317347981235,452552412.0,15.0,15.0,169907.0,30646.710214913144382,13322.4,2403.0071284123601424,4871.0,878.599030392167046,199836.0,36045.106926185402136,0.04976131326025971,0.050758475307942905,0.05974388776355954
2019-08-08,7.0,83447330.988841790153976,0.0,0.0,221.95387621,513.9461669088664,0.000015445552829644718,0.184392633374898,-40.946879692117236,-9.795621292464734,452552412.0,8.0,8.0,2038948.0,375966.991034481527304,254868.5,46995.873879310190913,8526.0,1572.131592154380348,2038948.0,375966.991034481527304,0.0497770321385535,0.05077230041200014,0.059814338593466354
2019-08-09,13.0,82185821.2603082989932,0.0,0.0,7879.65824526,507.39719050265694,0.000015314544246781024,0.1816050894461,-44.01762744259839,2.2418462612275345,452552412.0,13.0,13.0,57433.0,10430.1251021578613,5062.46153846,919.368780509469315247006,3381.0,614.0068074172641,65812.0,11951.7941466267332,0.04979303047969072,0.04378150255421619,0.05982375717702115
2019-08-10,8.0,79551406.963682937179052,0.0,0.0,10585.03092108,492.6141117977622,0.00001555095927806454,0.175783853658221,-40.06696501331564,7.26353014589113,452552412.0,8.0,8.0,42754.0,7515.462879303580634,10574.875,1858.892279453979797375,10430.0,1833.42559365524503,84599.0,14871.138235631838379,0.04984754855391977,0.04152983630147539,0.05987932045531149
2019-08-11,6.0,81226973.885700336373056,0.0,0.0,25401.46003592,503.07142282626285,0.000015566634507254853,0.179486335133488,-36.237608719917716,2.666499782402743,452552412.0,6.0,6.0,17816.0,3197.728546738222208,4756.0,853.637009894868928,2554.0,458.408099930928352,28536.0,5121.822059369213568,0.049859267524751186,0.04000567152224905,0.059455898902924416
2019-08-12,22.0,89082257.607921098468376,0.0,0.0,97.35104853,531.6718790945848,0.000017290234486512105,0.196844067661098,-28.279594859759033,16.818006193903006,452552412.0,33.0,33.0,4648665.0,915062.12779377813417,157241.0,30951.958043098710618,10220.0,2011.74637149642156,5188953.0,1021414.615422257450394,0.05025253938563459,0.04266825976778932,0.06062800773390737
2019-08-13,13.0,79891220.039576112316344,0.0,0.0,3809.90892636,481.79926927162217,0.000016244947571890747,0.176534734808962,-25.12669367510812,10.774788254485095,452552412.0,10.0,10.0,118783.0,20969.325404812933246,12394.5,2188.059770589679509,3615.0,638.17306633439763,123945.0,21880.59770589679509,0.05092818829212579,0.046237847072144435,0.062152076101514714
2019-08-14,9.0,74016557.568046470838032,0.0,0.0,272.59106318,439.4050009394377,0.00001631557917340264,0.163553558892636,-26.36027008589721,-1.005171596694115,452552412.0,5.0,5.0,1660188.0,271529.655830847575568,332037.6,54305.9311661695151136,59231.0,9687.440846769722916,1660188.0,271529.655830847575568,0.05126211880764321,0.04802276736602861,0.0628333738809681
2019-08-15,15.0,80029227.094377241830396,0.0,0.0,717.18511217,484.86061219907907,0.000017152106169523725,0.176839687453433,-23.543408389130835,18.584641039991638,452552412.0,13.0,13.0,631012.0,111587.964859365664196,48539.38461538,8583.68960456577337036559954,13410.0,2371.42020875053653,631012.0,111587.964859365664196,0.05156933251395973,0.0460573434112843,0.06330470414463582
2019-08-16,19.0,83034486.616930241681808,0.0,0.0,259.63308599,495.175092193256,0.00001768771638495696,0.183480375786684,-25.43584827397894,21.03826955950268,452552412.0,16.0,16.0,1743046.0,319814.735093476399464,156164.0,28653.029404351720176,37247.0,6834.093556926618948,2498624.0,458448.470469627522816,0.05163329545021962,0.04637214382476089,0.0628055700218488
2019-08-17,11.0,82783136.955196573314744,0.0,0.0,1472.28492327,493.07812094891926,0.000017921248495444338,0.182924971252162,-31.08675036539303,13.546567363143613,452552412.0,9.0,9.0,307381.0,56227.660588460807722,34884.22222222,6381.19534715362429961943964,2230.0,407.92268589232126,313958.0,57430.758124386277196,0.05139692971274031,0.045236208520618076,0.06272124512146479
2019-08-18,3.0,79511436.571303609887768,0.0,0.0,72005.15704057,474.8785157332933,0.000017006123321923832,0.175695531529514,-28.00501421273732,11.176971619297053,452552412.0,2.0,2.0,6285.0,1104.24641566299549,3142.5,552.123207831497745,3142.0,552.035360065732988,6285.0,1104.24641566299549,0.0513968476770831,0.04577417030527817,0.061390078950933916
2019-08-19,3.0,80006401.227605953151844,0.0,0.0,37649.95108153,492.57669717262803,0.00001624210037964453,0.176789249391087,-29.524717419945457,8.258331546458145,452552412.0,2.0,2.0,12020.0,2125.00677768086574,12020.0,2125.00677768086574,12020.0,2125.00677768086574,24040.0,4250.01355536173148,0.05139591398950902,0.045443934872884166,0.060865184363992325
2019-08-20,8.0,75454775.348014118491656,0.0,0.0,2971.66841991,465.31968156326104,0.000015479110476412556,0.166731572625038,-29.209205917141446,4.049469300125778,452552412.0,5.0,5.0,152289.0,25391.384463494411982,30557.4,5094.8833573323361812,498.0,83.032323167268924,152787.0,25474.416786661680906,0.051566029557688874,0.04665338702781419,0.058319282551871694
2019-08-21,12.0,71323993.424181564554436,0.0,0.0,28182.36467804,457.0058773502931,0.00001560923839898682,0.157603830038103,-34.624368045328424,1.3027070300283727,452552412.0,9.0,9.0,16058.0,2530.802302751857974,2458.55555556,387.47777191771213713350268,1922.0,302.914561333233966,22127.0,3487.299947253105081,0.05174201069669374,0.0475116247563635,0.05823943771592767
2019-08-22,17.0,71298852.174695928872232,0.0,0.0,137.80759112,456.07476824855485,0.000015568450603401564,0.157548275700486,-28.249764323902625,6.574355548563549,452552412.0,15.0,15.0,3283944.0,517379.714696956796784,219062.8,34512.9664101204245208,181992.0,28672.525791282848112,3285942.0,517694.496151806367812,0.05163636126555795,0.04650711575060051,0.05821169717722768
2019-08-23,12.0,75796461.639969804239376,0.0,0.0,664.95499694,489.6432775654914,0.000016082607483117693,0.167486593000348,-23.75914246843418,12.74418050736846,452552412.0,13.0,13.0,680576.0,113987.355517804840448,53869.76923077,9022.46411417664474630230796,5338.0,894.043433435857624,700307.0,117292.033484294706836,0.05119868709659863,0.0477413906065489,0.0587118803198385
2019-08-24,13.0,74533816.878716550514224,0.0,0.0,3018.52534267,484.199019939328,0.000016230918143168,0.164696541002452,-28.910583316634707,9.285739999131316,452552412.0,13.0,13.0,149925.0,24692.1289097926161,14316.61538462,2357.89703270940294034308824,3920.0,645.61044072961184,186116.0,30652.661425212356432,0.05115678079691248,0.047847039377712515,0.05864488757953277
2019-08-25,6.0,74212632.62803530725754,0.0,0.0,37118.80019685,493.63733174563714,0.000016235745662904675,0.163986823758295,-32.8256104958321,10.571067853682653,452552412.0,4.0,4.0,12192.0,1999.32735526113264,3237.0,530.825348505600915,3130.0,513.27875836346335,12948.0,2123.30139402240366,0.05115689248771175,0.047734667930294954,0.05785066455303704
2019-08-26,11.0,93628954.960114089332544,0.0,0.0,2903.62003875,634.3002913101636,0.0000199650653298302,0.206890853915312,-14.419474189545396,45.39966901913483,452552412.0,19.0,19.0,155858.0,32245.594709532697696,8438.84210526,1745.91924921373063182974112,4026.0,832.942577863046112,160338.0,33172.465735073295456,0.0539708914798605,0.06270949206169779,0.0649812249461222
2019-08-27,27.0,94370900.208458294438472,0.0,0.0,474.85143541,639.956745949487,0.000020508042685490546,0.208530322027006,-16.403290762150267,50.242168666760946,452552412.0,41.0,41.0,953040.0,198737.73810461779824,29138.70731707,6076.30402027928312634479242,3137.0,654.159620198717822,1194687.0,249128.464831477717122,0.053967401886638906,0.06232075597001161,0.06266957177777846
2019-08-28,20.0,87937932.902098700871528,0.0,0.0,287.90757233,592.890784188622,0.000019981435772810476,0.194315466165494,-30.21537156631625,41.13903766945372,452552412.0,18.0,18.0,1571867.0,305438.068855156557298,171642.11111111,33352.71683418485696348203834,6702.0,1302.302254241140788,3089558.0,600348.903015331311652,0.05424313789769737,0.0640897613267218,0.0632854453756019
2019-08-29,8.0,75903263.2332450299187,0.0,0.0,5008.10513036,512.729542499159,0.000017687943190849308,0.167722591285725,-38.43823139235562,16.37764289908025,452552412.0,5.0,5.0,90364.0,15156.0842389432539,32018.0,5370.14192778634305,20000.0,3354.4518257145,160090.0,26850.70963893171525,0.05537159201914682,0.06994487845374825,0.0647288167038451
2019-08-30,11.0,75117790.992557643045456,0.0,0.0,92.21019289,480.8071829314602,0.000017330602239344774,0.165986942066188,-36.53077716488474,9.716302861133883,452552412.0,9.0,9.0,4907835.0,814636.52381540978298,545315.0,90515.16931282330922,2489.0,413.141498802741932,4907835.0,814636.52381540978298,0.055364071397763205,0.06950775909459063,0.06454634817914892
2019-08-31,9.0,76400623.27387340862882,0.0,0.0,1204.77598288,486.98495349838356,0.000017576384409974717,0.168821602201235,-37.34902049276563,8.223551940399098,452552412.0,6.0,6.0,375632.0,63414.79607805430552,62605.33333333,10569.13267967515484799266255,10704.0,1807.06642996201944,375632.0,63414.79607805430552,0.05524220901378881,0.06936543814744611,0.0643615756053044
2019-09-01,6.0,76372892.834227912996788,0.0,0.0,905.97818697,487.1445971136163,0.000017285816165617354,0.168760326559099,-40.16009269081698,6.709348668296161,452552412.0,5.0,5.0,499518.0,84298.820802148014282,99903.6,16859.7641604296028564,18597.0,3138.435793019564103,499518.0,84298.820802148014282,0.05521686630162093,0.06933543391082306,0.06284209889607996
2019-09-02,16.0,83456068.971947288978088,0.0,0.0,1454.78290724,532.8549494615959,0.00001777063971167866,0.184411941598374,-35.66632155649712,12.76520407913751,452552412.0,22.0,22.0,311079.0,57366.682380480585546,15196.04545455,2802.3322468907112843709017,10720.0,1976.89601393456928,334313.0,61651.309431577207062,0.055577510847405504,0.07091001784574812,0.06037011902043
2019-09-03,13.0,93260752.865613764012088,0.0,0.0,2325.13377347,598.6769210294175,0.00001940686337264314,0.206077241867874,-28.647333842405438,24.584531399619223,452552412.0,16.0,16.0,194635.0,40109.84397095365599,22107.0,4555.749585973090518,5331.0,1098.597776397636294,353712.0,72891.993375569448288,0.05615400113012983,0.07355450900965319,0.06189136159408412
2019-09-04,22.0,92592500.172528356159952,0.0,0.0,824.93439934,590.800631973277,0.000019343476219114833,0.204600611370796,-32.12604597636572,15.000563573499864,452552412.0,26.0,26.0,548592.0,112242.258593127719232,27638.15384615,5654.7831740824068911870354,22038.0,4508.988273389602248,718592.0,147024.362526163039232,0.05613438828500407,0.07254032084021429,0.06185005212785159
2019-09-05,18.0,92988311.65655662839936,0.0,0.0,1594.70166499,623.608236167841,0.00001942076035640711,0.20547523157728,-15.66348393154213,19.661792415491732,452552412.0,17.0,17.0,283785.0,58310.7885931584048,16871.41176471,3466.6572393894334815417888,4498.0,924.22759163460544,286814.0,58933.17306960598592,0.05612994548185828,0.07214408885759144,0.0618147799935895
2019-09-06,24.0,89772207.49784583617646,0.0,0.0,774.3311358,597.86555618494,0.0000192015804481143,0.198368642211205,-15.682189676039481,9.97663584712671,452552412.0,28.0,28.0,584443.0,115935.164359843283815,22906.96428571,4544.02340253685809778338055,6168.0,1223.53778515871244,641395.0,127232.655271055830975,0.0561848313603004,0.07204616516534976,0.06193045269026006
2019-09-07,26.0,85536839.44176064178784,0.0,0.0,164.36607877,550.4013690961967,0.000018010355079080202,0.18900979681832,-18.824927962529554,2.5039847627939738,452552412.0,24.0,24.0,2753320.0,520404.4537758168224,114762.75,21691.28405981165358,2230.0,421.4918469048536,2754306.0,520590.81743547968592,0.056314582867535545,0.0725543463011002,0.06212196110195841
2019-09-08,13.0,91765285.8132293508771,0.0,0.0,749.86978135,587.631038226736,0.000019483765643560338,0.202772725058925,-8.317665811188101,11.655860349171279,452552412.0,12.0,12.0,603508.0,122374.9617548617089,51287.75,10399.75682964088066875,9317.0,1889.233479374004225,615453.0,124797.081955690568025,0.056539245121239944,0.07357456527533204,0.060042409402338646
2019-09-09,8.0,92716192.366441338164028,0.0,0.0,2116.01632768,594.3922842881177,0.000019828176885471166,0.204873932627369,-8.792010629985999,16.548777583240522,452552412.0,10.0,10.0,213870.0,43816.38797101540803,21387.0,4381.638797101540803,25316.0,5186.588478394473604,213870.0,43816.38797101540803,0.05653080634018453,0.0732618350837248,0.05905808186185208
2019-09-10,15.0,96192739.439494416856644,0.0,0.0,416.88306333,612.6467478109737,0.000021074462914511545,0.212556019786487,-4.730522271360714,18.424625266544297,452552412.0,24.0,24.0,1085562.0,230742.737951458400694,51563.45833333,10960.12346975898946747571171,24476.0,5202.521140294055812,1237523.0,263042.963274232751701,0.05658690115562467,0.07343790507687986,0.05867948423121645
2019-09-11,21.0,96544305.312794881947912,0.0,0.0,683.71822891,609.7194874326708,0.000021034288761335344,0.213332870962126,-3.21320302537468,8.37658126909692,452552412.0,25.0,25.0,661899.0,141204.813956960237274,29047.48,6196.78230261493574248,8354.0,1782.182804017600604,726187.0,154919.557565373393562,0.05657782341061012,0.07159027187872931,0.05844314028677102
2019-09-12,22.0,101111871.95669093850186,0.0,0.0,344.33852203,634.0542317581867,0.000021476308854471128,0.223425771856655,0.2793115770629187,26.561932470930643,452552412.0,23.0,23.0,1314266.0,293640.89547495854023,60162.91304348,13441.9452838843357963423594,13328.0,2977.81868730549784,1383747.0,309164.741529330786285,0.056645793912139544,0.0688012491146849,0.05815974635725743
2019-09-13,17.0,102206956.158884699482464,0.0,0.0,779.46315762,636.9209534804857,0.000021830659458053726,0.225845567162472,-9.218511994738218,38.08661131655796,452552412.0,15.0,15.0,580595.0,131124.80706669543084,39019.86666667,8812.46391793812192895720824,1256.0,283.662032356064832,585298.0,132186.958769060536656,0.05664857829983372,0.06693680699336858,0.05802702870350607
2019-09-14,6.0,102970893.547824807554556,0.0,0.0,42665.44847742,646.6104611740178,0.00002195538816430139,0.227533631061113,-6.3176896465642525,28.66661004534356,452552412.0,4.0,4.0,10607.0,2413.449224665225591,2651.75,603.36230616630639775,94.0,21.388161319744622,10607.0,2413.449224665225591,0.05661056441049473,0.0657174211962403,0.056279065747171224
2019-09-15,8.0,97007807.062561035937764,0.0,0.0,6258.76349454,612.6444165018867,0.000020798907111760123,0.214357065591247,-11.280370631149525,16.828333641773515,452552412.0,5.0,5.0,72307.0,15499.516341706296829,15481.8,3318.6332180705678046,5102.0,1093.649748646542194,77409.0,16593.166090352839023,0.056799201252648736,0.06663220908603323,0.05691764354607134
2019-09-16,18.0,99380936.656698672378468,0.0,0.0,795.35393457,625.188011880475,0.000021408143677382687,0.219600943496239,-8.482456574232598,20.04973514169324,452552412.0,17.0,17.0,568995.0,124951.838844642509805,58676.41176471,12885.39538450413401923792569,4716.0,1035.638049528263124,997499.0,219051.721536554906261,0.05681578381574518,0.06670158063067674,0.05651139715484588
2019-09-17,20.0,91180533.415418370354132,0.0,0.0,1252.20296343,571.8869500945993,0.000019761503322303096,0.201480604229811,-13.422416545048494,14.675998003947832,452552412.0,20.0,20.0,361405.0,72816.097771674844455,19801.4,3989.5980365961795354,10000.0,2014.80604229811,396028.0,79791.960731923590708,0.05715942413307509,0.06830519541211862,0.05764904940779651
2019-09-18,23.0,89020896.560923423922124,0.0,0.0,2147.80101089,557.1395619155547,0.00001935855782379885,0.196708478842277,-18.056343824576526,11.26721761634123,452552412.0,27.0,27.0,210705.0,41447.460034461975285,8249.2962963,1622.7065259644025679586751,1144.0,225.034499795564888,222731.0,43813.076201019198487,0.057193355699929574,0.06850209922137299,0.057634956052445396
2019-09-19,14.0,89821195.95733147453044,0.0,0.0,26652.08551237,579.1491315773719,0.000019328915306389596,0.19847689146187,-21.955548580636528,19.039776532441124,452552412.0,16.0,15.0,16980.0,3370.1376170225526,1527.06666667,303.0874450557012043048729,562.0,111.54401300157094,22906.0,4546.31167582559422,0.057194872993936406,0.06749209173962914,0.057566736725973414
2019-09-20,12.0,87011448.252327795526356,0.0,0.0,6843.06491464,562.0212469176987,0.000018905197449223627,0.192268223403763,-23.96473090245988,21.99463893566508,452552412.0,8.0,8.0,66133.0,12715.274418361058479,15766.625,3031.420977823354809875,388.0,74.600070680660044,126133.0,24251.367822586838479,0.057250312064760826,0.0668595125406491,0.05758923438756425
2019-09-21,10.0,85805346.063999469051872,0.0,0.0,4039.78086839,572.2986898667359,0.000018986120816998886,0.189603112896456,-30.34950311209361,20.34604127112712,452552412.0,7.0,7.0,112024.0,21240.099119112586944,16162.0,3064.365510632521872,1110.0,210.45945531506616,113134.0,21450.558574427653104,0.05723309782244285,0.06695456735526206,0.05719059772184338
2019-09-22,8.0,82611608.512147821678468,0.0,0.0,4407.01936916,557.4865049208853,0.00001816917507156307,0.182545946771239,-30.794695914703553,8.991378653728855,452552412.0,7.0,7.0,102689.0,18745.460727991761671,14754.28571429,2693.33505464843432834330531,491.0,89.630059864678349,103280.0,18853.34538253356392,0.05730961415514874,0.06659127905254096,0.05744778407544733
2019-09-23,26.0,87530868.70908907957092,0.0,0.0,183.53614412,578.1686701042977,0.000019954724883041446,0.19341598097391,-23.614548478718316,17.437791830145606,452552412.0,33.0,33.0,2465740.0,476913.5209266088434,82926.6969697,16039.348443320695251760527,17637.0,3411.27765643685067,2736581.0,529298.49862956360171,0.057422193074646286,0.06722244228312234,0.05786072475237896
2019-09-24,24.0,73097175.263991174947352,0.0,0.0,780.20224638,484.5166072563369,0.000018751819688114144,0.161522010104746,-34.32682784242192,-1.5030559145300213,452552412.0,23.0,23.0,580045.0,93690.03435120739357,25372.34782609,4098.19262194683918629162314,3519.0,568.395953558601174,583564.0,94258.430304765994744,0.05892893425836191,0.07528210531851535,0.06252547586741491
2019-09-25,12.0,72389330.420151609745764,0.0,0.0,1471.08845337,480.8238759033693,0.000018987998561909304,0.159957893275247,-31.313586123785154,-22.684889037809462,452552412.0,9.0,9.0,307631.0,49208.006666157509857,34181.22222222,5467.55629623936785545938834,471.0,75.340167732641337,307631.0,49208.006666157509857,0.05890491273292469,0.06109295676371546,0.062290821450574435
2019-09-26,14.0,70739558.527161347232396,0.0,0.0,6377.39088526,493.5650191877044,0.000019317634315964708,0.156312410786933,-34.49505579795916,-25.040920060206133,452552412.0,17.0,17.0,70962.0,11092.241294262339546,5290.58823529,826.98460153916542066146557,3352.0,523.959200957799416,89940.0,14058.73822617675402,0.058931466926251654,0.061066551360866854,0.062278015069499225
2019-09-27,5.0,72285788.354700708441888,0.0,0.0,2571320.52272727,504.8231852597186,0.0000195106140106348,0.159729097532024,-35.9382773042667,-17.799081728272515,452552412.0,3.0,3.0,176.0,28.112321165636224,58.66666667,9.37077372241117165844008,56.0,8.944829461793344,176.0,28.112321165636224,0.05894632779539684,0.06020543717258729,0.062314674500890496
2019-09-28,8.0,71298276.664038419327124,0.0,0.0,21301.59623441,499.2694418106355,0.000019208413450317205,0.157547004001027,-35.22369320967085,-6.066915140467456,452552412.0,5.0,5.0,21245.0,3347.086100001818615,4249.0,669.417220000363723,2752.0,433.569355010826304,21245.0,3347.086100001818615,0.05895034943012881,0.05407398842736925,0.0620875941849419
2019-09-29,4.0,70077349.109391622318632,0.0,0.0,100077.93277311,492.98344738730276,0.00001920131182835572,0.154849134047686,-36.70979516406981,-6.710050730412731,452552412.0,4.0,4.0,4522.0,700.227784163636092,1967.5,304.665671238822205,1968.0,304.743095805846048,7870.0,1218.66268495528882,0.05813912215529453,0.054124946325156714,0.061822972535510654
2019-09-30,6.0,71402257.94057928096096,0.0,0.0,49105.07942708,502.92147925284183,0.000019049723311302028,0.15777677026408,-36.06981169909316,-6.542309629302998,452552412.0,3.0,3.0,9216.0,1454.07071475376128,3072.0,484.69023825125376,426.0,67.21290413249808,9216.0,1454.07071475376128,0.0581547767410291,0.054147965471496605,0.0617433249768797
2019-10-01,6.0,70716397.354000674018132,0.0,0.0,2324.07105442,509.03308065760666,0.000018793705693784216,0.156261231801811,-33.63971403525249,-7.406417735812379,452552412.0,7.0,7.0,194724.0,30427.812101375845164,27817.71428571,4346.83030019587961814942081,40000.0,6250.44927207244,194724.0,30427.812101375845164,0.05813844278640755,0.054163327673393435,0.061730212162551916
2019-10-02,11.0,70127319.883216172133024,0.0,0.0,6496.21629536,515.1738786268442,0.00001853022235343782,0.154959553907352,-35.50485539115139,-15.970976410608811,452552412.0,8.0,8.0,69664.0,10795.102363401769728,8708.0,1349.387795425221216,5068.0,785.335019202459936,69664.0,10795.102363401769728,0.058106983628233216,0.05135005237181285,0.06157931685634723
2019-10-03,6.0,71004290.446196998198152,0.0,0.0,3112.97884107,528.1443457470989,0.000019007865880362385,0.156897385945646,-30.610115998977243,-23.86476812114923,452552412.0,7.0,7.0,145376.0,22809.114379234232896,20768.0,3258.444911319176128,25451.0,3993.195369702636346,145376.0,22809.114379234232896,0.058035386965473564,0.04654071674919332,0.06158293092746738
2019-10-04,26.0,71922530.479360830888372,0.0,0.0,434.71309089,528.5588735342996,0.000019462713570723574,0.158926410670331,-30.82864510032354,-22.323589550614788,452552412.0,32.0,32.0,1041037.0,165448.273785009373247,32532.40625,5170.25855578154291396875,31918.0,5072.613175775624858,1041037.0,165448.273785009373247,0.057941636957025894,0.046712397852660646,0.06084801109521356
2019-10-05,20.0,71232789.332615337040692,0.0,0.0,1082.36090463,524.9836035519492,0.000019333011396843934,0.157402297377691,-31.63435137082397,-23.395975189111105,452552412.0,18.0,18.0,418116.0,65812.418970370650156,32092.55555556,5051.44197316632452165501196,7554.0,1189.016954391077814,577666.0,90925.955516981249206,0.057945942351392755,0.04665112241638707,0.06069755068379732
2019-10-06,6.0,67330819.361633543439516,0.0,0.0,48829.56538628,560.9747763042725,0.000018941763059499925,0.148780158002193,-34.88460169455111,-24.998146711219952,452552412.0,3.0,3.0,9268.0,1378.894504364324724,3089.33333333,459.63150145427897413999269,4096.0,609.403527176982528,9268.0,1378.894504364324724,0.05806905751846103,0.0472184079761061,0.06073397150320154
2019-10-07,8.0,68791781.14999028842068,0.0,0.0,1736.88529825,619.9055546995334,0.000018478968631952237,0.15200842891539,-33.66829339478182,-19.576428590363744,452552412.0,6.0,6.0,260554.0,39606.40418762052606,85092.33333333,12934.7519027441643152369487,3772.0,573.37579386885108,510554.0,77608.51141646802606,0.05808137006018517,0.04696257607790694,0.060729987558165215
2019-10-08,15.0,67105170.443765132731884,0.0,0.0,7079.53838934,604.4199219011437,0.00001810494015378537,0.148281544113757,-35.71042815262331,-26.87303281510522,452552412.0,13.0,13.0,63924.0,9478.749425927802468,5125.30769231,759.98853867384335379410867,2705.0,401.101576827712685,66629.0,9879.851002755515153,0.057829166934349904,0.04470286323727608,0.060774747956248286
2019-10-09,7.0,69668372.415613123181484,0.0,0.0,7338.76710018,627.077134170612,0.000017904103289276478,0.153945422824557,-30.058694518510805,-24.858462543130038,452552412.0,6.0,6.0,61666.0,9493.198443899131962,13611.0,2095.351150065045327,15000.0,2309.181342368355,81666.0,12572.106900390271962,0.05789428237173436,0.045407473063256064,0.06087720389726438
2019-10-10,7.0,68731584.871336574258916,0.0,0.0,900.86714495,659.9354660301739,0.000017705037736423738,0.151875413872143,-29.547213216725492,-28.54805334391272,452552412.0,5.0,5.0,502352.0,76294.917909498780336,100547.2,15270.6476136851366496,1968.0,298.890814500377424,502736.0,76353.238068425683248,0.057902339548651684,0.04455827791397379,0.060818299383082766
2019-10-11,19.0,64335525.092518281181632,0.0,0.0,1020.9338534,614.4715253046419,0.000017148853198356928,0.142161489777936,-27.356568742149857,-33.361657236978445,452552412.0,15.0,15.0,443273.0,63016.350058335024528,29854.93333333,4244.22179988715354596740688,6530.0,928.31452824992208,447824.0,63663.326998314411264,0.05809669266900417,0.04556471086445438,0.060053643501854284
2019-10-12,31.0,67762341.619238567195856,0.0,0.0,459.67834572,650.6474117829762,0.00001798872927632273,0.149733687905388,-27.674929305106698,-32.98280379156358,452552412.0,46.0,46.0,984498.0,147412.516275478675224,21402.13043478,3204.61991903175450394459464,8868.0,1327.838344344980784,984498.0,147412.516275478675224,0.05812351151947354,0.04583205073400451,0.05893525091572054
2019-10-13,39.0,66016673.49180535251672,0.0,0.0,231.65642651,619.9477544963873,0.000017594004899112167,0.14587630458106,-20.502762178457232,-35.40882541382032,452552412.0,46.0,46.0,1953550.0,284976.654814329763,42664.97826087,6223.8093637269756927411222,18424.0,2687.62503560144944,1962589.0,286295.23073143796434,0.058009654364465944,0.04565717912567024,0.058223705745794135
2019-10-14,14.0,61496589.309256469913168,0.0,0.0,1429.71185402,575.0833075616843,0.00001628113186979497,0.135888325149964,-21.48552129239641,-40.277696744765656,452552412.0,16.0,16.0,316534.0,43013.275113018704776,26667.625,3623.8188969773087155,6888.0,935.998783632952032,426682.0,57981.102351636939448,0.058251825677381054,0.046586695705186164,0.057930698390261756
2019-10-15,25.0,62360282.957904023561352,0.0,0.0,505.40120523,577.3221597802818,0.00001688539048347678,0.137796819339246,-24.16907024226567,-35.716222388485264,452552412.0,37.0,37.0,895432.0,123387.681534579724272,24693.78378378,3402.72486285593516933222988,3916.0,539.612344532487336,913670.0,125900.81992568889282,0.05824302569148589,0.04620934153606319,0.05772928648888853
2019-10-16,4.0,62190517.374532722500676,0.0,0.0,16584.30123131,581.2932893872535,0.00001716943577560503,0.137421690229623,-29.54882395768019,-37.42208569701497,452552412.0,3.0,3.0,27288.0,3749.963082985952424,9096.0,1249.987694328650808,4488.0,616.748545750548024,27288.0,3749.963082985952424,0.05824267312805208,0.04568661004288135,0.05772945612853638
2019-10-17,11.0,65842686.23174743436052,0.0,0.0,75488.3089241,617.8567107912925,0.000018023169804209498,0.14549184687971,-21.211928618288447,-27.78865864738008,452552412.0,6.0,6.0,5995.0,872.22362204386145,999.16666667,145.3706036744618811562657,688.0,100.09839065324048,5995.0,872.22362204386145,0.05839865584355571,0.04554723583488204,0.05808084316458129
2019-10-18,42.0,56513192.383694518579848,0.0,0.0,871.49475719,529.6160702786688,0.000015689327802473942,0.124876568735854,-33.89254952361752,-36.516936397041945,452552412.0,53.0,53.0,519283.0,64846.279242860472682,9800.77358491,1223.88697624055583443036314,1080.0,134.86669423472232,519441.0,64866.009740720737614,0.05945485121433518,0.05238589691799997,0.061191024163288865
2019-10-19,58.0,57086064.774659968576776,0.0,0.0,639.00246958,530.7355816167957,0.000015870012971662175,0.126142438446798,-35.267707468895374,-36.4447732339502,452552412.0,87.0,87.0,708217.0,89336.219329475939166,9550.94252874,1204.77918004049068807597452,918.0,115.798758494160564,830932.0,104815.788663474755736,0.05933264836594765,0.0524043241560805,0.06082819528750767
2019-10-20,33.0,57436022.914646795340324,0.0,0.0,2318.3206135,537.1782469080448,0.000015451696234339114,0.126915737032127,-36.02939041916914,-33.99026901829528,452552412.0,47.0,47.0,195207.0,24774.840278830415289,4688.55319149,595.05118391228462651299923,918.0,116.508646595492586,220362.0,27967.405643873569974,0.05929144442452493,0.05244525814403097,0.06046250182197039
2019-10-21,48.0,56405212.829503197698688,0.0,0.0,1081.23859037,560.144573502508,0.000015178179577805479,0.124637967523424,-36.7391261284958,-34.263754629656354,452552412.0,72.0,72.0,418550.0,52167.2213069291152,7070.13888889,881.20774121956886440835936,1124.0,140.093075496328576,509050.0,63446.9573677989872,0.05930344590104072,0.052451043398854424,0.06048974461774993
2019-10-22,21.0,55342614.533382226474632,0.0,0.0,1275.70469095,554.3148361053961,0.000015230642421194046,0.122289955960686,-40.70605559355801,-33.008670899751046,452552412.0,30.0,30.0,354747.0,43381.995007185476442,15772.3,1928.7938723987277978,1492.0,182.456614293343512,473169.0,57863.816171961833934,0.0588735915750617,0.052266625567158706,0.059910639398585486
2019-10-23,45.0,51734773.207429251168372,0.0,0.0,2250.1164058,520.3921826033342,0.000015328130831653677,0.114317749360331,-44.82531533718639,-40.895396138051595,452552412.0,56.0,56.0,201124.0,22992.043022347212044,5421.83928571,619.81246453579183844917001,1620.0,185.19475396373622,303623.0,34709.498014031779213,0.05891988716732941,0.05137857081856911,0.060430209867362826
2019-10-24,51.0,50826942.815920753848132,0.0,0.0,1211.94832476,510.2740973942679,0.000015066559555815307,0.112311726704311,-45.59977240322882,-30.466611558711072,452552412.0,71.0,71.0,373409.0,41938.209556930066199,5659.33802817,635.61002594714334737844087,875.0,98.272760866272125,401813.0,45128.311842239315843,0.05886262253317472,0.04119352102228194,0.060448280208873266
2019-10-25,46.0,58719913.55690104922394,0.0,0.0,346.6705571,578.9731673004285,0.000014988784138230255,0.129752735815495,-37.02312649865319,-18.88319284611768,452552412.0,59.0,59.0,1305425.0,169382.465151942560375,39249.45762712,5092.7245063931666208282244,948.0,123.00559355308926,2315718.0,300470.74587718645041,0.05960114401414445,0.05013579491638885,0.05541383184979517
2019-10-26,50.0,61086602.1781025645661,0.0,0.0,997.04207361,598.7018620730142,0.000014593247143709002,0.134982381174675,-37.79909729063661,-13.645768435708296,452552412.0,65.0,65.0,453895.0,61267.827903279109125,9190.52307692,1240.558689163462364981001,1592.0,214.8919508300826,597384.0,80636.3147956520502,0.059480302426125245,0.05074161602714968,0.05571492215431506
2019-10-27,45.0,62836342.206631939681008,0.0,0.0,3311.30257776,615.1295858235229,0.000014526731044562572,0.138848762133284,-37.10029204272461,-13.072342936485756,452552412.0,68.0,68.0,136669.0,18976.321471993790996,2266.54411765,314.7068450561789154768626,920.0,127.74086116262128,154125.0,21400.0654637923965,0.0594766403818478,0.05087507665057214,0.05526947436016479
2019-10-28,61.0,63380428.901987723392776,0.0,0.0,1669.36837679,628.4787821693808,0.000015028259175403814,0.140051024414798,-39.86960193285039,-11.105244239436603,452552412.0,94.0,94.0,271092.0,37966.712310656419416,3484.93617021,488.06888065809334857076758,954.0,133.608677291717292,327584.0,45878.474781897188032,0.05947645401982951,0.05090130733663874,0.052072943374323485
2019-10-29,78.0,60477472.333431730927896,0.0,0.0,1483.43793883,597.3890175550835,0.00001416959589778766,0.133636393774058,-40.85625972166348,-13.69897248963336,452552412.0,119.0,119.0,305070.0,40768.45464865187406,3070.11764706,410.27945081519458022796948,750.0,100.2272953305435,365344.0,48823.254646989445952,0.059563555587660445,0.051453199705508726,0.05237290834978484
2019-10-30,127.0,54637230.352978340220504,0.0,0.0,857.6981328,537.4262338271787,0.000013147466182888297,0.120731276431642,-46.48305260916488,-23.479688277579033,452552412.0,183.0,183.0,527636.0,63702.167771285858312,3243.79234973,391.62719086209817290215666,905.0,109.26180517063601,593614.0,71667.775927692734188,0.059902977856425996,0.054162749064235995,0.05379951983298236
2019-10-31,82.0,55121233.788877526279568,0.0,0.0,304.11976563,534.2250628491076,0.000013303886865719788,0.121800773407164,-43.63848508960851,-22.053108117280072,452552412.0,108.0,108.0,1488073.0,181248.442286318754972,14366.46296296,1749.84630001390489393064544,986.0,120.095562579463704,1551578.0,188983.400401540704792,0.05990162853228624,0.05425905157895378,0.053827688084483225
2019-11-01,78.0,56534618.135765369563392,0.0,0.0,24.78804904,440.0947189338653,0.000013503271459452957,0.124923912980416,-41.302406711973376,-19.382890676681903,452552412.0,106.0,106.0,18256879.0,2280720.763489984281664,172731.9245283,21578.3479087131332279377728,1329.0,166.023880350972864,18309584.0,2287304.878323617106944,0.05985724712166993,0.05460515728350004,0.052556123069204846
2019-11-02,38.0,59150264.614336985851008,0.0,0.0,3293.49391593,464.49010577618174,0.000014053870508060525,0.130703677730784,-39.27999285352691,-16.69480218359807,452552412.0,50.0,50.0,137408.0,17959.730949631567872,4142.52,541.44259907332733568,903.0,118.025420990897952,207126.0,27072.129953666366784,0.059813447389150044,0.055334830726175295,0.05071463397667039
2019-11-03,24.0,56981930.205313931839788,0.0,0.0,2212.64563634,446.74751387730436,0.000013671799471122096,0.125912333454349,-41.46445390421143,-20.773184945619118,452552412.0,26.0,26.0,204530.0,25752.84956141800097,9306.07692308,1171.74986069067108956447492,3336.0,420.043544403708264,241958.0,30465.496377947375342,0.05981567412275758,0.0555011042564607,0.050859845580188245
2019-11-04,44.0,60864237.219133928932404,0.0,0.0,206.67730699,465.29770432886517,0.000014279664607020811,0.134491023813467,-39.40871312850042,-14.555869860811354,452552412.0,41.0,41.0,2189657.0,294489.211730324710819,59560.80487805,8010.39362720308400688269935,5114.0,687.787095782070238,2441993.0,328426.138715319719731,0.06001254506049051,0.05710390174617862,0.05172893714845975
2019-11-05,60.0,60949888.021741328751804,0.0,0.0,40.08762556,413.6119231192393,0.00001443396813313703,0.134680285433417,-39.77932831252857,-9.476984537526944,452552412.0,53.0,53.0,11289080.0,1520416.51668067918636,213919.73584906,28810.77108399256793459203802,12500.0,1683.5035679177125,11337746.0,1526970.867451581858082,0.059998884464895985,0.05628975133413945,0.051607211026181786
2019-11-06,28.0,61049642.050587586402188,0.0,0.0,303.72930484,419.82751766984615,0.000014420274873353644,0.134900710794549,-41.6623899467986,-11.254453613465994,452552412.0,27.0,27.0,1489986.0,201000.170473926886314,55255.62962963,7454.02371243742930389288687,1916.0,258.469761882355884,1491902.0,201258.640235809242198,0.05999425646380123,0.05610479182507014,0.051322393706773474
2019-11-07,22.0,59994672.027872401995396,0.0,0.0,694.58244238,410.19237360173577,0.000014392919244063548,0.132569555342183,-45.76012065284443,-10.596051494797107,452552412.0,21.0,21.0,651546.0,86375.163504977964918,31069.80952381,4118.91083313781423683587723,1667.0,220.993448755419061,652466.0,86497.127495892773278,0.05895914733881964,0.0560262765873487,0.05036385121754475
2019-11-08,35.0,60295545.469044236021736,0.0,0.0,601.95771487,409.3681580495304,0.000015155196356288896,0.133234392017878,-43.384584926056924,-13.453489182515154,452552412.0,42.0,42.0,751801.0,100165.749153432698278,17956.45238095,2392.4170157738510880666241,1915.0,255.14386071423637,754171.0,100481.514662515069138,0.05891003409226097,0.055513750365466845,0.05033744419101258
2019-11-09,23.0,60502193.094165521575032,0.0,0.0,1271.85056573,409.4007590780663,0.000015173565761635874,0.133691018962386,-45.15198051173826,-11.973231510049168,452552412.0,22.0,22.0,355822.0,47570.205749234111292,17464.5,2334.846800668590297,3807.0,508.961709189803502,384219.0,51366.629614708986534,0.058752895039302054,0.05550822506711809,0.05002657511075278
2019-11-10,15.0,60429147.8065896570651,0.0,0.0,1219.2788417,437.367398573058,0.000014766252926766708,0.133529611607925,-44.82343112912267,-6.071882183771746,452552412.0,9.0,9.0,371164.0,49561.3847628438747,41286.88888889,5513.02223783303584956845325,7005.0,935.374929313514625,371582.0,49617.20014049598735,0.05874886023860547,0.054265541340444395,0.0500117843491735
2019-11-11,36.0,56639301.430334344405788,0.0,0.0,341.04270264,405.20913275527437,0.000014363852153701254,0.125155230484849,-49.15046074009916,-16.41478131231854,452552412.0,36.0,36.0,1326967.0,166076.860730788622983,37159.75,4650.73707600936762775,4486.0,561.446363955032614,1337751.0,167426.534736337234599,0.05861457903395797,0.05444350286742099,0.05003200554265281
2019-11-12,24.0,59240266.105806798463464,0.0,0.0,717.21352738,430.279073512616,0.000014893978431802546,0.130902553019222,-47.48089276765743,-10.264690763068682,452552412.0,24.0,24.0,630987.0,82597.809221939832114,28338.0,3709.516547458713036,2002.0,262.066911144482444,680112.0,89028.397139009112864,0.05862761138921515,0.055078032206968226,0.05046034489473406
2019-11-13,19.0,59806316.70981117947238,0.0,0.0,379.91016858,432.7895843492625,0.000015074418544727456,0.132153348703865,-47.6338568860283,-2.748563161682313,452552412.0,21.0,21.0,1191209.0,157422.258356182322785,57384.95238095,7583.61362235437342821737175,2643.0,349.281300624315195,1205084.0,159255.88606944844966,0.058413356410068375,0.05362680905875467,0.050472506329150874
2019-11-14,17.0,59175809.468784378760416,0.0,0.0,272.17857899,431.7819829713923,0.000015124757950890315,0.130760123909768,-37.472570977875826,-5.106573187407303,452552412.0,18.0,18.0,1662704.0,217415.381065266892672,92607.5,12109.36817497384006,922.0,120.560834244806096,1666935.0,217968.62714952912108,0.058416530724651486,0.05357924475921152,0.050034384874529284
2019-11-15,25.0,58733301.9206913974475,0.0,0.0,84.25599163,407.3869324183656,0.000015330048654343945,0.129782319933125,-38.66075907305551,-5.559071703843179,452552412.0,21.0,21.0,5371160.0,697081.605532003675,257784.42857143,33455.86118263513745688561875,5427.0,704.328650277069375,5413473.0,702573.084835333993125,0.05766211137649999,0.05358936207375136,0.04985343813806614
2019-11-16,19.0,59444092.955784374655168,0.0,0.0,2632.55739765,411.6358166804687,0.000015493954504812665,0.131352946928464,-35.90479428525614,-9.71800156123923,452552412.0,18.0,18.0,171906.0,22580.359694684532384,9627.61111111,1264.61509132552215272563504,1154.0,151.581300755447456,173297.0,22763.071643862025808,0.05765495337024594,0.0525001262854799,0.048872882116181564
2019-11-17,13.0,60323850.22001863440396,0.0,0.0,3214.65294293,417.1937745751492,0.00001567247618361056,0.13329693670933,-34.82911196234857,6.742952708195589,452552412.0,12.0,12.0,140778.0,18765.27615606605874,11986.5,1597.763731866384045,1255.0,167.28765557020915,143838.0,19173.16478239660854,0.057665659870334195,0.044337200079292746,0.04890194720973044
2019-11-18,14.0,57496597.563703541250228,0.0,0.0,1278.14751362,397.0429925081324,0.00001552502833881236,0.127049588156219,-42.414340437781114,0.7191471170137486,452552412.0,13.0,13.0,354069.0,44984.320628884305111,34928.38461538,4437.63688034604477967004822,14980.0,1903.20283058016062,454069.0,57689.279444506205111,0.05761018269372655,0.045239019946724704,0.04914935617074019
2019-11-19,36.0,56674993.504184309340996,0.0,0.0,1238.37339543,390.0753982736061,0.000015428959676773963,0.125234098860983,-31.031479927092253,-1.325003668156863,452552412.0,34.0,34.0,365441.0,45765.674321856488503,12556.02941176,1572.44302865376206350536008,1306.0,163.555733112443798,426905.0,53463.062974247947615,0.0567122978750827,0.045302080784970084,0.049054538879367254
2019-11-20,13.0,56457953.592264559952916,0.0,0.0,693.3586417,401.9833568480445,0.000015446500822094253,0.124754508196643,-29.986352178161944,0.09350334856599016,452552412.0,10.0,10.0,652696.0,81426.768481916099528,71162.8,8877.8801158960664804,15162.0,1891.527853277501166,711628.0,88778.801158960664804,0.05652067177222381,0.04518495503298969,0.04904811463136251
2019-11-21,47.0,51193335.829928456406372,0.0,0.0,372.91278477,363.82860014618575,0.000014860380671208805,0.113121341246831,-42.90932950742777,-7.497438887624212,452552412.0,52.0,52.0,1213561.0,137279.648004845475191,23684.40384615,2679.21152970809077289905065,4398.0,497.507658803562738,1231589.0,139318.999544843344459,0.056954057554023926,0.04850397340580008,0.0502846020793435
2019-11-22,26.0,49795083.394385891211936,0.0,0.0,3176.94341133,354.1434846187611,0.000015119377738586602,0.110031638488728,-38.90962998993974,-3.749296059086256,452552412.0,28.0,28.0,142449.0,15673.896871080814872,5388.17857143,592.87011668429663919784104,1270.0,139.74018088068456,150869.0,16600.363267155904632,0.05685700776111992,0.04719825901347045,0.049594781161342714
2019-11-23,19.0,51253955.837414235433632,0.0,0.0,3863.14865211,364.1947202439559,0.000015461819191340193,0.113255292598936,-35.704438347015675,0.8401312332319331,452552412.0,20.0,20.0,117146.0,13267.404506794956656,5995.7,679.0447578354405752,918.0,103.968358605823248,119914.0,13580.895156708811504,0.05627782759567897,0.04740485077605156,0.0444710343244219
2019-11-24,13.0,47970234.411999809429676,0.0,0.0,3296.54075946,341.3384538295103,0.000015266236343102714,0.105999290115373,-36.00669424687554,-18.30670124281525,452552412.0,12.0,12.0,137281.0,14551.688546328520813,11505.75,1219.60133224495289475,825.0,87.449414345182725,138069.0,14635.215986939434737,0.05646228269054299,0.04040969213089691,0.04514581445666077
2019-11-25,13.0,49533326.931261985532916,0.0,0.0,2005.59468191,357.37839063979186,0.000015331636511072415,0.109453238161643,-31.634447987120122,-18.912944630896547,452552412.0,15.0,15.0,225645.0,24697.575924983934735,28866.2,3159.4990634216191666,2336.0,255.682764345598048,432993.0,47392.485951324287499,0.05646305628147783,0.04013766541511634,0.04537089751609481
2019-11-26,21.0,49059104.872678949340084,0.0,0.0,7432.29449828,362.6446111527358,0.000015128922902795393,0.108405354986107,-28.44871889559284,-21.925587725408533,452552412.0,21.0,21.0,60890.0,6600.80206510405523,3083.28571429,334.24468238119993452136903,1108.0,120.113133324606556,64749.0,7019.138329995442143,0.05579065940767236,0.03958316264649415,0.04522827245845751
2019-11-27,19.0,53889034.825880110033632,0.0,0.0,424.18026651,394.7200973764513,0.00001582040010970651,0.119077997148936,-20.42280411405508,-14.97527587070328,452552412.0,21.0,21.0,1066887.0,127042.767144236882232,53350.80952381,6352.90754436967477580816616,841.0,100.144595602255176,1120367.0,133411.058431761979512,0.056266674409105225,0.04368611592692424,0.04703338071149012
2019-11-28,15.0,53503484.268327572149788,0.0,0.0,2219.49304312,418.84344479807226,0.00001589842690382932,0.118226050396849,-31.25871271316736,-11.531546865342396,452552412.0,13.0,12.0,203899.0,24106.173449867114251,17196.91666667,2033.12353650413993575132283,1800.0,212.8068907143282,206363.0,24397.482438044950187,0.056265772249801,0.04298199854907814,0.047005569309874616
2019-11-29,17.0,56263113.436763023438908,0.0,0.0,175.98326778,430.8421212078726,0.000016046486266102734,0.124323972085609,-28.20070713083834,2.975778737832844,452552412.0,21.0,21.0,2571565.0,319707.175276329108085,122604.14285714,15242.63403415109142593689826,957.0,118.978041285927813,2574687.0,320095.314717180379383,0.056388905828344736,0.03994119683660226,0.047444473752154104
2019-11-30,36.0,55277450.144555990860704,0.0,0.0,486.80550796,422.24333365200647,0.000016165012100873013,0.122145962939992,-23.419144665380013,0.2834050418334179,452552412.0,38.0,38.0,929637.0,113551.406549645342904,24514.78947368,2994.38256653382326710341056,922.0,112.618577830672624,931562.0,113786.537528304827504,0.05639135979288767,0.04005455872686846,0.04747204838715077
2019-12-01,13.0,54766920.97268990377884,0.0,0.0,2442.98074992,419.5881837677017,0.00001631468089637453,0.12101785234257,-25.04741017231974,-3.126751752051142,452552412.0,16.0,16.0,185246.0,22418.07307505172222,11594.0625,1403.088543675527990625,215.0,26.01883825365255,185505.0,22449.41669880844785,0.05607453561530064,0.03980052717213968,0.04747358445736626
2019-12-02,12.0,56061231.55586286158124,0.0,0.0,18558.63899938,430.86468755021644,0.000016927109300642327,0.12387787595277,-19.816315300751103,-5.222348671835696,452552412.0,14.0,14.0,24385.0,3020.76200510829645,2649.35714286,328.1967354977962275027222,1424.0,176.40209535674448,37091.0,4594.75429696419207,0.05610886619833655,0.039117928587950504,0.04755905634804595
2019-12-03,15.0,55864378.7971639235697,0.0,0.0,1868.35278672,432.3921813194278,0.000016895066174871074,0.123442892614975,-9.671739381578288,-1.9612382453934232,452552412.0,10.0,10.0,242220.0,29900.3374491992445,24222.0,2990.03374491992445,1084.0,133.8120955946329,242220.0,29900.3374491992445,0.055898699626050846,0.038540870146038846,0.04750804708920908
2019-12-04,22.0,53140849.39312634837508,0.0,0.0,3633.5874168,412.863099484839,0.00001627503937057796,0.11742474017159,-16.81440558738806,-12.689533589652171,452552412.0,22.0,22.0,124547.0,14624.89911415101973,6765.04545455,794.3837047495297165462345,2918.0,342.64539182069962,148831.0,17476.44150447791129,0.056006816204446315,0.03743020764138071,0.04787026723410435
2019-12-05,23.0,50182198.195194265743972,0.0,0.0,1809.4424444,392.8679682593365,0.000014976464323312255,0.110887041731631,-19.555739492508103,-17.66646367374152,452552412.0,28.0,28.0,250106.0,27733.514459331302886,10265.71428571,1138.33468840452529267829301,566.0,62.762065620103146,287440.0,31873.37127534001464,0.05613613729035892,0.0386243908971376,0.0478877351719252
2019-12-06,17.0,51232570.91839447199652,0.0,0.0,2294.94871574,419.25606855834536,0.000015025870434492768,0.11320803858271,-17.877580394234453,-16.080472878216693,452552412.0,20.0,20.0,197195.0,22324.05916831749845,9999.25,1131.9954797981629675,1647.0,186.45363954572337,199985.0,22639.90959596325935,0.05616231702400751,0.038918586682493914,0.047880824080368395
2019-12-07,16.0,51287648.539984292940348,0.0,0.0,2138.82768953,423.495711140376,0.000015086370692743705,0.113329742986729,-16.20495741981219,-14.512994560321943,452552412.0,21.0,21.0,211589.0,23979.326988819002381,11316.9047619,1282.5419080714165486048251,889.0,100.750141515202081,237655.0,26933.380069511080495,0.05615253362243576,0.03887522158436184,0.04781497185681123
2019-12-08,16.0,51783107.530533096347448,0.0,0.0,15311.17542376,429.17899212873976,0.000015197962671813046,0.114424553173154,-15.566304364002765,-14.117855427448506,452552412.0,16.0,16.0,29557.0,3382.046518138912778,2368.6875,271.036008794335215375,1572.0,179.875397588198088,37899.0,4336.576140709363446,0.056134124677558676,0.038926148810389624,0.04753493174027226
2019-12-09,10.0,51161320.715567629262748,0.0,0.0,17353.13516623,433.1111490025988,0.00001540151152495366,0.113050597806929,-26.18637755767688,-15.438898824807513,452552412.0,12.0,12.0,26079.0,2948.246540206901391,3099.5,350.4003279025764355,892.0,100.841133243780668,37194.0,4204.803934830917226,0.05595551679199016,0.038912385501304665,0.047530838574679206
2019-12-10,25.0,50293565.497270095954564,0.0,0.0,176.68049053,420.0964902953175,0.000015366664602117143,0.111133128812647,-22.59356462029843,-16.772671264138367,452552412.0,30.0,30.0,2561417.0,284658.285403903840799,89534.56666667,9950.25653055156744172937549,1659.0,184.369860700181373,2686037.0,298507.695916535909939,0.05595355739880511,0.03895888598860289,0.04687842203801385
2019-12-11,27.0,50344968.02410665701904,0.0,0.0,4777.84195357,431.8732399418989,0.0000154499356583552,0.11124671240092,-16.962643720952833,-11.113013838932389,452552412.0,33.0,33.0,94719.0,10537.17735190274148,3099.27272727,344.7839017426206580570884,557.0,61.96441880731244,102276.0,11377.86875751649392,0.05592380926280144,0.037362671643917544,0.04630497619795037
2019-12-12,39.0,50081170.368145595805204,0.0,0.0,1502.5978219,433.65249850274046,0.00001538525295049298,0.110663801672867,-20.348861507075945,-15.460929431516195,452552412.0,49.0,49.0,301180.0,33329.72378783408306,6199.67346939,686.07943525311023971804113,654.0,72.374126294055018,303784.0,33617.892327390228728,0.05589767679493968,0.03620684314585265,0.04622174476159087
2019-12-13,36.0,50633927.977040594518644,0.0,0.0,1994.23792359,437.4717439028875,0.00001544330032508215,0.111885223974987,-12.329433478785461,-15.336822659178845,452552412.0,50.0,50.0,226930.0,25390.11387664379991,5042.66,564.19914352970794542,788.0,88.165556492289756,252133.0,28209.957176485397271,0.05578098244690656,0.03622893503893826,0.04543257154642829
2019-12-14,47.0,49941845.23277359149012,0.0,0.0,571.34540616,428.5338765542228,0.00001560659951422941,0.11035593648051,-11.853283195832589,-15.604288845227815,452552412.0,66.0,66.0,792082.0,87410.95087935532182,12205.95454545,1346.9995445016725098341795,896.0,98.87891908653696,805593.0,88901.96993714349243,0.05556184084117118,0.03624874087900838,0.045395731229657205
2019-12-15,57.0,49771724.068964890542888,0.0,0.0,2157.58003337,431.2632615658531,0.000015465558731217158,0.109980021648774,-11.229964998056559,-15.258086228197218,452552412.0,77.0,77.0,209750.0,23068.3095408303465,3326.66233766,365.86639591400792231302884,919.0,101.071639895223306,256153.0,28171.712485398406422,0.05553933960775286,0.03624923864008546,0.04539556784732847
2019-12-16,45.0,48785324.613261064281804,0.0,0.0,2169.37065337,424.77446692827186,0.000015663206391610368,0.107800385810917,-12.737009357088736,-17.93074435579579,452552412.0,60.0,60.0,208610.0,22488.23848401539537,4106.13333333,442.64275752404065631396361,628.0,67.698642289255876,246368.0,26558.565451463999456,0.05493539579164512,0.036186423970782235,0.04473225449554249
2019-12-17,30.0,46607986.626426697959084,0.0,0.0,5534.72607196,407.11714862964396,0.00001558325600049937,0.102989146429357,-23.21091402872581,-22.737049348750432,452552412.0,35.0,35.0,81766.0,8421.010546942804462,2545.31428571,262.13974567972140942958847,1121.0,115.450833147309197,89086.0,9174.891098805697702,0.05481662064863204,0.03663737624784714,0.04068804917103267
2019-12-18,12.0,51149206.993809373295184,0.0,0.0,11713.83786302,446.74115303546944,0.0000155153934139012,0.113023830251532,-17.595626787797027,-11.03959336526228,452552412.0,12.0,12.0,38634.0,4366.562657937687288,3366.75,380.522980499345361,1767.0,199.713108054457044,40401.0,4566.275765992144332,0.054202680585108506,0.0402700878359942,0.04251342409474313
2019-12-19,6.0,50399212.243004198690844,0.0,0.0,123580.66957946,440.7170242625288,0.000015584097783792546,0.111366575244337,-20.642841367949504,-11.073280953648043,452552412.0,4.0,4.0,3662.0,407.824398544762094,915.5,101.9560996361905235,1079.0,120.164534688639623,3662.0,407.824398544762094,0.05403642117653845,0.04027355028616241,0.04253278221658975
2019-12-20,39.0,33254190.5643046653471528,0.0,0.0,1140.06835083,290.5681663969129,0.000010228169681583845,0.0734814127215494,-52.037773999512495,-41.09919249913992,452552412.0,53.0,53.0,396952.0,29168.5937426444774288,10554.52830189,775.561650232453032191748366,2177.0,159.9690354948130438,559390.0,41104.767462307518866,0.062162725247462795,0.08530418105887803,0.06826197102679195
2019-12-21,182.0,35465172.5588187534298584,0.0,0.0,81.54614707,297.8528447779364,0.000010975311501921521,0.0783669948903482,-43.13643458141784,-30.723067790231333,452552412.0,323.0,323.0,5549648.0,434909.2364592311074336,19992.13312693,1566.723394605284292142497026,2924.0,229.1450930593781368,6457459.0,506051.6564576329972238,0.06234330237398852,0.08518481204842347,0.06889647802637903
2019-12-22,76.0,36344641.8663644115745452,0.0,0.0,151.37557265,312.13692629516106,0.000010737535433555716,0.0803103483765421,-45.32197322716867,-27.011585504318962,452552412.0,121.0,121.0,2989600.0,240095.81750651026216,25645.36363636,2059.588087879176132178630756,2417.0,194.1101120261022557,3103089.0,249210.1586334156485469,0.06235050535329818,0.08539089419002832,0.06856084416685788
2019-12-23,77.0,39201702.511102230117252,0.0,0.0,156.90628839,331.7310383991657,0.000011830993738688775,0.086623563308071,-42.53471052941373,-23.514776819458945,452552412.0,113.0,113.0,2884221.0,249841.500387967847691,33925.48672566,2938.74654713733134764080186,2296.0,198.887701355331016,3833580.0,332078.35982655482418,0.062394547422115525,0.08655444255443072,0.06934334756610121
2019-12-24,57.0,40007981.9422554497110092,0.0,0.0,142.68337009,331.3512200368457,0.00001221803784018121,0.0884051899435141,-44.6615909158501,-16.59831886865367,452552412.0,79.0,79.0,3171725.0,280396.9510735922588225,67214.51898734,5942.112318037727696533011494,3197.0,282.6313922494145777,5309947.0,469426.8731249928647527,0.062274774267690895,0.0860204964145675,0.06663189299769456
2019-12-25,32.0,40739063.5563151323314556,0.0,0.0,366.87112763,334.3309613754565,0.000012518213400195326,0.0900206528041113,-34.574656530528195,-17.7542352185444,452552412.0,42.0,41.0,1233546.0,111044.6161839002776698,38273.29268293,3445.386792280175004911330109,3159.0,284.3752422081875967,1569205.0,141260.8584834754725165,0.06146254554417467,0.08584481387262981,0.06643895102881052
2019-12-26,54.0,43362650.3861521806549012,0.0,0.0,241.41729521,350.1281738461003,0.000013317965385117019,0.0958179632598051,-31.345225921580994,-11.611411380844675,452552412.0,93.0,93.0,1874565.0,179617.0002981165472815,20760.21505376,1989.201523286828438943622176,1707.0,163.5612632844873057,1930700.0,184995.74166570570657,0.06166998409626302,0.08675746647858691,0.0668889108631069
2019-12-27,92.0,39448109.1414749227746624,0.0,0.0,405.06610719,315.85570417415187,0.000012044525800102543,0.0871680452815152,-31.143075530569458,-26.797521482923198,452552412.0,134.0,132.0,1117231.0,97386.8423979125084112,10450.53030303,910.952298670365804713551056,1614.0,140.6892250843655328,1379470.0,120245.703424491772944,0.06160669796246332,0.08623887826850485,0.06782287125493389
2019-12-28,95.0,34723710.1451952364763136,0.0,0.0,391.26335502,275.8671663860886,0.00001050120971499741,0.0767285936931328,-43.92378256926375,-35.10009559181062,452552412.0,154.0,154.0,1156644.0,88747.6675235998943232,8600.40909091,659.897294731159023957902848,2170.0,166.501048314098176,1324463.0,101624.1833885877476864,0.062211728245566957,0.08884536605050365,0.06939046803036968
2019-12-29,118.0,32058757.1937638649477132,0.0,0.0,296.74906396,252.32121809896057,0.000009583863145943411,0.0708398769815061,-47.887233326992444,-43.01993751235197,452552412.0,187.0,187.0,1525034.0,108033.2209526141737074,9895.85026738,701.020815568603447000101018,1831.0,129.7078147531376691,1850524.0,131090.8925113245941964,0.06236542898324266,0.08875440407011588,0.06895633969224367
2019-12-30,152.0,33384845.6480851609530792,0.0,0.0,117.73739666,257.0678375019777,0.00001020418698419213,0.0737701197979366,-44.93840763296391,-39.60494639173751,452552412.0,261.0,261.0,3843744.0,283553.4553526000186304,21212.72413793,1564.865200895677489027795238,2140.0,157.868056367584324,5536521.0,408429.8174337917425686,0.06194510696219533,0.08941246785638052,0.0692153942897823
2019-12-31,100.0,35464873.25271253024194,0.0,0.0,158.11795806,268.1855689214696,0.000010933725979872203,0.078366333516995,-40.233371030412926,-35.24398921312838,452552412.0,152.0,152.0,2862119.0,224293.772119328212405,23740.57894737,1860.46212767614750710555315,2165.0,169.663112064294175,3608568.0,282790.24340675561316,0.060956320969466585,0.09051420848497366,0.06965216647049102
2020-01-01,40.0,35183794.31839577900478,0.0,0.0,1256.1548958,265.9438532186648,0.000010842173739241486,0.077745236541565,-43.84028801212136,-37.2404184818229,452552412.0,61.0,61.0,360268.0,28009.12087835653942,8959.42622951,696.55271148995678034458315,713.0,55.432353654135845,546525.0,42489.715400878811625,0.06089551159650986,0.09024290429143526,0.06930379580955362
2020-01-02,48.0,33881859.6823912458524232,0.0,0.0,443.31375338,258.0320585077262,0.000010777349831976984,0.0748683661471486,-50.24990931521391,-39.349796038345396,452552412.0,68.0,68.0,1020840.0,76428.622897655176824,16660.94117647,1247.377444356060716819913442,1598.0,119.6396491031434628,1132944.0,84821.6662162151234784,0.060916333196181074,0.09030184492895543,0.06930632984642389
2020-01-03,57.0,32044616.706009590151846,0.0,0.0,305.35796426,243.23492490424147,0.000009679512843037937,0.0708086309039705,-50.541810743073526,-39.69871187238779,452552412.0,99.0,99.0,1482039.0,104941.1525362895358495,19076.49494949,1350.780489819894776437950045,1799.0,127.3847269962429295,1888573.0,133727.2684922042790965,0.06102477324188588,0.09038134706814442,0.06886581774090506
2020-01-04,46.0,37308632.900576982909198,0.0,0.0,795.6797606,282.108671791833,0.000011226831702770237,0.0824404685762165,-41.8505782436555,-25.653649616030833,452552412.0,71.0,71.0,568762.0,46889.005788346048973,8575.4084507,706.96069090815477113277655,2404.0,198.186886457224466,608854.0,50194.209054503720891,0.062126719122475964,0.09511254341346449,0.0719913477034829
2020-01-05,60.0,41742659.2931906614150692,0.0,0.0,445.76738661,314.21001350997244,0.000012557062374644405,0.0922382870720191,-32.9353172723115,-18.52320009534514,452552412.0,94.0,94.0,1015221.0,93642.2460395423027211,11861.88297872,1094.119767405872389072733552,2318.0,213.8083494329402738,1115017.0,102847.2581361815208247,0.06271244936441518,0.097566551265166,0.07364565927567518
2020-01-06,56.0,38741797.722731894203686,0.0,0.0,963.2094722,290.87368919871597,0.000011023634630893394,0.0856073168442905,-40.448771149472805,-24.46173917970044,452552412.0,90.0,90.0,469838.0,40221.570531487759939,7649.06666667,654.816073696719678256147635,2202.0,188.507311691127681,688416.0,58933.446632679088848,0.062103068293848186,0.0983305416055649,0.07415973384639706
2020-01-07,53.0,35623488.131748858509922,0.0,0.0,465.28589098,265.97325670744186,0.00000967502247328637,0.0787168230400435,-44.54102212729542,-31.206353132159887,452552412.0,82.0,82.0,972633.0,76562.5797439066295355,17234.25609756,1356.62588745842118592264386,3217.0,253.2320197198199395,1413209.0,111243.3227715968345915,0.06212687555483307,0.09918744483099952,0.07479563477141819
2020-01-08,60.0,35610041.7700496127959196,0.0,0.0,521.59187771,266.0499402715054,0.00000976303278840668,0.0786871107650833,-36.506162076187856,-30.39655491298916,452552412.0,107.0,107.0,867637.0,68271.8487228845791621,12804.30841121,1007.534034223169036566303793,2166.0,170.4362819171704278,1370061.0,107806.1416619207910813,0.061913738385983366,0.09921203448707636,0.07478674634584885
2020-01-09,51.0,36092882.395455275871858,0.0,0.0,250.21087819,267.85109629340803,0.00001020246255664408,0.0797540382912715,-39.8633886258269,-28.23558632482643,452552412.0,95.0,95.0,1808684.0,144249.852992810101706,20186.64210526,1609.96622743509956584223809,3458.0,275.789464411216847,1917731.0,152946.7916063583849665,0.061880243254752956,0.09931558717491089,0.07483609535825904
2020-01-10,45.0,39920922.6386818947091512,0.0,0.0,161.95625218,293.8588224765416,0.000010850527876951955,0.0882128159747426,-21.988953921822592,-20.7052378709098,452552412.0,90.0,90.0,2794288.0,246492.0131244315502688,40670.13333333,3587.626987401284131626750858,4888.0,431.1842444845418288,3660312.0,322886.4288661420356912,0.06225000365659443,0.10138349253902466,0.07577623263737529
2020-01-11,50.0,40537355.8864229372042028,0.0,0.0,664.88856436,303.96548181595085,0.000011152251038522024,0.0895749416233869,-21.482341147030326,-19.056692189032894,452552412.0,67.0,67.0,680644.0,60968.6465663085531636,14061.07462687,1259.519938863966986983146003,4566.0,408.9991834523845854,942092.0,84387.8359038598113948,0.06219596566937776,0.10147041518344921,0.07553646838045153
2020-01-12,37.0,41779761.4529973859671672,0.0,0.0,570.53507092,312.49485132162647,0.000011307453733106199,0.0923202712993106,-20.146030321856312,-17.48662779640172,452552412.0,55.0,55.0,793207.0,73229.0854365122630942,16961.87272727,1565.924691925943793292820062,2867.0,264.6822178151234902,932903.0,86125.8580559407566718,0.061800320175316545,0.1016485527504449,0.07565700724227313
2020-01-13,48.0,43514088.5325720033198024,0.0,0.0,462.09985715,326.25920405320545,0.000011838644968203845,0.0961525944371102,-11.122929372694971,-12.87048299926144,452552412.0,90.0,90.0,979339.0,94165.9856834450661578,13687.2,1316.05979057961472944,3458.0,332.4956715635270716,1231848.0,118445.3811521653256496,0.06186862091402945,0.1019979783254638,0.07589311653611494
2020-01-14,70.0,45680125.516156707557592,0.0,0.0,90.75748798,328.8148677413293,0.000011431137387725318,0.100938862118266,-12.14937460378971,-8.22072899692759,452552412.0,109.0,109.0,4986392.0,503320.734555624636272,83307.22018349,8408.93601155732349060062834,4606.0,464.924398916733196,9080487.0,916574.025259706875542,0.061805050801201834,0.10245936192987887,0.07620801003953434
2020-01-15,90.0,37435666.3771577836373544,0.0,0.0,179.75498638,265.0728480778552,0.000009387920251759857,0.0827211730277062,-24.294841353029767,-23.26449260320831,452552412.0,252.0,252.0,2517607.0,208259.4042627643230634,12069.94444444,998.439962823322422886543528,3002.0,248.3289614291740124,3041626.0,251606.8706315698982812,0.06350510578147221,0.10852674672615419,0.08021296976739595
2020-01-16,106.0,33353326.8426345038197068,0.0,0.0,131.9860009,232.72716124961775,0.000008453161934024758,0.0737004730462789,-36.48934363856992,-28.438601928959557,452552412.0,179.0,179.0,3428791.0,252703.5186768236758099,28852.65921788,2126.454633000835387918346732,1425.0,105.0231740909474325,5164626.0,380635.3793071112101914,0.06399006064830376,0.11008094621906654,0.08134892334600322
2020-01-17,58.0,33147543.1292881088335356,0.0,0.0,491.94062176,231.68564393451638,0.000008218278900192161,0.0732457550779513,-38.46388874196696,-35.19441438593568,452552412.0,88.0,88.0,919933.0,67381.1872061249732629,10615.53409091,777.542810044436269630752683,1391.0,101.8848453134302583,934167.0,68423.7672839045320671,0.06398098034014503,0.10832114900514526,0.08119573415011874
2020-01-18,43.0,34389104.50381482264786,0.0,0.0,1361.15404073,240.3544272959409,0.000008511164975708318,0.075989219352155,-34.80172378828802,-31.766583298951673,452552412.0,59.0,59.0,332477.0,25264.667682546437935,6601.50847458,501.6434755299697698857199,2233.0,169.683926813362115,389489.0,29596.965056251498795,0.06402599854232892,0.10872403797771832,0.0814084412956931
2020-01-19,40.0,34131945.6207790679833968,0.0,0.0,1485.97081596,239.09922302421072,0.000008681696519197482,0.0754209782463364,-37.827397866085285,2.639532165959831,452552412.0,50.0,50.0,304550.0,22969.45892492175062,7722.8,582.46113080080674992,1902.0,143.4507006245318328,386140.0,29123.056540040337496,0.06392921737910093,0.07764311672136505,0.08140638967225365
2020-01-20,46.0,36588692.8929334060468116,0.0,0.0,1136.92924471,256.53272554226834,0.000009361649204832824,0.0808496251986243,-29.82310720335764,3.167953947640625,452552412.0,79.0,79.0,398048.0,32182.0316110620053664,6239.4556962,504.45765448119144503873766,2046.0,165.4183331563853178,492917.0,39852.1547040302940831,0.06415893949892451,0.07779345422519114,0.08115514261914382
2020-01-21,56.0,40949192.920064290137588,0.0,0.0,601.25553124,286.09980884431064,0.000010363800926266668,0.090484973307499,-22.133547199276162,12.669133102563904,452552412.0,101.0,101.0,752679.0,68106.139224115039821,9846.03960396,890.91863074889862525809604,1534.0,138.803949053703466,994450.0,89982.78170564238055,0.06472596278512742,0.08033079473791559,0.08251718943310933
2020-01-22,45.0,39819327.5270538539648688,0.0,0.0,116.86169645,271.89883634064176,0.000010174529951889873,0.0879883223935924,-25.031117837857042,1.5755055938621767,452552412.0,64.0,64.0,3872547.0,340738.9139203390678428,61726.5625,5431.216681498230878125,1864.0,164.0102329416562336,3950500.0,347597.8676158867762,0.06474571963027541,0.07936398390435283,0.08246833646668507
2020-01-23,79.0,38689053.0108500644330104,0.0,0.0,556.6607813,266.19820294033775,0.000010218364489484453,0.0854907674447442,-29.66406246554189,-3.2966644838748165,452552412.0,119.0,119.0,812977.0,69502.0276449258054834,10229.42857143,874.521699092744013267778206,1804.0,154.2253444703185368,1217302.0,104068.0821920220041484,0.06471058041680401,0.0794476657425993,0.08213230641377872
2020-01-24,74.0,42016101.778788418145748,0.0,0.0,517.35175388,288.6496548855457,0.000011021987502825724,0.092842509872179,-23.083293933948255,3.134677410314031,452552412.0,123.0,123.0,874748.0,81213.799825668835892,8349.04878049,775.14664382594686572898771,960.0,89.12880947729184,1026933.0,95343.037190566397007,0.06500047629435005,0.08084242449993609,0.08275896878692808
2020-01-25,52.0,43365821.1463377965953356,0.0,0.0,320.15672209,295.2967316663868,0.000011483230476887583,0.0958249696531013,-19.89470094398003,0.0073121918457059645,452552412.0,66.0,66.0,1413534.0,135451.8526536268929942,27782.62121212,2662.268834535007455323147756,1896.0,181.6841424622800648,1833653.0,175709.7430793181580489,0.06504785185879161,0.08022936669954281,0.08287205523544157
2020-01-26,84.0,44522769.6023833760631984,0.0,0.0,67.71472614,289.60003834763734,0.000011474562889384511,0.0983814657082932,-18.20179277822512,12.864141200555194,452552412.0,126.0,126.0,6683220.0,657504.979250979280104,53958.16666667,5308.483523599363806019027644,1358.0,133.6020304318621656,6798729.0,668868.9239734785193428,0.06498432872077631,0.07832720050908684,0.0820004872095384
2020-01-27,66.0,47149381.76038774804536,0.0,0.0,305.26362751,304.18562550267336,0.000011703655101517068,0.10418546119778,-11.419732327352692,35.78440081211156,452552412.0,101.0,101.0,1482497.0,154454.63366932525666,15845.93069307,1650.9155973655556277453846,1093.0,113.87470908917354,1600439.0,166742.47533391382542,0.06502584951017837,0.07481046750457607,0.08236914790402347
2020-01-28,119.0,47802653.756138526465792,0.0,0.0,133.16698324,302.00801243383205,0.000011361146314076835,0.105628989015616,-5.471778362945934,49.10950373783423,452552412.0,186.0,186.0,3398383.0,358967.760577856148928,20290.34408602,2143.24853258527564702728832,968.0,102.248861367116288,3774004.0,398644.227060890846464,0.0649905936848086,0.07285160823417147,0.08210986246014154
2020-01-29,185.0,49834744.353068306902296,0.0,0.0,516.36182446,316.73040066482804,0.000011825590334390378,0.110119276865258,0.8339479632508537,49.27355027602668,452552412.0,275.0,275.0,876425.0,96511.28722663374265,4033.88727273,444.20874942899537730781434,760.0,83.69065041759608,1109319.0,122157.406092891139302,0.06506195634764117,0.07286604750042065,0.08228351708181766
2020-01-30,174.0,54542469.939121746766392,0.0,0.0,75.99016088,389.65880446589426,0.000012674612172099156,0.120521885405666,6.417129368299841,53.79293632453647,452552412.0,278.0,278.0,5955408.0,717757.000519986541728,27670.92086331,3334.95155335710032228551446,998.0,120.280841634854668,7692516.0,927116.531833252195656,0.06537191439230243,0.07372905321567572,0.08312793070076618
2020-01-31,74.0,54545992.385210759715204,0.0,0.0,535.61442595,387.1065325414408,0.000012880837947987575,0.120529668915367,13.793556354951548,55.03158042477384,452552412.0,100.0,100.0,844922.0,101838.168919309716374,9787.4,1179.6720815422629758,1358.0,163.679290387068386,978740.0,117967.20815422629758,0.0653646854036263,0.07365988455938878,0.08307104257958223
2020-02-01,30.0,55881707.827479346577076,0.0,0.0,263.51280524,390.84387946294606,0.00001316165896733306,0.123481184379323,16.797070215664252,64.93105263794492,452552412.0,35.0,35.0,1717383.0,212064.486872914871709,52325.91428571,6461.26586973040786523837433,7925.0,978.588386206134775,1831407.0,226144.305440582797461,0.06515465022384126,0.07300781599309925,0.08313074458212603
2020-02-02,24.0,56501088.233195310415932,0.0,0.0,851.59245718,402.30862383286853,0.00001336809594528567,0.124849822329961,16.739387699604546,76.32006259135315,452552412.0,23.0,23.0,531419.0,66347.567732765544659,25464.60869565,3179.25187135388242412536965,14678.0,1832.545692159167558,585686.0,73122.793041145538246,0.06511349127894481,0.0717302130618028,0.08288170715633163
2020-02-03,27.0,53489257.82519909261022,0.0,0.0,2298.35204136,432.03665667065366,0.000012736745933541147,0.118194614384685,8.565490790994398,43.369653794985005,452552412.0,25.0,25.0,196903.0,23272.874156187630555,10087.96,1192.3425421281268926,10109.0,1194.829356814780665,252199.0,29808.563553203172315,0.06511999041929029,0.0683485650007562,0.0828524464587245
2020-02-04,11.0,53295415.393483205454408,0.0,0.0,2951.16573523,437.656461714298,0.000012854297647260052,0.117766282932734,6.952569643183158,27.676138262176092,452552412.0,13.0,13.0,153347.0,18059.106188885960698,13318.53846154,1568.47476871221944766605036,14507.0,1708.435466505172138,173141.0,20390.171993256497494,0.06509438982896493,0.06570905220416844,0.08281418063865546
2020-02-05,18.0,49728867.695642985818124,0.0,0.0,1265.0952751,410.1296522718397,0.000011412937410253838,0.109885322400277,-1.9431428248256797,28.359731914206932,452552412.0,46.0,46.0,357722.0,39308.397299671888994,10813.19565217,1188.21149041597396480365109,10111.0,1111.050494789200747,497407.0,54657.728559154581739,0.06527779952121252,0.06548401746133395,0.0833045934417006
2020-02-06,22.0,51760408.221308707460436,0.0,0.0,562.29495633,427.2020378129585,0.000011743618587602674,0.114374394763603,3.446380719770106,45.29854019314319,452552412.0,36.0,36.0,804831.0,92052.058511985366093,32202.30555556,3683.11920790978545978228268,18476.0,2113.181317652329028,1159283.0,132592.291484733976649,0.065317063732458,0.06333896420824943,0.08345975405553106
2020-02-07,27.0,50883518.790954484936392,0.0,0.0,749.69090138,419.1842202609446,0.00001147280984715371,0.112436742003166,3.507967747047881,42.89092700180674,452552412.0,43.0,43.0,603652.0,67872.664183695162232,18039.13953488,2028.26207784241447672743008,10955.0,1231.74450864468353,775683.0,87215.269347241812378,0.06530287933256855,0.06352886719855472,0.08347452950217658
2020-02-08,13.0,51036182.337700650365496,0.0,0.0,587.79147444,419.0125882001015,0.00001137834148246448,0.112774080933858,-6.528521947175219,41.40234569940303,452552412.0,18.0,18.0,769920.0,86827.02039259595136,43747.44444444,4933.57784042673308919584952,7468.0,842.196836414051544,787454.0,88804.401127690217532,0.06491585722927791,0.06354870555988154,0.08344541279015516
2020-02-09,16.0,51673893.688031285091096,0.0,0.0,1436.47823313,429.3439595196581,0.000011248378354087054,0.114183224567658,-6.56429486167547,29.440629806389286,452552412.0,15.0,15.0,315043.0,35972.625617468679294,22459.4,2564.4867138548580852,21648.0,2471.838445440660384,336891.0,38467.300707822871278,0.06443929099048866,0.06127615652000971,0.08346018079872884
2020-02-10,14.0,53006622.289229771047548,0.0,0.0,924.43097803,441.44659628848103,0.000011864247031097094,0.117128140042329,-3.9359728717603537,30.75994013458368,452552412.0,17.0,17.0,489547.0,57339.729573302034963,47211.29411765,5529.77106899169253970600685,20000.0,2342.56280084658,802592.0,94006.108172852916768,0.06423307565630243,0.06134244933612815,0.08351889307855441
2020-02-11,15.0,52014824.884598572589268,0.0,0.0,385.91625265,434.0961786000271,0.000011189066026554952,0.114936576417139,-4.485498107673345,24.49765885598875,452552412.0,16.0,16.0,1172670.0,134782.67506708639113,77568.75,8915.48656195695080625,11412.0,1311.656210072390268,1241100.0,142647.7849913112129,0.06396483632159852,0.06141060230652516,0.08354708868464655
2020-02-12,17.0,49201420.12431798390498,0.0,0.0,1673.7024742,417.9026120384567,0.000010494054861802374,0.108719827404915,-8.780948562451197,13.070092431072721,452552412.0,23.0,23.0,270390.0,29396.75413201496685,15194.08695652,1651.8985114881246420392958,17064.0,1855.19513483746956,349464.0,37993.66576423121556,0.06401908988943239,0.0621183031082358,0.08384184489760237
2020-02-13,32.0,47123601.280872686609052,0.0,0.0,526.61073254,424.6015938848844,0.000010173271613350715,0.104128494360721,-10.063048815086246,3.1599645325086336,452552412.0,33.0,33.0,859368.0,89484.695941784084328,27407.09090909,2853.85911117094585027785389,4528.0,471.493822465344688,904434.0,94177.350668644336914,0.06408931633116188,0.06211070508480296,0.08402399714694869
2020-02-14,67.0,40785461.3766617206056504,0.0,0.0,107.35407988,354.79968252209255,0.000008697791950908398,0.0901231775484642,-21.230156115430642,8.948137761874849,452552412.0,130.0,130.0,4215512.0,379915.3364336814166704,37953.39230769,3420.480313512461280453349698,9672.0,871.6713732487457424,4933941.0,444662.4407566470034122,0.06489179014100492,0.05660221286013646,0.08601553696595769
2020-02-15,22.0,44440078.1571804271288776,0.0,0.0,349.41518301,382.5825457928774,0.000009907331974494539,0.0981987433472798,-13.651038372820622,33.24031622648832,452552412.0,49.0,49.0,1295171.0,127184.1646198397258458,29911.81632653,2937.302774499893143304073094,12805.0,1257.434908561917839,1465679.0,143927.8359504977099842,0.06523015692525211,0.05396100444456426,0.0865827989848306
2020-02-16,34.0,51299667.404300086663164,0.0,0.0,54.51252559,406.7703724501002,0.000011390250202896658,0.113356300936697,-1.5618988519731685,54.76159787834577,452552412.0,68.0,68.0,8301806.0,941062.019254076774782,125401.86764706,14215.09184702398069739816082,17029.0,1930.344448651013213,8527327.0,966626.245597621618919,0.06600775904143902,0.05913049511216547,0.08774926221864683
2020-02-17,42.0,50597121.44650393903062,0.0,0.0,240.48118938,395.46356165132573,0.000011546315562304813,0.111803892996385,-3.075090991751881,47.1312561828737,452552412.0,63.0,63.0,1881862.0,210399.49768196306887,32452.03174603,3628.26348484842720002810155,11920.0,1332.7024045169092,2044478.0,228580.59954546321203,0.06588884920576558,0.05919602530055011,0.08774654302974662
2020-02-18,21.0,49920238.265556299013204,0.0,0.0,540.27464501,389.8016976866312,0.000010819510048336192,0.110308191806867,-10.714092989373954,46.25664420127734,452552412.0,53.0,53.0,837634.0,92397.891935953232678,20031.60377358,2209.64999125522343575717386,17064.0,1882.298984992378488,1061675.0,117111.449536555522225,0.06589437197771648,0.05927675242767518,0.06874340289314308
2020-02-19,25.0,47800557.363853585502952,0.0,0.0,109.84871082,363.84712684156955,0.000010961429166095237,0.105624356641046,-18.20451394323652,30.64297624331256,452552412.0,68.0,68.0,4119779.0,435149.006378291848834,63514.05882353,6708.63160089690724926861238,19562.0,2066.223664612141852,4318956.0,456186.948860985467976,0.06579535064888942,0.059127707044104284,0.06862060301865205
2020-02-20,15.0,44047772.636490446587764,0.0,0.0,334.25096718,332.02140276196513,0.000010123940635627424,0.097331870228747,-24.297403721857812,7.566888369386919,452552412.0,14.0,14.0,1353930.0,131780.53905880742571,101228.64285714,9852.77313000332741944220358,25362.0,2468.530892741481414,1417201.0,137938.823820050477147,0.06605156016369891,0.05801269174911485,0.06947412085096115
2020-02-21,11.0,44580937.2110071259597892,0.0,0.0,4011.63382679,336.100915390732,0.000010153788305185791,0.0985099980220791,-21.790682137276768,11.958036410128129,452552412.0,11.0,11.0,112810.0,11112.912876870743271,13573.63636364,1337.138891334597347356443924,10381.0,1022.6322894672031371,149310.0,14708.527804676630421,0.06606087070611767,0.0577487612235833,0.06883179425650962
2020-02-22,24.0,43985479.4670682059805968,0.0,0.0,2198.53194911,331.46022572740765,0.00001004565578943976,0.0971942217094364,-23.592955291858097,13.689728861372744,452552412.0,23.0,23.0,205843.0,20006.7501793355168852,10782.04347826,1047.952324306785245320252664,10000.0,971.942217094364,247987.0,24102.9034590580045268,0.06366829055595406,0.05751786868815594,0.06881851887963235
2020-02-23,5.0,47002087.648913655855792,0.0,0.0,14189.70971687,354.8277463441753,0.000010414281369541431,0.103859987048116,-21.96905160745751,11.866845468853997,452552412.0,4.0,4.0,31893.0,3312.406566925563588,7973.25,828.101641731390897,9400.0,976.2838782522904,31893.0,3312.406566925563588,0.063878937620103,0.05683150112828107,0.06929478744311841
2020-02-24,4.0,43740433.0893318150583104,0.0,0.0,2215.21252319,329.8412180222299,0.00001001789661057684,0.0966527454710192,-19.228755785949033,0.8638414610665088,452552412.0,4.0,4.0,204293.0,19745.4793305109254256,55323.5,5347.1681640659307112,17001.0,1643.1933257527974192,221294.0,21388.6726562637228448,0.06388670192868044,0.05820714761351516,0.06949223688923553
2020-02-25,11.0,41703617.0762418859417584,0.0,0.0,3903.50120326,317.57804824548526,0.000009861856184489106,0.0921520159221732,-25.642672282457458,-6.331934314325712,452552412.0,14.0,14.0,115935.0,10683.643965937149942,12054.35714286,1110.833311360396963274063352,2478.0,228.3526954551451896,168761.0,15551.6663590418714052,0.0630651780104076,0.05863227535544188,0.06866686727364998
2020-02-26,13.0,38814717.095820639382422,0.0,0.0,4498.98013719,295.9663532433947,0.000009747645011575723,0.0857684459669185,-31.292610538617687,-17.677145178538524,452552412.0,12.0,12.0,100590.0,8627.447979812331915,8382.5,718.95399831769432625,6830.0,585.798485954053355,100590.0,8627.447979812331915,0.06326929870619541,0.058852205564166954,0.0672610798273989
2020-02-27,10.0,40243826.7575347077586824,0.0,0.0,7263.26756223,315.2546796231723,0.000010129403685894363,0.0889263335923502,-29.51713029070878,-15.81256772304855,452552412.0,10.0,10.0,62307.0,5540.7330671385639114,6262.4,556.89227148873389248,602.0,53.5336528225948204,62624.0,5568.9227148873389248,0.06332047239158796,0.059258521571175046,0.06653596737358826
2020-02-28,8.0,40105719.6285400710997656,0.0,0.0,735.19052957,315.79452168927287,0.00001012744568262386,0.0886211598150538,-29.27411284621545,-19.52257376018671,452552412.0,9.0,9.0,615558.0,54551.4638934348870204,73463.33333333,6510.405803879606923467283154,22183.0,1965.8831881773384454,661170.0,58593.652234919120946,0.06332001951095152,0.05858368109511506,0.06636635704820511
2020-02-29,15.0,39349020.150424136410284,0.0,0.0,3519.04271351,310.1411182292403,0.000010131458235822781,0.086949089446957,-31.095442218560184,-27.85618217447058,452552412.0,12.0,12.0,128601.0,11181.739851968117157,12391.58333333,1077.43688763913174828517681,13688.0,1190.159136349947416,148699.0,12929.242651673058943,0.06295107367852244,0.05563516237905981,0.06599377669069213
2020-03-01,3.0,39776148.0742126097472876,0.0,0.0,163081.95027027,313.5839141229972,0.000010289772397562726,0.0878929092398973,-31.167734669855218,-27.07778090586678,452552412.0,3.0,3.0,2775.0,243.9028231407150075,925.0,81.3009410469050025,1002.0,88.0686950583770946,2775.0,243.9028231407150075,0.06236638653606938,0.05574238376738653,0.06599151868656425
2020-03-02,8.0,42430648.339605817221216,0.0,0.0,2869.43164569,334.95468068641077,0.000010527315063919875,0.093758528768168,-25.424037194117922,-24.07059485261309,452552412.0,9.0,9.0,157715.0,14787.12636467161612,23119.22222222,2167.62426181968278815829296,28348.0,2657.866773520026464,208073.0,19508.618356379020264,0.06257979795326112,0.05708245326206505,0.06626820159321484
2020-03-03,11.0,40828920.2835639435777636,0.0,0.0,319.44643133,319.1419501257013,0.000010288648276032857,0.0902192082086703,-24.583350330100863,-27.737816101785658,452552412.0,10.0,10.0,1416677.0,127811.4772274344145931,143797.1,12973.26050470298399613,24246.0,2187.4549222274200938,1437971.0,129732.6050470298399613,0.0626280645007124,0.057193732252580703,0.06604250203699027
2020-03-04,30.0,40650255.2418831477859224,0.0,0.0,353.18682941,315.35267643701667,0.000010258179868401473,0.0898244140656202,-26.718805959527746,-24.00295518265243,452552412.0,27.0,27.0,1281340.0,115095.614718841787068,48085.96296296,4319.293447928996212262027792,49980.0,4489.424214999697596,1298321.0,116620.9230940900836842,0.06258598361051966,0.05659530424964856,0.06312173211445037
2020-03-05,65.0,42699458.6632895068445736,0.0,0.0,338.34859551,328.31019029762604,0.000010411179066356209,0.0943525159319878,-21.730527691580008,-19.881553885945202,452552412.0,72.0,72.0,1337533.0,126199.6036920594380974,32742.41666667,3089.329390193764050903106626,1221.0,115.2044219529571038,2357454.0,222431.7160939283670612,0.06262563552521683,0.05758556657412394,0.06175383840114683
2020-03-06,8.0,42283522.327838838532746,0.0,0.0,12677.24836125,325.6865103400343,0.000010214557475324562,0.0934334260665455,-21.559247286656564,-14.97187793088736,452552412.0,7.0,7.0,35698.0,3335.386443723541259,9926.28571429,927.446882401521503540285195,12208.0,1140.635265420387464,69484.0,6492.128176807847522,0.06237991666166098,0.05639333722517377,0.06098202805906994
2020-03-07,15.0,40057652.7142433666198304,0.0,0.0,4943.6047759,308.41726334067505,0.00000994739193901711,0.0885149468924792,-24.242262948110056,-22.609472972138494,452552412.0,14.0,14.0,91543.0,8102.9237833782234056,9753.57142857,863.336857011876032933010744,1312.0,116.1316103229327104,136550.0,12086.71599816803476,0.0624801749424206,0.05639586940596488,0.0603928782361345
2020-03-08,16.0,36371417.5450961971638288,0.0,0.0,3134.32335545,279.82849208310756,0.000009910398809512312,0.0803695142941724,-32.07575847421607,-28.52023914752942,452552412.0,15.0,15.0,144386.0,11604.2326908783761464,12886.4,1035.67370900042321536,9998.0,803.5344039131356552,193296.0,15535.1056350063482304,0.06277552852106129,0.05863202016594854,0.061717200465965294
2020-03-09,11.0,35735636.4712106581700424,0.0,0.0,6637.41767622,281.6613283800639,0.000010000099130410219,0.0789646359706302,-32.19538840386222,-29.979800928776392,452552412.0,10.0,10.0,68182.0,5383.9668097495082964,6818.2,538.39668097495082964,7095.0,560.254092211621269,68182.0,5383.9668097495082964,0.062778428320602,0.05858084174071972,0.061735791193920836
2020-03-10,6.0,35512835.6063804148663396,0.0,0.0,2023.05077381,279.73335603465773,0.000009920737158254394,0.0784723153931183,-32.68244628612334,-31.27509256263787,452552412.0,4.0,4.0,223698.0,17554.1000088097774734,108803.5,8538.06256787514695405,110757.0,8691.3582359956035531,435214.0,34152.2502715005878162,0.06265851191554146,0.058412739073355896,0.06029842907797506
2020-03-11,0.0,35480849.0822342643442044,0.0,0.0,,280.2990536406217,0.000009875080541667592,0.0784016351286937,-33.11745869278635,-33.06336538737821,452552412.0,0.0,0.0,0.0,0.0,,,,,0.0,0.0,0.06264729029065452,0.058018836928645824,0.06025601780009647
2020-03-12,13.0,20441487.0089544310268592,0.0,0.0,982.50456893,161.55296020686782,0.000009107979531864447,0.0451693250702516,-62.15398988028906,-60.70065206543242,452552412.0,20.0,20.0,460611.0,20805.4879899336597276,23030.55,1040.27439949668298638,9999.0,451.6480813774457484,460611.0,20805.4879899336597276,0.0746772925334931,0.11411262905245524,0.09289647270084112
2020-03-13,16.0,24993157.0198302412192188,0.0,0.0,489.52580665,198.15828622292855,0.000009813453817561432,0.0552270993527049,-53.91818076516102,-49.20236660511089,452552412.0,22.0,22.0,924471.0,51055.8517656944516079,43935.59090909,2426.435244256111627941497541,17064.0,942.3952233545564136,966583.0,53381.5753736355603567,0.07620141535398321,0.12158952880549136,0.09666551627065188
2020-03-14,71.0,21470917.4647391596202472,0.0,0.0,286.73953886,169.45874694842863,0.000009221079753520095,0.0474440460274006,-61.06867767619985,-54.437019070836314,452552412.0,68.0,68.0,1578270.0,74879.514523665544962,23209.85294118,1101.169331230543110780096708,18868.0,895.1742604449945208,1578270.0,74879.514523665544962,0.07691888871507857,0.12382468456467507,0.09808750299921021
2020-03-15,7.0,22049919.732843895325472,0.0,0.0,11205.39807364,174.34224274133024,0.000009092554753502593,0.048723460859256,-61.005677937993674,-45.936814275046274,452552412.0,5.0,5.0,40387.0,1967.794413722772072,12067.0,587.946002188642152,10607.0,516.809749334128392,60335.0,2939.73001094321076,0.07674220398937955,0.12211861281870678,0.09509759991791338
2020-03-16,17.0,20543018.5592861627136804,0.0,0.0,991.53711425,162.2523282025341,0.000009055323304967114,0.0453936782007167,-63.80187131251248,-53.7736668989928,452552412.0,18.0,18.0,456415.0,20718.3556359801126305,25356.38888889,1151.019757554501139114667463,22073.0,1001.9746589244197191,456415.0,20718.3556359801126305,0.0768762416876477,0.12075678147360883,0.09442090393579061
2020-03-17,13.0,20939972.3661084102019692,0.0,0.0,1708.39607549,165.27309441597959,0.000008542166861226217,0.0462708225850941,-64.23891068943986,-59.18107577369369,452552412.0,12.0,12.0,264899.0,12257.0946319688419959,25289.41666667,1170.162111864009386850283647,10174.0,470.7593489807473734,303473.0,14041.9453423662618093,0.076892649528636,0.11681554232280099,0.09448608295466021
2020-03-18,15.0,22846593.7571801711209896,0.0,0.0,272.90503281,179.01364846566182,0.000009361887142007657,0.0504838625347558,-60.71850430681253,-54.84606020258337,452552412.0,42.0,42.0,1658278.0,83716.2785964097785124,41993.14285714,2119.976051402218177764186412,17652.0,891.1411414635093816,1763712.0,89038.9941588992215296,0.07719825391413503,0.11873230363649193,0.09510922478983956
2020-03-19,19.0,25868436.5944959542468868,0.0,0.0,458.76640293,202.21201582986282,0.000009214269215942406,0.0571611948330439,-56.126195473159214,-48.18046248720627,452552412.0,30.0,30.0,986455.0,56386.9464490303203745,36320.13333333,2076.102217828608316537223187,19464.0,1112.5854962303664696,1089604.0,62283.0665348639656156,0.07781751615120693,0.12187323681195637,0.09660167826705034
2020-03-20,9.0,24458732.2822701754772292,0.0,0.0,499.46076845,197.82362533792033,0.000008753624641087589,0.0540461869911991,-57.38167164092102,-48.83170065132822,452552412.0,17.0,17.0,906082.0,48970.2772013596629262,58132.76470588,3141.854271609369830660020708,17064.0,922.2441348178214424,988257.0,53411.5226173614489687,0.07786984349046833,0.12197191833764348,0.09632813735564537
2020-03-21,8.0,24610802.0112098126134776,0.0,0.0,5613.12279222,203.36132387256677,0.000008805651186660222,0.0543822137693298,-57.32541053534839,-44.1270226889486,452552412.0,5.0,5.0,80624.0,4384.5116029384457952,20110.4,1093.64807178673000992,19928.0,1083.7287559952042544,100552.0,5468.2403589336500496,0.07772549109394987,0.12155060331911205,0.09506569907887846
2020-03-22,9.0,23167924.4548614504680376,0.0,0.0,749.05309468,195.36529535233836,0.000008780270639532758,0.0511939033812098,-59.7901320987994,-48.031768948228304,452552412.0,8.0,8.0,604166.0,30929.6158302120000268,75520.75,3866.20197877650000335,3941.0,201.7551732253478218,604166.0,30929.6158302120000268,0.07674126126015746,0.12162420389938855,0.09527044583568244
2020-03-23,6.0,24466907.9928310108350708,0.0,0.0,1096.23571304,211.431635753189,0.000008335005643868821,0.0540642527673259,-57.39736514819683,-44.37503401287393,452552412.0,8.0,8.0,412824.0,22319.0210844185473416,53096.5,2870.62259706031964935,13474.0,728.4617417869491766,424772.0,22964.9807764825571948,0.07687505824315392,0.12241664793417012,0.09558443887600497
2020-03-24,8.0,25483973.74189263332892,0.0,0.0,2082.34747478,222.3299132517855,0.000008311612201351454,0.05631165157041,-54.615310727964214,-45.78118756714068,452552412.0,7.0,7.0,217328.0,12238.09861249406448,31046.85714286,1748.2998017850272447187726,17044.0,959.77578936606804,217328.0,12238.09861249406448,0.07694310089257125,0.1218853320917394,0.09506757766154596
2020-03-25,11.0,27023263.7541587888433552,0.0,0.0,397.55469543,238.33852496160225,0.000008925751878460493,0.0597130034833596,-51.65333091022056,-38.21903020720273,452552412.0,10.0,10.0,1138340.0,67973.700385247567064,115828.5,6916.4676239723174286,19945.0,1190.975854475607222,1158285.0,69164.676239723174286,0.07706587154308037,0.12231282531891642,0.09532380343987092
2020-03-26,4.0,26863306.5119661843335748,0.0,0.0,5879.06013485,239.1025858755559,0.00000878819991562591,0.0593595477554679,-53.366985597308116,-35.58518805969488,452552412.0,2.0,2.0,76977.0,4569.3199075726525383,38488.5,2284.65995378632626915,38488.0,2284.6302740124485352,76977.0,4569.3199075726525383,0.07706337680785261,0.12217793704013737,0.09521848163836365
2020-03-27,3.0,25898570.5336830451025748,0.0,0.0,90947.02813505,232.55025989909112,0.000008816759395741565,0.0572277814612179,-53.187564516876506,-33.27641556745582,452552412.0,3.0,3.0,4976.0,284.7654405510202704,1658.66666667,94.921813517197516071537393,1890.0,108.160506961701831,4976.0,284.7654405510202704,0.07709337889487997,0.12177866814933892,0.09489073015863311
2020-03-28,4.0,25109151.355331024122752,0.0,0.0,1948.02878875,227.622548832605,0.000008903243629456454,0.055483410737696,-55.8048580119253,-37.607445965287276,452552412.0,4.0,4.0,232313.0,12889.517598706370848,58078.25,3222.379399676592712,64360.0,3570.91231507811456,232313.0,12889.517598706370848,0.07709497993940531,0.12145124421766741,0.09487666710291416
2020-03-29,7.0,23956134.341398003642092,0.0,0.0,95920.39253921,223.5492787175975,0.000008964755062772947,0.052935601946141,-57.647218791495916,-40.26753649284897,452552412.0,4.0,4.0,4718.0,249.750169981893238,1179.5,62.4375424954733095,767.0,40.601606692690147,4718.0,249.750169981893238,0.07715564625985559,0.12155971673039406,0.09473751705266178
2020-03-30,2.0,23873948.1792147576224556,0.0,0.0,7321.07760252,228.00775924688855,0.00000819555211161852,0.0527539961033613,-58.26685682204863,-39.32771873874113,452552412.0,1.0,1.0,61815.0,3260.9882691292787595,61815.0,3260.9882691292787595,61815.0,3260.9882691292787595,61815.0,3260.9882691292787595,0.07715568163364153,0.1215848413832903,0.09378717593432577
2020-03-31,0.0,23696618.1395425333175844,0.0,0.0,,226.98883446871662,0.000008140396790458583,0.0523621518993087,-59.11343591569379,-40.42505549976732,452552412.0,0.0,0.0,0.0,0.0,,,,,0.0,0.0,0.07714340347564339,0.12148836255138144,0.09377339842007394
2020-04-01,3.0,23998826.4146137016424252,0.0,0.0,146884.91139241,231.76493890076793,0.000007982697572825965,0.0530299381425321,-63.72577355321546,-43.439878121747654,452552412.0,2.0,2.0,3081.0,163.3852394171414001,1540.5,81.69261970857070005,1540.0,81.666104739499434,3081.0,163.3852394171414001,0.07714316218291095,0.12064870778348574,0.09370585969829917
2020-04-02,10.0,22757905.0932465725011428,0.0,0.0,873.78994013,221.65745353082488,0.000007403179237845704,0.0502878881866319,-65.73042387265781,-44.260330826313876,452552412.0,6.0,6.0,517919.0,26045.0527617322070161,86319.83333333,4340.842126955200209722711227,26280.0,1321.565701544686332,517919.0,26045.0527617322070161,0.07722225645551645,0.12075952618033779,0.09378020447606708
2020-04-03,7.0,23202805.9719029586138672,0.0,0.0,496.87516757,225.99538408508656,0.0000075935605239888225,0.0512709806790356,-64.33382554399067,-42.92088491489611,452552412.0,9.0,9.0,910797.0,46697.4553895235873732,101199.66666667,5188.606154391680611402263452,100000.0,5127.09806790356,910797.0,46697.4553895235873732,0.07715455012817288,0.12093958499888273,0.09373770189881116
2020-04-04,4.0,23398208.104554713219868,0.0,0.0,43984.10069006,230.21842104071777,0.000007536857174759683,0.051702758584689,-65.00548025755067,-45.20256500424648,452552412.0,2.0,2.0,10289.0,531.969683077865121,5144.5,265.9848415389325605,5144.0,265.958990159640216,10289.0,531.969683077865121,0.07713477122303249,0.12037816626123389,0.0937728900452284
2020-04-05,4.0,22887870.4153144131386664,0.0,0.0,11015.83204323,226.1401449826364,0.000007447572924151763,0.0505750711042822,-64.37179912322736,-45.87047351955024,452552412.0,2.0,2.0,41082.0,2077.7250711061213404,20541.0,1038.8625355530606702,20541.0,1038.8625355530606702,41082.0,2077.7250711061213404,0.07713126840854832,0.12036293765178181,0.09349657733241197
2020-04-06,6.0,23539686.3241928212495476,0.0,0.0,3238.83295283,234.36317960514106,0.000007127177735062515,0.0520153814232523,-65.01452573501167,-41.235482537840326,452552412.0,3.0,3.0,139727.0,7267.9532001267741221,46575.66666667,2422.651066709098091971410841,10000.0,520.153814232523,139727.0,7267.9532001267741221,0.07710484443520028,0.120506239506173,0.09339442473537583
2020-04-07,0.0,22529967.543957198694902,0.0,0.0,,226.01731545087833,0.000006926409829161946,0.0497842171349585,-66.41860261537428,-38.05584421882171,452552412.0,0.0,0.0,0.0,0.0,,,,,0.0,0.0,0.07715440026856382,0.11969914908911411,0.09347745878157453
2020-04-08,5.0,23007972.2318014758377916,0.0,0.0,18087.6263789,234.55062786992497,0.00000689624465597684,0.0508404587440393,-64.83284399857217,-35.616167770407124,452552412.0,3.0,3.0,25020.0,1272.028277775863286,8340.0,424.009425925287762,10000.0,508.404587440393,25020.0,1272.028277775863286,0.07704966883958675,0.11988818663123682,0.0935603907717268
2020-04-09,19.0,26142944.4369643601330136,0.0,0.0,865.08264071,273.2022154367082,0.000007913849586850302,0.0577677717403578,-60.605300577169395,-26.38451987689942,452552412.0,30.0,30.0,523132.0,30220.1699660768566296,26955.7,1557.17072470156274946,10874.0,628.1667499046507172,808671.0,46715.1217410468824838,0.07757207060260128,0.12267631959713443,0.09526618001990256
2020-04-10,25.0,24484136.9550301172726064,0.0,0.0,160.12962168,253.1646562136804,0.000007886839934129378,0.0541023234122772,-60.181775847137885,-30.993373641417026,452552412.0,43.0,43.0,2826163.0,152901.9846418115683836,68147.06976744,3686.914808157056875044814368,23043.0,1246.6798383891035196,2930324.0,158537.3367507577738128,0.07768685326906512,0.12307438148865357,0.09539450960334758
2020-04-11,15.0,24928546.22789260957032,0.0,0.0,1582.4894204,259.4732189282353,0.000008002741722731565,0.05508432960886,-59.34338277861659,21.950747599588098,452552412.0,21.0,21.0,285975.0,15752.7411598937385,17728.38095238,976.5559798123352796860868,11795.0,649.7196677365037,372296.0,20507.67557606014256,0.07755114957032391,0.06918207565247592,0.0954738595960811
2020-04-12,7.0,25376743.9004459850674568,0.0,0.0,4734.25753471,266.87936506544054,0.000008035160973004815,0.0560747069898414,-58.394274507225596,1.5347676178379313,452552412.0,7.0,7.0,95591.0,5360.2373158659292674,18913.0,1060.5409332988703982,22000.0,1233.6435537765108,132391.0,7423.7865330920927874,0.07755697696304677,0.05872373838192803,0.09537935242182483
2020-04-13,2.0,24922744.2737137214038104,0.0,0.0,452552.412,278.4816449892239,0.000008023734688906765,0.0550715090956442,-59.95413201032066,16.076755055499422,452552412.0,1.0,1.0,1000.0,55.0715090956442,1000.0,55.0715090956442,1000.0,55.0715090956442,1000.0,55.0715090956442,0.0775628848838867,0.05136891103437744,0.09529112308252187
2020-04-14,18.0,28505396.1936831882788136,0.0,0.0,815.35980138,325.5171702556264,0.000009161181326512459,0.0629880549475078,-52.077712968626756,29.276643811195825,452552412.0,35.0,35.0,555034.0,34960.5120897350442652,21966.62857143,1383.635207468727608352782154,16996.0,1070.5449818878425688,768832.0,48427.2322614023168896,0.07812035052302374,0.05644615649977318,0.09545092705762385
2020-04-15,6.0,28117966.0399899375689328,0.0,0.0,28455.25729376,331.68647133691024,0.00000937773481964097,0.0621319548728644,-55.30083723750494,36.87358534405663,452552412.0,5.0,5.0,15904.0,988.1466102980354176,4316.8,268.21122279518104192,4784.0,297.2392721117832896,21584.0,1341.0561139759052096,0.07733071001435322,0.05461116688038582,0.09469054091596905
2020-04-16,16.0,30469037.901227066615136,0.0,0.0,357.79419689,358.5847943961588,0.000009445714659804788,0.067327092052328,-51.60000881261768,45.50658123380123,452552412.0,15.0,15.0,1264840.0,85157.99911146654752,84322.66666667,5677.19994076466092497350776,20749.0,1396.969832993753672,1264840.0,85157.99911146654752,0.0775782498175642,0.056068484827951764,0.09332139178455982
2020-04-17,3.0,29944392.680037987595782,0.0,0.0,782.47935445,351.8120951962125,0.000009343891637829142,0.0661677893786985,-53.34739369809603,31.067208522614603,452552412.0,2.0,2.0,578357.0,38268.6041616959283645,289178.5,19134.30208084796418225,289178.0,19134.268996953274833,578357.0,38268.6041616959283645,0.07758175896325882,0.05449566509801003,0.09332585552262336
2020-04-18,10.0,31651158.3946412371018476,0.0,0.0,4790.283065,372.66061017960135,0.000009629796250254322,0.0699392104767773,-50.86270802392352,22.354353650331056,452552412.0,10.0,10.0,94473.0,6607.3670313725818629,9922.1,693.94384027163204833,4747.0,332.0014321332618431,99221.0,6939.4384027163204833,0.07769857726026817,0.05080330114106221,0.09368991467389332
2020-04-19,4.0,31367561.5015795669509444,0.0,0.0,182997.33602911,370.8746530078163,0.000009693731781389401,0.0693125495960887,-51.21203675099867,28.246881888958374,452552412.0,3.0,3.0,2473.0,171.4099351511273551,824.33333333,57.136645050144743201346371,975.0,67.5797358561864825,2473.0,171.4099351511273551,0.0776907780061563,0.04950891660481239,0.09357234057241696
2020-04-20,90.0,51434181.148360020513828,0.0,0.0,102.42236763,575.3246675252639,0.000016583831925675013,0.113653534451519,-17.410687304006977,108.99026827704601,452552412.0,211.0,211.0,4418492.0,502177.232745761089348,27008.52606635,3069.61444776665866185228565,10000.0,1136.53534451519,5698799.0,647688.648478782025681,0.08594603972051161,0.10163402859478649,0.11327346798298144
2020-04-21,9.0,49461431.53726768255392,0.0,0.0,1936.93145127,575.8157617169534,0.000015907952188675657,0.10929437171416,-16.305650243113043,113.49099110554516,452552412.0,9.0,9.0,233644.0,25535.97418478319904,29655.33333333,3241.1610246402885387609528,14898.0,1628.26754979755568,266898.0,29170.44922176587568,0.08598542869445984,0.10109265318612473,0.11339352026979681
2020-04-22,10.0,49854368.133363355545048,0.0,0.0,1806.61087913,583.5534882080274,0.000015464338127339028,0.110162639312954,-13.044376544730893,103.76243760744539,452552412.0,12.0,12.0,250498.0,27595.520822616351092,31512.16666667,3471.46345047005914913104318,27648.0,3045.776651724552192,378146.0,41657.561405636303284,0.08530313118632282,0.10098554005476125,0.11337858912036139
2020-04-23,12.0,48788004.995698423292292,0.0,0.0,331.1852659,566.2040305845761,0.000014396046559080444,0.107806308621991,-14.174727985402638,91.44582979810846,452552412.0,13.0,13.0,1366463.0,147313.331898531687833,156624.38461538,16885.09674557507542834482158,7054.0,760.465701019524514,2036117.0,219506.257692482448947,0.08526298300606722,0.10126477179747446,0.11310212356459831
2020-04-24,15.0,46229720.931585588680088,0.0,0.0,609.08393887,540.6659572473559,0.0000136087481980421,0.102153296956874,-10.38276300697309,71.07378794861886,452552412.0,29.0,29.0,743005.0,75900.41040544216637,36883.31034483,3767.75175440796176257886142,25689.0,2624.216045525136186,1069616.0,109264.800877823740384,0.08532392879548205,0.10192843141211039,0.11292971881754377
2020-04-25,11.0,46374917.13739286128038,0.0,0.0,2332.92477253,591.3628838929735,0.00001359481220293835,0.102474135387865,-15.320920170639113,72.63294493079354,452552412.0,12.0,12.0,193985.0,19878.445153214992025,18477.75,1893.49145516312250375,15511.0,1589.476314001174015,221733.0,22721.897461957470045,0.08532119938519,0.10186871819434955,0.11274940872782023
2020-04-26,11.0,46187453.425649474932188,0.0,0.0,546.90236778,594.8725166666641,0.00001328201312026984,0.102059898922049,-18.833279723551872,78.33977889080482,452552412.0,9.0,9.0,827483.0,84452.831339713872667,92072.11111111,9396.87035353955124466786439,18054.0,1842.589415138672646,828649.0,84571.833181856981801,0.08525428053194245,0.10143785823142376,0.11233877003911807
2020-04-27,9.0,45803053.657240349867436,0.0,0.0,535.67719155,613.9479463545085,0.000013013256885461534,0.101210495055853,-25.128862920010164,82.41577745524133,452552412.0,6.0,6.0,844823.0,85504.954064570899019,140803.83333333,14250.82567742814580151648049,14588.0,1476.458701874783564,844823.0,85504.954064570899019,0.08492558561930863,0.10113537559624086,0.11226236575834521
2020-04-28,17.0,44079017.4412253445841152,0.0,0.0,539.03650731,592.1385236110133,0.00001253567166946457,0.0974009115240896,-23.167750648624796,83.99887399635043,452552412.0,21.0,21.0,839558.0,81773.7144773416163968,50201.80952381,4889.702007777816463519773376,19497.0,1899.0255719851749312,1054238.0,102683.7421633331717248,0.08496798476447487,0.10094998016519069,0.11238236849631963
2020-04-29,15.0,46682694.89659000678596,0.0,0.0,647.80089837,694.0012769847757,0.000011773127765524118,0.10315422845783,-21.00308352416729,95.53822663162642,452552412.0,20.0,20.0,698598.0,72063.33769218312234,48369.9,4989.559715082391317,19948.0,2057.72054927679284,967398.0,99791.19430164782634,0.08505757079687293,0.1010670426562245,0.11257770894118978
2020-04-30,13.0,45736575.450161971528452,0.0,0.0,714.70351846,684.2130872168375,0.000011680397406927468,0.101063598905671,-21.97590933581463,93.00887232444943,452552412.0,16.0,16.0,633203.0,63993.774017867594213,41552.75,4199.47045942762064525,4258.0,430.328804140347118,664844.0,67191.527350841930324,0.08499876353132087,0.1012272831395712,0.11261267152615045
2020-05-01,8.0,48166592.685507955799712,0.0,0.0,51584.68163684,746.7733164157734,0.000012018830899620667,0.106433180794776,-16.25204677941391,100.70395049058598,452552412.0,6.0,6.0,8773.0,933.738295112569848,2323.33333333,247.27975671284146273068408,1725.0,183.5972368709886,13940.0,1483.67854027917744,0.08504789908478037,0.10135570945271169,0.11250449778866978
2020-05-02,6.0,47786003.618061374089788,0.0,0.0,5837.2770096,748.3707656271666,0.000011762157060149314,0.105592197391849,-21.346925956075978,109.97540600624927,452552412.0,6.0,6.0,77528.0,8186.351879395269272,17496.0,1847.441085567790104,14224.0,1501.943415701660176,104976.0,11084.646513406740624,0.08490163165001881,0.10051508355933698,0.11238674131260837
2020-05-03,10.0,48130069.385870433092664,0.0,0.0,10352.81065129,756.2098156525149,0.000011954020300219592,0.106352475668322,-19.878476856840106,107.43210732422929,452552412.0,8.0,8.0,43713.0,4648.985768889359586,7709.625,819.93770522438699925,4775.0,507.83307131623755,61677.0,6559.501641795095994,0.08490376399319226,0.10056213296460369,0.11238443255332936
2020-05-04,24.0,45049844.2952629259556888,0.0,0.0,160.52500388,676.7896992320843,0.000011207683956208778,0.0995461367583274,-27.92629789233037,92.53544585105851,452552412.0,34.0,34.0,2819202.0,280640.6678413501227348,89253.35294118,8884.826478021967357647382332,27398.0,2727.3650549046541052,3034614.0,302084.1002527349446236,0.08504078420945141,0.10188114584336201,0.11256398486295885
2020-05-05,7.0,45495210.091573782604428,0.0,0.0,22897.81481481,687.7651580020181,0.000011187581077901543,0.100530256574069,-23.08806123928916,98.77432572814926,452552412.0,6.0,6.0,19764.0,1986.879990929899716,3294.0,331.146665154983286,756.0,76.000873969996164,19764.0,1986.879990929899716,0.085036871103305,0.10157332702033926,0.112560934361024
2020-05-06,13.0,46472554.25091408829674,0.0,0.0,711.77303282,705.7121585768426,0.000011081466974171118,0.102689883024895,-24.23578131195531,97.42214747845684,452552412.0,12.0,12.0,635810.0,65291.25452605848995,56660.16666667,5818.42588717139714877674965,17064.0,1752.30016393680828,679922.0,69821.11064605265819,0.08505248020824634,0.10156896689218674,0.1123536201484194
2020-05-07,6.0,50575345.602789383465232,0.0,0.0,7778.35396435,776.0513680710526,0.000011182563065200496,0.111755775158236,-18.54912505036991,124.48033049365968,452552412.0,6.0,5.0,58181.0,6502.062754481328716,16036.2,1792.1379615925041432,22000.0,2458.627053481192,80181.0,8960.689807962520716,0.08529333472350749,0.10137548346404003,0.11208133625678633
2020-05-08,14.0,51815196.739686085797468,0.0,0.0,701.96358278,796.8440374119764,0.000011612912298148941,0.114495460339489,-17.962842900265596,125.2054036646804,452552412.0,15.0,15.0,644695.0,73814.650803566860855,43657.26666667,4998.55884416421012160113163,2427.0,277.880482243939803,654859.0,74978.382662457427051,0.0853140348170801,0.10137065603831603,0.11206518760354295
2020-05-09,13.0,49224555.896780247803976,0.0,0.0,6216.03774518,760.6499294855289,0.000011357116120029316,0.108770950262398,-22.83385053764305,88.29002224852701,452552412.0,11.0,11.0,72804.0,7918.960262903623992,9300.72727273,1011.64894358624342840980654,2156.0,234.510168765730088,102308.0,11128.138379445414584,0.08526352690033434,0.10050546357427194,0.1123005471557979
2020-05-10,13.0,43528468.0561225394794752,0.0,0.0,395.87498972,666.60822589934,0.000011036603702270882,0.0961843687093696,-41.19128206950149,77.78232549536477,452552412.0,10.0,10.0,1143170.0,109955.084777490045632,116658.5,11220.7241770819934816,19360.0,1862.129378213395456,1166585.0,112207.241770819934816,0.08567822922900602,0.1027346560610883,0.11351668384825693
2020-05-11,13.0,43831991.9012647425501072,0.0,0.0,939.02815513,681.4729836691567,0.00001127315817537636,0.0968550619530556,-38.7444740910337,75.83051775486621,452552412.0,15.0,15.0,481937.0,46678.0379924697566972,34921.6,3382.33373149982644096,3036.0,294.0519680894768016,523824.0,50735.0059724973966144,0.08567656791481416,0.10275883872079657,0.08706631388530185
2020-05-12,13.0,42897244.007474640283734,0.0,0.0,4724.17570854,669.2890529683091,0.00001075046671820732,0.0947895599934945,-43.35010532723002,69.04156094951466,452552412.0,18.0,18.0,95795.0,9080.3658995768056275,7332.11111111,695.007586045528962766673895,3547.0,336.2185692969249915,131978.0,12510.136548821417121,0.08568679963438978,0.10302308122622036,0.08357837957716559
2020-05-13,19.0,45422360.2452249193668,0.0,0.0,4666.98029267,718.6216449818362,0.000010765774021886186,0.1003692810839,-39.386340923348875,82.25264339422027,452552412.0,16.0,16.0,96969.0,9732.7088174246991,8452.6875,848.39016760186798125,4968.0,498.6345884248152,135243.0,13574.2426816298877,0.08579831869272073,0.10304370656793374,0.08107733273290542
2020-05-14,24.0,42216575.2482229912583388,0.0,0.0,222.97956463,691.0554948879274,0.00000951769502621886,0.0932854938539649,-48.04391917800274,48.10029287569842,452552412.0,39.0,39.0,2029569.0,189329.3464756976881281,62253.8974359,5807.38556664201069715859991,26115.0,2436.1506719962933635,2427902.0,226488.0370990290886398,0.08595862701634034,0.10206611900644018,0.08180321034181
2020-05-15,12.0,42469940.8053877785694788,0.0,0.0,3555.06301749,710.0860126851434,0.000010061820732864125,0.0938453528900599,-45.305706512136524,51.042009030760504,452552412.0,13.0,13.0,127298.0,11946.3257321988451502,12552.15384615,1177.961307222269391888884385,6038.0,566.6382407501816762,163178.0,15313.4969938941943622,0.08595168685332193,0.10195130408079008,0.08110243528624786
2020-05-16,4.0,42276968.356536362173296,0.0,0.0,57716.16018365,856.4771518871459,0.000009942971479213606,0.093418943829508,-41.65626020159944,38.7538671013756,452552412.0,6.0,6.0,7841.0,732.497938567172228,1493.66666667,139.53676243365317914609836,1077.0,100.612202504380116,8962.0,837.220574600050696,0.08588261597713562,0.10121557095181354,0.08112528210305567
2020-05-17,14.0,44511656.3881409837189604,0.0,0.0,253.88321266,908.9255135039015,0.000010158180120162526,0.0983569089631567,-38.80308107280064,48.64771800102015,452552412.0,11.0,11.0,1782522.0,175323.3540788240071974,162047.45454545,15938.486734438099031995622015,100000.0,9835.69089631567,1782522.0,175323.3540788240071974,0.08596866587559181,0.10133292923753308,0.08069298498722942
2020-05-18,12.0,43695397.4608130942081184,0.0,0.0,3511.37018358,908.7426950819154,0.00000992646442860785,0.0965532307467032,-46.92241469751999,38.0530750754798,452552412.0,12.0,12.0,128882.0,12443.9734850966018224,12821.75,1237.9813863265417546,9998.0,965.3392010055385936,153861.0,14855.7766359185010552,0.08597799898283125,0.10116972892818439,0.0793955203251726
2020-05-19,5.0,44494145.3083069248118176,0.0,0.0,1284.72226812,1019.7318924705631,0.000010079575996963221,0.0983182149260248,-44.849944887631395,41.84763870174081,452552412.0,4.0,4.0,352257.0,34633.2794351967179736,125551.25,12343.974781731071171,149948.0,14742.6196917275667104,502205.0,49375.899126924284684,0.08568516386136922,0.10110830952486632,0.07894602328810518
2020-05-20,11.0,44867742.6762642675944268,0.0,0.0,7040.76812496,1062.2158992105901,0.000010418962585804946,0.0991437488488389,-44.673272184073156,-12.766682244158023,452552412.0,8.0,8.0,64276.0,6372.5636010079691364,14494.5,1437.03906768949543605,12292.0,1218.6749608499277588,115956.0,11496.3125415159634884,0.08566403578662182,0.04371810424367979,0.07894476412171708
2020-05-21,10.0,41401182.3905618556056556,0.0,0.0,3474.14393957,979.939983831961,0.0000100877422570462,0.0914837293819613,-51.69104428790619,-16.296028837403696,452552412.0,10.0,10.0,130263.0,11916.9450404824248219,14668.0,1341.8833425746083484,13208.0,1208.3170976769448504,146680.0,13418.833425746083484,0.08584120455288993,0.045459391816199894,0.07928850580370704
2020-05-22,5.0,44067498.3955649712444084,0.0,0.0,16087.32046497,1047.8083445949,0.0000106284025225925,0.0973754580178107,-55.0029228789766,-11.607548053398595,452552412.0,3.0,3.0,28131.0,2739.2690094990328017,9377.0,913.0896698330109339,6881.0,670.0405266205554267,28131.0,2739.2690094990328017,0.0858322405286679,0.04709133246791979,0.07937036258806882
2020-05-23,10.0,46862857.243701485148396,0.0,0.0,1545.12228781,1106.377543372929,0.000011275712212584183,0.103552331179933,-54.89518516402715,-3.9459448119813043,452552412.0,13.0,13.0,292891.0,30329.545831621756303,26311.84615385,2724.65300687892153835069205,17064.0,1767.016979254376712,342054.0,35420.489089420802382,0.08592257920454612,0.04845145060880442,0.07955264473794564
2020-05-24,7.0,46648089.318018879047448,0.0,0.0,11017.9776014,1105.806678461522,0.000011705094371375644,0.103077760898154,-55.320443053292166,0.9049770969901042,452552412.0,5.0,5.0,41074.0,4233.815951130777396,8214.8,846.7631902261554792,9779.0,1007.997423823047966,41074.0,4233.815951130777396,0.08592035265607384,0.047434201095270245,0.07931782934998176
2020-05-25,13.0,47231693.152889512700316,0.0,0.0,629.38069437,1100.9771927674853,0.000011714568161535335,0.104367343760593,-56.80142902835927,1.8474987523068211,452552412.0,13.0,13.0,719044.0,75044.712326991833092,56768.61538462,5924.78959665952394589427966,12303.0,1284.031430286575679,737992.0,77022.264756567549256,0.08563556689834212,0.047483712024913256,0.079294258352758
2020-05-26,7.0,50539975.740732002684328,0.0,0.0,5668.17063915,1178.005533081765,0.00001264016795295572,0.111677618769894,-58.539375001563734,9.423603148177515,452552412.0,7.0,7.0,79841.0,8916.452760207106854,16934.28571429,1891.18070414094072693758526,6831.0,762.869813817145914,118540.0,13238.26492898323476,0.0857858132702665,0.0490228765809918,0.07941205363943026
2020-05-27,6.0,53285968.227670141732392,0.0,0.0,9844.08796659,1242.051290985735,0.000012841604321569521,0.117745407636166,-55.83434609227912,16.33715216113528,452552412.0,4.0,4.0,45972.0,5412.991879849823352,11493.0,1353.247969962455838,13492.0,1588.621039827151672,45972.0,5412.991879849823352,0.0857946563539249,0.04980324799131795,0.0793965637637868
2020-05-28,14.0,56272615.741979218564788,0.0,0.0,3574.04252026,1324.9843815771308,0.000012995565039222156,0.124344969223099,-51.37325936751919,27.663044706050293,452552412.0,15.0,15.0,126622.0,15744.808692967241578,11937.13333333,1484.32247694494802630258967,10000.0,1243.44969223099,179057.0,22264.837154180437643,0.08588174830994148,0.04989910089817776,0.07918768507331232
2020-05-29,2.0,58077996.6129661143729,0.0,0.0,733472.30470016,1371.4772032392095,0.000013605669577024088,0.128334299128575,-43.3716010343897,24.410119727703407,452552412.0,2.0,2.0,617.0,79.182262562330775,308.5,39.5911312811653875,308.0,39.5269641316011,617.0,79.182262562330775,0.08591081273211254,0.049238817599267654,0.07918428452127252
2020-05-30,10.0,61433145.785985413786736,0.0,0.0,3995.09531502,1444.9695164169361,0.000014006666318626613,0.135748134706628,-39.7916619776392,34.31951382745656,452552412.0,7.0,7.0,113277.0,15377.141455162699956,16182.42857143,2196.73449359486534819243804,7833.0,1063.315139157017124,113277.0,15377.141455162699956,0.08599469881488749,0.04973470568643638,0.07930683737675885
2020-05-31,12.0,63635845.130899963744836,0.0,0.0,1565.1346102,1486.7270003902595,0.000014905263067406723,0.140615414797303,-37.75828483150054,32.11614437083961,452552412.0,11.0,11.0,289146.0,40658.384726980973238,26286.0,3696.216793361906658,17064.0,2399.461438101178392,289146.0,40658.384726980973238,0.08603304728293944,0.049343979112741555,0.0793448369262149
2020-06-01,5.0,67292698.25781399443664,0.0,0.0,19171.88782038,1624.5832141456954,0.00001457926789232419,0.14869592222572,-35.27617674394279,40.8209374352866,452552412.0,4.0,4.0,23605.0,3509.9672441381206,5901.25,877.49181103453015,5760.0,856.4885120201472,23605.0,3509.9672441381206,0.08604630749066726,0.0499477748437908,0.078976914234162
2020-06-02,11.0,60365715.181849610695812,0.0,0.0,1592.41784427,1488.164324515034,0.000014022769753382754,0.133389445246951,-41.01314821595368,25.422040633025162,452552412.0,14.0,14.0,284192.0,37908.213223621498592,25708.14285714,3429.19491404327047401358014,18506.0,2468.505073740075206,359914.0,48008.728796611122214,0.08632629672627559,0.05454941118119136,0.08065220044014326
2020-06-03,7.0,63820185.357584351086092,0.0,0.0,5068.85464993,1623.8590108519538,0.000014625466783384536,0.141022749333141,-32.21968994845194,41.66571795298116,452552412.0,8.0,8.0,89281.0,12590.652083212161621,12535.125,1767.737790734589077625,10847.0,1529.673762016580427,100281.0,14141.902325876712621,0.08641003312410804,0.05339591146958471,0.08080786165311231
2020-06-04,12.0,59659113.98808085324314,0.0,0.0,4087.32229658,1513.1662453200067,0.000013433530143999035,0.131828076497095,-36.36585453848181,31.132736540830656,452552412.0,11.0,11.0,110721.0,14596.136457834855495,11704.36363636,1542.9637448038830851763742,16938.0,2232.90395970779511,128748.0,16972.60119284798706,0.08656137375504969,0.055313095152174405,0.08138706550985149
2020-06-05,12.0,60318299.563755405270072,0.0,0.0,3813.1512108,1526.566190915857,0.000013823498199715214,0.133284671486306,-31.16336624590846,29.793381353832032,452552412.0,9.0,9.0,118682.0,15818.491381337768692,17203.33333333,2292.94063180230660442837898,12010.0,1600.74890455053506,154830.0,20636.46568622475798,0.0865622127619027,0.05526662266591053,0.08137385964039845
2020-06-06,11.0,54663179.27902197576132,0.0,0.0,2376.6636662,1379.0243872782323,0.000012492784297615087,0.12078861548311,-36.89749262407265,8.082660884490599,452552412.0,7.0,7.0,190415.0,22999.96421721639065,27202.14285714,3285.7091738877106968129054,2258.0,272.74069376086238,190415.0,22999.96421721639065,0.08687306866444519,0.056683293438606175,0.08235031901514743
2020-06-07,22.0,61440933.645784390130004,0.0,0.0,822.50403389,1520.468963961152,0.000013928107479662028,0.135765343453267,-27.489595349931385,18.577053667202996,452552412.0,32.0,32.0,550213.0,74699.856917452395871,24657.1875,3347.5915295291019065625,18006.0,2444.590774219525602,789030.0,107122.92894493126101,0.0872955505561454,0.06031132322504792,0.08339696126311871
2020-06-08,13.0,56373869.055286003813488,0.0,0.0,1448.39482671,1386.92649362222,0.000012750981890800993,0.124568707536324,-33.640629461409986,14.523875387514446,452552412.0,10.0,10.0,312451.0,38921.617238431970124,31328.9,3902.6005815347409636,6224.0,775.315635706080576,313289.0,39026.005815347409636,0.08753708043205026,0.06176104126092027,0.08312514468978048
2020-06-09,13.0,57508294.4812776474789,0.0,0.0,3799.48124827,1409.0061812382141,0.000012994165969258503,0.127075434704075,-33.09410082821482,32.1165137425248,452552412.0,8.0,8.0,119109.0,15135.827952167669175,14888.625,1891.978494020958646875,743.0,94.417047985127725,119109.0,15135.827952167669175,0.08754774345856996,0.05690864287313181,0.08248944587561834
2020-06-10,6.0,59548442.439877320485088,0.0,0.0,21830.79652677,1466.2074100735722,0.000013306797762217942,0.131583526815624,-28.92067359289744,35.85611754541113,452552412.0,3.0,3.0,20730.0,2727.72651088788552,6910.0,909.24217029596184,7900.0,1039.5098618434296,20730.0,2727.72651088788552,0.08758139554301629,0.057097008834202906,0.08253121868819377
2020-06-11,11.0,54834468.764396235644808,0.0,0.0,112.08761785,1205.6217345422097,0.000013060388002113822,0.121167111941934,-38.21726511876338,27.827486434423587,452552412.0,9.0,9.0,4037488.0,489210.760460215221792,448609.77777778,54356.75116224640501491542652,42052.0,5095.319391382208568,4037488.0,489210.760460215221792,0.08779513065121367,0.05930619048361739,0.08347333533110214
2020-06-12,7.0,56193127.006707900659736,0.0,0.0,11081.64973799,1256.929549786715,0.000013131049360454787,0.124169323854378,-35.50810290767591,23.71247707810443,452552412.0,6.0,6.0,40838.0,5070.826847565088764,9650.33333333,1198.27536496895192825381874,9262.0,1150.056277539249036,57902.0,7189.652189816194956,0.08781275895932986,0.058671187725481015,0.08338707441160935
2020-06-13,6.0,57894311.064875163519576,0.0,0.0,10468.48049965,1293.8361054483744,0.000013521181468819302,0.127928411228698,-31.689055731120757,37.13644634713019,452552412.0,4.0,4.0,43230.0,5530.34521741661454,10807.5,1382.586304354153635,9570.0,1224.27489545863986,43230.0,5530.34521741661454,0.0878257302231966,0.05679494593369546,0.08190012434895877
2020-06-14,9.0,57434419.855634787562428,0.0,0.0,2664.37691416,1283.291289406217,0.000013583730858257501,0.126912194770569,-30.45813080551108,35.23546010770188,452552412.0,6.0,6.0,169853.0,21556.417018365456357,31152.83333333,3953.67445165465125485076477,13852.0,1757.987721961921788,186917.0,23722.046709930445773,0.08775889596574435,0.05689055033670375,0.08187331514541374
2020-06-15,13.0,50385270.445599413720916,0.0,0.0,2477.01113842,1123.5330723007621,0.000011792315354558036,0.111335768210643,-35.68727946988099,19.17900550645668,452552412.0,11.0,11.0,182701.0,20341.156187852686743,21172.81818182,2357.29197745719927803311026,11002.0,1224.916121853494286,232901.0,25930.211752026965343,0.0880367489651261,0.06242132291164349,0.08340983502759247
2020-06-16,11.0,52989168.177720583420404,0.0,0.0,906.51717776,1189.0394196169407,0.000012299205987046434,0.117089571887467,-27.50656715239574,19.04559946198323,452552412.0,16.0,16.0,499221.0,58453.573167233163207,33098.0625,3875.4379684296257326875,17064.0,1998.016454687736888,529569.0,62007.007494874011723,0.08810995249466516,0.06239340118553449,0.08351388902761735
2020-06-17,8.0,52636419.695123689632012,0.0,0.0,1377.31426519,1186.4991939232095,0.000012309649663970986,0.116310107513301,-26.294703243231954,20.462160213393364,452552412.0,7.0,7.0,328576.0,38216.709886290389376,51532.0,5993.692460375427132,17064.0,1984.715674606968264,360724.0,41955.847222627989924,0.08240938085031294,0.06227167023048967,0.08331976525533029
2020-06-18,14.0,47732196.092130888333528,0.0,0.0,1363.63130475,1079.7280258853577,0.000011232524304653752,0.105473299503994,-40.024622290748674,7.277476084520791,452552412.0,15.0,15.0,331873.0,35003.740326289000762,25668.4,2707.3308409883195896,11005.0,1160.73366104145397,385026.0,40609.962614824793844,0.08261598835987526,0.06504187866023328,0.08441696515318906
2020-06-19,14.0,46642590.095084437745772,0.0,0.0,1192.60017867,1045.9516099761452,0.000011099041863897192,0.103065609326781,-44.88483779483048,3.9557314742269987,452552412.0,26.0,26.0,379467.0,39109.997574405605727,20089.92307692,2070.58016325091879727899452,17064.0,1758.711557552190984,522338.0,53835.084244532133978,0.08261861523644538,0.06519482452404342,0.055111616248490376
2020-06-20,4.0,48152989.798974313072092,0.0,0.0,90113.98088411,1088.0624070232511,0.000011371144276264968,0.106403122648641,-50.653201788731415,16.308247780748548,452552412.0,3.0,3.0,5022.0,534.356481941475102,1674.0,178.118827313825034,424.0,45.114924003023784,5022.0,534.356481941475102,0.08246294275069664,0.06354469217650903,0.05505522546917155
2020-06-21,6.0,47640390.387349279160316,0.0,0.0,40438.96095076,1082.223936641429,0.00001133797009379588,0.105270437465593,-48.09048337544885,8.10777130962327,452552412.0,4.0,4.0,11191.0,1178.081465677451263,2797.75,294.52036641936281575,1796.0,189.065705688205028,11191.0,1178.081465677451263,0.08245500507128575,0.06266419785572569,0.0550597682751152
2020-06-22,10.0,49374944.888092205418036,0.0,0.0,7748.52173615,1123.2901159471735,0.000011265621268787752,0.109103263133403,-45.204450228509316,5.36050892357477,452552412.0,10.0,10.0,58405.0,6372.176083306402215,7975.3,870.1312544678289459,2216.0,241.772831103621048,79753.0,8701.312544678289459,0.08248599759772186,0.06200257788006815,0.055189435206532064
2020-06-23,9.0,49113502.427144701182156,0.0,0.0,1487.27960247,1127.3019573122233,0.000011290954056868672,0.108525556653413,-46.76997093270491,5.28513202827688,452552412.0,5.0,5.0,304282.0,33022.373429613814466,60856.4,6604.4746859227628932,871.0,94.525759845122723,304282.0,33022.373429613814466,0.08235898580329068,0.06200523659052038,0.05473743572904885
2020-06-24,13.0,47144885.711994263520756,0.0,0.0,2350.78729008,1077.859467322555,0.000011210175316556255,0.104175526329963,-49.99861341354773,-0.1837906606783138,452552412.0,14.0,14.0,192511.0,20054.934749307507093,18895.07142857,1968.40401111352563160524291,15948.0,1661.391293910249924,264531.0,27557.656155591442353,0.08210870037697067,0.06245054668770885,0.05500311259928791
2020-06-25,10.0,46844193.898269913807272,0.0,0.0,45364.11507618,1070.781413833573,0.000011193871709162843,0.103511090994406,-53.646359498201434,-7.3125912474143195,452552412.0,8.0,8.0,9976.0,1032.626643760194256,1434.625,148.49959891784970775,503.0,52.066078770186218,11477.0,1187.996791342797662,0.08154363157642795,0.06112950296759734,0.05500707684017337
2020-06-26,4.0,46798202.13777143573346,0.0,0.0,578711.52429668,1073.2214830868743,0.000011289935702315766,0.103409463515955,-50.69895279769155,-12.175374316516157,452552412.0,2.0,2.0,782.0,80.86620046947681,391.0,40.433100234738405,391.0,40.433100234738405,782.0,80.86620046947681,0.08131474671509098,0.06022936151814056,0.05499578911917961
2020-06-27,6.0,46109603.255115994886292,0.0,0.0,5007.05234391,1055.021366278718,0.000011318151498680716,0.101887874271491,-57.388977280673316,-18.060316466294356,452552412.0,4.0,4.0,90383.0,9208.931740280171053,33829.5,3446.8158426674047845,44930.0,4577.82219101809063,135318.0,13787.263370669619138,0.08127325845931212,0.05921460396116169,0.054798442014295894
2020-06-28,3.0,46591334.27252848451778,0.0,0.0,69623.448,1066.7466173672337,0.000011303426390159907,0.102952349909315,-56.63402865836269,-19.777993405979835,452552412.0,2.0,2.0,6500.0,669.1902744105475,6500.0,669.1902744105475,6500.0,669.1902744105475,13000.0,1338.380548821095,0.08115702822627775,0.05886841581867875,0.05430882742631296
2020-06-29,10.0,45995533.6551861114978,0.0,0.0,2534.62605014,1048.265928034076,0.000011066319525140313,0.10163581595315,-52.58690523459122,-25.129125219436588,452552412.0,8.0,8.0,178548.0,18146.8716668030262,24451.625,2485.16085825544136875,11656.0,1184.6670707499164,195613.0,19881.28686604353095,0.08116105817379247,0.0576366664591559,0.05426916863669404
2020-06-30,9.0,43909630.42301001892986,0.0,0.0,550.07458512,980.9388583389136,0.000010610997690064668,0.097026618925655,-56.22056062611701,-30.998589972856962,452552412.0,7.0,7.0,822711.0,79824.866682944550705,117530.14285714,11403.5523832775157389459267,490.0,47.54304327357095,822711.0,79824.866682944550705,0.08118713196808763,0.05737153411424405,0.054164741147423055
2020-07-01,13.0,43973035.4341009538469312,0.0,0.0,3968.64399467,986.0180064052489,0.00001051435488192431,0.0971667242690576,-57.810413456699514,-34.65407604012248,452552412.0,9.0,9.0,114032.0,11080.1159018491762432,16631.11111111,1615.990587621285544528589936,10237.0,994.6957563423426512,149680.0,14543.915288592541568,0.08107389396294222,0.05598281194429025,0.05415951593530984
2020-07-02,7.0,43157011.3097469189675312,0.0,0.0,11839.48336124,978.2127541602375,0.00001048598018611031,0.0953635648941076,-62.56806446210818,-28.507413223320675,452552412.0,8.0,8.0,38224.0,3645.1769045123689024,6915.625,659.49865347081287125,8500.0,810.5903015999146,55325.0,5275.98922776650297,0.08030038226432419,0.0530838879426586,0.05419336838503168
2020-07-03,21.0,42801000.1740614672959944,0.0,0.0,717.41932068,955.9086234181384,0.00001043124710400525,0.0945768910719262,-56.080573647007135,-32.93501118141923,452552412.0,43.0,43.0,630806.0,59659.6703495174785172,18499.97674419,1749.670285368425540587958778,8991.0,850.3408276276884642,795499.0,75235.8222708262201738,0.07986689356279889,0.0515699933803705,0.05354030972492289
2020-07-04,8.0,44693109.9833968996169196,0.0,0.0,25518.91349949,998.2474534638086,0.000010821333449992526,0.0987578649418333,-52.170811554624095,-25.0858636748678,452552412.0,5.0,5.0,17734.0,1751.3719768784717422,6948.0,686.1696456158577684,375.0,37.0341993531874875,34740.0,3430.848228079288842,0.07973372039468246,0.05152482173119497,0.05382649772392414
2020-07-05,54.0,47191572.7229982320181,0.0,0.0,174.55893276,989.4514922046276,0.000011484925448144164,0.104278690095675,-50.42062810325325,-21.762428542738416,452552412.0,53.0,53.0,2592548.0,270347.5094501620299,50218.79245283,5236.74989516768216062451025,31996.0,3336.5009683012173,2661596.0,277547.7444438881973,0.07957912857826102,0.05271935900847888,0.054220003494173837
2020-07-06,15.0,47380821.617389531126908,0.0,0.0,430.66801673,968.5944045949469,0.000011210784329967611,0.104696871259609,-49.37047339117667,-13.322235840803328,452552412.0,15.0,15.0,1050815.0,110017.042772666031335,84734.33333333,8871.41958826844655276246797,319.0,33.398301931815271,1271015.0,133071.293824031933135,0.07957920172247178,0.04991423137626692,0.05308135130409542
2020-07-07,65.0,45488592.120005764812732,0.0,0.0,1904.15293732,925.1592134375313,0.000010864019503043982,0.100515632916361,-52.27441240384291,-25.963702989518538,452552412.0,62.0,62.0,237666.0,23889.148412699853426,6126.29032258,615.78794920350609684973138,295.0,29.652111710326495,379830.0,38178.85285062139863,0.07963658463555084,0.044690227728762424,0.0532189211891128
2020-07-08,55.0,45679087.523106145103268,0.0,0.0,25372.97667638,935.0386992912597,0.000010698589372875868,0.100936568476639,-50.622103054441794,-18.97116822280099,452552412.0,53.0,53.0,17836.0,1800.304635349333204,524.22641509,52.91361544399476538208251,156.0,15.746104682355684,27784.0,2804.421618554937976,0.07928689840196769,0.04237183207368425,0.05283154696614723
2020-07-09,9.0,43955843.5165375398703584,0.0,0.0,1766.30633767,926.7477302692741,0.0000105214440537252,0.0971287354812232,-45.31749484055046,-23.566080488010712,452552412.0,8.0,8.0,256214.0,24885.7418325861209648,33909.75,3293.6111379844084062,21328.0,2071.5616703435284096,271278.0,26348.8891038752672496,0.07933298123734164,0.042432630394930886,0.050610852721909245
2020-07-10,17.0,42669602.9303466480828972,0.0,0.0,523.63902828,885.9858586274032,0.000010154474933483965,0.0942865440530381,-42.466231397743854,-28.34472039562122,452552412.0,29.0,29.0,864245.0,81486.6742651179127345,37811.65517241,3565.130291131721399239798821,20000.0,1885.730881060762,1096538.0,103388.7784428302920978,0.07933314469820896,0.041765539173254984,0.05074852082048154
2020-07-11,9.0,44744780.2976443200710532,0.0,0.0,2400.41378871,926.2366904322579,0.000010703714391491676,0.0988720402569511,-43.445018853515656,-18.40026664633816,452552412.0,8.0,8.0,188531.0,18640.4446216832478341,38071.125,3764.1698036274174469875,42990.0,4250.509010646327789,304569.0,30113.3584290193395759,0.07935423204910398,0.040838120048247474,0.05104371139199001
2020-07-12,6.0,44870388.7234605227873388,0.0,0.0,27237.58122179,928.4967907668392,0.000010673759286006936,0.0991495957897149,-41.15922195314947,-20.149685355463056,452552412.0,7.0,7.0,16615.0,1647.3705340461130635,2976.0,295.0691970701915424,437.0,43.3283733601054113,20832.0,2065.4843794913407968,0.07927148665183277,0.04045609334809177,0.05050351253986291
2020-07-13,11.0,42499624.6564962087436044,0.0,0.0,1059.02574363,878.394684260451,0.000010167238614738138,0.0939109449636437,-41.071285181446825,-26.59101753733279,452552412.0,12.0,12.0,427329.0,40130.8702003688986773,35610.75,3344.239183364074889775,25276.0,2373.6930449010581612,427329.0,40130.8702003688986773,0.07796549404827262,0.04069388579724431,0.05009770939060762
2020-07-14,11.0,42078558.1896628635506352,0.0,0.0,2102.38185982,865.9084537335958,0.000010040705691620408,0.0929805191042996,-43.72124583591144,-26.736339819519205,452552412.0,10.0,10.0,215257.0,20014.7076008342189972,34588.1,3216.01949283142499476,15830.0,1471.881617421062668,345881.0,32160.1949283142499476,0.07748233699062863,0.04069158361962045,0.05010830662400721
2020-07-15,6.0,41163744.9664368360264312,0.0,0.0,16550.33689292,863.4036287163691,0.000009890375218868251,0.0909590665631826,-39.004934847738454,-18.302026361293404,452552412.0,4.0,4.0,27344.0,2487.1847161036650144,10823.0,984.4499774133252798,12974.0,1180.1029295907310524,43292.0,3937.7999096533011192,0.07749979166524071,0.033845035061694916,0.050184686148847114
2020-07-16,13.0,40915656.0095821479397092,0.0,0.0,1349.32381214,859.7921060879016,0.000009899803263085499,0.0904108671717391,-40.35779104483639,-22.784868272785555,452552412.0,17.0,17.0,335392.0,30323.0815624639202272,22264.58823529,2012.960729574269241829292839,17064.0,1542.7710374185560024,378498.0,34220.3324027689058718,0.07745570902314036,0.032082850746589175,0.049722733517422485
2020-07-17,15.0,39171925.5428717780350176,0.0,0.0,218.30406886,791.2212445948003,0.000009453182031011394,0.0865577654746248,-46.27121119117568,-25.58018617193159,452552412.0,23.0,23.0,2073037.0,179437.4504662197715176,96251.13043478,8331.282774841208599081370544,17064.0,1477.0217100589975872,2213776.0,191619.5038213529912448,0.07752430168032014,0.032706227440664995,0.049973238144654944
2020-07-18,9.0,40817147.9223961204064352,0.0,0.0,3172.51144075,822.1103608722599,0.00000982935110168378,0.0901931949539496,-42.92736879330059,-14.487177913179613,452552412.0,9.0,9.0,142648.0,12865.8788737910025408,19628.88888889,1770.392202285070918661059944,16948.0,1528.5942680795378208,176660.0,15933.529820564736336,0.07741254538226199,0.029502676445906904,0.05021676859842404
2020-07-19,5.0,41187862.9945968581570148,0.0,0.0,6340.75564647,933.0836972815634,0.000009872428319263401,0.0910123599000879,-44.26784283079812,-11.694734553479357,452552412.0,5.0,5.0,71372.0,6495.7341507890735988,28024.0,2550.5303738400633096,2432.0,221.3420592770137728,140120.0,12752.651869200316548,0.07695912525685986,0.029414505089288816,0.05021909374885165
2020-07-20,11.0,40729816.8072017963240604,0.0,0.0,3215.52090379,925.7057003804994,0.000009817644752047814,0.0900002203660817,-43.835021654567456,-15.41580911748628,452552412.0,16.0,16.0,140740.0,12666.631014322338458,12298.5625,1106.87333518602866755625,16448.0,1480.3236245813118016,196777.0,17709.9733629764586809,0.07693514989777851,0.02863675890648855,0.04915772472134841
2020-07-21,12.0,40367496.4813719434454996,0.0,0.0,2624.13116237,920.3091466215952,0.000009500867956484978,0.0891996051970483,-42.66534341020674,-15.266234904549874,452552412.0,20.0,20.0,172458.0,15383.1855130725557214,12881.45,1149.020254365517824035,14754.0,1316.0509750772506182,257629.0,22980.4050873103564807,0.07690767753275907,0.02862767834039168,0.048473854118060766
2020-07-22,16.0,42063568.934655530016768,0.0,0.0,490.38779168,974.1621418501734,0.000009751850497833542,0.092947397515264,-37.12524655657109,-14.807866560677352,452552412.0,22.0,22.0,922846.0,85776.134007371321344,46121.63636364,4286.88606914570228435460096,14626.0,1359.448636058251264,1014676.0,94311.493521198014464,0.07672215912720987,0.02891149361184462,0.04809561162547836
2020-07-23,10.0,43970241.5043502587147132,0.0,0.0,2173.19387446,1033.1183582405229,0.000010111235805528795,0.0971605505537561,-34.596038682300886,-10.472193324888593,452552412.0,12.0,12.0,208243.0,20233.0045289658315323,18775.58333333,1824.246013634269933389820813,17064.0,1657.9476346492940904,225307.0,21890.9521636151256227,0.07675726453105826,0.030300583914772493,0.04846080574620173
2020-07-24,13.0,44179973.0776059913490688,0.0,0.0,949.12525325,1030.868743166176,0.00001022444094952486,0.0976239920639424,-35.220799723909025,-6.288938003797012,452552412.0,22.0,22.0,476810.0,46548.095656008375744,28616.54545455,2793.66140635243615967301792,16972.0,1656.8743933092304128,629564.0,61460.5509397438331136,0.07673288404514446,0.029502801283595535,0.048434909360315734
2020-07-25,8.0,45606767.181904597100016,0.0,0.0,8213.14335493,1086.3833058643236,0.000010386730572605118,0.100776763028068,-32.04945344099724,-2.6415796994022354,452552412.0,8.0,8.0,55101.0,5552.900419609574868,6887.625,694.1125524511968585,9487.0,956.069150847281116,55101.0,5552.900419609574868,0.07664979829388845,0.03013080847346922,0.04778767659740817
2020-07-26,8.0,45817585.817016548892864,0.0,0.0,12471.81866285,1115.5667687465655,0.00001019162059295667,0.101242606606672,-28.84827331579249,-2.0954145158568274,452552412.0,5.0,5.0,36286.0,3673.689223329700192,7457.2,754.9863659872744384,5293.0,535.877116769114896,37286.0,3774.931829936372192,0.07664353281719362,0.03014753859679519,0.04725584967710382
2020-07-27,24.0,52635428.195905928685312,0.0,0.0,260.48775619,1241.176300170452,0.000010528930331570536,0.116307916608576,-16.20233712523494,14.152854243147011,452552412.0,37.0,37.0,1737327.0,202064.883837827516352,51982.43243243,6045.96841646200491587851968,17064.0,1984.678289008740864,1923350.0,223700.8314091046496,0.0772788332195884,0.03930962608721316,0.05014031323595835
2020-07-28,13.0,49877037.447144155834508,0.0,0.0,2790.58778697,1193.0711416602726,0.000010070043742467171,0.110212731441909,-19.948117555476127,7.052176603049151,452552412.0,11.0,11.0,162171.0,17873.308870665824439,20803.63636364,2292.82558756098764265978876,10152.0,1118.879649598260168,228840.0,25221.08146316645556,0.07708780365870015,0.040696907847844986,0.05040808278947716
2020-07-29,4.0,49328890.636148109949248,0.0,0.0,47782.95977194,1200.0407196230533,0.000009806021984711414,0.109001497568304,-24.367151364488212,7.247131875784114,452552412.0,3.0,3.0,9471.0,1032.353183469407184,6237.66666667,679.91500799892092232522768,9242.0,1007.391840526265568,18713.0,2039.745023995672752,0.07709180341875581,0.04067491432592832,0.04982495497508342
2020-07-30,8.0,50790132.806808304853268,0.0,0.0,60147.84848485,1235.618686631792,0.000010078711272810848,0.112230388039139,-25.81643416616055,15.669688670831269,452552412.0,5.0,5.0,7524.0,844.421439606481836,2681.2,300.9121164105394868,1000.0,112.230388039139,13406.0,1504.560582052697434,0.07710167038291686,0.03988521525797748,0.04975116103954247
2020-07-31,7.0,51634597.818073101513552,0.0,0.0,723.45532122,1235.0680719650445,0.000010063009973646913,0.114096392923596,-26.858193828416077,17.42331933271685,452552412.0,4.0,4.0,625543.0,71372.199918605012628,156385.75,17843.049979651253157,23194.0,2646.351737469885624,625543.0,71372.199918605012628,0.07710732367551323,0.03993544097634315,0.049207888191596626
2020-08-01,7.0,54940042.346560252323624,0.0,0.0,1583.49718852,1303.7214709575712,0.000010290277736813352,0.121400396704902,-23.236950741996576,27.30270396215356,452552412.0,5.0,5.0,285793.0,34695.383575484057286,57158.6,6939.0767150968114572,20613.0,2502.426377278144926,285793.0,34695.383575484057286,0.07713958021810235,0.04096559315544343,0.04799975401763083
2020-08-02,9.0,49178361.981079504717908,0.0,0.0,12726.44578178,1258.8648069915034,0.000009795265321551932,0.108668876083859,-33.55057225450897,14.900029861645356,452552412.0,5.0,5.0,35560.0,3864.26523354202604,11110.2,1207.3329470668902618,8864.0,963.240917607326176,55551.0,6036.664735334451309,0.07758114100323851,0.0463019071012513,0.04942514319682334
2020-08-03,7.0,49174343.662448237614212,0.0,0.0,6573.01978214,1256.7979297055379,0.000009670618686379065,0.108659996850151,-34.30931690099185,10.026676775717943,452552412.0,6.0,6.0,68850.0,7481.24078313289635,11475.0,1246.873463855482725,2900.0,315.1139908654379,68850.0,7481.24078313289635,0.07740948229087755,0.045727674232050104,0.04872813989480615
2020-08-04,14.0,48839277.986591318897268,0.0,0.0,2551.56042692,1264.8105008336013,0.000009633398132175296,0.107919605976139,-39.3412589300918,3.491524372931311,452552412.0,10.0,10.0,177363.0,19140.945074745941457,24731.1,2668.9705673564912229,4632.0,499.883614881475848,247311.0,26689.705673564912229,0.077352646159951,0.044718464918733825,0.048694364044579094
2020-08-05,19.0,44919863.1696953944890084,0.0,0.0,278.03883492,1113.6206822878619,0.000008468151682952009,0.0992589189198607,-42.19497863562537,-5.193996987994236,452552412.0,31.0,31.0,1627659.0,161559.6727101815471013,64291.09677419,6381.464761978243008894155333,41268.0,4096.2170659848113676,1993024.0,197825.4076213364517568,0.07759200322170379,0.04731371037188433,0.04824099478068401
2020-08-06,16.0,50219739.431312017560396,0.0,0.0,566.74324057,1239.95754330827,0.000009428760444768563,0.110969996180933,-38.4776408009403,10.400733658286846,452552412.0,33.0,33.0,798514.0,88611.095530421533562,33377.27272727,3703.87582707511107728314291,19957.0,2214.628213782879881,1101450.0,122227.90229348865285,0.07804121961414215,0.051012160275475324,0.04801925323357831
2020-08-07,13.0,47951188.16875801575408,0.0,0.0,542.97710402,1158.397157443146,0.000009135053581952384,0.10595720384484,-42.53718171624945,4.9740499840382375,452552412.0,14.0,14.0,833465.0,88311.6209025395706,67452.85714286,7147.1161342028888491538424,16114.0,1707.39438275575176,944340.0,100059.6258788362056,0.0781110875122961,0.05180601171603856,0.04712317771861986
2020-08-08,8.0,46010251.315594094615268,0.0,0.0,281.13385516,1095.7131844857522,0.000008657775921201373,0.101668337402639,-44.01680166963936,4.67379905537162,452552412.0,5.0,5.0,1609740.0,163659.58945052410386,321948.0,32731.917890104820772,7893.0,802.468187119029627,1609740.0,163659.58945052410386,0.0781460751756989,0.05188499201066943,0.047287889374603036
2020-08-09,57.0,47365330.684475246213004,0.0,0.0,271.24333253,1091.0463882666375,0.000008960445658146751,0.104662641118517,-40.45946829564105,11.004854584172833,452552412.0,56.0,56.0,1668437.0,174623.022959855147929,30221.01785714,3163.01154621813748011466138,8634.0,903.657243417275778,1692377.0,177128.646588232444909,0.078165674062067,0.051774125471547604,0.04721315075516892
2020-08-10,19.0,48211474.553765633514768,0.0,0.0,596.88759106,1090.5273054291256,0.00000897464525897878,0.106532355756764,-40.64597971899448,7.747706510258191,452552412.0,16.0,16.0,758187.0,80771.447214153626868,49739.0,5298.812842985684596,10000.0,1065.32355756764,795824.0,84781.005487770953536,0.07806797904550193,0.05118336678386891,0.04614364807994621
2020-08-11,17.0,46342647.538462592314296,0.0,0.0,1480.68595098,1042.6041336854303,0.000008988504233207354,0.102402829616258,-47.977690751360285,3.281136751624129,452552412.0,17.0,17.0,305637.0,31298.093635424246346,26653.23529412,2729.36671254580454136380296,10000.0,1024.02829616258,453105.0,46399.23411327458109,0.07805731284029571,0.051754845724041404,0.04625755513425923
2020-08-12,15.0,49451531.406419358695076,0.0,0.0,318.06275618,1122.0418468755747,0.000009439970433628576,0.109272495505823,-38.10141917732348,16.357572110605755,452552412.0,26.0,26.0,1422840.0,155477.27750550519732,65797.23076923,7189.82760352628398823422629,18452.0,2016.296087073445996,1710728.0,186935.517691685569144,0.07745183991860936,0.05193410123538357,0.04690006657410401
2020-08-13,18.0,49431431.2878734169159,0.0,0.0,757.97695012,1106.723095442167,0.000009277492831908136,0.109228080498825,-33.21571157584698,17.474156469593304,452552412.0,23.0,23.0,597053.0,65214.953146064962725,34091.60869565,3723.76097894290055960761125,17948.0,1960.4255887929111,784107.0,85646.502515692174275,0.07719097750692581,0.05186816908394871,0.046895616278673835
2020-08-14,11.0,49193776.227242986683552,0.0,0.0,914.46344287,1087.0528282813018,0.000009232135870060354,0.108702936771096,-38.53023699800384,19.507533309599253,452552412.0,10.0,10.0,494883.0,53795.235458090301768,49613.3,5393.1114129054171768,40321.0,4383.011113547361816,496133.0,53931.114129054171768,0.07644452343692651,0.0516503238614878,0.04376267525002875
2020-08-15,12.0,49598747.368620872132568,0.0,0.0,1811.49218447,1137.3133581582376,0.000009235579745107536,0.109597796969914,-40.26729207414889,21.221928733111852,452552412.0,12.0,12.0,249823.0,27380.050432414825222,35542.33333333,3895.36143250330803334343362,17948.0,1967.061260016016472,426508.0,46744.337190044080312,0.07644030720896638,0.05160179392643527,0.043268967574717494
2020-08-16,18.0,47777366.415977237120016,0.0,0.0,2134.01682495,1092.7798351119477,0.00000887195641492503,0.105573111863068,-42.28611263929871,21.96838872188506,452552412.0,14.0,14.0,212066.0,22388.467540353378488,17608.71428571,1859.00676305006536494915828,8254.0,871.400465317763272,246522.0,26026.094682707249496,0.07648450661819887,0.05140862189732418,0.04351732325083494
2020-08-17,5.0,47686180.888933690131288,0.0,0.0,4866.52126504,1097.6216895826572,0.00000855583411400989,0.105371620224474,-40.02601016248767,16.828792103743652,452552412.0,3.0,3.0,92993.0,9798.823079534510682,60128.66666667,6335.85502860434022673408158,87393.0,9208.742006277456282,180386.0,19007.565085811966964,0.07641624345462625,0.05101106662855507,0.04164548070682241
2020-08-18,19.0,45624657.719126918840928,0.0,0.0,534.01287146,1029.3558429677275,0.000008406474705886684,0.100816295547944,-42.97374082689739,10.772092558218166,452552412.0,14.0,14.0,847456.0,85437.374559878430464,68286.0,6884.341557786903984,28131.0,2836.063210059212664,956004.0,96380.781809016655776,0.07624282240771593,0.051792219277665245,0.041931769801032234
2020-08-19,23.0,42518959.5433021017163188,0.0,0.0,1630.59033866,955.8941394188485,0.000008005016383027219,0.0939536690466299,-43.64974337648578,4.392710000561434,452552412.0,21.0,21.0,277539.0,26075.8073535326158161,16117.85714286,1514.331815741128220125847514,9588.0,900.8277788190874812,338475.0,31800.9681305580554025,0.07641919535765351,0.05347341993505498,0.042673879101933224
2020-08-20,16.0,44091317.2396214245780884,0.0,0.0,724.45593977,977.0577236402597,0.00000820964173030566,0.0974280902509507,-38.181648106269975,9.224799858390732,452552412.0,16.0,16.0,624679.0,60861.2819898736323253,41285.9375,4022.41004484510991578125,17948.0,1748.6393638240631636,660575.0,64358.5607175217586525,0.07646122732215815,0.05380797293712007,0.04294355476104927
2020-08-21,5.0,44698119.1780597148485044,0.0,0.0,21806.60203344,997.449687805664,0.000008570196422396087,0.0987689337032187,-37.30878153754746,6.2632589438544235,452552412.0,4.0,4.0,20753.0,2049.7516811428976811,9675.25,955.614125812066727175,10069.0,994.5043934577090903,38701.0,3822.4565032482669087,0.07630664339652238,0.053367004440033186,0.042714569240713623
2020-08-22,11.0,47425478.792886799341828,0.0,0.0,1841.23070288,1052.6934527301541,0.000008970463611330072,0.104795549720519,-37.43048452821459,7.858126701884709,452552412.0,7.0,7.0,245788.0,25757.488574706923972,35112.57142857,3679.64122495798228807182783,3565.0,373.596134753650235,245788.0,25757.488574706923972,0.07624487497404862,0.05384142846014345,0.04342770706994932
2020-08-23,62.0,47325242.708865187465932,0.0,0.0,278.72019856,1026.4813955192185,0.000008964303253735509,0.104574059167461,-36.50500579371361,7.119220343874486,452552412.0,59.0,59.0,1623680.0,169794.80838902307648,27520.0,2877.87810828852672,5000.0,522.870295837305,1623680.0,169794.80838902307648,0.07615976345148376,0.053846207831896135,0.04310473978614554
2020-08-24,15.0,45997156.124397346161696,0.0,0.0,1437.10317365,992.1541746709703,0.000008634430192309144,0.101639401105208,-38.01977575038754,0.855989070515931,452552412.0,15.0,15.0,314906.0,32006.857244436630448,34675.26666667,3524.37333716372092013701736,17948.0,1824.223971036273184,520129.0,52865.600057450731832,0.07599767541238757,0.05383185804587643,0.04325467817274567
2020-08-25,13.0,44787583.7147479299687024,0.0,0.0,8561.33961407,966.1058675220733,0.00000871303609611569,0.0989666224886852,-52.164815111065344,-2.2480497038455542,452552412.0,12.0,12.0,52860.0,5231.375664751899672,4405.0,435.947972062658306,2538.0,251.1772878762830376,52860.0,5231.375664751899672,0.07597927272664197,0.054047318984472306,0.04338820760378368
2020-08-26,11.0,46320529.200390853402332,0.0,0.0,574.74417258,983.8806999205251,0.000008922029002617577,0.102353954972161,-50.91651229555695,-11.99743065072331,452552412.0,9.0,9.0,787398.0,80593.299437169627078,87488.66666667,8954.81104857474418851657387,5900.0,603.8883343357499,787398.0,80593.299437169627078,0.07601856554345593,0.047732736435735494,0.04357232932598516
2020-08-27,13.0,50481676.383640325329116,0.0,0.0,877.92088182,1057.9292452287434,0.000009858772589129226,0.111548795332993,-42.59396972653249,1.2122591225208952,452552412.0,12.0,12.0,515482.0,57501.396115841897626,50310.75,5612.10355479937757475,28247.0,3150.918821771053271,603729.0,67345.242657592530897,0.07626831389774703,0.04952060988441059,0.04494814170482576
2020-08-28,5.0,51196943.110907020054056,0.0,0.0,1126.86511804,1065.4621420040692,0.000009813537481159566,0.113129312215238,-32.54974696729091,3.7869338853325134,452552412.0,3.0,3.0,401603.0,45433.071173576226514,133867.66666667,15144.35705785911926904071746,200000.0,22625.8624430476,401603.0,45433.071173576226514,0.07627096058391405,0.049532659926878886,0.044938372978098745
2020-08-29,5.0,51428203.69129731903654,0.0,0.0,4694.91671508,1077.6771110243787,0.000009889711639001726,0.113640326131545,-31.536586723652977,1.2562890648781329,452552412.0,3.0,3.0,96392.0,10954.01831647188564,54813.33333333,6229.00507635670779891289485,68048.0,7732.99691259937416,164440.0,18687.0152290712598,0.07612414951297744,0.049256553792926476,0.044491344509400156
