time,AdrActCnt,CapMrktCurUSD,IssTotNtv,IssTotUSD,NVTAdj,NVTAdj90,PriceBTC,PriceUSD,ROI1yr,ROI30d,SplyCur,SplyExpFut10yrCMBI,SplyFF,TxCnt,TxTfrCnt,TxTfrValAdjNtv,TxTfrValAdjUSD,TxTfrValMeanNtv,TxTfrValMeanUSD,TxTfrValMedNtv,TxTfrValMedUSD,TxTfrValNtv,TxTfrValUSD,VtyDayRet180d,VtyDayRet30d,VtyDayRet60d
2016-03-28,2.0,,1000000.0,,,,,,,,1000000.0,1000000.0,0.0,0.0,0.0,0.0,,,,,,0.0,,,,
2016-03-29,0.0,,0.0,,,,,,,,1000000.0,1000000.0,0.0,0.0,0.0,0.0,,,,,,0.0,,,,
2016-03-30,0.0,,0.0,,,,,,,,1000000.0,1000000.0,0.0,0.0,0.0,0.0,,,,,,0.0,,,,
2016-03-31,0.0,,0.0,,,,,,,,1000000.0,1000000.0,0.0,0.0,0.0,0.0,,,,,,0.0,,,,
2016-04-01,0.0,,0.0,,,,,,,,1000000.0,1000000.0,0.0,0.0,0.0,0.0,,,,,,0.0,,,,
2016-04-02,0.0,,0.0,,,,,,,,1000000.0,1000000.0,0.0,0.0,0.0,0.0,,,,,,0.0,,,,
2016-04-03,0.0,,0.0,,,,,,,,1000000.0,1000000.0,0.0,0.0,0.0,0.0,,,,,,0.0,,,,
2016-04-04,0.0,,0.0,,,,,,,,1000000.0,1000000.0,0.0,0.0,0.0,0.0,,,,,,0.0,,,,
2016-04-05,0.0,,0.0,,,,,,,,1000000.0,1000000.0,0.0,0.0,0.0,0.0,,,,,,0.0,,,,
2016-04-06,0.0,,0.0,,,,,,,,1000000.0,1000000.0,0.0,0.0,0.0,0.0,,,,,,0.0,,,,
2016-04-07,0.0,,0.0,,,,,,,,1000000.0,1000000.0,0.0,0.0,0.0,0.0,,,,,,0.0,,,,
2016-04-08,0.0,,0.0,,,,,,,,1000000.0,1000000.0,0.0,0.0,0.0,0.0,,,,,,0.0,,,,
2016-04-09,31.0,,0.0,,20.59435303,,,,,,1000000.0,1000000.0,48054.0,34.0,17.0,48557.0,,2856.29411765,,800.0,,48557.0,,,,
2016-04-10,11.0,,0.0,,999.000999,,,,,,1000000.0,1000000.0,49054.0,24.0,2.0,1001.0,,500.5,,500.5,,1001.0,,,,
2016-04-11,13.0,,0.0,,32.84252012,,,,,,1000000.0,1000000.0,79319.0,11.0,11.0,30448.333332291862,,5325.30303021,,180.0,,58578.3333322918612951,,,,
2016-04-12,8.0,,0.0,,37.00532078,,,,,,1000000.0,1000000.0,79319.0,12.0,12.0,27023.140964300004,,2251.92841369,,10.09238996,,27023.1409643,,,,
2016-04-13,6.0,,0.0,,2384.78133812,,,,,,1000000.0,1000000.0,79569.0,10.0,7.0,419.32565641,,62.26098277,,15.51172301,,435.82687942,,,,
2016-04-14,4.0,,0.0,,199.9102663,,,,,,1000000.0,1000000.0,79569.0,3.0,3.0,5002.2443495,,1667.41478317,,1.1865495,,5002.2443495,,,,
2016-04-15,6.0,,0.0,,6860.94672609,,,,,,1000000.0,1000000.0,79569.0,10.0,10.0,145.75247993078492,,14.57524799,,1.2965849328993244,,145.7524799307849211,,,,
2016-04-16,7.0,,0.0,,2802.65726597,,,,,,1000000.0,1000000.0,79903.0,9.0,9.0,356.8042415105901,,39.64491572,,1.300584369300797,,356.804241510590060573,,,,
2016-04-17,6.0,,0.0,,8558.03077998,,,,,,1000000.0,1000000.0,79903.0,9.0,9.0,116.84931098153743,,13.09436789,,2.1795213920995433,,117.849310981537435234,,,,
2016-04-18,4.0,,0.0,,285.70622799,,,,,,1000000.0,1000000.0,83403.0,3.0,2.0,3500.098709951183,,1750.04935498,,1750.0493549755915,,3500.09870995118307839,,,,
2016-04-19,0.0,,0.0,,,,,,,,1000000.0,1000000.0,83403.0,0.0,0.0,0.0,,,,,,0.0,,,,
2016-04-20,7.0,,0.0,,18887.2467424,,,,,,1000000.0,1000000.0,83403.0,4.0,4.0,52.94577942665704,,13.23644486,,15.804347980458651,,52.945779426657043591,,,,
2016-04-21,4.0,,0.0,,101188.50190471,,,,,,1000000.0,1000000.0,83403.0,4.0,4.0,9.882545755462793,,2.47063644,,0.8776204320053074,,9.882545755462793911,,,,
2016-04-22,5.0,,0.0,,249.31510732,,,,,,1000000.0,1000000.0,87403.0,6.0,3.0,4010.988386402888,,1336.9961288,,6.929718788028344,,4010.988386402887933174,,,,
2016-04-23,2.0,,0.0,,1502686207.62870975,,,,,,1000000.0,1000000.0,87403.0,1.0,1.0,0.000665474930776156,,0.00066547,,0.000665474930776156,,0.000665474930776156,,,,
2016-04-24,0.0,,0.0,,,,,,,,1000000.0,1000000.0,87403.0,0.0,0.0,0.0,,,,,,0.0,,,,
2016-04-25,6.0,,0.0,,2314.66758024,,,,,,1000000.0,1000000.0,87833.0,4.0,3.0,432.0274792522103,,144.00915975,,1.9783744156759968,,432.02747925221026876,,,,
2016-04-26,10.0,,0.0,,33832.39066276,,,,,,1000000.0,1000000.0,87833.0,28.0,28.0,29.557473782091325,,1.06740978,,0.1,,29.887473782091325321,,,,
2016-04-27,18.0,,0.0,,53.12181571,,,,,,1000000.0,1000000.0,106633.0,26.0,26.0,18824.657753981064,,724.02529823,,0.2,,18824.657753981067468759,,,,
2016-04-28,18.0,,0.0,,48.05891771,,,,,,1000000.0,1000000.0,106633.0,33.0,33.0,20807.792760671455,,630.5694776,,1.7816184562223525,,20808.792760672451671692,,,,
2016-04-29,10.0,,0.0,,736.22633314,,,,,,1000000.0,1000000.0,107983.0,10.0,10.0,1358.2779574610224,,135.89779575,,0.9896943936326468,,1358.977957461022619652,,,,
2016-04-30,14.0,,0.0,,26462.13695981,,,,,,1000000.0,1000000.0,107983.0,14.0,14.0,37.78984295632028,,2.70284593,,1.0886503197066497,,37.839842956320273135,,,,
2016-05-01,14.0,,0.0,,748.62020045,,,,,,1000000.0,1000000.0,109149.0,23.0,23.0,1335.7908314561073,,58.07786224,,0.49462902312328955,,1335.790831456107307888,,,,
2016-05-02,10.0,,0.0,,143491.08757212,,,,,,1000000.0,1000000.0,109149.0,12.0,12.0,6.969073946821673,,0.58898199,,0.09999999999999999,,7.067783898004752436,,,,
2016-05-03,13.0,,0.0,,384.11526085,,,,,,1000000.0,1000000.0,110149.0,53.0,53.0,2603.38523855556,,49.1204762,,24.0,,2603.38523855555968043,,,,
2016-05-04,29.0,,0.0,,261.79831189,,,,,,1000000.0,1000000.0,110649.0,88.0,88.0,3819.734332110665,,43.73942072,,0.0699781304131159,,3849.069023770540164446,,,,
2016-05-05,13.0,,0.0,,1223.6625429,,,,,,1000000.0,1000000.0,110649.0,33.0,33.0,817.2187714682075,,24.7672355,,0.03920078517701371,,817.31877146820743621,,,,
2016-05-06,6.0,,0.0,,31687.59336668,,,,,,1000000.0,1000000.0,110649.0,4.0,4.0,31.558092418955084,,7.8895231,,8.0,,31.558092418955082927,,,,
2016-05-07,11.0,,0.0,,136.30969164,,,,,,1000000.0,1000000.0,117649.0,15.0,15.0,7336.235508801144,,489.08236725,,2.2879432624113476,,7336.235508801143418689,,,,
2016-05-08,9.0,,0.0,,19062.10683768,,,,,,1000000.0,1000000.0,117649.0,17.0,17.0,52.46009837817095,,5.52177049,,0.4,,93.870098378170951881,,,,
2016-05-09,11.0,,0.0,,835.89659613,,,,,,1000000.0,1000000.0,117649.0,12.0,12.0,1196.3202202684251,,99.69335169,,4.16320367612654,,1196.320220268425250219,,,,
2016-05-10,15.0,,0.0,,273.48614596,,,,,,1000000.0,1000000.0,117649.0,21.0,21.0,3656.49234800757,,206.37927134,,21.895476666666667,,4333.964698116103367524,,,,
2016-05-11,9.0,,0.0,,2947.23656601,,,,,,1000000.0,1000000.0,117949.0,8.0,8.0,339.30089343140645,,42.41261168,,2.989800288744422,,339.300893431406464769,,,,
2016-05-12,12.0,,0.0,,1307.87841719,,,,,,1000000.0,1000000.0,117949.0,12.0,12.0,764.5970656418114,,63.71642214,,7.02576112412178,,764.597065641811432089,,,,
2016-05-13,10.0,,0.0,,213.51660237,,,,,,1000000.0,1000000.0,117949.0,15.0,15.0,4683.476548984243,,312.23176993,,45.53961411860847,,4683.4765489842428598,,,,
2016-05-14,10.0,,0.0,,3174.68379171,,,,,,1000000.0,1000000.0,117949.0,11.0,10.0,314.99200097075595,,31.4992001,,6.94,,314.992000970755976216,,,,
2016-05-15,6.0,,0.0,,28398.09025655,,,,,,1000000.0,1000000.0,117949.0,5.0,5.0,35.21363552850895,,7.04272711,,5.338158073502189,,35.213635528508952403,,,,
2016-05-16,8.0,,0.0,,3837.90077356,,,,,,1000000.0,1000000.0,117949.0,9.0,9.0,260.5591074397674,,29.52493297,,5.165289256198347,,265.724396695965711233,,,,
2016-05-17,18.0,,0.0,,199.25762912,,,,,,1000000.0,1000000.0,117949.0,25.0,25.0,5018.628417909456,,200.74513672,,69.88365444083456,,5018.628417909455294783,,,,
2016-05-18,11.0,,0.0,,230.93606872,,,,,,1000000.0,1000000.0,117949.0,11.0,11.0,4330.202750609111,,393.65479551,,118.7942608076041,,4330.202750609110668945,,,,
2016-05-19,4.0,,0.0,,69240.22476748,,,,,,1000000.0,1000000.0,117949.0,3.0,3.0,14.44247189199788,,4.8141573,,5.127546813672127,,14.442471891997876977,,,,
2016-05-20,13.0,,0.0,,27.62278327,,,,,,1000000.0,1000000.0,141949.0,16.0,15.0,36202.0,,2413.46666667,,700.0,,36202.0,,,,
2016-05-21,2.0,,0.0,,10000.0,,,,,,1000000.0,1000000.0,141949.0,1.0,1.0,100.0,,100.0,,100.0,,100.0,,,,
2016-05-22,7.0,,0.0,,7912.58807453,,,,,,1000000.0,1000000.0,141949.0,7.0,7.0,126.3808997233898,,18.05441425,,10.0,,126.380899723389806714,,,,
2016-05-23,7.0,,0.0,,3402.99563915,,,,,,1000000.0,1000000.0,141949.0,7.0,6.0,293.85873684210526,,49.50057895,,3.0855263157894735,,297.00347368421052588,,,,
2016-05-24,10.0,,0.0,,6287.58249763,,,,,,1000000.0,1000000.0,141949.0,9.0,9.0,159.0436388511775,,17.67151543,,1.0,,159.043638851177501622,,,,
2016-05-25,7.0,,0.0,,917.41435937,,,,,,1000000.0,1000000.0,141949.0,8.0,8.0,1090.02,,136.2525,,200.0,,1090.02,,,,
2016-05-26,3.0,,0.0,,10000.0,,,,,,1000000.0,1000000.0,141949.0,4.0,4.0,100.0,,25.0,,25.0,,100.0,,,,
2016-05-27,2.0,,0.0,,200000.0,,,,,,1000000.0,1000000.0,141949.0,1.0,1.0,5.0,,5.0,,5.0,,5.0,,,,
2016-05-28,4.0,,0.0,,195378.56018948,,,,,,1000000.0,1000000.0,141949.0,2.0,2.0,5.118268857290078,,2.55913443,,2.559134428645039,,5.118268857290077568,,,,
2016-05-29,14.0,,0.0,,25.26419719,,,,,,1000000.0,1000000.0,161949.0,15.0,15.0,39581.70499769084,,2705.44699985,,80.0,,40581.704997690839670897,,,,
2016-05-30,3.0,,0.0,,442477.87610619,,,,,,1000000.0,1000000.0,161949.0,2.0,2.0,2.26,,2.26,,2.26,,4.52,,,,
2016-05-31,11.0,,0.0,,123.28863583,,,,,,1000000.0,1000000.0,161949.0,7.0,7.0,8111.047650624755,,1159.44882312,,5.094111203453282,,8116.141761828208582731,,,,
2016-06-01,6.0,,0.0,,24851.21065532,,,,,,1000000.0,1000000.0,161949.0,3.0,3.0,40.239488283672834,,13.41316276,,4.0,,40.239488283672837202,,,,
2016-06-02,4.0,,0.0,,3499.88100405,,,,,,1000000.0,1000000.0,161949.0,3.0,3.0,285.724,,95.24133333,,0.1,,285.724,,,,
2016-06-03,2.0,,0.0,,917853.10132895,,,,,,1000000.0,1000000.0,161949.0,1.0,1.0,1.0894989607292345,,1.08949896,,1.0894989607292345,,1.089498960729234445,,,,
2016-06-04,5.0,,0.0,,4048.58299595,,,,,,1000000.0,1000000.0,161949.0,4.0,4.0,247.0,,61.75,,37.5,,247.0,,,,
2016-06-05,9.0,,0.0,,928.70661581,,,,,,1000000.0,1000000.0,162999.0,6.0,6.0,1076.7663145445301,,179.46105242,,1.23771746515816,,1076.766314544530024214,,,,
2016-06-06,5.0,,0.0,,32079.21854542,,,,,,1000000.0,1000000.0,162999.0,3.0,3.0,31.17282918174111,,10.39094306,,0.75,,31.172829181741110164,,,,
2016-06-07,7.0,,0.0,,6178.14009251,,,,,,1000000.0,1000000.0,162999.0,10.0,10.0,161.8610107615188,,16.2012811,,1.2531328320802004,,162.012811012430625968,,,,
2016-06-08,2.0,,0.0,,2212.38938053,,,,,,1000000.0,1000000.0,162999.0,5.0,5.0,452.0,,90.4,,150.0,,452.0,,,,
2016-06-09,17.0,,0.0,,1242.07446684,,,,,,1000000.0,1000000.0,162999.0,21.0,21.0,805.1047072443088,,38.33831939,,12.5,,805.104707244308807927,,,,
2016-06-10,19.0,,0.0,,109.40305762,,,,,,1000000.0,1000000.0,163289.0,23.0,23.0,9140.5123560771,,397.45705896,,47.98509,,9141.512356077101471891,,,,
2016-06-11,10.0,,0.0,,529.68577989,,,,,,1000000.0,1000000.0,163289.0,13.0,13.0,1887.9117355340559,,145.22397966,,80.0,,1887.911735534055879264,,,,
2016-06-12,7.0,,0.0,,4058.98896186,,,,,,1000000.0,1000000.0,163289.0,10.0,10.0,246.36677,,25.846677,,1.05,,258.46677,,,,
2016-06-13,11.0,,0.0,,3154.63768471,,,,,,1000000.0,1000000.0,163289.0,8.0,8.0,316.9936138294539,,39.75545173,,1.384502515266101,,318.043613829453974153,,,,
2016-06-14,7.0,,0.0,,373.80288039,,,,,,1000000.0,1000000.0,163289.0,5.0,5.0,2675.20678,,535.041356,,150.0,,2675.20678,,,,
2016-06-15,5.0,,0.0,,449.91791679,,,,,,1000000.0,1000000.0,163289.0,4.0,3.0,2222.627645378,,740.87588179,,0.9894153780001589,,2222.627645378000158935,,,,
2016-06-16,7.0,,0.0,,284.08212111,,,,,,1000000.0,1000000.0,163289.0,8.0,8.0,3520.10889,,440.01361125,,25.0,,3520.10889,,,,
2016-06-17,7.0,,0.0,,3826.25214405,,,,,,1000000.0,1000000.0,163289.0,10.0,10.0,261.3523527339941,,26.13523527,,25.0,,261.352352733994117669,,,,
2016-06-18,0.0,,0.0,,,,,,,,1000000.0,1000000.0,163289.0,0.0,0.0,0.0,,,,,,0.0,,,,
2016-06-19,7.0,,0.0,,1114.21987121,,,,,,1000000.0,1000000.0,163289.0,5.0,5.0,897.48893,,179.497786,,112.34576,,897.48893,,,,
2016-06-20,6.0,,0.0,,32.7296913,,,,,,1000000.0,1000000.0,192889.0,5.0,4.0,30553.29764,,7638.32441,,744.295405,,30553.29764,,,,
2016-06-21,0.0,,0.0,,,,,,,,1000000.0,1000000.0,192889.0,0.0,0.0,0.0,,,,,,0.0,,,,
2016-06-22,4.0,,0.0,,480686.5876537,,,,,,1000000.0,1000000.0,192889.0,3.0,3.0,2.0803576086471365,,0.92678587,,0.35,,2.780357608647136515,,,,
2016-06-23,7.0,,0.0,,1007.79999405,,,,,,1000000.0,1000000.0,192889.0,5.0,5.0,992.260374976729,,198.452075,,100.0,,992.260374976729098119,,,,
2016-06-24,5.0,,0.0,,872095.48281363,,,,,,1000000.0,1000000.0,192889.0,3.0,3.0,1.1466634327398624,,0.71555448,,1.0,,2.146663432739862313,,,,
2016-06-25,2.0,,0.0,,4444.44444444,,,,,,1000000.0,1000000.0,192889.0,6.0,6.0,225.0,,37.5,,5.0,,225.0,,,,
2016-06-26,12.0,,0.0,,2332.57807922,,,,,,1000000.0,1000000.0,193247.0,9.0,9.0,428.71019363089687,,48.19002151,,5.0,,433.71019363089685509,,,,
2016-06-27,10.0,,0.0,,481.34901698,,,,,,1000000.0,1000000.0,193247.0,10.0,10.0,2077.4946342894564,,207.74946343,,9.0,,2077.494634289456593848,,,,
2016-06-28,4.0,,0.0,,222222.22222222,,,,,,1000000.0,1000000.0,193247.0,3.0,3.0,4.5,,1.5,,1.0,,4.5,,,,
2016-06-29,11.0,,0.0,,5814.54559842,,,,,,1000000.0,1000000.0,193247.0,8.0,8.0,171.9824848,,33.9978106,,19.3880824,,271.9824848,,,,
2016-06-30,4.0,,0.0,,9870.28805972,,,,,,1000000.0,1000000.0,193247.0,2.0,2.0,101.3141657010573,,50.65708285,,50.65708285052865,,101.314165701057300958,,,,
2016-07-01,4.0,,0.0,,48717.96245891,,,,,,1000000.0,1000000.0,193247.0,6.0,6.0,20.526310000000002,,3.42105167,,2.5,,20.52631,,,,
2016-07-02,2.0,,0.0,,55555.55555556,,,,,,1000000.0,1000000.0,193247.0,2.0,2.0,18.0,,9.0,,9.0,,18.0,,,,
2016-07-03,11.0,,0.0,,31440.60750908,,,,,,1000000.0,1000000.0,193247.0,10.0,10.0,31.806001194834273,,4.78060012,,4.0,,47.806001194834273271,,,,
2016-07-04,4.0,,0.0,,774534.66016256,,,,,,1000000.0,1000000.0,193247.0,3.0,3.0,1.29109780547473,,0.7025426,,0.81653,,2.107627805474729996,,,,
2016-07-05,8.0,,0.0,,762.31048533,,,,,,1000000.0,1000000.0,193247.0,13.0,13.0,1311.80145,,100.90780385,,10.0,,1311.80145,,,,
2016-07-06,12.0,,0.0,,12221.44806823,,,,,,1000000.0,1000000.0,193247.0,15.0,13.0,81.82336449965256,,6.29410496,,4.949524170875411,,81.823364499652547068,,,,
2016-07-07,8.0,,0.0,,7941.14420132,,,,,,1000000.0,1000000.0,193247.0,14.0,14.0,125.92643763277574,,8.99474554,,10.0,,125.926437632775744262,,,,
2016-07-08,10.0,,0.0,,10458.69137049,,,,,,1000000.0,1000000.0,193247.0,9.0,9.0,95.61425656190359,,10.62380628,,5.0,,95.61425656190359517,,,,
2016-07-09,2.0,,0.0,,123456.79012346,,,,,,1000000.0,1000000.0,193247.0,1.0,1.0,8.1,,8.1,,8.1,,8.1,,,,
2016-07-10,6.0,,0.0,,6618.63903864,,,,,,1000000.0,1000000.0,193247.0,3.0,3.0,151.08846307564465,,50.36282103,,0.99,,151.088463075644641748,,,,
2016-07-11,9.0,,0.0,,52.29863564,,,,,,1000000.0,1000000.0,211247.0,8.0,7.0,19120.95770462364,,2731.56538637,,1.0,,19120.957704623640740729,,,,
2016-07-12,6.0,,0.0,,27937.77304442,,,,,,1000000.0,1000000.0,211247.0,5.0,3.0,35.79383361766155,,11.93127787,,5.568151187628649,,35.793833617661545664,,,,
2016-07-13,2.0,,0.0,,144306.01649302,,,,,,1000000.0,1000000.0,211247.0,1.0,1.0,6.929718,,6.929718,,6.929718,,6.929718,,,,
2016-07-14,7.0,,0.0,,63918.64305183,,,,,,1000000.0,1000000.0,211247.0,6.0,6.0,15.644887817613556,,2.60914797,,0.3175434088067787,,15.654887817613557438,,,,
2016-07-15,5.0,,0.0,,3255.49686764,,,,,,1000000.0,1000000.0,211247.0,3.0,3.0,307.1727729,,102.3909243,,6.929718,,307.1727729,,,,
2016-07-16,9.0,,0.0,,2385.48933587,,,,,,1000000.0,1000000.0,211247.0,18.0,17.0,419.20120327700903,,24.65889431,,10.0,,419.201203277009061955,,,,
2016-07-17,0.0,,0.0,,,,,,,,1000000.0,1000000.0,211247.0,0.0,0.0,0.0,,,,,,0.0,,,,
2016-07-18,5.0,,0.0,,66650.69009181,,,,,,1000000.0,1000000.0,211247.0,3.0,3.0,15.003595591021611,,5.00119853,,5.0,,15.003595591021611463,,,,
2016-07-19,0.0,,0.0,,,,,,,,1000000.0,1000000.0,211247.0,0.0,0.0,0.0,,,,,,0.0,,,,
2016-07-20,2.0,,0.0,,21972.14503286,,,,,,1000000.0,1000000.0,211247.0,1.0,1.0,45.51217,,45.51217,,45.51217,,45.51217,,,,
2016-07-21,5.0,,0.0,,69028.76571889,,,,,,1000000.0,1000000.0,211247.0,4.0,4.0,14.486714192056176,,3.62167855,,1.3668134614556195,,14.48671419205617574,,,,
2016-07-22,6.0,,0.0,,89078.80490094,,,,,,1000000.0,1000000.0,211247.0,4.0,4.0,11.226015,,2.80650375,,3.0,,11.226015,,,,
2016-07-23,8.0,,0.0,,13690.27769286,,,,,,1000000.0,1000000.0,211247.0,5.0,5.0,73.04453733044417,,14.60890747,,1.0,,73.044537330444182322,,,,
2016-07-24,14.0,,0.0,,662.66899425,,,,,,1000000.0,1000000.0,211547.0,13.0,10.0,1509.049025502305,,150.90490255,,95.12781,,1509.049025502305005051,,,,
2016-07-25,0.0,,0.0,,,,,,,,1000000.0,1000000.0,211547.0,0.0,0.0,0.0,,,,,,0.0,,,,
2016-07-26,13.0,,0.0,,6637.03215047,,,,,,1000000.0,1000000.0,211547.0,26.0,26.0,150.66975378893116,,6.5642213,,5.0,,170.669753788931173978,,,,
2016-07-27,12.0,,0.0,,2184.64343072,,,,,,1000000.0,1000000.0,211547.0,24.0,24.0,457.74060239627323,,19.7550251,,10.0,,474.120602396273243978,,,,
2016-07-28,20.0,,0.0,,992.74579293,,,,,,1000000.0,1000000.0,211547.0,29.0,29.0,1007.3072151198625,,34.80369707,,10.0,,1009.307215119862485023,,,,
2016-07-29,16.0,,0.0,,754.54588412,,,,,,1000000.0,1000000.0,211547.0,18.0,18.0,1325.3004503062575,,101.40558057,,18.0,,1825.300450306257533483,,,,
2016-07-30,18.0,,0.0,,138.66021395,,,,,,1000000.0,1000000.0,211547.0,19.0,19.0,7211.874058789033,,379.57231888,,33.33331111112592,,7211.874058789034112129,,,,
2016-07-31,24.0,,0.0,,192.47971264,,,,,,1000000.0,1000000.0,211547.0,32.0,32.0,5195.352727341232,,202.82352273,,10.0,,6490.352727341232383735,,,,
2016-08-01,10.0,,0.0,,2427.19045972,,,,,,1000000.0,1000000.0,211547.0,10.0,10.0,411.99898260734443,,41.19989826,,38.0,,411.998982607344417106,,,,
2016-08-02,16.0,,0.0,,549.53578026,,,,,,1000000.0,1000000.0,211547.0,27.0,27.0,1819.7177252578526,,108.55333672,,36.0,,2930.940091353090775113,,,,
2016-08-03,8.0,,0.0,,408.43752673,,,,,,1000000.0,1000000.0,211547.0,21.0,21.0,2448.354851220118,,124.30261196,,100.0,,2610.35485122011714137,,,,
2016-08-04,21.0,,0.0,,224.67367737,,,,,,1000000.0,1000000.0,211547.0,35.0,35.0,4450.899685648123,,127.16856245,,12.5,,4450.899685648124150268,,,,
2016-08-05,20.0,,0.0,,51.62232133,,,,,,1000000.0,1000000.0,211547.0,46.0,46.0,19371.465177168844,,421.27698892,,80.89557444455666,,19378.741490367948298505,,,,
2016-08-06,19.0,,0.0,,195.10300472,,,,,,1000000.0,1000000.0,211547.0,34.0,34.0,5125.497690107051,,151.51463794,,35.13517857142857,,5151.497690107050572164,,,,
2016-08-07,19.0,,0.0,,471.09248003,,,,,,1000000.0,1000000.0,211547.0,37.0,37.0,2122.725457103626,,57.60669384,,10.46865,,2131.447672032233789467,,,,
2016-08-08,26.0,,0.0,,167.69246176,,,,,,1000000.0,1000000.0,211547.0,42.0,42.0,5963.29727340419,,143.53088746,,50.40329431438127,,6028.297273404190194907,,,,
2016-08-09,23.0,,0.0,,868.87484571,,,,,,1000000.0,1000000.0,211547.0,18.0,17.0,1150.9137419959293,,67.70080835,,9.538156,,1150.913741995929287137,,,,
2016-08-10,11.0,,0.0,,335.71933778,,,,,,1000000.0,1000000.0,211547.0,14.0,14.0,2978.6785789992587,,255.6198985,,96.0,,3578.678578999258645501,,,,
2016-08-11,10.0,,0.0,,2987.16356034,,,,,,1000000.0,1000000.0,211547.0,10.0,10.0,334.7657333788038,,33.47657334,,30.66257333648638,,334.765733378803802811,,,,
2016-08-12,24.0,,0.0,,132.92256153,,,,,,1000000.0,1000000.0,211547.0,45.0,45.0,7523.1773181253075,,177.21134781,,42.0,,7974.510651458640064943,,,,
2016-08-13,13.0,,0.0,,1215.0697816,,,,,,1000000.0,1000000.0,211547.0,21.0,20.0,822.9979999057963,,41.1499,,5.259886193956556,,822.997999905796405607,,,,
2016-08-14,10.0,,0.0,,20593.08556318,,,,,,1000000.0,1000000.0,211547.0,11.0,10.0,48.5599885909191,,6.15599886,,5.472593299328749,,61.559988590919096375,,,,
2016-08-15,6.0,,0.0,,1305.107112,,,,,,1000000.0,1000000.0,211547.0,9.0,9.0,766.2206349239569,,95.10895944,,76.63333114346467,,855.980634923956860726,,,,
2016-08-16,5.0,,0.0,,9804.31277032,,,,,,1000000.0,1000000.0,211547.0,3.0,3.0,101.9959301,,33.99864337,,1.0,,101.9959301,,,,
2016-08-17,21.0,,0.0,,233.85311353,,,,,,1000000.0,1000000.0,211547.0,26.0,26.0,4276.188522410852,,164.46878932,,43.8695,,4276.188522410851882972,,,,
2016-08-18,3.0,,0.0,,35714.28571429,,,,,,1000000.0,1000000.0,211547.0,2.0,2.0,28.0,,14.0,,14.0,,28.0,,,,
2016-08-19,16.0,,0.0,,200.79751484,,,,,,1000000.0,1000000.0,211547.0,30.0,30.0,4980.141316865747,,166.47137723,,24.0,,4994.141316865747032249,,,,
2016-08-20,4.0,,0.0,,598000.0,,,,,,1000000.0,1000000.0,211547.0,5.0,5.0,1.6722408026755853,,205.93444816,,14.0,,1029.672240802675585284,,,,
2016-08-21,10.0,,0.0,,354.01413083,,,,,,1000000.0,1000000.0,211547.0,14.0,14.0,2824.746,,202.76757143,,82.0,,2838.746,,,,
2016-08-22,21.0,,0.0,,312.30887972,,,,,,1000000.0,1000000.0,211547.0,22.0,22.0,3201.9582693181787,,145.5435577,,33.93727975323383,,3201.958269318178725328,,,,
2016-08-23,14.0,,0.0,,558.46594821,,,,,,1000000.0,1000000.0,211547.0,12.0,12.0,1790.619469634914,,149.21828914,,19.899634483008825,,1790.619469634913972934,,,,
2016-08-24,11.0,,0.0,,64.1820577,,,,,,1000000.0,1000000.0,226547.0,10.0,10.0,15580.678398990127,,3090.48959937,,124.31839712058805,,30904.89599373907661012,,,,
2016-08-25,4.0,,0.0,,60275.42177389,,,,,,1000000.0,1000000.0,226547.0,6.0,6.0,16.590510204163266,,2.76508503,,2.242857142857143,,16.590510204163265305,,,,
2016-08-26,13.0,,0.0,,221.69728656,,,,,,1000000.0,1000000.0,226547.0,22.0,21.0,4510.655116755084,,214.7931008,,128.16326530612244,,4510.655116755084383598,,,,
2016-08-27,5.0,,0.0,,3552.04226055,,,,,,1000000.0,1000000.0,226547.0,10.0,10.0,281.528182,,164.8528182,,100.0,,1648.528182,,,,
2016-08-28,20.0,,0.0,,370.20996475,,,,,,1000000.0,1000000.0,226547.0,23.0,23.0,2701.169863634973,,161.63511485,,19.0270535,,3717.607641634973119637,,,,
2016-08-29,6.0,,0.0,,4218.84342299,,,,,,1000000.0,1000000.0,226547.0,7.0,7.0,237.03178803703705,,33.86168401,,10.775862,,237.031788037037037037,,,,
2016-08-30,11.0,,0.0,,1721.87658708,,,,,,1000000.0,1000000.0,226547.0,12.0,12.0,580.7617151564938,,79.56347626,,17.849634483008828,,954.761715156493842339,,,,
2016-08-31,13.0,,0.0,,6473.57162434,,,,,,1000000.0,1000000.0,226547.0,12.0,12.0,154.4742312328021,,38.20618594,,3.68,,458.474231232802126857,,,,
2016-09-01,4.0,,0.0,,2346037.38645179,,,,,,1000000.0,1000000.0,226547.0,2.0,2.0,0.42625066666666667,,0.21312534,,0.21312533333333333,,0.426250666666666667,,,,
2016-09-02,12.0,,0.0,,509.22191388,,,,,,1000000.0,1000000.0,226547.0,13.0,13.0,1963.7803730407525,,151.0600287,,58.581,,1963.780373040752351097,,,,
2016-09-03,2.0,,0.0,,138056.50404209,,,,,,1000000.0,1000000.0,226547.0,1.0,1.0,7.243411,,7.243411,,7.243411,,7.243411,,,,
2016-09-04,3.0,,0.0,,869.56521739,,,,,,1000000.0,1000000.0,226547.0,3.0,3.0,1150.0,,383.33333333,,500.0,,1150.0,,,,
2016-09-05,9.0,,0.0,,3547.35721887,,,,,,1000000.0,1000000.0,226547.0,8.0,8.0,281.9,,35.2375,,18.3,,281.9,,,,
2016-09-06,14.0,,0.0,,21229.61839651,,,,,,1000000.0,1000000.0,226547.0,8.0,8.0,47.10400259312256,,5.88800032,,4.49203187250996,,47.104002593122564946,,,,
2016-09-07,2.0,,0.0,,69028.25202104,,,,,,1000000.0,1000000.0,226547.0,2.0,2.0,14.486822,,7.243411,,7.243411,,14.486822,,,,
2016-09-08,5.0,,0.0,,1127.45795386,,,,,,1000000.0,1000000.0,226547.0,6.0,6.0,886.9510358018833,,147.82517263,,175.9322033898305,,886.951035801883239171,,,,
2016-09-09,15.0,,0.0,,18.21719647,,,,,,1000000.0,1000000.0,261547.0,23.0,23.0,54893.188501526885,,2393.39993485,,7.243411,,55048.198501526877355372,,,,
2016-09-10,10.0,,0.0,,345.7623368,,,,,,1000000.0,1000000.0,261547.0,14.0,14.0,2892.16,,225.86857143,,90.0,,3162.16,,,,
2016-09-11,15.0,,0.0,,51.31210937,,,,,,1000000.0,1000000.0,261547.0,18.0,18.0,19488.577108775542,,1082.69872827,,265.0,,19488.577108775543559114,,,,
2016-09-12,24.0,,0.0,,98.27408517,,,,,,1000000.0,1000000.0,261547.0,33.0,33.0,10175.622579248846,,308.35219937,,95.99,,10175.622579248844884292,,,,
2016-09-13,19.0,,0.0,,98.93173478,,,,,,1000000.0,1000000.0,261547.0,29.0,29.0,10107.980034833136,,358.89586327,,150.0,,10407.980034833136124513,,,,
2016-09-14,15.0,,0.0,,86.20309364,,,,,,1000000.0,1000000.0,261547.0,28.0,28.0,11600.511743030615,,425.01827654,,352.5,,11900.511743030614696119,,,,
2016-09-15,2.0,,0.0,,918273.64554637,,,,,,1000000.0,1000000.0,261547.0,1.0,1.0,1.089,,1.089,,1.089,,1.089,,,,
2016-09-16,10.0,,0.0,,226.41051781,,,,,,1000000.0,1000000.0,261547.0,18.0,18.0,4416.755942652867,,245.37533015,,150.0,,4416.755942652866802929,,,,
2016-09-17,7.0,,0.0,,725.62611346,,,,,,1000000.0,1000000.0,261547.0,6.0,6.0,1378.1201936503799,,229.68669894,,183.56009682518996,,1378.120193650379905173,,,,
2016-09-18,4.0,,0.0,,1012125.26062225,,,,,,1000000.0,1000000.0,261547.0,3.0,3.0,0.98802,,100.32934,,150.0,,300.98802,,,,
2016-09-19,0.0,,0.0,,,,,,,,1000000.0,1000000.0,261547.0,0.0,0.0,0.0,,,,,,0.0,,,,
2016-09-20,0.0,,0.0,,,,,,,,1000000.0,1000000.0,261547.0,0.0,0.0,0.0,,,,,,0.0,,,,
2016-09-21,10.0,,0.0,,635.32401525,,,,,,1000000.0,1000000.0,261547.0,10.0,10.0,1574.0000000007667,,157.4,,100.0,,1574.000000000766823161,,,,
2016-09-22,4.0,,0.0,,11910.48735453,,,,,,1000000.0,1000000.0,261547.0,2.0,2.0,83.95962064642184,,41.97981032,,41.97981032321092,,83.959620646421844758,,,,
2016-09-23,0.0,,0.0,,,,,,,,1000000.0,1000000.0,261547.0,0.0,0.0,0.0,,,,,,0.0,,,,
2016-09-24,6.0,,0.0,,1438.33119062,,,,,,1000000.0,1000000.0,261547.0,5.0,5.0,695.2501666658999,,139.05003333,,66.66666666666667,,695.250166665899843505,,,,
2016-09-25,5.0,,0.0,,18060.41074617,,,,,,1000000.0,1000000.0,261547.0,3.0,3.0,55.36972630657412,,18.45657544,,24.6312,,55.369726306574123857,,,,
2016-09-26,2.0,,0.0,,2000.0,,,,,,1000000.0,1000000.0,261547.0,1.0,1.0,500.0,,500.0,,500.0,,500.0,,,,
2016-09-27,6.0,,0.0,,4325.25951557,,,,,,1000000.0,1000000.0,261547.0,6.0,6.0,231.2,,38.53333333,,10.0,,231.2,,,,
2016-09-28,5.0,,0.0,,4761.9047619,,,,,,1000000.0,1000000.0,261547.0,5.0,5.0,210.0,,74.0,,80.0,,370.0,,,,
2016-09-29,14.0,,0.0,,109.11520599,,,,,,1000000.0,1000000.0,261547.0,29.0,29.0,9164.625507047474,,316.02156921,,150.0,,9164.625507047473797365,,,,
2016-09-30,7.0,,0.0,,108.50706218,,,,,,1000000.0,1000000.0,261547.0,19.0,19.0,9215.99,,579.78894737,,500.0,,11015.99,,,,
2016-10-01,7.0,,0.0,,667.79713235,,,,,,1000000.0,1000000.0,261547.0,6.0,6.0,1497.460758,,249.576793,,185.941379,,1497.460758,,,,
2016-10-02,2.0,,0.0,,100300902.70812437,,,,,,1000000.0,1000000.0,261547.0,1.0,1.0,0.00997,,0.00997,,0.00997,,0.00997,,,,
2016-10-03,5.0,,0.0,,1383.58368435,,,,,,1000000.0,1000000.0,261547.0,36.0,36.0,722.7607634515897,,20.07668787,,5.0,,722.760763451589645316,,,,
2016-10-04,17.0,,0.0,,160.94083869,,,,,,1000000.0,1000000.0,261547.0,34.0,34.0,6213.463333266667,,182.74892157,,20.0,,6213.463333266666666667,,,,
2016-10-05,8.0,,0.0,,284.35811624,,,,,,1000000.0,1000000.0,261547.0,18.0,18.0,3516.692307692308,,226.52564103,,190.0,,4077.461538461538461535,,,,
2016-10-06,16.0,,0.0,,263.78019264,,,,,,1000000.0,1000000.0,261547.0,33.0,31.0,3791.0352175911735,,122.71726508,,20.005,,3804.235217591173766472,,,,
2016-10-07,11.0,,0.0,,1.73999543,,,,,,1000000.0,1000000.0,261547.0,20.0,20.0,574714.1538461539,,28740.70769231,,50.0,,574814.153846153846153846,,,,
2016-10-08,11.0,,0.0,,499.41540141,,,,,,1000000.0,1000000.0,261547.0,21.0,21.0,2002.3411316239315,,95.39719674,,100.0,,2003.341131623931423931,,,,
2016-10-09,5.0,,0.0,,3098.00859987,,,,,,1000000.0,1000000.0,261547.0,6.0,6.0,322.78800002076923,,84.15853846,,75.69700001038461,,504.95123079,,,,
2016-10-10,8.0,,0.0,,8567.5545509,,,,,,1000000.0,1000000.0,261547.0,8.0,8.0,116.71942023346303,,17.08992753,,20.0,,136.719420233463035019,,,,
2016-10-11,11.0,,0.0,,157.30690577,,,,,,1000000.0,1000000.0,267477.0,9.0,9.0,6357.0,,706.33333333,,25.0,,6357.0,,,,
2016-10-12,14.0,,0.0,,122.09408907,,,,,,1000000.0,1000000.0,267477.0,11.0,11.0,8190.4046921,,744.58224474,,300.0,,8190.4046921,,,,
2016-10-13,2.0,,0.0,,58064.51612903,,,,,,1000000.0,1000000.0,267477.0,1.0,1.0,17.22222222222222,,17.22222222,,17.22222222222222,,17.222222222222222222,,,,
2016-10-14,3.0,,0.0,,4744.95848161,,,,,,1000000.0,1000000.0,267477.0,3.0,3.0,210.75,,70.25,,10.0,,210.75,,,,
2016-10-15,2.0,,0.0,,229506.89191142,,,,,,1000000.0,1000000.0,267477.0,1.0,1.0,4.3571676287,,4.35716763,,4.3571676287,,4.3571676287,,,,
2016-10-16,0.0,,0.0,,,,,,,,1000000.0,1000000.0,267477.0,0.0,0.0,0.0,,,,,,0.0,,,,
2016-10-17,0.0,,0.0,,,,,,,,1000000.0,1000000.0,267477.0,0.0,0.0,0.0,,,,,,0.0,,,,
2016-10-18,5.0,,0.0,,1222.94239941,,,,,,1000000.0,1000000.0,267477.0,9.0,9.0,817.7,,90.85555556,,50.0,,817.7,,,,
2016-10-19,8.0,,0.0,,239.3489708,,,,,,1000000.0,1000000.0,270477.0,19.0,19.0,4178.0,,219.89473684,,50.0,,4178.0,,,,
2016-10-20,2.0,,0.0,,1333333.33333333,,,,,,1000000.0,1000000.0,270477.0,1.0,1.0,0.75,,0.75,,0.75,,0.75,,,,
2016-10-21,16.0,,0.0,,296.08915084,,,,,,1000000.0,1000000.0,270477.0,33.0,33.0,3377.361166945522,,105.37458082,,20.0,,3477.361166945522056608,,,,
2016-10-22,18.0,,0.0,,98.03825314,,,,,,1000000.0,1000000.0,277877.0,23.0,23.0,10200.100144456483,,459.96522367,,44.1,,10579.200144456482484649,,,,
2016-10-23,12.0,,0.0,,584.79127213,,,,,,1000000.0,1000000.0,277877.0,34.0,34.0,1710.0118412585357,,50.29446592,,22.66,,1710.011841258535728373,,,,
2016-10-24,9.0,,0.0,,765.78012047,,,,,,1000000.0,1000000.0,278927.0,15.0,12.0,1305.857873906987,,108.82148949,,30.48,,1305.857873906986825442,,,,
2016-10-25,22.0,,0.0,,500.62641241,,,,,,1000000.0,1000000.0,278927.0,24.0,24.0,1997.4974855600835,,83.2290619,,28.73888675420349,,1997.497485560083355809,,,,
2016-10-26,8.0,,0.0,,1511.84248639,,,,,,1000000.0,1000000.0,278927.0,9.0,8.0,661.4445678054747,,83.93057098,,4.5,,671.444567805474729996,,,,
2016-10-27,9.0,,0.0,,13864.32412709,,,,,,1000000.0,1000000.0,278927.0,8.0,8.0,72.12756935235235,,9.01594617,,9.186046511627907,,72.127569352352345006,,,,
2016-10-28,9.0,,0.0,,695.4096246,,,,,,1000000.0,1000000.0,278927.0,8.0,8.0,1438.001380224719,,179.75017253,,89.72191011235955,,1438.001380224719101123,,,,
2016-10-29,2.0,,0.0,,266.66666667,,,,,,1000000.0,1000000.0,278927.0,1.0,1.0,3750.0,,3750.0,,3750.0,,3750.0,,,,
2016-10-30,7.0,,0.0,,253.61588655,,,,,,1000000.0,1000000.0,278927.0,10.0,10.0,3942.970661592921,,394.29706616,,92.25352112676056,,3942.970661592920751525,,,,
2016-10-31,5.0,,0.0,,109.306176,,,,,,1000000.0,1000000.0,278927.0,8.0,8.0,9148.61389,,1708.2784725,,1500.0,,13666.22778,,,,
2016-11-01,12.0,,0.0,,242.52990078,,,,,,1000000.0,1000000.0,278927.0,13.0,13.0,4123.202940188679,,317.16945694,,75.0,,4123.202940188679245283,,,,
2016-11-02,25.0,,0.0,,9.31641833,,,,,,1000000.0,1000000.0,336877.0,28.0,26.0,107337.3869714997,,5234.13026813,,400.9646464646465,,136087.386971499696845502,,,,
2016-11-03,24.0,,0.0,,17.78577319,,,,,,1000000.0,1000000.0,388377.0,49.0,49.0,56224.71337873749,,2198.46353834,,30.12,,107724.713378737488220461,,,,
2016-11-04,27.0,,0.0,,66.30324254,,,,,,1000000.0,1000000.0,388377.0,28.0,28.0,15082.218630968444,,538.65066539,,46.0,,15082.218630968443320342,,,,
2016-11-05,4.0,,0.0,,3465.44775318,,,,,,1000000.0,1000000.0,388377.0,2.0,2.0,288.563,,144.2815,,144.2815,,288.563,,,,
2016-11-06,14.0,,0.0,,461.86376393,,,,,,1000000.0,1000000.0,388377.0,20.0,20.0,2165.1406282267885,,108.25703141,,25.737704918032787,,2165.140628226788739217,,,,
2016-11-07,9.0,,0.0,,279.5976422,,,,,,1000000.0,1000000.0,388377.0,10.0,10.0,3576.568071615292,,357.65680716,,276.267804553823,,3576.5680716152918868,,,,
2016-11-08,11.0,,0.0,,705.82881331,,,,,,1000000.0,1000000.0,388377.0,9.0,9.0,1416.7741258741257,,163.53045843,,109.090909090909,,1471.774125874125783216,,,,
2016-11-09,16.0,,0.0,,439.7977248,,,,,,1000000.0,1000000.0,388377.0,13.0,13.0,2273.7725631842454,,174.90558178,,72.46376811594203,,2273.772563184245764908,,,,
2016-11-10,16.0,,0.0,,67.42444603,,,,,,1000000.0,1000000.0,388377.0,22.0,22.0,14831.415886880952,,719.60981304,,416.98055555555555,,15831.415886880951968134,,,,
2016-11-11,17.0,,0.0,,99.31504007,,,,,,1000000.0,1000000.0,391377.0,14.0,14.0,10068.968398779221,,760.69938563,,495.96705555555553,,10649.791398779221437073,,,,
2016-11-12,11.0,,0.0,,1951.40797876,,,,,,1000000.0,1000000.0,391377.0,9.0,8.0,512.4505028593214,,74.05631286,,54.75,,592.450502859321387722,,,,
2016-11-13,6.0,,0.0,,2197.84795982,,,,,,1000000.0,1000000.0,391377.0,6.0,6.0,454.99052631578945,,102.33175439,,79.5,,613.990526315789473683,,,,
2016-11-14,16.0,,0.0,,201.50074838,,,,,,1000000.0,1000000.0,391377.0,26.0,26.0,4962.760724390375,,190.87541248,,128.98157692307691,,4962.760724390374786157,,,,
2016-11-15,13.0,,0.0,,203.6622872,,,,,,1000000.0,1000000.0,393477.0,14.0,13.0,4910.089215505142,,377.69917042,,200.0,,4910.089215505142165757,,,,
2016-11-16,15.0,,0.0,,518.83643262,,,,,,1000000.0,1000000.0,393477.0,18.0,18.0,1927.3897073079577,,107.07720596,,100.0,,1927.389707307957733546,,,,
2016-11-17,2.0,,0.0,,6551.36482946,,,,,,1000000.0,1000000.0,393477.0,1.0,1.0,152.63995,,152.63995,,152.63995,,152.63995,,,,
2016-11-18,4.0,,0.0,,1666.39446113,,,,,,1000000.0,1000000.0,393477.0,2.0,2.0,600.09801,,300.049005,,300.049005,,600.09801,,,,
2016-11-19,0.0,,0.0,,,,,,,,1000000.0,1000000.0,393477.0,0.0,0.0,0.0,,,,,,0.0,,,,
2016-11-20,12.0,,0.0,,233.22902554,,,,,,1000000.0,1000000.0,393477.0,24.0,24.0,4287.631,,178.65129167,,100.0,,4287.631,,,,
2016-11-21,6.0,,0.0,,1705.17226635,,,,,,1000000.0,1000000.0,393844.3903967,4.0,4.0,586.4510112749085,,146.61275282,,100.0,,586.451011274908563658,,,,
2016-11-22,13.0,,0.0,,607.92343973,,,,,,1000000.0,1000000.0,394744.3903967,10.0,10.0,1644.9439759101288,,164.49439759,,32.44380733944968,,1644.94397591012874914,,,,
2016-11-23,9.0,,0.0,,708.24185107,,,,,,1000000.0,1000000.0,394744.3903967,7.0,7.0,1411.9470608673853,,201.70672298,,10.577,,1411.947060867385407048,,,,
2016-11-24,0.0,,0.0,,,,,,,,1000000.0,1000000.0,394744.3903967,0.0,0.0,0.0,,,,,,0.0,,,,
2016-11-25,9.0,,0.0,,1061.33410292,,,,,,1000000.0,1000000.0,394744.3903967,8.0,8.0,942.2103720693714,,117.77629651,,71.10907492357454,,942.210372069371289186,,,,
2016-11-26,7.0,,0.0,,3330.86849065,,,,,,1000000.0,1000000.0,394744.3903967,5.0,5.0,300.222,,60.0444,,44.68,,300.221999999999999999,,,,
2016-11-27,0.0,,0.0,,,,,,,,1000000.0,1000000.0,394744.3903967,0.0,0.0,0.0,,,,,,0.0,,,,
2016-11-28,12.0,,0.0,,766.9033652,,,,,,1000000.0,1000000.0,394744.3903967,12.0,12.0,1303.945249662618,,125.33710414,,110.565,,1504.045249662618083669,,,,
2016-11-29,17.0,,0.0,,109.29292736,,,,,,1000000.0,1000000.0,394744.3903967,22.0,22.0,9149.722897435899,,415.89649534,,100.0,,9149.722897435897435383,,,,
2016-11-30,16.0,,0.0,,599.26151564,,,,,,1000000.0,1000000.0,394744.3903967,24.0,24.0,1668.7205400232842,,69.5300225,,26.865079365079364,,1668.720540023284209329,,,,
2016-12-01,17.0,,0.0,,87.29310034,,,,,,1000000.0,1000000.0,396844.3903967,59.0,59.0,11455.659108072805,,194.64710353,,99.12,,11484.179108072805747226,,,,
2016-12-02,15.0,,0.0,,89.05049625,,,,,,1000000.0,1000000.0,396844.3903967,24.0,24.0,11229.583686525228,,467.89932027,,30.0,,11229.583686525228025922,,,,
2016-12-03,9.0,,0.0,,1657.65438912,,,,,,1000000.0,1000000.0,396844.3903967,14.0,14.0,603.2620590650879,,48.07144407,,19.657894736842106,,673.000216959824789537,,,,
2016-12-04,11.0,,0.0,,134.94151338,,,,,,1000000.0,1000000.0,396844.3903967,40.0,40.0,7410.6179409349115,,185.26544852,,103.0,,7410.617940934912052563,,,,
2016-12-05,18.0,,0.0,,110.15477837,,,,,,1000000.0,1000000.0,400063.88528060838,33.0,33.0,9078.13546327216,,285.05501404,,100.0,,9406.815463272158853234,,,,
2016-12-06,15.0,,0.0,,735.26869799,,,,,,1000000.0,1000000.0,400063.88528060838,15.0,15.0,1360.0470178285145,,100.75552988,,95.0,,1511.332948236986668126,,,,
2016-12-07,18.0,,0.0,,552.45479762,,,,,,1000000.0,1000000.0,400063.88528060838,22.0,22.0,1810.102843354375,,82.27740197,,32.502037037037034,,1810.102843354375140674,,,,
2016-12-08,11.0,,0.0,,791.41237117,,,,,,1000000.0,1000000.0,400063.88528060838,19.0,19.0,1263.5637708283157,,66.50335636,,47.05882352941177,,1263.563770828315730521,,,,
2016-12-09,24.0,,0.0,,87.10104867,,,,,,1000000.0,1000000.0,400063.88528060838,57.0,57.0,11480.918028736387,,206.16858573,,99.0,,11751.609386761079554695,,,,
2016-12-10,21.0,,0.0,,116.89726295,,,,,,1000000.0,1000000.0,400063.88528060838,51.0,51.0,8554.520223865966,,167.73569066,,84.8,,8554.520223865965587524,,,,
2016-12-11,19.0,,0.0,,380.41641341,,,,,,1000000.0,1000000.0,400063.88528060838,28.0,28.0,2628.6983546179854,,95.83029838,,100.77387486278815,,2683.248354617985110592,,,,
2016-12-12,22.0,,0.0,,107.74543371,,,,,,1000000.0,1000000.0,400063.88528060838,45.0,44.0,9281.13578030303,,226.87917682,,112.42568181818181,,9982.683780303030303028,,,,
2016-12-13,17.0,,0.0,,186.47601839,,,,,,1000000.0,1000000.0,402278.1214225152536,26.0,26.0,5362.619862049476,,206.25461008,,100.0,,5362.619862049476095543,,,,
2016-12-14,19.0,,0.0,,138.16953021,,,,,,1000000.0,1000000.0,402278.1214225152536,27.0,26.0,7237.485706581078,,278.36483487,,131.703666,,7237.485706581077679399,,,,
2016-12-15,10.0,,0.0,,700.22969756,,,,,,1000000.0,1000000.0,402278.1214225152536,9.0,9.0,1428.1028118212512,,158.6780902,,76.0,,1428.102811821251173383,,,,
2016-12-16,8.0,,0.0,,1244.49172422,,,,,,1000000.0,1000000.0,402278.1214225152536,12.0,12.0,803.5408999,,66.96174166,,51.6665,,803.5408999,,,,
2016-12-17,8.0,,0.0,,899.76956781,,,,,,1000000.0,1000000.0,402278.1214225152536,15.0,15.0,1111.3956681473373,,74.09304454,,46.5091001,,1111.395668147337278106,,,,
2016-12-18,11.0,,0.0,,280.99132477,,,,,,1000000.0,1000000.0,402278.1214225152536,29.0,29.0,3558.828731839216,,122.71823213,,110.4316888,,3558.828731839215686275,,,,
2016-12-19,12.0,,0.0,,1059.46905768,,,,,,1000000.0,1000000.0,402278.1214225152536,11.0,11.0,943.869,,85.80709091,,50.0,,943.878,,,,
2016-12-20,15.0,,0.0,,218.64045281,,,,,,1000000.0,1000000.0,404627.0840781169136,25.0,25.0,4573.719031204269,,186.94876125,,100.0,,4673.719031204269354295,,,,
2016-12-21,12.0,,0.0,,558.13110736,,,,,,1000000.0,1000000.0,404627.0840781169136,17.0,15.0,1791.69372,,141.73042933,,100.0,,2125.95644,,,,
2016-12-22,12.0,,0.0,,372.27060023,,,,,,1000000.0,1000000.0,404627.0840781169136,20.0,20.0,2686.2180343358036,,143.66990172,,93.59,,2873.398034335803544113,,,,
2016-12-23,23.0,,0.0,,16.28546915,,,,,,1000000.0,1000000.0,439627.0840781169136,36.0,36.0,61404.43303333,,1705.73425093,,465.75485,,61406.43303333,,,,
2016-12-24,7.0,,0.0,,1071.28050531,,,,,,1000000.0,1000000.0,439627.0840781169136,8.0,8.0,933.4623332,,116.68279165,,96.7933333,,933.4623332,,,,
2016-12-25,9.0,,0.0,,753.39798312,,,,,,1000000.0,1000000.0,439627.0840781169136,8.0,8.0,1327.31972,,165.914965,,97.7,,1327.31972,,,,
2016-12-26,9.0,,0.0,,817.82256915,,,,,,1000000.0,1000000.0,439627.0840781169136,7.0,7.0,1222.759113927022,,174.67987342,,200.0,,1222.759113927022227649,,,,
2016-12-27,6.0,,0.0,,1703.64664015,,,,,,1000000.0,1000000.0,439627.0840781169136,10.0,10.0,586.9761818181819,,123.26121818,,80.235,,1232.612181818181818182,,,,
2016-12-28,19.0,,0.0,,198.4229046,,,,,,1000000.0,1000000.0,443527.0840781169136,15.0,15.0,5039.740759855987,,595.98271732,,60.0,,8939.740759855986503969,,,,
2016-12-29,10.0,,0.0,,462.8608092,,,,,,1000000.0,1000000.0,443527.0840781169136,17.0,17.0,2160.4767137624244,,138.55392434,,97.47,,2355.416713762424125638,,,,
2016-12-30,16.0,,0.0,,434.62036016,,,,,,1000000.0,1000000.0,443527.0840781169136,14.0,14.0,2300.858615150524,,164.34704394,,117.52346042500317,,2300.858615150524462268,,,,
2016-12-31,8.0,,0.0,,350.51295743,,,,,,1000000.0,1000000.0,443527.0840781169136,8.0,8.0,2852.961577565849,,386.8641972,,120.976,,3094.913577565848731585,,,,
2017-01-01,2.0,,0.0,,2000000.0,,,,,,1000000.0,1000000.0,443527.0840781169136,1.0,1.0,0.5,,0.5,,0.5,,0.5,,,,
2017-01-02,19.0,,0.0,,25.15105109,,,,,,1000000.0,1000000.0,470527.0840781169136,20.0,20.0,39759.76973496654,,2006.99425598,,66.0,,40139.885119581930570487,,,,
2017-01-03,19.0,,0.0,,186.49322769,,,,,,1000000.0,1000000.0,470527.0840781169136,30.0,30.0,5362.125007863776,,180.70776626,,29.6,,5421.232987863777089782,,,,
2017-01-04,17.0,,0.0,,713.13968248,,,,,,1000000.0,1000000.0,470527.0840781169136,18.0,18.0,1402.2498320631125,,78.958324,,27.5,,1421.249832063112636784,,,,
2017-01-05,14.0,,0.0,,664.2770157,,,,,,1000000.0,1000000.0,470527.0840781169136,14.0,14.0,1505.3960567141771,,107.52828976,,66.0,,1505.396056714177031759,,,,
2017-01-06,18.0,,0.0,,379.66298903,,,,,,1000000.0,1000000.0,470527.0840781169136,29.0,29.0,2633.914890063052,,96.65223759,,50.0,,2802.914890063052178509,,,,
2017-01-07,9.0,,0.0,,784.31632108,,,,,,1000000.0,1000000.0,470527.0840781169136,17.0,17.0,1274.9957805565662,,77.94092827,,80.333,,1324.995780556566150586,,,,
2017-01-08,12.0,,0.0,,870.10912916,,,,,,1000000.0,1000000.0,470527.0840781169136,17.0,17.0,1149.2811263353685,,78.25277214,,54.34782608695652,,1330.297126335368402943,,,,
2017-01-09,21.0,,0.0,,234.50100875,,,,,,1000000.0,1000000.0,470527.0840781169136,51.0,51.0,4264.373980087033,,97.67478354,,83.47,,4981.413960479189594258,,,,
2017-01-10,25.0,,0.0,,110.22522357,,,,,,1000000.0,1000000.0,470527.0840781169136,48.0,47.0,9072.333605389755,,208.64497742,,130.0,,9806.313938723089775717,,,,
2017-01-11,19.0,,0.0,,41.18681301,,,,,,1000000.0,1000000.0,470527.0840781169136,19.0,19.0,24279.615900142002,,1305.94464738,,80.0,,24812.948300141999805911,,,,
2017-01-12,26.0,,0.0,,45.57002348,,,,,,1000000.0,1000000.0,474048.2108386802966,43.0,43.0,21944.250266601925,,512.88954108,,58.39993,,22054.250266601927314052,,,,
2017-01-13,25.0,,0.0,,221.14673819,,,,,,1000000.0,1000000.0,474048.2108386802966,30.0,30.0,4521.88446539218,,189.11317523,,79.38391071428572,,5673.395256759086323995,,,,
2017-01-14,16.0,,0.0,,95.89388698,,,,,,1000000.0,1000000.0,474048.2108386802966,22.0,22.0,10428.193407772345,,475.93892763,,43.10215066666667,,10470.656407772345301754,,,,
2017-01-15,28.0,,0.0,,48.09908468,,,,,,1000000.0,1000000.0,474048.2108386802966,56.0,56.0,20790.416421796603,,371.79184087,,64.82666666666667,,20820.343088463265532957,,,,
2017-01-16,7.0,,0.0,,86.57758795,,,,,,1000000.0,1000000.0,474048.2108386802966,12.0,12.0,11550.333333333332,,995.86111111,,614.3333333333334,,11950.333333333333333334,,,,
2017-01-17,39.0,,0.0,,33.45563577,,,,,,1000000.0,1000000.0,484048.2108386802966,75.0,73.0,29890.330196078434,,414.73744104,,116.0,,30275.833196078431372547,,,,
2017-01-18,33.0,,0.0,,121.70425466,,,,,,1000000.0,1000000.0,484048.2108386802966,52.0,52.0,8216.639613581654,,171.56999257,,70.74829931972789,,8921.639613581653138525,,,,
2017-01-19,29.0,,0.0,,270.89476236,,,,,,1000000.0,1000000.0,484048.2108386802966,53.0,53.0,3691.47041189072,,86.6434606,,60.0,,4592.103411890719542686,,,,
2017-01-20,39.0,,0.0,,226.08485774,,,,,,1000000.0,1000000.0,486148.2108386802966,72.0,71.0,4423.117983263526,,66.64329034,,17.94871794871795,,4731.673614044305000183,,,,
2017-01-21,28.0,,0.0,,121.11576503,,,,,,1000000.0,1000000.0,486148.2108386802966,42.0,40.0,8256.563460130832,,214.21964313,,18.072289156641254,,8568.785725191072527424,,,,
2017-01-22,31.0,,0.0,,253.22482044,,,,,,1000000.0,1000000.0,486148.2108386802966,48.0,48.0,3949.0599628954687,,82.74436149,,53.19424248836455,,3971.729351628119598161,,,,
2017-01-23,26.0,,0.0,,92.03564979,,,,,,1000000.0,1000000.0,486148.2108386802966,57.0,57.0,10865.354917385623,,191.16308937,,80.0,,10896.296093856209150329,,,,
2017-01-24,61.0,,0.0,,88.78021743,,,,,,1000000.0,1000000.0,488248.2108386802966,134.0,133.0,11263.770566823763,,93.9016435,,10.0,,12488.91858553721469342,,,,
2017-01-25,49.0,,0.0,,218.79335238,,,,,,1000000.0,1000000.0,488248.2108386802966,76.0,75.0,4570.522774715621,,63.17639255,,14.578703703703704,,4738.229441382287373149,,,,
2017-01-26,37.0,,0.0,,105.43137026,,,,,,1000000.0,1000000.0,488248.2108386802966,61.0,61.0,9484.84305480164,,155.48923041,,18.264840182648403,,9484.843054801638869712,,,,
2017-01-27,53.0,,0.0,,238.1936616,,,,,,1000000.0,1000000.0,488248.2108386802966,89.0,89.0,4198.264526734892,,48.14498647,,18.006,,4284.903796141284276302,,,,
2017-01-28,46.0,,0.0,,479.8433945,,,,,,1000000.0,1000000.0,488248.2108386802966,59.0,58.0,2084.0132665513042,,37.06676008,,5.931578947368421,,2149.872084733122908039,,,,
2017-01-29,32.0,,0.0,,1054.87637214,,,,,,1000000.0,1000000.0,488248.2108386802966,35.0,35.0,947.9783853479507,,27.15123429,,15.563981042654028,,950.293200162765655208,,,,
2017-01-30,36.0,,0.0,,91.71395433,,,,,,1000000.0,1000000.0,490429.4566071298565,57.0,56.0,10903.466187914635,,196.20573869,,26.5,,10987.521366620603323668,,,,
2017-01-31,61.0,,0.0,,90.66610089,,,,,,1000000.0,1000000.0,490429.4566071298565,126.0,125.0,11029.480590873387,,90.15278233,,20.0,,11269.09779087338974962,,,,
2017-02-01,65.0,,0.0,,131.6100665,,,,,,1000000.0,1000000.0,490429.4566071298565,124.0,119.0,7598.202983873678,,65.14072696,,14.508571428571429,,7751.746508630013689319,,,,
2017-02-02,54.0,,0.0,,329.32078279,,,,,,1000000.0,1000000.0,490429.4566071298565,84.0,81.0,3036.5529667378487,,38.32545447,,2.2,,3104.361812072731108008,,,,
2017-02-03,43.0,,0.0,,189.86129468,,,,,,1000000.0,1000000.0,490429.4566071298565,127.0,126.0,5267.002954485933,,42.62705519,,0.3595,,5371.008954485932216083,,,,
2017-02-04,38.0,,0.0,,213.32412002,,,,,,1000000.0,1000000.0,490429.4566071298565,135.0,129.0,4687.7024497922475,,36.36521279,,4.3497,,4691.112449792246984677,,,,
2017-02-05,35.0,,0.0,,201.66348865,,,,,,1000000.0,1000000.0,490429.4566071298565,45.0,45.0,4958.7558297387695,,126.36722572,,13.100436681222707,,5686.525157249686133119,,,,
2017-02-06,23.0,,0.0,,417.66530186,,,,,,1000000.0,1000000.0,490429.4566071298565,41.0,41.0,2394.2616145969478,,58.45077109,,15.769,,2396.481614596948256042,,,,
2017-02-07,29.0,,0.0,,108.30879106,,,,,,1000000.0,1000000.0,492720.8075447494505,57.0,57.0,9232.86088084149,,214.2456596,,43.33,,12212.002597373947986946,,,,
2017-02-08,32.0,,0.0,,173.53727901,,,,,,1000000.0,1000000.0,492720.8075447494505,61.0,61.0,5762.45061412491,,97.0461395,,45.18372,,5919.8145095794545869,,,,
2017-02-09,30.0,,0.0,,299.67931442,,,,,,1000000.0,1000000.0,492720.8075447494505,55.0,51.0,3336.9003194197344,,67.63422255,,11.542901115813775,,3449.345350200803831327,,,,
2017-02-10,23.0,,0.0,,595.84036827,,,,,,1000000.0,1000000.0,492720.8075447494505,22.0,22.0,1678.3018627885165,,78.53644831,,24.75,,1727.801862788516498351,,,,
2017-02-11,13.0,,0.0,,1190.8578903,,,,,,1000000.0,1000000.0,492720.8075447494505,15.0,15.0,839.730758927187,,59.44727556,,25.0,,891.709133342862995855,,,,
2017-02-12,27.0,,0.0,,479.8529817,,,,,,1000000.0,1000000.0,492720.8075447494505,34.0,34.0,2083.971629108748,,70.15732736,,23.4965,,2385.349130195409255807,,,,
2017-02-13,42.0,,0.0,,71.68115497,,,,,,1000000.0,1000000.0,494820.8075447494505,85.0,85.0,13950.668071389442,,164.1735259,,70.0,,13954.749701389443959968,,,,
2017-02-14,13.0,,0.0,,653.90911653,,,,,,1000000.0,1000000.0,494820.8075447494505,17.0,16.0,1529.2645028593215,,95.57903143,,40.0,,1529.264502859321387723,,,,
2017-02-15,41.0,,0.0,,261.2100308,,,,,,1000000.0,1000000.0,494820.8075447494505,53.0,53.0,3828.3369017504965,,72.23277173,,10.0,,3828.336901750496489798,,,,
2017-02-16,33.0,,0.0,,243.90813467,,,,,,1000000.0,1000000.0,494820.8075447494505,46.0,45.0,4099.9042584555245,,91.10898352,,10.0,,4099.904258455524816165,,,,
2017-02-17,16.0,,0.0,,781.0976354,,,,,,1000000.0,1000000.0,494820.8075447494505,25.0,25.0,1280.2496828609987,,79.60638731,,10.0,,1990.159682860998650471,,,,
2017-02-18,13.0,,0.0,,904.7195812,,,,,,1000000.0,1000000.0,494820.8075447494505,14.0,14.0,1105.314863061608,,79.00463308,,18.36898395721925,,1106.064863061608101848,,,,
2017-02-19,29.0,,0.0,,235.44175637,,,,,,1000000.0,1000000.0,494820.8075447494505,34.0,34.0,4247.334947783083,,127.41030389,,21.35,,4331.950332398467872891,,,,
2017-02-20,34.0,,0.0,,470.97534995,,,,,,1000000.0,1000000.0,494820.8075447494505,90.0,90.0,2123.2533721912873,,24.24346766,,1.0,,2181.912089764509017239,,,,
2017-02-21,36.0,,0.0,,196.4277829,,,,,,1000000.0,1000000.0,494820.8075447494505,78.0,77.0,5090.9295275232635,,66.71643548,,3.0,,5137.165531707363046274,,,,
2017-02-22,34.0,,0.0,,274.637485,,,,,,1000000.0,1000000.0,494820.8075447494505,90.0,90.0,3641.1635505869745,,41.09063365,,1.8457866600249626,,3698.157028847844074653,,,,
2017-02-23,27.0,,0.0,,878.05366867,,,,,,1000000.0,1000000.0,494820.8075447494505,47.0,47.0,1138.8825486211886,,24.23154359,,1.865,,1138.88254862118858158,,,,
2017-02-24,24.0,,0.0,,339.62374436,,,,,,1000000.0,1000000.0,494820.8075447494505,66.0,66.0,2944.4348830005993,,57.00331758,,1.5152991641696787,,3762.218960300023960945,,,,
2017-02-25,31.0,,0.0,,443.52210961,,,,,,1000000.0,1000000.0,494820.8075447494505,100.0,100.0,2254.6790302608597,,23.06313896,,3.299146774815108,,2306.313896113145858878,,,,
2017-02-26,31.0,,0.0,,241.42783282,,,,,,1000000.0,1000000.0,494820.8075447494505,50.0,50.0,4142.024506053286,,82.98042634,,10.0,,4149.021316745995046226,,,,
2017-02-27,26.0,,0.0,,517.52332945,,,,,,1000000.0,1000000.0,494820.8075447494505,41.0,40.0,1932.2800405256173,,71.57130101,,26.279007578898877,,2862.852040525617562092,,,,
2017-02-28,30.0,,0.0,,123.0015918,,,,,,1000000.0,1000000.0,494820.8075447494505,71.0,71.0,8129.9760869291085,,118.09703109,,53.9665,,8384.889207614181582361,,,,
2017-03-01,17.0,,0.0,,999.2108146,,,,,,1000000.0,1000000.0,494820.8075447494505,41.0,40.0,1000.7898087035031,,27.81034849,,6.364464124903608,,1112.413939495073416476,,,,
2017-03-02,30.0,,0.0,,229.84754365,,,,,,1000000.0,1000000.0,495870.8075447494505,57.0,56.0,4350.709971173984,,79.71505306,,8.273146641378426,,4464.042971173983494572,,,,
2017-03-03,33.0,,0.0,,148.20400498,,,,,,1000000.0,1000000.0,495870.8075447494505,78.0,78.0,6747.455982350563,,141.76704033,,8.039290677632664,,11057.829145983132144836,,,,
2017-03-04,24.0,,0.0,,551.01343233,,,,,,1000000.0,1000000.0,495870.8075447494505,61.0,61.0,1814.8377903944033,,30.02106092,,8.140735203018743,,1831.284716180321238793,,,,
2017-03-05,19.0,,0.0,,1001.55432454,,,,,,1000000.0,1000000.0,495870.8075447494505,36.0,35.0,998.4480876327889,,30.03659271,,7.21,,1051.280744687905216722,,,,
2017-03-06,16.0,,0.0,,386.85256001,,,,,,1000000.0,1000000.0,497171.003623180823,41.0,41.0,2584.96415268841,,63.98762744,,5.003710719814384,,2623.492725230981292666,,,,
2017-03-07,16.0,,0.0,,679.9933511,,,,,,1000000.0,1000000.0,497171.003623180823,29.0,28.0,1470.6026145401288,,52.52152195,,6.202464552172465,,1470.602614540128736772,,,,
2017-03-08,18.0,,0.0,,1345.11734852,,,,,,1000000.0,1000000.0,497171.003623180823,31.0,31.0,743.4295610712411,,24.14524367,,4.607190724095338,,748.502553771970924715,,,,
2017-03-09,3.0,,0.0,,125308.34232625,,,,,,1000000.0,1000000.0,497171.003623180823,3.0,3.0,7.9803146497335025,,2.66010488,,2.0,,7.980314649733502464,,,,
2017-03-10,15.0,,0.0,,669.34183542,,,,,,1000000.0,1000000.0,497171.003623180823,31.0,31.0,1494.0049270546388,,48.19370732,,8.45,,1494.004927054638552328,,,,
2017-03-11,21.0,,0.0,,576.8685841,,,,,,1000000.0,1000000.0,497171.003623180823,43.0,43.0,1733.49706947192,,40.5080896,,10.0,,1741.847852633978464444,,,,
2017-03-12,20.0,,0.0,,351.3238248,,,,,,1000000.0,1000000.0,497171.003623180823,29.0,29.0,2846.3768449735835,,98.15092569,,8.9045,,2846.376844973583427841,,,,
2017-03-13,31.0,,0.0,,516.72543879,,,,,,1000000.0,1000000.0,497171.003623180823,51.0,51.0,1935.2637298950829,,41.35419078,,12.0,,2109.06372989508319143,,,,
2017-03-14,26.0,,0.0,,233.04254711,,,,,,1000000.0,1000000.0,498221.003623180823,32.0,32.0,4291.06192144744,,134.12693505,,9.638437420277713,,4292.061921447439702559,,,,
2017-03-15,28.0,,0.0,,380.10989849,,,,,,1000000.0,1000000.0,498221.003623180823,36.0,36.0,2630.81809750262,,76.41161382,,14.422,,2750.818097502619476042,,,,
2017-03-16,43.0,,0.0,,237.48231201,,,,,,1000000.0,1000000.0,498221.003623180823,65.0,63.0,4210.83992132819,,67.35205618,,9.929890117997637,,4243.179539362521170679,,,,
2017-03-17,48.0,,0.0,,151.19593753,,,,,,1000000.0,1000000.0,498221.003623180823,82.0,82.0,6613.934317967563,,80.99040561,,8.759647406935951,,6641.213260188370881204,,,,
2017-03-18,22.0,,0.0,,989.82431293,,,,,,1000000.0,1000000.0,498221.003623180823,59.0,57.0,1010.2802961478209,,19.27949938,,5.810012756242458,,1098.931464655453241192,,,,
2017-03-19,20.0,,0.0,,995.81645568,,,,,,1000000.0,1000000.0,498221.003623180823,38.0,38.0,1004.2011198943561,,26.42634526,,6.682806694413487,,1004.201119894356228424,,,,
2017-03-20,19.0,,0.0,,787.84803087,,,,,,1000000.0,1000000.0,498221.003623180823,43.0,40.0,1269.2803190699801,,32.3576353,,5.993961728082432,,1294.305411908611148286,,,,
2017-03-21,32.0,,0.0,,379.13506399,,,,,,1000000.0,1000000.0,498221.003623180823,75.0,74.0,2637.5824738682327,,35.91761554,,3.2249342347338557,,2657.903549949776823063,,,,
2017-03-22,43.0,,0.0,,199.31486171,,,,,,1000000.0,1000000.0,498221.003623180823,118.0,116.0,5017.187335786703,,43.58781627,,2.7667125784076245,,5056.186687675548291054,,,,
2017-03-23,37.0,,0.0,,425.31266982,,,,,,1000000.0,1000000.0,498221.003623180823,60.0,60.0,2351.2114050532205,,45.30350058,,4.43080210258117,,2718.210034662810248948,,,,
2017-03-24,33.0,,0.0,,118.31381837,,,,,,1000000.0,1000000.0,498221.003623180823,127.0,126.0,8452.09810485536,,69.56375139,,10.999461757478514,,8765.032675699660347165,,,,
2017-03-25,38.0,,0.0,,202.57111222,,,,,,1000000.0,1000000.0,498221.003623180823,62.0,62.0,4936.538033603324,,96.08181581,,15.025058548009367,,5957.072580390755570748,,,,
2017-03-26,23.0,,0.0,,125.12978719,,,,,,1000000.0,1000000.0,498221.003623180823,43.0,43.0,7991.702235597623,,193.25171493,,41.0,,8309.823741971131196901,,,,
2017-03-27,14.0,,0.0,,744.55341317,,,,,,1000000.0,1000000.0,498221.003623180823,27.0,27.0,1343.0869865153784,,49.74396246,,8.419355736157627,,1343.086986515378501766,,,,
2017-03-28,30.0,,0.0,,170.30492622,,,,,,1000000.0,1000000.0,498221.003623180823,54.0,54.0,5871.82075234302,,127.25593986,,52.88269660390884,,6871.820752343019984023,,,,
2017-03-29,24.0,,0.0,,227.23307804,,,,,,1000000.0,1000000.0,498221.003623180823,35.0,35.0,4400.767743135858,,127.19577305,,70.0,,4451.852056861348164037,,,,
2017-03-30,21.0,,0.0,,334.49125877,,,,,,1000000.0,1000000.0,498221.003623180823,37.0,37.0,2989.6147471318054,,144.74570407,,100.0,,5355.591050449340540687,,,,
2017-03-31,21.0,,0.0,,541.40588216,,,,,,1000000.0,1000000.0,498221.003623180823,29.0,27.0,1847.0431019570228,,82.47486002,,25.0,,2226.821220440435244478,,,,
2017-04-01,24.0,,0.0,,449.399741,,,,,,1000000.0,1000000.0,498221.003623180823,34.0,34.0,2225.1904235176844,,66.04959555,,34.3525,,2245.686248812378250581,,,,
2017-04-02,22.0,,0.0,,544.05332733,,,,,,1000000.0,1000000.0,498221.003623180823,24.0,24.0,1838.0551129304843,,89.08562971,,49.47745124902561,,2138.055112930484123026,,,,
2017-04-03,26.0,,0.0,,186.55053881,,,,,,1000000.0,1000000.0,500321.003623180823,37.0,37.0,5360.477682724626,,153.16385629,,20.0,,5667.062682724627484062,,,,
2017-04-04,24.0,,0.0,,1220.71011965,,,,,,1000000.0,1000000.0,500321.003623180823,28.0,26.0,819.1953059942103,,31.84335921,,4.849282296971223,,827.927339487720135709,,,,
2017-04-05,23.0,,0.0,,2215.84747439,,,,,,1000000.0,1000000.0,500321.003623180823,33.0,33.0,451.2946001740041,,13.67559394,,3.759,,451.294600174004027222,,,,
2017-04-06,15.0,,0.0,,2437.68475888,,,,,,1000000.0,1000000.0,500321.003623180823,13.0,13.0,410.2253157865318,,35.70348583,,4.92,,464.145315786531841309,,,,
2017-04-07,30.0,,0.0,,700.71625085,,,,,,1000000.0,1000000.0,500785.682522263392,33.0,33.0,1427.1111862944267,,48.23756195,,12.821782178217822,,1591.839544236048866363,,,,
2017-04-08,20.0,,0.0,,279.64042067,,,,,,1000000.0,1000000.0,500785.682522263392,41.0,41.0,3576.020940095896,,91.90095076,,88.0,,3767.938981006467551953,,,,
2017-04-09,24.0,,0.0,,458.22918677,,,,,,1000000.0,1000000.0,500785.682522263392,33.0,33.0,2182.3140665498477,,103.23764114,,20.050505050505052,,3406.842157458938796378,,,,
2017-04-10,21.0,,0.0,,499.3991325,,,,,,1000000.0,1000000.0,500785.682522263392,27.0,27.0,2002.4063617925412,,89.5317171,,7.0,,2417.356361792541288623,,,,
2017-04-11,24.0,,0.0,,1681.25919904,,,,,,1000000.0,1000000.0,500785.682522263392,43.0,43.0,594.7922845981819,,14.51685911,,2.2827460846779726,,624.224941532621921631,,,,
2017-04-12,19.0,,0.0,,235.68732777,,,,,,1000000.0,1000000.0,500785.682522263392,32.0,32.0,4242.909491390376,,135.97852665,,75.0,,4351.312852734914597488,,,,
2017-04-13,26.0,,0.0,,1822.1399645,,,,,,1000000.0,1000000.0,500785.682522263392,25.0,25.0,548.8052616618212,,70.23221047,,13.3,,1755.805261661821140271,,,,
2017-04-14,15.0,,0.0,,249.50993995,,,,,,1000000.0,1000000.0,501135.682522263392,32.0,32.0,4007.8563612000953,,125.24551129,,100.0,,4007.856361200095377309,,,,
2017-04-15,10.0,,0.0,,3318.92844008,,,,,,1000000.0,1000000.0,501135.682522263392,14.0,14.0,301.30206723469337,,27.48838991,,10.002,,384.837458758553245389,,,,
2017-04-16,26.0,,0.0,,1423.09167475,,,,,,1000000.0,1000000.0,501135.682522263392,106.0,106.0,702.6954185346789,,6.99917561,,0.000189762631258894,,741.912614296608787824,,,,
2017-04-17,27.0,,0.0,,312.57784824,,,,,,1000000.0,1000000.0,501135.682522263392,161.0,159.0,3199.2030325688916,,20.71831893,,0.000189762631258893,,3294.212710463086165525,,,,
2017-04-18,29.0,,0.0,,466.15568162,,,,,,1000000.0,1000000.0,501135.682522263392,48.0,47.0,2145.20607475645,,45.66395904,,17.0,,2146.206074756449983724,,,,
2017-04-19,38.0,,0.0,,426.83661207,,,,,,1000000.0,1000000.0,501485.682522263392,40.0,39.0,2342.8168336930216,,63.50432527,,10.0,,2476.668685544873796308,,,,
2017-04-20,24.0,,0.0,,1657.44023437,,,,,,1000000.0,1000000.0,501485.682522263392,28.0,28.0,603.3400054258653,,21.9852912,,7.179687741907407,,615.588153574013416568,,,,
2017-04-21,28.0,,0.0,,493.53430348,,,,,,1000000.0,1000000.0,501485.682522263392,32.0,31.0,2026.2016093996328,,83.88797655,,8.95,,2600.52727311644687791,,,,
2017-04-22,20.0,,0.0,,1921.54232294,,,,,,1000000.0,1000000.0,501485.682522263392,29.0,29.0,520.4152872729385,,18.5192554,,4.587155963302752,,537.058406538993487647,,,,
2017-04-23,26.0,,0.0,,1130.68360202,,,,,,1000000.0,1000000.0,501485.682522263392,41.0,41.0,884.4207152350114,,29.41882417,,5.4,,1206.171791037425310528,,,,
2017-04-24,16.0,,0.0,,2271.81700303,,,,,,1000000.0,1000000.0,501485.682522263392,15.0,15.0,440.1762988248393,,29.34508659,,11.883551578947369,,440.17629882483928963,,,,
2017-04-25,15.0,,0.0,,505.39098406,,,,,,1000000.0,1000000.0,501485.682522263392,22.0,22.0,1978.666085361578,,110.19772515,,38.954824561403505,,2424.349953251442517646,,,,
2017-04-26,31.0,,0.0,,296.61956365,,,,,,1000000.0,1000000.0,501835.682522263392,56.0,55.0,3371.3217958354962,,69.99073091,,14.608870967741936,,3849.490199801028983413,,,,
2017-04-27,35.0,,0.0,,145.97634674,,,,,,1000000.0,1000000.0,501835.682522263392,48.0,48.0,6850.424896515265,,152.07135201,,26.6927,,7299.424896515264578015,,,,
2017-04-28,24.0,,0.0,,544.85366092,,,,,,1000000.0,1000000.0,501835.682522263392,25.0,25.0,1835.355200363036,,73.61420801,,4.0,,1840.355200363035969159,,,,
2017-04-29,25.0,,0.0,,553.52620573,,,,,,1000000.0,1000000.0,501835.682522263392,64.0,64.0,1806.5991991839514,,32.5472091,,3.0,,2083.021382496214352691,,,,
2017-04-30,37.0,,0.0,,56.04171673,,,,,,1000000.0,1000000.0,501835.682522263392,42.0,41.0,17843.850229524247,,439.64037739,,5.0,,18025.255472887076852016,,,,
2017-05-01,53.0,,0.0,,16.70417421,,,,,,1000000.0,1000000.0,526135.682522263392,62.0,62.0,59865.2760166779,,982.95630124,,57.74323943661972,,60943.290676677900813944,,,,
2017-05-02,33.0,,0.0,,1065.10290671,,,,,,1000000.0,1000000.0,526135.682522263392,45.0,44.0,938.8764162594125,,25.91957122,,10.772727272727273,,1140.461133867385700889,,,,
2017-05-03,20.0,,0.0,,2359.78293233,,,,,,1000000.0,1000000.0,526135.682522263392,27.0,27.0,423.76779079984493,,16.311821,,7.339449541284404,,440.419166946704728498,,,,
2017-05-04,41.0,,0.0,,344.58730684,,,,,,1000000.0,1000000.0,526135.682522263392,42.0,42.0,2902.02215852212,,69.69389938,,16.46788990825688,,2927.143773938405754351,,,,
2017-05-05,43.0,,0.0,,542.93331331,,,,,,1000000.0,1000000.0,526485.682522263392,59.0,59.0,1841.8468262776994,,31.31436782,,2.588438308,,1847.547701232129017592,,,,
2017-05-06,19.0,,0.0,,273.77238128,,,,,,1000000.0,1000000.0,526485.682522263392,48.0,45.0,3652.669401256835,,81.41709781,,10.0,,3663.769401256835575716,,,,
2017-05-07,25.0,,0.0,,1223.90480913,,,,,,1000000.0,1000000.0,526485.682522263392,40.0,40.0,817.057006836935,,60.76408234,,6.322144368463395,,2430.563293576149736936,,,,
2017-05-08,34.0,,0.0,,811.73734139,,,,,,1000000.0,1000000.0,526485.682522263392,45.0,46.0,1231.925586035823,,27.92937084,,3.5166666666666666,,1284.751058429013257056,,,,
2017-05-09,31.0,,0.0,,619.40832704,,,,,,1000000.0,1000000.0,526485.682522263392,44.0,44.0,1614.4439077477427,,59.4532388,,19.1,,2615.942507139420193158,,,,
2017-05-10,32.0,,0.0,,607.18562004,,,,,,1000000.0,1000000.0,526485.682522263392,36.0,36.0,1646.942824384537,,53.90385898,,22.25,,1940.538923159171707301,,,,
2017-05-11,24.0,,0.0,,1371.78213575,,,,,,1000000.0,1000000.0,526485.682522263392,31.0,31.0,728.9787306168565,,24.18770099,,7.94,,749.818730616856586228,,,,
2017-05-12,8.0,,0.0,,2979.44066727,,,,,,1000000.0,1000000.0,526485.682522263392,13.0,13.0,335.6334667055132,,25.81795898,,7.0,,335.633466705513110341,,,,
2017-05-13,24.0,,0.0,,3352.06310894,,,,,,1000000.0,1000000.0,526485.682522263392,37.0,37.0,298.32373899301416,,9.33691186,,5.0,,345.465738993014215142,,,,
2017-05-14,39.0,,0.0,,283.79914505,,,,,,1000000.0,1000000.0,526485.682522263392,66.0,64.0,3523.6187896781653,,55.32828606,,7.024,,3541.010307760165352264,,,,
2017-05-15,29.0,,0.0,,789.25217794,,,,,,1000000.0,1000000.0,526485.682522263392,25.0,25.0,1267.0221609170837,,51.68344644,,9.659,,1292.086160917083597897,,,,
2017-05-16,21.0,,0.0,,1235.99793406,,,,,,1000000.0,1000000.0,526485.682522263392,23.0,23.0,809.0628409984023,,35.17664526,,5.804289544235925,,809.062840998402324388,,,,
2017-05-17,38.0,,0.0,,1489.41373969,,,,,,1000000.0,1000000.0,526485.682522263392,39.0,38.0,671.4051128660342,,19.17801675,,3.775,,728.764636675557917297,,,,
2017-05-18,34.0,,0.0,,1510.23220756,,,,,,1000000.0,1000000.0,526835.682522263392,34.0,34.0,662.1498303352695,,20.3407079,,9.313115,,691.584068430507612722,,,,
2017-05-19,36.0,,0.0,,207.1751682,,,,,,1000000.0,1000000.0,526835.682522263392,36.0,35.0,4826.83329609618,,138.62380846,,10.0,,4851.83329609617951208,,,,
2017-05-20,15.0,,0.0,,5187.79841705,,,,,,1000000.0,1000000.0,526835.682522263392,13.0,13.0,192.75999559151333,,15.51999966,,9.0,,201.759995591513325193,,,,
2017-05-21,34.0,,0.0,,1110.97446667,,,,,,1000000.0,1000000.0,526835.682522263392,33.0,33.0,900.110695614234,,28.60284561,,10.0,,943.893905212396862127,,,,
2017-05-22,48.0,,0.0,,152.91312605,,,,,,1000000.0,1000000.0,526835.682522263392,79.0,79.0,6539.6609555762425,,82.79808684,,21.409410363655553,,6541.04886056392569197,,,,
2017-05-23,41.0,,0.0,,364.54217895,,,,,,1000000.0,1000000.0,526835.682522263392,56.0,56.0,2743.166793167348,,54.56862131,,10.646245985794373,,3055.842793167347977316,,,,
2017-05-24,64.0,,0.0,,84.29918843,,,,,,1000000.0,1000000.0,526835.682522263392,95.0,95.0,11862.510406495276,,128.08764982,,37.04496788008565,,12168.326733025890263526,,,,
2017-05-25,20.0,,0.0,,636.76249881,,,,,,1000000.0,1000000.0,526835.682522263392,23.0,23.0,1570.4442423472392,,70.87059694,,9.743589743589743,,1630.0237295267263206,,,,
2017-05-26,47.0,,0.0,,22.39541985,,,,,,1000000.0,1000000.0,543085.682522263392,50.0,50.0,44651.98718840611,,893.03974377,,202.097,,44651.987188406105892938,,,,
2017-05-27,26.0,,0.0,,1199.10429306,,,,,,1000000.0,1000000.0,543085.682522263392,35.0,35.0,833.9558166784502,,25.77515826,,3.0,,902.130539090728473341,,,,
2017-05-28,15.0,,0.0,,1561.40952178,,,,,,1000000.0,1000000.0,543085.682522263392,11.0,11.0,640.446971825198,,58.22245198,,1.712441695558142,,640.446971825198004422,,,,
2017-05-29,29.0,,0.0,,239.57936412,,,,,,1000000.0,1000000.0,543085.682522263392,35.0,33.0,4173.982194394866,,126.62629394,,6.2623943220958145,,4178.667700130007434906,,,,
2017-05-30,31.0,,0.0,,532.74200445,,,,,,1000000.0,1000000.0,543085.682522263392,42.0,42.0,1877.0811980990836,,52.07336186,,37.25,,2187.081198099083566345,,,,
2017-05-31,51.0,,0.0,,47.86650175,,,,,,1000000.0,1000000.0,553585.682522263392,60.0,60.0,20891.436881662234,,348.19061469,,10.10146584081355,,20891.43688166223693087,,,,
2017-06-01,33.0,,0.0,,225.26862301,,,,,,1000000.0,1000000.0,553585.682522263392,48.0,48.0,4439.144638337597,,93.52384663,,38.074923989318044,,4489.144638337597335085,,,,
2017-06-02,12.0,,0.0,,1444.83500118,,,,,,1000000.0,1000000.0,553585.682522263392,16.0,16.0,692.1205529926237,,47.6523753,,9.35,,762.43800473870791104,,,,
2017-06-03,51.0,,0.0,,216.45668003,,,,,,1000000.0,1000000.0,553585.682522263392,63.0,63.0,4619.862042842816,,78.30033094,,10.709677419354838,,4932.920849342611910587,,,,
2017-06-04,38.0,,0.0,,205.83450917,,,,,,1000000.0,1000000.0,555685.682522263392,43.0,42.0,4858.271841869356,,116.91509533,,4.287461711711711,,4910.43400403151757939,,,,
2017-06-05,66.0,,0.0,,232.99580938,,,,,,1000000.0,1000000.0,555685.682522263392,95.0,95.0,4291.922685908648,,48.13644796,,15.6,,4572.962556416982351806,,,,
2017-06-06,29.0,,0.0,,855.01437815,,,,,,1000000.0,1000000.0,555685.682522263392,35.0,35.0,1169.5709751215395,,35.42245797,,16.0,,1239.78602888498027213,,,,
2017-06-07,36.0,,0.0,,706.70165531,,,,,,1000000.0,1000000.0,555685.682522263392,33.0,33.0,1415.0242786165577,,42.87952359,,18.495575221238937,,1415.024278616557735033,,,,
2017-06-08,40.0,,0.0,,180.09751093,,,,,,1000000.0,1000000.0,555685.682522263392,45.0,45.0,5552.547588529153,,123.40105752,,4.0,,5553.047588529152313835,,,,
2017-06-09,29.0,,0.0,,409.83480171,,,,,,1000000.0,1000000.0,556385.682522263392,38.0,38.0,2440.007524582548,,64.43385716,,3.83535,,2448.486572015207863284,,,,
2017-06-10,52.0,,0.0,,193.7158616,,,,,,1000000.0,1000000.0,556385.682522263392,82.0,82.0,5162.199892759718,,63.79446806,,23.879772519718735,,5231.146380752591035376,,,,
2017-06-11,33.0,,0.0,,644.81288932,,,,,,1000000.0,1000000.0,556385.682522263392,35.0,35.0,1550.8374856624475,,48.11404245,,15.0,,1683.991485662447635092,,,,
2017-06-12,47.0,,0.0,,195.4834158,,,,,,1000000.0,1000000.0,556385.682522263392,64.0,64.0,5115.523462177538,,84.42093724,,25.0,,5402.93998349009064646,,,,
2017-06-13,29.0,,0.0,,376.36494463,,,,,,1000000.0,1000000.0,556385.682522263392,31.0,31.0,2656.9955949975097,,86.81890717,,10.0,,2691.386122215140373047,,,,
2017-06-14,38.0,,0.0,,555.14272575,,,,,,1000000.0,1000000.0,556385.682522263392,61.0,61.0,1801.3385632499035,,29.79594438,,10.0,,1817.552607436494899468,,,,
2017-06-15,23.0,,0.0,,1219.53064819,,,,,,1000000.0,1000000.0,556385.682522263392,22.0,22.0,819.9875923415832,,38.22671091,,10.0,,840.98763996063074833,,,,
2017-06-16,29.0,,0.0,,832.7770171,,,,,,1000000.0,1000000.0,556385.682522263392,48.0,48.0,1200.8016305277995,,25.90004856,,5.165947690926508,,1243.202330779333246391,,,,
2017-06-17,15.0,,0.0,,4881.2615107,,,,,,1000000.0,1000000.0,556385.682522263392,15.0,15.0,204.86507387646748,,20.52992707,,6.011,,307.948906072519985894,,,,
2017-06-18,21.0,,0.0,,652.59877059,,,,,,1000000.0,1000000.0,556385.682522263392,27.0,27.0,1532.3350963373018,,67.85500357,,40.0,,1832.085096337301486937,,,,
2017-06-19,12.0,,0.0,,28284.89531573,,,,,,1000000.0,1000000.0,556385.682522263392,9.0,9.0,35.35455899120283,,3.92828433,,3.4,,35.35455899120282622,,,,
2017-06-20,30.0,,0.0,,1204.44184676,,,,,,1000000.0,1000000.0,556385.682522263392,36.0,33.0,830.2600932472393,,25.15939677,,10.960361445783132,,830.2600932472391546,,,,
2017-06-21,15.0,,0.0,,1716.48018639,,,,,,1000000.0,1000000.0,556385.682522263392,15.0,15.0,582.5875579167914,,58.53050386,,2.75,,877.957557916791379826,,,,
2017-06-22,40.0,,0.0,,573.38521453,,,,,,1000000.0,1000000.0,556385.682522263392,41.0,41.0,1744.028228608971,,42.69262509,,25.0,,1750.397628608971098965,,,,
2017-06-23,37.0,,0.0,,569.86689473,,,,,,1000000.0,1000000.0,556385.682522263392,29.0,29.0,1754.7957413371266,,62.21966034,,10.4,,1804.370149927686925834,,,,
2017-06-24,34.0,,0.0,,628.18407899,,,,,,1000000.0,1000000.0,556385.682522263392,44.0,42.0,1591.8900740237775,,38.53752307,,2.617648188537372,,1618.575968778889911422,,,,
2017-06-25,22.0,,0.0,,308.35966348,,,,,,1000000.0,1000000.0,556385.682522263392,32.0,32.0,3242.96630995907,,104.59791594,,19.070923495977233,,3347.133309959069649245,,,,
2017-06-26,21.0,,0.0,,787.84636316,,,,,,1000000.0,1000000.0,556385.682522263392,19.0,19.0,1269.2830058798438,,66.80436873,,40.0,,1269.283005879843353378,,,,
2017-06-27,24.0,,0.0,,555.53313591,,,,,,1000000.0,1000000.0,556385.682522263392,31.0,31.0,1800.0726425777973,,100.00957864,,25.928303660768727,,3100.296937940635104401,,,,
2017-06-28,39.0,,0.0,,510.33198312,,,,,,1000000.0,1000000.0,556385.682522263392,60.0,58.0,1959.5087768032752,,34.15612065,,15.3485,,1981.054997908802511875,,,,
2017-06-29,22.0,,0.0,,1330.55356696,,,,,,1000000.0,1000000.0,556385.682522263392,28.0,28.0,751.5668852639787,,29.00238876,,1.4231958762886598,,812.066885263978784982,,,,
2017-06-30,36.0,,0.0,,300.17681921,,,,,,1000000.0,1000000.0,556385.682522263392,57.0,57.0,3331.369832712504,,58.49231285,,29.13778795276299,,3334.061832712504442665,,,,
2017-07-01,17.0,,0.0,,3112.13718193,,,,,,1000000.0,1000000.0,556385.682522263392,12.0,12.0,321.32259651244806,,26.77854971,,10.0,,321.342596512447995668,,,,
2017-07-02,10.0,,0.0,,780.73557428,,,,,,1000000.0,1000000.0,556385.682522263392,12.0,12.0,1280.8433904492395,,110.38322387,,24.7725,,1324.598686420738611114,,,,
2017-07-03,22.0,,0.0,,3137.81963603,,,,,,1000000.0,1000000.0,556385.682522263392,26.0,26.0,318.69263246309606,,12.43155427,,5.733766233766234,,323.220410970174558306,,,,
2017-07-04,19.0,,0.0,,1164.90532119,,,,,,1000000.0,1000000.0,556385.682522263392,20.0,20.0,858.4388634948314,,44.03483002,,10.637,,880.696600336936499922,,,,
2017-07-05,21.0,,0.0,,980.13029337,,,,,,1000000.0,1000000.0,556385.682522263392,25.0,25.0,1020.2725155673007,,40.81090062,,5.256235294117647,,1020.27251556730067024,,,,
2017-07-06,6.0,,0.0,,9570.82089513,,,,,,1000000.0,1000000.0,556385.682522263392,4.0,4.0,104.48424549545364,,26.12106138,,12.450004210526316,,104.484245495453640406,,,,
2017-07-07,13.0,,0.0,,1558.56503222,,,,,,1000000.0,1000000.0,556385.682522263392,10.0,9.0,641.6158320795682,,71.29064801,,73.61875,,641.615832079568215384,,,,
2017-07-08,21.0,,0.0,,9750.22023437,,,,,,1000000.0,1000000.0,556385.682522263392,16.0,16.0,102.56178588412196,,7.97261162,,1.1548223350253808,,127.561785884121975489,,,,
2017-07-09,18.0,,0.0,,6712.17874768,,,,,,1000000.0,1000000.0,556385.682522263392,17.0,17.0,148.98292158061275,,9.64399539,,2.150516348817773,,163.947921580612775832,,,,
2017-07-10,11.0,,0.0,,1212.74368861,,,,,,1000000.0,1000000.0,556385.682522263392,10.0,10.0,824.5765444036994,,82.45765444,,21.92258883248731,,824.576544403699363161,,,,
2017-07-11,22.0,,0.0,,205.94343302,,,,,,1000000.0,1000000.0,556385.682522263392,18.0,18.0,4855.70229327648,,269.83151644,,10.0,,4856.967295840528669743,,,,
2017-07-12,28.0,,0.0,,249.02642939,,,,,,1000000.0,1000000.0,556385.682522263392,38.0,38.0,4015.6380286007084,,107.32771467,,5.0,,4078.453157532074453811,,,,
2017-07-13,17.0,,0.0,,2651.29130094,,,,,,1000000.0,1000000.0,556385.682522263392,15.0,15.0,377.17469960620565,,26.31831331,,17.6,,394.774699606205706265,,,,
2017-07-14,12.0,,0.0,,1423.07351299,,,,,,1000000.0,1000000.0,556385.682522263392,17.0,17.0,702.7043865793261,,80.68575435,,20.933165195460276,,1371.657824024583355796,,,,
2017-07-15,10.0,,0.0,,4643.15445632,,,,,,1000000.0,1000000.0,556385.682522263392,9.0,9.0,215.3708237380768,,23.93009153,,8.771929824561404,,215.370823738076815261,,,,
2017-07-16,7.0,,0.0,,2611.20219255,,,,,,1000000.0,1000000.0,556385.682522263392,7.0,7.0,382.9653647098516,,56.09062353,,9.669,,392.634364709851551955,,,,
2017-07-17,21.0,,0.0,,391.82194631,,,,,,1000000.0,1000000.0,556385.682522263392,36.0,36.0,2552.1796556211534,,85.67359174,,47.5,,3084.249302714865795866,,,,
2017-07-18,33.0,,0.0,,1634.21069131,,,,,,1000000.0,1000000.0,556385.682522263392,39.0,38.0,611.9162023095772,,19.42271211,,10.761904761904763,,738.063060019101158891,,,,
2017-07-19,20.0,,0.0,,1206.50059815,,,,,,1000000.0,1000000.0,556385.682522263392,21.0,21.0,828.8433520297729,,39.56873105,,8.988,,830.943352029772790083,,,,
2017-07-20,18.0,,0.0,,1141.64550375,,,,,,1000000.0,1000000.0,556385.682522263392,16.0,16.0,875.9286457251014,,54.74554036,,26.27872921615202,,875.928645725101285711,,,,
2017-07-21,18.0,,0.0,,716.99559209,,,,,,1000000.0,1000000.0,556385.682522263392,31.0,31.0,1394.708713738334,,44.99060367,,5.926872606060606,,1394.708713738333536824,,,,
2017-07-22,14.0,,0.0,,9524.07878037,,,,,,1000000.0,1000000.0,556385.682522263392,11.0,11.0,104.99703153030303,,12.10427559,,5.4,,133.147031530303030301,,,,
2017-07-23,20.0,,0.0,,976.54020018,,,,,,1000000.0,1000000.0,556385.682522263392,32.0,32.0,1024.0233835851009,,32.89891622,,18.5,,1052.765319068971882114,,,,
2017-07-24,26.0,,0.0,,1701.4828779,,,,,,1000000.0,1000000.0,556385.682522263392,27.0,27.0,587.7226347601924,,31.9308605,,10.000363326775291,,862.133233381085280446,,,,
2017-07-25,12.0,,0.0,,9787.17161339,,,,,,1000000.0,1000000.0,556385.682522263392,9.0,9.0,102.17456477741227,,11.35272942,,1.377,,102.174564777412277521,,,,
2017-07-26,23.0,,0.0,,534.82779661,,,,,,1000000.0,1000000.0,556385.682522263392,22.0,22.0,1869.760708650751,,84.99366858,,27.5,,1869.860708650751085407,,,,
2017-07-27,19.0,,0.0,,600.64586607,,,,,,1000000.0,1000000.0,556385.682522263392,21.0,21.0,1664.8745233822763,,79.51783445,,20.0,,1669.874523382276413248,,,,
2017-07-28,19.0,,0.0,,511.51621516,,,,,,1000000.0,1000000.0,556385.682522263392,23.0,22.0,1954.9722381388042,,88.86237446,,23.284,,1954.972238138804262494,,,,
2017-07-29,15.0,,0.0,,1196.38403972,,,,,,1000000.0,1000000.0,556385.682522263392,17.0,17.0,835.8520063789107,,49.47717685,,14.291,,841.11200637891071075,,,,
2017-07-30,3.0,,0.0,,29197.08029206,,,,,,1000000.0,1000000.0,556385.682522263392,2.0,2.0,34.2499999999,,34.25,,34.2499999999,,68.4999999998,,,,
2017-07-31,12.0,,0.0,,631.24794612,,,,,,1000000.0,1000000.0,556385.682522263392,14.0,14.0,1584.163570199361,,114.94025501,,100.125,,1609.163570199360746689,,,,
2017-08-01,26.0,,0.0,,60.19295779,,,,,,1000000.0,1000000.0,556385.682522263392,32.0,32.0,16613.23910228282,,519.19497195,,16.1235,,16614.239102282821831656,,,,
2017-08-02,20.0,,0.0,,164.86725418,,,,,,1000000.0,1000000.0,556385.682522263392,25.0,25.0,6065.485865993256,,242.61943464,,85.06723462173436,,6065.485865993255248378,,,,
2017-08-03,23.0,,0.0,,1287.59852259,,,,,,1000000.0,1000000.0,556385.682522263392,22.0,22.0,776.6395988017491,,35.34725449,,11.991360804463099,,777.639598801749129036,,,,
2017-08-04,22.0,,0.0,,402.6716829,,,,,,1000000.0,1000000.0,556385.682522263392,29.0,29.0,2483.412771408218,,85.76525301,,14.686248331108144,,2487.192337158217959568,,,,
2017-08-05,23.0,,0.0,,98.1232227,,,,,,1000000.0,1000000.0,556385.682522263392,21.0,21.0,10191.267392776708,,486.26204728,,4.0009,,10211.502992776709694268,,,,
2017-08-06,29.0,,0.0,,454.29168224,,,,,,1000000.0,1000000.0,556385.682522263392,35.0,35.0,2201.2289440877194,,65.04338682,,15.5184,,2276.51853864170657091,,,,
2017-08-07,18.0,,0.0,,1727.77768639,,,,,,1000000.0,1000000.0,556385.682522263392,13.0,13.0,578.7781656621709,,44.75216659,,3.0,,581.778165662170905859,,,,
2017-08-08,23.0,,0.0,,337.26761916,,,,,,1000000.0,1000000.0,556385.682522263392,42.0,42.0,2965.0044747145917,,71.07153511,,22.112,,2985.004474714591629319,,,,
2017-08-09,20.0,,0.0,,2045.24597591,,,,,,1000000.0,1000000.0,556385.682522263392,20.0,20.0,488.93874466977525,,31.59693723,,11.264604638307496,,631.938744669775261878,,,,
2017-08-10,26.0,,0.0,,533.0498702,,,,,,1000000.0,1000000.0,556385.682522263392,36.0,36.0,1875.9970800289389,,52.45825222,,9.993333333333334,,1888.497080028938859989,,,,
2017-08-11,30.0,,0.0,,214.75707527,,,,,,1000000.0,1000000.0,556385.682522263392,35.0,35.0,4656.424002584339,,134.08648503,,12.602973635949,,4693.02697622028899841,,,,
2017-08-12,16.0,,0.0,,1944.45410266,,,,,,1000000.0,1000000.0,556385.682522263392,17.0,17.0,514.2831597998459,,32.95195058,,15.67878947368421,,560.183159799845808134,,,,
2017-08-13,17.0,,0.0,,862.30318173,,,,,,1000000.0,1000000.0,556385.682522263392,29.0,29.0,1159.6849242621533,,43.5140994,,10.0,,1261.908882595486745284,,,,
2017-08-14,10.0,,0.0,,5134.9977371,,,,,,1000000.0,1000000.0,556385.682522263392,7.0,7.0,194.74205271314707,,27.82029324,,22.0,,194.742052713147076096,,,,
2017-08-15,26.0,,0.0,,2059.55507927,,,,,,1000000.0,1000000.0,556385.682522263392,30.0,30.0,485.5417609675457,,18.7240587,,10.45063915388309,,561.721760967545824823,,,,
2017-08-16,29.0,,0.0,,1106.26109682,,,,,,1000000.0,1000000.0,556385.682522263392,30.0,30.0,903.9457347560494,,30.46485783,,8.435,,913.945734756049367862,,,,
2017-08-17,24.0,,0.0,,3398.98286696,,,,,,1000000.0,1000000.0,556385.682522263392,19.0,19.0,294.2056606756384,,15.90107364,,3.5335689045936394,,302.120399237729910408,,,,
2017-08-18,11.0,,0.0,,904.73343904,,,,,,1000000.0,1000000.0,556385.682522263392,10.0,10.0,1105.2979329,,111.92982258,,7.00014645,,1119.2982258,,,,
2017-08-19,16.0,,0.0,,919.10409931,,,,,,1000000.0,1000000.0,556385.682522263392,20.0,20.0,1088.0160373016595,,55.69325753,,8.61637109113599,,1113.865150575067482831,,,,
2017-08-20,18.0,,0.0,,1731.42707929,,,,,,1000000.0,1000000.0,556385.682522263392,35.0,35.0,577.5582535131283,,19.6159501,,8.61,,686.558253513128200698,,,,
2017-08-21,18.0,,0.0,,1197.37932039,,,,,,1000000.0,1000000.0,556385.682522263392,24.0,24.0,835.1572329437158,,37.21488471,,30.0,,893.157232943715957611,,,,
2017-08-22,24.0,,0.0,,3232.03622393,,,,,,1000000.0,1000000.0,556385.682522263392,26.0,25.0,309.40247284281565,,12.45609891,,2.72255,,311.402472842815695943,,,,
2017-08-23,29.0,,0.0,,633.61740725,,,,,,1000000.0,1000000.0,556385.682522263392,24.0,24.0,1578.239468412669,,66.17664452,,3.497,,1588.239468412669226998,,,,
2017-08-24,17.0,,0.0,,12699.1652929,,,,,,1000000.0,1000000.0,556385.682522263392,19.0,19.0,78.74533301485961,,5.82930225,,3.537,,110.756742783586393926,,,,
2017-08-25,19.0,,0.0,,704.11481532,,,,,,1000000.0,1000000.0,556385.682522263392,34.0,34.0,1420.222921386693,,41.77126239,,18.978391356542616,,1420.222921386693277803,,,,
2017-08-26,21.0,,0.0,,240.28497161,,,,,,1000000.0,1000000.0,556385.682522263392,31.0,31.0,4161.725110466042,,153.67323683,,100.0,,4763.870341782767709838,,,,
2017-08-27,18.0,,0.0,,2962.00976634,,,,,,1000000.0,1000000.0,556385.682522263392,20.0,20.0,337.6086099926704,,20.3804305,,15.0,,407.608609992670336944,,,,
2017-08-28,16.0,,0.0,,5609.68710054,,,,,,1000000.0,1000000.0,556385.682522263392,14.0,14.0,178.26306210632134,,13.01879015,,2.6032989884393065,,182.263062106321349589,,,,
2017-08-29,15.0,,0.0,,1779.58359819,,,,,,1000000.0,1000000.0,556385.682522263392,12.0,12.0,561.9292069311613,,51.55292391,,6.70588,,618.635086931161324224,,,,
2017-08-30,38.0,,0.0,,755.68698969,,,,,,1000000.0,1000000.0,556385.682522263392,48.0,48.0,1323.2992146861761,,33.04561766,,13.55,,1586.189647805513804244,,,,
2017-08-31,9.0,,0.0,,6676.57076069,,,,,,1000000.0,1000000.0,556385.682522263392,9.0,9.0,149.77748845076513,,16.64194316,,6.002,,149.777488450765152426,,,,
2017-09-01,25.0,,0.0,,5112.78226735,,,,,,1000000.0,1000000.0,556385.682522263392,29.0,29.0,195.58822334087577,,7.01987307,,5.0,,203.576319006692153317,,,,
2017-09-02,24.0,,0.0,,1811.04757825,,,,,,1000000.0,1000000.0,556385.682522263392,23.0,23.0,552.1666089877776,,24.00724387,,8.0,,552.166608987777606258,,,,
2017-09-03,26.0,,0.0,,4803.36594235,,,,,,1000000.0,1000000.0,556385.682522263392,28.0,28.0,208.18734445839556,,7.54024066,,0.34821469906097435,,211.126738397789662047,,,,
2017-09-04,30.0,,0.0,,330.50334175,,,,,,1000000.0,1000000.0,556385.682522263392,40.0,40.0,3025.688014852704,,75.77401855,,14.08685,,3030.960742125431017481,,,,
2017-09-05,28.0,,0.0,,2103.63035954,,,,,,1000000.0,1000000.0,556385.682522263392,35.0,34.0,475.3686860730772,,14.34172606,,5.225247524752476,,487.618686073077154625,,,,
2017-09-06,25.0,,0.0,,1064.06313823,,,,,,1000000.0,1000000.0,556385.682522263392,30.0,28.0,939.7938562781407,,33.87333963,,10.166631111585179,,948.453509743487193327,,,,
2017-09-07,38.0,,0.0,,127.14754476,,,,,,1000000.0,1000000.0,556385.682522263392,60.0,64.0,7864.878570221392,,122.92807951,,34.75925925925926,,7867.397088739910130278,,,,
2017-09-08,15.0,,0.0,,6195.97138806,,,,,,1000000.0,1000000.0,556385.682522263392,16.0,16.0,161.39519332310343,,16.44136625,,1.4743589743589745,,263.061859989770090718,,,,
2017-09-09,19.0,,0.0,,586.83451659,,,,,,1000000.0,1000000.0,556385.682522263392,16.0,15.0,1704.057910239363,,113.67052735,,8.235,,1705.057910239363008968,,,,
2017-09-10,17.0,,0.0,,2312.5052106,,,,,,1000000.0,1000000.0,556385.682522263392,15.0,15.0,432.4314580631597,,28.82876387,,34.82,,432.431458063159705106,,,,
2017-09-11,44.0,,0.0,,504.03946296,,,,,,1000000.0,1000000.0,556385.682522263392,60.0,59.0,1983.9716400973716,,33.63626509,,4.2,,1984.539640097371523168,,,,
2017-09-12,28.0,,0.0,,445.40136047,,,,,,1000000.0,1000000.0,556385.682522263392,42.0,42.0,2245.1660204542254,,53.6811862,,30.0,,2254.609820454225120152,,,,
2017-09-13,17.0,,0.0,,3594.84987201,,,,,,1000000.0,1000000.0,556385.682522263392,17.0,17.0,278.17573350841354,,16.95151374,,9.653840849537994,,288.175733508413549645,,,,
2017-09-14,15.0,,0.0,,11264.37968195,,,,,,1000000.0,1000000.0,556385.682522263392,12.0,11.0,88.77541668826638,,8.07049243,,2.0,,88.775416688266374239,,,,
2017-09-15,13.0,,0.0,,3400.32938997,,,,,,1000000.0,1000000.0,556385.682522263392,16.0,16.0,294.08915587657793,,19.18452794,,4.417721518987341,,306.952447015818397875,,,,
2017-09-16,9.0,,0.0,,182.54626243,,,,,,1000000.0,1000000.0,556385.682522263392,12.0,13.0,5478.063405336252,,422.08647422,,8.860759493670885,,5487.124164829921846792,,,,
2017-09-17,11.0,,0.0,,1920.79615901,,,,,,1000000.0,1000000.0,556385.682522263392,13.0,13.0,520.6174508994621,,43.66288084,,42.0,,567.617450899462201455,,,,
2017-09-18,15.0,,0.0,,869.25309213,,,,,,1000000.0,1000000.0,556385.682522263392,22.0,21.0,1150.4129338730024,,54.97966352,,19.5,,1154.572933873002492713,,,,
2017-09-19,19.0,,0.0,,385.4384842,,,,,,1000000.0,1000000.0,556385.682522263392,31.0,31.0,2594.447729026555,,83.69186223,,17.5,,2594.447729026555288593,,,,
2017-09-20,6.0,,0.0,,5682.3993363,,,,,,1000000.0,1000000.0,556385.682522263392,10.0,10.0,175.982,,17.5982,,5.0,,175.982,,,,
2017-09-21,23.0,,0.0,,547.66073377,,,,,,1000000.0,1000000.0,556385.682522263392,39.0,41.0,1825.9479607232283,,45.96214538,,20.0,,1884.447960723228405687,,,,
2017-09-22,10.0,,0.0,,542.13736206,,,,,,1000000.0,1000000.0,556385.682522263392,16.0,16.0,1844.550975424511,,115.28443596,,111.0,,1844.550975424511177703,,,,
2017-09-23,15.0,,0.0,,3979.74342892,,,,,,1000000.0,1000000.0,556385.682522263392,12.0,12.0,251.27247971131928,,42.9706104,,14.15,,515.647324771914770734,,,,
2017-09-24,10.0,,0.0,,902.1156878,,,,,,1000000.0,1000000.0,556385.682522263392,9.0,10.0,1108.505276569644,,110.85052766,,1.5,,1108.505276569643889772,,,,
2017-09-25,15.0,,0.0,,695.36426573,,,,,,1000000.0,1000000.0,556385.682522263392,18.0,20.0,1438.095181604296,,78.20397842,,20.0,,1564.07956831294402858,,,,
2017-09-26,15.0,,0.0,,1798.00899654,,,,,,1000000.0,1000000.0,556385.682522263392,16.0,16.0,556.1707432628427,,34.76067145,,20.274256570629163,,556.170743262842671099,,,,
2017-09-27,14.0,,0.0,,693.61269865,,,,,,1000000.0,1000000.0,556385.682522263392,11.0,13.0,1441.7267762682982,,110.90359817,,96.25954198473282,,1441.746776268298158956,,,,
2017-09-28,7.0,,0.0,,1517.04974709,,,,,,1000000.0,1000000.0,556385.682522263392,7.0,7.0,659.1741648023863,,94.16773783,,38.63768115942029,,659.174164802386278896,,,,
2017-09-29,6.0,,0.0,,1411.831145,,,,,,1000000.0,1000000.0,556385.682522263392,3.0,3.0,708.3,,236.1,,200.0,,708.3,,,,
2017-09-30,7.0,,0.0,,662.68302061,,,,,,1000000.0,1000000.0,556385.682522263392,4.0,4.0,1509.0170849368578,,379.04189874,,254.5085424684289,,1516.167594936857847,,,,
2017-10-01,15.0,,0.0,,2444.40496202,,,,,,1000000.0,1000000.0,556385.682522263392,13.0,13.0,409.0975167942177,,31.74486393,,3.585714285714286,,412.683231079931972793,,,,
2017-10-02,18.0,,0.0,,2884.73933316,,,,,,1000000.0,1000000.0,556385.682522263392,17.0,19.0,346.65177144650244,,19.84264082,,10.0,,377.010175546063213694,,,,
2017-10-03,17.0,,0.0,,7342.04578658,,,,,,1000000.0,1000000.0,556385.682522263392,20.0,21.0,136.20182018309987,,6.96199144,,2.3520335060068334,,146.201820183099865212,,,,
2017-10-04,12.0,,0.0,,7525.02209726,,,,,,1000000.0,1000000.0,556385.682522263392,9.0,9.0,132.88997521542095,,14.7655528,,2.8286929242040717,,132.889975215420928868,,,,
2017-10-05,16.0,,0.0,,4874.46718847,,,,,,1000000.0,1000000.0,556385.682522263392,14.0,14.0,205.15062699872183,,15.42912642,,11.73441053639792,,216.00776985586469618,,,,
2017-10-06,15.0,,0.0,,1229.63839127,,,,,,1000000.0,1000000.0,556385.682522263392,11.0,11.0,813.2472173136666,,73.93156521,,10.0,,813.247217313666648058,,,,
2017-10-07,14.0,,0.0,,2836.17275349,,,,,,1000000.0,1000000.0,556385.682522263392,11.0,14.0,352.5878311777153,,28.44439989,,9.9860529986053,,398.221598462034920507,,,,
2017-10-08,30.0,,0.0,,607.27579652,,,,,,1000000.0,1000000.0,556385.682522263392,35.0,35.0,1646.6982641618026,,55.43880755,,9.999200026309534,,1940.358264161802412496,,,,
2017-10-09,19.0,,0.0,,1611.99816176,,,,,,1000000.0,1000000.0,556385.682522263392,18.0,18.0,620.3481019514867,,45.57680715,,1.0,,820.382528768388127606,,,,
2017-10-10,28.0,,0.0,,377.98415592,,,,,,1000000.0,1000000.0,556385.682522263392,26.0,27.0,2645.613537868635,,97.98568659,,5.0,,2645.613537868634928094,,,,
2017-10-11,17.0,,0.0,,498.14699066,,,,,,1000000.0,1000000.0,556385.682522263392,22.0,22.0,2007.4396087048417,,95.79270949,,74.9080696128144,,2107.439608704841645218,,,,
2017-10-12,11.0,,0.0,,125.69984618,,,,,,1000000.0,1000000.0,556385.682522263392,7.0,7.0,7955.459217777778,,1137.06560254,,4.0,,7959.459217777777777776,,,,
2017-10-13,25.0,,0.0,,1560.46411482,,,,,,1000000.0,1000000.0,556385.682522263392,19.0,27.0,640.8349865277268,,24.03389404,,8.249197523991988,,648.915139199482367218,,,,
2017-10-14,16.0,,0.0,,2685.02815521,,,,,,1000000.0,1000000.0,556385.682522263392,17.0,17.0,372.4355731830986,,45.67209254,,14.918,,776.425573183098591551,,,,
2017-10-15,30.0,,0.0,,843.30603421,,,,,,1000000.0,1000000.0,556385.682522263392,32.0,35.0,1185.8091362308567,,33.88026104,,7.0,,1185.809136230856490577,,,,
2017-10-16,11.0,,0.0,,1132.21266169,,,,,,1000000.0,1000000.0,556385.682522263392,9.0,9.0,883.2263,,98.13625556,,10.0,,883.2263,,,,
2017-10-17,15.0,,0.0,,4558.44174159,,,,,,1000000.0,1000000.0,556385.682522263392,16.0,15.0,219.37321055914873,,14.6248807,,1.5151515151515151,,219.373210559148733622,,,,
2017-10-18,18.0,,0.0,,11491.90221186,,,,,,1000000.0,1000000.0,556385.682522263392,15.0,18.0,87.01779579778253,,5.20332456,,1.513076923076923,,93.659842052181720586,,,,
2017-10-19,28.0,,0.0,,4257.37656676,,,,,,1000000.0,1000000.0,556385.682522263392,25.0,26.0,234.88643400885195,,9.03409362,,2.9396455696202533,,234.886434008851915186,,,,
2017-10-20,15.0,,0.0,,1364.07144816,,,,,,1000000.0,1000000.0,556385.682522263392,17.0,17.0,733.0994291736771,,45.15969493,,2.0,,767.714813789061796576,,,,
2017-10-21,19.0,,0.0,,510.6658795,,,,,,1000000.0,1000000.0,556385.682522263392,20.0,20.0,1958.2275615705535,,120.41137808,,13.164346812596527,,2408.227561570596868797,,,,
2017-10-22,19.0,,0.0,,4253.14407384,,,,,,1000000.0,1000000.0,556385.682522263392,18.0,18.0,235.12017995118111,,19.36390306,,2.0,,348.550255131181074008,,,,
2017-10-23,9.0,,0.0,,397.48373977,,,,,,1000000.0,1000000.0,556385.682522263392,6.0,6.0,2515.826183398077,,419.3043639,,7.404493147700449,,2515.826183398077016283,,,,
2017-10-24,19.0,,0.0,,4992.65035592,,,,,,1000000.0,1000000.0,556385.682522263392,13.0,13.0,200.29441853731217,,15.63602049,,2.7906976744186047,,203.268266394880970506,,,,
2017-10-25,14.0,,0.0,,14111.48779952,,,,,,1000000.0,1000000.0,556385.682522263392,14.0,14.0,70.8642500498104,,5.06173215,,2.543462406,,70.86425004981039943,,,,
2017-10-26,13.0,,0.0,,3225.95110267,,,,,,1000000.0,1000000.0,556385.682522263392,9.0,9.0,309.9860996564529,,35.62067774,,10.6,,320.586099656452959709,,,,
2017-10-27,19.0,,0.0,,4783.28563833,,,,,,1000000.0,1000000.0,556385.682522263392,17.0,17.0,209.0613180166353,,12.35945843,,1.0494752623688155,,210.110793279004140355,,,,
2017-10-28,15.0,,0.0,,1637.60299546,,,,,,1000000.0,1000000.0,556385.682522263392,17.0,17.0,610.6486143297437,,47.77340381,,2.2785415140525065,,812.147864704555636373,,,,
2017-10-29,14.0,,0.0,,1190.99773998,,,,,,1000000.0,1000000.0,556385.682522263392,11.0,11.0,839.6321558216193,,76.43019598,,6.333,,840.732155821619352791,,,,
2017-10-30,9.0,,0.0,,2619.64551521,,,,,,1000000.0,1000000.0,556385.682522263392,7.0,7.0,381.7310373457208,,54.53300534,,6.998,,381.731037345720795026,,,,
2017-10-31,22.0,,0.0,,3656.21243544,,,,,,1000000.0,1000000.0,556585.682522263392,18.0,19.0,273.5070835346715,,14.60563598,,2.5,,277.507083534671491192,,,,
2017-11-01,6.0,,0.0,,63609.69169927,,,,,,1000000.0,1000000.0,556585.682522263392,4.0,4.0,15.720874811463046,,3.9302187,,3.9489374057315234,,15.720874811463046756,,,,
2017-11-02,15.0,,0.0,,4119.98981425,,,,,,1000000.0,1000000.0,556585.682522263392,15.0,22.0,242.71904666907338,,15.62359303,,0.613653845,,343.719046669073364671,,,,
2017-11-03,7.0,,0.0,,79141.06707047,,,,,,1000000.0,1000000.0,556585.682522263392,6.0,6.0,12.635664857911907,,2.10594414,,0.4875,,12.635664857911906197,,,,
2017-11-04,54.0,,0.0,,89.0411485,,,,,,1000000.0,1000000.0,556585.682522263392,74.0,76.0,11230.762595714641,,150.23524466,,11.252956433476125,,11417.878594346483807522,,,,
2017-11-05,35.0,,0.0,,6226.69525153,,,,,,1000000.0,1000000.0,556585.682522263392,35.0,34.0,160.59883447061756,,6.67204062,,3.9788732394366195,,226.849381200882981431,,,,
2017-11-06,35.0,,0.0,,350.09597307,,,,,,1000000.0,1000000.0,556585.682522263392,52.0,49.0,2856.3596182574756,,70.83117755,,10.0,,3470.727700001869067082,,,,
2017-11-07,26.0,,0.0,,3048.47309552,,,,,,1000000.0,1000000.0,556585.682522263392,28.0,32.0,328.0330738257104,,10.28228356,,4.613166666666666,,329.033073825710394443,,,,
2017-11-08,107.0,,0.0,,1504.11496475,,,,,,1000000.0,1000000.0,556585.682522263392,129.0,132.0,664.8427968843405,,6.04320645,,1.671541997492687,,797.703251618365544731,,,,
2017-11-09,58.0,,0.0,,690.72608304,,,,,,1000000.0,1000000.0,556585.682522263392,76.0,72.0,1447.7519012919095,,36.04208066,,1.4014084507042253,,2595.029807445401903152,,,,
2017-11-10,25.0,,0.0,,105.5813927,,,,,,1000000.0,1000000.0,561885.682522263392,27.0,25.0,9471.365876636404,,379.95670403,,6.896551724137931,,9498.917600774333601529,,,,
2017-11-11,15.0,,0.0,,7051.6718859,,,,,,1000000.0,1000000.0,561885.682522263392,16.0,16.0,141.81034174307936,,9.83659464,,4.137931034482759,,157.38551415687246316,,,,
2017-11-12,36.0,,0.0,,1100.05771563,,,,,,1000000.0,1000000.0,561885.682522263392,49.0,48.0,909.043212729416,,19.57174667,,2.7586206896551726,,939.443840315622876718,,,,
2017-11-13,39.0,,0.0,,668.56723305,,,,,,1000000.0,1000000.0,561885.682522263392,31.0,29.0,1495.735881998393,,56.6388764,,12.06745883135651,,1642.52741573117656775,,,,
2017-11-14,36.0,,0.0,,812.07017996,,,,,,1000000.0,1000000.0,561885.682522263392,32.0,32.0,1231.4206637338382,,38.74484464,,1.37,,1239.835028374722102302,,,,
2017-11-15,15.0,,0.0,,6331.81500577,,,,,,1000000.0,1000000.0,561885.682522263392,15.0,14.0,157.9325989607998,,11.85607751,,1.2430939226519337,,165.985085148645093397,,,,
2017-11-16,28.0,,0.0,,1600.70928691,,,,,,1000000.0,1000000.0,561885.682522263392,34.0,35.0,624.7230575705325,,30.32613175,,5.362251537662834,,1061.41461140369862474,,,,
2017-11-17,28.0,,0.0,,1540.7264505,,,,,,1000000.0,1000000.0,561885.682522263392,36.0,34.0,649.0444813699036,,19.92575494,,1.770593214084507,,677.475667882921198926,,,,
2017-11-18,25.0,,0.0,,3639.5170252,,,,,,1000000.0,1000000.0,561885.682522263392,21.0,21.0,274.76173159153086,,15.01905981,,1.9401947148817802,,315.400255944162869674,,,,
2017-11-19,20.0,,0.0,,1699.75962645,,,,,,1000000.0,1000000.0,561885.682522263392,55.0,54.0,588.3184801169629,,12.74735396,,7.00278164116829,,688.357114022078022533,,,,
2017-11-20,55.0,,0.0,,163.92920239,,,,,,1000000.0,1000000.0,561885.682522263392,141.0,143.0,6100.1943851414035,,48.61773979,,20.833333333333332,,6952.336789578552988643,,,,
2017-11-21,47.0,,0.0,,224.25581167,,,,,,1000000.0,1000000.0,561885.682522263392,68.0,71.0,4459.193242532436,,92.54725796,,9.615384615384615,,6570.855314835508247796,,,,
2017-11-22,56.0,,0.0,,252.15047018,,,,,,1000000.0,1000000.0,561885.682522263392,91.0,91.0,3965.885922330241,,44.41231029,,2.5,,4041.520236371659032264,,,,
2017-11-23,34.0,,0.0,,492.81965923,,,,,,1000000.0,1000000.0,561885.682522263392,46.0,45.0,2029.1398309244314,,46.53937567,,6.0,,2094.271904998505375684,,,,
2017-11-24,47.0,,0.0,,182.64818753,,,,,,1000000.0,1000000.0,561885.682522263392,89.0,89.0,5475.006423683676,,77.46204119,,4.642409033877039,,6894.121665841768764143,,,,
2017-11-25,45.0,,0.0,,317.59760392,,,,,,1000000.0,1000000.0,561885.682522263392,108.0,114.0,3148.6383639777955,,17575.81706969,,3.3835406976744187,,2003643.145944180361434829,,,,
2017-11-26,38.0,,0.0,,2288.78288841,,,,,,1000000.0,1000000.0,561885.682522263392,45.0,45.0,436.9134377323712,,10.30356502,,1.44,,463.660425856504931538,,,,
2017-11-27,41.0,,0.0,,468.8756128,,,,,,1000000.0,1000000.0,561885.682522263392,49.0,50.0,2132.7618086828948,,42.95877924,,2.9488622,,2147.938961848707681625,,,,
2017-11-28,67.0,,0.0,,195.71150569,,,,,,1000000.0,1000000.0,561885.682522263392,95.0,126.0,5109.561629957946,,53.34931602,,7.740765,,6722.013819143031230627,,,,
2017-11-29,43.0,,0.0,,654.64423991,,,,,,1000000.0,1000000.0,561885.682522263392,47.0,49.0,1527.5472371593942,,41.40075313,,13.594136642267964,,2028.636903544301879606,,,,
2017-11-30,36.0,,0.0,,1641.5025755,,,,,,1000000.0,1000000.0,561885.682522263392,37.0,41.0,609.1979476170789,,88.37484035,,1.15,,3623.368454529521305751,,,,
2017-12-01,36.0,,0.0,,2080.67892496,,,,,,1000000.0,1000000.0,561885.682522263392,45.0,57.0,480.61235590204274,,146.02425216,,2.4093482712926155,,8323.382372971253478437,,,,
2017-12-02,39.0,,0.0,,2297.65074177,,,,,,1000000.0,1000000.0,561885.682522263392,34.0,34.0,435.22715694704567,,12.92985376,,1.509771553912377,,439.615027693257776015,,,,
2017-12-03,43.0,,0.0,,790.63816304,,,,,,1000000.0,1000000.0,561885.682522263392,50.0,58.0,1264.8010768341621,,25.24089251,,5.793868781678095,,1463.971765485164500203,,,,
2017-12-04,23.0,,0.0,,2669.29682345,,,,,,1000000.0,1000000.0,561885.682522263392,26.0,26.0,374.63049864516006,,33.36842074,,11.750881316098708,,867.578939233458783722,,,,
2017-12-05,23.0,,0.0,,1698.14017996,,,,,,1000000.0,1000000.0,561885.682522263392,20.0,21.0,588.879535272061,,29.04106519,,10.033833815028903,,609.862369087089990233,,,,
2017-12-06,17.0,,0.0,,691.92967768,,,,,,1000000.0,1000000.0,561885.682522263392,24.0,25.0,1445.2335725187293,,67.5455829,,21.733,,1688.639572518729244778,,,,
2017-12-07,29.0,,0.0,,2121.52905692,,,,,,1000000.0,1000000.0,561885.682522263392,34.0,34.0,471.3581446069569,,15.67158458,,5.45,,532.833875601108896861,,,,
2017-12-08,38.0,,0.0,,1574.45432359,,,,,,1000000.0,1000000.0,561885.682522263392,62.0,65.0,635.1406865311492,,10.58290857,,3.179190751445087,,687.889057235337278688,,,,
2017-12-09,34.0,,0.0,,486.69887856,,,,,,1000000.0,1000000.0,561885.682522263392,39.0,44.0,2054.658525105412,,46.76521098,,12.012442045454545,,2057.669283026306954628,,,,
2017-12-10,102.0,,0.0,,334.76589983,,,,,,1000000.0,1000000.0,561885.682522263392,126.0,125.0,2987.1620750976704,,24.45068926,,5.445050055617353,,3056.336157984378937087,,,,
2017-12-11,59.0,,0.0,,1322.35471461,,,,,,1000000.0,1000000.0,561885.682522263392,76.0,76.0,756.226743814487,,10.52435292,,3.066666666666667,,799.850821592264838683,,,,
2017-12-12,91.0,,0.0,,382.02342068,,,,,,1000000.0,1000000.0,561885.682522263392,110.0,112.0,2617.6405577641017,,7738.31570099,,4.2,,866691.358510697344742181,,,,
2017-12-13,108.0,,0.0,,15.53048103,,,,,,1000000.0,1000000.0,611885.682522263392,143.0,155.0,64389.5059017747,,418.88055083,,4.0,,64926.485378878429503999,,,,
2017-12-14,134.0,,0.0,,44.91621974,,,,,,1000000.0,1000000.0,611885.682522263392,197.0,236.0,22263.67236194329,,202.29022566,,3.399325773330531,,47740.493255926982291736,,,,
2017-12-15,128.0,,0.0,,130.89535162,,,,,,1000000.0,1000000.0,611885.682522263392,195.0,205.0,7639.690696791746,,46.43440022,,3.4483055888412832,,9519.052044289227606939,,,,
2017-12-16,240.0,,0.0,,27.87281285,,,,,,1000000.0,1000000.0,611885.682522263392,416.0,438.0,35877.25448886507,,139.92842969,,4.031802721088435,,61288.65220444314637925,,,,
2017-12-17,184.0,,0.0,,237.84116693,,,,,,1000000.0,1000000.0,611885.682522263392,248.0,267.0,4204.486603077677,,19.92086594,,2.0,,5318.871206780943319626,,,,
2017-12-18,213.0,,0.0,,3.68073473,,,,,,1000000.0,1000000.0,503385.682522263392,302.0,363.0,271684.88695740857,,1181.25878857,,6.061,,428796.940249740646904009,,,,
2017-12-19,350.0,,0.0,,25.16634364,,,,,,1000000.0,1000000.0,503385.682522263392,588.0,712.0,39735.60936657484,,120.51719852,,5.7985,,85808.245345445802620214,,,,
2017-12-20,171.0,,0.0,,42.98857537,,,,,,1000000.0,1000000.0,503385.682522263392,297.0,339.0,23261.99441064589,,102.74354062,,3.62534546445627,,34830.060270904386759122,,,,
2017-12-21,195.0,,0.0,,43.18773234,,,,,,1000000.0,1000000.0,503385.682522263392,230.0,271.0,23154.723478081993,,125.12961584,,4.333432468677736,,33910.125892306791976796,,,,
2017-12-22,178.0,,0.0,,164.92998836,,,,,,1000000.0,1000000.0,503385.682522263392,296.0,314.0,6063.17874599999,,76.24068559,,2.335548495,,23939.575275078950724045,,,,
2017-12-23,165.0,,0.0,,29.16718684,,,,,,1000000.0,1000000.0,488385.682522263392,244.0,256.0,34285.102826811744,,203.50581603,,3.213836691272958,,52097.488902761976658526,,,,
2017-12-24,125.0,,0.0,,49.88743511,,,,,,1000000.0,1000000.0,488385.682522263392,189.0,218.0,20045.127553521015,,124.44389761,,2.1253414098781813,,27128.769678335573372849,,,,
2017-12-25,103.0,,0.0,,630.40627237,,,,,,1000000.0,1000000.0,488385.682522263392,123.0,132.0,1586.278633051316,,16.18962267,,1.4353524500873764,,2137.030192595703717381,,,,
2017-12-26,132.0,1256559163.32379,0.0,0.0,183.65796718,,0.07989747185727447,1256.55916332379,,,1000000.0,1000000.0,488385.682522263392,230.0,245.0,5444.903999382624,6841844.01384258799614381182496,66.09120622,83047.5107908632655219738,2.7198,3417.589612408044042,16192.345524552925612153,20346640.14458193971380322809189801987,,,
2017-12-27,134.0,1256559163.32379,0.0,0.0,215.43864142,,0.08165307144456203,1256.55916332379,,,1000000.0,1000000.0,488385.682522263392,264.0,288.0,4641.692843139268,5832561.67538110261619274758572,19.6733352,24720.709618700466804408,2.9305,3682.346628120366595,5665.920538736740719129,7119564.37161411640661432360647377891,,,
2017-12-28,95.0,1256559163.32379,0.0,0.0,420.92181435,,0.08793613253320219,1256.55916332379,,,1000000.0,1000000.0,488385.682522263392,146.0,167.0,2375.738120259046,2985255.50466914043089717450434,17.97974533,22592.6137486396205304007,2.4998,3141.146596476810242,3002.617470180389763997,3772966.49611126553153154625619558863,,,
2017-12-29,94.0,1561533224.07949,0.0,0.0,258.39132971,,0.1071617097415664,1561.53322407949,,,1000000.0,1000000.0,488385.682522263392,129.0,140.0,3870.098896646974,6043288.00758762626135864396326,47.79498566,74633.4580524927912501134,2.188,3416.63469428592412,6691.29799185181279278,10448684.1264929782379264979216180822,,,
2017-12-30,98.0,1561533224.07949,0.0,0.0,210.07089919,,0.12059367416900692,1561.53322407949,,,1000000.0,1000000.0,488385.682522263392,120.0,127.0,4760.2976131342275,7433362.879415391070092499743975,45.40163264,70896.1577948118071385536,1.7981,2807.792890217330969,5766.00734526515742718,9003812.0399179223360070579922065382,,,
2017-12-31,126.0,1186986654.25424,0.0,0.0,289.4265201,,0.08526296051593323,1186.98665425424,,,1000000.0,1000000.0,488385.682522263392,202.0,222.0,3455.108397299696,4101167.55659649554918665871104,24.0872619,28591.258412826628065456,2.4665841584158414,2927.802477634529880416319117536,5347.372141408314791546,6347259.36718258631542754397968665504,,,
2018-01-01,77.0,1547744858.95792,0.0,0.0,2593.2972453,,0.11494873196151124,1547.74485895792,,,1000000.0,1000000.0,488385.682522263392,113.0,125.0,385.60947913395245,596825.088895016229955997830904,12.8143028,19833.271279830079338176,1.0,1547.74485895792,1601.787850399247895155,2479158.9105966937944479219067168776,,,
2018-01-02,139.0,1227197239.54822,0.0,0.0,452.8056029,,0.08317543988193074,1227.19723954822,,,1000000.0,1000000.0,488385.682522263392,225.0,242.0,2208.4532381800723,2710207.717565912345615458936306,9.88144698,12126.4844565980950833756,1.9999268368488838,2454.304693479353550089123276836,2391.310168385913371866,2934609.23754678203695966090669837852,,,
2018-01-03,103.0,1270241858.94623,0.0,0.0,587.9465554,,0.08462475967772091,1270.24185894623,,,1000000.0,1000000.0,488385.682522263392,136.0,148.0,1700.8348646909133,2160471.640285545279925394291859,13.05248883,16579.8176752941026456109,2.0,2540.48371789246,1931.768347120305781512,2453813.01629958332853159186893609976,,,
2018-01-04,82.0,1270241858.94623,0.0,0.0,194.05031998,,0.08428775748520756,1270.24185894623,,,1000000.0,1000000.0,488385.682522263392,128.0,144.0,5153.302504636516,6545940.55320175112744893853468,43.56221467,55334.5485422355312471941,1.6498698630136985,2095.733761813882222571264931655,6272.958911826461913445,7968174.98925176506563816503716906235,,,
2018-01-05,65.0,1129936869.05681,0.0,0.0,3148.37994234,,0.06647771674387348,1129.93686905681,,,1000000.0,1000000.0,488385.682522263392,69.0,76.0,317.62367259140234,358894.6981462544772187910269354,7.5694174,8552.963797540139202494,2.0,2259.87373811362,575.275722390058400279,650025.24860181719932738120417084999,,,
2018-01-06,87.0,1185206724.36558,0.0,0.0,290.8630954,,0.06929578961387871,1185.20672436558,,,1000000.0,1000000.0,488385.682522263392,97.0,109.0,3438.0435875880817,4074792.378671357347851801707886,42.8982588,50843.304793334916652104,1.8771,2224.751542306630218,4675.910208746743412473,5541920.22193630315967933952518387934,,,
2018-01-07,142.0,2205448206.19573,0.0,0.0,213.71171811,,0.13587294526388943,2205.44820619573,,,1000000.0,1000000.0,487677.770105802239117797,184.0,199.0,4679.200601890909,10319734.57387028539556736161857,36.03539081,79474.1880214765939032413,4.298245614035087,9479.55807926234665923900957851,7171.04277206324927154,15815363.4181997482262246396371585242,,,
2018-01-08,113.0,1440416518.97388,0.0,0.0,694.5990748,,0.09643010590192246,1440.41651897388,,,1000000.0,1000000.0,487677.770105802239117797,149.0,167.0,1439.6794298702328,2073738.032811980924787412719264,13.30419591,19163.5835604287316928308,4.1468,5973.119220880885584,2221.800717515952333983,3200318.45537799695314420159021336404,,,
2018-01-09,79.0,1383614656.78499,0.0,0.0,285.1573168,,0.09622744794679643,1383.61465678499,,,1000000.0,1000000.0,487677.770105802239117797,118.0,127.0,3506.836195577895,4852109.95914568925679581179605,28.85228596,39920.4457360077857157404,3.8763,5363.305494095656737,3664.240317259741790012,5069896.60894306050608200232361351988,,,
2018-01-10,101.0,1155474085.08387,0.0,0.0,828.23146266,,0.07876931845797455,1155.47408508387,,,1000000.0,1000000.0,487677.770105802239117797,126.0,129.0,1207.3919490985265,1395110.107722250445206645917555,25.33001637,29268.1774902851999229519,3.979,4597.63138454871873,3267.572112176255860404,3775594.89676242787207442220935208348,,,
2018-01-11,75.0,1139849514.56166,0.0,0.0,1109.23867092,,0.0864389699749918,1139.84951456166,,,1000000.0,1000000.0,487677.770105802239117797,85.0,91.0,901.519236764825,1027596.2643943840030663816095,11.58595346,13206.2434271149850603436,3.165,3607.6237135876539,1054.321765264747920314,1201768.15232881536098102194431956124,,,
2018-01-12,53.0,1140811531.37662,0.0,0.0,1786.07760492,,0.08273078734568229,1140.81153137662,,,1000000.0,1000000.0,487677.770105802239117797,62.0,64.0,559.8860862747687,638724.503479581265130683087794,19.25342725,21964.531825320845520895,2.129518556701031,2429.37932576503276321320329522,1232.219343902268251772,1405730.03670904060797718105191437064,,,
2018-01-13,87.0,1302856446.62069,0.0,0.0,230.63299655,,0.09154914216508094,1302.85644662069,,,1000000.0,1000000.0,487677.770105802239117797,110.0,128.0,4335.893020373262,5649046.17345095916156233199078,38.82298417,50580.7752029374978644773,6.271028037383178,8170.24930544376682178875275282,4969.341973413310479736,6474339.22552431305020130765992333784,,,
2018-01-14,90.0,1249357610.33652,0.0,0.0,1579.85059677,,0.09132019826129692,1249.35761033652,,,1000000.0,1000000.0,487677.770105802239117797,111.0,118.0,632.971245537504,790807.44273646664635372084608,8.38759161,10479.1014103482444285972,1.0090367608939137,1260.647756332122534554276838324,989.735810074112265263,1236533.96653867271740680796093630476,,,
2018-01-15,69.0,1148336165.69344,0.0,0.0,1295.09245133,,0.08448806897073698,1148.33616569344,,,1000000.0,1000000.0,487677.770105802239117797,70.0,76.0,772.145647956906,886682.77273171019942472689664,13.63125571,15653.2639156082101095424,2.5099,2882.208942273965056,1035.975434143722984221,1189648.05779719971557532191864321024,,,
2018-01-16,88.0,1024576362.51195,0.0,0.0,343.43806325,,0.08963107058348303,1024.57636251195,,,1000000.0,1000000.0,487677.770105802239117797,100.0,109.0,2911.733168199175,2983292.97807890660836091764125,52.41977111,53708.0584075928036397645,4.026,4124.9444354731107,5713.755050569304263744,5854178.3659965806895568713371517408,,,
2018-01-17,90.0,1116108540.9963,0.0,0.0,368.54591707,,0.10001323361263714,1116.1085409963,,,1000000.0,1000000.0,487677.770105802239117797,100.0,102.0,2713.3661063327077,3028411.08612780979703303468151,26.87970897,30000.672760911857846811,1.53632,1714.699873703435616,2741.730314888749913158,3060068.6215558088407235637077993154,,,
2018-01-18,214.0,1393397767.36694,0.0,0.0,155.44208479,,0.12390119551292961,1393.39776736694,,,1000000.0,1000000.0,487677.770105802239117797,294.0,334.0,6433.264204768395,8964095.9798059343124716798613,22.04709628,30720.3747334759682689832,2.5997035299777496,3622.421094486949065615178638224,7363.730158330675721415,10260605.1621105671421186332295210201,,,
2018-01-19,237.0,1478264822.17393,0.0,0.0,61.62367154,,0.12921606638999394,1478.26482217393,,,1000000.0,1000000.0,487677.770105802239117797,341.0,378.0,16227.530348138522,23988587.26441304460912481713146,56.06978916,82885.9969019371479485988,1.4102156975552629,2084.672257373415362307490676197,21194.380304114745677174,31330906.83134882895233757028865887382,,,
2018-01-20,175.0,1739207364.87364,0.0,0.0,209.38239183,,0.1362117994625608,1739.20736487364,,,1000000.0,1000000.0,487677.770105802239117797,232.0,256.0,4775.950791511447,8306368.79087079896219176855708,26.57515767,46219.7099423422026268188,2.2946328437917223,3990.842341603508144053217470172,6803.240363766249769024,11832245.74566788328435058634094612736,,,
2018-01-21,151.0,1545864101.27966,0.0,0.0,197.21394152,,0.13533625842702998,1545.86410127966,,,1000000.0,1000000.0,487677.770105802239117797,186.0,197.0,5070.6354342798295,7838513.28852978711800147661797,34.22494094,52907.1075675625419232804,2.7641,4272.922962347108206,6742.313365207060777219,10422700.19085165304294181733207606554,,,
2018-01-22,135.0,1523274734.90042,0.0,0.0,159.81851811,,0.14186690877924052,1523.27473490042,,,1000000.0,1000000.0,487677.770105802239117797,155.0,167.0,6257.097186572329,9531278.05812212827796894247818,43.82920552,66763.9214193740249143184,2.0,3046.54946980084,7319.477322310691028982,11149574.87775245391308373475710397244,,,
2018-01-23,98.0,1482524017.70357,0.0,0.0,886.66745195,,0.13664581703705725,1482.52401770357,,,1000000.0,1000000.0,487677.770105802239117797,153.0,175.0,1127.8185500044915,1672018.087993273403849015584655,13.20253463,19573.0746835381159996291,2.5,3706.310044258925,2310.443560251061836768,3425288.06962074449844653323355086176,,,
2018-01-24,105.0,1530934436.22995,0.0,0.0,1440.00750426,,0.13637525346735407,1530.93443622995,,,1000000.0,1000000.0,487677.770105802239117797,152.0,160.0,694.440825510077,1063143.37369733081213761420615,8.9457245,13695.317694075951348775,1.17693598563662,1801.811829649339370543460769,1431.315919986847020483,2191250.83103201586652239752494806585,,,
2018-01-25,114.0,1405533547.48882,0.0,0.0,44.98287471,,0.12627806242876172,1405.53354748882,,11.855739746544849,1000000.0,1000000.0,492677.770105802239117797,205.0,223.0,22230.682376881654,31245969.86427566410531402810828,121.08189551,170184.6661328409261331982,3.08743375603406,4339.4917197552843732353892092,27001.262697957632781196,37951180.54653793849069353883831622872,,0.18699398246503066,
2018-01-26,84.0,1422166054.98048,0.0,0.0,63.25394912,,0.1288712806248614,1422.16605498048,,13.179394690707177,1000000.0,1000000.0,492677.770105802239117797,140.0,151.0,15809.289600264956,22483435.02285274209627140805888,131.65425916,187234.2183709549226611968,5.0,7110.8302749024,19879.793133673317786455,28272366.9747442164531547366218333984,,0.186998215577943,
2018-01-27,79.0,1428246048.34395,0.0,0.0,378.32044745,,0.12615933307571553,1428.24604834395,,13.663255183784742,1000000.0,1000000.0,492677.770105802239117797,98.0,99.0,2643.261834603181,3775228.27001037281949045210495,28.64817537,40916.6432644669776785115,1.11,1585.3531136617845,2836.169361868032124821,4050747.68352219923182714560674018295,,0.18699659120453607,
2018-01-28,80.0,1444868233.0796,0.0,0.0,3272.68453655,,0.12438648147711824,1444.8682330796,,-7.471182117733231,1000000.0,1000000.0,492677.770105802239117797,141.0,151.0,305.5595456366472,441493.28080462783974107471712,2.95466097,4269.095775073157023212,1.0,1444.8682330796,446.153806967071568705,644633.462754249629693910345133918,,0.18263665442557614,
2018-01-29,97.0,1406241666.09188,0.0,0.0,521.52549115,,0.1263179703818904,1406.24166609188,,-9.944812930839372,1000000.0,1000000.0,492677.770105802239117797,124.0,131.0,1917.4518158142641,2696400.636121551367385005185508,15.09408617,21225.9328838352038572996,0.8184,1150.868179529594592,1977.325288354958834558,2780597.20790188435836431391134718904,,0.18269041092304375,
2018-01-30,90.0,1304521355.64611,0.0,0.0,1201.31989636,,0.1309820007804942,1304.52135564611,,9.901939585471974,1000000.0,1000000.0,492677.770105802239117797,130.0,136.0,832.4177457035122,1085906.726089024593079527267542,8.90400078,11615.4591681996208439658,1.0,1304.52135564611,1210.944106583275672121,1579702.44753168229683834288846909931,,0.17600850524434633,
2018-01-31,124.0,1306587063.12098,0.0,0.0,362.51390633,,0.13000742375865737,1306.58706312098,,-15.58123707800968,1000000.0,1000000.0,492677.770105802239117797,179.0,192.0,2758.5148666795126,3604239.838230346058876381234348,26.4808249,34599.503235111918896402,1.2488,1631.665924425479824,5084.318379896382688042,6643104.61996083373829270637824532116,,0.1689018334190469,
2018-02-01,86.0,1246344225.54883,0.0,0.0,2214.04161149,,0.1378719942382247,1246.34422554883,,1.5602207520983977,1000000.0,1000000.0,492677.770105802239117797,135.0,150.0,451.6626945080247,562927.191195901837629196696101,3.38643246,4220.6605417321192270218,0.80154465,999.0005460470580002595,507.964869176288723122,633099.08147953431614575121036104726,,0.16364690098682333,
2018-02-02,124.0,1120122561.60368,0.0,0.0,547.71125282,,0.12748835608560186,1120.12256160368,,-11.818166460605092,1000000.0,1000000.0,492677.770105802239117797,161.0,178.0,1825.7795414092252,2045096.856846893473607658268736,11.25937221,12611.8768419144876257328,0.8916128627062009,998.715683733259995646984259312,2004.168253221221623269,2244914.07768292755530923654144402992,,0.16466501077935825,
2018-02-03,86.0,1187327249.6917,0.0,0.0,156.79961604,,0.13001688634419906,1187.3272496917,,-6.527466298686965,1000000.0,1000000.0,492677.770105802239117797,90.0,93.0,6377.5666373287995,7572258.65522514706184790611415,69.35261765,82344.252773294550478505,0.8019246190858059,952.14695243921407321662104103,6449.793441527917120247,7658015.5080089063145877329825778499,,0.16505931934646512,
2018-02-04,84.0,1044598099.22933,0.0,0.0,593.66026673,,0.1266098653335599,1044.59809922933,,-7.552525469738386,1000000.0,1000000.0,492677.770105802239117797,102.0,119.0,1684.4650990472655,1759589.040682918633612793897115,18.42406111,19245.7392155910198243563,0.5388726,562.905293686767053358,2192.463272028893987026,2290242.96659150013409427652161867258,,0.16533581584718393,
2018-02-05,130.0,831026706.943308,0.0,0.0,291.55458034,,0.12132586953741964,831.026706943308,,-29.883395878626846,1000000.0,1000000.0,492677.770105802239117797,232.0,261.0,3429.8895213595115,2850329.794114753708228717074042,26.55121698,22064.77041222664326696984,1.6102798732808834,1338.1855803496998313769239582872,6929.867631520918868907,5758905.077375850553475764966732924356,,0.17006908420036893,
2018-02-06,129.0,927362262.285243,0.0,0.0,728.07140654,,0.11983524078867998,927.362262285243,,-57.95130170456875,1000000.0,1000000.0,492677.770105802239117797,176.0,189.0,1373.491653459137,1273724.326981764292595538615291,8.70172884,8069.65494285514331950812,0.278,257.806708915297554,1644.626750821596402311,1525164.784256744266382795610066396573,,0.12378185993461992,
2018-02-07,95.0,917847183.366559,0.0,0.0,805.4824888,,0.12037978889029818,917.847183366559,,-36.27904350747016,1000000.0,1000000.0,492677.770105802239117797,139.0,155.0,1241.4919180858287,1139499.8601874246605171753824433,10.10354233,9273.50786961530076294247,1.0,917.847183366559,1566.049061524007491508,1437393.720133653340894692884043680972,,0.09847400640537411,
2018-02-08,89.0,968835004.522502,0.0,0.0,794.9753729,,0.11788349132143354,968.835004522502,,-29.97797473657029,1000000.0,1000000.0,492677.770105802239117797,98.0,102.0,1257.9006018177754,1218698.1352509824171810928820508,13.13078175,12721.5609961452367259385,1.0,968.835004522502,1339.339738133835656146,1297599.221252061312311957932591597292,,0.09914419269749952,
2018-02-09,76.0,1069333822.93264,0.0,0.0,690.28873023,,0.12347319074014768,1069.33382293264,,-7.4549713631160754,1000000.0,1000000.0,492677.770105802239117797,86.0,96.0,1448.669167271456,1549110.93880303016814888272384,15.96116616,17067.8148283358855274624,1.1499737000001,1229.705772893099804950293264,1532.271951115821206593,1638510.22325913636800340377856289552,,0.09583816710014952,
2018-02-10,92.0,1047315051.22341,0.0,0.0,1227.81960538,,0.12277597911234696,1047.31505122341,,-8.11812981942929,1000000.0,1000000.0,492677.770105802239117797,122.0,137.0,814.4518914847941,852987.724449400295642616949881,8.3848099,8781.537609917055279759,2.7,2827.750638303207,1148.718956416430424854,1203070.65268057590969691339877063214,,0.09587569967443255,
2018-02-11,92.0,1007009783.9495,0.0,0.0,1625.48208195,,0.1243724284784375,1007.0097839495,,-11.72864612138528,1000000.0,1000000.0,492677.770105802239117797,105.0,112.0,615.2021059511875,619514.53979918273256796503125,6.22128913,6264.899022688672818935,1.0252,1032.3864305050274,696.784382627077845982,701668.690608679402910851656665909,,0.09610194250524313,
2018-02-12,84.0,1056765923.55617,0.0,0.0,1629.42458974,,0.11863550202290815,1056.76592355617,,-18.888537083484685,1000000.0,1000000.0,492677.770105802239117797,87.0,93.0,613.7135810357673,648551.599262227009162380599241,7.22564095,7635.8111318120315771615,0.7949,840.023232634799533,671.984607915635923813,710130.43479949778254464185614607621,,0.0931396485191904,
2018-02-13,87.0,1025566125.18781,0.0,0.0,591.31040041,,0.12031559171685662,1025.56612518781,,-17.91252426824621,1000000.0,1000000.0,492677.770105802239117797,100.0,113.0,1691.159159903851,1734395.54669846444446891725631,16.6323898,17057.615559799254128338,3.2668365647942377,3350.356917377882355551918282437,1879.460047763805729229,1927510.55863042254854870512163149849,,0.09301038336068093,
2018-02-14,92.0,1105016649.60812,0.0,0.0,590.50084561,,0.11671928945619957,1105.01664960812,,-3.772372357458674,1000000.0,1000000.0,492677.770105802239117797,105.0,119.0,1693.477676512993,1871321.02828653117446153830316,14.77189052,16323.1849707883495430224,0.4,442.006659843248,1757.854971298384421604,1942459.01088111869782062881946182448,,0.09295620271670581,
2018-02-15,74.0,1156328249.94535,0.0,0.0,384.49153632,,0.11441167391907721,1156.32824994535,,12.85915742877226,1000000.0,1000000.0,492677.770105802239117797,91.0,95.0,2600.8374841230825,3007421.856408311003323298541375,31.62687634,36571.050569470196208019,1.9929,2304.446569316088015,3004.553252114550809307,3474249.80388522850163398682102137245,,0.09082050221120362,
2018-02-16,72.0,1143213028.37826,0.0,0.0,556.155042,,0.11219722444063035,1143.21302837826,,2.428481315783601,1000000.0,1000000.0,492677.770105802239117797,298.0,508.0,1798.059757585042,2055565.34067387591623129398692,3.67427253,4200.4762261083511671978,1.625520439773796,1858.31614464456232176312407496,1866.53044304360066512,2133841.9203520900577803215709482912,,0.0895350501643304,
2018-02-17,87.0,1128243474.1931,0.0,0.0,774.25358486,,0.1017756039881267,1128.2434741931,,-19.02933242636765,1000000.0,1000000.0,492677.770105802239117797,303.0,476.0,1291.5665094122473,1457201.48573072908486662515363,3.11753457,3517.338034173892105467,1.6159756631565176,1823.21399641120812332166594856,1483.946454773414461673,1674252.9036500910754965317045510563,,0.07920915902064467,
2018-02-18,79.0,1070273041.93065,0.0,0.0,1155.96115797,,0.10239797394288899,1070.27304193065,,-27.599370161788002,1000000.0,1000000.0,492677.770105802239117797,90.0,96.0,865.0809701536714,925872.84144268773146624168841,9.5313567,10201.154129035081812855,1.0,1070.27304193065,915.010243361018419053,979310.79655970152720079844186467445,,0.07861822202219299,
2018-02-19,77.0,1129154333.94563,0.0,0.0,1612.52151412,,0.10136621553858623,1129.15433394563,,-35.076497676418974,1000000.0,1000000.0,492677.770105802239117797,93.0,102.0,620.1467647046381,700241.407048602960919534226503,6.4761497,7312.572501035691540811,2.0,2258.30866789126,660.567269475862092322,745882.39519130054749029180158845286,,0.07262163894418586,
2018-02-20,83.0,1051417244.48209,0.0,0.0,1395.72065849,,0.0934931150887838,1051.41724448209,,-31.985143867968013,1000000.0,1000000.0,492677.770105802239117797,97.0,109.0,716.4757460024681,753314.954600164819290246246329,7.07554235,7439.3472408533316115115,0.96,1009.3605547028064,771.234116632124404026,810888.84975992705803334027828089434,,0.07081076761107451,
2018-02-21,68.0,998850681.238544,0.0,0.0,788.94092038,,0.09550277900655313,998.850681238544,,-34.42741100121764,1000000.0,1000000.0,492677.770105802239117797,64.0,71.0,1267.5220338687034,1266065.2470146192317241913838496,18.15706782,18136.19956130144500605408,1.1773,1175.9469070221378512,1289.151815273700759269,1287670.168906041635408707386108064336,,0.0711580072475031,
2018-02-22,55.0,965853613.14076,0.0,0.0,1191.01495586,,0.09777668275445467,965.85361314076,,-34.850727434630876,1000000.0,1000000.0,492677.770105802239117797,57.0,64.0,839.6200191137622,810950.029126341192783281767272,15.4956253,14966.505683880373117228,0.2687118226600985,259.53628480989528331851596486,991.720019113762239791,957856.36368505082721556288775598116,,0.07120876959767128,
2018-02-23,62.0,975660177.923378,0.0,0.0,1426.40732428,,0.09603837745886759,975.660177923378,,-36.270283375033344,1000000.0,1000000.0,492677.770105802239117797,92.0,109.0,701.0620199258886,683998.2950962152441934093636908,8.13156367,7933.64285706747658847726,1.22,1190.30541706652116,886.340440294800031956,864767.071678709794436328480119467368,,0.07082617328997325,
2018-02-24,55.0,979157966.274489,0.0,0.0,403.36978244,,0.1010837431451853,979.157966274489,,-30.335496578940425,1000000.0,1000000.0,492677.770105802239117797,67.0,68.0,2479.1148061208946,2427445.0117223092506537018378594,41.4686646,40604.3732938548958773894,1.1803681753731343,1155.7669020534875523228300608727,2819.869192485591456574,2761097.383674277289702152681807540686,,0.06962788750649657,0.14011895546818529
2018-02-25,78.0,990072897.271325,0.0,0.0,1099.97651073,,0.10309793239732985,990.072897271325,,-30.382750044971772,1000000.0,1000000.0,492677.770105802239117797,101.0,125.0,909.1103221242483,900085.4905648220664786867699975,12.18450129,12063.54449399649694250925,1.8770679659424798,1858.434119415863776809323931735,1523.062661098968907751,1507943.061600030326732636063542540075,,0.06961999505053275,0.1401318382943135
2018-02-26,66.0,1020563844.60126,0.0,0.0,1440.82316958,,0.09896505544905364,1020.56384460126,,-28.544255677472176,1000000.0,1000000.0,492677.770105802239117797,75.0,86.0,694.0476951742268,708319.984123652269936274805768,194.35297048,198349.6147627439921508048,1.6274654687449983,1660.932415738187208559082877858,16714.355461580350148261,17058066.86990250982700501740542740886,,0.06999258105198075,0.14020110737361888
2018-02-27,62.0,1056781584.39188,0.0,0.0,3091.14853298,,0.09919006399551038,1056.78158439188,,-26.859656804866567,1000000.0,1000000.0,492677.770105802239117797,55.0,60.0,323.50435099842525,341873.44060578270226985888697,6.25963932,6615.0715583113103367216,1.0,1056.78158439188,375.578359324351478747,396904.29363009097293502385273937436,,0.07038223432882568,0.13728023429498962
2018-02-28,76.0,1044913533.98811,0.0,0.0,395.92735148,,0.10137877199240859,1044.91353398811,,-25.694597224383607,1000000.0,1000000.0,492677.770105802239117797,61.0,75.0,2525.715882604804,2639154.70874248411117316488044,51.01378294,53304.9922139377560808434,3.0,3134.74060196433,3826.033720372391275557,3997874.41591199162283780495617162727,,0.0703122614760224,0.1372789033475935
2018-03-01,86.0,1068770999.85111,0.0,0.0,1699.81859475,,0.0978402706366514,1068.77099985111,,-18.07178968551544,1000000.0,1000000.0,492677.770105802239117797,107.0,116.0,588.2980707989672,628755.917338291273549941773592,6.94933575,7427.2485178285634001825,1.0924369747899159,1167.564957820540265182429421649,806.122947276101387333,861560.82836320251022133900743998963,,0.06944564608733447,0.13274718944603534
2018-03-02,57.0,1044592138.37867,0.0,0.0,1723.46371879,,0.09484170993669427,1044.59213837867,,-20.05185357617852,1000000.0,1000000.0,492677.770105802239117797,64.0,85.0,580.2268937249692,606100.451660978878458983686964,7.4819066,7815.540814443484372222,1.0,1044.59213837867,635.962061286634118158,664320.96952711191805781958332688986,,0.06948934490662749,0.128048633282554
2018-03-03,49.0,1021569840.7576,0.0,0.0,2424.84033024,,0.08940997736676867,1021.5698407576,,-18.034695406259075,1000000.0,1000000.0,492677.770105802239117797,73.0,95.0,412.398287644173,421293.6530373647312615454648,4.44097145,4536.76249698554797052,1.673,1709.0863435874648,421.89228764502836582,430992.437106391201586072358745232,,0.06914598097877592,0.12460436230334805
2018-03-04,48.0,990267505.625364,0.0,0.0,731.63700265,,0.08639130364937536,990.267505625364,,-11.592932811959647,1000000.0,1000000.0,492677.770105802239117797,62.0,78.0,1366.7980110073909,1353495.6570539977944583305027876,17.54560657,17374.84405275789855704148,1.0518921,1041.6545660540259512244,1368.557312791707561116,1355237.836443595306592649742829746224,,0.06670402295421915,0.12455724227587532
2018-03-05,54.0,966730830.759439,0.0,0.0,4286.65359984,,0.08376736134425404,966.730830759439,,-18.579243337465794,1000000.0,1000000.0,492677.770105802239117797,53.0,59.0,233.28220410353208,225521.09897440057743220869930312,4.56095261,4409.21350571973158918579,0.2990989952980692,289.1482202038159770036063751788,269.096204103532130664,260143.596947219174756659508899337496,,0.06573585657391119,0.12458236963425412
2018-03-06,64.0,963589256.249876,0.0,0.0,535.86953976,,0.09024876619914865,963.589256249876,,-7.755024926736863,1000000.0,1000000.0,492677.770105802239117797,223.0,287.0,1866.125849318191,1798178.819213183835680128294316,6.65967983,6417.19593425200063720108,0.997,960.698488481126372,1911.328110451488076898,1841735.232399430243038190642590964648,,0.06162005855364208,0.12370385803445685
2018-03-07,68.0,873620118.453828,0.0,0.0,1016.69958453,,0.0882169661396318,873.620118453828,,5.125396230307397,1000000.0,1000000.0,492677.770105802239117797,371.0,454.0,983.5747109753462,859270.6555104715862673710152536,7.65999634,6691.92690990668893898952,0.2,174.7240236907656,3477.63833637225624992,3038134.81536110384790049619994869376,,0.048259455953481925,0.12412782221927991
2018-03-08,94.0,854319412.506604,0.0,0.0,308.67553551,,0.09156225926690144,854.319412506604,,-7.876409548803931,1000000.0,1000000.0,492677.770105802239117797,456.0,577.0,3239.6477367410084,2767693.9511809275945990026194736,5.71873772,4885.62864922975604390288,1.1255,961.536498776182802,3299.711665648105317433,2819007.731637677062367426655628827532,,0.043891751506961056,0.09301510565715293
2018-03-09,86.0,780300240.778843,0.0,0.0,1539.96758279,,0.08410094150034207,780.300240778843,,-14.985821722872153,1000000.0,1000000.0,492677.770105802239117797,275.0,301.0,649.3643185564979,506699.1341228246188869944939297,2.31253549,1804.47199965661967863807,0.2,156.0600481557686,696.073182941506145557,543146.072248952877361313504604050551,,0.04672760526734167,0.0765708597425516
2018-03-10,44.0,807611182.430859,0.0,0.0,2901.782483,,0.09191437189728528,807.611182430859,,-16.640998863485887,1000000.0,1000000.0,492677.770105802239117797,87.0,121.0,344.6157683628252,278315.5481718202699724249028468,3.06170056,2472.66360951082316158104,1.715,1385.053177868923185,370.465768362825188266,299192.297237657965645915288203100494,,0.04599683464199337,0.07668112773909737
2018-03-11,57.0,818582346.206897,0.0,0.0,2329.11823105,,0.08604396912498084,818.582346206897,,-23.449316887598204,1000000.0,1000000.0,492677.770105802239117797,105.0,154.0,429.3470321372614,351455.9009038874437353473718758,4.03103484,3299.73395696894365529148,1.713,1402.231559052414561,620.779365535797260482,508159.029517121856856988496573944354,,0.04173838622257096,0.07335592394523528
2018-03-12,56.0,798514659.110578,0.0,0.0,1150.30519298,,0.087289488980129,798.514659110578,,-23.756021821914846,1000000.0,1000000.0,492677.770105802239117797,55.0,68.0,869.3345088752685,694176.349007596771133350940193,12.98775461,10370.91244501598791926458,0.726,579.721642514279628,883.167313781073382864,705222.046501498688194906935906335392,,0.04178426190279763,0.07339055794648743
2018-03-13,77.0,786438072.473173,0.0,0.0,543.67235584,,0.08585059621939191,786.438072473173,,-21.90363142364349,1000000.0,1000000.0,492677.770105802239117797,137.0,175.0,1839.343106661292,1446529.447419524333317267519516,10.82823307,8515.73474386106856643111,1.9965,1570.1236116926898945,1894.940787066635548139,1490253.580031482213043779490227575047,,0.041414130725533384,0.07339476311382022
2018-03-14,75.0,739744769.290824,0.0,0.0,749.57998374,,0.08996999776143833,739.744769290824,,-29.99918403864917,1000000.0,1000000.0,492677.770105802239117797,295.0,366.0,1334.080447314731,986879.032714234965901998328344,22.36612905,16545.2269740210465648372,0.2,147.9489538581648,8186.003234021308411999,6055553.073765031936842970080842197176,,0.04108713846547686,0.07141345028921846
2018-03-15,88.0,738676621.53115,0.0,0.0,295.13701498,,0.08933526755201765,738.67662153115,,-27.973769473335764,1000000.0,1000000.0,492677.770105802239117797,202.0,234.0,3388.2568070449647,2502826.091107896122722211700405,14.85642752,10974.095688496001397248,0.2,147.73532430623,3476.404040850075336749,2567938.39197237162364270596024323135,,0.04098423330126962,0.0712923645329337
2018-03-16,63.0,713398126.496201,0.0,0.0,208.72838222,,0.08516249966148254,713.398126496201,,-35.440056333160356,1000000.0,1000000.0,492677.770105802239117797,87.0,98.0,4790.915300397438,3417829.999505516287373697133038,48.95136423,34921.81153111514886229023,0.2,142.6796252992402,4797.233695007826512141,3422337.530383031145791084170916876341,,0.0378578380371663,0.07068707020707585
2018-03-17,62.0,675313006.31052,0.0,0.0,2860.88330044,,0.08568154954132469,675.31300631052,,-41.59850316357519,1000000.0,1000000.0,492677.770105802239117797,163.0,179.0,349.5423947725356,236050.525446819606702781354512,2.08657809,1409.0933228595627685068,0.2,135.062601262104,373.497478469662975323,252227.70503474682068667869803529796,,0.03679088089769764,0.06958589965964178
2018-03-18,150.0,660858660.174775,0.0,0.0,778.63108382,,0.08070061190957613,660.858660174775,,-42.192868365727406,1000000.0,1000000.0,492677.770105802239117797,797.0,878.0,1284.3052644254058,848744.256303583799534178298695,2.32346959,1535.48500020423379759225,0.16771311018948426,110.8346612935669729880587115415,2040.006299111502845494,1348155.82957892906198656478786121385,,0.0367757630246495,0.06853856361109753
2018-03-19,69.0,682484124.034503,0.0,0.0,2267.61857211,,0.0799441109338292,682.484124034503,,-39.50914499881298,1000000.0,1000000.0,492677.770105802239117797,129.0,149.0,440.99127265106426,300969.54242212227103408791016278,165.75130848,113122.63657554548891648544,0.2,136.4968248069006,24696.944963670933464378,16855272.849859287541779842752193434134,,0.03790811087084728,0.061759440592866977
2018-03-20,76.0,705995804.270514,0.0,0.0,1073.02798615,,0.07936507896068108,705.995804270514,,-34.03591638662799,1000000.0,1000000.0,492677.770105802239117797,121.0,130.0,931.942142147044,657947.242178688011644141460616,10.74445997,7585.54365797249272432458,0.2,141.1991608541028,1396.779796605725853219,986120.675893464384645935216533684566,,0.038368079819895734,0.06135193993951057
2018-03-21,64.0,710959779.394051,0.0,0.0,1784.22793065,,0.08006669661371121,710.959779394051,,-37.036084614781764,1000000.0,1000000.0,492677.770105802239117797,94.0,109.0,560.4665092508764,398469.1457747569293371326962964,6.77575245,4817.28746708070057867495,0.2015625,143.3028305341134046875,738.557016983240599195,525084.333864333114206767719258388945,,0.03644019757136342,0.056966772609719975
2018-03-22,56.0,695457118.430742,0.0,0.0,1802.73437799,,0.07983972792092126,695.457118430742,,-33.855268012718184,1000000.0,1000000.0,492677.770105802239117797,134.0,147.0,554.7128918197863,385779.0293013724960221217904346,4.08569562,2841.42610267030386275004,0.14850798376491584,103.28093445310778554181649875328,600.597256017317131543,417689.637007213993646332888949094906,,0.03491161450222219,0.05535242086088383
2018-03-23,53.0,663254954.973261,0.0,0.0,171.98004223,,0.07561264661709831,663.254954973261,,-33.59818765394991,1000000.0,1000000.0,497677.770105802239117797,53.0,57.0,5814.628180168511,3856580.951823920312812479184371,102.01128386,67659.48948332884658086746,0.39174078082159525,259.82401394501726382857511461025,5814.643180186377006481,3856590.900660094629051586828578704541,,0.03477480664078605,0.05552711324060996
2018-03-24,43.0,689162166.319287,0.0,0.0,13680.85526489,,0.08003287485630402,689.162166319287,,-28.647348113315896,1000000.0,1000000.0,497677.770105802239117797,51.0,55.0,73.09484536147663,50374.20197608852118011036876281,1.48250222,1021.68444150835220631714,0.20001213,137.84079280093485295131,81.537622147429003371,56192.644315645646056965825785316477,,0.03581540780129729,0.055903581048747666
2018-03-25,40.0,665040815.273524,0.0,0.0,3605.18781833,213.6361096635621,0.07879060193332868,665.040815273524,,-31.836839268256785,1000000.0,1000000.0,497677.770105802239117797,38.0,51.0,277.3780591723593,184467.7306109736106018899051732,5.45021734,3624.61698321149734770616,0.20001213,133.01622999979406784612,277.961084118972934683,184855.465996794345017082039631232892,,0.035848401105628216,0.05566509560834259
2018-03-26,58.0,619901805.571362,0.0,0.0,912.28772019,203.6143180658832,0.07586437640856397,619.901805571362,,-36.69031689238344,1000000.0,1000000.0,497677.770105802239117797,106.0,121.0,1096.145413200166,679502.520811549565276503246092,119.23858896,73916.21659008547146536352,0.15337562105950764,95.07782442541780004709260420568,14427.869264217429984734,8943862.207435942998539528275807587708,,0.03719770258497244,0.05536812588742737
2018-03-27,84.0,614799223.932203,0.0,0.0,1150.72584095,205.92009435402701,0.07844563108129757,614.799223932203,,-37.90364066862038,1000000.0,1000000.0,497677.770105802239117797,177.0,202.0,869.0167235404859,534270.8072167965370970672774377,116.49591245,71621.59656553386542362735,0.15321727396709497,94.19786112797771756715614231891,23532.174314023904269139,14467562.505699217840149065710401183217,,0.036892022496550256,0.055272640555037646
2018-03-28,85.0,588093761.938165,0.0,0.0,1168.6175286,198.81181036697149,0.07412657488814428,588.093761938165,,-42.375602952313436,1000000.0,1000000.0,497677.770105802239117797,111.0,163.0,855.7119635152324,503238.867759166817156324404546,6.38491694,3754.9298229073169410151,0.12405882364358203,72.95822029817752581829596517495,1040.741460733041311251,612053.560847515294210585906780794415,,0.03618028370173094,0.05535748543381105
2018-03-29,135.0,542506662.454588,0.0,0.0,170.94687624,185.39907250458526,0.0763172621762562,542.506662454588,,-48.66425849322773,1000000.0,1000000.0,497577.770105802239117797,422.0,489.0,5849.770536782182,3173539.490034885266671222551016,12.51063232,6787.10138511969916508416,1.9,1030.7626586637172,6117.69920492528668513,3318892.57756510388511149755967987644,,0.036466226096671946,0.05589160333443719
2018-03-30,111.0,497995063.297487,0.0,0.0,1482.99727925,174.90114229098427,0.0728899587029347,497.995063297487,,-52.3410265922392,1000000.0,1000000.0,497577.770105802239117797,305.0,349.0,674.3100705531971,335803.0862672723146245762456877,2.06390383,1027.81391846077584867521,0.5,248.9975316487435,720.302437125485015973,358707.057769640060548179302245759851,,0.03818183288426367,0.05658885265979294
2018-03-31,68.0,516241808.120982,0.0,0.0,1244.71634662,183.95592118735055,0.07457683182450144,516.241808120982,,-51.697622016980304,1000000.0,1000000.0,497577.770105802239117797,142.0,164.0,803.3958923405359,414746.5480988480465520499142538,5.03656784,2600.08688844558877041888,0.2,103.2483616241964,825.997125284498460527,426414.249459602783846844305567477514,,0.038827446127981134,0.05648317064258464
2018-04-01,64.0,510147196.738722,0.0,0.0,2034.52443477,182.03361575474753,0.07497175861460385,510.147196738722,,-51.16302545311795,1000000.0,1000000.0,497577.770105802239117797,251.0,284.0,491.51535509248913,250745.18055447085647461323509186,1.83681092,937.04394177707295644424,0.15077537622820575,76.9176355200453069516296080515,521.654300679874586182,266120.479158536422079245959725539404,,0.03889282123327543,0.056441092085281364
2018-04-02,66.0,499319245.08571,0.0,0.0,205.15641531,178.36535904809062,0.07099400175776671,499.31924508571,,-51.122358436559466,1000000.0,1000000.0,497577.770105802239117797,104.0,137.0,4874.329659512913,2433846.60588687358202753677323,42.02959407,20986.1851822912336577397,0.381,190.24063237765551,5758.054387315258199825,2875107.36983671514285346891243200075,,0.03889430138724966,0.05629499636422414
2018-04-03,68.0,520773661.505728,0.0,0.0,1003.96259611,187.24940653371058,0.07017755839397873,520.773661505728,,-47.410809852146556,1000000.0,1000000.0,497577.770105802239117797,156.0,205.0,996.053044083514,518718.190821297889403021368192,4.9953882,2601.4666035565078836096,0.2,104.1547323011456,1024.054581621845991183,533300.654052925129860997560391996224,,0.040677853453174866,0.05546663478753685
2018-04-04,62.0,499609167.028521,0.0,0.0,1868.30254913,184.26140547029837,0.07368276002607917,499.609167028521,,-48.319723429525794,1000000.0,1000000.0,497577.770105802239117797,98.0,128.0,535.2452152180086,267413.4161310707288280690232806,4.41377219,2205.16104729955092663099,0.2,99.9218334057042,564.962840341339819421,282260.614065004088014231585296706341,,0.04084097883251239,0.054792384628838064
2018-04-05,51.0,490943570.586733,0.0,0.0,3328.79353769,181.2224376499512,0.07221433533538865,490.943570586733,,-49.050535028026246,1000000.0,1000000.0,497577.770105802239117797,76.0,88.0,300.40913883007056,147483.93525412041933148298988048,4.38126965,2150.95616567428598555345,0.2,98.1887141173466,385.551729542669736423,189284.142747568670660225892570676059,,0.04069806084359592,0.05272578570683782
2018-04-06,67.0,498379787.301929,0.0,0.0,1435.44270795,186.8236406759825,0.07539223418318475,498.379787301929,,-42.95234544460997,1000000.0,1000000.0,497577.770105802239117797,157.0,189.0,696.6491901477052,347195.8752098744094468988833308,3.90298805,1945.17035420097062894845,0.2,99.6759574603858,737.664740844163575879,367637.196642046820678071822074570591,,0.03864433159926359,0.04454589679670211
2018-04-07,54.0,498379787.301929,0.0,0.0,2818.19115732,195.0644283957568,0.07237087005644978,498.379787301929,,-41.66353005608701,1000000.0,1000000.0,497577.770105802239117797,145.0,181.0,354.83753378509937,176843.85461455886953263545768473,2.03964618,1016.51842935959199148122,0.15340482425663224,76.45386368411017429151359559096,369.175957757591066639,183989.835304214161174439339052246631,,0.038786937296992965,0.041777417986745245
2018-04-08,60.0,511925291.845354,0.0,0.0,653.05889843,201.49636833926968,0.0730278996203024,511.925291845354,,-34.39380573119075,1000000.0,1000000.0,497577.770105802239117797,153.0,196.0,1531.255453995004,783888.395176182458302656611416,9.89275576,5064.35187959280681273904,0.2,102.3850583690708,1938.980129243585540697,992612.968545364745981286078997371738,,0.03708993777707065,0.04205205388638215
2018-04-09,65.0,526916695.398406,0.0,0.0,918.26145963,211.35158084301716,0.07821360813963353,526.916695398406,,-34.75614171012098,1000000.0,1000000.0,497577.770105802239117797,230.0,306.0,1089.0144517254746,573819.8961442940151925864334876,3.77641063,1989.85380962701250345578,0.2,105.3833390796812,1155.581653351693719958,608895.266047100791757759787003586948,,0.036853492293651924,0.0415266690445183
2018-04-10,107.0,556640275.739363,0.0,0.0,259.40353971,222.52945353910803,0.08165809785362325,556.640275739363,,-31.999477105914526,1000000.0,1000000.0,497577.770105802239117797,200.0,287.0,3854.9975112404645,2145846.8776314502753110210541135,16.40459749,9131.45967022686216399887,0.25289413556740287,140.77106135510698134811093817181,4708.119479173658773865,2620728.925101091535120650284896147995,,0.038657503454478374,0.03993472631014921
2018-04-11,131.0,583235107.965517,0.0,0.0,500.81114547,233.01954866793187,0.08398172671791651,583.235107965517,,-26.959999880884983,1000000.0,1000000.0,497577.770105802239117797,234.0,296.0,1996.7606732571455,1164580.9268484296691682878517235,7.8717661,4591.0903512127966895737,0.200007189,116.651214470294564101713,2330.042765169989416974,1358962.743708190551296331178126485558,,0.040072140001886455,0.04059515826467935
2018-04-12,129.0,648079788.968214,0.0,0.0,1782.33032785,259.24351032971526,0.08199047438531429,648.079788968214,,-17.593029679991577,1000000.0,1000000.0,497577.770105802239117797,520.0,614.0,561.0632240119805,363613.735815510100273669687827,2.61989525,1697.9011607388262595835,0.19914357108018554,129.06092352002316929369628242556,1608.615681665420162517,1042511.311504685209462946023627234638,,0.04529263030794976,0.043036865123661706
2018-04-13,162.0,692512148.623992,0.0,0.0,591.04007334,282.6419014994271,0.08744872978423843,692.512148623992,,-6.384988799868485,1000000.0,1000000.0,497574.829881559868198341,498.0,567.0,1691.9326541640094,1171683.9176622117346232997535248,3.15129276,2182.30852017082995189792,0.19805820951757017,137.15771622563330044071280551864,1786.782993457550492882,1237368.929924096532297736377690424944,,0.04595536806155862,0.043493560836553605
2018-04-14,86.0,723305429.39073,0.0,0.0,3943.85277001,296.02527893325424,0.09034070348466995,723.30542939073,,-2.080909520130497,1000000.0,1000000.0,497574.829881559868198341,163.0,185.0,253.55916113428026,183400.7179201838810955288659898,1.98800942,1437.9380071659161006766,0.19987085291935194,144.5676730935232957248606435162,367.781742680448305155,266018.53131155263158999175276821315,,0.04670745925139353,0.043869893193602905
2018-04-15,95.0,770545233.122385,0.0,0.0,338.16081523,313.3753878576685,0.09236636208008435,770.545233122385,,8.010549019361385,1000000.0,1000000.0,497574.829881559868198341,323.0,361.0,2957.172903996681,2278635.484693322798227306804185,11.07970153,8537.41119836029576174905,0.19978220338499933,153.94122448099804240096703300205,3999.772253758011614461,3082005.443708414312357731665848809485,,0.04766008701822631,0.0435404434595117
2018-04-16,134.0,748233517.320368,0.0,0.0,467.42065522,306.21439841543577,0.0929831214861289,748.233517320368,,10.798031479985742,1000000.0,1000000.0,497574.829881559868198341,195.0,256.0,2139.4005353224175,1600771.18750137064566751974964,11.47995716,8589.68872451394263543488,0.9994999999999999,747.8594005617077411766482679632,2938.869033243138715081,2198960.313687423191345955433750069808,,0.04682096559672983,0.043112365800984105
2018-04-17,68.0,756362463.103449,0.0,0.0,1839.37800904,313.2693893366169,0.09589092172414973,756.362463103449,,14.45147180236944,1000000.0,1000000.0,497574.829881559868198341,121.0,138.0,543.6620396055947,411205.5593719324502069052661203,4.44218768,3359.90401521259571330832,1.392634058941728,1053.336127022919164319526819872,613.021899216348674187,463666.753627631755526895896576970963,,0.04659645538429728,0.043171436843503816
2018-04-18,103.0,779479482.639685,0.0,0.0,759.09979697,335.08361217640504,0.095491271823919,779.479482639685,,14.212104749308189,1000000.0,1000000.0,497574.829881559868198341,137.0,193.0,1317.349845155184,1026847.17575703196963278187704,7.14517218,5569.5151142378702259633,0.916,714.00320609795146,1379.018231359001466285,1074916.417530407896303955117330520225,,0.04655508823922471,0.043425372434753605
2018-04-19,117.0,806991784.823875,0.0,0.0,962.37477055,390.0393207210958,0.09754562710204095,806.991784823875,,14.305464698578119,1000000.0,1000000.0,497574.829881559868198341,416.0,563.0,1039.0962342362138,838542.124670049461848779844475,2.69600516,2175.654015962776691195,0.873,704.503828151242875,1517.850906274920780541,1224893.211951334530554704433212216375,,0.04657314140446277,0.04330248062626935
2018-04-20,119.0,918312837.697253,0.0,0.0,1226.52069874,462.61978543428006,0.1038874054061569,918.312837697253,,29.165230483210802,1000000.0,1000000.0,497574.829881559868198341,173.0,212.0,815.3144101253911,748713.6895777098451787100206483,4.29939259,3948.18740969744221155527,0.37266666666666665,342.22458418184293602811937171245,911.471229162812437919,837015.730931905473711741726979336507,,0.05185033719910822,0.04604323504877868
2018-04-21,90.0,895986570.017534,0.0,0.0,976.75613991,469.56390494550806,0.10108675384912005,895.986570017534,,28.834193550175303,1000000.0,1000000.0,497574.829881559868198341,119.0,135.0,1023.7969940893607,917308.3571283878235801618505138,7.99072521,7159.58247286053907583214,0.8,716.7892560140272,1078.747903359274382686,966543.633844482497569198044046016324,,0.05190460948840761,0.045264214202529816
2018-04-22,91.0,913544562.651903,0.0,0.0,946.77437788,503.9014466346162,0.10380056918940059,913.544562651903,,37.73656054913791,1000000.0,1000000.0,497574.829881559868198341,150.0,174.0,1056.2178522779814,964902.0759244208068607197086042,6.32043618,5774.00010582736446705054,0.9825,897.5575328054946975,1099.755895756242102006,1004676.018812488017554212086396017418,,0.05084802052292015,0.044895703863090705
2018-04-23,104.0,947314890.73495,0.0,0.0,349.81346836,519.2318612076414,0.10607297450399299,947.31489073495,,37.45892288231932,1000000.0,1000000.0,497574.829881559868198341,129.0,159.0,2858.666376341503,2708057.22595162637017185762985,25.9169879,24551.548560667521257105,0.3159268817204301,299.282239437222712654619101995,4120.801075943442944119,3903696.22099782704959400002369025905,,0.050811514410731236,0.04495526075143139
2018-04-24,135.0,1030335527.66292,0.0,0.0,295.19121685,556.5097630178082,0.10674603259067986,1030.33552766292,,54.92816440734607,1000000.0,1000000.0,497574.829881559868198341,341.0,450.0,3387.6346683475267,3490400.353541049915932013299964,10.25491162,10565.9997751293097511304,0.428,440.98360583972976,4614.710229596698212876,4754699.89942298875602779482493175792,,0.05174402544484687,0.04623990384396739
2018-04-25,109.0,910007197.627261,0.0,0.0,483.27565683,596.6600063807066,0.10276170507462763,910.007197627261,,46.798604141588115,1000000.0,1000000.0,497574.829881559868198341,557.0,648.0,2069.2124378207786,1882998.2118367597851034836054146,3.54708374,3227.87173398662407383614,0.2,182.0014395254522,2298.510263753728472868,2091660.883836026992446126706615654548,,0.05558601292714732,0.048975852538474494
2018-04-26,81.0,1035186335.68191,0.0,0.0,453.45355102,795.8574422715711,0.11173413830518343,1035.18633568191,,68.37795094485435,1000000.0,1000000.0,497574.829881559868198341,253.0,280.0,2205.297538766637,2282893.87824416982096575243667,7.95877006,8238.8100149462949916146,0.130795286086458,135.39749292830756368664657478,2228.455618133602710718,2306866.80556548990101571666299571138,,0.05930927979900813,0.051759544549522224
2018-04-27,111.0,1014441004.37051,0.0,0.0,991.46514374,798.6844566170682,0.11294996566428055,1014.44100437051,,72.49647420629725,1000000.0,1000000.0,497574.829881559868198341,256.0,272.0,1008.6083270957369,1023173.644355459216228089078819,3.94770639,4004.7152352314802545589,0.13125894649231898,133.1544575122830966243250252798,1073.776136998063778569,1089282.54288540216210672265387360019,,0.058601183266183535,0.05168126623185785
2018-04-28,83.0,1076064807.74845,0.0,0.0,825.38365438,840.8594713740614,0.11518786147981183,1076.06480774845,,98.35052400642638,1000000.0,1000000.0,497574.829881559868198341,280.0,302.0,1211.5577946020508,1303714.70532459186727610052126,5.64880755,6078.4830102987428607975,0.12933569973030026,139.173594865296805792093049597,1705.939879622168518465,1835701.86859604270264672818890012925,,0.0559649158157253,0.05205002428449986
2018-04-29,54.0,1083397351.83682,0.0,0.0,1269.72731748,860.3576228846151,0.11529186177583339,1083.39735183682,,117.55182564724176,1000000.0,1000000.0,497574.829881559868198341,337.0,448.0,787.570674611412,853251.98325834160709793378984,2.13623205,2314.388145878941254081,1.267,1372.66444477725094,957.031959003337698661,1036845.89000742014682093670000449802,,0.052207696145072195,0.052034100859859204
2018-04-30,92.0,1055173953.34778,0.0,0.0,841.03202249,836.6990410519999,0.11433581385458236,1055.17395334778,,104.39529242864005,1000000.0,1000000.0,497574.829881559868198341,100.0,122.0,1189.0153683286642,1254618.046790623371920925435476,10.20213055,10765.022425013661112679,0.3944917788825704,416.257449886720082628571533712,1244.659927208278894352,1313332.73596591972476436444733373856,,0.05302837157011873,0.052067670489114946
2018-05-01,80.0,1040617569.5915,0.0,0.0,386.03124278,831.8151579792659,0.11470438848888784,1040.6175695915,,103.98378668823003,1000000.0,1000000.0,497574.829881559868198341,182.0,216.0,2590.4639034134457,2695682.25128461006511655643155,12.10866342,12600.48789912190039293,0.2,208.1235139183,2615.471298192543964562,2721705.385661450467209020344816423,,0.05307641828350168,0.052014230123038324
2018-05-02,89.0,1046526564.69676,0.0,0.0,913.6838581,832.2331518220535,0.11370187437263354,1046.52656469676,,109.59067270021204,1000000.0,1000000.0,497574.829881559868198341,132.0,159.0,1094.470468244668,1145392.41929414675681490687568,7.803388,8166.45283663592062288,0.34068951,356.5406225285224629876,1240.738692693691197076,1298466.00175107764447424940533867376,,0.052507699356141385,0.051936933138993294
2018-05-03,120.0,1137364585.96753,0.0,0.0,680.31601137,907.4636599452292,0.1166444018265494,1137.36458596753,,118.3990224618954,1000000.0,1000000.0,497574.829881559868198341,270.0,298.0,1469.9051371520554,1671818.047728492889266737161162,5.32194223,6052.9886209670633157919,0.3645680272108843,414.646763325706632719862386779,1585.938783897668976859,1803790.60831762030991712280369538827,,0.05350664655117478,0.052850800569934415
2018-05-04,122.0,1131041847.26809,0.0,0.0,920.13257919,956.1874373551143,0.1166426213449961,1131.04184726809,,126.38532715383957,1000000.0,1000000.0,497574.829881559868198341,172.0,201.0,1086.7999053794051,1229216.172591107766698384413259,5.58762343,6319.8359261056611753487,1.0,1131.04184726809,1123.112310367896558722,1270287.02220803815256840422796178098,,0.05233257602611775,0.05274830654313732
2018-05-05,107.0,1111882799.82747,0.0,0.0,252.69108009,917.2391510080132,0.11350461668446234,1111.88279982747,,126.47873736255362,1000000.0,1000000.0,497574.829881559868198341,340.0,554.0,3957.401264944633,4400166.39850740994477150246851,9.31999535,10362.7425241370012022645,1.46,1623.3488877481062,5163.277423013783724015,5740959.35738653003185965733609569205,,0.052320469485220754,0.05280458108971514
2018-05-06,103.0,1024388018.74705,0.0,0.0,242.03915976,834.4901930997016,0.10676172483144816,1024.38801874705,,105.5436526213801,1000000.0,1000000.0,497574.829881559868198341,643.0,1099.0,4131.56284701176,4232323.479179298073951815308,4.32565477,4431.1489196240262559285,1.487,1523.26498387686335,4753.894592503259523064,4869832.6629467286367007162738569612,,0.055970821069114135,0.05232552926665175
2018-05-07,96.0,1017679567.56937,0.0,0.0,3484.10163428,836.4573509166266,0.10896497517086155,1017.67956756937,,104.19760060470473,1000000.0,1000000.0,497574.829881559868198341,180.0,215.0,287.01803361900915,292092.3883380041325426932897355,1.46770703,1493.6554556089243616711,0.2,203.535913513874,315.557012104814585437,321135.92362231016190492894628926469,,0.05608078172773089,0.0522373877211934
2018-05-08,78.0,1014769081.13618,0.0,0.0,2176.79182443,839.2256572634501,0.11015288371756742,1014.76908113618,,98.22601018172172,1000000.0,1000000.0,497574.829881559868198341,116.0,147.0,459.3916555446843,466176.448178707797198203407974,3.25719706,3305.3028676556669556308,0.7194244604316546,730.049698659122224773005323428,478.807968471288312214,485879.52220629028461786189769130252,,0.05628710699692462,0.05078214583610249
2018-05-09,69.0,1022329990.61695,0.0,0.0,5737.5551279,853.6405448394546,0.1100102593452689,1022.32999061695,,94.02118011158443,1000000.0,1000000.0,497574.829881559868198341,134.0,164.0,174.29026435611044,178182.164323808121158597935958,1.1957118,1222.41203327457639501,0.16,163.572798498712,196.096735230598548596,200475.5734883123426806809685963022,,0.05634365180138302,0.05063101981911728
2018-05-10,113.0,1067523588.38401,0.0,0.0,821.48375269,893.4459842586168,0.1181211601237691,1067.52358838401,,91.77979656000659,1000000.0,1000000.0,497574.829881559868198341,483.0,590.0,1217.3095289187436,1299506.636485385960524123529836,2.41612203,2579.2672594392586607403,0.2,213.504717676802,1425.511996138864442606,1521767.68140261357765366252493313006,,0.05615012573056215,0.050871549982463155
2018-05-11,110.0,956874368.337601,0.0,0.0,787.03059332,798.1470923019499,0.11364629501044049,956.874368337601,,64.0632320086902,1000000.0,1000000.0,497574.829881559868198341,276.0,351.0,1270.598638086405,1215803.269229544884583648414405,4.02343858,3849.92524978263432804658,0.2,191.3748736675202,1412.226942523558091008,1351323.763576571201467462218026391808,,0.060797019446666795,0.052830746879900164
2018-05-12,68.0,941383215.083226,0.0,0.0,3479.79867299,787.773604126461,0.1109366186924587,941.383215083226,,45.257301818032396,1000000.0,1000000.0,497574.829881559868198341,140.0,165.0,287.3729471081594,270528.0688766209496004946742244,1.89825161,1786.98220365871003849386,0.2,188.2766430166452,313.211515376816193563,294852.063346516506339150149570474238,,0.05868341183354619,0.0528372706966952
2018-05-13,92.0,988999263.253536,0.0,0.0,2298.00625878,829.3022900640605,0.11373254897890497,988.999263253536,,42.81327269401095,1000000.0,1000000.0,497574.829881559868198341,162.0,214.0,435.1598243813219,430372.7457106654713001025292384,2.84512081,2813.82238495730357968416,0.5391551071878941,533.2240037882084966780382185376,608.855852620862307188,602157.989669636317683494548359216768,,0.0582263013432682,0.05248675311276444
2018-05-14,75.0,955026752.139393,0.0,0.0,467.25602481,798.5127732460534,0.11013938214485988,955.026752139393,,32.036441775897,1000000.0,1000000.0,497574.829881559868198341,156.0,196.0,2140.154319903829,2043904.629214845293347762435797,14.82578198,14159.01841228613918753814,0.2,191.0053504278786,2905.853268155357029216,2775167.608880051259620505268805505888,,0.058518093146473105,0.05273246329376979
2018-05-15,73.0,934581277.734856,0.0,0.0,711.19270371,785.4841629087804,0.11010017141379243,934.581277734856,,21.288308273320716,1000000.0,1000000.0,497574.829881559868198341,183.0,237.0,1406.088665956621,1314104.142038237973495235681576,14.65444625,13695.77110082176900349,1.0335,965.889750538973676,3473.10376015175880356,3245897.74986836359319717781346888736,,0.05786580028364279,0.05259408808669647
2018-05-16,74.0,880502267.482876,0.0,0.0,1727.19286077,757.7054391256751,0.10573103320925127,880.502267482876,,17.677469279403457,1000000.0,1000000.0,497574.829881559868198341,149.0,189.0,578.9741393184953,509788.0424838816631764028364828,3.15521388,2778.17297573344301751888,0.2,176.1004534965752,596.335423064598370194,525074.692188739016148063232403797944,,0.05876692905951474,0.05268830095909083
2018-05-17,55.0,866681900.115926,0.0,0.0,5249.78086187,759.5418526844757,0.10765544399270162,866.681900115926,,14.585525114483163,1000000.0,1000000.0,497574.829881559868198341,71.0,97.0,190.4841413977595,165089.157608560923778726667797,2.10732165,1826.3775317774283695979,0.2,173.3363800231852,204.410200173751151189,177158.620689663434705012055052736014,,0.05888382592175077,0.05264488104512513
2018-05-18,73.0,907925158.309138,0.0,0.0,791.75931823,798.0995065409272,0.11027761742084531,907.925158309138,,16.478390840317626,1000000.0,1000000.0,497574.829881559868198341,77.0,93.0,1263.0100801752576,1146718.6269891578343359195839488,15.78660404,14333.05497218067751971752,0.2,181.5850316618276,1468.15417553206088183,1332974.11224216835571675231602716254,,0.05920424705922228,0.052804321952373445
2018-05-19,63.0,918522399.452063,0.0,0.0,3808.85011771,812.8509670615672,0.11161362221997306,918.522399452063,,13.820539034673002,1000000.0,1000000.0,497574.829881559868198341,120.0,139.0,262.5464297874622,241154.7766559523667548273245186,2.28551086,2099.29291910094803590418,0.5280851,485.0579931668826345613,317.686009328750103975,291801.715560994015609799194278250425,,0.05895573347171065,0.05267433452046907
2018-05-20,59.0,940759793.957919,0.0,0.0,841.60938914,829.1257632942101,0.11052874930272208,940.759793957919,,2.4443692104918835,1000000.0,1000000.0,497574.829881559868198341,63.0,74.0,1188.1996718478197,1117810.4784684218299301136992043,16.88959016,15889.04735895529619647704,1.8899448818897637,1777.9841576784376585458746537403,1249.829671847900693448,1175789.504570124573279566120631014712,,0.05420585727367944,0.05273382938031936
2018-05-21,50.0,940158723.993933,0.0,0.0,1403.45024601,829.2734846206181,0.11194200642527255,940.158723993933,,4.9300017940597725,1000000.0,1000000.0,497574.829881559868198341,82.0,96.0,712.5297122900806,669891.0251144063769886904809998,7.58183155,7128.12507558494322798615,1.0074758861726156,947.1872435987031700370851411548,727.855829059075927078,684300.007499727042905868114822417774,,0.05399452179784243,0.052622321979294104
2018-05-22,61.0,902422363.105786,0.0,0.0,1493.67565395,801.1852105248262,0.11269676840696737,902.422363105786,,-1.2174775047459874,1000000.0,1000000.0,497574.829881559868198341,318.0,339.0,669.4893883777016,604162.1959340528188198043414576,2.00331768,1807.83867483720080409648,0.15166666545402147,136.86739064339273268185272522542,679.124695176801583864,612857.312264945873096666682982637104,,0.054431428806873634,0.052519970246836335
2018-05-23,116.0,739035748.433694,0.0,0.0,1574.5617671,658.3463279323587,0.09826469231522127,739.035748433694,,-21.98626289297194,1000000.0,1000000.0,497574.829881559868198341,392.0,422.0,635.0973463826604,469359.6427121624314860607195176,2.06076561,1522.97945493276796046334,0.15107529811289377,111.65004601070588609626331068638,869.643087502896515354,642697.330042891567582718076121937676,,0.06497950683994268,0.058609280503684004
2018-05-24,74.0,777158277.932266,0.0,0.0,3449.98917687,695.464347469116,0.10258669491488619,777.158277932266,,-24.57231095436732,1000000.0,1000000.0,497574.829881559868198341,180.0,191.0,289.85598178269396,225263.97565060470308453188731336,1.79350194,1393.83487915857825959604,0.2,155.4316555864532,342.55887106865720729,266222.46233013877241682101934141914,,0.0636055638628041,0.05874465534485528
2018-05-25,93.0,750924060.635418,0.0,0.0,4262.5424465,687.374530202945,0.1011294368873923,750.924060635418,,-17.48152513591475,1000000.0,1000000.0,497574.829881559868198341,165.0,181.0,234.60176937858284,176168.11329401929035413075102712,1.3724738,1030.6235990117225570484,0.1502788361678258,112.8479938827084686288355341844,248.41775709855055792,186542.87089438651944859835361241056,,0.06002904830934493,0.05816921681150622
2018-05-26,58.0,795050421.792542,0.0,0.0,6686.89556696,733.5951876803337,0.10851999999999992,795.050421792542,,-23.19736124909172,1000000.0,1000000.0,497574.829881559868198341,94.0,105.0,149.54622664382515,118896.7905706562681146386220313,2.24379534,1783.93043148314018635428,0.2,159.0100843585084,235.598510272036068134,187312.694965476815025141393925056628,,0.05572692117146063,0.058561718891513355
2018-05-27,52.0,763251445.961484,0.0,0.0,2346.39931599,707.030666228457,0.10401081592450385,763.251445961484,,-24.761376691875377,1000000.0,1000000.0,497574.829881559868198341,75.0,87.0,426.18491796559437,325286.25488421634285159618724508,5.40736263,4127.17734618559300094292,0.3776435045317221,288.2369508917991284746127915964,470.440548886919849897,359064.429176855777739059596123367148,,0.055998577927093125,0.05851291982907034
2018-05-28,109.0,720247516.951926,0.0,0.0,964.76331311,664.4268911673552,0.10128889829640748,720.247516951926,,-33.06652984414884,1000000.0,1000000.0,497574.829881559868198341,382.0,434.0,1036.5236596515583,746553.5921259581123416520862858,2.51781856,1813.45256597547391054656,0.14511556525081262,104.51912554297298610339697410612,1092.733256614400750203,787038.414767313908198167294285740978,,0.05513312768335153,0.05802528116420833
2018-05-29,85.0,739960079.632048,0.0,0.0,3593.00092528,700.0717222467526,0.09927507936816382,739.960079632048,,-31.70002876806922,1000000.0,1000000.0,497574.829881559868198341,123.0,147.0,278.3188818468873,205944.8619745252850456581241904,2.44287567,1807.63047530439261147216,0.2704207941176471,200.1005923494558054905915142608,359.102723836733865741,265721.680126314932791245719912867568,,0.055510312367677096,0.056863483139500764
2018-05-30,58.0,737211500.906714,0.0,0.0,1333.58807228,698.028634755097,0.09996536739465925,737.211500906714,,-30.133652506513986,1000000.0,1000000.0,497574.829881559868198341,72.0,76.0,749.8567367129988,552803.0103372005160181899939432,9.92215735,7314.7285122260839794479,0.746268656716418,550.157836497547827212970230452,754.083958346513164681,555919.366742308972112427369100568234,,0.05547187387559837,0.05674663659615937
2018-05-31,61.0,758746921.375039,0.0,0.0,1524.17788224,719.2388769409587,0.10145381868563742,758.746921375039,,-27.08686230688097,1000000.0,1000000.0,497574.829881559868198341,79.0,93.0,656.091399601429,497807.329588224743365229330731,7.78541506,5907.15970840186453868734,1.0088674687216206,765.4750859679580829820604682034,724.043600953948252147,549365.853165105487168035687923958733,,0.055965663069059625,0.05677312958640101
2018-06-01,48.0,757778377.022969,0.0,0.0,7692.08165289,720.7711657201394,0.10077060237704671,757.778377022969,,-27.591099682926657,1000000.0,1000000.0,497574.829881559868198341,117.0,124.0,130.0038201783942,98514.0838615694650878909363798,1.35154956,1024.17503204290786184364,0.2,151.5556754045938,167.592145431280515415,126997.703966713137991313263613567135,,0.055910742803151114,0.0566636994293353
2018-06-02,57.0,797269488.309643,0.0,0.0,4855.74766564,767.9866085893938,0.10438951098481568,797.269488309643,,-29.90202981997861,1000000.0,1000000.0,497574.829881559868198341,81.0,104.0,205.94150867376672,164190.88124204989845611050848096,3.22258436,2569.26818373185836898348,0.2517441,200.7078897919715983563,335.148773117262242087,267203.890850804303264782973882544941,,0.054321378158365054,0.05676654196801871
2018-06-03,69.0,815884725.012215,0.0,0.0,2922.40864016,785.4670047769125,0.10592936837974512,815.884725012215,,-27.864320229804328,1000000.0,1000000.0,497574.829881559868198341,72.0,90.0,342.18349420962363,279182.28607693763909782230264045,4.46345882,3641.6678719590456494863,0.2,163.176945002443,401.711293635253236182,327750.10834189974035946573822996313,,0.05468609529223303,0.05644093894454965
2018-06-04,77.0,806980180.087995,0.0,0.0,625.93085096,781.1469743583395,0.1077891760943453,806.980180087995,,-27.422190521050112,1000000.0,1000000.0,497574.829881559868198341,257.0,277.0,1597.6205653918498,1289248.131572199343788619823151,5.95637947,4806.68017737303621146265,0.1485698854847968,119.892952944174116000658694416,1649.917114371532595834,1331450.41008580441754111158089041283,,0.05467359615008132,0.05639691856282653
2018-06-05,87.0,821928072.594985,0.0,0.0,762.00158392,793.7435559182974,0.10798999999999993,821.928072594985,,-19.763990055223204,1000000.0,1000000.0,497574.829881559868198341,216.0,267.0,1312.3332301424118,1078643.522453303403140332484823,11.0339429,9069.1074209201193163565,0.2,164.385614518997,2946.062753628976340507,2421451.680834138674354470500460557395,,0.053212127302667805,0.05640528366625896
2018-06-06,62.0,799064873.417125,0.0,0.0,735.26783142,785.838136629923,0.10444233285105763,799.064873417125,,-21.481682556955054,1000000.0,1000000.0,497574.829881559868198341,260.0,290.0,1360.0486207458134,1086767.078977388830681295614475,5.45472302,4358.6775595017777997175,0.15264962639872298,121.9769543954670007874488630325,1581.869676126203821042,1264016.49251617357688718322651814425,,0.053347841306062425,0.05659323195980759
2018-06-07,52.0,810915397.751398,0.0,0.0,1234.48717686,796.1858786026042,0.10578149091609058,810.915397751398,,-20.088677037394405,1000000.0,1000000.0,497574.829881559868198341,377.0,401.0,810.0529667277151,656884.4237137050603126663707098,2.06126863,1671.51447096892923604474,0.15260571025157646,123.75032022779172040836866889108,826.568719783491873387,670277.302172094149461769066318245026,,0.05350330709079967,0.05654611681675682
2018-06-08,37.0,811973428.346581,0.0,0.0,8766.13259484,798.8429381681215,0.10652181409594086,811.973428346581,,-20.576190095276786,1000000.0,1000000.0,497574.829881559868198341,66.0,68.0,114.07539062194257,92626.18601327412353917343785317,1.68602392,1369.00662259674161621752,0.1527002430241175,123.9885398376487760773316672675,114.649626470999159242,93092.450264312112106789981185251602,,0.05345619347855965,0.05648291049917391
2018-06-09,32.0,796670803.65377,0.0,0.0,6511.56259629,785.7556886921667,0.10543312612678812,796.67080365377,,-25.372065561591018,1000000.0,1000000.0,497574.829881559868198341,29.0,36.0,153.57296888600814,122347.1005419115202269419616878,4.60318426,3667.2225037805845536602,0.1569645617308579,125.049083539284354594676669283,165.714633519674359835,132020.01026330894450441790373432795,,0.05261254424665133,0.056230998513603414
2018-06-10,78.0,679747691.683481,0.0,0.0,1804.62788501,672.7754672372408,0.10078195970008894,679.747691683481,,-28.961657436344368,1000000.0,1000000.0,497574.829881559868198341,325.0,359.0,554.1308589468157,376669.1722596825774813772414517,1.83603516,1248.04066185971070719196,0.15307148357403544,104.04998762201646855683435656664,659.136621398923034277,448046.596899966479566861918797678237,,0.05646169608742961,0.059847102811995075
2018-06-11,70.0,680118644.994201,0.0,0.0,1758.76183399,681.0806532829868,0.0992953270928534,680.118644994201,,-27.753264122722555,1000000.0,1000000.0,497574.829881559868198341,137.0,148.0,568.5818174319968,386703.0952401898373010478505568,4.75344826,3232.90878964124245354026,2.0,1360.237289988402,703.510341838971915929,478470.500430928731182361198064527729,,0.05649495057959906,0.05830328014546732
2018-06-12,85.0,638904422.47593,0.0,0.0,706.8906549,640.399956211156,0.09789088724774687,638.90442247593,,-35.398898036171445,1000000.0,1000000.0,497574.829881559868198341,177.0,187.0,1414.6459471058406,903823.551843572106973215916758,8.59414436,5490.8368390005710452548,0.15270684094540948,97.5650760223505441838692938164,1607.104995178648053906,1026786.48880279640197761174062748258,,0.0560758499439793,0.058221990572375606
2018-06-13,128.0,603924313.996926,0.0,0.0,760.12705715,617.0783660930238,0.09576199999999996,603.924313996926,,-36.763623359863864,1000000.0,1000000.0,497574.829881559868198341,346.0,370.0,1315.5695361609012,794504.4296412263900776181897112,3.87813041,2342.09724744986736711966,0.15342764095683378,92.65868281302250763022561296028,1434.908250228348209013,866575.980667684627520102699687494038,,0.05647762331351746,0.05834463891939604
2018-06-14,109.0,628379748.345997,0.0,0.0,622.69114569,660.1181885542534,0.0947815288576337,628.379748345997,,-32.763499193028935,1000000.0,1000000.0,497574.829881559868198341,333.0,395.0,1605.9325829978902,1009135.5123648511843271906155294,5.19286291,3263.08988858106166827127,0.1975301205158671,124.1239274205150274076192689987,2051.180847719974911314,1288920.504902406629106381828261910058,,0.057342877222043925,0.057968986600380176
2018-06-15,64.0,566555026.047109,0.0,0.0,2692.2705698,595.3487865443452,0.08852873160940772,566.555026047109,,-35.65547222646678,1000000.0,1000000.0,497574.829881559868198341,140.0,165.0,371.43369289021615,210437.62555019029584723509261035,2.48729132,1409.18739858934812679388,0.4,226.6220104188436,410.403067170228970162,232515.920410442498707407450767361658,,0.05910365903747361,0.059308326884545404
2018-06-16,64.0,561824668.682057,0.0,0.0,1781.74578628,594.0780143713703,0.08649690460574998,561.824668682057,,-35.175216119442645,1000000.0,1000000.0,497574.829881559868198341,133.0,166.0,561.2472933567758,315322.5746388718145504768318206,5.14161812,2888.68789675866079007284,0.2,112.3649337364114,853.508607971203949257,479522.190890705332978618323694381649,,0.0591143779208074,0.059275379016818806
2018-06-17,81.0,534214698.587005,0.0,0.0,2828.80394383,565.6281134380072,0.08281507398082714,534.214698587005,,-41.16093229733908,1000000.0,1000000.0,497574.829881559868198341,128.0,168.0,353.5062944823433,188848.2585554940547344313288165,2.84940305,1522.19299150864273736525,0.2,106.842939717401,478.699712315379220198,255728.42252824631550123924935632699,,0.0583113454344854,0.059379254233830045
2018-06-18,81.0,523626353.669083,0.0,0.0,2258.08029222,557.2100687702413,0.07810873986431828,523.626353669083,,-42.99253300938029,1000000.0,1000000.0,497574.829881559868198341,291.0,360.0,442.8540488324827,231890.0507977429396915771223641,1.38876886,727.19597425096921515538,0.19924528544566722,104.33008230367033938209202055926,499.956788772109286055,261790.550296843521676422604856537565,,0.05804897389326596,0.05915887340946324
2018-06-19,61.0,559639794.762748,0.0,0.0,2317.81266649,596.640980667689,0.08312499999999995,559.639794762748,,-40.51193531472486,1000000.0,1000000.0,497574.829881559868198341,232.0,267.0,431.441252547532,241451.694027883736186532937936,1.8198372,1018.4533171096139846256,0.19875498296383054,111.23119787395159860220457672392,485.896531334703995254,271927.035072084896437408340647997992,,0.059627622478251915,0.05723015185810858
2018-06-20,81.0,567216495.784804,0.0,0.0,1938.53238068,605.3868265505797,0.08399217000359695,567.216495784804,,-39.66800697490902,1000000.0,1000000.0,497574.829881559868198341,341.0,398.0,515.8541636777876,292600.9910573154028974444196304,1.68052289,953.22030475195163616356,0.1957542016626535,111.035012302242171151139617414,668.848109603271608171,379381.680941458233928853951824033484,,0.05981861660861881,0.057256684409135956
2018-06-21,57.0,566260872.452709,0.0,0.0,4371.71556521,632.3142093754277,0.08426033089308632,566.260872452709,,-37.25101508966823,1000000.0,1000000.0,497574.829881559868198341,110.0,147.0,228.74315244995938,129528.29707389701868584802096042,10.66489844,6039.11469525393518787396,0.16456717607768764,93.18795270282998448497597381676,1567.740070789900534569,887749.860264560845205533165272197421,,0.059702181356536654,0.057152592123026334
2018-06-22,105.0,507441001.596663,0.0,0.0,395.61780569,558.1002242078623,0.08374200000000001,507.441001596663,,-31.33742140726899,1000000.0,1000000.0,497574.829881559868198341,270.0,315.0,2527.692094757104,1282654.608291512053955161943952,8.24776944,4185.25638557194829737872,0.19950909303811265,101.23909399890170824616205808695,2598.047373368881451571,1318355.761337884685971918176109707573,,0.05187110869335855,0.05833090934113187
2018-06-23,46.0,533604483.452279,0.0,0.0,7070.05557709,587.6584064160492,0.08642451742456866,533.604483452279,,-31.33902081413769,1000000.0,1000000.0,497574.829881559868198341,75.0,78.0,141.44160383138072,75473.87395110579541102080066088,1.92636604,1027.91755571421222620516,0.2,106.7208966904558,150.256550886547226289,80177.569221137106917442546545762631,,0.05187013591651008,0.057562998623542964
2018-06-24,90.0,516715852.788954,0.0,0.0,1598.86640979,571.5510655042185,0.08406685581585724,516.715852788954,,-31.189333266040425,1000000.0,1000000.0,497574.829881559868198341,239.0,314.0,625.4431226255284,323176.3764784362375240979332936,2.54300354,1314.01024281642889489716,1.732,894.951857030468328,798.503110667729045252,412599.215783308125696281235871746408,0.0910812993178263,0.05184008108575932,0.055690665850004484
2018-06-25,55.0,524905530.942527,0.0,0.0,5129.13706179,583.7085065551562,0.0840718429334264,524.905530942527,,-33.97833438550213,1000000.0,1000000.0,497574.829881559868198341,82.0,105.0,194.96456966407797,102337.98095450413975594851683019,2.75052422,1443.76537606937994150394,0.2,104.9811061885054,288.805043618753948392,151595.364759581710567148710476066584,0.09109360177831055,0.05045756176044959,0.05276643605937556
2018-06-26,64.0,493057936.83235,0.0,0.0,575.98218259,545.9135062153564,0.08088049904139284,493.05793683235,,-35.40032718690308,1000000.0,1000000.0,497574.829881559868198341,107.0,127.0,1736.1648159009117,856029.842129020287835375053495,13.79785888,6803.143832076719518768,0.2,98.61158736647,1752.328077747052555232,863999.2666673595384789751154993552,0.09119439589258363,0.05101254866130501,0.053169521337671964
2018-06-27,73.0,479780515.063039,0.0,0.0,5845.06335779,552.2144426449028,0.07815046281660278,479.780515063039,,-33.38671723667147,1000000.0,1000000.0,497573.829881559868198341,116.0,137.0,171.08454413361738,82083.03070375217396698980601782,2.06410864,990.31910644526894455696,0.15,71.96707725945585,282.782884022474688648,135673.717747314527919894875617681272,0.08967021676415347,0.050415826685313456,0.05237761948150505
2018-06-28,78.0,493426354.702864,0.0,0.0,4502.45595842,569.5681628444295,0.08422205670113764,493.426354702864,,-33.31716557625313,1000000.0,1000000.0,497573.829881559868198341,189.0,217.0,222.1010064807563,109590.4900036367540906204960432,1.06409331,525.05168301700462023984,0.18341314928047783,90.50088165403839879060558950512,230.908247347662112018,113936.214759584180720748505073419552,0.08970602909201453,0.050445116730602146,0.05258836023518217
2018-06-29,117.0,501874532.731736,0.0,0.0,15.9088314,414.0094790260643,0.08067537273748712,501.874532731736,,-31.92258502282337,1000000.0,1000000.0,463987.239759348289287638,261.0,355.0,62858.16818088588,31546913.78415497692241687028768,269.16125118,135085.17716545192505344848,0.8666666666666667,434.9579283675045500624844243912,95552.244168635876057067,47955237.893602876313531447320137978312,0.08744592525141612,0.05072434284881987,0.052700586658294205
2018-06-30,37.0,524883950.261078,0.0,0.0,1305.46879204,432.3908347265087,0.08232774774828484,524.883950261078,,-30.82226293454251,1000000.0,1000000.0,464620.239759348289287638,88.0,116.0,766.0083535499297,402065.4905442715520864235462166,6.74388598,3539.75751329270126388644,0.248437,130.400593951011435086,782.290773833208738545,410611.87162237015451284332379185151,0.08515440970523076,0.05125953605426477,0.053214829013309935
2018-07-01,35.0,515601930.514611,0.0,0.0,49.50939658,395.83076093999836,0.08105161202493413,515.601930514611,,-31.958743328066408,1000000.0,1000000.0,454620.239759348289287638,78.0,122.0,20198.185981376373,10414223.684890810661261966685903,329.60912029,169947.09873674663870155719,0.2,103.1203861029222,40212.312675386108662059,20733546.045886239559540458938560844049,0.08345743440204156,0.05122610219114071,0.0531735451352489
2018-07-02,54.0,566695771.660929,0.0,0.0,810.62515142,434.38749329465844,0.08575428062315736,566.695771660929,,-28.920424025955434,1000000.0,1000000.0,454620.239759348289287638,68.0,79.0,1233.6158065778382,699084.8614417473516879362236878,17.40678322,9864.35044899241044681138,0.9951,563.9189623797904479,1375.135874212022487392,779283.685375208279169025029801507168,0.08373469340486553,0.05366055260315748,0.05353297208744463
2018-07-03,46.0,546096883.252525,0.0,0.0,10286.8840835,419.36340475368337,0.08403678235771267,546.096883252525,,-33.066906817706496,1000000.0,1000000.0,454620.239759348289287638,79.0,85.0,97.21116636321682,53086.7149682954010410433874705,1.60227221,874.99586000313521983025,0.1997909633734507,109.1052224002608052500487380175,136.19313767985129803,74374.64800734881785029148952502575,0.08376908815786006,0.053451266512270175,0.05362676869677478
2018-07-04,37.0,554114444.021811,0.0,0.0,628.41022707,422.87088859266674,0.0842204540068478,554.114444021811,,-31.334813704917874,1000000.0,1000000.0,455375.239759348289287638,71.0,78.0,1591.317195236937,881771.842901063013363340832907,21.32390031,11815.88116465217322966141,0.2,110.8228888043622,1663.264224343047187194,921638.730933216313394913432335888334,0.08335629363690335,0.05369394609228625,0.053732892556131194
2018-07-05,35.0,538581058.858016,0.0,0.0,1725.60491147,411.1389410429966,0.08241108908454045,538.581058858016,,-34.473456155644854,1000000.0,1000000.0,455375.239759348289287638,102.0,116.0,579.5069273123473,312111.4545274393210422743809568,5.45959818,2940.43616872369703201088,0.2,107.7162117716032,633.313389128754193318,341090.595705923152545842128377937088,0.08328563795465316,0.053444849442612276,0.05298419068109997
2018-07-06,55.0,557630128.706897,0.0,0.0,8.95903919,278.8724839103488,0.08450914381777071,557.630128706897,,-30.21466125494357,1000000.0,1000000.0,505375.239759348289287638,281.0,285.0,111619.11218819118,62242179.89565062334036682056846,391.67647991,218410.60590367765709893927,0.1691637515007243,94.3308045218904319463179054971,111627.796773639563970845,62247022.682151971738821972470458417965,0.06891562882112993,0.054103610614545675,0.05330664373209174
2018-07-07,33.0,572420498.957421,0.0,0.0,1455.55326433,286.89191039386435,0.08495588094048996,572.420498957421,,-29.4105771644371,1000000.0,1000000.0,505375.239759348289287638,88.0,125.0,687.0239822245292,393266.6107006793405649325711932,5.76547986,3300.27885819016177304106,1.69133,968.15196250165485993,720.68498222452911394,412534.85711608503958342443091754874,0.061413474094571936,0.05433858242973165,0.05350426840509275
2018-07-08,58.0,583301571.431502,0.0,0.0,1447.17154677,292.62366235750704,0.0869960526240786,583.301571431502,,-28.16248031425398,1000000.0,1000000.0,505375.239759348289287638,109.0,119.0,691.0030826897054,403063.1839969172775339566595108,6.04662815,3527.0077017569557899813,1.0,583.301571431502,719.548750050104760425,419713.91662579916021460143200790835,0.06138263418016846,0.054575909534818806,0.0535857802265082
2018-07-09,58.0,588175756.56882,0.0,0.0,224.07828988,294.28311874261937,0.08826134904605301,588.17575656882,,-26.17079051080189,1000000.0,1000000.0,505375.239759348289287638,116.0,131.0,4462.725954011708,2624867.21436014536291218774456,34.25598888,20148.5421765070848747216,0.4958,291.617540106820956,4487.534543106079173537,2639459.02502013210490058012446331634,0.05996526998500931,0.05466598609065898,0.053192801756062114
2018-07-10,69.0,562767821.112328,0.0,0.0,43.21610022,264.15763531643273,0.0891996081756712,562.767821112328,,-17.209307512532714,1000000.0,1000000.0,505375.239759348289287638,292.0,315.0,23139.52427411744,13022179.65732089488956130380032,73.5250546,41377.5347744069489331088,0.15624767952947394,87.93116616265934383627148873232,23160.392198230136129688,13033923.453504934301080683901023593664,0.060036511364112845,0.047452538834763,0.051772149042573774
2018-07-11,80.0,555976749.630012,0.0,0.0,866.02573348,260.59163699460635,0.08717133853292408,555.976749630012,,-18.252976341392234,1000000.0,1000000.0,505375.239759348289287638,318.0,393.0,1154.7000987847455,641986.407719796572517954581946,3.92442132,2181.88700967232120465584,0.15808727985316826,87.89285201061456989964098181912,1542.297580331400417791,857481.595674884330080428181472343492,0.0600385549665275,0.047446001869558815,0.05176473042417871
2018-07-12,46.0,550775766.267982,0.0,0.0,43.10600893,243.44026236913726,0.08941939216832269,550.775766267982,,-13.793715164222101,1000000.0,1000000.0,505375.239759348289287638,106.0,128.0,23198.621833738398,12777238.716838403878311751372836,181.32493034,99869.37745150195792237388,1.9998406666666666,1101.4637755972052648162822488012,23209.591083782213546671,12783280.313936671481157421925649987922,0.05915738157299633,0.04626859705720411,0.051199270465091734
2018-07-13,47.0,562436935.432203,0.0,0.0,1200.14128277,248.24669017619405,0.09058435213293607,562.436935432203,,-6.869632105081003,1000000.0,1000000.0,505375.239759348289287638,93.0,110.0,833.2352318484596,468642.2702949887688059257844988,166.49673682,93643.91441650283584381446,1.999818,1124.771507342157339054,18314.64105033586880755,10300830.58589172957855884036547953265,0.05912245098138537,0.045454340367868835,0.051241610609181365
2018-07-14,45.0,555783676.20339,0.0,0.0,844.26461841,247.27504271222747,0.08885270698150444,555.78367620339,,-11.552898121508894,1000000.0,1000000.0,505375.239759348289287638,102.0,118.0,1184.462759887942,658305.06701653363356840052338,11.02066188,6125.1039738609632997732,0.4769118926018738,265.059844895385734888383912182,1300.43810218665046842,722762.2691082563410693323506919438,0.058821462934270596,0.044778814418439,0.05121574071805481
2018-07-15,45.0,574648832.759088,0.0,0.0,1447.55991231,257.19895465343325,0.09053003432011082,574.648832759088,,1.4286002841506922,1000000.0,1000000.0,505375.239759348289287638,61.0,90.0,690.8176936215414,396977.5812889440369654334182432,9.05055601,5200.89144696724878051888,1.613399095,927.13790671631893222536,814.550040684642454197,468080.230103297427925143419175492336,0.05830529505043533,0.04111890980552936,0.05105467203352579
2018-07-16,57.0,599159645.34775,0.0,0.0,635.41846612,267.46214338213844,0.08928279509301768,599.15964534775,,6.645307468124245,1000000.0,1000000.0,505375.239759348289287638,208.0,263.0,1573.7660350039837,942937.099393321585950421831675,6.07571947,3640.3259228776195956925,2.0,1198.3192906955,1597.914221314252526475,957405.71813877364766514541745668125,0.05802341825159856,0.04176091714733879,0.051428154990697125
2018-07-17,68.0,649783317.517318,0.0,0.0,136.45841392,284.7846790229014,0.08876100000000009,649.783317517318,,21.633365617979308,1000000.0,1000000.0,505375.239759348289287638,366.0,418.0,7328.239947069603,4761768.064369821500151303884754,17.62161952,11450.23439173352880684736,0.19989631430566313,129.88929026901830201997924908534,7365.83695734375601396,4786197.97443449333508878427894975928,0.05587794908452162,0.04294117554849106,0.05221697522046077
2018-07-18,109.0,638518327.459965,0.0,0.0,66.09687419,268.3204934615375,0.08656656840570348,638.518327459965,,21.94159499151002,1000000.0,1000000.0,505375.239759348289287638,406.0,438.0,15129.308491517811,9660340.753629798750723186936615,35.05224161,22381.49868653979078214365,4.231,2701.571043483111915,15352.881824764374235124,9803096.42443904369434102651260681066,0.055684066185149775,0.04288967682893972,0.05218981198883889
2018-07-19,71.0,566021448.290766,0.0,0.0,232.88244683,236.0023759212338,0.0758027117187565,566.021448290766,,1.1403144643642429,1000000.0,1000000.0,505375.239759348289287638,216.0,228.0,4294.011908724909,2430502.839554269492500538890294,19.47960019,11025.87151166888054884554,0.19958331732281404,112.96843832573472920021526715464,4441.348842976572861754,2513898.704466117638964429084512763564,0.0549271329087811,0.04725356378159323,0.05408042568343428
2018-07-20,62.0,588040292.10713,0.0,0.0,934.36890948,245.51065068166406,0.08025381361031678,588.04029210713,,3.671225445147542,1000000.0,1000000.0,505375.239759348289287638,174.0,185.0,1070.2410898511282,629344.883101110591213185764066,5.99062351,3522.7279987242404166263,0.19943640136348958,117.2766397145812324402279987054,1108.265349641824607208,651704.67993558910434250629490619304,0.05438434162144804,0.04770261540920706,0.05440665059001669
2018-07-21,62.0,618647743.698266,0.0,0.0,103.07104346,252.3916752017047,0.08348185218081745,618.647743698266,,9.25136695718493,1000000.0,1000000.0,513375.239759348289287638,167.0,178.0,9702.045952716795,6002148.83790513876416343057747,100.51721761,62184.74987725410970166426,4.025,2490.05716838552065,17892.064734103527501551,11068885.477856462890796488883791010566,0.05454011122065737,0.04854602325941465,0.05474681441985682
2018-07-22,35.0,626403624.785413,0.0,0.0,2413.26904679,258.4241405480586,0.08465504435294784,626.403624785413,,23.443636366480845,1000000.0,1000000.0,513375.239759348289287638,58.0,64.0,414.37567905172386,259566.42738091675456232023205418,6.78217671,4248.38007507920679633123,1.2182621423330888,763.1238218962895634300694736744,434.059309432881855809,271896.324800610403642211088832514117,0.05453024892462059,0.04364980849232265,0.04854077810034827
2018-07-23,61.0,603007880.28159,0.0,0.0,695.97357976,251.80085749763654,0.07814871484620155,603.00788028159,,13.006524304347941,1000000.0,1000000.0,513375.239759348289287638,132.0,137.0,1436.8361516670616,866423.522128711973193335875944,12.16438194,7335.2181685750555104846,0.6303031822638565,380.077785871668781782899351835,1666.520325919291719291,1004924.88917877660932683436831515269,0.05451575640355452,0.04361093914283593,0.04824340076462664
2018-07-24,53.0,630454889.110287,0.0,0.0,516.13512136,264.0725273209184,0.07507545593285866,630.454889110287,,22.011911519151383,1000000.0,1000000.0,513375.239759348289287638,267.0,278.0,1937.477142368069,1221491.936945376680139688225803,7.04318274,4440.40899333018735484638,0.2,126.0909778220574,1958.004801596512811675,1234433.700067938983025314637536200725,0.05430677922811404,0.04366068659508539,0.04848263752991788
2018-07-25,74.0,642867251.525424,0.0,0.0,514.70935837,270.5735157491238,0.07837244481565941,642.867251525424,,22.472942963866934,1000000.0,1000000.0,513375.239759348289287638,287.0,304.0,1942.844022048089,1248990.796596655242673934114736,8.0127034,5151.1046120464200712416,1.0,642.867251525424,2435.861832210845378297,1565935.801169069688059398673593322928,0.054322736019719944,0.043693190841294076,0.047933612540830214
2018-07-26,98.0,644830676.324225,0.0,0.0,235.51517072,269.2407971447732,0.08148045445387365,644.830676324225,,30.78192807663513,1000000.0,1000000.0,513375.239759348289287638,381.0,452.0,4246.010976493432,2737958.1296523427749736149902,9.96916935,6428.42621435123453250375,0.4053676970461812,261.39352624628256798928929957,4506.064544846300291483,2905648.648013850910108771644514075675,0.05432172609207217,0.04169867214772367,0.04768932631834854
2018-07-27,67.0,589438239.0152,0.0,0.0,429.45572531,246.03385324890658,0.07211334628649413,589.4382390152,,22.855810210998865,1000000.0,1000000.0,515129.171321758432821583,114.0,120.0,2328.528742485943,1372523.8814671923610601633336,20.75262771,12232.392332320442631192,2.139148318930451,1260.8958181026904553635318552,2490.315325272604377722,1467887.0799212489122922900980993744,0.05467948955827431,0.04500379169233634,0.04848386060377424
2018-07-28,37.0,656394476.212157,0.0,0.0,428.88057913,273.1238032670504,0.08014232239715094,656.394476212157,,33.027851057414765,1000000.0,1000000.0,515129.171321758432821583,43.0,52.0,2331.6513935421062,1530483.0951734167477850638250734,47.2730268,31029.7536653492603468076,1.8928571428571428,1242.4609728301542839203156450196,2458.197393649235686346,1613547.190630479570584023920204108322,0.055293292629708474,0.048502360314602914,0.05041649111531115
2018-07-29,58.0,672499635.10717,0.0,0.0,3736.32744485,281.2223178330242,0.08171711358829205,672.49963510717,,33.997561391830416,1000000.0,1000000.0,515129.171321758432821583,62.0,62.0,267.6424951397765,179989.480320672216435707347505,4.72913356,3180.3405934730718436252,0.7,470.749744575019,293.206280638874288435,197181.11674077344287949037871657895,0.05507745963159073,0.048558994062922425,0.050529384285025486
2018-07-30,56.0,653501747.4949,0.0,0.0,1508.67086704,276.1812465164307,0.07996996832261838,653.5017474949,,24.504044593066205,1000000.0,1000000.0,515129.171321758432821583,124.0,131.0,662.8350966734037,433163.89397702029572993139113,5.58768051,3651.558977728194054399,1.972640125070637,1289.1237689122193758002972513,731.986146801975090717,478354.2260771491288863404549948433,0.05510742368049766,0.04858220882056788,0.0504893143506324
2018-07-31,99.0,610576303.473787,0.0,0.0,1136.07677846,258.77896129255396,0.07903764254063544,610.576303473787,,18.420096461699462,1000000.0,1000000.0,515129.171321758432821583,153.0,179.0,880.2221988534534,537442.8164115102506829613260258,6.18868848,3778.66653546920958887376,0.2,122.1152606947574,1107.775237229781280535,676381.309427557322089052545665836045,0.05522013401087395,0.05030692498047492,0.051190847256057756
2018-08-01,119.0,584938150.224548,0.0,0.0,637.97051431,248.79732913326725,0.076999,584.938150224548,,3.2190779384417167,1000000.0,1000000.0,515129.171321758432821583,281.0,357.0,1567.4705610548797,916873.3305148757597343061268756,4.951817,2896.506676230470603716,0.85,497.1974276908658,1767.798669961117145995,1034052.88397647209105402414214888526,0.05475903786697185,0.048146478104717186,0.050931674643664195
2018-08-02,68.0,584433536.547895,0.0,0.0,841.33281871,249.2122938445855,0.0774833879330295,584.433536547895,,7.020119409405674,1000000.0,1000000.0,515129.171321758432821583,84.0,112.0,1188.590267446326,694652.01351006465897124078377,11.56541859,6759.21848821046925836805,0.3739672045380934,218.558975901127933990661083393,1295.326882033158670586,757032.47065219691313119264191671647,0.054562778315431125,0.04760985306251156,0.05080027646768239
2018-08-03,98.0,564999513.380365,0.0,0.0,328.02546406,244.0212063295675,0.07623441771298457,564.999513380365,,1.9644081608032489,1000000.0,1000000.0,515129.171321758432821583,201.0,270.0,3048.5438161093043,1722425.7726204778528832214300695,11.40086538,6441.4833918150501002637,1.44562,816.7745965329232513,3078.233653208782328367,1739200.516134025246353119575600313955,0.05381192067709088,0.04799652057955312,0.05092698516685204
2018-08-04,38.0,538255307.770782,0.0,0.0,5390.72179783,237.17390653640217,0.07686936143396528,538.255307770782,,-0.060483205243932546,1000000.0,1000000.0,515129.171321758432821583,69.0,74.0,185.5039153389066,99848.4670434282599000793069612,2.61999393,1410.22563914973067135326,0.2,107.6510615541564,193.879550714103457424,104356.697240080693564034640288185568,0.05120998036700307,0.048552115378107205,0.0511173040444167
2018-08-05,47.0,561419643.503268,0.0,0.0,494.69628126,246.36435934932064,0.0798425140071111,561.419643503268,,0.6795749729589777,1000000.0,1000000.0,515129.171321758432821583,214.0,226.0,2021.4423230459824,1134877.4283668933466269886704832,9.33207434,5239.20984910879500894312,0.1993624342459926,111.9259867623288732307540038168,2109.0487998519606707,1184061.4253438829839983311029218476,0.050628154266519655,0.048752618292919166,0.0514296412700641
2018-08-06,66.0,539164583.980319,0.0,0.0,536.15821938,235.97764639925018,0.0778016294986024,539.164583980319,,-5.809700218226422,1000000.0,1000000.0,515129.171321758432821583,193.0,263.0,1865.1210852437746,1005607.2339983808227200836720974,8.3372217,4495.1346694321879397223,1.49775,807.53375565652278225,2192.689306311510735409,1182220.417635539941830810712072415471,0.050702944814558455,0.04904627267407789,0.05154805738641601
2018-08-07,111.0,513041203.17936,0.0,0.0,1014.96488679,224.18732809947056,0.07631613499325181,513.04120317936,,-12.045290411221327,1000000.0,1000000.0,515129.171321758432821583,256.0,348.0,985.255759102772,505476.80008947982046738918592,3.12826408,1604.9283674659736853888,0.7227151644476799,370.782657524206718350255566864,1088.635898557519041079,558515.07122019326829585319324492944,0.050640697178755176,0.04963413405821818,0.05183139263313604
2018-08-08,164.0,506562875.223117,0.0,0.0,210.14054504,220.1687130644596,0.08082518918258576,506.562875223117,,-13.875594230846858,1000000.0,1000000.0,515129.171321758432821583,1539.0,2000.0,4758.719931057499,2410590.850658039798607381004383,2.59307883,1313.55746780499621931311,0.9205,466.2911266428791985,5186.157659657528856944,2627114.935436509271718825219974774448,0.05006177736490657,0.049598537014417465,0.051814307639923146
2018-08-09,81.0,527054962.400935,0.0,0.0,905.53707808,229.77850629248417,0.08036705919397619,527.054962400935,,-6.345931194289932,1000000.0,1000000.0,515129.171321758432821583,229.0,291.0,1104.3170116415486,582035.761049449296056657487941,3.87296393,2041.26485850632745327455,1.41733,747.01080985971720355,1127.032503555480566991,594008.073786065451940196560468536585,0.0501521628281636,0.04967604661563632,0.04820814474952059
2018-08-10,135.0,479610174.500292,0.0,0.0,353.32539605,207.99904012813207,0.07816648807774254,479.610174500292,,-13.735569910169806,1000000.0,1000000.0,515129.171321758432821583,559.0,718.0,2830.2522580447767,1357417.7793607008155598832247964,4.00287543,1919.81978348523137462556,1.371,657.545549239900332,2874.064561152611352391,1378430.605699509078702785064744398172,0.050536172552090745,0.052433912951040385,0.049584875078154796
2018-08-11,230.0,473588988.564639,0.0,0.0,148.35499663,202.690194913579,0.07500915306838109,473.588988564639,,-14.014192785996233,1000000.0,1000000.0,515129.171321758432821583,1102.0,1415.0,6740.5886063730095,3192268.5404225231297332357110705,5.05606633,2394.49733934042627650487,0.8436897058823529,399.5621544712212688095710591031,7154.333850553086543175,3388213.732137195407301110789551788825,0.05038735091116766,0.05244675583443998,0.04903337192238986
2018-08-12,68.0,471972912.972092,0.0,0.0,917.05868871,203.47826914074858,0.0747420363022495,471.972912972092,,-16.0842961692397,1000000.0,1000000.0,515129.171321758432821583,180.0,231.0,1090.4427517084516,514659.4419531415520568313327472,4.904856,2314.959174028643278752,1.34459,634.61005905314518228,1133.0217369094962268,534755.5696298741808916344477024656,0.05035110668502326,0.05221865100259473,0.04856841583241725
2018-08-13,254.0,431979160.958715,0.0,0.0,204.20957863,185.52396018940175,0.06894185079764407,431.979160958715,,-22.275665973206543,1000000.0,1000000.0,515129.171321758432821583,787.0,1040.0,4896.929941741276,2115371.68750700553290464742034,5.12118837,2212.24665518412930814455,1.0,431.979160958715,5326.035906833125292258,2300736.52226976223834388505784712847,0.0503909093388814,0.054356261599633096,0.04942225247736262
2018-08-14,353.0,378800279.953536,0.0,0.0,200.65031378,161.6221547276077,0.06124668518878135,378.800279953536,,-34.08143228364622,1000000.0,1000000.0,515129.171321758432821583,1411.0,1686.0,4983.794847706644,1887862.883542267061256478493184,3.36868789,1276.05991580808648587904,0.15003926681359983,56.83491627301489891872529749888,5679.607776341600153102,2151437.015704478217923144359046268672,0.05111624654170889,0.05817760052526948,0.05046925941371365
2018-08-15,122.0,397421968.013212,0.0,0.0,193.57352013,168.06319068337555,0.06338251252547414,397.421968013212,,-33.67010427036524,1000000.0,1000000.0,515129.171321758432821583,735.0,902.0,5165.9958413436725,2053080.23401487122635331260107,8.95336019,3558.26202704094571483028,0.2089936369390913,83.0586624945723845089176742556,8075.930893865355771706,3209552.349378668016781306317863779672,0.051273918596822864,0.058393506992499816,0.05095990824761259
2018-08-16,84.0,446795622.568966,0.0,0.0,954.42849874,189.5468631093338,0.07102421654530862,446.795622568966,,-31.239290002692627,1000000.0,1000000.0,515129.171321758432821583,301.0,346.0,1047.747423010052,468128.962158805955872681246232,3.32836172,1487.09744682211449438152,0.2,89.3591245137932,1151.613153639923754561,514535.715939160027525550190879553926,0.052083311271367554,0.06073122658892521,0.053020105977135606
2018-08-17,76.0,436521227.66982,0.0,0.0,922.06293609,184.98556589322027,0.06651165938703918,436.52122766982,,-31.635286115230603,1000000.0,1000000.0,515129.171321758432821583,498.0,584.0,1084.524668393048,473418.03968513774461292741136,5.80675071,2534.7699487017989305722,0.19934660396577483,87.0190242949494370656717066306,3391.142417447179362376,1480305.65126724395700791883585869232,0.05197902731773805,0.0607567859737014,0.053039433815063944
2018-08-18,105.0,433758820.270602,0.0,0.0,390.44629612,183.8208889972764,0.06778236231387091,433.758820270602,,-23.36706999700487,1000000.0,1000000.0,515129.171321758432821583,285.0,376.0,2561.1716897946903,1110930.8106758090883952687845606,7.09090355,3075.7419585006236824371,0.99934,433.47253944922340268,2666.179735684783353229,1156478.976780017088088027974730473858,0.05179358111462046,0.05724299062391805,0.05224832963251071
2018-08-19,74.0,456098826.206897,0.0,0.0,457.92887766,192.9919154287746,0.07026941515764114,456.098826206897,,-22.437487306770418,1000000.0,1000000.0,515129.171321758432821583,378.0,475.0,2183.745225051697,996003.633880995126835242954209,4.975443,2269.293712159322230371,0.8154467688517497,371.9243141074898963509726576809,2363.335422757987527861,1077914.512253098802542403736737857317,0.05172041050106115,0.05762566660284479,0.05267335800988237
2018-08-20,65.0,427811873.077634,0.0,0.0,1279.66242136,181.25263452225315,0.0681994415664198,427.811873077634,,-30.847258809968064,1000000.0,1000000.0,515129.171321758432821583,249.0,283.0,781.4560960046972,334316.1961597048884870842624248,3.05374441,1306.42811594245432352594,0.2,85.5623746155268,864.209666942608452111,369719.156346515558686660178474185374,0.05179325138792724,0.057368272398582734,0.05324601005233676
2018-08-21,82.0,435825387.438117,0.0,0.0,775.06509453,184.56699177184473,0.06732894605006168,435.825387438117,,-30.424191337108297,1000000.0,1000000.0,515129.171321758432821583,191.0,212.0,1290.214211755167,562308.108716360386836167500539,6.32594796,2757.00872058036586239132,2.585,1126.608626527532445,1341.100967259629272052,584485.848649561389441478181907606084,0.05177664521357079,0.057469740988032814,0.051505044416336285
2018-08-22,102.0,373622714.456559,0.0,0.0,358.90816911,157.6198774208635,0.05869947169556809,373.622714456559,,-38.0401605560965,1000000.0,1000000.0,515129.171321758432821583,507.0,573.0,2786.2280273161496,1040998.0786608034315054483452264,5.199779,1942.755544554211900461,0.19965062910666428,74.59400998979159535476545701252,2979.473369061479088283,1113198.927799778831723879891129398197,0.052950851482202695,0.06291602221664962,0.054612510828739545
2018-08-23,70.0,432423270.938632,0.0,0.0,739.96706483,182.07761420169518,0.06635913572207258,432.423270938632,,-31.410910057517665,1000000.0,1000000.0,515129.171321758432821583,161.0,196.0,1351.4114986100492,584381.7806130360076882317006944,7.10977885,3074.4338259673054415332,2.0,864.846541877264,1393.516655085745389737,602589.030099639476813941346649619784,0.05413804319124609,0.06875111289498254,0.05791365240522501
2018-08-24,65.0,398095794.542259,0.0,0.0,857.34307745,167.35310508830557,0.059437403848120116,398.095794542259,,-38.074961261809555,1000000.0,1000000.0,515129.171321758432821583,141.0,165.0,1166.3942082204017,464336.6290709898987158366054403,7.70411376,3066.97528853115046338384,2.0,796.191589084518,1271.178769660061502512,506050.922313073422388442924818654608,0.05443738813856722,0.0696341729346062,0.05876319312489196
2018-08-25,49.0,437680961.809718,0.0,0.0,935.32158314,183.8715518386994,0.0648854679070795,437.680961809718,,-32.124668090441595,1000000.0,1000000.0,515129.171321758432821583,127.0,149.0,1069.1509936511584,467947.0352210547115524510773312,7.21388391,3157.37964811244916183738,1.9999690909090908,875.3483952987981973329859843944,1074.868702573088601189,470449.567561353127816623418606554702,0.0548817873196687,0.07245608384748042,0.05963738049655578
2018-08-26,41.0,425828378.823612,0.0,0.0,4337.11574864,179.43529120722806,0.06365271989906515,425.828378823612,,-27.756913169552433,1000000.0,1000000.0,515129.171321758432821583,47.0,52.0,230.5679760366315,98182.387444320212108189142978,4.62642883,1970.06468842172004153396,0.2808,119.5726087736702496,240.574299138033542241,102443.363788575501063753596890194492,0.054827286732868824,0.07105474540020079,0.05963850541696943
2018-08-27,53.0,445347283.805669,0.0,0.0,1032.51955772,187.46234299323376,0.0651172588482585,445.347283805669,,-32.15249366880324,1000000.0,1000000.0,515129.171321758432821583,116.0,146.0,968.5046569105732,431320.9183082651270211001994708,6.64359954,2958.70900983159201779226,1.9999672727272728,890.6799926093225741307115495032,969.965533435637811924,431971.515700678116269975282786997156,0.054950964457690425,0.0683185056084456,0.059820702933966206
2018-08-28,59.0,466100116.95406,0.0,0.0,937.70345012,196.24910034892463,0.0657129336088472,466.10011695406,,-30.691394816923285,1000000.0,1000000.0,515129.171321758432821583,220.0,252.0,1066.435235869104,497065.58816251993634934136224,4.58304491,2136.1577685567093868346,1.218,567.70994245004508,1154.927316776580512698,538311.75742300287889574167691265388,0.055041348664692354,0.06882708859478139,0.060085072711782955
2018-08-29,102.0,455219812.367715,0.0,0.0,3.56334451,120.14359276147395,0.06472232430058956,455.219812367715,,-30.341454462404844,1000000.0,1000000.0,545050.139928620690960582,306.0,349.0,280635.2281999451,127750715.9249498897698640124465,804.93895173,366424.15857399580139539695,1.0,455.219812367715,280923.694155134812924719,127882031.342945824570501151067441047085,0.05504274324449447,0.06879174910550383,0.059845051395594304
2018-08-30,90.0,439257771.610491,0.0,0.0,75.99305184,114.03088361900386,0.06304866621512385,439.257771610491,,-28.05849668396949,1000000.0,1000000.0,545049.139928620690960582,307.0,343.0,13159.09778293879,5780235.96853824548944117484589,46.54642482,20445.87884286844965478662,4.0,1757.031086441964,15965.423712876912061247,7012936.442935603877284311621619742277,0.05507585405955426,0.06813714419422987,0.059967512634591595
2018-08-31,72.0,424875834.722238,0.0,0.0,918.01188295,110.20242076255646,0.06047933386857938,424.875834722238,,-27.363972659479437,1000000.0,1000000.0,545050.139928620690960582,185.0,214.0,1089.3105182797315,462821.715725814616459887719097,5.62497482,2389.91587193907044404716,1.9999616,849.7353542124226660608,1203.744611010140204654,511441.996395329002276040572564895652,0.05508190564513774,0.06800439097866527,0.05871443135248263
2018-09-01,71.0,483652056.306898,0.0,0.0,504.03535866,125.20203998922416,0.06724532107171537,483.652056306898,,-17.244301351405735,1000000.0,1000000.0,545050.139928620690960582,468.0,491.0,1983.9877953451385,959559.776906465351545588315373,4.3925501,2124.4658882960704405898,0.12259896830258117,59.29524312064759115151107591066,2156.742096771661264888,1043112.750027264769313671108599597424,0.05596345596240737,0.07266208468306774,0.06105703114120862
2018-09-02,91.0,514198767.246799,0.0,0.0,547.20838564,133.24357931209258,0.0705670660432495,514.198767246799,,-8.991290245477838,1000000.0,1000000.0,545053.171321758432821582,293.0,319.0,1827.457375009282,939676.329425844070650209788318,5.93487819,3051.70704905791373241381,0.2,102.8397534493598,1893.22614116541069678,973494.54790666844174636906481460722,0.05617336821499638,0.07348916577729994,0.06156720501454419
2018-09-03,57.0,482260478.150542,0.0,0.0,1279.90694806,125.22049884526712,0.06645021804239988,482.260478150542,,-10.403024143346789,1000000.0,1000000.0,545053.171321758432821582,410.0,434.0,781.3067985266434,376793.3902397282298833431507228,1.89456456,913.67361059267121799152,0.11737723009000099,56.60639910719006343008214903658,822.241017126863000276,396534.346074588944353930101715549592,0.05591091634964089,0.07387625850993777,0.062005218156774754
2018-09-04,68.0,480008061.966832,0.0,0.0,152.30349029,123.89755968219953,0.06522902011272773,480.008061966832,,-14.501021201970495,1000000.0,1000000.0,545053.171321758432821582,75.0,105.0,6565.837710514456,3151655.034612785342361928523392,63.46873333,30465.50368122297551291056,1.7049584691916941,818.3938105306417289316840900912,6664.21699981936459245,3198877.8866097087986433356470976184,0.055892811366921785,0.07336821017180037,0.061819427045209034
2018-09-05,174.0,414063972.246659,0.0,0.0,210.25665783,106.4755865420533,0.06097338131018125,414.063972246659,,-23.202676038199595,1000000.0,1000000.0,545053.171321758432821582,754.0,826.0,4756.091960841177,1969326.329676299096744167877643,6.08508755,2519.61552242169020999545,0.11500755759701443,47.62048613700621937643794228937,5026.282312544188602253,2081202.419965169927095842345359122727,0.05655073240189892,0.07763808274298532,0.06447409894170203
2018-09-06,222.0,393482347.03187,0.0,0.0,282.55370543,100.80863995193478,0.060647000876680256,393.48234703187,,-23.303948183220676,1000000.0,1000000.0,545053.171321758432821582,638.0,736.0,3539.150189050755,1392593.12288597749604703256185,5.01039003,1971.5000285494815402561,0.1989852655416061,78.297189310071054790327686407,3687.647059740111507686,1451024.02009171359787991317279195282,0.05658896183462857,0.07766240275465866,0.06465915507091463
2018-09-07,131.0,381336475.607832,0.0,0.0,24.70781719,93.61654002329394,0.05950336811345168,381.336475607832,,-24.720800860135803,1000000.0,1000000.0,545053.171321758432821582,407.0,824.0,40473.02083167518,15433839.12115337868434928800976,49.57054655,18903.0575153309757005796,1.088959399066856,415.259939320177525826205216192,40846.130360687460609202,15576119.393962619914811823799962470064,0.05661025883001552,0.07776893300531802,0.06470723321912636
2018-09-08,220.0,350715575.448097,0.0,0.0,30.37096733,83.5532300459701,0.056678644067796595,350.715575448097,,-33.45749485965283,1000000.0,1000000.0,545053.171321758432821582,639.0,872.0,32926.182072236385,11547724.892773198709219282409345,38.54291306,13517.59993328387321344682,0.2,70.1431150896194,33609.420192071121377854,11787347.143139114134735351152102243838,0.05689924368898619,0.07834135840390147,0.06528866897324867
2018-09-09,158.0,337449466.354997,0.0,0.0,317.05255408,80.248814372182,0.05399842630564785,337.449466354997,,-29.640886641617403,1000000.0,1000000.0,545053.171321758432821582,513.0,687.0,3154.051235737836,1064332.906356051600728800566492,5.37389437,1813.41778740462279966689,0.2,67.4898932709994,3691.865429027755510565,1245818.018879878147927282731274043305,0.05695019817874206,0.0770093980628435,0.06540686103210178
2018-09-10,80.0,329417642.363896,0.0,0.0,1383.34693516,78.4768065455074,0.052326816207871954,329.417642363896,,-30.442292722577825,1000000.0,1000000.0,545053.171321758432821582,212.0,299.0,722.8844584001205,238130.893987669550499831249468,3.8185799,1257.9075878361617512904,0.2,65.8835284727792,1141.755390446090345427,376114.368877020629271298315473503592,0.0568114731087513,0.07704248693796632,0.0654384495089165
2018-09-11,140.0,330416869.91545,0.0,0.0,10.93622117,73.02810875063986,0.052627353018934966,330.41686991545,,-29.992408285729798,1000000.0,1000000.0,605053.171321758432821582,499.0,617.0,91439.26268349019,30213074.9632554395956162044355,148.84093318,49179.555256630245699631,0.2,66.08337398309,91834.855770734882900974,30343785.5929030205525407146821026483,0.056813793124280046,0.07707652369217985,0.06534225945068897
2018-09-12,236.0,318026290.951783,0.0,0.0,126.73505972,70.03155398240068,0.050260681676911834,318.026290951783,,-26.379251664369686,1000000.0,1000000.0,604760.698804061896421106,831.0,1067.0,7890.4764174579295,2509378.9488866578660039155132985,9.27997125,2951.27483677668137623875,0.3,95.4078872855349,9901.729326594550561351,3149010.251745360892898017034724338833,0.05682450603529785,0.07588910075500827,0.06545124210976633
2018-09-13,156.0,352606547.757675,0.0,0.0,111.70758346,77.09067003387628,0.0543231106145655,352.606547757675,,-6.9149189116422916,1000000.0,1000000.0,601237.26329348911540411,473.0,673.0,8951.943717549315,3156513.969966071220559482242625,24.46433666,8626.2852928641292988655,1.83,645.26998239654525,16464.498570394230074148,5805490.0014678848494923285183860859,0.05726151615535134,0.07505561725769608,0.06682968691462353
2018-09-14,144.0,413807270.086063,0.0,0.0,20.8837606,86.37935679099965,0.06371465320069898,413.807270086063,,4.122897925035258,1000000.0,1000000.0,558755.520515844690276941,755.0,978.0,47884.096119628855,19814787.095802258865119468147865,94.73168066,39200.65816457929083264158,1.058395,437.971545622738648885,92647.583682806467412615,38338243.683852219212851549715981884745,0.05852923790088994,0.08025733964646053,0.0699962719367717
2018-09-15,133.0,434540468.226038,0.0,0.0,72.69767228,89.50559183195216,0.0666047568954745,434.540468226038,,-2.7428993758855205,1000000.0,1000000.0,558947.233907071900280128,386.0,557.0,13755.598613913573,5977364.262419443322463960213774,41.62601026,18088.18598876226178714988,1.037,450.618465550401406,23185.687717541688586671,10075119.596923263648259963106781939498,0.058597853602218426,0.07779320028740654,0.06943665515353682
2018-09-16,63.0,422443181.484512,0.0,0.0,362.12225397,86.8280829095013,0.06501721855144921,422.443181484512,,-3.225054199645124,1000000.0,1000000.0,559033.605106474935149467,232.0,302.0,2761.498331145474,1166576.140673264489732749898688,9.58287477,4048.22010560646119056224,1.03239,436.12611613279534368,2894.028180757723880221,1222562.471985127248195508535654637152,0.058565288493016565,0.07784768058515792,0.06947878240111935
2018-09-17,94.0,381027387.043834,0.0,0.0,444.88161619,78.2057238781364,0.060880660061621565,381.027387043834,,-12.15685555255598,1000000.0,1000000.0,559083.083398767512773912,326.0,417.0,2247.7889928642744,856469.1665769657029962054040496,6.31983327,2408.02955742078906155718,0.66,251.47807544893044,2635.370471656351555589,1004148.324707696024434046430030688226,0.05903565895409681,0.08004954377328773,0.06903286479839663
2018-09-18,136.0,437477745.355932,0.0,0.0,113.11431285,89.06599156797027,0.06899901390794695,437.477745355932,,-4.082685545548427,1000000.0,1000000.0,562218.075457665148858316,578.0,766.0,8840.614196697308,3867571.966332782243669326231056,17.08886942,7476.00006454353337039944,1.646,720.088368855864072,13090.073973129065153691,5726616.048306870226798591525078545012,0.05995439371083808,0.08364469488815658,0.07130138144724957
2018-09-19,114.0,402279791.323203,0.0,0.0,211.20633451,81.57248764456062,0.0630142267907625,402.279791323203,,-5.968062917645516,1000000.0,1000000.0,562218.875457665148858316,369.0,434.0,4734.706477109324,1904676.733588156480392448844772,11.77060518,4735.07659555821228599154,0.771,310.157719110189513,5108.44264778398545446,2055023.24233709227085893626869783538,0.060167984223069085,0.08423376844583697,0.07163715142466762
2018-09-20,102.0,421495837.14252,0.0,0.0,196.34235469,85.30296019743541,0.0648594121694281,421.49583714252,,-3.287910871789605,1000000.0,1000000.0,562218.875457665148858316,408.0,489.0,5093.144581920987,2146739.23924467644924649806724,11.13188371,4692.0426433196313363492,2.0,842.99167428504,5443.491132003484196518,2294408.85166169241446076346325374536,0.06020303037280308,0.08462623980400942,0.07193150227492609
2018-09-21,112.0,440665761.168907,0.0,0.0,225.21272053,88.8069269309459,0.06536959203779782,440.665761168907,,17.94405000506015,1000000.0,1000000.0,562218.425457665148858316,418.0,517.0,4440.246526252953,1956664.615268852732252040532371,9.8064983,4321.3880377710925083581,1.99936,881.04949625066589952,5069.959620800012781629,2234157.615395460730896737863575609503,0.060254546089185304,0.07988772252752112,0.07210868557089176
2018-09-22,73.0,451806283.214202,0.0,0.0,1335.07471943,91.0489587608674,0.06737870358024933,451.806283214202,,4.482416552998309,1000000.0,1000000.0,562231.382537736752841677,233.0,305.0,749.0217479542497,338412.7319898143674661612942394,2.89968369,1310.09531047574231576538,0.96,433.73403188563392,884.403524299380857994,399579.069175244448363595954846030788,0.060071998861088535,0.07547192107560859,0.07192409757180158
2018-09-23,63.0,468042572.775363,0.0,0.0,1268.68000047,94.26466221265535,0.06982440956879032,468.042572775363,,17.570338393936225,1000000.0,1000000.0,562231.382537736752841677,249.0,317.0,788.2208276560515,368920.9040912643410183370591945,3.35509815,1570.32877003986076687845,0.2,93.6085145550726,1063.566113994451401005,497794.220310658040300463406497439815,0.06013338193157039,0.07399446095331468,0.07204627329187507
2018-09-24,102.0,457069877.723408,0.0,0.0,1087.96782774,92.14462707496666,0.06950000000000003,457.069877723408,,4.429919874403714,1000000.0,1000000.0,562231.382537736752841677,328.0,413.0,919.1448262527558,420113.4133454501848868901677664,5.16360033,2360.12617144564919752464,0.45,205.6814449755336,2132.566935494931644119,974732.108443651322373396614171837552,0.060070681268115544,0.07219875725889352,0.07207664986994594
2018-09-25,138.0,440904076.629457,0.0,0.0,141.00288294,88.28349831963128,0.0687147078885932,440.904076629457,,3.5403224762738708,1000000.0,1000000.0,562257.382537736752841677,468.0,603.0,7092.0535744666195,3126915.3326568448303141169106115,12.35655588,5448.05586059168747455716,0.2,88.1808153258914,7451.003194177472403991,3285177.683291953167894519814314962887,0.05983308106558781,0.0723336065925762,0.07134375972576106
2018-09-26,123.0,441688854.527639,0.0,0.0,79.95793965,87.38795565517097,0.06833850260296284,441.688854527639,,-0.8214778468540903,1000000.0,1000000.0,562260.037247630115228431,243.0,320.0,12506.575387185672,5524014.956829602681619148788408,39.6326673,17505.3074216120151415047,1.989435,878.711266307193493965,12682.453535104646167946,5601698.374520377036804640673292859494,0.05949754953687384,0.0718631260442679,0.06980875000386444
2018-09-27,79.0,571575306.309679,0.0,0.0,507.13716103,121.19027271347491,0.0855920670404056,571.575306309679,,22.629299053794256,1000000.0,1000000.0,562261.037247630115228431,142.0,170.0,1971.8531333220233,1127062.5586762357707106606535207,11.73395114,6706.83671706830709508406,0.5234342324418111,299.1820817408998963450442196369,1994.771694437253974508,1140162.242265850841840760673019662932,0.06248289060943951,0.08565399750196943,0.07763079003047511
2018-09-28,113.0,482323387.322695,0.0,0.0,338.44549601,102.02043265385723,0.07282412801476235,482.323387322695,,5.953953281164838,1000000.0,1000000.0,562361.337247630115228431,241.0,283.0,2954.6855011400876,1425113.919383141650499101768082,13.82005541,6665.73593833853645052995,0.73,352.09607274556735,3911.075680352027946765,1886403.270222804038273548151336331675,0.06375410147798431,0.09140759162907387,0.08051460747521219
2018-09-29,65.0,492955822.451491,0.0,0.0,952.68740679,106.75240025204698,0.07486610771801484,492.955822451491,,12.224724139568872,1000000.0,1000000.0,562361.337247630115228431,226.0,275.0,1049.6622426946283,517437.1141438070442274030257953,3.91638091,1930.60277252236875343681,0.4622922611832261,227.8896618245367100312301351151,1077.00475049173156038,530915.76256281438735472790628752658,0.06375549249487682,0.09119410435884884,0.08015950671521718
2018-09-30,79.0,497223165.330572,0.0,0.0,1574.25599877,107.77590205012427,0.075285682864981,497.223165330572,,17.027876074813946,1000000.0,1000000.0,562361.437247630115228431,156.0,177.0,635.2207015760714,315846.4479211608875353860748408,4.06204821,2019.74446870158405087612,0.96188,478.26901826817059536,718.982533206091503477,357494.770978125908605446525192398844,0.06368067961202989,0.09092624998209366,0.08000684256447096
2018-10-01,91.0,491285898.952715,0.0,0.0,1400.44810074,106.41266567570875,0.07487044154426582,491.285898952715,,1.5783748970505824,1000000.0,1000000.0,562361.437247630115228431,104.0,146.0,714.0571646115663,350806.2160198201424649457875045,7.77002703,3817.30471432044424188645,1.0,491.285898952715,1134.423946194174756525,557326.488199491537526699187612715375,0.06361191906651445,0.08787376009448525,0.0800154331797643
2018-10-02,119.0,487021957.00306,0.0,0.0,441.7981059,105.43312119507775,0.07482606207808835,487.02195700306,,-5.285273317408596,1000000.0,1000000.0,562361.437247630115228431,1077.0,1281.0,2263.477336466148,1102363.16203781710386122241288,2.1617472,1052.818351889885346432,0.09394422033137086,45.7528980349108940441870148316,2769.198168201969333233,1348660.31120701202231981882314069298,0.06360186492997803,0.08713191841181901,0.07991656502841732
2018-10-03,143.0,494293123.053795,0.0,0.0,229.26118099,106.53470458326191,0.07646321029100422,494.293123053795,,2.495051004261833,1000000.0,1000000.0,562361.337247630115228431,381.0,494.0,4361.8374279231075,2156026.2445010452544748460679625,10.5119409,5195.9800968179205607155,1.4077084586358104,695.820610368338718784192620468,5192.898804578256362875,2566814.167817305026692392309665860625,0.06360158387871614,0.08637383487562864,0.07971639978637929
2018-10-04,141.0,535115206.336037,0.0,0.0,280.43781369,134.81146217800563,0.08175582144162634,535.115206336037,,11.480462253780404,1000000.0,1000000.0,562426.337247630115228431,387.0,521.0,3565.8529312916867,1908142.1270921132960304247236079,8.00248058,4282.24904676682904666146,1.54605522,827.31765805720707796314,4169.292381173954116347,2231051.752827167482696124891876896839,0.06387632669309913,0.08754394350446636,0.08020437013677323
2018-10-05,191.0,602936449.473023,0.0,0.0,336.99505418,151.30643915557837,0.09156002337814133,602.936449473023,,45.61432287903865,1000000.0,1000000.0,562426.337247630115228431,459.0,632.0,2967.4026001200577,1789155.1878734042434296973534271,5.73068092,3455.23640696759696082116,0.6492200689948464,391.4384433263837124125828286672,3621.790340677814629501,2183709.408743971938110025491439451523,0.06445963414314715,0.08516528856880608,0.08150755123676291
2018-10-06,191.0,642357551.329392,0.0,0.0,127.17756555,159.136785411239,0.09806269410440999,642.357551329392,,63.24939509354009,1000000.0,1000000.0,562426.337247630115228431,763.0,1149.0,7863.022032988439,5050871.579159511440843016899088,33.71638137,21657.97217652113116222704,0.70784,454.68636913299683328,38740.12219310168847634,24885010.03016223603305683521393858528,0.06459420689375416,0.08478223346370986,0.0816021781713808
2018-10-07,129.0,615223830.505103,0.0,0.0,301.6299017,152.6606290807806,0.09371885646253222,615.223830505103,,61.333591161051615,1000000.0,1000000.0,562426.337247630115228431,673.0,1026.0,3315.321174560181,2039664.592367591791547101103643,4.0127667,2468.7497000973214984701,0.70839,435.81840929150991417,4117.098632289187661631,2532937.191124274571242533422182802993,0.06455153854209172,0.08503821988751778,0.08180070200229489
2018-10-08,292.0,762856019.580605,0.0,0.0,72.45644985,190.6043130372977,0.11550225149578396,762.856019580605,,117.51415476941125,1000000.0,1000000.0,562543.320703599086779815,968.0,1352.0,13801.393830682151,10528476.362338504031280079281355,12.54569411,9570.55827163044081873655,1.25,953.57002447575625,16961.778431247233541626,12939394.77906942315040238117732976373,0.06641721223013976,0.09029914120080819,0.08614421896680416
2018-10-09,253.0,727694571.157202,0.0,0.0,102.12614904,178.60426276429232,0.1104168807338844,727.694571157202,,115.64549472176877,1000000.0,1000000.0,567544.571320999856115415,791.0,1181.0,9791.81149406381,7125448.06602492561506532905962,9.59190134,6979.97453219349121445068,0.596,433.705964409692392,11328.035481233870552769,8243349.921570049816287697235735392338,0.06605615980233859,0.09052499357406936,0.08542406462330791
2018-10-10,206.0,668390698.527387,0.0,0.0,143.19718251,167.75891230165183,0.10237099280933191,668.390698527387,,102.90069886088236,1000000.0,1000000.0,567544.471320999856115415,508.0,659.0,6983.377622943179,4667624.647479514800580076343273,16.04681798,10725.54387879403323401826,0.7281085955715055,486.6610127978332779485085711285,10574.853051850697501223,7068133.418150957921085680626731494301,0.06617854153029244,0.09234341037638576,0.08621261662598753
2018-10-11,180.0,630460998.137218,0.0,0.0,314.99309227,157.56540155269036,0.10236000000000003,630.460998137218,,90.80775091736267,1000000.0,1000000.0,567544.471320999856115415,749.0,1025.0,3174.672792955272,2001507.377805650405785192513296,3.97826786,2508.14272587281423921348,0.609,383.950747865565762,4077.7245556805019508,2570846.2935029730371236820150848744,0.06623855412072673,0.09348953319794721,0.08660322121642072
2018-10-12,145.0,658896599.326069,0.0,0.0,288.06445495,163.93049428180942,0.10641649678550559,658.896599326069,,107.18305941126312,1000000.0,1000000.0,567544.471320999856115415,294.0,396.0,3471.4453061125246,2287323.5069439870697626401837974,13.83370072,9114.97836050259224006968,1.349536362993434,889.204920243245094275872030946,5478.145483555215732198,3609531.429727995494333922633184069662,0.06615045270068443,0.09288133852949239,0.08586937556061647
2018-10-13,86.0,629849679.550897,0.0,0.0,915.92385971,156.5779295224457,0.10162659263588537,629.849679550897,,78.62676786812091,1000000.0,1000000.0,567544.471320999856115415,212.0,251.0,1091.7938094910855,687665.9810436132898037650286935,4.62057671,2910.26876013383793780887,1.0,629.849679550897,1159.764753476345669726,730477.458331501377565819518369044222,0.06619860037123411,0.0924808952234005,0.08421886081353482
2018-10-14,111.0,631057784.018256,0.0,0.0,1340.38322473,157.08311340687163,0.10206535642747631,631.057784018256,,52.50041012740293,1000000.0,1000000.0,567544.471320999856115415,195.0,314.0,746.0552934031477,470804.0002100801916230646644112,2.87444595,1813.9414914872506852632,0.478755453808752,302.122355767205556490300576512,902.576028969190044538,569577.628749294301765873117245085728,0.06619309193922691,0.08860985386801587,0.0840623631966275
2018-10-15,147.0,642974691.759205,0.0,0.0,263.81283197,161.08511308396763,0.0997987107041089,642.974691759205,,47.96658511095089,1000000.0,1000000.0,567544.471320999856115415,488.0,753.0,3790.566184894128,2437238.12432516761891699444824,7.88276477,5068.41824820107049720785,0.6519127748917476,419.163415489909409821680836658,5935.721871960658343875,3816518.940992275586611491485586619375,0.06616861088545731,0.08837187795898377,0.08284297530816045
2018-10-16,135.0,719816609.79635,0.0,0.0,262.06976042,183.87516035159965,0.11139331628510933,719.81660979635,,70.39371005275429,1000000.0,1000000.0,569868.09055446822087571,563.0,821.0,3815.7778997121045,2746660.311506603867879374918575,4.958111,3568.93065101399069485,0.14485955011846224,104.272310262895940628181564824,4070.609129413393436758,2930092.0633404206030383553769842333,0.06665962668164664,0.0898418323120778,0.08388417382582754
2018-10-17,173.0,621999683.985973,0.0,0.0,224.69898066,158.7359752389636,0.09654286558478149,621.999683985973,,63.24277601452758,1000000.0,1000000.0,569868.480774065824303979,504.0,652.0,4450.3984711906,2768146.4426922105644150094538,8.99664904,5595.91285981270736391592,0.97376,605.67841227818106848,5865.815176767020162947,3648535.186269210893490151516922342431,0.0668213031976053,0.09214359438552618,0.08620560223363569
2018-10-18,111.0,646769978.480654,0.0,0.0,804.52907615,164.97575769922966,0.10111342448972707,646.769978480654,,47.84065826124294,1000000.0,1000000.0,569868.480774065824303979,303.0,397.0,1242.9631565223756,803911.2539962226363548427216424,3.70403723,2395.66007953864125074842,0.5,323.384989240327,1470.502779041336286614,951077.050756306973941272925998165556,0.06687028950915186,0.08936009433723639,0.08612052334611273
2018-10-19,126.0,646448487.373466,0.0,0.0,351.8037675,166.8632904934214,0.10127535705534749,646.448487373466,,60.6962371256902,1000000.0,1000000.0,570418.480774065824303979,303.0,449.0,2842.4937205946144,1837525.7660469639790840010615104,9.2533241,5981.7973676214386383306,0.598,386.576195449332668,4154.742519847019663232,2685827.017381328402672762975532602112,0.06685146207883116,0.08751970962223381,0.08563639529404556
2018-10-20,92.0,660591400.847457,0.0,0.0,566.30613396,170.07153136624285,0.10308447980988376,660.591400847457,,56.725486383413994,1000000.0,1000000.0,570418.480774065824303979,106.0,140.0,1765.8293633587932,1166491.6927987583570824328088924,13.20847061,8725.40210331236487773877,0.5,330.2957004237285,1849.185885223052710295,1221556.294346841224901041043708469815,0.06681356246418092,0.087334604190537,0.08564444807176902
2018-10-21,102.0,667989162.329346,0.0,0.0,1121.39761908,172.1094092645001,0.10412372687389988,667.989162329346,,51.586354373764465,1000000.0,1000000.0,570418.480774065824303979,164.0,207.0,891.7443580993674,595675.5667787167796187130557204,5.44830031,3639.40556019561613389726,0.605,404.13344320925433,1127.798163363114516218,753356.950421501781309485542774333428,0.06650956911822095,0.08715823001094687,0.08299776494711365
2018-10-22,102.0,663237400.47747,0.0,0.0,592.71763628,170.93526982287696,0.10350092371449782,663.23740047747,,46.79685190722066,1000000.0,1000000.0,570418.480774065824303979,307.0,412.0,1687.1439936948698,1118976.996609362482160009483406,4.23646112,2809.7794604526710909664,0.59962,397.6904100743005614,1745.421981039794552743,1157629.13744106926898250089329820021,0.06588149857650946,0.08721431908274689,0.08106234449541698
2018-10-23,106.0,657507532.153361,0.0,0.0,565.48743568,169.5003902506056,0.10279999999999997,657.507532153361,,40.480283290155256,1000000.0,1000000.0,570418.480774065824303979,282.0,359.0,1768.3858860483842,1162727.0398305077558000606492962,6.8365159,4495.0606979362137149399,0.133,87.448501776397013,2454.309209814314832595,1613726.791686275638576864742581601795,0.06515139649797484,0.08719255225824583,0.0802308288598738
2018-10-24,125.0,676789883.183384,0.0,0.0,349.91611004,174.87386144355943,0.10552082992402098,676.789883183384,,48.07142543594563,1000000.0,1000000.0,570418.480774065824303979,667.0,1016.0,2857.8278373438984,1934148.9681941999290233606641856,3.64367802,2466.00442151366391001968,0.6,406.0739299100304,3701.976866468932237802,2505460.491005098598037482426663081968,0.06517969191231558,0.08699217945948982,0.07947505625775923
2018-10-25,122.0,680252240.399611,0.0,0.0,437.80660529,175.67707470877522,0.10625081597160235,680.252240399611,,54.28576791575146,1000000.0,1000000.0,570418.480774065824303979,424.0,619.0,2284.1135512975475,1553773.3605972684937289642540225,4.28868135,2917.38509669752824295485,0.609,414.273614403363099,2654.693758434058706199,1805861.376749632154684964269402888589,0.06502049789443158,0.08651465285388256,0.07934503416515759
2018-10-26,138.0,633555511.148857,0.0,0.0,206.11919141,162.89615522705347,0.09892953968128308,633.555511148857,,43.43932491264884,1000000.0,1000000.0,570418.480774065824303979,479.0,650.0,4851.561822840958,3073733.730540283555682174485006,7.80716144,4946.27015674084647047408,0.636,402.941305090673052,5074.654936160513678053,3215075.601983244531153403484656935421,0.06521698773838433,0.08789556701341751,0.07983855350109328
2018-10-27,133.0,622671803.912889,0.0,0.0,461.97027182,159.56542400118346,0.09714969986886256,622.671803912889,,8.93959151823923,1000000.0,1000000.0,570418.480774065824303979,358.0,482.0,2164.6414520348044,1347861.1977631270450069337539116,5.43445911,3383.88445731453327246879,0.6605,411.2747264844631845,2619.409289935343379221,1631032.307750219942643438487576679469,0.06520229956614716,0.07473655463419265,0.07972156744904119
2018-10-28,119.0,607566636.22552,0.0,0.0,597.54981817,155.4362966924729,0.0948339966135151,607.56663622552,,25.96665477866035,1000000.0,1000000.0,570418.480774065824303979,247.0,311.0,1673.500634747606,1016763.15137487554962169610512,5.7653001,3502.803988587654078552,0.5,303.78331811276,1793.008331182902967762,1089372.04050112949568594306592168624,0.06521716229454068,0.06752430148170356,0.07972733016597723
2018-10-29,139.0,631315595.176896,0.0,0.0,477.29815453,161.15237787757252,0.10080015780245467,631.315595176896,,28.067377729171707,1000000.0,1000000.0,570418.580774065824303979,462.0,654.0,2095.126474969989,1322686.017516550705594746174144,4.26050415,2689.7227132108853921184,0.66709,421.14432038655555264,2786.369715274388332873,1759078.655181328715781954252966902208,0.06528683941025877,0.06771073632603561,0.07966271910498149
2018-10-30,113.0,619484514.786675,0.0,0.0,197.85695075,157.14548511915214,0.09876721121448404,619.484514786675,,24.588828111984544,1000000.0,1000000.0,570422.625972586682966955,794.0,1078.0,5054.156531821162,3130971.70677113666615568061635,5.16505733,3199.67303392040909507775,0.621,384.699883682525175,5567.931804445748730001,3449247.532242370443633146086687536675,0.06497796302772268,0.06789191674477058,0.07956399091466972
2018-10-31,130.0,610611072.553098,0.0,0.0,84.00514985,152.07664051960364,0.09682530694261172,610.611072553098,,24.288336761700485,1000000.0,1000000.0,570422.625972586682966955,572.0,658.0,11904.032095452792,7268733.805510931992443772349616,23.65119466,14441.68133850470398405668,0.06542328125843022,39.94817993915307168887107782156,15562.486084711108318161,9502626.319778112588941949867150212778,0.06498298713210326,0.06791706495378265,0.07793736943588149
2018-11-01,122.0,628829461.816482,0.0,0.0,507.38332761,156.82368884858516,0.09913789884301825,628.829461816482,,29.117271362065306,1000000.0,1000000.0,570422.625972586682966955,267.0,404.0,1970.8964516256674,1239357.7549717824815234995700868,6.11610198,3845.98511649811995683436,1.1815,742.962009136173483,2470.905200287093736967,1553777.987296079819614241253333290094,0.06502075377823563,0.06796462381852204,0.07764803367888971
2018-11-02,114.0,628070288.808884,0.0,0.0,916.56307602,156.3806885375802,0.09893724160389825,628.070288808884,,27.064338853957665,1000000.0,1000000.0,570422.625972586682966955,223.0,333.0,1091.0323862739658,685245.0259469355876469809521672,3.85908397,2423.77598357563463798948,0.3225806451612903,202.6033189706077277532515430252,1285.074960823316429034,807117.401785365641309123428174738056,0.06475209645551233,0.06797637721517641,0.07714449783161105
2018-11-03,96.0,604163411.120972,0.0,0.0,2314.06453044,150.79273194717913,0.0954077687087227,604.163411120972,,12.903427891296875,1000000.0,1000000.0,570422.625972586682966955,181.0,227.0,432.14006647026775,261083.216640720542044336480253,2.25998043,1365.39748565544108257796,0.16023078992126144,96.80558060543717213152667891968,513.015558655505950969,309945.229875441567429903661159621868,0.06480736946388321,0.06711629739750236,0.07733816611880485
2018-11-04,134.0,679910198.571116,0.0,0.0,304.34860367,169.1221966751154,0.1058980544487838,679.910198571116,,12.766477987086263,1000000.0,1000000.0,570422.625972586682966955,510.0,664.0,3285.70589097108,2233984.94477643262070167932528,5.93575788,4035.78231886086653739408,0.631,429.023335298374196,3941.343233708004998198,2679759.460667334134772172805754848968,0.06543203793900991,0.06704473606954171,0.07611151325153483
2018-11-05,138.0,664309750.409922,0.0,0.0,1237.43418455,165.22738635952405,0.10375062719018782,664.309750409922,,3.4174423629174777,1000000.0,1000000.0,570422.625972586682966955,222.0,295.0,808.1237875013802,536844.5115753627245370907743444,3.83535958,2547.86676532210326975276,0.13305358,88.38879052094658962076,1131.43107568716467574,751620.69549576993335750438320869228,0.06544664376323205,0.06626127915254199,0.07582900358509415
2018-11-06,172.0,649911552.584775,0.0,0.0,484.46768067,162.12526109964747,0.10089999999999999,649.911552584775,,5.638227968379104,1000000.0,1000000.0,570422.625972586682966955,245.0,375.0,2064.1211785686955,1341496.1998866964932179249110125,25.49160505,16567.28861592339094311375,0.7572668810289389,492.1564943705477777658705452475,9559.351892956047728962,6212733.23045527285051914157972775355,0.06537290186270893,0.06588416302018257,0.07575417257003014
2018-11-07,171.0,669531542.049386,0.0,0.0,148.28393944,165.21844414028376,0.102991070752671,669.531542049386,,-12.233563757224593,1000000.0,1000000.0,570422.725972586682966955,250.0,347.0,6743.818675172808,4515199.316889897485802020295888,27.60724533,18483.92153753061027786738,1.0,669.531542049386,9579.714128961419922798,6413920.773155830101393354578823302028,0.06492573757858328,0.05253487338245434,0.07481390346402884
2018-11-08,184.0,689058606.043352,0.0,0.0,424.57872574,169.91339045648806,0.10755192416022222,689.058606043352,,-5.309365583476848,1000000.0,1000000.0,570422.725972586682966955,404.0,575.0,2355.2758048485543,1622923.0629365787837651003260136,5.18288728,3571.31308443662020936256,0.413,284.581204295904376,2980.160187109372488087,2053505.024315479280607545342825547624,0.06495703301613152,0.05222815201964552,0.07456580086763959
2018-11-09,113.0,654979995.512,0.0,0.0,149.723316,160.98851196879704,0.10344982026916291,654.979995512,,-2.0064167626709684,1000000.0,1000000.0,570422.725972586682966955,263.0,329.0,6678.986457720531,4374602.520102502172130256872,37.78427998,24747.94753172455144976,5.6504105311584105,3700.905864339093245451053676,12431.028114064694410484,8142074.738359639369056461805747808,0.06494565268497714,0.05069767199905723,0.07486233610098365
2018-11-10,129.0,648460620.13424,0.0,0.0,240.63329586,158.44273328451402,0.10206974868497959,648.46062013424,,2.854993734775716,1000000.0,1000000.0,570422.725972586682966955,232.0,280.0,4155.700882616799,2694808.37143409798843785909776,15.45151292,10019.6976501154214943808,1.0,648.46062013424,4326.423616310393576629,2805515.34119605903739836608370667696,0.06490215764219386,0.049553743156727316,0.0749060896925933
2018-11-11,165.0,685104891.07327,0.0,0.0,193.59573269,166.75185888971166,0.10813892651935773,685.10489107327,,3.9776031283219973,1000000.0,1000000.0,570421.725972586682966955,408.0,653.0,5165.403111351437,3538842.93595195619454708678899,8.86697895,6074.8106476887279976665,0.605,414.48845909932835,5790.137254221457673529,3966851.35285267440590100533407846983,0.06502471872624625,0.04991818962442659,0.07482931130998165
2018-11-12,178.0,690317538.2449,0.0,0.0,212.87220229,167.40713492194303,0.10921612129696344,690.3175382449,,9.60036349262232,1000000.0,1000000.0,570421.725972586682966955,447.0,764.0,4697.654222875911,3242873.0986614576802094286039,7.57031667,5225.922367368729012483,0.626,432.1387789413074,5783.721936962575364834,3992604.6894170297263537933655398466,0.064883290739621,0.04915082288261149,0.0738830476986201
2018-11-13,140.0,695043073.507861,0.0,0.0,262.33703841,168.2827030910241,0.11088863266994656,695.043073507861,,10.139370927679407,1000000.0,1000000.0,571021.715972586682966955,323.0,490.0,3811.8902540372915,2649427.9180407401370624123984815,10.96160858,7618.79011803333983504738,0.60165,418.17266517600457065,5371.1882034159130546,3733207.1572913623187450098056222106,0.06487703193103753,0.04915506212465742,0.07125209970824957
2018-11-14,291.0,557825218.635352,0.0,0.0,83.25442061,132.83270878791382,0.10007164787106675,557.825218635352,,-13.243052054021062,1000000.0,1000000.0,571021.715972586682966955,1429.0,1876.0,12011.374202572919,6700247.440661265324424451232488,8.19903015,4573.6257860215929038628,0.59623,332.59213010695592296,15381.380568592949839191,8580121.978588917104326452384867680232,0.06679308804941392,0.06371460700400583,0.07690578114744075
2018-11-15,348.0,558911621.39711,0.0,0.0,124.2704169,131.68928582929192,0.10091279322768326,558.91162139711,,-22.353608712191722,1000000.0,1000000.0,571020.715972586682966955,1118.0,1498.0,8046.967451573206,4497543.62568855081032116183466,6.79562034,3798.1511826285799332174,2.0,1117.82324279422,10179.83927282508470247,5689630.4735366453141513797900678617,0.06678540650516722,0.059748133910999805,0.07678890693768263
2018-11-16,197.0,567887245.408788,0.0,0.0,166.75731583,133.00513162533198,0.10332706846642996,567.887245408788,,-8.699753387399682,1000000.0,1000000.0,571020.715972586682966955,934.0,1427.0,5996.738404024843,3405471.253698759701532042520284,4.64313858,2636.77917824747143384104,0.631,358.336851852945228,6625.758751901323771828,3762683.886360411937308649875898024464,0.06677022716460497,0.05391696365916456,0.07548202291567944
2018-11-17,129.0,569629913.264177,0.0,0.0,288.19529085,133.07371964775106,0.10354850964348343,569.629913264177,,-11.926970605173869,1000000.0,1000000.0,571020.715972586682966955,401.0,551.0,3469.8693273582717,1976541.3639811204975948882428909,6.94523734,3956.21494358332338476918,0.606,345.195727438091262,3826.825777045053901105,2179874.435455290804069182958297215585,0.06677146847572318,0.053345651182419906,0.07348124288049121
2018-11-18,140.0,556073733.034318,0.0,0.0,138.52549756,128.67767015923386,0.1000965009680357,556.073733034318,,-13.980194262089244,1000000.0,1000000.0,571020.715972586682966955,323.0,436.0,7218.887624182889,4014233.789534617946441345384702,21.82181353,12134.53731120588848672254,0.3146827044025157,174.9867861584417209397936337926,9514.310699065638260805,5290658.26767778119428399850889930599,0.06672938354536032,0.053462397834290666,0.07266466165399063
2018-11-19,540.0,383721598.911064,0.0,0.0,41.83880456,86.87176199611909,0.08007211656769905,383.721598911064,,-41.91241387356894,1000000.0,1000000.0,571018.752652866712658355,2179.0,3198.0,23901.25651097639,9171428.36437533927298741377896,8.85360022,3397.31763253774799083408,1.559,598.221972702348776,28313.813508467856833833,10864621.790738968746192378743593228312,0.07065942908462917,0.08529236002988028,0.0871955261109508
2018-11-20,691.0,415266356.412829,0.0,0.0,46.86803783,92.19975662486509,0.09618144910723266,415.266356412829,,-37.83336918749504,1000000.0,1000000.0,571820.555833712458813832,2832.0,3931.0,21336.502364521268,8860331.595508457581502358547172,6.95588337,2888.54434269249009575373,0.625,259.541472758018125,27343.577546672480587376,11354867.819098322714015624610261846704,0.07081406871508962,0.08697809197281274,0.08761742571295457
2018-11-21,322.0,454392168.257301,0.0,0.0,66.32470407,99.35077465655834,0.09988129379826476,454.392168257301,,-31.488759842225367,1000000.0,1000000.0,571899.49128397508138495,1334.0,1683.0,15077.33828621602,6851024.43542251606251302816202,9.57948674,4352.84375058066383768874,0.612,278.088006973468212,16122.276179144967832525,7325836.030284716102881475032476515025,0.07111747546660248,0.08909731713352004,0.088343908967879
2018-11-22,223.0,400552472.319617,0.0,0.0,134.07105048,87.0453797120878,0.0930734792187304,400.552472319617,,-39.08016977268791,1000000.0,1000000.0,571899.49128397508138495,1106.0,1669.0,7458.7317430026615,2987613.4400285222299075096606455,5.37916316,2154.63710274860351170972,0.604,241.933693281048668,8977.823319451904998265,3596089.326655171188057460980910464505,0.07156522249945832,0.09146716068839891,0.08970094084735704
2018-11-23,402.0,371919483.255535,0.0,0.0,106.67219765,80.2382156754319,0.0866966835708376,371.919483255535,,-45.046536229803664,1000000.0,1000000.0,571899.49128397508138495,2037.0,3213.0,9374.513903563082,3486564.36678500972567359815887,3.2789002,1219.486868030470362607,0.62428,232.1818950067653898,10535.106348602747800387,3918211.309214440135089523399092892045,0.07170460394940037,0.09163770861700608,0.09013765826426583
2018-11-24,289.0,352845578.938019,0.0,0.0,150.61461116,75.71581521174492,0.09270000000000009,352.845578938019,,-48.130184954519,1000000.0,1000000.0,571899.49128397508138495,1520.0,2327.0,6639.462083431006,2342704.842665239119229336817114,3.35215024,1182.79139212001933597456,0.649,228.996780730774331,7800.453597249345149474,2752355.565500598082225883413736452006,0.07168321782105469,0.09169969508610508,0.09026506631854712
2018-11-25,562.0,321942145.000517,0.0,0.0,37.93652873,67.78256416061369,0.08156937144329013,321.942145000517,,-49.18485604888455,1000000.0,1000000.0,571899.49128397508138495,2685.0,3892.0,26359.818189737303,8486336.409827672340339029185651,7.7607644,2498.5171377796503151948,0.67975,218.84017306410143075,30204.895063025004494705,9724228.706105796066407552769548762485,0.07194200818862286,0.09215559332231645,0.09097195248733321
2018-11-26,305.0,327621907.190084,0.0,0.0,113.2665253,68.59401218779533,0.08853961770439507,327.621907190084,,-47.38449611315339,1000000.0,1000000.0,571899.49128397508138495,1167.0,1739.0,8828.733797304223,2892486.604746362033540036924732,7.07874178,2319.15088246973001250952,1.0,327.621907190084,12309.931948882135947392,4033003.382472913001889130645968060928,0.07196086092454253,0.09244261000000767,0.08423456632942078
2018-11-27,255.0,325055476.581357,0.0,0.0,179.4197975,96.25785713696844,0.08607193557589889,325.055476581357,,-46.49879417330265,1000000.0,1000000.0,571899.49128397508138495,667.0,883.0,5573.520948909743,1811703.508284033610197989461251,6.99819231,2274.80073653503764676467,0.9735536671265465,316.4589512453473640533216936005,6179.403811980242764904,2008649.051091891976462823807380294728,0.07191795492748569,0.09247321681219764,0.0815563844319349
2018-11-28,268.0,382830736.944477,0.0,0.0,62.69604648,113.24526404828359,0.09096661200592748,382.830736944477,,-39.35984793196705,1000000.0,1000000.0,571898.48878397508138495,2608.0,3969.0,15949.96903663953,6106138.40053830114241227337581,4.33088737,1657.99680348062783055549,0.639,244.628840907520803,17189.291981950604195397,6580589.317003939443005282120847972369,0.07300365987783228,0.09790585648698315,0.08439754530736428
2018-11-29,203.0,369407494.030976,0.0,0.0,140.45586399,108.50164758974351,0.08714415023724362,369.407494030976,,-40.36856689497965,1000000.0,1000000.0,571958.681919100605740419,1139.0,1498.0,7119.67426331626,2630061.02792849476603292446976,5.06440842,1870.83042318157459521792,0.632,233.465536227576832,7586.483819583624640917,2802503.976298933824833221188875044992,0.07292691776395498,0.09796699734526186,0.08447718513141526
2018-11-30,209.0,353752391.686516,0.0,0.0,77.40020799,102.69330268817541,0.08903162609269626,353.752391686516,,-42.0658406655811,1000000.0,1000000.0,571957.931919100605740419,976.0,1502.0,12919.86192207898,4570432.05519498679313915303368,15.17140792,5366.92183695175099960672,0.61899,218.96919293003653884,22787.454694089586019284,8061116.598482316869289493343658774544,0.07295566029896101,0.09808026932803633,0.08461797628358782
2018-12-01,159.0,383791768.78609,0.0,0.0,123.78452814,110.64249902255838,0.09252288994228598,383.79176878609,,-38.96727299044775,1000000.0,1000000.0,571880.302062056402403168,1099.0,1728.0,8078.554040771487,3100482.54454170362562907421583,5.24137647,2011.5971462950925893023,0.61499,236.0280998857574891,9057.098536334025808672,3476039.86732954259209467096003497248,0.07323590263558027,0.09940450207958441,0.08535774046720265
2018-12-02,137.0,393132778.852126,0.0,0.0,245.04189183,112.89149741927052,0.09591536181657159,393.132778852126,,-37.40624483325103,1000000.0,1000000.0,571881.302062056402403168,1445.0,2262.0,4080.934865997344,1604349.264184064290964484753344,4.57561305,1798.8234732985517458443,0.58598,230.36794575176879348,10350.036717532156578912,4068938.695984953408162457234497966912,0.07324689581526884,0.09964476280786369,0.08540047173287602
2018-12-03,252.0,378474270.115742,0.0,0.0,410.57776238,109.46095696363817,0.09845904463074558,378.474270115742,,-37.35564531895165,1000000.0,1000000.0,571881.302062056402403168,798.0,1222.0,2435.5922108415334,921808.9842978357529128387587828,2.30856509,873.73248745243224064678,0.557345,210.94074207765822499,2821.066535208952514783,1067701.097861153483415314715376013986,0.07326852898470236,0.09963838698829801,0.08480515463279303
2018-12-04,197.0,412869219.725307,0.0,0.0,326.74512001,119.67996430261573,0.10605557355034911,412.869219725307,,-39.275918997393525,1000000.0,1000000.0,571881.302062056402403168,595.0,825.0,3060.4894725937293,1263581.9005272893582869567173951,4.46969489,1845.39944164449190158123,0.5287,218.2839564687698109,3687.498287836956092029,1522454.540837649581709464467592277903,0.07356986263410921,0.09835158826322446,0.08409624163755054
2018-12-05,303.0,395968234.907167,0.0,0.0,107.05561564,113.93455111795174,0.10674376827519218,395.968234907167,,-40.394035363348344,1000000.0,1000000.0,571882.052062056402403168,832.0,1250.0,9340.939230958185,3698715.219657622461625933811895,8.10530003,3209.44134627210773231501,0.52779,208.98807470165367093,10131.625042706534759247,4011801.684901757043995608777739823249,0.07362344200638814,0.09845297029897931,0.0837149255536849
2018-12-06,481.0,338522192.600094,0.0,0.0,102.32410515,101.33353165671153,0.09639099729373471,338.522192600094,,-47.91257498751157,1000000.0,1000000.0,571892.013490476372822199,1049.0,1577.0,9772.868265358156,3308332.793180920243029789266664,7.37523632,2496.68116999024850421408,0.49984561919107134,169.20883497011309384802404470596,11630.747669992033292872,3937266.202824137625116206642276729968,0.07449105325570428,0.10169737842625175,0.08578080153341962
2018-12-07,723.0,332709369.503482,0.0,0.0,137.40462413,102.71124386820912,0.0986391326367943,332.709369503482,,-50.30714034994027,1000000.0,1000000.0,571892.013490476372822199,1880.0,2917.0,7277.775448248126,2421384.080774555095127356974732,3.4868913,1160.1214059501767055066,0.5,166.354684751741,10171.261928486168551337,3384074.143281403562221050490917255434,0.07359855254477611,0.10123777224777382,0.08053355416525307
2018-12-08,270.0,333631450.126638,0.0,0.0,183.70084346,102.73096912818762,0.09789795424683087,333.631450126638,,-51.58155674995697,1000000.0,1000000.0,571892.013490476372822199,642.0,977.0,5443.6331436579785,1816167.219676040485070384081283,6.23305944,2079.54465969273018136272,0.4550727680446042,151.8265875158644691217225866796,6089.69907117896841973,2031715.13195227975435469071123776774,0.07359950037003322,0.10088761156915826,0.08044101806856786
2018-12-09,195.0,333895085.811602,0.0,0.0,176.14112143,102.2324130219675,0.09430893499129336,333.895085811602,,-49.02209409455397,1000000.0,1000000.0,571892.013490476372822199,803.0,1314.0,5677.266000508783,1895611.218415170583576484300366,5.30250349,1770.47985780986908749098,0.5,166.947542905801,6967.489586256713976502,2326410.533294628828189944869426976204,0.07346926509429258,0.10085859068960303,0.07989998871329079
2018-12-10,166.0,318774223.442578,0.0,0.0,145.74447799,107.88932861319398,0.09338379305182902,318.774223442578,,-50.841390587976264,1000000.0,1000000.0,571892.013490476372822199,483.0,768.0,6861.3234188818315,2187213.044642430161311307721607,9.76838516,3113.90939366700304734248,0.56385,179.7408458880976053,7502.119802944774895074,2391482.414356906907234813461014060772,0.0734330862179948,0.10092204293318095,0.07979509057562144
2018-12-11,223.0,326988807.015681,0.0,0.0,538.70217801,111.46699857056674,0.0975339434211519,326.988807015681,,-52.27171615963394,1000000.0,1000000.0,571892.013490476372822199,440.0,638.0,1856.3132670082318,606993.6606264030238014186828558,3.68579618,1205.21409580115422989858,0.32124172720181576,105.04244914137857512044999293256,2351.537964189751052349,768926.593562489885051053543894884669,0.07339386790798665,0.10027051710031643,0.07961124087224686
2018-12-12,199.0,326067596.399676,0.0,0.0,174.9315176,111.69981710073795,0.0952574834573555,326.067596399676,,-52.76556391299465,1000000.0,1000000.0,571892.013490476372822199,559.0,808.0,5716.522749792326,1863972.832788850184614293686376,63.06620141,20563.84470781655747474316,1.998765,651.73249931779840014,50957.490736021941088131,16615586.522853431001270804629415845556,0.07301060132436998,0.10017315236621448,0.07949753117222089
2018-12-13,240.0,336467251.3045,0.0,0.0,149.09256914,123.51716320360721,0.10319999999999986,336.4672513045,,-51.59044609906547,1000000.0,1000000.0,571892.013490475372822199,836.0,1244.0,6707.242391712804,2256767.411372627651658352818,6.05040279,2035.762396036377939555,0.8299690764509993,279.25741382120215445325358685,7526.701069054897381296,2532488.420095542965498980189900632,0.07305461705333964,0.10054214666733301,0.07966945605143146
2018-12-14,218.0,327542372.850695,0.0,0.0,294.33669579,122.67495091268759,0.10239066928844928,327.542372850695,,-41.282257971056694,1000000.0,1000000.0,571890.953705558292352652,312.0,487.0,3397.4696811194817,1112815.2810421691218085298847815,8.43543882,2762.9636471396666669799,0.37700776526006785,123.48601801642044133785361965575,4108.05870345380615685,1345563.29553920925977748867680151075,0.07299013118916621,0.09351409276952544,0.07960372807004037
2018-12-15,155.0,333003351.05225,0.0,0.0,1094.97594118,125.16950298768384,0.10455121183035311,333.00335105225,,-40.41931885047544,1000000.0,1000000.0,571823.750667688915346248,227.0,325.0,913.2620748941928,304119.3313286971162532943738,3.73217613,1242.8271580072178327925,0.3,99.901005315675,1212.957243659332684241,403918.82682165830225727802434259225,0.07299257637103833,0.09365786343616088,0.0780130758147255
2018-12-16,157.0,336387290.918644,0.0,0.0,843.95908952,126.68372291159358,0.10527187790641485,336.387290918644,,-40.7651265918996,1000000.0,1000000.0,571801.942458059263207594,199.0,280.0,1184.8915574424861,398582.4610404507499368642008484,5.05104775,1699.108268923212209251,0.42963371251152743,144.52332063907223813480430440492,1414.293369390182152032,475750.315093364444758486966151284608,0.07281543358058166,0.09359273356942432,0.0760744718058853
2018-12-17,280.0,372841024.279661,0.0,0.0,53.52641419,138.61530886815274,0.10655168644505349,372.841024279661,,-34.54679685918309,1000000.0,1000000.0,568818.651753894671834227,1153.0,1806.0,18682.36486781848,6965552.05328379557062250393528,12.78866527,4768.13905843652739807347,0.498,185.674830091271178,23096.329469761910079956,8611259.136606550186249802449814574916,0.07323110909812167,0.09608866840490815,0.07721348423882153
2018-12-18,375.0,420273467.806814,0.0,0.0,67.81925223,153.52760152885665,0.114843646254128,420.273467806814,,-24.421269547562524,1000000.0,1000000.0,564939.325287241149226193,1521.0,2272.0,14745.07558079797,6196964.04741553488810792336758,23.19310627,9747.44720130486093212378,0.50194,210.95206443095221916,52694.737447492371381889,22146200.042227201275679181163270391646,0.07379431835264375,0.09911562673722722,0.07898305032748015
2018-12-19,411.0,414230289.220878,0.0,0.0,66.41718567,148.8489240430902,0.11202300204606483,414.230289220878,,7.9507357408059365,1000000.0,1000000.0,559653.230243365502558345,1249.0,1967.0,15056.344076098132,6236793.761251182377560551199896,11.87884611,4920.57785975560156108458,0.462,191.374393620045636,23365.69030516032392574,9678776.65295202611431609676692959972,0.0733556787177667,0.07189369424727247,0.07889728914070165
2018-12-20,333.0,426265414.671928,0.0,0.0,126.1937667,152.30935175102059,0.10479176517634299,426.265414671928,,2.6486755041057313,1000000.0,1000000.0,559541.501686332806777251,1079.0,1494.0,7924.321669435065,3377864.26241548273904207435532,6.22183848,2652.15455969895820618944,1.0,426.265414671928,9295.426685194633863689,3962318.910516995736213271095006822392,0.07328868079816722,0.07062370416297355,0.07900070668570483
2018-12-21,271.0,416540734.26315,0.0,0.0,58.08078781,144.903502736612,0.10849999999999997,416.54073426315,,-8.330124645264029,1000000.0,1000000.0,558171.133238536085256182,948.0,1402.0,17217.397313523765,7171747.31907557530259728875975,20.44999724,8518.256866028990933706,0.5205305379769819,216.822172495324526799357386985,28670.896123815630716073,11942596.12339666401412807624051660995,0.07327040002893453,0.06869207594530427,0.07902631133100485
2018-12-22,190.0,418041742.106188,0.0,0.0,98.76062714,143.28566258252715,0.105434406885619,418.041742106188,,4.366286815130583,1000000.0,1000000.0,561702.708986826940565435,1465.0,2421.0,10125.492607379414,4232878.569272218092491593213832,5.90112201,2466.91532544156976399788,0.519,216.963664153111572,14286.616375562389710035,5972401.99844289484375412531949919658,0.07326032715032912,0.06463116829848004,0.0790397627187487
2018-12-23,330.0,445174595.636111,0.0,0.0,127.75846996,150.82538162359745,0.11291204560214023,445.174595636111,,19.696497677225626,1000000.0,1000000.0,561830.269730368157950893,1223.0,1805.0,7827.269693475389,3484501.620727692792528778172179,5.65061559,2515.51051037335478357049,0.574,255.530217895127714,10199.361147498491414213,4540496.474584301997329662390721445643,0.0732704970095729,0.06394383682506957,0.07942617943989841
2018-12-24,334.0,478924975.533392,0.0,0.0,162.35058064,162.36819786861292,0.11854444243345999,478.924975533392,,35.73217410710994,1000000.0,1000000.0,561940.269730368157950893,1171.0,1614.0,6159.509846093784,2949943.102338152625683055635328,4.69740399,2249.70409098120795903408,0.59981,287.26398957468385552,7581.610033238519674145,3631022.39967247734282606275740654984,0.07344767296548606,0.0640878749635778,0.08008353254156526
2018-12-25,266.0,446799143.097981,0.0,0.0,388.85891743,154.01493696884816,0.11877951996118936,446.799143097981,,38.78243343917074,1000000.0,1000000.0,561940.220285734192779911,1032.0,1469.0,2571.62676532396,1149000.63511457800745948692476,2.28562931,1021.21721714762957542311,0.335,149.677712937823635,3357.589453336859401738,1500168.090625727243235429931575690978,0.07359887936003093,0.06298910443412387,0.0800605997150713
2018-12-26,205.0,453948921.610555,0.0,0.0,209.23903406,155.8572254750329,0.11922000000000005,453.948921610555,-63.87365315853564,38.55878121946738,1000000.0,1000000.0,561940.220285734192779911,741.0,1108.0,4779.222980415061,2169523.118095799559906498568855,5.10985009,2319.61093794709741169995,0.59599,270.54901779067467445,5661.713896989847352423,2570128.918006034081963763835841624765,0.07359746023717446,0.06298399714481319,0.08009445770500134
2018-12-27,260.0,425465031.594184,0.0,0.0,464.5703305,146.36202804685956,0.11866398397888885,425.465031594184,-66.14046962430609,30.889974864858427,1000000.0,1000000.0,561953.570070651273249458,670.0,901.0,2152.5266129676725,915824.80339361265520993101674,2.68924058,1144.17782833406170478672,0.05716829736014278,24.32311144251885365576525759152,2423.005760233979377151,1030904.222330839857591777708914089784,0.07367335891146976,0.06440974079392373,0.0804265607563638
2018-12-28,266.0,471412432.656263,0.0,0.0,314.36972468,161.56167012815322,0.12146502604096675,471.412432656263,-62.483864953138735,23.138605959069906,1000000.0,1000000.0,561953.570070651273249458,852.0,1155.0,3180.967890644268,1499547.811530075955557655250484,3.26755659,1540.36680093390337042317,0.5563415060956938,262.2663027762201848001999002694,3774.027858498494642225,1779123.653687282072132054730590505175,0.07406657090342568,0.06018183677493113,0.08144641966314962
2018-12-29,218.0,471435892.211483,0.0,0.0,311.8573108,160.8372889134381,0.12331123072109855,471.435892211483,-69.80942288375644,27.61947167535036,1000000.0,1000000.0,561953.570070651273249458,774.0,1103.0,3206.594700137944,1511703.833420144419655320810952,3.72907217,1758.01846558496100972811,0.58,273.43281748266014,4113.16660882224995965,1939094.37004459729310811764601666095,0.07372366194001205,0.05966031604678211,0.08142776906274397
2018-12-30,172.0,478941014.353477,0.0,0.0,298.00202831,162.6232725383764,0.1251999999999999,478.941014353477,-69.32879768627348,35.3887706794359,1000000.0,1000000.0,561953.570070651273249458,702.0,1079.0,3355.6818578030293,1607173.6728237430212643515878761,3.87946723,1858.03597028727365805871,0.583,279.222611368077091,4185.945138735640290648,2004820.810774053568547065760089383096,0.07368466536289352,0.05887399469630764,0.0814591113120542
2018-12-31,153.0,455588493.301494,0.0,0.0,354.33421302,154.5870200666092,0.12355947621596564,455.588493301494,-61.618061022958074,18.707208010868147,1000000.0,1000000.0,562453.570070651273249458,405.0,525.0,2822.1943104679713,1285759.2537101518207744814391222,7.05017253,3211.97748045828200675982,0.5,227.794246650747,3701.340580141029937979,1686288.178102129533780775755768040626,0.07376684494096979,0.058266302778717874,0.08155129923080197
2019-01-01,165.0,447791310.783301,0.0,0.0,449.92341048,152.6091919444914,0.11758861741577473,447.791310783301,-71.06814419756535,13.903326018951576,1000000.0,1000000.0,562453.570070651273249458,394.0,561.0,2222.600506480364,995261.194144470884163415601564,4.6187523,2068.2371466003862953423,0.58233,260.76231400843967133,2591.120038884434897966,1160281.038608938959148128215471665766,0.07374840760743365,0.05830627406854552,0.08156374549067405
2019-01-02,265.0,498058486.202831,0.0,0.0,433.35346138,170.22961002070855,0.12776635553576698,498.058486202831,-59.41496035419816,31.59639255015108,1000000.0,1000000.0,562453.570070651273249458,628.0,854.0,2307.585121868173,1149312.352581837533819721397763,2.99763537,1492.99773457026319973247,0.5,249.0292431014155,2559.980607260292916919,1275020.065960665524668413397265597689,0.07413483638223545,0.06060496820509425,0.0827089021810062
2019-01-03,217.0,482664934.482946,0.0,0.0,264.6878162,164.94677394580782,0.12754105909080313,482.664934482946,-62.00212336858776,16.905041941386667,1000000.0,1000000.0,562453.570070651273249458,653.0,768.0,3778.0356284279615,1823525.319069417755758811294579,5.30448406,2560.28845128573139884076,0.5973492715353301,288.3195470090356226756149304746,4073.843758283100344151,1966301.530685471128612809879840348846,0.07414273572614179,0.05920020996649691,0.08123038829411479
2019-01-04,197.0,484947366.109118,0.0,0.0,583.98024918,168.42590522594924,0.1267,484.947366109118,-61.82243856210016,22.47128010730753,1000000.0,1000000.0,562560.470008321677244458,412.0,530.0,1712.3866798637202,830417.4101602485596843626207836,3.71712119,1802.60813059889037001042,0.4980011205824563,241.5043317458514547708222665434,1970.07423320436507289,955382.31043189714197919741576361102,0.07412916483226109,0.05853206929598199,0.08120841845299172
2019-01-05,235.0,492470806.670091,0.0,0.0,402.32672658,171.57888210138552,0.12964486849795442,492.470806670091,-56.416077733513546,45.47666812847952,1000000.0,1000000.0,562558.470008321677244458,557.0,769.0,2485.5420580520386,1224056.9023413256025072601975126,3.36500252,1657.16550547128902362932,0.5,246.2354033350455,2587.686935287299033252,1274360.272430591722622234737602865932,0.07413602211947896,0.04972625971206357,0.08122146378519661
2019-01-06,255.0,510199815.025658,0.0,0.0,355.34069473,184.24086696890706,0.12610000000000007,510.199815025658,-56.95267293570589,53.346993439665816,1000000.0,1000000.0,562558.470008321677244458,583.0,820.0,2814.200610340065,1435804.63084059500934808038777,3.77897496,1928.03232557859333952368,0.5,255.099907512829,3098.759466009599264004,1580986.506367104303097851257175814632,0.0741142652827943,0.049567090383430566,0.0812650391909799
2019-01-07,233.0,488624928.331385,0.0,0.0,220.10026377,179.9925579500957,0.12212514274021884,488.624928331385,-77.84464278241951,46.45649507740214,1000000.0,1000000.0,563457.470008321677244458,674.0,984.0,4543.383923593803,2220010.644047988773641316407155,6.67700914,3262.5531125005025938589,0.612,299.03845613880762,6570.176991765398386474,3210352.26172588248189835096817368649,0.07417756563740344,0.05063361769828278,0.08129655448790206
2019-01-08,195.0,481909570.669053,0.0,0.0,978.50464848,180.60513956817547,0.12069999999999995,481.909570669053,-66.54373479329753,44.329638604195324,1000000.0,1000000.0,563420.180492835893639937,313.0,427.0,1021.9675517668985,492495.9441096892527809437421205,3.09675932,1492.35795436658851332396,0.5,240.9547853345265,1322.31623024214156086,637236.84680471107626536696791806558,0.07418120673395685,0.05082254344071056,0.08108976018776365
2019-01-09,145.0,484439428.083618,0.0,0.0,562.45762212,182.41937843775082,0.12098104137880239,484.439428083618,-64.98740269134787,51.96944811031182,1000000.0,1000000.0,563420.180492835893639937,217.0,278.0,1777.9117228882828,861290.5382191596499787108311704,7.06268716,3421.44412852391225494488,0.5,242.219714041809,1963.427031695268947519,951161.468318371800778561377985643742,0.07416477845629832,0.04963113829867817,0.08109805231159264
2019-01-10,342.0,428629254.843396,0.0,0.0,258.89448639,161.8313596704574,0.11814792227724354,428.629254843396,-62.904468358346264,31.083769733696336,1000000.0,1000000.0,563420.180492835893639937,1218.0,1849.0,3862.5774304434667,1655613.6857859023753211398409132,2.34761337,1006.25576944349370580452,0.57,244.31867526073572,4340.737122999811941031,1860566.918502475961013958912691781276,0.07471223058714418,0.055449576135274944,0.08210661906046066
2019-01-11,235.0,422303714.485905,0.0,0.0,296.77410224,158.952796741986,0.11652453227590269,422.303714485905,-62.95092386398867,29.514161832955637,1000000.0,1000000.0,563420.469648106657563612,757.0,1216.0,3369.566254128849,1422980.345324969857957664373345,2.87495103,1214.10249893407850023215,0.584,246.62536925976852,3495.940453533641207949,1476348.639148796052134572953734458845,0.07467313638628947,0.05558175935492205,0.08208641581046351
2019-01-12,180.0,431872436.151023,0.0,0.0,1166.75280679,162.62286792720994,0.11940000000000019,431.872436151023,-62.14340193161604,28.35496901307109,1000000.0,1000000.0,563420.469648106657563612,370.0,549.0,857.0795751910038,370149.0441130227050753277668874,1.86834347,806.88604595575575586981,0.5,215.9362180755115,1025.720562959942181796,442980.438335708997051292723177377308,0.07462407989696507,0.05547886630841468,0.08215934159409592
2019-01-13,262.0,414433472.277424,0.0,0.0,876.4540581,157.34940260850036,0.11811696725715354,414.433472277424,-68.19039631324164,26.528201121122404,1000000.0,1000000.0,563420.469648106657563612,531.0,827.0,1140.9611157110817,472852.4769176673343716935295408,1.48998836,617.50104968774445078464,0.21573361604996133,89.40723158655008215668223201392,1232.220376837333531005,510673.36938369202030014221686553112,0.07442136708348535,0.05585298652952105,0.07744786385081925
2019-01-14,240.0,444533751.705844,0.0,0.0,282.79483678,169.61825958592848,0.12122726908052973,444.533751705844,-64.41901437762829,33.49227576874872,1000000.0,1000000.0,563422.456127799400389588,908.0,1437.0,3536.13245349113,1571930.22607920293963062316372,2.8914498,1285.3470274631122926312,0.56122,249.48123213235376968,4155.013356269112553532,1847043.675650199216305183739767241008,0.07460899209394561,0.05698562612329644,0.07804843809233246
2019-01-15,262.0,437190621.592812,0.0,0.0,217.12075514,167.35174931082818,0.12207619418519888,437.190621592812,-61.928341660405,29.96645039676827,1000000.0,1000000.0,563422.456127799400389588,893.0,1321.0,4605.731954883159,2013582.816245245437289934253108,3.9017487,1705.8079394519461503444,0.5463646347863637,238.8654942985800602118315377244,5154.210038575836781885,2253372.29058488159965516365492781062,0.07408716489332585,0.05718702353482991,0.07802207153061691
2019-01-16,293.0,457854938.558584,0.0,0.0,234.90630651,174.41230984785977,0.1269355815308,457.854938558584,-55.31275605108995,22.801652378026866,1000000.0,1000000.0,563422.556127799400389588,703.0,1002.0,4257.016403123888,1949095.983695171997081497854592,4.52770511,2073.03214495043681116424,0.34280462025316455,156.9547883436113753435415669972,4536.76051920628323627,2077178.20877620245821316271650864168,0.07411351757538956,0.054857411075180315,0.07828972812018758
2019-01-17,342.0,460368423.627855,0.0,0.0,304.4008943,175.61146238859897,0.12647035506368576,460.368423627855,-58.75236083966306,9.540206292411343,1000000.0,1000000.0,562833.564232388860526387,1082.0,1588.0,3285.141465460383,1512375.397848497985482637768465,2.63228057,1211.81885655713162727735,0.4627370297951583,213.0295169610327974484000144465,4180.061538651708299194,1924368.34121651303330612226525244887,0.07401237013544287,0.05054507804854068,0.07825188792096079
2019-01-18,237.0,466654657.13934,0.0,0.0,272.31422201,177.59752556379198,0.12928774879112132,466.65465713934,-66.50958770939022,12.65585093187331,1000000.0,1000000.0,562833.564232388860526387,556.0,767.0,3672.228327332332,1713662.45102864140960061114088,5.14429547,2400.6094387763099207898,0.527,245.92700431243218,3945.674627851145655357,1841267.44064326932550243968316644438,0.07401359033676776,0.050469149567269195,0.06158770053707781
2019-01-19,221.0,468656079.260111,0.0,0.0,545.45489066,178.16068444516253,0.1271,468.656079260111,-68.29687940683678,9.94466431690422,1000000.0,1000000.0,562833.025116742801740481,805.0,1109.0,1833.3321730462903,859202.2682012937623569773162233,1.78644248,837.22712850050925991528,0.311,145.752040649894521,1981.16470773103585809,928484.88429373098515348729719364799,0.07396443428930113,0.05025408762409556,0.06078035305275371
2019-01-20,240.0,446276462.28198,0.0,0.0,552.59655182,169.87644890347386,0.1261268777228452,446.27646228198,-74.34023847326546,7.1387323190447995,1000000.0,1000000.0,562833.025116742801740481,754.0,1154.0,1809.6385087925357,807599.071713170590914012616686,1.81280308,809.0113453562771724984,0.5128,228.850569858199344,2091.974758693519864951,933599.09449294283011344881488088298,0.07396831390596756,0.050936558705118075,0.06001216472180683
2019-01-21,243.0,432964112.025085,0.0,0.0,334.59001625,164.7176001085506,0.1224576443511427,432.964112025085,-71.99209738639514,3.569588492219643,1000000.0,1000000.0,562836.403768940037050812,499.0,717.0,2988.7323333877644,1294013.840805893715694244869974,4.7981817,2077.4404790755127879445,0.541,234.233584605570985,3440.296282147587013809,1489524.824903231296614217642849398765,0.07398085476149367,0.05128120970898621,0.057842940451319935
2019-01-22,194.0,450339733.863469,0.0,0.0,711.87161349,172.27583116287093,0.12588787150238828,450.339733863469,-70.43607935288779,1.1602499958420858,1000000.0,1000000.0,562846.042787654378737076,384.0,556.0,1404.7476834973472,632613.6979315199217780684894368,3.09766136,1394.99999246155143685784,0.5259388459352641,236.8511599069468594393618571629,1722.299714803667455316,775619.995197812161689604804602251204,0.07404467517408767,0.05047817683376013,0.0571855110802078
2019-01-23,223.0,457111774.627803,0.0,0.0,646.44171314,175.49801788928897,0.12869522503881445,457.111774627803,-69.16665300735774,-4.554617533006087,1000000.0,1000000.0,563134.922787654378737076,519.0,707.0,1546.9298773091232,707119.8614415428701008562723296,3.42198911,1564.23151482911616922533,0.2604757230655172,119.0665200179387258872136947116,2419.346301269399802054,1105911.681212466661407985787724907362,0.07376166774733248,0.04867478763816596,0.056730826729706425
2019-01-24,272.0,462716284.696289,0.0,0.0,203.45771656,178.2576829711714,0.1297000000000002,462.716284696289,-69.77556492649252,3.562482570566932,1000000.0,1000000.0,563135.028027659673420359,503.0,669.0,4915.026163254834,2274262.645446332785703401111026,8.82130939,4081.76350709728745385371,1.095693730073428,506.995331944595142920649108692,5901.455984778505873882,2730699.787575389687220292770907423898,0.07331544505101147,0.047002095821800254,0.05531973446011727
2019-01-25,278.0,461907159.584687,0.0,0.0,165.1616442,176.8492095440515,0.1297,461.907159584687,-67.13652545611963,1.7531130916441398,1000000.0,1000000.0,564235.028027659673420359,668.0,893.0,6054.674527153137,2796697.513047063354865369213119,8.59962646,3972.22903162791693601802,0.5,230.9535797923435,7679.466428817350006677,3547200.525260982059358734023996955099,0.07328918132582518,0.04692198983445704,0.05530804041049676
2019-01-26,205.0,461170330.832285,0.0,0.0,340.01758188,176.31242311374078,0.1296500297493352,461.170330832285,-67.57268047446016,8.392064349992777,1000000.0,1000000.0,564235.028027659673420359,661.0,1032.0,2941.0243860874984,1356313.189117789527177305605844,3.12778442,1442.4413757434666559997,0.507,233.813357731968495,3227.873519671962674783,1488599.498951891230797538243171769155,0.07326212480839647,0.04527516837083228,0.05528785356386943
2019-01-27,297.0,431560269.618699,0.0,0.0,152.97666882,163.94849487460542,0.1219919001008768,431.560269618699,-69.78389892140133,-8.45377853380094,1000000.0,1000000.0,565685.028027659673420359,904.0,1263.0,6536.944539997096,2821085.548163629058930487298104,6.74405677,2910.46695798501230954223,0.72008308,310.75924815266320151292,8517.743700223003463019,3675919.767811214244072683211677392281,0.07325425839852157,0.04286661703641736,0.05204096883066807
2019-01-28,430.0,396746939.190949,0.0,0.0,182.29182714,151.3327555271655,0.11549952659263572,396.746939190949,-72.54096047600684,-15.842865223980244,1000000.0,1000000.0,566541.447162680290540259,1478.0,2325.0,5485.70945643861,2176438.43613286309391228614089,3.11865711,1237.31766277859074649739,0.3993996142240264,158.4605744574282913916532170536,7250.877774257894010954,2876763.563384500305549202573303655346,0.07344716922694461,0.04534597091247786,0.05300176888550712
2019-01-29,303.0,394999143.859759,0.0,0.0,108.59693677,153.02117456729783,0.11631909409701933,394.999143859759,-71.91100552741332,-17.526557128758586,1000000.0,1000000.0,566541.447162680290540259,1156.0,1844.0,9208.362866400026,3637295.448578006614830937953734,5.41220879,2137.81783844026218708161,0.543,214.484535115849137,9980.113002203243359375,3942136.091493930213434824323037890625,0.07344729687735062,0.04516463623586638,0.05268528835016217
2019-01-30,310.0,378635971.643268,0.0,0.0,56.58138492,143.31847887711834,0.11013596292146415,378.635971643268,-70.97510362674475,-16.890795704820675,1000000.0,1000000.0,569241.447162680290540259,1918.0,2869.0,17673.6571822072,6691882.3596750452034752611296,8.35573408,3163.78149217356803017344,0.5868,222.1835881602696624,23972.601068393339168464,9076889.098347556530046945718763500352,0.07347045311480813,0.04493037456829173,0.05193143716413484
2019-01-31,298.0,364947916.824847,0.0,0.0,143.85534141,137.06994099130657,0.10701871889960084,364.947916824847,-72.06861087747846,-18.500446963461574,1000000.0,1000000.0,569241.447162680290540259,1295.0,1915.0,6951.427664801293,2536909.045227842689483740127171,4.50488885,1644.04980133498065325595,0.57753,210.76837040385388791,8626.862153870457528278,3148355.371790136175945152449475523466,0.0734345329107368,0.04523775910394587,0.052043637365113166
2019-02-01,209.0,374109306.539473,0.0,0.0,1169.59423904,140.47638759885496,0.10859329134394903,374.109306539473,-69.98346854178803,-24.886470785457217,1000000.0,1000000.0,569241.447162680290540259,446.0,648.0,854.9973714160324,319862.4737135241153874356469252,2.03455117,761.14452732777344333341,0.600764806419285,224.751705122839448779640936805,1318.38915805321031835,493221.65366844617753239709517122955,0.07338745544649825,0.04038959297243748,0.051923122636066334
2019-02-02,161.0,374329757.011407,0.0,0.0,1728.4093798,141.75229262978954,0.10812731732662026,374.329757011407,-66.58135726902252,-22.44521400494794,1000000.0,1000000.0,569221.447162680290540259,287.0,460.0,578.5666357095187,216574.7081600513671714943798109,1.64462949,615.63375736549421859243,0.5509126375370084,206.2229937437416933353434548188,756.529565225902956493,283191.528322957636560138137225715651,0.07333186548417756,0.040214536253463606,0.050646860891922635
2019-02-03,171.0,370153324.732759,0.0,0.0,971.41021655,140.26269540404178,0.10845326117018803,370.153324732759,-68.82465850683772,-23.67144341815626,1000000.0,1000000.0,569221.447162680290540259,535.0,751.0,1029.4312155263283,381047.3870107558178181259987797,1.66704762,617.06321903083302698358,0.28863421614262075,106.83891473682484827032363814925,1251.952762186144532499,463414.477331562559515687958165434741,0.07324828220253095,0.04013947581075378,0.050389056963120904
2019-02-04,188.0,386927089.058425,0.0,0.0,568.7827496,147.0281242446307,0.11342218868109412,386.927089058425,-62.95923864461489,-21.43146683664649,1000000.0,1000000.0,569227.037182760955826893,380.0,620.0,1758.140521491662,680272.19413643007540006835235,3.33790592,1291.526221176484033376,0.3979111221810963,153.9625922095028795011012513275,2069.501670192648247338,800746.25704919009062444981293272265,0.07332418643214379,0.04108204702321054,0.04639144582040921
2019-02-05,211.0,392173632.139817,0.0,0.0,1114.13188352,151.68804418006246,0.11445429351690438,392.173632139817,-52.80854046408273,-23.13332529920761,1000000.0,1000000.0,569227.037182760955826893,491.0,869.0,897.5598084861441,351999.2901567296731154784096297,1.37474021,539.13686140435477194157,0.34535639625257525,135.43967230109032040065431372925,1194.649241754162870193,468509.932271808376957475140997774681,0.07326803424796532,0.040474232162337274,0.04634181295689965
2019-02-06,274.0,392866808.243149,0.0,0.0,138.9415895,151.173510573855,0.11666401356428384,392.866808243149,-57.63610142221758,-19.597469252181273,1000000.0,1000000.0,573727.037182760955826893,792.0,1217.0,7197.269036674237,2827568.114505451195023800052313,6.58585401,2587.36344446404389667749,0.5006339437671103,196.6824595859647617379515023347,8014.98433376752080247,3148821.31332608793751122633135977803,0.07293824328429437,0.039984650260206984,0.04634198347372959
2019-02-07,204.0,401118009.080151,0.0,0.0,21.23548842,145.3298590798288,0.11942039414398463,401.118009080151,-56.29795282381367,-16.7648800742297,1000000.0,1000000.0,573726.037182760955826893,565.0,958.0,47090.98186571382,18889040.89160462212970320838682,49.76169537,19960.31217526736797560087,0.5,200.5590045400755,47671.704165641732556113,19121979.064380152730798877845122013063,0.07295127370417395,0.04028708563281293,0.046399698125037914
2019-02-08,285.0,429712444.02083,0.0,0.0,202.45081152,156.04946032892357,0.11895221269444815,429.71244402083,-55.64647829455572,-11.296971487081704,1000000.0,1000000.0,573672.35275703958764976,975.0,1515.0,4939.471432646759,2122552.34149370938851102798997,3.78944398,1628.3712341258212381034,0.6083266576175319,261.405534807852294275136789477,5741.007626274894528793,2466982.41822880873266517445312675819,0.07313615012108586,0.04251823212473177,0.04670343334673068
2019-02-09,222.0,448943712.735555,0.0,0.0,3.46541452,108.07984002169718,0.12397417085311739,448.943712735555,-58.01650493909094,4.739400697131859,1000000.0,1000000.0,587497.058038306587091955,515.0,747.0,288565.76744570583,129549787.00545992685376711178565,387.63828824,174027.7723209208279863732,0.9998,448.853923993007889,289565.801317866192587509,129998745.924888913407906242582113182495,0.07291112763759983,0.03703156267626871,0.046899231612273634
2019-02-10,206.0,463341938.897405,0.0,0.0,651.39016141,112.30661354468215,0.12722105830398106,463.341938897405,-55.75906807066726,9.717703871361447,1000000.0,1000000.0,587455.327445032602063101,580.0,958.0,1535.1782376310118,711312.461177054162654126544379,2.40088131,1112.42900123794167200055,0.5164,239.269777246619942,2300.044297840877616477,1065706.984511512703543166689840542185,0.0722770703055093,0.03729149926759896,0.04700851869032554
2019-02-11,251.0,484887143.436784,0.0,0.0,240.02705702,117.72834752959295,0.13504279155435722,484.887143436784,-51.84881505966577,12.275547788658155,1000000.0,1000000.0,587460.757081722676497507,853.0,1433.0,4166.19697961126,2020135.35243866129357270458784,3.69479601,1791.55908287052721043184,0.8109004067970721,393.1951818635583946164626401264,5294.642686401670843943,2567304.167727766337083187522749799312,0.07226812042625468,0.03793488532860885,0.04717267450296469
2019-02-12,326.0,497617414.424208,0.0,0.0,215.95739219,122.2692166904915,0.13869312757696162,497.617414424208,-52.91129252638527,20.071723861894096,1000000.0,1000000.0,587507.222971735899722649,1026.0,1754.0,4630.543042985796,2304238.856430596047430462549568,3.919438,1950.380603555988955104,1.0,497.617414424208,6874.694252999557529918,3420967.579134601860858459092703454944,0.0717683213758132,0.03715618293210246,0.04703942156195875
2019-02-13,410.0,546772483.995404,0.0,0.0,140.3327909,134.56797716210517,0.15289693254709238,546.772483995404,-46.685789383373546,22.999093296567764,1000000.0,1000000.0,587514.58175823097871518,1140.0,1790.0,7125.91828054578,3896256.03900227428590013159512,4.85639888,2655.34527889009791074752,1.0,546.772483995404,8692.954001568110144852,4753068.052695182662495120818142260208,0.0720834884149545,0.038810664790763845,0.04835724258681265
2019-02-14,325.0,515723538.721021,0.0,0.0,166.00613104,127.03022100976578,0.14478822162257526,515.723538721021,-53.32888975890854,17.963083664075594,1000000.0,1000000.0,587573.312351504963744034,1010.0,1662.0,6023.873899804554,3106653.564416401680503031329634,4.60096105,2372.82391422358443723205,0.7845604523613353,404.6162928323528572423137393413,7646.797257271506477741,3943633.341402258952525665639745293561,0.07221871077193759,0.040403478874536415,0.049117226538791386
2019-02-15,275.0,495059007.525055,0.0,0.0,192.38695704,121.74143256262774,0.13886621207659516,495.059007525055,-57.18698323348475,8.125732810395489,1000000.0,1000000.0,587591.149296504963744034,768.0,1210.0,5197.8575647446605,2573246.2072590909393391312188275,5.79053338,2866.6557081435021638359,1.0,495.059007525055,7006.545385072376324187,3468653.404513184933341502853205005285,0.0721908292004792,0.04050819111298717,0.04785699194477226
2019-02-16,197.0,492901200.361631,0.0,0.0,864.99039781,122.36239651340948,0.13750000000000015,492.901200361631,-56.88457110562752,7.06668291395987,1000000.0,1000000.0,587579.915723078779900021,364.0,633.0,1156.08219759549,569834.30291152929678665464419,3.05573814,1506.17699719681763930634,1.0,492.901200361631,1934.282245342042107777,953410.040567283388039100661877504287,0.07202990470974628,0.04052399773270667,0.04542113190637547
2019-02-17,235.0,539446077.477299,0.0,0.0,556.55238948,137.0170382782459,0.14890482955350856,539.446077477299,-52.18708640321616,15.598562925350597,1000000.0,1000000.0,587578.745723078779900021,856.0,1445.0,1796.7760428298175,969263.7884097284374675765629325,1.71499705,925.14843150763922696795,0.491,264.868024041353809,2478.170739483639855643,1336839.484733466941592264481969548257,0.07232621003363979,0.043564030796172784,0.046743968554094725
2019-02-18,351.0,569813973.888564,0.0,0.0,362.86213135,147.77053708153468,0.14738616892695955,569.813973888564,-46.7599433448604,21.584675651312487,1000000.0,1000000.0,587578.745723078779900021,781.0,1205.0,2755.867624657815,1570331.88271710709068544172766,3.12809063,1782.42975256388171255532,0.507852804494602,289.381624679521142046687531528,3769.349212356442763846,2147827.853666553356942480228172057144,0.07149291763909064,0.04450694860891925,0.04709397348725215
2019-02-19,371.0,624371345.304059,0.0,0.0,177.56254649,163.4898963164395,0.16028282117051124,624.371345304059,-44.70451677563829,39.90685103834799,1000000.0,1000000.0,587589.316653578779900021,982.0,1564.0,5631.818307351782,3516345.973069260558201865483138,4.26211499,2661.14247014689597174441,1.0,624.371345304059,6665.947849162086784509,4162026.826308030685718984440216022031,0.07099254857264883,0.04583545336712065,0.04824971553731252
2019-02-20,407.0,651386761.343803,0.0,0.0,257.53034467,170.7915156409606,0.16567923241373858,651.386761343803,-38.04678734704747,50.448211122418165,1000000.0,1000000.0,587577.147469280751824673,838.0,1283.0,3883.037555323469,2529359.257338512739826783612607,3.51692053,2290.87547394023115897559,0.5742707791243911,374.0723829482195514015301333533,4512.209043788805059474,2939193.235539807901632903769576339622,0.07077011065214281,0.045486166419779754,0.04846584399384486
2019-02-21,336.0,634158374.741899,0.0,0.0,393.88970713,167.1883099543061,0.16292798590143445,634.158374741899,-36.511193649529055,40.81777090852013,1000000.0,1000000.0,587582.629126061829537713,848.0,1288.0,2538.78175008331,1609989.70845722587574299760569,2.36431934,1499.35291002523931402666,0.45207,286.68397646957028093,3045.243306612075758318,1931166.546014760375591952247952365882,0.07046613414866508,0.04579808711511508,0.04810708402034482
2019-02-22,319.0,665362791.495726,0.0,0.0,35.67776373,167.41794662326018,0.16851878161828904,665.362791495726,-31.11142491540709,45.55800756554314,1000000.0,1000000.0,563689.425106832606600049,694.0,1136.0,28028.66254811408,18649229.15490489282552368042208,25.98117455,17286.9068249257127849733,0.5003962605980141,332.9450528055174273145642377366,29514.614287103301346132,19637926.151986689571065015737524631832,0.07051411625194076,0.04628207559047503,0.04762050795838822
2019-02-23,421.0,737928895.605505,0.0,0.0,150.5622142,187.5569047141106,0.17953814198850032,737.928895605505,-24.36619713473054,59.47761511999865,1000000.0,1000000.0,563680.318980409855625671,1073.0,1744.0,6641.772673950126,4901155.97415083832723094104363,7.30594289,5391.26636817459149960945,0.5,368.9644478027525,12741.564405135371181112,9402368.54976795773622431595825922156,0.07084594839658447,0.049173172952652,0.04823938037725833
2019-02-24,605.0,655531032.656318,0.0,0.0,162.26821304,166.0760148795425,0.1746134630973165,655.531032656318,-33.0515549855056,41.91835286678027,1000000.0,1000000.0,563730.748049909855625671,1684.0,2866.0,6162.636423073788,4039799.418302998071708158392584,2.8240664,1851.2631634820104115152,0.431,282.533875074873058,8093.774307359185042247,5305720.229790341531280505117461466546,0.0713455163311379,0.05487102482494064,0.05092490674860161
2019-02-25,358.0,672274693.464075,0.0,0.0,260.42157349,169.94968621183003,0.17589518702513163,672.274693464075,-32.09846514161865,45.77579009707865,1000000.0,1000000.0,563597.129393385969239737,729.0,1179.0,3839.9276472662314,2581486.181990132426607036536955,4.4171251,2969.5214225949716307825,0.414,278.32172309412705,5207.790497055721545418,3501065.76003325798076050548286385835,0.07134081325885058,0.054865902989600035,0.05011960480929746
2019-02-26,330.0,669558750.352652,0.0,0.0,390.5709066,171.37722194821998,0.1763772055534299,669.558750352652,-34.39325193670246,55.14837613393706,1000000.0,1000000.0,563606.235519808720214115,831.0,1272.0,2560.3545556268327,1714307.7967252217238220388053204,2.54419228,1703.48620365366449592656,0.5,334.779375176326,3236.212585409152197273,2166834.454562077024435571629422717996,0.07128596332557452,0.052920021064796506,0.04856281275154987
2019-02-27,343.0,646712531.915087,0.0,0.0,233.34001625,165.46302920278126,0.17021519110433353,646.712531915087,-38.80357668351737,63.003786049079736,1000000.0,1000000.0,563318.693949475080338119,1245.0,2009.0,4285.591541774807,2771545.756735066774194599813209,2.96555362,1917.86069012015178546494,0.42652,275.83582911242290724,5957.797227055593350905,3852982.129345807244785165443254603735,0.07129002896972306,0.0504527153399861,0.04883979743352769
2019-02-28,294.0,681125288.672422,0.0,0.0,325.42941241,175.50366470366026,0.17957676678424003,681.125288672422,-34.81515297511952,72.43715569020313,1000000.0,1000000.0,563328.435121602572853213,739.0,1065.0,3072.8629984396757,2093004.6968630283449259052135454,3.15987033,2152.26759068867136703926,0.4103974416008375,279.532075880793891704818353425,3365.261900623625544247,2292164.983520570466170534153849656234,0.07074839462599909,0.05070166012370954,0.04919195746786325
2019-03-01,274.0,661790329.699462,0.0,0.0,456.50360026,171.33141878831228,0.17366940954150042,661.790329699462,-38.07931448442597,74.78274101304032,1000000.0,1000000.0,563357.328879939679372926,613.0,972.0,2190.563227623268,1449693.560636320154094998281816,3.17283494,2099.75148102457273280228,0.5,330.895164849731,3083.99555990664020211,2040958.43838229233096242176323826482,0.07064471551877215,0.05020356299899106,0.04885908270775016
2019-03-02,283.0,678701812.519043,0.0,0.0,991.04580138,176.17563834819893,0.17815363351922361,678.701812519043,-35.02709932582221,85.97223911399358,1000000.0,1000000.0,563355.128879939679372926,599.0,975.0,1009.0351007067181,684833.9517449846608193142827783,1.38257075,938.35327396081266979225,0.393,266.729812319983899,1348.006482215354851473,914894.442766980440466220397249100339,0.07049548101620749,0.04910726792196313,0.04882086353847642
2019-03-03,294.0,648910305.044854,0.0,0.0,407.28036328,168.116854643297,0.17156128791452177,648.910305044854,-36.47910508364071,73.45473467294946,1000000.0,1000000.0,563358.650183509581282923,713.0,1187.0,2455.311107933297,1593276.680029014200360825103638,2.43375975,1579.2917817783876098265,0.40077,260.06378295282613758,2888.872822220594882787,1874619.344302954504238633982907528098,0.07058009141947603,0.05053323563391993,0.04748535769130467
2019-03-04,376.0,611616399.99065,0.0,0.0,338.52635536,158.2075646813801,0.165383891771678,611.61639999065,-38.23725442708452,63.389735529898616,1000000.0,1000000.0,563218.687771011629791539,972.0,1456.0,2953.979754249206,1806702.4629391643658761699239,2.30460379,1409.5334734446079545635,0.40154,245.588449252245601,3355.503121670688769842,2052280.7394336146967435716688019773,0.06983702748997753,0.0524020848850866,0.04797362813545852
2019-03-05,345.0,679297287.60812,0.0,0.0,174.17408628,175.61301453730061,0.17689443657181397,679.29728760812,-29.732530918199696,83.51781335438626,1000000.0,1000000.0,560985.311789380033278793,906.0,1350.0,5741.382207711195,3900105.3608197345911812969034,6.56909077,4462.3655421125364690524,0.6302427355886108,428.122180820064876905045599696,8868.272545423474368016,6024193.48587572430463023160526988992,0.07014054324358426,0.05454209855569135,0.049714622208952876
2019-03-06,288.0,665459517.595733,0.0,0.0,795.57352328,173.26590640885604,0.17275695472602198,665.459517595733,-30.9395042255258,71.98576590104042,1000000.0,1000000.0,560974.859094031609860066,646.0,969.0,1256.954851738788,836452.569277709957336299391604,1.77582866,1181.74208341627695510778,0.485,322.747866033930505,1720.777966818233330941,1145108.075688227799707825612438474753,0.070115628642234,0.05484029598236708,0.049811549197790524
2019-03-07,341.0,675228778.400481,0.0,0.0,267.63185651,175.75787564587287,0.17511468691794888,675.228778400481,-22.70910844000123,72.17597591052468,1000000.0,1000000.0,561013.707035400148308835,617.0,1004.0,3736.475967514791,2522976.103067767655801689014471,5.33107276,3599.69374729888062999756,0.30201518863439697,203.92934687999469957949459294257,5352.397050510735420555,3614092.521930701477088258563749286955,0.06981795842623374,0.05483746571024603,0.049668944435496964
2019-03-08,300.0,648676720.296919,0.0,0.0,898.83144685,169.38270297966406,0.1689599529072961,648.676720296919,-24.070937543877395,65.11364836284332,1000000.0,1000000.0,560904.199849736525475973,545.0,859.0,1112.5556448931575,721688.9468771170670694314317425,2.29428854,1488.25156554200665900826,0.5,324.3383601484595,1970.793859956716178491,1278408.097458028134738964640521369229,0.0698233131052609,0.05579278357458333,0.04962003511809735
2019-03-09,353.0,644041706.205584,0.0,0.0,415.92611778,168.3419647185764,0.164701335444836,644.041706205584,-17.462321226154558,60.5616530862099,1000000.0,1000000.0,560811.938530898078988494,846.0,1314.0,2404.2731563593147,1548452.1858059378809558515532848,2.57348745,1657.4332481966575439208,0.5247076322908976,337.9335987597218724521974921984,3381.562514657207605502,2177867.291580673139456970434781523168,0.0697971721706846,0.055955695541022046,0.04958521577210284
2019-03-10,248.0,646710909.951753,0.0,0.0,1924.67231913,169.9533844083161,0.16565714546960625,646.710909951753,-19.922987197231006,50.498529644723114,1000000.0,1000000.0,560811.938530898078988494,388.0,630.0,519.5689624989292,336010.9165203707332238861628876,1.19720552,774.24587123846162527656,0.21490507753463284,138.98145824567443519647096936852,754.239480064916383194,487774.900474319141054608425800039082,0.06979715928404578,0.05507957120585946,0.04958526780292
2019-03-11,257.0,649703217.180201,0.0,0.0,1140.47360301,170.75835803451645,0.16868534106258828,649.703217180201,-20.630683010602297,44.718190443375484,1000000.0,1000000.0,560818.044650413119333694,451.0,706.0,876.8287116550338,569678.4348782462647726833457938,1.55423737,1009.79301955069441831137,0.415400534474103,269.887063666199714002118834703,1097.291586405072892013,712913.873872142364222120246034634613,0.06972631287525526,0.05480363967493941,0.04668877828817774
2019-03-12,255.0,651682539.722577,0.0,0.0,316.86619425,171.1822549926259,0.16887715056716263,651.682539722577,-18.388155773063623,40.648295570514954,1000000.0,1000000.0,563113.544650413119333694,482.0,796.0,3155.9062410199626,2056648.9942742204407705229156202,4.43115471,2887.70615531645916688767,0.24730234391283554,161.16261956046284515414102598658,3527.199150833569202374,2298614.100722537325047161081129797798,0.06932835616710535,0.05470555829705815,0.046604219401001894
2019-03-13,256.0,637317608.532474,0.0,0.0,222.23186291,167.11088766099368,0.16545291948125024,637.317608532474,-18.961501122618373,31.436276906682455,1000000.0,1000000.0,565407.956770929169501603,445.0,792.0,4499.8047845224855,2867804.824134854933908509944127,6.2591795,3989.085310315486345083,0.40487707485927377,258.03528909893581127215910140698,4957.270165025298077542,3159355.566423305704117746528077098908,0.06835213720110017,0.05464831220471939,0.04671462176910973
2019-03-14,216.0,644146970.356247,0.0,0.0,198.63275251,167.85989294608132,0.16714665201805096,644.146970356247,-12.923078729738686,29.44622750021481,1000000.0,1000000.0,567707.956770929169501603,365.0,547.0,5034.416466439185,3242904.114368403469939010338695,10.70747419,6897.18705965620985776493,0.22817788381742737,146.98009256329556015687594828039,5856.988379223627311642,3772761.319888645024336719583630527574,0.0682662161791059,0.054557459489952095,0.04629493555689685
2019-03-15,253.0,678113455.650722,0.0,0.0,843.35902439,176.45587291497773,0.17378994506136783,678.113455650722,-8.19887405599637,24.021137767500036,1000000.0,1000000.0,567707.521789251219673521,459.0,657.0,1185.734629124667,804062.606840455174427746559574,2.63874172,1789.36626631892988952184,0.25160896926695425,170.6194276223306554937647534685,1733.653312228343629777,1175613.638455482198355174572990748994,0.06832593248786235,0.0527719104770461,0.045926298020024146
2019-03-16,286.0,694140929.519256,0.0,0.0,654.19547871,180.28116265690548,0.17397904959250668,694.140929519256,-2.6993618656563094,34.59554924343862,1000000.0,1000000.0,567704.230806151219673521,603.0,1040.0,1528.5950951048817,1061060.4201746781103768797520152,1.99473564,1384.62765129478800948384,0.49818150341844974,345.80817185218311300245899819344,2074.525060787111225922,1440012.754005756442551898188265354032,0.06788068565595348,0.05135803473630538,0.04586689437645435
2019-03-17,184.0,693892245.296623,0.0,0.0,1589.96575613,183.67733277952135,0.17490979246598373,693.892245296623,2.7512040805504507,40.16354308259,1000000.0,1000000.0,567705.230806151219673521,305.0,518.0,628.9443632017142,436419.6163486922179323610711466,1.55548274,1079.33741097874325678702,0.3233990981437417,224.4041263378638716018075942791,805.740059908711322924,559096.779295491228710956003119685652,0.06712466219094498,0.05050160343511239,0.045597893957892426
2019-03-18,264.0,684660116.243207,0.0,0.0,471.57765444,183.7986680217925,0.17248279129841143,684.660116243207,3.601595545730961,38.904128401571455,1000000.0,1000000.0,567659.138748621198523774,858.0,1315.0,2120.541528174041,1451850.209178186722691379989487,1.82782123,1251.43629580360159788461,0.151969125,104.047198787878454983875,2403.584921749871672206,1645638.731925686740141694975678204642,0.06682249283548757,0.050624622758766,0.045673102413877224
2019-03-19,314.0,692579740.670178,0.0,0.0,391.3992479,188.43562914913855,0.17331097125631156,692.579740670178,1.4792456381248555,28.387204873006638,1000000.0,1000000.0,567743.998184143991639375,593.0,919.0,2554.935926347544,1769496.861298703022406304342832,5.50501339,3812.66074603205746368342,0.387,268.028359639358886,5059.10730344067962126,3503835.22423954941192081705961678428,0.06674535786562305,0.04836321799393649,0.04566856254881094
2019-03-20,291.0,710173536.758536,0.0,0.0,177.16881762,192.8548657156415,0.17619307237993584,710.173536758536,0.5917503280828613,24.632523823893013,1000000.0,1000000.0,567643.151211991323575908,539.0,820.0,5644.334107020298,4008456.715429438070636476763728,8.43721941,5991.88994880746842238376,0.49977973893221156,354.93034479774647191596018787616,6918.519915972939126758,4913349.757860871482944930429742506288,0.06669327738263704,0.0476792363343562,0.04572974776813539
2019-03-21,476.0,700400597.815755,0.0,0.0,20.72995826,176.06195521298253,0.1761449598850724,700.400597815755,-1.4852009754047684,12.176928535160583,1000000.0,1000000.0,567627.984108628238024558,1324.0,1857.0,48239.36389175276,33786879.3080353787719144927338,57.45723112,40243.0790252860022122956,0.7798945345989448,546.238598266340959561807815324,106698.078198332549420872,74731397.75590429279959152191340743836,0.06668348276835298,0.0450798930018081,0.04522500380015239
2019-03-22,702.0,728377608.212758,0.0,0.0,36.31006942,175.34347464122683,0.18283086094980086,728.377608212758,4.733647684317213,11.819528955443284,1000000.0,1000000.0,569893.024423494793275855,1220.0,1663.0,27540.569760568447,20059934.331019454687253797646826,29.91335074,21788.21486563053459674092,0.6766570473354961,492.8618417185356228883342792438,49745.902274757903792357,36233801.317273759419544062437110290606,0.06669473643157753,0.044989521546238934,0.04512992692870773
2019-03-23,340.0,732746118.050638,0.0,0.0,79.45686648,173.7289877630308,0.18402494564582092,732.746118050638,10.477292714711574,15.546233754125524,1000000.0,1000000.0,559394.924036972148528726,614.0,841.0,12585.444711245334,9221935.756105951183401453223092,27.85643819,20411.69694644004073706522,0.5419565,397.116521527310593247,23427.264516417773524873,17166237.130950580637136230408766518974,0.0666663394075383,0.044619043936997324,0.04495071609619086
2019-03-24,277.0,725490927.164957,0.0,0.0,772.01416535,172.92457517857335,0.18271260958274557,725.490927164957,5.271438657130079,9.036894824560875,1000000.0,1000000.0,559363.430840065742512746,518.0,754.0,1295.3130199985283,939737.8438475727848426313327831,2.20892025,1602.55160020594860767925,0.7630406051538214,553.5790360975557541827967166798,1665.525869501149303314,1208323.907281609986481979117704767498,0.06661025198751272,0.0439330228767579,0.045001512429392924
2019-03-25,340.0,691698830.719752,0.0,0.0,72.1929659,161.26861700415262,0.1769847901494825,691.698830719752,4.008478101492737,-6.264840035545576,1000000.0,1000000.0,570115.063544489903679812,717.0,1083.0,13851.765024105145,9581249.67057828617311007632404,24.10431742,16672.92817471174927167984,0.5,345.849415359876,26104.975765337773648474,18056781.212851601104507690344456458448,0.06671635134136372,0.040532198150300465,0.04556089397437282
2019-03-26,321.0,679220360.5019,0.0,0.0,389.72863094,158.53452865283398,0.17336941790234847,679.2203605019,9.569024383767394,3.613761464440373,1000000.0,1000000.0,570203.894953735506510585,855.0,1362.0,2565.8879553594493,1742803.34204672824774265560367,3.82027296,2594.807177106860598624,0.8273564228592375,561.95732779801371270855130125,5203.211770024611479956,3534127.3742038458056511996059499164,0.06392949963734693,0.03426713423083402,0.04566203614334324
2019-03-27,344.0,700726966.436612,0.0,0.0,604.17067755,163.45088618630732,0.17400685092388937,700.726966436612,13.976553508773575,4.232239179780673,1000000.0,1000000.0,570208.933175952156510585,695.0,1085.0,1655.1614256768282,1159816.2447774216614768525140584,2.10892002,1477.77712807203910777224,0.39686,278.09050390003383832,2288.178227023762198662,1603388.187688666167431211380574213144,0.06267348972409864,0.03442794190121641,0.045760317004803784
2019-03-28,537.0,678497827.10494,0.0,0.0,26.40962449,148.92803926902252,0.169161906295302,678.49782710494,15.372389747653967,1.3350698124070253,1000000.0,1000000.0,585206.55141331472064624,916.0,1266.0,37864.98366597227,25691309.1407262304231644200138,32.41106736,21990.8387779118441287584,0.5,339.24891355247,41032.411279154356918876,27840401.89378246280667423949751884744,0.06270788002031916,0.03496178341217163,0.04503984565706375
2019-03-29,335.0,707568462.440997,0.0,0.0,7.83611497,127.66538818941483,0.17302242410773258,707.568462440997,30.42576458684984,9.410043492693656,1000000.0,1000000.0,531961.175550784548157719,617.0,877.0,127614.25825799641,90295824.50115882407422306282077,179.99976673,127362.15818488422638862981,0.643876525,455.586722796102165895425,157859.795422382352991424,111696612.728265418083967329392047009728,0.06277738789831605,0.03510502585063612,0.04360965392966515
2019-03-30,298.0,711913879.82937,0.0,0.0,50.00924702,125.27776211576442,0.17398163175873652,711.91387982937,42.95601147437368,4.520253713814952,1000000.0,1000000.0,521520.109450784548157719,549.0,809.0,19996.30187709416,14235644.8515614175816522234792,25.21246118,17949.1010587011761488566,0.47734365,339.8275698834128530005,20396.881093204288282118,14520822.75548138668262771228826220566,0.06276938998647971,0.03388245944144699,0.04357328576720492
2019-03-31,267.0,708042574.115672,0.0,0.0,399.93012909,124.47855667226918,0.17293297837521926,708.042574115672,37.15328029955706,6.98895742964611,1000000.0,1000000.0,521620.109450784548157719,463.0,652.0,2500.4367694696934,1770415.6866687968519249099749648,52.9038826,37458.2012168173103081072,0.5,354.021287057836,34493.33145693302189261,24422747.19459193960272829248650198392,0.06276673023114296,0.03342829487317865,0.04308302007030567
2019-04-01,284.0,711668706.03058,0.0,0.0,133.64028751,124.06666891428796,0.17196637437232545,711.66870603058,39.50262014182343,4.857345730252052,1000000.0,1000000.0,521624.076825744548157719,588.0,899.0,7482.773485765325,5325255.7241345414756141536385,23.5063299,16728.719383460932968342,1.0,711.66870603058,21132.19058242374946303,15039118.7273851185120332731977594574,0.06275989109208524,0.03315199969939013,0.04264136440588207
2019-04-02,480.0,792334044.32284,0.0,0.0,71.5702971,135.5247126669999,0.1615781755974555,792.33404432284,58.682857134183344,22.102244048670524,1000000.0,1000000.0,512903.309383261498055594,1171.0,1741.0,13972.276775429604,11070710.56587422780881826935536,13.01641088,10313.3454751182168084992,0.8226054063508419,651.778268495795774817949398996,22661.571342932836256056,17955534.47285654666350310682736911904,0.06298707692865296,0.037200280825469,0.044386710242674765
2019-04-03,564.0,742417887.492565,0.0,0.0,81.69443362,125.25754752187639,0.14967415750870397,742.417887492565,42.56056754982397,21.386196888100866,1000000.0,1000000.0,509672.951716759641625141,1759.0,2462.0,12240.736065437504,9087741.41105616361030627215776,6.97749445,5180.21668956009670376425,0.9972611824324324,740.384540339823937003169865106,17178.591331150323076851,12753693.486170712977111116920186112815,0.06256926755345772,0.03757289831357208,0.045481432356441295
2019-04-04,382.0,730839009.997218,0.0,0.0,437.66284365,123.11027681343651,0.1488085676972568,730.839009997218,46.28214577085551,7.587505990283293,1000000.0,1000000.0,509852.827579289814113662,772.0,1072.0,2284.8638272976796,1669867.6175206906429936538553528,6.85734162,5011.61276077351907561316,0.6474552777417207,473.1855742022329715018295330126,7351.070216289725316996,5372448.879293218046503574798128117128,0.06240763113435372,0.03282426819387974,0.045523070740314586
2019-04-05,293.0,788214159.368246,0.0,0.0,248.37966885,132.2924760488033,0.15660219513746018,788.214159368246,60.55086706324334,18.446597956254113,1000000.0,1000000.0,507726.027118379449968003,648.0,838.0,4026.0944248818682,3173424.6326454435851968922371772,5.18088677,4083.64831019761725950542,0.4999999957443152,394.1070763297319828317778951392,4341.583111426409452421,3422097.282500341231379998604155223566,0.06256858061059058,0.03511397833754131,0.046082318667534365
2019-04-06,257.0,768963288.082982,0.0,0.0,38.64124514,124.76534464677916,0.1524403034060104,768.963288082982,54.29263137775043,13.881889025012295,1000000.0,1000000.0,497636.650618683424502003,542.0,768.0,25879.083256568978,19900064.953544527008476270932396,50.68471979,38974.68878528298893761378,0.5631204220003825,433.018931288090523316095740615,38925.864797308882259651,29932560.986012237766596388360158359282,0.06051203598283937,0.03550028086195142,0.04632289381167924
2019-04-07,290.0,763044441.06106,0.0,0.0,160.742782,123.24355267189613,0.1470472110821027,763.04444106106,53.105013586514396,17.63092726863874,1000000.0,1000000.0,497539.486555218368428731,657.0,925.0,6221.119154114982,4746990.38772592082546532280092,9.91581065,7566.204195096556048289,0.5,381.52222053053,9172.124851007922669684,6998738.88027959858346279918485490504,0.060411361010289176,0.0345824780482147,0.04637192479414511
2019-04-08,588.0,711178411.972545,0.0,0.0,16.4314014,106.6748037352847,0.13460561621301917,711.178411972545,38.922304348147485,10.424279222925096,1000000.0,1000000.0,496626.370135516175303159,1672.0,2562.0,60859.081698941525,43281665.076760609742313860431125,26.02470964,18508.2116738217832768338,0.724849750140533,515.497494223640285883487666485,66675.306103303478835379,47418038.312330705503154249626722669555,0.06030583832574941,0.037202800247965434,0.04752754148811693
2019-04-09,475.0,709568129.220168,0.0,0.0,15.2903586,98.92423710846377,0.13657155020520237,709.568129220168,34.66419557718849,9.719523561633487,1000000.0,1000000.0,460140.432676790944379606,1519.0,2477.0,65400.68982921521,46406245.13182470517636074435528,45.88440742,32558.11313338539539284656,1.0,709.568129220168,113655.677169070040117928,80646446.224108388167392922909395971904,0.0601451676174024,0.03721623416332813,0.046905955438728685
2019-04-10,454.0,718210260.176775,0.0,0.0,130.17501809,99.53367658108239,0.13521182200094878,718.210260176775,29.025924188256962,10.544359514472431,1000000.0,1000000.0,459750.048029267112209667,1180.0,1795.0,7681.965516187647,5517266.452050143614782291298425,5.32623438,3825.3561798222838825245,0.6168040046584381,442.9949646638135669184013951275,9560.590715585781300452,6866514.3452845234638484455269074023,0.06006322140902255,0.037251916022179324,0.04667822244059815
2019-04-11,460.0,627387691.925281,0.0,0.0,16.62488225,82.34244577415633,0.1242188041850439,627.387691925281,7.570289126417689,-3.7280188307083226,1000000.0,1000000.0,504614.939381079325770235,1272.0,1778.0,60150.80195750047,37737872.80757089419075276238207,61.28057895,38446.68098728545982143495,0.5179203468575345,324.9368510160895323685258796945,108956.869377000885704119,68358198.797840915240882885124421932439,0.06081594274095336,0.04502852706674408,0.05008176639654173
2019-04-12,352.0,635457538.146951,0.0,0.0,125.41641231,82.83424710050676,0.12501964624548204,635.457538146951,-1.947638398253151,-0.2918592489239457,1000000.0,1000000.0,504146.154528756080810282,790.0,1092.0,7973.438098070511,5066781.344366994172411477661961,10.62506577,6751.77813685363829996727,0.892601,567.210034007506609551,11602.571822132417551614,7372941.726265449499170801257959228914,0.06082326766407255,0.044919021217235386,0.04981196302155978
2019-04-13,312.0,613739972.349991,0.0,0.0,449.25209197,79.89990648480298,0.12093897256642877,613.739972349991,-11.374843954798436,-4.7205062517703595,1000000.0,1000000.0,504314.966830556321948347,613.0,913.0,2225.9217438898027,1366137.1495481712572492603367757,3.34408211,2052.39686172749956176101,0.7976606906,489.5562501935187259637846,3053.146965404079710612,1873838.334127558809845516244860804492,0.06086217546111848,0.04530806235108789,0.04998575613977397
2019-04-14,266.0,638286931.189682,0.0,0.0,317.70553865,83.04305110108434,0.12377568086007794,638.286931189682,-11.754162867637053,-5.873135849047884,1000000.0,1000000.0,503459.819269930543079078,483.0,740.0,3147.5686708440567,2009051.9476218392512560300629694,5.95413837,3800.44870806603534429834,0.33490065,213.7627081419297750933,4406.062391720139197673,2812332.042641318185961760954856009986,0.06034249906182351,0.0448694909645677,0.04878421284293672
2019-04-15,348.0,630060213.624392,0.0,0.0,322.34417018,81.97971805966792,0.12494011306625655,630.060213624392,-18.231897811984762,-9.231657891034418,1000000.0,1000000.0,503449.909226670739804881,802.0,1153.0,3102.2741917096837,1954619.5399500413332946209248104,3.09599373,1950.66247090357820706216,0.5177981942928253,326.2440409104619430206746747176,3569.680771948351254762,2249113.829744662733132537920969354704,0.05935843716522688,0.04465068773782892,0.048169089318629815
2019-04-16,278.0,630121572.984416,0.0,0.0,88.31518016,81.37759713704976,0.1210384280745725,630.121572984416,-15.785438850553454,-9.1902846219223,1000000.0,1000000.0,493638.880033178645058365,607.0,921.0,11323.081696769363,7134918.049799361126605545247008,23.99739334,15121.27523892654844218944,0.3309692793278282,208.5508828995696628087137253312,22101.599267571742868931,13926694.495953523183936496507593579296,0.059286496392601314,0.04465177540483095,0.047820549931153956
2019-04-17,340.0,627964545.939181,0.0,0.0,175.35223852,80.85898705529036,0.12015350670652343,627.964545939181,-16.97571249602148,-8.280834381754234,1000000.0,1000000.0,495307.180165182885301678,691.0,981.0,5702.807152236567,3581160.703932949652561706231627,6.8993129,4332.5238925408340887349,0.7605,477.5670371867471505,6768.225953473519316783,4250205.937686778946521560804190574723,0.05928699647145928,0.04461047519371494,0.047817911217612856
2019-04-18,341.0,629027395.628334,0.0,0.0,285.06076481,80.93875643726574,0.11916777812395062,629.027395628334,-19.30160964620252,-9.176177313582297,1000000.0,1000000.0,495888.997932232885301678,799.0,1121.0,3508.0239844797047,2206643.1907589998200743272729698,4.15559224,2613.98136402051469452816,0.60262965,379.0705592679144485031,4658.41889735369768372,2930273.10674821182705776378980252248,0.059264652412424554,0.04453731235002221,0.046459637023204985
2019-04-19,428.0,618159463.429192,0.0,0.0,122.59447402,79.06747876211179,0.11685541847643027,618.159463429192,-23.399534536264884,-12.9565618214002,1000000.0,1000000.0,500850.017739532914057559,843.0,1227.0,8156.974513127765,5042310.98824065386802852671588,7.49205411,4631.28414862007261757912,0.7500000497429897,463.6196283209938223158243353224,9192.750392831826723208,5682585.650271415983127584292291087936,0.059272176859697524,0.044281618204846905,0.04601741252655887
2019-04-20,356.0,613060067.518632,0.0,0.0,545.98009451,78.38010747726337,0.11536754840072302,613.060067518632,-33.24060795491743,-12.470082202885056,1000000.0,1000000.0,500841.174443989937473275,596.0,845.0,1831.5686048936154,1122861.5725810864736894173421328,2.97106581,1821.44180608089907317192,0.5,306.530033759316,2510.550608952246579421,1539118.325833206971202480629185272072,0.05927296194057011,0.04425323515049725,0.0444841788278262
2019-04-21,303.0,599778604.950758,0.0,0.0,247.1140751,76.55883017331142,0.11325693934242603,599.778604950758,-33.059420194320474,-17.655540452094243,1000000.0,1000000.0,500960.926566716427724493,848.0,1207.0,4046.714051418636,2427132.508394499477762823526088,3.8536524,2311.3382604371404485192,0.9927594401675978,595.4358720754173143323361491324,4651.358448859289263429,2789785.281582746162972194014635229182,0.05929142740556054,0.04357759288834236,0.044212351862650434
2019-04-22,325.0,602432536.390457,0.0,0.0,15.8720661,73.03170839811644,0.11189727314355746,602.432536390457,-34.05548442632372,-17.78427458706446,1000000.0,1000000.0,501005.324988674055736214,781.0,1153.0,63003.769875681,37955520.888367172531364776217,55.09576529,33191.48162802800266783753,0.56879,342.65760237352803703,63525.417375592303372385,38269778.314840479714928891916231329945,0.05925163692758614,0.043563106843611574,0.044091553356913574
2019-04-23,387.0,600580465.803799,0.0,0.0,245.74864979,72.63725943541122,0.10831295507438439,600.580465803799,-36.60181301089292,-17.21737056716586,1000000.0,1000000.0,500994.701995676167211636,927.0,1325.0,4069.1983490663315,2443881.0399303072518953156933685,3.70921184,2227.68017463216636778016,0.587,352.540733426830013,4914.705690022306372246,2951676.232602178140350205614094962554,0.05925033998606363,0.043562552247127254,0.04362224166962801
2019-04-24,427.0,565639498.370599,0.0,0.0,211.78970959,68.37488895266014,0.10413198114909987,565.639498370599,-45.10142733274252,-18.22459815610518,1000000.0,1000000.0,501005.198095676167211636,909.0,1290.0,4721.664720822127,2670760.064159982287444205444073,4.2955497,2429.7325775339770232703,0.75,424.22962377794925,5541.259115699905774658,3134355.026546003708044121621866480142,0.05918194403319116,0.044018669413428725,0.042013938614225164
2019-04-25,500.0,500868855.019202,0.0,0.0,96.39697236,60.35089393627591,0.09767955925989542,500.868855019202,-44.95990181999001,-26.258268428659555,1000000.0,1000000.0,499980.931895676167211636,1510.0,2365.0,10373.76979312552,5195898.19851556320124719623504,5.87732235,2943.7677160232655937647,0.9473820668693009,474.5141710985518068814938158818,13899.867363843679236154,6962010.651447157271120254912362629108,0.059852963042137226,0.04874509056694751,0.04216334350727021
2019-04-26,549.0,482228126.393331,0.0,0.0,73.88337801,57.70536909250987,0.09363353565688615,482.228126393331,-53.416297165894086,-31.18173704009241,1000000.0,1000000.0,501824.507595676167211636,1294.0,1990.0,13534.844060450376,6526882.492296889283616382842456,7.69409582,3710.30941156935972297642,0.98955,477.18884247252069105,15311.250688486730993643,7383515.732247555607483756191478594833,0.05989038236749331,0.04835600807180922,0.04219738493719331
2019-04-27,356.0,513927136.570348,0.0,0.0,162.50497889,61.47069404084386,0.09917912049455165,513.927136570348,-49.33888374422969,-24.255153658603927,1000000.0,1000000.0,501582.593795676167211636,769.0,1044.0,6153.657609986432,3162531.634934658307159293518336,8.99381751,4622.16687975055718919348,1.0,513.927136570348,9389.545479419867713384,4825542.221935308040534470698817137632,0.060013586435378186,0.050140273566649345,0.04313297914181126
2019-04-28,258.0,526067609.948942,0.0,0.0,542.57610012,63.02389823792449,0.10217544516207039,526.067609948942,-51.11190272547971,-25.651348544550206,1000000.0,1000000.0,501581.321895676167211636,667.0,845.0,1843.0594340212044,969573.8714493847594472293457448,2.42997091,1278.32898886915564527722,0.42465,223.3946105648182203,2053.325419276264649868,1080187.995766073784826138054987039656,0.06002633506899245,0.04959711496388984,0.04309281853822896
2019-04-29,312.0,512274810.34194,0.0,0.0,36.12951863,60.522234874189934,0.09949401050024392,512.27481034194,-52.71588863740382,-28.042587052141627,1000000.0,1000000.0,500575.029995676167211636,663.0,972.0,27678.198821967017,14178844.05212966076512517179298,54.13130261,27730.1027780999117144634,0.6381941575,326.93079099464668521555,52615.626135054418271041,26953659.89935742366007856456080975954,0.06004842858309,0.0495925229898749,0.042573639169291265
2019-04-30,276.0,520718311.364543,0.0,0.0,381.77276188,61.95308705667479,0.09887147526966433,520.718311364543,-50.65095099130856,-26.456638286912685,1000000.0,1000000.0,500606.817695676167211636,797.0,1049.0,2619.3592100942847,1363948.3047374591442625425273921,2.83120344,1474.25947440628523562792,0.9975,519.4165155861316425,2969.93240615882794079,1546498.18740185895220613441970940897,0.06001941763258777,0.04983528603580179,0.04254032448147499
2019-05-01,302.0,510198843.056769,0.0,0.0,315.56352324,60.77544568365971,0.09598909000584445,510.198843056769,-50.97153286994277,-28.309501495089474,1000000.0,1000000.0,500014.207971433742969212,603.0,843.0,3168.9340698870496,1616786.4961795510648170307187424,5.27198243,2689.75933640161366056867,0.6279,320.3538535553452551,4444.281185144247580176,2267467.118879561302110798727247011344,0.060036763337880654,0.04978196717813397,0.042416702289921594
2019-05-02,269.0,523063231.305178,0.0,0.0,68.78274523,61.7128425583837,0.09698696152093557,523.063231305178,-50.01911571573532,-33.98450627573267,1000000.0,1000000.0,513020.884571433742969212,531.0,704.0,14538.529926684281,7604570.441878512622737566507018,39.46191699,20641.07781428610359317422,0.480549701833963,251.357879844012509220738160414,27781.189562059137628861,14531318.781832335409395797013191542258,0.060001331054738996,0.045068632841016976,0.04225414526421759
2019-05-03,330.0,519425423.778521,0.0,0.0,71.7042882,60.724222906868114,0.09179673303857797,519.425423778521,-54.33078977602791,-30.035976701366472,1000000.0,1000000.0,505028.562071433742969212,846.0,1180.0,13946.167309235596,7243993.864685855378710513433516,18.9811417,9859.2875713226565174257,0.62,322.04376274268302,22397.747205132044320524,11633959.333709896443929530558110665004,0.059337055302943996,0.044027643991208454,0.04162269407424673
2019-05-04,290.0,522979078.612541,0.0,0.0,86.66843562,60.69397470529566,0.0905636575102278,522.979078612541,-53.76129717253691,-28.441274828155137,1000000.0,1000000.0,514031.912071433742969212,690.0,870.0,11538.226031390685,6034250.818719936010582511580585,24.02827457,12566.28489526774979338237,0.4981,260.4958790569066721,20904.598877841492829594,10932667.859898302451396587093664338354,0.05931786951700044,0.044152443168143644,0.039175992575642526
2019-05-05,221.0,500537719.066311,0.0,0.0,416.14526592,58.0504444599681,0.0873790132111213,500.537719066311,-54.982870573770995,-36.49724340558761,1000000.0,1000000.0,514030.612116606133400755,552.0,682.0,2403.00703121307,1202795.65830369766003409988477,4.05798263,2031.17336963090985617793,0.7629174898120389,381.8689801863135114121952114979,2767.544154942359342652,1385260.238730149742307754281158596772,0.059382932199653,0.04135854474467674,0.03945363888342446
2019-05-06,507.0,524746216.201493,0.0,0.0,3.1991749,50.25796523590956,0.09219517684663374,524.746216201493,-48.77466286228915,-31.759262849897528,1000000.0,1000000.0,596708.228432842646683999,1131.0,1604.0,312580.5973397901,164025485.7120573235090479266193,290.56743255,152474.16078199503448679715,0.659,345.807756476783887,466070.161805684522257557,244568553.891950555457133604597553932601,0.05944852937050754,0.042843154863194684,0.03994689001999799
2019-05-07,445.0,535610385.869134,0.0,0.0,32.39715604,50.56107665086699,0.09193852386302848,535.610385869134,-47.369446833998246,-29.806134866229417,1000000.0,1000000.0,612096.042804421355758558,929.0,1393.0,30866.906918763943,16532635.925345797512281035835362,23.61035146,12645.94945599647130583564,0.651,348.682361200806234,32889.219589995564753367,17615807.595532205564974534092647874178,0.05942835696028195,0.04326466871768474,0.039789319944672094
2019-05-08,321.0,524454255.630864,0.0,0.0,90.6039909,50.19771326992815,0.08841400637696072,524.454255630864,-48.31787197894697,-26.255599607386475,1000000.0,1000000.0,612682.949856115160052553,796.0,1128.0,11037.041415447307,5788423.339905434979956034883248,10.80203487,5665.17315704448677622768,0.9983409191594781,523.5841436236166587489404920784,12184.695337295408316429,6390315.323210122722781105927530664656,0.05933185404670798,0.04187586838033022,0.03985312619572282
2019-05-09,272.0,510967744.203322,0.0,0.0,429.30511087,48.955403358245995,0.08308228873666028,510.967744203322,-50.01929426965495,-27.988909991646953,1000000.0,1000000.0,612771.603980537738136807,589.0,885.0,2329.3456674211156,1190220.5011519489558866024660232,3.20306962,1636.66525825759180127764,0.67,342.34838861622574,2834.716613617640795706,1448448.753515885847298225669128535332,0.05935715674950722,0.0419465268577017,0.039946518885668116
2019-05-10,283.0,516406652.098197,0.0,0.0,562.53504825,57.326473894409965,0.08122841013879413,516.406652098197,-51.62573851132225,-28.098123804149992,1000000.0,1000000.0,612795.301622463474241163,518.0,731.0,1777.6670148964272,917999.0717080596649755188617584,2.92354771,1509.73948517045053447887,0.605,312.426024519409185,2137.113378097503116091,1103619.564737599836129161150822787927,0.05921401268549229,0.04191867213518321,0.03997559376549495
2019-05-11,439.0,595007258.62014,0.0,0.0,146.55464513,65.78025497052441,0.08122874102129998,595.00725862014,-37.817619709695094,-5.161152142748353,1000000.0,1000000.0,612753.459804141424069245,1513.0,2135.0,6823.393411476836,4059968.60824955710906893307704,3.78106858,2249.7632504405455092012,0.6208334605524521,369.400415422969351424339445294,8072.581426247113474739,4803244.54441915486469218960588664346,0.06016570985219156,0.04405565057322632,0.04416635317707426
2019-05-12,343.0,549186024.060102,0.0,0.0,129.77044995,60.55003499155375,0.0791035333843023,549.186024060102,-41.66179986419776,-13.576283057153466,1000000.0,1000000.0,612753.459804141424069245,1287.0,1809.0,7705.914562237611,4231980.580182115005368268896322,5.16865301,2838.55199630817862320702,0.663,364.110333951847626,9350.093287921825999963,5134940.557384834150530181703361776226,0.060452395688442594,0.046211123060605944,0.045245685353967266
2019-05-13,367.0,581222628.241939,0.0,0.0,133.91971753,63.92277980593311,0.0745261768659188,581.222628241939,-41.231237490523895,-5.298228170399943,1000000.0,1000000.0,612597.239934330103299245,935.0,1283.0,7467.160314154306,4340082.543296668630082346639334,7.11094813,4133.04396141070131962407,0.682511521813616,396.691140513915372778912441424,9123.346452698562840896,5302695.403599229703628156589851537344,0.05834299694569839,0.04717710900337048,0.04585850016433364
2019-05-14,414.0,618458530.844058,0.0,0.0,17.06962584,65.43250239552204,0.07773918002206098,618.458530844058,-35.241758468165976,-3.106502636465782,1000000.0,1000000.0,594841.077734330103299245,1183.0,1592.0,58583.59225173142,36231522.39557315367682451890236,37.30937672,23074.30231295869949552976,0.5978099192503458,369.7206443835738102822823752564,59396.52774248696099566,36734289.28485681885481127930387478828,0.05852486688919062,0.04804032119899693,0.04608892535220345
2019-05-15,489.0,709053893.837046,0.0,0.0,20.23850018,72.30364484950223,0.08630992594402682,709.053893837046,-24.131382606381827,12.537481101726222,1000000.0,1000000.0,596635.836934330103299245,1724.0,2464.0,49410.77605019084,35034903.15589807094464816185864,22.3290141,15832.4743931473032363486,0.733,519.736504182554718,55018.690738163466698215,39011216.90171102474036197904686907289,0.059387950227428266,0.05414394466098749,0.04933498639591433
2019-05-16,563.0,661254520.636224,0.0,0.0,13.47972887,64.05591658189483,0.08410690643412573,661.254520636224,-24.900304626519993,4.940784284587243,1000000.0,1000000.0,596363.556834330103299245,2585.0,3776.0,74185.46838353653,49055476.33412919948446274526272,20.24012002,13383.87086144474051960448,0.76425,505.363767396234192,76426.693202887779745179,50537496.377687317865578136739676764096,0.05962321598851046,0.055793329212944845,0.05015944960702619
2019-05-17,343.0,624968548.449828,0.0,0.0,54.47680283,59.83870015034229,0.08529757255258058,624.968548449828,-27.88951189978317,-0.47709659864192555,1000000.0,1000000.0,609726.970534330103299245,1073.0,1393.0,18356.437015281466,11472195.796151150967041399287848,13.6769658,8547.6734632239405718824,0.73663,460.37058184459679964,19052.013353786576258067,11906909.130762735928802514301729762476,0.05974737074312342,0.056788830507024636,0.05064801045637345
2019-05-18,252.0,620582025.519976,0.0,0.0,171.96239316,59.252318261477114,0.08526835476329629,620.582025519976,-31.648328076324216,-1.3426076776706934,1000000.0,1000000.0,606396.747834343180180034,659.0,928.0,5815.22495491958,3608824.08137830407970876353008,8.08251673,5015.86460360249296919848,0.5,310.291012759988,7500.575528211913464122,4654722.353863313147547113522470301072,0.05286208244097165,0.056801405544454286,0.05062378003310908
2019-05-19,293.0,676164886.631597,0.0,0.0,559.33685053,64.58405922304239,0.08226107606478042,676.164886631597,-26.38558547565551,9.383569553497479,1000000.0,1000000.0,606384.056834343180180034,538.0,684.0,1787.8314275985254,1208868.8345585631470360502470638,3.15563146,2133.72718840200092324162,0.6887377125535443,465.7002573276727235411307192471,2158.451922031075904991,1459469.399159895086354647794390600627,0.052919128874846115,0.05882699754132024,0.05176424597106383
2019-05-20,300.0,660035112.722768,0.0,0.0,19.67531441,61.09626552571306,0.08269935924973192,660.035112722768,-29.8402082059757,7.662388678203762,1000000.0,1000000.0,562378.387868077906204041,869.0,1125.0,50825.10903403101,33546356.57042363190313164503568,73.24263782,48342.71270963657069188576,1.99913,1319.49599489746719184,82397.967544822394196101,54385551.796573828179767865706639527568,0.0525494949953052,0.05900280993700364,0.05182516521513861
2019-05-21,267.0,666887465.169445,0.0,0.0,398.76573874,61.78501239618057,0.08352999286728328,666.887465169445,-29.06650247987822,11.188938662491418,1000000.0,1000000.0,562337.863568077906204041,524.0,693.0,2507.738009667869,1672379.044576474316410257062705,3.99628833,2665.07459447993452607685,0.65,433.47685236013925,2769.427810169444866187,1846896.692293668002562874231306056215,0.05166671740502425,0.058837095673789405,0.05157957509408172
2019-05-22,294.0,642306212.356875,0.0,0.0,191.79729177,59.40130700323719,0.08376557273903705,642.306212356875,-28.824213736646836,6.618778627948224,1000000.0,1000000.0,562280.518168077906204041,853.0,1178.0,5213.837957676463,3348880.510437673692233943733125,5.32509351,3420.34064285427686638125,1.735063278019253,1114.441922304049964842756914375,6272.960157042430837475,4029161.278735511530535072399823890625,0.05143343794355603,0.05931253578241878,0.05177883664682498
2019-05-23,282.0,652456075.294321,0.0,0.0,291.77222243,61.37510443603076,0.08261582106867553,652.456075294321,-11.715221262688482,8.637578550127026,1000000.0,1000000.0,562208.981478796911544228,736.0,1027.0,3427.3310587043434,2236182.9712965659847450760538314,3.76653308,2457.49739084303078263868,0.6160274996035718,401.9308846647203423195078557478,3868.229477191608499636,2523849.823026240072565654893921367156,0.051272071240653465,0.059354515501468655,0.05181947570264584
2019-05-24,310.0,670433495.921922,0.0,0.0,221.18901967,63.18971374178427,0.08393953563420557,670.433495921922,-13.73269577650251,18.52664070546635,1000000.0,1000000.0,562147.321178796911544228,884.0,1278.0,4521.020082760322,3031043.299218219802523951578884,4.4467471,2981.2482037336684799262,0.988874,662.974252846294695828,5682.942797367039446871,3810035.206763091043802807085083206062,0.050803986231751634,0.05830290816737362,0.05159577399772782
2019-05-25,262.0,713740775.607403,0.0,0.0,460.54388366,67.44739247892467,0.08853596123344742,713.740775607403,-4.951670478710084,42.50053051911962,1000000.0,1000000.0,562104.462816533474944518,587.0,859.0,2171.3457402977683,1549777.9927919597939065178587249,3.15406513,2251.18489220246437215739,0.5304465270501709,378.6013156350422539183024551727,2709.341950596920910796,1933767.825204720472303664458880222788,0.05098145342309304,0.053975666613279086,0.05217755741533655
2019-05-26,266.0,758711281.282147,0.0,0.0,359.61887569,71.73256435719588,0.08689333021624779,758.711281282147,-4.5706711818935775,57.33451446656213,1000000.0,1000000.0,562073.790516533474944518,703.0,883.0,2780.721668442049,2109764.899952696547640687799203,3.6140335,2742.0079873816022099245,0.5,379.3556406410735,3191.191584380977620993,2421193.055802496254814271214863311971,0.051148206152697426,0.05385728852008929,0.052613818424785595
2019-05-27,356.0,768812477.134981,0.0,0.0,231.19986452,72.56477832848122,0.08719871565070314,768.812477134981,0.7285975287595605,49.595618216541375,1000000.0,1000000.0,564017.832536840732118542,688.0,964.0,4325.262050145494,3325315.431030283649319326925614,4.94570116,3802.31675998894900827796,0.5,384.4062385674905,4767.65591410063355062,3665433.35344695027026268470303623822,0.04974742802969931,0.05307071856348564,0.052449392051611955
2019-05-28,275.0,762382480.238396,0.0,0.0,100.75986226,71.59785506500194,0.08743794888383685,762.382480238396,5.850067135918009,44.92100745613092,1000000.0,1000000.0,555740.034536840732118542,592.0,772.0,9924.586810405757,7566331.107858412625190850845772,15.68934694,11961.28323343788875310824,0.5,381.191240119198,12112.17583961218876645,9234110.6576871169814544791491666142,0.04966768707093213,0.05318243650247947,0.052202887482487866
2019-05-29,305.0,767244242.123746,0.0,0.0,424.42117692,72.07589368549844,0.08864251180967637,767.244242123746,3.6872478992738773,49.77200257252852,1000000.0,1000000.0,555569.097236840732118542,604.0,801.0,2356.1501036455415,1807742.600601309075572764178459,3.62905454,2784.37120016803966310684,0.5,383.622121061873,2906.872683231382530399,2230281.328796082067207173375164754654,0.049541085192537665,0.052688665172130805,0.05220326733232352
2019-05-30,386.0,719678727.08203,0.0,0.0,112.64226389,67.2607544807115,0.08700575658385169,719.67872708203,-2.3782556027842787,38.2088379408266,1000000.0,1000000.0,557642.822406840732118542,1035.0,1439.0,8877.662482181666,6389064.83464039622303254406198,6.54487374,4710.2064021158049728922,0.5,359.839363541015,9418.073307602285181251,6777987.00958045657495629940089501953,0.04946137135814904,0.05454643693504827,0.05287351926312049
2019-05-31,288.0,721262621.396333,0.0,0.0,149.29770612,67.1197950867904,0.0842968550551717,721.262621396333,-4.940290223619644,41.36892531449335,1000000.0,1000000.0,557643.872146846026801825,632.0,873.0,6698.0265537034875,4831036.1903064236091997018113375,8.52703152,6150.22910684435790341616,0.434,313.027977686008522,7444.098520830459973201,5369150.013066742555962841712379671933,0.04943745079863009,0.054255995387404464,0.05287034217499022
2019-06-01,205.0,718241193.855997,0.0,0.0,440.3166316,66.83600456025081,0.08395761192285216,718.241193855997,-5.217512714244892,37.314410738411034,1000000.0,1000000.0,557637.695746846026801825,552.0,724.0,2271.0929549916095,1631192.5153511176684640862571715,4.06944359,2922.84202241123437470923,0.460928,331.057477001656985216,2946.277158992953300718,2116137.624105753866567475123128705846,0.04934353547877413,0.0542689978282577,0.05096569718174823
2019-06-02,214.0,735154778.086594,0.0,0.0,139.79175582,68.16658508946114,0.08407193938916284,735.154778086594,-7.790930310746434,41.53230558850317,1000000.0,1000000.0,557645.608846846026801825,1235.0,1442.0,7153.497673469701,5258927.994682584505917813288394,5.7065606,4195.2052915307007085964,0.490232,360.396397170947149808,8228.860381719553825082,6049486.027828603786431831585725150708,0.0489688716071796,0.054212717464979104,0.0503747342425114
2019-06-03,266.0,670716490.440119,0.0,0.0,104.02952387,62.02881504541102,0.08206087872589125,670.716490440119,-17.792738376113444,28.2492011381266,1000000.0,1000000.0,556939.489646846026801825,2073.0,2377.0,9612.655742763112,6447366.723595129814966038090328,5.2357588,3511.7097671269689272972,1.5,1006.0747356601785,12445.398678827075280611,8347334.123990989670303868520817232709,0.04936511088589685,0.05740321053595647,0.05171075605618602
2019-06-04,324.0,657533861.298414,0.0,0.0,191.58229694,60.647904489196286,0.08595282037735068,657.533861298414,-18.519205610884406,31.365496795118485,1000000.0,1000000.0,556422.447646846026801825,1079.0,1663.0,5219.688958607351,3432122.235729788946906065041314,3.91882418,2576.75959482499097885052,0.382784,251.693441563252104576,6517.004613155009146547,4285151.207387389970249402627424676458,0.047924939012670614,0.05681541675111525,0.05076090532194743
2019-06-05,211.0,696694117.768432,0.0,0.0,85.93420056,63.89419872419513,0.08933642947997272,696.694117768432,-15.236607557540328,32.767821140593824,1000000.0,1000000.0,549830.616146846026801825,780.0,1152.0,11636.810413853178,8107297.364917941914291851276896,10.32838903,7195.72788322500114910096,0.46086112935478585,321.0792379295957468422012502872,11898.304167456025402143,8289478.524886233421882155804550549776,0.048068149198134714,0.05709359464041463,0.051279238709767326
2019-06-06,240.0,726766488.197722,0.0,0.0,218.85835359,66.47609534307686,0.09345419558622851,726.766488197722,-9.047874287130888,35.68939426340647,1000000.0,1000000.0,549828.114346846026801825,747.0,998.0,4569.165323528776,3320716.236175816806557444648272,5.18280513,3766.68908334323803591386,1.0,726.766488197722,5172.43952446363306412,3759155.70860952977338716966726393464,0.04815205702286708,0.05737639431766962,0.05158388945746078
2019-06-07,265.0,759004852.945988,0.0,0.0,250.08841014,69.32015866694523,0.09459241946231423,759.004852945988,-6.401474796181418,44.72279418020622,1000000.0,1000000.0,549843.121246846026801825,890.0,1280.0,3998.585937764754,3034946.131685032634680612106952,4.17712184,3170.45574790667481517792,1.0,759.004852945988,5346.715951408069659399,4058183.354442450232878445404903541212,0.04823925212843654,0.05737366748650914,0.051071660482940484
2019-06-08,203.0,775757553.590688,0.0,0.0,457.12207578,70.75246819016397,0.09770486031560481,775.757553590688,-4.4602290532634,51.821237718285786,1000000.0,1000000.0,549843.111246846026801825,706.0,831.0,2187.599446608681,1697046.794937493263035981562528,3.66510009,2843.22907948341041196192,1.24,961.93936645245312,3045.698173170409456979,2362723.363794304454867770633711011552,0.04810478383997922,0.056933685367216914,0.0511395708609385
2019-06-09,380.0,729816877.625381,0.0,0.0,346.36505951,66.45893746881832,0.09560002513150198,729.816877625381,-8.391662619211965,41.32600241690983,1000000.0,1000000.0,549850.674246846026801783,758.0,1031.0,2887.127244946211,2107074.191213812268574753381391,3.14265176,2293.56029494710822032056,0.4752799864421153,346.8673557030180027210746084293,3240.073964016576657595,2364660.663693869048167731957518418695,0.04833027670667252,0.05855718755056644,0.05175045651351319
2019-06-10,262.0,719365932.01087,0.0,0.0,117.49881987,65.23887702609952,0.08999608466455102,719.36593201087,5.828374382452028,20.900362405515146,1000000.0,1000000.0,549850.589646846026801783,1018.0,1262.0,8510.723776426781,6122324.74151632251127465110947,8.06916926,5804.6854652733621898562,1.1244029823736217,808.857199371002206854325667879,10183.291603040950939105,7325513.05496002008620059870756807135,0.048347775911501925,0.053292268364484634,0.04864789627125828
2019-06-11,251.0,710717824.407066,0.0,0.0,492.09459267,64.54717414820058,0.08970896727060197,710.717824407066,4.499094332743364,29.41294812143403,1000000.0,1000000.0,549873.253746846026801783,559.0,774.0,2032.1296248462104,1444270.7458838458680018170826864,3.27780765,2329.5963218328376488549,0.732706625,520.74765844864395501225,2537.023119671079784917,1803107.552083057273698626024335023522,0.04832075400152784,0.05087885937979937,0.04866288597429528
2019-06-12,259.0,733051776.384487,0.0,0.0,444.78559202,66.68285135136507,0.08998081753403574,733.051776384487,14.735749291530981,26.12237390030654,1000000.0,1000000.0,549764.727146846026801783,515.0,697.0,2248.2742650556042,1648101.4437985376249114932920454,4.34080924,3182.03792432819496225988,0.709,519.733709456601283,3025.544038348755861532,2217880.431841049942359040775764854084,0.04830546759934157,0.05025264757681021,0.048563686278252194
2019-06-13,248.0,713832944.793297,0.0,0.0,366.29551529,64.85954598676223,0.08670621288461838,713.832944793297,18.199073666858595,15.421311081128453,1000000.0,1000000.0,549764.727146846026801783,645.0,916.0,2730.036154538794,1948789.747586595774516697663818,3.49296969,2493.39683988642973616793,0.718,512.532054361587246,3199.560238362950724959,2283951.506994168394937030970553799823,0.04835216287358387,0.04954767256234516,0.04847378557093342
2019-06-14,230.0,738371982.626413,0.0,0.0,421.20223366,67.04235275449876,0.08488981074732552,738.371982626413,17.50410234733605,4.134818106803161,1000000.0,1000000.0,549754.727146846026801783,444.0,561.0,2374.1564504709954,1753010.6053995561716197704415002,5.21594717,3851.30925318752805460121,1.4036034592075335,1036.3814689963581134189656823355,2926.146362671492290058,2160584.491260816698587981854848101954,0.04840045311571721,0.04326350002295424,0.048607033855677335
2019-06-15,239.0,731110153.468365,0.0,0.0,310.02045043,66.25453733287566,0.08260585810617986,731.110153468365,29.044862344504775,10.564106656681842,1000000.0,1000000.0,549753.497246846026801783,491.0,645.0,3225.5936620421667,2358264.2772822339640108845064455,5.30834309,3880.98353119263488134785,0.72235,528.11741935787345775,3423.881291799470275502,2503234.37670497451967487826739149423,0.04784472640995503,0.041199844598596304,0.04863296875426572
2019-06-16,263.0,742751056.372688,0.0,0.0,260.59290401,67.2148156184383,0.08234931602426172,742.751056372688,32.20335413805394,18.84614965265177,1000000.0,1000000.0,549753.497246846026801783,782.0,1032.0,3837.403032186985,2850235.15588463915946586306568,4.4841428,3330.6018016259830118464,1.5493079305435156,1150.7501020577793398708753419328,4627.63537319042499981,3437181.06194480642966127041168918928,0.04705746731807515,0.03966767131442518,0.04865672356529915
2019-06-17,276.0,744134701.057982,0.0,0.0,360.87856981,67.32022759220047,0.07966692896522606,744.134701057982,39.29506301983346,19.909161151498576,1000000.0,1000000.0,549776.975190702865926587,605.0,788.0,2771.0151936149528,2062008.5627277890139132949932496,4.06436207,3024.43285395085091154274,1.0001226380560413,744.2259602911526248189166866566,3202.717309833773699498,2383253.087926379506636389946742293036,0.04703899046146343,0.03960185955119897,0.04865666295907221
2019-06-18,266.0,708523349.153601,0.0,0.0,337.58024531,64.22182421225973,0.07831468479183529,708.523349153601,35.310865121461724,4.785587533715603,1000000.0,1000000.0,549756.350490702865926587,606.0,807.0,2962.2586448660973,2098829.4161197348056659351113773,4.62279933,3275.36126375662276988733,1.000072636780714,708.574814008744218973340451114,3730.599056814564831906,2643216.538083520492405435145939593506,0.04716096178494245,0.03785347729722629,0.0490489684775395
2019-06-19,250.0,718956357.934823,0.0,0.0,1025.80400487,67.41385140147837,0.07743156131519542,718.956357934823,28.467697376598316,8.926986470309728,1000000.0,1000000.0,549746.742990702865926587,400.0,501.0,974.8450924891446,700871.0772466310775582018224058,2.5644825,1843.7509981875897240975,0.50116976,360.31918535666933855248,1284.805733611920663597,923719.250891404882385018146634738331,0.04712898915423111,0.03760665485262296,0.049054525656760134
2019-06-20,238.0,716304506.961703,0.0,0.0,665.40863564,68.52038335145573,0.07503147925189951,716.304506961703,26.284145874604725,7.410102059678388,1000000.0,1000000.0,549747.742990702865926587,404.0,527.0,1502.8359213284562,1076488.1436715164961329775129086,3.77406945,2703.38295662147561227335,0.928884390392554,665.364075284560443942014359462,1988.934600572771342894,1424682.818442350665997279199139188482,0.047131635231144886,0.03759765315086835,0.048956251467669555
2019-06-21,354.0,742091399.253027,0.0,0.0,271.21586986,71.47985845036841,0.07359472469819599,742.091399253027,31.05115245535571,15.535454114634947,1000000.0,1000000.0,549437.708290702865926587,870.0,1201.0,3687.0998755840105,2736165.1058578001141950849247835,3.94760458,2929.48340646985796406366,0.5,371.0456996265135,4741.073098514280125319,3518309.569637346462573644788550090613,0.04698066395739057,0.03728247368850061,0.04913460384407743
2019-06-22,461.0,755824702.993769,0.0,0.0,136.74098019,72.44696920373757,0.0707350322595227,755.824702993769,48.948291646825304,15.843001791778677,1000000.0,1000000.0,550880.879690702865926587,1151.0,1613.0,7313.096619437214,5527419.080350868393661728719566,5.46145537,4127.90288294397478158953,0.7622926452410383,576.1596121836422910366279903527,8809.327507868567054604,6658307.347209598937380124041294762476,0.04669979121622509,0.03731233567673015,0.04916396498719564
2019-06-23,293.0,735467876.080578,0.0,0.0,283.72662632,71.02440519779415,0.06813403144360015,735.467876080578,37.830153023133626,9.700347693580898,1000000.0,1000000.0,550884.092590702865926587,745.0,979.0,3524.5194044126965,2592170.800568189646856400258577,4.01852999,2955.49971671140634953422,0.839661773425419,617.544261127244422719117412182,3934.140858490095981177,2893434.221395532660407799124023280306,0.04644192646507394,0.03751596036167377,0.04862401982867775
2019-06-24,292.0,721368843.23518,0.0,0.0,425.24923866,69.66632934119154,0.06555391489544866,721.36884323518,39.60648571968895,1.0687448284407475,1000000.0,1000000.0,550869.388790702865926587,634.0,866.0,2351.562117209234,1696343.64428689589822152965212,3.17599051,2291.0606003246093781418,0.47802768487112185,344.834278069872323974509986683,2750.407785665806106921,1984058.48277077543904482034262868078,0.04646061861996991,0.03598582647681731,0.04584595927983404
2019-06-25,278.0,751993502.504706,0.0,0.0,108.35210633,72.1762192620004,0.06412899397073842,751.993502504706,43.262636450870886,-0.8854196508174402,1000000.0,1000000.0,550880.975690702865926587,795.0,1079.0,9229.169915661183,6940275.810089115081086559027198,34.56957201,25996.09353588854943087906,1.39854175,1051.6943089815609124755,37300.568195719704620149,28049784.922914902659500335511814921194,0.04627501503352107,0.035012710776342805,0.04570119045718454
2019-06-26,440.0,739289022.241997,0.0,0.0,74.41722362,72.16957274014972,0.05747201630625384,739.289022241997,49.93958458341799,-3.8401373249045903,1000000.0,1000000.0,550807.921190702865926587,1491.0,1979.0,13437.74937221029,9934380.59451435430726315354913,7.63283789,5642.87326062976745086633,1.8899874605789402,1397.2469817810395497522061915794,15105.386181751886614427,11167246.180895124641660039225425490719,0.045694976059008977,0.03504564985304794,0.04520222107551666
2019-06-27,499.0,653218544.04406,0.0,0.0,82.29667815,70.02258875081792,0.058796618385224236,653.21854404406,36.1494524133046,-14.31878866893697,1000000.0,1000000.0,550809.049390702865926587,1878.0,2473.0,12151.15873999533,7937362.2205880040834837142398,6.01871817,3931.5383200189292025702,1.9481095601879048,1272.541290544257247088490285488,14884.290029350579279399,9722694.26210190448113877049810631994,0.046654093849043024,0.04157380001432396,0.04814337550241654
2019-06-28,302.0,712529847.771574,0.0,0.0,110.11958493,77.09356325922971,0.05765640537697237,712.529847771574,44.404497445348625,-7.131287711032078,1000000.0,1000000.0,551050.650090702865926587,878.0,1070.0,9081.03677111594,6470509.74813130661309819028956,10.39408123,7406.09311653727464095602,2.25,1603.1921574860415,11121.666914247114861071,7924519.633374647899843649287952995754,0.047072409562313566,0.044817481805912794,0.04915614528802151
2019-06-29,338.0,702010150.422686,0.0,0.0,164.96079022,75.7291095060822,0.05877339993220328,702.010150422686,39.87761973128996,-2.45506446063538,1000000.0,1000000.0,551042.406690702865926587,872.0,1109.0,6062.04661511532,4255618.25614644029605463414952,6.09690543,4280.08949802719106858498,1.9799,1389.9098968218760114,6761.468116786154266747,4746619.249743243587134073884444222442,0.046927434400675344,0.04336558556519715,0.049204588609826926
2019-06-30,286.0,625709548.784658,0.0,0.0,109.16876174,67.46535045881791,0.057708352647989104,625.709548784658,19.209122030389608,-13.248027802506726,1000000.0,1000000.0,551039.087190702865926587,771.0,1069.0,9160.129546669663,5731580.525455688670873048430254,9.26137299,5794.92951469931892758742,0.88,550.62440293049904,9900.407724363510707103,6194779.649995634996418202103858025774,0.047715919582851325,0.048108474548439,0.051496302821820106
2019-07-01,420.0,615755957.957731,0.0,0.0,159.70867794,66.97103053835806,0.058257528208426605,615.755957957731,19.42468045904297,-14.268916455217093,1000000.0,1000000.0,551024.030390702865926587,1060.0,1536.0,6261.4005256715855,3855494.6788419475841117967525005,4.46928295,2751.98760426140397898645,0.97636,601.19948711161023916,6864.818610359813279509,4227052.959628166532783887117110434079,0.04708597265378464,0.04815242495830662,0.051477802038117144
2019-07-02,345.0,630470236.644711,0.0,0.0,216.333515,69.08680203114083,0.05856078000947077,630.470236644711,11.253739338281163,-14.239796103121044,1000000.0,1000000.0,551025.030390702865926587,944.0,1276.0,4622.49226623001,2914343.79297838084643577597711,4.07028366,2566.19270233130040872226,1.05905,667.69950411858118455,5193.681955860427282088,3274461.891768689059043591866230236568,0.04705188336749756,0.048159373145638645,0.05153160501198592
2019-07-03,295.0,666756929.666377,0.0,0.0,225.44226996,72.94871990934443,0.05578610617087016,666.756929666377,22.09498902378035,-0.5903479085691942,1000000.0,1000000.0,551007.204390702865926587,892.0,1063.0,4435.7253861884465,2957550.6393382129792928969133305,4.86225129,3241.93974138678083787633,2.0,1333.513859332754,5168.573126584132571431,3446181.948637382747829961205951475487,0.04722624767190074,0.04652107543995169,0.05197819861931804
2019-07-04,255.0,669850606.144402,0.0,0.0,173.5352038,73.22607432982225,0.05993110710692659,669.850606144402,20.886689269921913,1.873172709564574,1000000.0,1000000.0,553243.523290702865926587,688.0,906.0,5762.51952400494,3860027.19607365995029900134588,6.88988605,4615.1943468583596253921,0.8885944780895043,595.2255497648229974196863999286,6242.236763753927022962,4181366.079897438324370466184941758724,0.04721571058774329,0.04637894416329785,0.051596276430961284
2019-07-05,195.0,664990451.703917,0.0,0.0,386.14109494,74.33608124534602,0.06046247691408513,664.990451703917,23.470820365263855,-4.5505861548055595,1000000.0,1000000.0,553243.523290702865926587,524.0,660.0,2589.7269498180267,1722143.6941492967684980976005839,4.81263325,3200.35515880279010944025,2.0,1329.980903407834,3176.337943109637560135,2112234.403552768499460620013302548795,0.04715283186567197,0.0451146993342738,0.05131664498044683
2019-07-06,201.0,675270807.253217,0.0,0.0,186.29806053,75.59064413021188,0.060247788661706325,675.270807253217,21.096542760184057,-7.0855882571315325,1000000.0,1000000.0,553223.523290702865926587,746.0,1083.0,5367.742407927039,3624679.748928218451958534034463,6.39768928,4320.17280466085264641376,2.0,1350.541614506434,6928.697491009862703149,4678747.147967569225095671075346280333,0.047044718721780954,0.044476481328486986,0.05129280021720895
2019-07-07,241.0,693463295.493708,0.0,0.0,337.41238834,81.82276570971663,0.06053178959672727,693.463295493708,21.14578299637214,-8.635196098929827,1000000.0,1000000.0,553220.579390702865926587,421.0,549.0,2963.7323185476102,2055239.5805812337391931125366216,5.8997193,4091.2387882658321161644,0.7176892113557354,497.6911256470285927921604128632,3238.945894710263707968,2246090.094071596041032021909293465344,0.0470661389140865,0.043981836102084726,0.0512693286961694
2019-07-08,276.0,724357996.667428,0.0,0.0,318.15750773,90.71643379951512,0.05879709175920522,724.357996667428,24.18241817688819,-6.625724323965766,1000000.0,1000000.0,553206.322390702865926587,595.0,864.0,3143.09728891689,2276727.65553066258829966205892,4.58736989,3322.89806349287955094292,0.9,651.9221970006852,3963.487585231819400537,2870983.927054742488443005402713608836,0.04716746750667188,0.0445808427606488,0.05135057469226843
2019-07-09,351.0,742075408.534058,0.0,0.0,165.76093994,93.0700619106613,0.058992690991000754,742.075408534058,26.165589153661568,1.6796721594823663,1000000.0,1000000.0,553207.664190702865926587,1197.0,1960.0,6032.78432405901,4476780.89187395079236438676258,4.20480949,3120.28572009963406661042,2.0339236492202497,1509.3247229221988742446457142826,8241.42660688790801577,6115760.01620979976189033556324609466,0.046260226347682815,0.043406973013598874,0.05140184763572001
2019-07-10,293.0,688375789.350757,0.0,0.0,241.75231721,90.74737814518974,0.05685868766751918,688.375789350757,22.31967847595853,-4.30798030336036,1000000.0,1000000.0,553225.325970186815758678,866.0,1211.0,4136.465004954728,2847442.362907493852023297529096,4.87913857,3358.68086447547373739749,0.83067,571.81311693999331719,5908.636810422069587417,4067362.528361231296964295709286624669,0.04660724689622793,0.04549337899547618,0.04928178703852727
2019-07-11,350.0,672604368.947819,0.0,0.0,252.73291245,88.98177885788171,0.05955055710838317,672.604368947819,20.977067727278094,-5.362670549460907,1000000.0,1000000.0,553225.085770186815758678,997.0,1433.0,3956.7462357740337,2661324.8049994521880443104475003,3.27377785,2201.95728487459764800915,0.4759,320.0924191822670621,4691.323656813919049384,3155404.787721300612891798048780093496,0.04662349312330683,0.04562745227756138,0.04820111846717913
2019-07-12,252.0,672093975.598565,0.0,0.0,547.29538209,88.93231101511854,0.05689287720898845,672.093975598565,22.026787807427805,-8.315620089835175,1000000.0,1000000.0,553195.889670186815758678,493.0,706.0,1827.1668878023825,1228027.8577051604170928705811125,3.06819656,2062.1164239282410739364,0.5,336.0469877992825,2166.146772506852797511,1455854.196064131054304602440967171715,0.04650912607270751,0.04520731098868744,0.047691952438261014
2019-07-13,208.0,656404283.045898,0.0,0.0,416.42571708,86.91153094640524,0.05784909701928684,656.404283045898,16.707179364293715,-8.045112258587128,1000000.0,1000000.0,553734.648270186815758678,446.0,624.0,2401.388672680004,1576281.810005058651355798823592,5.21477607,3423.00134747325560206086,0.2241277210284227,147.1183960323728391541866450846,3254.020269895348073586,2135952.842277475459625306254719450228,0.04627410940046235,0.045157284683608884,0.04715488965993905
2019-07-14,400.0,596772911.525961,0.0,0.0,216.3910338,78.92274830995797,0.058034475653368445,596.772911525961,7.37503404248436,-19.177199898184043,1000000.0,1000000.0,553731.648270186815758678,1161.0,1800.0,4621.263563682904,2757844.911827884906231767870744,3.29679078,1967.43543247254395543958,0.14980939360415532,89.40218799509045048197165626252,5934.223410862200904141,3541383.782545754732831550574193904501,0.046820156464622883,0.04762932321311768,0.045312217490331125
2019-07-15,448.0,590686706.248765,0.0,0.0,228.23530815,78.64329308919137,0.05406060300211812,590.686706248765,2.790899863604274,-19.206879640972748,1000000.0,1000000.0,553754.257170186815758678,1238.0,1894.0,4381.443029603295,2588060.151772980485555533680675,2.85442285,1686.06963150771260028025,0.4479453777813181,264.5953797810055087309481971465,5406.276869166215301122,3193415.87691667714806468583351561433,0.0467096323813152,0.047630111385315005,0.04446589879185798
2019-07-16,408.0,483257521.277106,0.0,0.0,118.96116636,64.29454161251118,0.051024214313539505,483.257521277106,-19.344113871917205,-34.93681131371918,1000000.0,1000000.0,553754.057370186815758678,1384.0,2106.0,8406.104534685226,4062313.241028222835273230235956,4.41437438,2133.27962086796160694428,0.78817,380.88908054497663602,9296.672435267427135999,4492686.877192533521638222262427138894,0.049078251604263975,0.0590715425896004,0.050902979585400375
2019-07-17,378.0,519483693.5276,0.0,0.0,130.91577437,68.93472165371871,0.053694057329841664,519.4836935276,-20.052780746597914,-30.18956207941679,1000000.0,1000000.0,553775.717870186815758678,1337.0,1948.0,7638.498911083455,3968075.627336183860086945858,4.63778086,2409.251530924409161736,2.0,1038.9673870552,9034.397124128477247599,4693221.9868373886897393884989402324,0.0493614678528836,0.06110148799744149,0.05185154919787691
2019-07-18,253.0,568989927.15861,0.0,0.0,83.9746743,75.31164410147339,0.05327675569842184,568.98992715861,-10.889021866911781,-19.693553100497954,1000000.0,1000000.0,560299.945470186815758678,802.0,1144.0,11908.352230463646,6775732.46819058086096768089206,11.04592688,6285.0211308505322224368,1.0,568.98992715861,12636.540356325349179586,7190064.17688239608385891166359613546,0.04981898718581878,0.06347723406771322,0.05200797845932722
2019-07-19,179.0,569672755.36253,0.0,0.0,292.9606754,75.31101665034299,0.054088662173985336,569.67275536253,0.6450828114005167,-20.763931068236875,1000000.0,1000000.0,560230.305870186815758678,534.0,719.0,3413.4274118009344,1944536.598910627650822464748032,6.74937084,3844.9326833863136106252,2.9979,1707.821953301328687,4852.797637427213858682,2764506.60132993675834604344909798546,0.04967778629787416,0.06336456798263598,0.051935186251605786
2019-07-20,217.0,571350146.585348,0.0,0.0,376.5373987,75.63384043230512,0.05259768315844829,571.350146585348,-2.838265633461267,-20.236416072711506,1000000.0,1000000.0,560207.305870186815758678,463.0,593.0,2655.7786914169874,1517379.5446393394433337111406152,5.28599865,3020.1561035274516377802,0.92,525.64213485852016,3134.597200375634951986,1790952.569920640486705381257831101128,0.049621260746404335,0.06339081366620372,0.05191312061590003
2019-07-21,316.0,566593341.57084,0.0,0.0,512.76602044,79.30250034719789,0.05350415916294931,566.59334157084,-8.414223224390286,-23.64911624886631,1000000.0,1000000.0,560207.305870186815758678,508.0,664.0,1950.2072293126448,1104974.430811860845559106957632,3.42755814,1942.0316199709330286376,0.6268460702505311,355.166809593797933715218273124,2275.898605043218408737,1289508.99570785052730187121676042908,0.04954554894382838,0.06287087662015188,0.05171615036067096
2019-07-22,197.0,571849106.601448,0.0,0.0,510.22781,80.20314552679297,0.05541946311577589,571.849106601448,-8.709163872200392,-24.341040411037966,1000000.0,1000000.0,560197.315870186815758678,473.0,669.0,1959.908849329113,1120772.124509125226434274355624,3.61542813,2067.47934612224379793224,0.79865503,456.71016538825265048344,2418.721418343092039254,1383143.682197284343542732827749239792,0.049538603916661324,0.06275627350637653,0.05168530052130327
2019-07-23,233.0,571802154.005883,0.0,0.0,208.98950384,80.18840367662847,0.05795302513150207,571.802154005883,-5.175011354931989,-22.25327949697747,1000000.0,1000000.0,558175.953870186815691167,677.0,1054.0,4784.929298599376,2736032.879704982118919564129008,7.11960724,4071.00675550787960939292,0.9,514.6219386052947,7504.066031973691106712,4290841.120884935866614666682428786696,0.049531904526564315,0.06268371723947909,0.05154228791187976
2019-07-24,208.0,569685959.832329,0.0,0.0,456.81434375,80.38625285594644,0.05817403448275861,569.685959832329,-9.638902057483698,-21.02709104022108,1000000.0,1000000.0,558164.129570186815691167,508.0,725.0,2189.073118410979,1247084.220605108167317752740091,4.80725723,2738.62694923345317298867,1.0,569.685959832329,3485.261494227890194462,1985504.539605872804207986576724361998,0.04953276551611911,0.06265442148922877,0.050825465172977216
2019-07-25,177.0,586375235.826765,0.0,0.0,486.56956166,83.43739143636681,0.059246657510227896,586.375235826765,-8.787508706441681,-22.02389596802462,1000000.0,1000000.0,558090.584770186815691167,338.0,479.0,2055.2045972477104,1205121.080383377767855447288856,4.8721531,2856.9099229966041577215,0.43310139,253.95992969814972070335,2333.761336237777879135,1368459.853899813210910213649968048275,0.0495753257823512,0.06235093230475407,0.050295958819361074
2019-07-26,395.0,614129321.629203,0.0,0.0,39.06893225,85.68554886358736,0.062432474524367516,614.129321629203,-4.7611498370442265,-16.929738823015363,1000000.0,1000000.0,547568.137270186815691167,869.0,1260.0,25595.78525753577,15719122.23677719743470944909131,21.57070542,13247.20268664797238238026,0.375,230.298495610951125,27179.088831378453986955,16691475.386514297671008234391509046865,0.0494265786518128,0.06311071418928112,0.0506701674304405
2019-07-27,902.0,576795708.242153,0.0,0.0,656.22070262,80.48793362090683,0.06105808533021627,576.795708242153,-2.1448440118458327,-11.699428391725549,1000000.0,1000000.0,547568.137270186815691167,1235.0,2217.0,1523.8775552367024,878966.0337470743900265323962672,0.75157985,433.50803188128111541705,0.000000002315559634,0.000001335604859069970584052002,1666.252520023024662155,961087.302396952732790289521754819715,0.04924386047873077,0.060100302280065424,0.05123682162138912
2019-07-28,973.0,586820544.653399,0.0,0.0,549.96676076,83.58610698864238,0.06157749741002129,586.820544653399,-10.599408447226267,-17.642671884038112,1000000.0,1000000.0,547568.137270186815691167,1251.0,2324.0,1818.2917066193131,1067010.9296171036970616789602269,0.99599792,584.47204188805252493008,0.000000002754964157,0.000001616669567111332233219643,2314.699167901848877513,1358313.026416932418515868181790116687,0.04925434259560067,0.05776082353876573,0.05129561064324256
2019-07-29,753.0,590352042.617336,0.0,0.0,315.01432916,84.02129845774037,0.06211512747606241,590.352042617336,-12.215262016721077,-15.905483380563625,1000000.0,1000000.0,547567.137270186815691167,1143.0,1944.0,3174.458770359588,1874048.219286299529537402617568,1.8270873,1078.6247195951933654328,0.000000022299701268,0.000013164674193320197637982048,3551.857701567150221437,2096846.449206283359400743373455031832,0.04914195759167673,0.057781820147231384,0.050711375531098175
2019-07-30,719.0,574191258.605372,0.0,0.0,129.23878423,81.35763394292641,0.059879520221221914,574.191258605372,-12.136232105507402,-8.23357902709845,1000000.0,1000000.0,547552.152770186815691167,1039.0,1804.0,7737.615344974136,4442871.093534938803920770658592,5.60296581,3217.17399036676759833132,0.0000000277367408265,0.000015926194124779041004619958,10107.750329221975434316,5803781.883204829268176766122150745552,0.049106104874687515,0.054173685367755624,0.05080367994892936
2019-07-31,526.0,595424342.150512,0.0,0.0,486.94685691,85.22240845396853,0.05919317071811041,595.424342150512,-2.4815835853881167,-3.301895100561039,1000000.0,1000000.0,547557.180770186815691167,698.0,1200.0,2053.612187472887,1222770.685758317662376273168144,1.88368931,1121.59446822270186542672,0.000000014246741553,0.000008482856716983388690625136,2260.427168775339432425,1345913.3599472008414050229780031516,0.04914278603221738,0.0545763561811608,0.05106680927716008
2019-08-01,477.0,597864791.304034,0.0,0.0,577.25283568,86.42499558428715,0.05748530216247783,597.864791304034,2.2099158816233246,-5.171607388510414,1000000.0,1000000.0,547557.597470186815691167,716.0,1157.0,1732.3431574469962,1035706.9802940196962220342426708,1.91856349,1147.04156055238912211866,0.000000208372257754,0.000124578436395645590427979636,2219.777963250490258064,1327127.088740048012063868979744230176,0.04914268579342822,0.05438731456215333,0.050958646361947524
2019-08-02,510.0,596803729.473581,0.0,0.0,288.98702857,86.8251292066937,0.056678162130666856,596.803729473581,2.116612437875101,-10.491559529467242,1000000.0,1000000.0,547556.387470186815691167,742.0,1192.0,3460.3629268057657,2065157.5000497971636998966259717,3.40498745,2032.10920897073841155845,0.000000080710503646,0.000048168329583623856961176326,4058.745037926093693916,2422274.175616683676738530790422433196,0.04913288812688209,0.053284400346559534,0.04962284068553073
2019-08-03,564.0,579571842.574005,0.0,0.0,683.56773353,84.36657773071283,0.05361232524875867,579.571842574005,2.5791755299848815,-13.477447469971432,1000000.0,1000000.0,547556.279270186815691167,775.0,1309.0,1462.9128189533915,847863.0780059488964454844879575,1.52292923,882.64689994091065266615,0.000000008078637374,0.00000468215074833640115386287,1993.514356998532783937,1155384.789083372445372697912597757685,0.04909050697642985,0.05346139681328122,0.04969555980321771
2019-08-04,528.0,585270401.33232,0.0,0.0,716.42248474,115.75171146475382,0.05327173582700175,585.27040133232,8.734719915025824,-11.988149629416304,1000000.0,1000000.0,547556.279270186815691167,770.0,1337.0,1395.8244210645787,816934.719105919194253239493584,1.11435584,652.1994897038145727488,0.000000033393155334,0.00001954402542408268231459488,1489.893756351833935457,871990.71672255563760116796168807024,0.04908656924155978,0.053525118728507376,0.04909652307345163
2019-08-05,561.0,588550228.153041,0.0,0.0,277.0741249,120.20642434784371,0.049919341238744405,588.550228153041,4.832496504838628,-12.842340905114385,1000000.0,1000000.0,547119.928770186815691167,1048.0,1632.0,3609.1425006636327,2124161.6422024179543373186120407,2.48476468,1462.40881932061791139188,0.001490689070901831,0.877345392784517346767355118071,4055.135959671197957455,2386651.194256084425297314356346870655,0.0490871966495678,0.053431519846033525,0.0487518166597629
2019-08-06,820.0,547367995.197241,0.0,0.0,147.44311526,112.32448596539867,0.047915974864196596,547.367995197241,1.521504093677917,-21.06748853844601,1000000.0,1000000.0,550003.757570186815691167,1276.0,2140.0,6782.276664762003,3712401.180863807765928307233723,3.42233701,1873.27774805302012418941,0.000000020048015265,0.000010973641923286734253883865,7323.801200447326945498,4008814.380312000325844145750566971018,0.04938226657381576,0.054492165399614816,0.04915673820921724
2019-08-07,792.0,552126085.567143,0.0,0.0,439.12518107,113.28355119751045,0.04613633033313869,552.126085567143,7.618273570537946,-23.77718088192256,1000000.0,1000000.0,550053.757570186815691167,1143.0,1988.0,2277.2549676447557,1257331.8711240298495373841819651,1.34886381,744.74289537848251779483,0.000000033240648117,0.000018353028926554032840019731,2681.541256151753245763,1480548.877045867038106841818916765109,0.049128256777384555,0.05372211785155062,0.04906213966762179
2019-08-08,552.0,535455262.687152,0.0,0.0,470.42058338,109.80794667264767,0.044852131000975085,535.455262687152,5.7036132881449815,-27.84355113654506,1000000.0,1000000.0,550059.377170186815691167,914.0,1558.0,2125.7573230008484,1138247.9457965563022589597797568,1.65209657,884.62380287389280226864,0.000542570427667781,0.290522190873132078826393049712,2573.966454653074431712,1378243.884124179286185619470443764224,0.04908273398873917,0.05348522093587091,0.04863577911101609
2019-08-09,670.0,498789829.750297,0.0,0.0,179.22657809,102.58731549367332,0.04206236147265278,498.789829750297,-5.362843473075298,-27.541055704365842,1000000.0,1000000.0,550054.747570186815691167,1590.0,2324.0,5579.529613726912,2783012.626117586819768508892864,2.87879003,1435.91118895055239313891,0.3009963387755102,150.1339125732994520400047765294,6690.308027201093034509,3337057.601864678585180733709473999173,0.04931988667407178,0.053317151241559314,0.04935992832479086
2019-08-10,502.0,488483118.090492,0.0,0.0,444.45356135,101.19199254674764,0.04321432781998842,488.483118090492,1.8500323933796379,-27.37437628384053,1000000.0,1000000.0,549055.001670186815691167,895.0,1364.0,2249.9538466216336,1099064.4705574321706700496677312,1.92164617,938.69171298825166521564,0.00095,0.4640589621859674,2621.125370431140995136,1280375.493854299634622710924979846912,0.04922918965901009,0.053300313833560216,0.04939102329631833
2019-08-11,501.0,504167194.420921,0.0,0.0,606.53021668,105.29141395794475,0.04372581589713615,504.167194420921,6.456696966067332,-24.985610238224325,1000000.0,1000000.0,549050.666770186815691167,764.0,1216.0,1648.72247498974,831231.78459429430748471635054,1.60570967,809.54613937844290000607,0.0000002708303824415,0.0001365437940794761195586586215,1952.54295913167880632,984408.10569174151519228924091502072,0.049247711934983784,0.05383247310584083,0.04939954750700182
2019-08-12,458.0,474834047.525875,0.0,0.0,406.54508684,107.94852593331944,0.04170809982466411,474.834047525875,0.6062073638433987,-27.661342287025715,1000000.0,1000000.0,549050.920070186815691167,791.0,1298.0,2459.7517775176766,1167973.892427683960017308382025,2.31253584,1098.07075295584926486,0.009631356001553204,4.5732957533801354784533791535,3001.671516412992844082,1425295.83548151232423117867173562175,0.048941019062685484,0.054562573418533815,0.049818467766411856
2019-08-13,516.0,475189363.528518,0.0,0.0,580.34878796,118.24957636251517,0.04372752085075226,475.189363528518,10.002844228389224,-20.373503161621613,1000000.0,1000000.0,548991.005670186815691167,705.0,1150.0,1723.1017290840516,818799.6139383393329151755835288,9.58481978,4554.60441079374992048604,0.00000096445662621,0.00045829953035959169140125678,11022.542743919400481607,5237795.070948944284127517250078968426,0.04874979274142556,0.052203194551885206,0.04954398128433184
2019-08-14,527.0,446595248.552023,0.0,0.0,160.75094337,127.44072770347124,0.04455091155184905,446.595248552023,17.897285769377678,-24.393888701476634,1000000.0,1000000.0,548977.495870186815758678,1001.0,1567.0,6220.803306114359,2778181.198687388577417198798257,7.31957546,3268.88762185398808415558,0.07945748250605052,35.48533414910765134536648620196,11469.774753315486223978,5122346.906792647861087513108363007494,0.04887325692879784,0.05314265327194903,0.05004467267939941
2019-08-15,607.0,487649284.127869,0.0,0.0,165.89698259,143.0254156787837,0.04729827571684658,487.649284127869,22.703152663080132,0.9087831347470611,1000000.0,1000000.0,549027.836570186815758678,1430.0,2363.0,6027.837181605111,2939470.486449083862465187938459,3.0366827,1480.8361447784843801663,0.5060888485367949,246.7938646940655556134030270681,7175.681231501969359981,3499215.815671720786375598223695410489,0.04931553306762338,0.042321835948654865,0.05147764085544399
2019-08-16,452.0,516465383.52974,0.0,0.0,229.97619424,152.15292985282795,0.04978784890402998,516.46538352974,15.593205806312493,-0.5810211245253725,1000000.0,1000000.0,548721.999970186815758678,962.0,1369.0,4348.276147967049,2245734.10845302243978883153726,3.74397948,1933.6357980656765297352,0.15981429462924623,82.5385509692285216151529878802,5125.507913929449844945,2647147.4105522909114737967997961643,0.04903971346075662,0.0415291666626145,0.05213529454204601
2019-08-17,392.0,520749800.560954,0.0,0.0,733.36471788,153.66603062281666,0.05101811150179768,520.749800560954,19.29541281205311,-8.478203970772363,1000000.0,1000000.0,548734.999970186815758678,542.0,876.0,1363.578006438586,710082.974902196908806550571044,1.73643078,904.24598237290179176412,0.000007155747558827,0.003726354114123693700714240958,1521.113362368040032766,792119.480083758998528689475340218764,0.04887049578520767,0.03784599764313317,0.05185924751001765
2019-08-18,408.0,507164006.723676,0.0,0.0,585.27094127,167.6169428240779,0.049089999999999995,507.164006723676,16.92304179711664,-10.972746730546119,1000000.0,1000000.0,548887.953070186815758678,676.0,1083.0,1708.6103708300714,866545.6815998048752108511504664,2.52898798,1282.61167689281578541448,0.000034048408166848,0.017268127108461763901639893248,2738.893981139819925647,1389068.445466231360305094986394518372,0.04841934661121852,0.038077045236419596,0.05186508120319692
2019-08-19,321.0,522287919.182816,0.0,0.0,538.67612409,173.06201752190964,0.04798398567594488,522.287919182816,14.512006866225551,-8.587068314544156,1000000.0,1000000.0,548685.859170186815758678,489.0,727.0,1856.403050513032,969576.886417083545742998458112,3.27724425,1711.665079986348434808,0.02519930949612403,13.16129492157439515943698066848,2382.556567227876388957,1244380.511832800619371917560406562912,0.04836383600221089,0.03854347424517031,0.052063449526730546
2019-08-20,343.0,516212440.282052,0.0,0.0,700.75910833,172.7099190974242,0.047924392882649935,516.212440282052,20.663420715389098,-8.891897873192544,1000000.0,1000000.0,548533.892970186815758678,511.0,835.0,1427.0239060907265,736647.492903919734698361590778,2.412629,1245.429103585246834708,0.007439003745450239,3.840106276706192657184890810428,2014.545218887596042228,1039933.303500506546770543155222491856,0.04833230298232989,0.038564333180191215,0.05179475730889031
2019-08-21,498.0,489034194.878603,0.0,0.0,672.68156042,164.5399834558921,0.04843442783891227,489.034194878603,12.208744367385238,-14.481951753850192,1000000.0,1000000.0,548544.113270186815758678,739.0,1234.0,1486.5875011895491,726992.1217608254236495668079073,1.34755965,659.00274848864205116895,0.000022894867161697,0.011196372929273059040086469291,1662.888611957253093156,813209.393521312951997029815670141068,0.048351176248079074,0.03958505419595108,0.05206002643527347
2019-08-22,310.0,503937190.833785,0.0,0.0,205.3640661,169.92087233799217,0.049797569842197444,503.937190833785,34.87862791392937,-11.868609220279328,1000000.0,1000000.0,548263.173370186815758678,574.0,833.0,4869.401054345029,2453872.288369704762825580004765,6.45646256,3253.6516052099080355896,0.1,50.3937190833785,5378.233315601331667812,2710291.78871280850598384905292662842,0.04776437943832374,0.04009781374310942,0.05221165851715792
2019-08-23,267.0,509572668.620527,0.0,0.0,891.10802614,172.4529226653179,0.04893082524839294,509.572668620527,17.841176196283794,-10.552005043181097,1000000.0,1000000.0,548255.974870186815758678,429.0,596.0,1122.1983986957546,571841.6327450777975427533146742,2.24062826,1141.76292183476801229302,0.2175173913388079,110.8409175758918478377736497633,1335.414444991236793345,680490.702448584488711653488123992815,0.046971844371605884,0.04019551306129113,0.052230741937337885
2019-08-24,219.0,501371075.640555,0.0,0.0,767.30256732,170.6116036408548,0.0494103448593543,501.371075640555,25.94231903832207,-14.4965467490041,1000000.0,1000000.0,548241.444170186815758678,346.0,486.0,1303.2668501255694,653420.302494134712247289107017,2.89723965,1452.59215970896509400575,0.22576146270565647,113.19026739492002668802703014085,1408.058471375388504924,705959.79035827415738825065707159282,0.046942197985078545,0.039775727515338255,0.051874067013457606
2019-08-25,167.0,496202641.855636,0.0,0.0,1769.77653157,170.81946761859706,0.0491272390414963,496.202641855636,13.370853464574575,-19.202255228707088,1000000.0,1000000.0,548148.103670186815758678,235.0,365.0,565.0430899956541,280375.8740181154522939995915076,1.80594403,896.11419872941395605308,0.0968885865961483,48.0763726346673495684422468188,659.169572407004131819,327081.683259205393362539321312081884,0.04694637424308309,0.038574609181073576,0.05185879489414141
2019-08-26,220.0,523509202.143021,0.0,0.0,877.17028118,185.15585230451387,0.05051888579777934,523.509202143021,22.939012094323243,-9.238367300188202,1000000.0,1000000.0,548149.16650829097786142,324.0,474.0,1140.029503347301,596815.935716850034962036336321,2.86610287,1500.43122673352263857027,0.4054695958500275,212.2670646167010752711217830775,1358.532759553091337857,711204.401038795436718673136345645997,0.04706018565484247,0.03863647973535632,0.05009355453959102
2019-08-27,298.0,524176387.264863,0.0,0.0,272.26050262,185.30623457599359,0.051550448971933505,524.176387264863,17.700591499193187,-10.675181358133305,1000000.0,1000000.0,548170.34210829097786142,516.0,714.0,3672.952890319668,1925275.176641800168668254225484,5.5170545,2891.9096961533551060335,0.69571578885179,364.67778876345553166538165477,3939.176913768057041565,2064823.523456092910968799417855030595,0.04689255229071556,0.03845447812964343,0.04866813457678992
2019-08-28,316.0,489282923.487824,0.0,0.0,295.07907058,176.24591616581722,0.05031290356516663,489.282923487824,4.973782603888286,-17.120143885912597,1000000.0,1000000.0,548160.94640829097786142,775.0,1186.0,3388.9221558194376,1658141.7398719934508845661277824,3.20201744,1566.69245410219807565056,0.6177306540032238,302.2450603187428308456360470112,3797.59268844398217269,1858097.25281785677486115113228032656,0.04711780816551674,0.040190315914122234,0.04934649796056416
2019-08-29,430.0,471362614.448847,0.0,0.0,283.97673144,171.97351311366398,0.049709672875600366,471.362614448847,3.546155427016489,-17.90843079121075,1000000.0,1000000.0,548158.08340829097786142,883.0,1419.0,3521.4152755479113,1659863.5108423704347919915432711,2.91801983,1375.44545608238006663601,0.2627858377139093,123.8674195049587067072852475771,4140.670145784122223665,1951757.105487092303966992968035364255,0.04714885942611412,0.040403890138182276,0.04741763370607069
2019-08-30,209.0,476484397.529422,0.0,0.0,12.92088204,152.10880867972065,0.04974946501239494,476.484397529422,8.474892950087968,-19.97566041581555,1000000.0,1000000.0,623640.60230829097786142,304.0,460.0,77394.0971497588,36877079.7527363782146632034136,168.59321899,80332.03837799605821412378,0.15020299976979748,71.56938585242386361404528145656,77552.880736859142012283,36952737.654573445181129472530777890426,0.047048647171940135,0.03973307345367669,0.04743569876007232
2019-08-31,192.0,478042067.445175,0.0,0.0,1143.74235838,155.27224264265078,0.049769999999999946,478.042067445175,12.513357639578249,-20.04177626809357,1000000.0,1000000.0,623647.87380829097786142,315.0,462.0,874.3227814141889,417963.0700416546891005178435575,2.18626458,1045.1264398053571944015,0.2089999995376373,99.9107918750127539824667850275,1010.054234287109614517,482848.414390363045328043909281605475,0.04685231197914004,0.039725096931830364,0.04730548168347776
2019-09-01,152.0,476304085.040396,0.0,0.0,708.16978023,158.00063914752585,0.04878696919360131,476.304085040396,-1.519268071061272,-20.19083301296951,1000000.0,1000000.0,623646.87380829097786142,279.0,367.0,1412.090755518126,672584.595301062523504620217896,4.35322373,2073.45824569378987579708,1.1302441607017268,538.3399108352862845096849558128,1597.633107751944160756,760959.175618034157480727024577899376,0.04616977915018869,0.039717358393428034,0.046632975132696
2019-09-02,211.0,489279207.898787,0.0,0.0,643.85834091,163.91925193839342,0.04714881502045595,489.279207898787,-4.846289204744711,-15.57919623462188,1000000.0,1000000.0,623611.42500829097786142,364.0,502.0,1553.1366706941753,759917.4799958052791461928353611,3.38089583,1654.20203369071203035821,0.4736100714113402,231.7275605930284791168056243374,1697.209705179835523012,830409.420188523736379210441705386444,0.0461984152868423,0.03997843127027709,0.04680387503605277
2019-09-03,196.0,482846049.089477,0.0,0.0,1417.42477761,166.58001030853296,0.04547094681472842,482.846049089477,0.12142212880073816,-17.50034719160279,1000000.0,1000000.0,623594.27970829097786142,238.0,391.0,705.5048111174193,340650.2106616636380656990267061,2.21096825,1067.55728417477505610525,0.37178231986651655,179.51362426886769019530725134435,864.488586538951569378,417414.898493279195134262457095235306,0.04619015877748301,0.039892895839970965,0.04681459683418685
2019-09-04,192.0,469773114.643919,0.0,0.0,594.15374887,163.65711793070213,0.04441357731344105,469.773114643919,-2.1322448795912567,-20.181304471134506,1000000.0,1000000.0,623593.26130829097786142,340.0,466.0,1683.0660446071906,790659.1779265410393309459639614,4.02999759,1893.18451986178727815521,0.5001601827064082,234.9618068508609725572624617358,1877.978877098398837782,882223.986330004387001154874373747658,0.04614116882531698,0.04000600919001827,0.046820209027945404
2019-09-05,202.0,466526025.303908,0.0,0.0,904.02132566,164.12617632504734,0.044094317684449026,466.526025303908,12.67003568859095,-14.769217528730755,1000000.0,1000000.0,623593.40030829097786142,267.0,422.0,1106.1685953756246,516056.4381165970120136303209368,3.01938409,1408.62125837355723002372,0.19404833159165608,90.52859685431007452683901596064,1274.180084909052601954,594438.170534016318150047211004636232,0.0461410191519365,0.03807536672221567,0.046623807374086584
2019-09-06,412.0,422956399.629857,0.0,0.0,109.48665181,147.54887954573002,0.04094110461718297,422.956399629857,7.490565414259804,-23.3949616426116,1000000.0,1000000.0,623628.24540829097786142,1647.0,2076.0,9133.533480741564,3863086.436913207756647475276348,5.2400191,2216.2996125276836102687,2.0,845.912799259714,10878.279656076788013639,4601037.997500957315072671793867619623,0.04669294847353786,0.041549251848707364,0.04761430474923099
2019-09-07,291.0,441993842.52125,0.0,0.0,848.52242012,155.1439745548232,0.04211668485219593,441.99384252125,15.906521089212097,-17.454571217933527,1000000.0,1000000.0,623613.61090829097786142,519.0,769.0,1178.5192427251393,520898.248577318024462669460125,2.10578037,930.7419572421195578625,0.1635634,72.29401566184022225,1619.345102409922768959,715740.56418212885820663899379787875,0.0468180714902791,0.042427738577617745,0.047916635319244755
2019-09-08,236.0,457128023.460126,0.0,0.0,649.16778349,163.92006521247828,0.04392393146372536,457.128023460126,30.34152329165008,-8.35257733924279,1000000.0,1000000.0,623616.91420829097786142,470.0,656.0,1540.4338068373884,704175.4613907328875799933749384,2.873903,1313.741598006126491778,1.1257060142601463,514.5917652959170913272289764338,1885.280366866121614447,861814.487773691393374366422250040322,0.046892598045248604,0.0412219758433228,0.04741396952834145
2019-09-09,251.0,481205868.127477,0.0,0.0,290.51005076,172.40833297000378,0.04657222590104999,481.205868127477,42.60086801300441,-1.489764885112542,1000000.0,1000000.0,623793.57750829097786142,509.0,660.0,3442.2216972954716,1656417.2801343047590534836331532,5.90470258,2841.37753104345321079066,1.8386091698537124,884.7495217265954896098048956148,3897.10370422449558572,1875309.17117415475409198702874082844,0.04703522956034611,0.042232253816669396,0.04795105770124435
2019-09-10,157.0,485174313.049571,0.0,0.0,835.0317462,174.57173670332608,0.0481039684395089,485.174313049571,47.282431374339126,-3.767179138492924,1000000.0,1000000.0,623794.63160829097786142,336.0,416.0,1197.5592599319232,581024.9912736234754028469649472,5.19369541,2519.84760273546000516911,2.0,970.348626099142,2160.577290741681030897,1048256.602826098331509939619143595187,0.0470320329906205,0.04183316432938696,0.04798033081462138
2019-09-11,239.0,469576814.093746,0.0,0.0,436.07810646,169.55062825870192,0.04629954239461432,469.576814093746,42.11647674463641,-1.1071728026921908,1000000.0,1000000.0,623794.63160829097786142,529.0,900.0,2293.167176220699,1076818.136794067647374971648454,3.94128379,1850.73548554752465017734,1.146022016565998,538.145367420351541535368048508,3547.155414460914694727,1665661.938617937481359740168749877342,0.04692042669646469,0.04079809220007273,0.04805270109696629
2019-09-12,226.0,460660779.50602,0.0,0.0,821.84468121,167.130885311368,0.04428000000000011,460.66077950602,44.849904744467274,-3.0574303925104807,1000000.0,1000000.0,623742.50700829097786142,311.0,452.0,1216.7749245794719,560520.485240158220198314470838,2.99420684,1379.3136569166569051768,0.11745334170043376,54.1061479433087404867525312352,1353.381492845862620951,623449.77346339610490413278428262502,0.046898875264410174,0.04094107005373006,0.046629501937116596
2019-09-13,299.0,461951245.420807,0.0,0.0,1255.18549307,168.9545961883629,0.044653080650241685,461.951245420807,31.010399086031143,3.4384595265113367,1000000.0,1000000.0,623724.36060829097786142,375.0,596.0,796.6949949019959,368034.2451155004897096196886913,1.52308508,703.59104958784946325956,0.0000042678398299625,0.0019715339247077020536395297375,907.758710360534181676,419340.266792634383720969694008532532,0.04690018666581318,0.03928643958270084,0.04663177423101569
2019-09-14,306.0,476229101.597825,0.0,0.0,76.20770791,171.8036018847651,0.04595274435676044,476.229101597825,15.084759506226069,-2.341884403761267,1000000.0,1000000.0,635773.12320829097786142,424.0,674.0,13122.03223885738,6249093.6242487462678102931985,19.78284208,9421.165110810047646476,0.000047304281518929,0.022527675489490154251882729425,13333.63556246306318497,6349865.28494459460641394056052469025,0.04695582007521171,0.036184942356072045,0.03904191954199141
2019-09-15,341.0,466938599.313889,0.0,0.0,784.02047891,169.44801049028433,0.04530670601987157,466.938599313889,7.455722414097046,-9.589565108384294,1000000.0,1000000.0,635772.82150829097786142,506.0,814.0,1275.4768872799064,595569.3912037185799385361399896,1.74802706,816.22130695917540583634,0.0006215516920675995,0.2902264764952225628945072394555,1422.894027315033002781,664404.144086580025297211638028925309,0.04696323198036855,0.03461270328990198,0.03793593626995803
2019-09-16,297.0,471505207.929184,0.0,0.0,217.68918191,171.05889421220007,0.04596542744888091,471.505207929184,11.613875805087584,-9.456478442953506,1000000.0,1000000.0,635772.32150829097786142,765.0,1115.0,4593.705535732552,2165956.083791020511912379597568,4.44644932,2096.52401117317880495488,0.839,395.592869452585376,4957.790988680203452993,2337624.270987094047931405399816847712,0.04692734390172043,0.03463077125382926,0.03596575833762423
2019-09-17,351.0,520068669.639606,0.0,0.0,230.13223244,187.499074346882,0.05100907247223846,520.068669639606,36.49115190236352,2.544475306774092,1000000.0,1000000.0,635770.17600829097786142,948.0,1363.0,4345.327855240541,2259868.876822870600888910466846,3.8550723,2004.9023224254960735138,0.9719668734846774,505.4895188269434113944211731044,5254.463551653631122118,2732681.868978303101115857108435405508,0.04751048565354762,0.038951126338045206,0.038262588072015886
2019-09-18,320.0,534459400.836493,0.0,0.0,232.72198797,191.75016396646623,0.05259744407795439,534.459400836493,22.168363193345247,2.330416080218894,1000000.0,1000000.0,635770.44600829097786142,721.0,996.0,4296.9725753440125,2296557.3880292031948097390481625,4.95209443,2646.69342194353432603399,0.9116184315914494,487.2230407398695281515862829542,4932.286048366546845496,2636106.646164178360571962732829485528,0.04746171475884764,0.038900151182052756,0.0384394644262366
2019-09-19,309.0,543870476.196024,0.0,0.0,95.03776041,192.83089062980363,0.05296549283198695,543.870476196024,35.19706630230973,5.357878608826256,1000000.0,1000000.0,635770.44600829097786142,659.0,899.0,10522.133473328175,5722677.7427371185334369821762,12.95238369,7044.41908535391450044856,0.8611530551917083,468.3557222047753308650502277992,11644.192938935391745773,6332932.758617171718681903729521406552,0.04747981898698781,0.038942089188453426,0.03850139235411535
2019-09-20,313.0,547858112.336215,0.0,0.0,376.82728714,197.41272967937192,0.05386935815246302,547.858112336215,29.97948355797598,12.028589835566471,1000000.0,1000000.0,635770.41140829097786142,640.0,914.0,2653.7356346526813,1453870.5954401654791604568432795,4.03419018,2210.1638168200954113687,0.66387739,363.71061370809321667885,3687.249823024952585698,2020089.72775449335173835891577645307,0.047480398371439345,0.03749341825577999,0.03849378001202291
2019-09-21,276.0,546626040.995186,0.0,0.0,378.88068871,197.87941388757534,0.05473701300315716,546.626040995186,24.04549868934893,8.471065628391221,1000000.0,1000000.0,635786.00910829097786142,665.0,911.0,2639.3533103828076,1442739.2508420924660165287642136,3.09314756,1690.79500493671954764616,0.7964146003082915,435.340959957284822233067384719,2817.857430251456302902,1540314.251187222027670586560339829772,0.04735435213674043,0.03717641988123237,0.03849419490908941
2019-09-22,291.0,541534026.295412,0.0,0.0,512.65248383,196.5420470353349,0.05389999999999999,541.534026295412,19.859782038194886,6.272188373330175,1000000.0,1000000.0,635786.00910829097786142,558.0,819.0,1950.639139648854,1056337.467143462342428151257848,2.71335812,1469.37574750494966894544,0.05000264765520614,27.07813511015462300323939622968,2222.240298796195600251,1203418.736403023208035392375187348412,0.04734130646228757,0.03720467896693552,0.03850846450854027
2019-09-23,284.0,510974218.044035,0.0,0.0,408.96108031,189.80666539958463,0.052717205124696194,510.974218044035,9.172594068547916,1.9153762293149836,1000000.0,1000000.0,635785.24380829097786142,563.0,805.0,2445.2204577332645,1249444.6113355321633309453022575,3.4953259,1786.0214185615628760065,0.1088208030758476,55.604624758605146160621749066,2813.737352307119107674,1437747.24337642360618542393883842459,0.04746701711367407,0.03866906649638889,0.03900425703933633
2019-09-24,406.0,445003996.597196,0.0,0.0,145.65105553,170.1317915762752,0.051662523883087744,445.003996597196,-2.6398329258340576,-10.31809203332206,1000000.0,1000000.0,635783.87010829097786142,1409.0,2108.0,6865.7243600268,3055274.7797466517920033648528,3.61220019,1607.44352105915074466724,0.7197566658400438,320.2945928762919896280355971848,7614.518001596296606495,3388490.94287164606117281650223238802,0.04849371565924812,0.04623108037370816,0.042249353103098214
2019-09-25,309.0,453281550.438565,0.0,0.0,271.97696708,178.03899138334756,0.05380734424313267,453.281550438565,2.807294027247159,-13.41478839664599,1000000.0,1000000.0,635776.85960829097786142,923.0,1164.0,3676.7819376056646,1666617.417302406809134158295299,3.7581874,1703.517011510679457081,2.0,906.56310087713,4374.53013622907142691,1982893.80259014046064577922084278415,0.04840529154276803,0.045164715939391406,0.041677378795096066
2019-09-26,284.0,447155216.494293,0.0,0.0,239.98059734,179.23657529120362,0.05526100526008187,447.155216494293,1.2376046872407298,-14.69375054692262,1000000.0,1000000.0,635798.906659833562765393,915.0,1251.0,4167.0035456433525,1863297.3725846398296883296372825,3.92163327,1753.57877385807219392811,1.9763720563713267,883.7450747399916396050193885231,4905.963220041238374796,2193727.045770578752313238175929039228,0.048408055323696464,0.04517741234385227,0.04160099696891734
2019-09-27,213.0,455676154.722062,0.0,0.0,357.54013458,185.10983901720368,0.05565999999999999,455.676154722062,-20.277144640119037,-6.868575859177381,1000000.0,1000000.0,635804.060059833562765393,575.0,858.0,2796.888805701218,1274475.536167111416177804871516,4.62033304,2105.37559320249507552848,2.0,911.352309444124,3964.245747465366142681,1806412.258578304505005030536590528222,0.04843395828255875,0.04373624400355676,0.0416893605834149
2019-09-28,164.0,442454142.411463,0.0,0.0,559.2961146,183.83819826880367,0.053944803039158454,442.454142411463,-8.266081628871493,-6.132958183623872,1000000.0,1000000.0,635796.922559833562765393,484.0,650.0,1787.9616430182587,791091.0354262340049637571794781,6.73070178,2978.02688389720750650414,2.0,884.908284822926,4374.956159846568748949,1935717.475792661013859191913906802387,0.048472301244945754,0.043542660852701164,0.041706024277073955
2019-09-29,163.0,431286662.543853,0.0,0.0,455.96147832,181.63801779899566,0.05347959964932784,431.286662543853,-12.510078408437192,-9.485669461564706,1000000.0,1000000.0,635794.822459833562765393,506.0,672.0,2193.1677291847054,945883.9903189524224396643859062,3.57179599,1540.46797181461734454947,1.1611496814390043,500.7883708216862588502934055679,2400.246902918517315956,1035194.476040946870080806976706618468,0.0477947686078562,0.04367674725285592,0.04144789737193312
2019-09-30,222.0,448377544.047336,0.0,0.0,383.73139839,190.39136814387967,0.05413641145528931,448.377544047336,-9.823681736703001,-6.2054211162579564,1000000.0,1000000.0,635795.820859833562765393,520.0,695.0,2605.9895129484767,1168467.1776289513008721538930712,4.20725595,1886.4390900395414676492,1.002,449.274299135430672,2924.042882964598040092,1311075.166552758402071676706873794912,0.047672960424920974,0.04434038487708058,0.041823882029160195
2019-10-01,224.0,443351949.728148,0.0,0.0,335.92613396,189.72337970598895,0.053322413793103485,443.351949728148,-9.756833918243709,-6.918297857859709,1000000.0,1000000.0,635789.962159833562765393,607.0,758.0,2976.8449039774036,1319789.9922166834011609548765328,4.42298754,1960.94014948230499127592,1.91955,851.0362351006664934,3352.624556165903636723,1486392.633682620210010420424399579004,0.04766738034652571,0.04437119385390218,0.04183022842183579
2019-10-02,214.0,449000201.661209,0.0,0.0,443.71691712,194.77815091098324,0.0536919045242933,449.000201661209,-7.806989971421776,-8.232315125459028,1000000.0,1000000.0,635789.285759833562765393,378.0,539.0,2253.6891459560225,1011906.8810159319861689581812025,5.40879301,2428.54915223373762734909,0.615313,276.275661084763493417,2915.339430692191499319,1308987.992291668221953275612192216671,0.04731902243376282,0.044123060601286644,0.041767012929934934
2019-10-03,186.0,443141693.764235,0.0,0.0,673.77091949,193.228091458423,0.05368590324369867,443.141693764235,-10.348399948099837,-8.222984406751207,1000000.0,1000000.0,635789.235759833562765393,435.0,582.0,1484.183972730158,657703.79953337338667692629913,2.7724356,1228.581807636263120766,0.26869461545905554,119.0697869998556736219805306119,1613.557521927981419312,715034.61325318744299709345520390632,0.04729734308529371,0.044122240374163305,0.041741236790593175
2019-10-04,209.0,446876991.586261,0.0,0.0,173.99275299,195.85919219383715,0.054726202220923365,446.876991586261,-16.48957340493982,-4.873868330036914,1000000.0,1000000.0,635789.235759833562765393,444.0,568.0,5747.3658117299165,2568365.5434915940183518440772065,10.86005655,4853.10939952066866305955,1.0,446.876991586261,6168.512123206644999932,2756566.140181964874638058268917134252,0.04730372263419476,0.04391828880859755,0.041754453821787885
2019-10-05,208.0,440976492.822478,0.0,0.0,275.43946145,193.70158409553753,0.054163145668835455,440.976492822478,-26.86186194118814,-5.476550309232228,1000000.0,1000000.0,636290.235759833562765393,513.0,667.0,3630.5618473764694,1600992.4304311721264638485991732,7.69368159,3392.73272445106612678002,1.0263,452.5741745837091714,5131.685621088194797607,2262952.727455011890722761135390210146,0.04703979035251417,0.043959900153657305,0.040810116628630815
2019-10-06,188.0,429993698.630563,0.0,0.0,463.26991443,190.12871392745646,0.05474411955133216,429.993698630563,-33.06006946743773,1.6638355648158025,1000000.0,1000000.0,636308.022259833562765393,444.0,638.0,2158.5688361138896,928170.9975892809792742233678448,3.81780318,1641.63131001172506659034,0.9966013375482704,428.5322951925469720083892282352,2435.75843176023567505,1047360.77704316353127230532286655315,0.04706983608411101,0.04032698676125208,0.04087195365113915
2019-10-07,208.0,455828570.317024,0.0,0.0,452.51698219,205.0471182056699,0.055412991980361925,455.828570317024,-25.908499034768273,3.130072517946648,1000000.0,1000000.0,636287.919759833562765393,400.0,519.0,2209.8618159466355,1007318.152161137288614901172752,5.4114205,2466.680069899235172592,1.0,455.828570317024,2808.527240939009875851,1280206.956933644868956487529951787424,0.04727727168460588,0.040939418138410934,0.041504437015329215
2019-10-08,200.0,456463333.521861,0.0,0.0,370.48221352,207.00397206568917,0.05573344535359435,456.463333521861,-40.16389439086937,-0.1454056422167616,1000000.0,1000000.0,636290.943759833562765393,368.0,533.0,2699.1849095444304,1232078.9416025535480502891929744,5.77628639,2636.66294095635646177179,0.5,228.2316667609305,3078.760643591873450832,1405341.346489856755306485013980638352,0.046220264776851545,0.040473520342103844,0.040527445085325395
2019-10-09,746.0,537859825.642783,0.0,0.0,168.21059767,243.25963662572715,0.06255397332881589,537.859825642783,-26.08714604157868,11.773330557202952,1000000.0,1000000.0,636288.370859833562765393,1651.0,2617.0,5944.928642101116,3197538.282899292951420381645828,2.8800424,1549.0591031078222939992,0.19528129418373813,105.03396284096240456693299641579,7537.070962182153542487,4053887.673576575806769519085275421321,0.04783407002711258,0.04961321155257417,0.04572799108218554
2019-10-10,648.0,545810610.939673,0.0,0.0,135.5881912,243.43336978830678,0.0636284518820324,545.810610939673,-18.339586092054418,12.497837634678456,1000000.0,1000000.0,636299.161359833562765393,1181.0,1868.0,7375.273548013054,4025502.561088214712385010491342,4.45218458,2430.04958562599144084234,0.001599198952854123,0.872859757471394193270322321779,8316.68078881212619546,4539332.62233178816100645888906648458,0.04778055753926836,0.049647444174987385,0.04559178467600051
2019-10-11,565.0,503079668.462401,0.0,0.0,314.61782921,224.34994746074264,0.06068619142227622,503.079668462401,-20.204474194467586,7.134690930878565,1000000.0,1000000.0,636291.082359833562765393,1133.0,1760.0,3178.4594105975843,1599018.3065046312011657459779043,2.2467385,1130.2884597017121291385,0.009188607455894492,4.622601592542546954601724995292,3954.259766831311851132,1989307.692511707448514517415451287932,0.0480644068015418,0.05164984616311285,0.04616483684934689
2019-10-12,389.0,507669335.763231,0.0,0.0,308.66805755,227.652368723996,0.06099045826418019,507.669335763231,-22.951592665300733,10.20459269565333,1000000.0,1000000.0,636291.082359833562765393,591.0,979.0,3239.726222245632,1644709.659302161688425475956992,3.86287169,1961.06150500088957283039,0.000003946086877385,0.002003307303906045322488430935,3781.751387515627145356,1919879.214921735628235768480037205236,0.048062652902681524,0.05150228542343123,0.04617671425823282
2019-10-13,356.0,498718726.683629,0.0,0.0,466.71655515,225.34473907824423,0.06014999999999995,498.718726683629,-20.81940455391969,7.959169203955539,1000000.0,1000000.0,637288.162159833562765393,557.0,894.0,2142.6280875560733,1068568.7515825440266064866340057,3.69160183,1841.07096408055464744107,0.0000000698573686305,0.0000348391779328718478025000845,3300.292035487863643566,1645917.441622629488709486351703381014,0.048078441284712406,0.0516453059965295,0.045499058255130315
2019-10-14,399.0,511785620.000947,0.0,0.0,434.48179283,234.64694073133413,0.06131835946248251,511.785620000947,-18.900355409269235,7.466263250990796,1000000.0,1000000.0,637238.222159833562765393,803.0,1179.0,2301.592417703458,1177921.902483842836693525174726,2.47428827,1266.30515632302055099169,0.06760153688477419,34.59749446759104604457768115793,2917.185870743940010731,1492973.779516689774654365999410162257,0.04812074858627377,0.05156679836460562,0.044195005579974564
2019-10-15,406.0,489628002.496043,0.0,0.0,681.02871623,228.26622743026144,0.05999819192804648,489.628002496043,-23.849568455579366,4.8591834591300485,1000000.0,1000000.0,637202.955059833562765393,734.0,1186.0,1468.3668635030638,718953.5343083849533451778765434,1.50601051,737.38491774934699141193,0.000367541023296607,0.179958377072069290608332826101,1786.128463040613389597,874538.511559902899994881682809864671,0.04822743206889144,0.05212170543987957,0.0439361969198986
2019-10-16,425.0,484725917.946084,0.0,0.0,163.13769238,230.5238537506972,0.06056154965813736,484.725917946084,-32.65980371261198,2.8039372194772523,1000000.0,1000000.0,637202.045459833562765393,754.0,1195.0,6129.791254347946,2971268.692581685790995004143464,5.37301112,2604.43774727651689245408,0.0273,13.2330175599280932,6420.748294224118450494,3112303.110818538848625054133115165496,0.04821687256261586,0.052140254439544995,0.04393519576160512
2019-10-17,414.0,486252507.355465,0.0,0.0,50.73048125,222.27578298581685,0.06023575681897785,486.252507355465,-21.824316012605767,-6.502249464013034,1000000.0,1000000.0,631847.161837493562765393,740.0,1132.0,19712.014856556238,9585016.64902864747497442914067,22.50466123,10942.94795027282301412195,0.18271325380365336,88.8447777891018988222891616124,25475.276508482866081784,12387417.07782356956290059902424934956,0.048215216908990194,0.04881854517244389,0.04381295910375705
2019-10-18,408.0,483540761.239012,0.0,0.0,282.05802199,220.81529954963145,0.06075142507305668,483.540761239012,-25.237599559752056,-9.527129566396862,1000000.0,1000000.0,631841.017237493562765393,938.0,1609.0,3545.369824752013,1714330.823934410934855521131156,3.19810323,1546.41327035514307920876,1.113229380380575,538.2917820228568857810969919,5145.748103337299994467,2488178.955031920224684723715664546604,0.04819157876354444,0.04850064471752766,0.04363820602521319
2019-10-19,273.0,487742073.675447,0.0,0.0,387.21600299,222.55925599600639,0.061362957077442125,487.742073675447,-24.550512035823083,-10.32017823676588,1000000.0,1000000.0,631802.368037493562765393,465.0,696.0,2582.5378917043918,1259612.3866453170310742577281346,4.18344888,2040.44403184642623564936,0.03201301687335748,15.61409523441845197331472979356,2911.680418072466567589,1420149.044990857311244846797675287283,0.04819536867972511,0.048397017122722485,0.04363496794481159
2019-10-20,313.0,502735015.742256,0.0,0.0,487.78567643,229.5054835155562,0.061206820613968795,502.735015742256,-23.896221613343858,-8.236274242895098,1000000.0,1000000.0,631800.620537493562765393,602.0,897.0,2050.0806979642352,1030647.3519639449512836693626112,2.54282764,1278.36849362524367275584,0.003390148836115192,1.704346528492961906347397953152,2280.916388763734726351,1146696.536611905884166305563307387856,0.04825209188117062,0.048756391736274246,0.04325112050138646
2019-10-21,346.0,495461838.980978,0.0,0.0,406.99650548,227.94106995177603,0.060336420076729076,495.461838980978,-25.827862647763283,-9.360000837329052,1000000.0,1000000.0,631804.722437493562765393,649.0,989.0,2457.023553119974,1217361.408048399003644737854572,3.2317938,1601.2304993553230183364,0.1100021306095199,54.5018579236184600326418124622,3196.244069402323386204,1583616.964458119821113170073703627512,0.04806054916290461,0.048802918689525666,0.04311750812733319
2019-10-22,303.0,489000809.975864,0.0,0.0,262.52640045,224.26292683178224,0.060902765250900694,489.000809975864,-26.270622008977735,-9.700815418547794,1000000.0,1000000.0,631769.781837493562765393,543.0,846.0,3809.140712325946,1862672.893639427157783560967344,6.00093622,2934.46267219349960339408,0.020241799737330136,9.898256466923667662949959837504,5076.792042012569957811,2482555.420623167286825229438408273704,0.047208919067003065,0.04882395285877431,0.04312244442186965
2019-10-23,432.0,451343757.477016,0.0,0.0,297.85221174,206.66616887186277,0.06051777788986589,451.343757477016,-31.35534797618989,-11.669954855115629,1000000.0,1000000.0,631760.640237493562765393,855.0,1431.0,3357.369731022794,1515327.869639426376210627102704,2.97469881,1342.61173826780809755096,0.1372712512770473,61.9565223449541594478780948568,4256.793998245893647681,1921277.397973911894634040081759199896,0.047501607360062904,0.049831062043680555,0.04428636142773708
2019-10-24,332.0,458529944.003245,0.0,0.0,161.17910238,224.67275426565018,0.061511552819749966,458.529944003245,-32.249291043406295,3.0395114447235567,1000000.0,1000000.0,631740.591637493562765393,601.0,908.0,6204.278254603112,2844847.36066371557052191509844,7.34739865,3369.00229155401790861925,0.17729164151361,81.29352645547897991455166445,6671.437974484465613082,3059054.08086148426266361721832245109,0.04727457796720157,0.04300547976306061,0.044328899818689795
2019-10-25,411.0,515908667.954484,0.0,0.0,72.61259792,244.49990326775344,0.0595967677321854,515.908667954484,-24.159210758142315,13.816383538073683,1000000.0,1000000.0,637073.800359833562765393,1000.0,1401.0,13771.714945745878,7104947.113108614807999934616952,15.51827371,8006.01191867918853381564,0.6990039142791707,360.6221783107372738192968664188,21741.10146534530187294,11216422.69684957487502972388387126296,0.04806135226355398,0.047946803570951706,0.046408282949709466
2019-10-26,419.0,502732695.713712,0.0,0.0,147.4063049,235.35119699905297,0.05435155619517036,502.732695713712,-20.64899020417605,12.429124646056405,1000000.0,1000000.0,637064.975059833562765393,1366.0,1883.0,6783.970337622816,3410523.695474979218774575252992,4.03722899,2029.64701335624682691088,1.4951986638220323,751.6852548907905273097988168976,7602.102193508962349954,3821825.328833883709579576082740369248,0.04805923539560921,0.04815668505619491,0.04652540312815086
2019-10-27,314.0,516815247.813082,0.0,0.0,271.5980564,241.90759242965595,0.054070601634192826,516.815247813082,-17.00037731508013,13.417224591949864,1000000.0,1000000.0,637956.650059833562765393,700.0,950.0,3681.911473398334,1902867.990550189860212162205388,4.53938056,2346.02108903428694448592,0.3059269287975751,158.1077015192138674281396574582,4312.41153471671697377,2228720.03598661335329857274165685914,0.04808815021039125,0.04827684054258091,0.04579043644577317
2019-10-28,332.0,513074649.190147,0.0,0.0,22.27792563,218.98691228196998,0.05505578296608451,513.074649190147,-15.552530603457775,15.961090655358824,1000000.0,1000000.0,596074.845759833562765393,703.0,997.0,44887.48263170558,23030629.40429115688981234092026,45.44669841,23317.54884356116145256627,0.15671785768005678,80.40795985102651718285997654666,45310.358316810766390424,23247596.198077543468054407558015952328,0.04806702465423617,0.04791230945806173,0.045528848706659936
2019-10-29,261.0,539817057.183074,0.0,0.0,402.79895997,230.27271975530965,0.05723732392801176,539.817057183074,-14.493311854300684,25.16432898691497,1000000.0,1000000.0,596062.838459833562765393,604.0,808.0,2482.628058604928,1340164.972676240407857934588672,3.44562704,1860.00824888322600472096,0.9999982516890993,539.8161134150285430364902652482,2784.066649162221992724,1502886.665552292409421669722363953576,0.04818056457782862,0.04826354715967923,0.04595958204069574
2019-10-30,217.0,514515369.301283,0.0,0.0,132.13236688,216.54603880074043,0.05603000000000001,514.515369301283,-16.944595543528486,14.750476720342787,1000000.0,1000000.0,596070.566559833562765393,480.0,643.0,7568.168372725315,3893938.945227055454706036079145,12.21307023,6283.81233969095530810509,0.29399998,151.26750828426981597434,7853.004155594683699186,4040491.333240308748935002878575855638,0.04831145685800185,0.04891732325863287,0.046411567990315226
2019-10-31,219.0,531552619.440279,0.0,0.0,344.93500406,224.2662592481935,0.05805969629249118,531.552619440279,-12.947431952430591,19.89405251656465,1000000.0,1000000.0,596060.426559833562765393,637.0,900.0,2899.0968971420443,1541022.5496870387454558238223597,4.31741397,2294.93270496155413529763,1.0,531.552619440279,3885.672576709965690367,2065439.436437440702516008905362092393,0.048370037158431196,0.04908196154389459,0.04658240962449149
2019-11-01,230.0,526839488.456065,0.0,0.0,51.50406739,212.9142292532078,0.05694711651640972,526.839488456065,-16.21901955194678,17.33613626605658,1000000.0,1000000.0,610862.616759833562765393,688.0,949.0,19415.942288321356,10229085.10307170329422900722414,21.31611535,11230.17130686447494709775,2.0,1053.67897691213,20228.993467506845372992,10657432.57040238695856078374312959648,0.048262658917678045,0.04913968259962307,0.0464852539678487
2019-11-02,182.0,533533347.966957,0.0,0.0,803.563435,215.7676665491184,0.05736799999999995,533.533347966957,-15.05196831093753,20.397912332485934,1000000.0,1000000.0,610862.626759833562765393,358.0,477.0,1244.45682374638,663959.21557373143745318836566,3.13220506,1671.13585218084342820242,1.34086029,715.39367967964487343753,1494.061813145910578286,797131.801237319798849765358289695702,0.04814337780347243,0.04903087992448027,0.04646872038212314
2019-11-03,213.0,521980529.073704,0.0,0.0,564.7118295,212.23983159010305,0.056677633759470346,521.980529073704,-13.602757223378504,16.806311110547682,1000000.0,1000000.0,610869.000959833562765393,454.0,647.0,1770.814684150183,924330.785724196563267412087832,3.2700423,1706.8984098473918976792,1.0,521.980529073704,2115.717368801290040707,1104363.271537322304280801675163268728,0.048146692788070135,0.04929495335011876,0.04641522376127532
2019-11-04,205.0,546028245.085321,0.0,0.0,273.9863106,223.7559767558456,0.05797487434248974,546.028245085321,-19.69112299935466,23.82252885872836,1000000.0,1000000.0,612086.877759833562765393,465.0,604.0,3649.8173862288954,1992903.3822844569927610085844234,6.43278271,3512.48105415649540359991,1.0409422358270604,568.3838622638401462239986203884,3885.400754830238840479,2121538.555613136864800454137463508759,0.04823828605633346,0.049690147071249656,0.046734180672314496
2019-11-05,230.0,553129066.577604,0.0,0.0,59.43406225,218.65221638200208,0.059280000000000055,553.129066577604,-16.736271560625497,28.63655173068827,1000000.0,1000000.0,597197.680816877766102644,534.0,719.0,16825.368521237982,9306600.384976566306725955355128,24.00901323,13280.08307735924525770092,0.9974937343358395,551.742778190191403888225238558,17262.480511245074567354,9548379.731999068385758072161765939816,0.04820714306450973,0.04932063393378611,0.04484017814796125
2019-11-06,297.0,593063503.490897,0.0,0.0,142.66661567,231.37057864665246,0.063395801899944,593.063503490897,-8.74704394279292,30.106698463070785,1000000.0,1000000.0,597530.785516877766102644,596.0,815.0,7009.348299717169,4156988.659818226208669266110593,9.3819405,5564.0865024731379456285,0.840239,498.315085109687804383,7646.281510232920224607,4534730.501136402668853784057819902479,0.04847732393449248,0.04975919847186242,0.04534393657800764
2019-11-07,394.0,666286644.707002,0.0,0.0,149.47963103,258.06395004459824,0.072337950036214,666.286644707002,-0.4846519004095895,45.96717759699139,1000000.0,1000000.0,596435.158826877766102644,970.0,1407.0,6689.874688124524,4457374.159460790534310870717048,7.11522238,4740.77764591436917310476,1.01108310478262,673.67116940555000657480190524,10011.11788745113175275,6670274.1469960646582053603224577555,0.048102237955077086,0.053464595158193934,0.047443622500294824
2019-11-08,420.0,657415951.655585,0.0,0.0,23.15615146,227.86550628456308,0.07478,657.415951655585,-4.592157199728269,22.22811972802085,1000000.0,1000000.0,575980.838626877766102644,883.0,1232.0,43185.0690526178,28390553.268538883521388240413,36.58528722,24051.7514143292117421237,0.67119474,441.2541287433229436229,45073.073858089475032772,29631757.74445836239701614903553183162,0.04773202044310928,0.04532444962869121,0.047136795600023824
2019-11-09,316.0,651240330.112126,0.0,0.0,256.00092657,224.24590246468858,0.073914,651.240330112126,-0.5709587201897133,19.31617250733623,1000000.0,1000000.0,576000.932226877766102644,614.0,880.0,3906.2358617707487,2543898.3321154073699719779687362,5.65672528,3683.88763870080837874528,0.6423120691605572,418.2995239551239769785726366072,4977.918247798398181543,3241821.122967404666672106423693690418,0.047555104555570535,0.045391739173336665,0.04717274247570613
2019-11-10,254.0,678573287.571175,0.0,0.0,229.71231151,232.07181975804215,0.0750394213909994,678.573287571175,4.643715670922511,34.88386236023967,1000000.0,1000000.0,576004.950226877766102644,655.0,903.0,4353.271243616561,2954013.579469947267978696229175,5.5167462,3743.516605629786910785,0.8141,552.4265134116935675,4981.6218146386369263,3380395.4921956224162551911944794025,0.04742914805168986,0.04269010779038391,0.04713819983541243
2019-11-11,325.0,645854754.083705,0.0,0.0,49.37872894,211.0490944764291,0.07412364760533494,645.854754083705,-5.729069738223097,27.21957159628831,1000000.0,1000000.0,575965.931826877766102644,2346.0,2878.0,20251.63509640502,13079614.8049815935922096621991,8.80252975,5685.15568700074725272375,5.279644935113922,3409.88378121728073457889884101,25333.680628790010742884,16361878.07254229344303557091976910522,0.046462518593319464,0.0440468125464865,0.04757316815173133
2019-11-12,258.0,654441509.894081,0.0,0.0,240.90959344,213.90290062429509,0.074461784804208,654.441509894081,-5.197032722366011,31.224571061522933,1000000.0,1000000.0,576092.547826877766102644,477.0,701.0,4150.934737490421,2716543.997075021873315462098101,7.56758415,4952.54119737651555441615,0.5819213143514349,380.8334636037012029279093668269,5304.876491730527343139,3471731.381049741614412569574232060259,0.046182192552103256,0.04378318905751057,0.04758163799771143
2019-11-13,303.0,658424523.755406,0.0,0.0,333.64854122,215.9624227573405,0.07510492127931644,658.424523755406,-5.268529555678084,28.652407966090887,1000000.0,1000000.0,575700.506026877766102644,430.0,648.0,2997.165809085758,1973407.470463276312421670107748,7.24334317,4769.19477710422280067702,0.1277561332251366,84.1177711755927670399093384596,4693.686372115155786047,3090438.214217160797112707402295620082,0.04599048981463807,0.04367020371790214,0.047471676478891854
2019-11-14,371.0,647283778.6173,0.0,0.0,234.26713687,211.90878246907337,0.07487000000000003,647.2837786173,16.03702324552426,32.199093049734444,1000000.0,1000000.0,575701.373926877766102644,538.0,868.0,4268.63115907077,2763015.706166872989463446321,5.34690624,3460.965674939619941952,0.0005656092607446855,0.36610969951575772051951335915,4641.114614478701047269,3004118.2046557471659265370587611537,0.04600548043556319,0.042813295197363245,0.04744926618586074
2019-11-15,566.0,602137989.735032,0.0,0.0,84.22025017,192.61700700251703,0.07112528643364828,602.137989735032,7.734025681890294,24.222363080244392,1000000.0,1000000.0,570561.546226877766102644,1359.0,2023.0,11873.62894229597,7149563.06217378964731802142104,7.65486181,4609.28310197286847592792,0.623714,375.561894129595748848,15485.785441518077427837,9324579.715223720094193979287730885784,0.04587196070950831,0.045224038893044556,0.048493874894110583
2019-11-16,380.0,621338587.796367,0.0,0.0,17.3612753,176.81229850436893,0.07329102267225422,621.338587796367,9.412316057407251,27.78105580896267,1000000.0,1000000.0,568047.239626877766102644,570.0,895.0,57599.455254083754,35788764.185412431072344514921718,65.58497841,40750.47786592461917143647,0.1,62.1338587796367,58698.555673014830040562,36471677.687557461213099746920806238254,0.045899767484665316,0.04542959290878195,0.04704707589447559
2019-11-17,421.0,665616155.345238,0.0,0.0,233.66620851,188.29354693329628,0.0782602631358482,665.616155345238,16.850632287027636,37.65461129681825,1000000.0,1000000.0,566980.812726877766102644,677.0,1067.0,4279.608961794392,2848576.863530608742354732305296,4.35149493,2896.42532531089555664334,0.1113465150319847,74.1140392466804061894408338586,4643.045087687370006148,3090485.820361060665537570367122523224,0.04618201098639466,0.04666748579488836,0.0477121676558042
2019-11-18,735.0,645542771.051605,0.0,0.0,27.65695519,170.50101614805794,0.07888313500212674,645.542771051605,16.08941992801616,32.35330841709621,1000000.0,1000000.0,579039.149926877766102644,1356.0,2132.0,36157.27013843192,23341064.3588247911571440992316,17.21680104,11114.1814520057548576692,0.1358983586984244,87.728203055545875310644591162,36706.219813295591691523,23695434.853104163376095453639474044415,0.04615339918000618,0.047272475405313534,0.047879930400725655
2019-11-19,598.0,597016900.266067,0.0,0.0,29.96766984,149.27548656818288,0.07355304796645563,597.016900266067,55.585951366902044,18.753793066235858,1000000.0,1000000.0,583234.786426877766102644,3609.0,4863.0,33369.29448440325,19922032.75714399474050671951775,8.89711615,5311.72870518016400268205,2.0,1194.033800532134,43266.675848891545276535,25830936.700121933440293595218591837845,0.04650414217677153,0.04969919911260097,0.049003056253158796
2019-11-20,471.0,580044907.372525,0.0,0.0,103.88550976,143.78175147519605,0.07181835965766235,580.044907372525,39.68020727301217,17.071560660556624,1000000.0,1000000.0,584259.467926877766102644,1302.0,2033.0,9625.981547546906,5583501.57511647994490765315765,5.30758528,3078.637812109377166432,0.7189685471619286,417.034044342299746759137651715,10790.320874107855311825,6258870.671941713925944016925312608125,0.04650535799451192,0.049967703322495845,0.04915691192833916
2019-11-21,487.0,525088164.685827,0.0,0.0,74.16962912,127.86719699162877,0.0689791150562084,525.088164685827,15.55836595944456,7.379814915182694,1000000.0,1000000.0,584167.174526877766102644,1205.0,2037.0,13482.607529520075,7079557.642855008257040464477025,7.22221774,3792.30105805802128597098,0.2144996,112.6312012898440171692,14711.657540848675154958,7724917.257610637795216936052611380266,0.046839493133446986,0.05343421619490323,0.050828899540193026
2019-11-22,708.0,512115355.489235,0.0,0.0,92.69981685,123.08588146374187,0.070369446567548,512.115355489235,27.852251797012368,13.464592565083528,1000000.0,1000000.0,584240.751826877766102644,1902.0,3420.0,10787.507828777478,5524448.40657728375458663944933,3.75265062,1921.7900062881981260757,0.3993648586744966,204.520876569997922388910344101,12834.065116116186354049,6572521.819311830843033061753318162515,0.04663374665598297,0.05140862563017002,0.050371258101541076
2019-11-23,385.0,548911119.801412,0.0,0.0,77.37001171,129.57176379511432,0.07493834761913142,548.911119801412,47.58869715472025,19.711073830660748,1000000.0,1000000.0,584242.664126877766102644,1251.0,1895.0,12924.904337450931,7094623.713196317577687014514572,7.90281231,4337.94155466248350898172,2.7604330594641566,1515.2324018073079187485240691192,14975.829331045455982649,8220399.248058992019152908144197700388,0.04692438787348042,0.052738947989604386,0.047775962475216115
2019-11-24,339.0,478190629.692017,0.0,0.0,198.76035237,112.34497301117378,0.0688700005631142,478.190629692017,35.52405308045993,-7.310991383807237,1000000.0,1000000.0,584241.535826877766102644,602.0,1034.0,5031.184479513742,2405865.274355379091083379197614,6.75746265,3231.35531972378588066505,0.2506688115968122,119.8674768616291993076649882074,6987.216383284779492124,3341221.402117326311376659355797174108,0.048005762057669286,0.054668213347071046,0.05109653454574191
2019-11-25,679.0,531008173.69495,0.0,0.0,59.83360791,122.53096384371885,0.07438084464414141,531.00817369495,64.93900594906495,5.624356287608514,1000000.0,1000000.0,584247.350026877766102644,2204.0,3532.0,16713.015225668245,8874747.69191798741264453186275,5.90964801,3138.0713969700956145495,1.0090999999999999,535.840348075573991899182630505,20872.876756998321867414,11083668.1664934495611574401563813593,0.04866411862417141,0.05785508830283926,0.0527846626389615
2019-11-26,356.0,532008355.683776,0.0,0.0,43.74347308,119.54237121082015,0.07424645579375948,532.008355683776,62.38485400645335,2.9397561188420935,1000000.0,1000000.0,603843.914226877766102644,793.0,1168.0,22860.55335079893,12162005.39817977441305603915968,20.46669959,10888.45519514971242885184,0.7116425577886384,378.5997870037300544683160105984,23905.105125690186813553,12717715.670366241688744956413939016128,0.04844278767709804,0.05764972912183046,0.052742865486280446
2019-11-27,326.0,547367309.417249,0.0,0.0,44.00382154,119.77025620417844,0.0727218298030618,547.367309417249,68.39196655720713,6.683756502339477,1000000.0,1000000.0,603848.214226877766102644,793.0,1264.0,22725.2989648005,12439085.7500654436746185438245,18.59598512,10178.83434109759827533488,0.5395861245464181,295.3518051918534918667613058069,23505.325193927038735843,12866046.608377319767018007741978755907,0.048494052097097166,0.057842518945938795,0.05267664905667133
2019-11-28,259.0,542931420.878017,0.0,0.0,539.10538234,130.14980078290267,0.07301060535852429,542.931420878017,41.82022718744233,0.5769294714758869,1000000.0,1000000.0,603838.865126877766102644,548.0,832.0,1854.9249047808476,1007097.0141746859763925574672092,2.72225214,1477.99622235842245720638,0.3,162.8794262634051,2264.913783979017951474,1229692.858901934272467175317779347058,0.04849615035086049,0.057129629681391195,0.05256133908996541
2019-11-29,240.0,545053641.018608,0.0,0.0,150.21067128,129.55066941645075,0.07035003481767609,545.053641018608,47.54807355719305,5.935346840813762,1000000.0,1000000.0,603840.976126877766102644,646.0,965.0,6657.316630593485,3628594.66891871033799096856888,7.64740445,4168.2456398144053520056,0.8473833632976167,461.8693875039598585816467515536,7379.74529640827115717,4022357.04359727471720635686566261936,0.048462221237187346,0.05640099042858531,0.05235986845864698
2019-11-30,268.0,532315782.74643,0.0,0.0,220.15341144,125.94256782408259,0.07044760925753357,532.31578274643,50.476942419699945,0.14357248525171515,1000000.0,1000000.0,603840.976126877766102644,785.0,1125.0,4542.287096248174,2417931.11109835536613459251882,4.9693969,2645.288400601182728067,1.2,638.778939295716,5590.571515071694521439,2975949.45204528415123988199193571277,0.04801894526721959,0.05628124551559624,0.052442370352561024
2019-12-01,254.0,520194398.184511,0.0,0.0,218.92015287,122.55400836273648,0.07012854257599906,520.194398184511,35.540790733958204,-1.2613121106445353,1000000.0,1000000.0,603914.331126877766102644,1074.0,1778.0,4567.875487373892,2376183.240136241623907860186812,3.38180236,1759.19464343915901524596,0.2607958763673083,135.6645539558940759433118217413,6012.844596266008352424,3127848.076131585232053811987866104664,0.0480264087781977,0.05641769557035664,0.052533862409588586
2019-12-02,384.0,556996766.034207,0.0,0.0,16.37910033,120.59655021198063,0.07610999999999998,556.996766034207,41.681588510765515,4.39774161383876,1000000.0,1000000.0,635568.681026877766102644,1313.0,2073.0,61053.41440577427,34006554.37936253426258914045389,35.1877467,19599.4611159308394513669,0.9426356428709043,525.0450046276693880311788233901,72944.198919433884930791,40629682.899080570669703795723733567737,0.04810502274966262,0.057763672943044846,0.05317357071047492
2019-12-03,418.0,540649755.617402,0.0,0.0,56.62084295,114.64184769902708,0.07399626827503382,540.649755617402,42.84980467815282,3.5766135907076815,1000000.0,1000000.0,635741.974826877766102644,1394.0,2226.0,17661.340735039827,9548599.552274949475287444269454,11.17316147,6040.76701822927208790094,1.116063648005663,603.399538547727867968557347526,24871.457432798083111647,13446747.382890900160705990305782081094,0.0480407305235501,0.05789147871012838,0.05334598917532976
2019-12-04,386.0,496042063.945158,0.0,0.0,116.35578528,104.26256322729512,0.06875130494964826,496.042063945158,20.14508232781028,-9.154504659800573,1000000.0,1000000.0,635773.697726877766102644,1350.0,2074.0,8594.329861614575,4263149.12278079791721213347785,5.06520527,2512.55487643669129258266,1.3123904007260703,651.0008430779728958644800526074,10505.235728189506923701,5211038.812841537859769565620154389758,0.04833129288202592,0.05939686229182916,0.054541897560187735
2019-12-05,361.0,503846255.157334,0.0,0.0,122.73461386,105.84307793688808,0.06804974997043152,503.846255157334,27.244109688611385,-8.909821305396116,1000000.0,1000000.0,635782.267926877766102644,1335.0,1987.0,8147.660782323947,4105168.373466194954294640877298,5.22219954,2631.18568191335224242636,1.5,755.769382736001,10376.510487071635403991,5228165.950511847315999206088356519994,0.04831611575334228,0.05942405987798913,0.054451649028168285
2019-12-06,258.0,508319985.406347,0.0,0.0,531.6340758,106.67450270885038,0.06746826758595172,508.319985406347,50.15854101088137,-14.289113659116062,1000000.0,1000000.0,635764.661526877766102644,428.0,653.0,1880.9930467524898,956146.3580746657954173869727606,3.95285058,2009.31294913907027463126,0.5687279682927376,289.0957925427457561727850455472,2581.211431649566270455,1312081.357266803573470697848475577885,0.048122602359625274,0.05787078140517705,0.05396617195477626
2019-12-07,234.0,498007561.302189,0.0,0.0,322.53501651,104.30610017839382,0.06629439438924609,498.007561302189,49.68245770937842,-25.25625941051442,1000000.0,1000000.0,635764.661526877766102644,550.0,889.0,3100.43855340134,1544041.84294668801354553753326,4.18502003,2084.17161914111384784567,0.9781198561520192,487.1110842235149882278937300288,3720.482803070655910076,1852828.567623949638224302523445956364,0.04813348095813673,0.05316090254910078,0.0540430142315038
2019-12-08,238.0,504365978.682939,0.0,0.0,437.14129295,105.76156242911347,0.0669903015077203,504.365978682939,51.17459055238782,-23.2805383847497,1000000.0,1000000.0,635763.411526877766102644,508.0,761.0,2287.5898848616634,1153782.5111034446038253447407326,4.21311767,2124.95321693593362843213,0.8640497897919635,435.7973178592113866085367607265,3206.182543322711352547,1617089.396299113780893339614363095633,0.04814001062535131,0.05331148489988312,0.04967885273942249
2019-12-09,238.0,495500411.761869,0.0,0.0,55.58992477,101.92378294136826,0.0675047761835185,495.500411761869,48.40003127253322,-23.914354063950988,1000000.0,1000000.0,620562.191526877766102644,483.0,726.0,17988.871257744475,8913493.115343637651745750423775,25.89604977,12831.50332404085301222013,0.6020169704979628,298.2996567693735093590232204732,18800.532132061752897729,9315671.412778847453126916085058895501,0.048091158515084345,0.05333623712464344,0.049680934522382786
2019-12-10,663.0,509804483.193061,0.0,0.0,8.35404564,92.2294171255294,0.07049198191018556,509.804483193061,59.92650776071737,-24.871124087744462,1000000.0,1000000.0,605780.617526877766102644,962.0,1288.0,119702.48220417906,61024862.07702808703954699350266,94.2661258,48057.2935460810739130738,0.22281713903356104,113.59317641156100532510064794344,121414.770025902229970489,61897794.085059439874622960322519576829,0.048110132302324846,0.05297414386950126,0.04870183939912525
2019-12-11,282.0,494453048.784169,0.0,0.0,27.33808453,86.40804465372352,0.06866960492515013,494.453048784169,51.21405937312623,-23.442067174117874,1000000.0,1000000.0,627269.198926877766102644,941.0,1375.0,36579.00752950018,18086601.79446043767294926665042,27.85693087,13773.94439844133338339703,1.5,741.6795731762535,38303.279943870207907466,18939173.546680137946545022720957705754,0.048082759623246124,0.05259527964941522,0.04884843034747963
2019-12-12,212.0,493429443.063881,0.0,0.0,622.34288914,86.15809381850622,0.06860000000000005,493.429443063881,51.32734700171247,-24.60297282430316,1000000.0,1000000.0,627268.343826877766102644,322.0,534.0,1606.8312460088541,792857.8468157908384575579087621,4.28529428,2114.49036994523492390068,0.2875470783841099,141.8841947417174829220410245219,2288.347145881350626171,1129137.857729056487585304312103429651,0.04807933623443677,0.052447545167850634,0.048795936403804835
2019-12-13,158.0,514605511.234921,0.0,0.0,81.71216544,89.84717603098565,0.07102999999999994,514.605511234921,52.94371420688647,-21.84290033733789,1000000.0,1000000.0,615731.593926877766102644,249.0,380.0,12238.079784043412,6297783.303801411619390794390452,33.07844192,17022.34851509624177428832,0.5,257.3027556174605,12569.807929141503728754,6468492.435500627166165708760756618434,0.048173765318323715,0.05321858777420745,0.04898629535792287
2019-12-14,188.0,509214369.797195,0.0,0.0,166.48252516,88.48311914405846,0.0720133867716222,509.214369797195,55.46518924112217,-21.33058379974282,1000000.0,1000000.0,616952.044126877766102644,331.0,471.0,6006.636426312986,3058665.58242584268837041487427,15.3928831,7838.2772671283933429045,0.40048985,203.93518657792315597075,7250.047940403597463553,3691828.592972069455583187273014133835,0.04817701617978672,0.05319448486955936,0.0486611610589705
2019-12-15,161.0,495760570.827002,0.0,0.0,707.08149054,86.3896557315222,0.06971460916085584,495.760570827002,48.875550128987896,-17.6666180711901,1000000.0,1000000.0,616953.111326877766102644,298.0,471.0,1414.2641454716224,701136.4000591737166820906680448,5.32001343,2637.45289486411684663686,0.75,371.8204281202515,2505.726324909743089798,1242240.313173500114904825019609125596,0.04808434547523123,0.051931286080447524,0.04877125914020099
2019-12-16,309.0,461075064.412788,0.0,0.0,115.12261599,80.07489287700417,0.06699339563208852,461.075064412788,37.06673137193521,-25.793267395795905,1000000.0,1000000.0,616981.995426877766102644,816.0,1290.0,8686.390518334323,4005078.067755628919903860522524,8.10577087,3737.36882600055062588556,0.76508,352.75931028093584304,10456.444426312407791295,4821205.78739073148821408695523308046,0.048354252498634696,0.05277726314179316,0.049668712057236664
2019-12-17,470.0,408251789.006002,0.0,0.0,33.07702401,69.55277909699285,0.06177245235357082,408.251789006002,9.497550543091547,-38.66558289976415,1000000.0,1000000.0,638545.286326877766102644,1612.0,2671.0,30232.46588187429,12342458.28233809682582781948858,12.3618751,5046.7576250437498743502,1.0531339629996748,429.9438244575979535641412481496,33018.568387780710319686,13479889.614728498175166031241592755372,0.049163836589329976,0.05440769357965487,0.0520585572328412
2019-12-18,402.0,469364106.245207,0.0,0.0,177.34245039,80.43266835203323,0.06443215334811925,469.364106245207,11.680641819853916,-27.291555681027706,1000000.0,1000000.0,639756.969026877766102644,907.0,1459.0,5638.807841985886,2646654.003042169801517749148402,5.91606809,2776.79001154863884814463,0.7366025848239751,345.7348138838143501946930623457,8631.543347053075596716,4051336.628606329411503865383739940212,0.050220519742689165,0.06129240326329175,0.05519338685935413
2019-12-19,321.0,476809211.892785,0.0,0.0,87.47038467,81.09131894799282,0.0667223658988119,476.809211892785,15.107278318447252,-20.13472119796108,1000000.0,1000000.0,635600.344926877766102644,839.0,1309.0,11432.4408633281,5451093.1180543419112954777585,9.70854606,4629.1241954934029541771,0.9240044449302203,440.5738311726085996662100305355,12708.486786605824534216,6059523.56907139493994385452035603156,0.050214854826126434,0.06011135064973482,0.05508716625408512
2019-12-20,257.0,487927435.916699,0.0,0.0,289.20252915,82.94389619494063,0.06791655769830571,487.927435916699,14.465640214378803,-15.881093047277627,1000000.0,1000000.0,635634.793926877766102644,703.0,1061.0,3457.784421645985,1687147.886806431460636927803515,20.44212211,9974.27222582836074611489,0.9975,486.7076173269072525,21689.091553451545888475,10582702.829038146720105881476044144025,0.05021649819573355,0.06022241612143547,0.05514279028858421
2019-12-21,232.0,488286571.957362,0.0,0.0,323.50065414,82.93397870924315,0.06838462080798126,488.286571957362,17.224206852453115,-7.00865020457741,1000000.0,1000000.0,635634.893926877766102644,794.0,1165.0,3091.1838576353007,1509383.5691346751076703464487534,3.649265,1781.88709701398263893,0.677,330.570009215134074,4251.393729804124424842,2075898.470367079221016183564397586804,0.05020065586419143,0.05756220927424942,0.05511698412278242
2019-12-22,201.0,505774927.537434,0.0,0.0,24.38627806,82.85663823360309,0.06762237140816028,505.774927537434,20.986704578644837,-1.2380858890169018,1000000.0,1000000.0,635643.977126877766102644,626.0,924.0,41006.66766870612,20740144.36869147545931664489608,45.69664374,23112.21667630243701176316,1.0,505.774927537434,42223.698812549097540296,21355688.207279457839982600645863440464,0.050171808325068,0.05779635152973837,0.05428045168142456
2019-12-23,271.0,454793759.241851,0.0,0.0,221.93506254,74.64153159310005,0.06211545580097067,454.793759241851,2.1607620246153365,-17.146193102011004,1000000.0,1000000.0,635645.477126877766102644,1099.0,1520.0,4505.822507615853,2049219.956715157593150828663903,3.49873014,1591.20063294336764308914,0.79025695,359.40392905749948361445,5318.069806132440546154,2418624.959041554388512327531413891054,0.05075637673481261,0.05935634182298769,0.05600994089643901
2019-12-24,240.0,453625957.729123,0.0,0.0,101.6809999,74.07237867215078,0.06269336811972417,453.625957729123,-5.282459486706197,-5.137004039312754,1000000.0,1000000.0,635646.377126877766102644,1855.0,2821.0,9834.679055268583,4461265.705404757552223526042709,4.42993688,2009.53435986956302775624,1.31953391,598.57483367980439306093,12496.851925349514814178,5668896.423235708383433786708203905894,0.04993851276449048,0.0538969019385304,0.05382333880912105
2019-12-25,315.0,436936444.475367,0.0,0.0,85.20498723,70.92702960242373,0.06076009764300929,436.936444475367,-2.2074121615875972,-17.715683840607817,1000000.0,1000000.0,635646.012157610756902897,2159.0,3318.0,11736.402205619313,5128061.850656157747221607962871,4.36955029,1909.21576766890877270643,1.3409782065923468,585.9222497074141555399633212756,14498.167864390684573732,6334777.918073890507563922442769259644,0.04956018179602306,0.05034212677336178,0.053930892191507714
2019-12-26,257.0,429402979.211786,0.0,0.0,224.37481107,69.62385591438454,0.05968373589722993,429.402979211786,-5.407203592792557,-19.286421984879187,1000000.0,1000000.0,635646.012157610756902897,674.0,993.0,4456.828265339439,1913775.334972051383791959428054,5.65921228,2430.08261302392405193208,1.0,429.402979211786,5619.597797328633339906,2413072.036144905537259397920499332116,0.04956398762839355,0.050354458297185226,0.05381999044906699
2019-12-27,201.0,423225803.359906,0.0,0.0,767.26845057,68.65190246216234,0.0584796193533377,423.225803359906,-0.5263013568677425,-22.679744281679774,1000000.0,1000000.0,635674.848657610756902897,372.0,518.0,1303.3248001471306,551600.6855811582818526249857236,3.28837553,1391.72537543330667350018,1.0,423.225803359906,1703.378524495113911898,720913.744455455906176440771669561588,0.04885237700631996,0.049915963213951774,0.053837574856796695
2019-12-28,201.0,431099830.000928,0.0,0.0,38.36077137,68.65559439345297,0.05900107776046272,431.099830000928,-8.551450887323004,-20.597737868299706,1000000.0,1000000.0,658948.073157610756902897,351.0,511.0,26068.297488107397,11238038.615536717248511473664416,52.10971537,22464.48943740374491586336,0.482584570028543,208.042126100375820928676487904,26628.064555864297481085,11479354.10328683499107301378361244688,0.0488652866737243,0.050159121447880387,0.053447838397540144
2019-12-29,227.0,452468642.435769,0.0,0.0,454.87657937,72.08088676881657,0.061214075062091096,452.468642435769,-4.023293535572679,-16.98640126682103,1000000.0,1000000.0,658959.931457610756902897,370.0,610.0,2198.398522492492,994706.395004978236183894746348,5.31841116,2406.41427748044343278204,1.0000744056674518,452.5023086671104432297554034342,3244.230806758143600122,1467912.708882156871618381852805563818,0.048972493766976925,0.05116081077946384,0.053543479597371206
2019-12-30,180.0,439220685.365555,0.0,0.0,705.39576204,70.05685804736885,0.06075481527034886,439.220685365555,-8.293365528851288,-17.488697573564355,1000000.0,1000000.0,659080.939557610756902897,222.0,331.0,1417.643901221307,622658.525898721613446249880385,5.11688015,2247.43960641640387323325,0.1974,86.702163291160557,1693.687329534579557948,743902.50967313463637693098468568114,0.048823683645450616,0.05124409094487996,0.05346274800654224
2019-12-31,208.0,430530392.379644,0.0,0.0,189.76510983,68.51811274605849,0.06006790320571822,430.530392379644,-5.500161064267119,-17.236634250156513,1000000.0,1000000.0,659102.456057610756902897,297.0,471.0,5269.672601553674,2268754.212859162661404451012056,11.73469304,5052.14199896587748447776,0.5,215.265196189822,5527.040422798078974409,2379558.881925410411972018632488530396,0.04883857999231856,0.05121298099800575,0.05350197227621927
2020-01-01,195.0,437200675.299128,0.0,0.0,1315.87577203,69.61974224801713,0.060971011104617195,437.200675299128,-2.365082847553981,-21.507502025195222,1000000.0,1000000.0,659102.456057610756902897,279.0,448.0,759.9501573466591,332250.7219856379381816839432648,2.23437944,976.87220004248745312832,0.3695593160362996,161.5715825341540487095362267488,1001.001986985549713847,437638.744685851272502978761528625416,0.048855264731138826,0.04943202341866099,0.05351707105904344
2020-01-02,226.0,420695819.198013,0.0,0.0,359.18787081,67.15752416745003,0.06055943584284835,420.695819198013,-15.532847877892106,-22.186995401931892,1000000.0,1000000.0,657881.054757610756901897,399.0,613.0,2784.058375194674,1171241.718847612413915428982762,5.25245115,2209.68423934679545956495,0.47890623861059356,201.47385237132274082632510259628,3219.752552759647745776,1354536.437798113580790334239628343088,0.04891118604896755,0.04958896845407075,0.05365733701400007
2020-01-03,246.0,431603252.258621,0.0,0.0,327.76091137,68.93347056451,0.05900000000000008,431.603252258621,-10.579115775009583,-12.99059421977998,1000000.0,1000000.0,657881.433557610756901897,376.0,591.0,3051.004452696325,1316823.444439267861009676267825,6.08099512,2624.57727076080327892952,0.6923508478714273,298.8208776453217691889359997533,3593.86811317502288363,1551125.16583489368704656315794727423,0.04890794536777832,0.04770789846797048,0.0534168000860494
2020-01-04,206.0,435681164.898093,0.0,0.0,474.13137542,69.58591835211638,0.059331529755386296,435.681164898093,-10.159082130150095,-13.528946491416383,1000000.0,1000000.0,657464.334457610756901897,346.0,541.0,2109.12007059034,918903.88926474746991245022162,5.13700262,2238.09528556615577400366,0.7624199915881036,332.1720300766992425059251264348,2779.118417853785605992,1210809.549680282491870599810930173256,0.04879369790369636,0.04763045620250388,0.05339993568917995
2020-01-05,233.0,437005759.62814,0.0,0.0,269.33886189,69.72136114934705,0.059492741636071364,437.00575962814,-11.262606085624753,-14.029396408877947,1000000.0,1000000.0,655743.050357610756901897,354.0,596.0,3712.795075297004,1622512.83222378448204309609256,7.73652754,3380.9070945017252689756,1.5257865695532369,666.777518858026158190477326366,4610.970412547864241474,2015020.62775835749161212009340547836,0.048753804984298654,0.047584715722081714,0.05252711896536994
2020-01-06,224.0,466758766.892009,0.0,0.0,40.04566296,73.11720109239333,0.06010441976989744,466.758766892009,-8.514516637263835,-6.2747630434507276,1000000.0,1000000.0,667333.966857610756901897,387.0,620.0,24971.493192896425,11655663.370168531970313897167825,41.44320753,19343.98044275242208562777,0.8772531649115609,409.4656055062323831974459268481,25694.78866789934421654,11993267.87417946446358567332489162886,0.048720275126231,0.049202199639808764,0.05092612557053725
2020-01-07,241.0,471372672.878809,0.0,0.0,15.01035918,70.38456925358184,0.05793604247818258,471.372672878809,-3.530776768080796,-6.541540706271679,1000000.0,1000000.0,666165.983543110756901897,342.0,573.0,66620.65763393482,31403157.45785188749185966522938,164.20451662,77401.52189794221568630558,0.5389740413427062,254.0576344800051275033086929158,94089.188024947602277209,44351072.048316379184417468442079764081,0.04870284372784017,0.04917528478236137,0.05095670515628073
2020-01-08,283.0,480369444.968027,0.0,0.0,127.44725985,71.75847030491623,0.0596014086191693,480.369444968027,-0.31958811253484465,-3.0536739091780487,1000000.0,1000000.0,670780.274943110756901897,502.0,845.0,7846.382897633055,3769162.597542610043618453332485,10.91872603,5245.02236278904892264281,1.0,480.369444968027,9226.323492881165353147,4432043.895370793610606563893578830969,0.04872763783049507,0.049232564395895684,0.05105129672220841
2020-01-09,218.0,463920093.150545,0.0,0.0,35.07505654,67.98909622816763,0.05934655449492487,463.920093150545,-4.235686392052141,-9.000389670002134,1000000.0,1000000.0,671360.309743110756901897,375.0,559.0,28510.28903811452,13226495.9463110501262933104134,54.68692413,25370.36293650638708315085,2.438949069052693,1131.477479304360346060986667685,30569.990589398359182207,14182032.881844970839137851368336352815,0.0487627941504046,0.04928145454314752,0.050827873760945955
2020-01-10,214.0,475219796.87856,0.0,0.0,931.05574733,69.77398383130632,0.05845392868068801,475.21979687856,10.869659853755506,-3.889803481423057,1000000.0,1000000.0,671353.722343110756901897,279.0,465.0,1074.0495430733931,510409.605696848048572367841936,3.75637504,1785.1037835084926951424,0.6171961418607229,293.303825169283639343685111024,1746.714391902964307842,830073.25852498414631822476252966752,0.04829595867215754,0.0492423721345431,0.05065726851450393
2020-01-11,202.0,481567110.832222,0.0,0.0,536.08228475,70.72557079939425,0.05995602357718437,481.567110832222,14.033359005250945,-2.4040584522077837,1000000.0,1000000.0,671364.278443110756901897,363.0,623.0,1865.3852747017204,898308.1973270782691388591547288,5.32200808,2562.90405491134100835376,1.0,481.567110832222,3315.611032648786901997,1596689.225636116398213587251823747334,0.04830332709191449,0.04931391567498652,0.05065764057138949
2020-01-12,179.0,493379922.959916,0.0,0.0,910.99967397,72.53578636032066,0.06042953051584469,493.379922959916,14.242049656390709,-4.124632910376155,1000000.0,1000000.0,671366.846443110756901897,286.0,479.0,1097.6952336793909,541580.7898262048731820959951644,3.47836751,1716.15669411007484672916,0.9065468261735234,447.2720032570493367503586880344,1666.138037881664464627,822039.056770641219559056845320891332,0.04596370351036115,0.0488862668643393,0.05077973429467122
2020-01-13,185.0,479618928.945726190488904649324831423692,0.0,0.0,341.10303192,70.43361284735109,0.059695481992774926,484.842267438142,16.989167108969898,-4.786216533669241,989226.726209298114296026,989226.7262092981,660601.031552408871197923,376.0,601.0,2900.081892063242,1406082.280304239239001986976364,6.17370331,2993.27231131076248565002,2.0,969.684534876284,3710.395687452169318127,1798956.658197013413560207243291800034,0.045662223162952265,0.04894715605711916,0.050781357975547566
2020-01-14,284.0,529917842.01358213558322047219287818951,0.0,0.0,283.58637663,77.96043806745566,0.060668505443956466,535.71308770241,20.511229045415885,8.058833079194109,989182.183855759860914311,989182.1838557599,660662.275498870617816208,635.0,938.0,3488.116021742232,1868629.40427177779782214517912,5.02819687,2693.6708708032934534567,1.5,803.569631553615,4716.448663692063714621,2526663.27661638097582424541881393661,0.04576459679660997,0.05205996641599281,0.051755293117739604
2020-01-15,314.0,527332302.299097721755450389882962288031,0.0,0.0,162.94988529,78.3936370640082,0.060500755376451464,533.099272212521,21.937490394987428,15.620928859265243,989182.183855759860914311,989182.1838557599,660661.281498870617816208,588.0,862.0,6070.468734028848,3236162.464099642581623200805808,8.13807734,4338.40310716320881437414,1.085,578.412710350585285,7015.022669317124149902,3739703.479567295254152319612805322942,0.045765707638391134,0.05012327750379428,0.05157080619978488
2020-01-16,253.0,524073772.675508546071461901318995489974,0.0,0.0,108.63392138,77.51105719698128,0.06077106370543542,529.843882983991,15.723090080024487,29.783603465409758,989109.791593731024965114,989109.791593731,660589.889236841781867011,400.0,610.0,9104.981013832017,4824218.494864270955951574239847,17.09718108,9058.83681150762486809028,0.8445760206625992,447.4934382630389754859060494072,10429.280456628140696081,5525890.453868904802651720018119439271,0.04576703414796369,0.044149836470575965,0.05071287359878935
2020-01-17,305.0,506956493.20432885037107515307283322854,0.0,0.0,21.07355856,72.27185981444654,0.05750751535097699,512.53814036911,11.332166600424163,9.198409837787613,989109.791593731024965114,989109.791593731,660589.889236841781867011,669.0,1094.0,46936.05917128438,24056520.4839046063369659775018,44.07402474,22589.6186788217468717814,1.0000000000144211,512.538140376501363776076972221,48216.983067052944274977,24713042.83539618196010027238411676047,0.04582854910978763,0.037221761918873185,0.05073714235798001
2020-01-18,280.0,511672784.657743434436504465282172004016,0.0,0.0,451.44132387,72.93234278950034,0.05794317860488765,517.327172194952,10.858675528117912,8.497730180447489,989069.997013267766995958,989069.9970132677,660550.053556378523897855,509.0,827.0,2190.915950124847,1133420.352994903591751423172344,4.29089957,2219.79894072063549297064,0.965548539,499.504495297837326775128,3548.573941966957075477,1835773.722722459608436249176822392104,0.04582862940754968,0.03716391175934635,0.049814223388807255
2020-01-19,264.0,498348146.379995189647391174119121631165,0.0,0.0,145.48523609,70.78555048150255,0.057999863603607406,503.865395601563,7.512826121244083,3.2664610578662017,989050.152541273870840455,989050.1525412739,660295.348084384627742352,476.0,759.0,6798.285373409524,3425420.749085309251106333486012,10.20398304,5141.43395116123944949152,0.5532747818934006,278.7760168550867788323767451378,7744.823124762530973495,3902348.367622605983561315125533572685,0.04586896579142449,0.037326469603766725,0.0497929798382416
2020-01-20,289.0,473160542.83178924057491334675104087176,0.0,0.0,22.61940547,65.2456848501559,0.055402225623886636,478.467957819708,7.213352766381787,-2.0108302586112106,988907.48084343267164222,988907.4808434327,660138.865286543428544117,984.0,1512.0,43719.42852655918,20918345.68414745641284403231944,31.85177433,15240.05341660929804249564,1.9394343478870653,927.9571917589212512544026229324,48159.882782200079780113,23042960.763635789333259339335537867004,0.04602586851299008,0.03855125859124322,0.04857883563174942
2020-01-21,268.0,478965953.6272275391786744196951196912,0.0,0.0,290.30680555,66.03260132477693,0.05547426807696722,484.33848757896,11.865735317780441,-4.238335827132798,988907.48084343267164222,988907.4808434327,660135.443886543428544117,653.0,956.0,3406.421971258993,1649861.26561532021924369758728,5.52418993,2675.5777957951209118728,1.7064356977987067,826.492485022572845232302131032,5281.125575711029035033,2557852.37405444421535461058519370568,0.04598221685088804,0.03803874991831486,0.04851165144965141
2020-01-22,211.0,470652606.532405244189462939164199442522,0.0,0.0,401.89980502,65.05327558081959,0.05504051434472189,475.984890090474,5.694624368805952,4.65950343820658,988797.368006670949400153,988797.368006671,659697.98324978170630205,387.0,616.0,2460.308155547916,1171069.507007171607054282152184,8.49961631,4045.68893512655018603094,1.7939629029777204,853.8992352002379167287622754696,5235.763645203342806456,2492144.383201812633399377686911300144,0.045860947329602164,0.03267865458708878,0.0476659946040499
2020-01-23,190.0,463702205.341031162442316465900235095422,0.0,0.0,617.28267088,64.72416765136536,0.05606000000000003,469.019521459071,2.6049967408876475,3.393448604001635,988662.910870962855479682,988662.9108709629,659562.530314073612381579,289.0,460.0,1601.637236091706,751199.130022761067802681565126,5.57699231,2615.71826441711894674401,0.8856,415.3636882041532776,2565.416461276822676558,1203230.401011278720455983351668157618,0.045641574067076515,0.03280646578148832,0.044259757709991944
2020-01-24,174.0,460261994.630330319702839671170922657074,0.0,0.0,224.51325408,64.37981817942791,0.05526751207992475,465.539861533657,0.61021773617095,6.546356436949166,988662.910870962855479682,988662.9108709629,656482.173714073612381579,332.0,616.0,4403.583721201589,2050043.755820053773944405380973,8.12819135,3783.99707559806856126695,0.3692878149621117,171.9181982435282285537093434869,5006.965870335493510017,2330942.197979732057485344747712142169,0.0456231152461215,0.03203719090148298,0.0420599789888383
2020-01-25,161.0,451268435.003694676436433478308395240484,0.0,0.0,1267.59475632,63.273948433253615,0.05469808299240204,456.443171926162,-1.1829190228265416,6.29716001598571,988662.910870962855479682,988662.9108709629,656328.886214073612381579,241.0,392.0,779.9518781075989,356003.7091931997124440019124218,3.73747965,1705.9470664554817776033,0.42,191.70613220898804,1465.092021662512805711,668731.249531350593833831934743911182,0.045640471480540463,0.03208916191587692,0.04211701763314728
2020-01-26,160.0,472277070.386325777724609113952743452159,0.0,0.0,435.5288185,68.56389041442199,0.05571607978064668,477.702692920117,3.584871138174835,12.871826133409092,988642.260941370676877027,988642.2609413706,656455.591084481433778924,308.0,738.0,2269.981270926619,1084376.165999875587819535894423,4.45538974,2128.35167680665992139958,0.34606008999474763,165.31383690266898053731716507271,3288.077627302916900329,1570723.537092992224940536975248018493,0.04573106328583178,0.03288424484188165,0.042386733240557604
2020-01-27,194.0,475938013.125073393447078097688854492656,0.0,0.0,1216.35577997,69.20129727474716,0.05407862224109865,481.405693371728,11.550049265904255,11.669191187269005,988642.260941370676877027,988642.2609413706,656455.344484481433778924,295.0,521.0,812.7903671130805,391281.910245933865053497688104,2.64768051,1274.60847174336041062128,0.48089475851902097,231.50547466367899053914083713616,1379.441544550340958588,664071.013220024309027949585338000064,0.04565024879435984,0.03278051228721156,0.042398964604691794
2020-01-28,293.0,519071217.69867617700615324234029284458,0.0,0.0,144.37567915,75.50929008148282,0.05648107982282914,525.126531713057,32.358054931413264,16.05810490781188,988468.84769918727620394,988468.8476991872,657554.242842298033105837,752.0,1080.0,6846.505266934308,3595281.565180390671049924859556,9.59966091,5041.03663928970861950187,1.9985740803198688,1049.5042751699853113097774869216,10367.633778845439754291,5444319.568356240802782517929396477587,0.04611884224217071,0.03525534142185293,0.043922513666086606
2020-01-29,251.0,514536106.996940859998130259326017444754,0.0,0.0,26.17941894,72.72053088778796,0.05590034354247733,520.541066733514,31.782834171996978,18.514697526205424,988464.003859954201328661,988464.0038599542,667902.187817564958230558,579.0,821.0,37757.29347816412,19654221.82409390211609399631768,59.60726121,31028.02733531661045919194,1.649037503130015,858.39174096286843976689982271,48937.561451417170222463,25474010.441257587448779161364117724982,0.04612268281606177,0.03474860868090888,0.043832220795619985
2020-01-30,220.0,538153532.22557542632283157002406023839,0.0,0.0,327.89275289,77.09817837776548,0.057260229907244636,544.48300062187,43.80118145109964,26.46795911721419,988375.269036745863079197,988375.2690367459,667813.280094356619981094,762.0,1027.0,3014.324837399529,1641248.63231632593514064509923,4.20539424,2289.7656745931285160288,2.0,1088.96600124374,4318.939885384321698629,2351589.34829953077795856194172641623,0.046198074591936034,0.03511708959837998,0.04411458854136714
2020-01-31,209.0,534222171.488450343505456520462412538573,0.0,0.0,299.31966259,76.39864711051031,0.057763077517522805,540.505566239767,48.10485039682443,23.628712574599483,988374.967541908056249019,988374.967541908,668027.056999518813150916,580.0,707.0,3302.071634672264,1784788.098662805087451888722488,5.82676245,3149.39753738186205234915,2.0,1081.011132479534,4119.52105274985783338,2226624.05925320296890526575621602246,0.04619471977799975,0.035193427562522826,0.04322202592675711
2020-02-01,181.0,543931415.112309853298267016353775809375,0.0,0.0,264.58500671,77.64755667004418,0.05865875895416898,550.329791089375,47.104009836042046,30.814181167402076,988373.560580103079176065,988373.5605801031,665380.178937713836077962,402.0,506.0,3735.5614850304905,2055790.7716583452732170855884375,8.21391772,4520.363622872915416225,2.0,1100.65958217875,4156.24236482678132238,2287303.9923519324777044826032677125,0.04621305955221287,0.03416846850618488,0.04311345363212281
2020-02-02,219.0,547141268.046175138902488311760785409984,0.0,0.0,182.17050007,77.98077744044409,0.059275561346578694,553.597410799471,47.89030271579536,28.265347376889068,988337.837881191856215104,988337.8378811919,668575.138238802613117001,560.0,722.0,5425.3451438315715,3003457.0243186415661139852986765,8.8576085,4903.5491314753861251035,2.0,1107.194821598942,6395.193334936138976849,3540362.471782680663658386325050446879,0.04589750442524472,0.034026534338414474,0.04159770506235375
2020-02-03,191.0,552398601.49047409102681364810827584435,0.0,0.0,341.62315719,79.70061055685923,0.060240275011185694,559.018458288027,51.02348700815361,28.309071708156786,988158.07117026873960905,988158.0711702687,668195.797227879496510947,577.0,732.0,2892.538314141131,1616982.308910223779003125538537,5.32334376,2975.84742165238881316152,2.0,1118.036916576054,3896.687629135871062851,2178320.310869561761798904638377784977,0.04589871587416215,0.0340269733306206,0.041571653456973584
2020-02-04,213.0,537579292.504286966493422734153646890924,0.0,0.0,178.12729394,77.7043556879383,0.059381610888008585,544.032181356043,40.603280757604324,24.490849232507745,988138.773637118854760068,988138.7736371189,668173.432294729611661965,449.0,607.0,5547.374306110122,3017950.144551555087906448167246,9.99876581,5439.65037448252218528983,1.9997303300253972,1087.9176535675566100005256952796,6069.250848574568034968,3301867.778347037269075560232082111624,0.04588641506471972,0.03463008302864022,0.04172698827021367
2020-02-05,270.0,565943137.319870806904262229154165642542,0.0,0.0,252.64109188,82.09655545405468,0.05948858398046539,572.764223166278,46.04863158216542,22.71097273225825,988090.935902560768472189,988090.9359025607,668125.641860171525374086,745.0,1029.0,3911.046016043896,2240107.233146948535788554939088,4.8270198,2764.7442459552425983044,1.9902120976800002,1139.9222860638139043708796732556,4967.003379142441167652,2844921.831918798109590457346870839256,0.04573473753076506,0.0338820464237398,0.04212709168965826
2020-02-06,278.0,563272061.39069880268322925375785173425,0.0,0.0,92.19471012,84.7527538453908,0.05853773880771484,570.115454365162,45.11672719684481,20.947922348425998,987996.478744672009034625,987996.478744672,671118.469102282765936522,800.0,1146.0,10716.41179202708,6109591.97797569865729451258696,10.01036913,5707.06614491294143224906,1.9921688536533522,1135.7662511727048110626641960564,11471.883021478747791072,6540297.801214343796147732927571433664,0.045707800456755036,0.03394061826054645,0.042114271929980525
2020-02-07,323.0,567144400.285418380852478478454444745064,0.0,0.0,58.37238692,84.32431370438664,0.05857682052113738,574.069207460529,43.117285802497854,19.505770709196256,987937.330403518037885416,987937.330403518,671068.795561128794787313,786.0,1098.0,16924.7375789225,9715970.6884094719619411000025,16.85428223,9675.52444209217735109967,2.0,1148.138414921058,18506.001885453972866222,10623725.835645617580617813296062351438,0.04565203355657756,0.03385802359829827,0.04203823608771311
2020-02-08,272.0,571931939.39182725604083790184072561304,0.0,0.0,259.62709153,85.14178508480919,0.0584111360966233,578.92990817256,34.724957638065696,24.790867375665403,987912.234828526289919759,987912.2348285263,669363.028886137046821656,787.0,1018.0,3805.119985804322,2202897.76396726894621276980432,4.5805962,2651.844137441577280272,2.0,1157.85981634512,4663.046929257204187323,2699577.33055921110661674231084845688,0.045428359955173504,0.03297080271807795,0.04190755059140013
2020-02-09,290.0,581452020.159811312245771784781077862499,0.0,0.0,707.97312493,88.35042338363603,0.05798299649327864,588.590221744467,31.105571822802027,23.856418779388164,987872.374835756792107697,987872.3748357568,669194.289993367549009594,627.0,803.0,1395.3529308581024,821291.0909855624216337693194208,2.50711429,1475.66295588982194413343,1.1059122762,650.9291518784862347257854,2013.212777716293448078,1184957.355254827512893197879648284426,0.0454429374426043,0.03286805754378089,0.04172561866090653
2020-02-10,278.0,562445609.787333840628404026733396429531,0.0,0.0,374.0131737,85.63777946717875,0.05767653764622525,569.403651228513,22.890591899256638,18.239729919365956,987780.125002418084115387,987780.1250024181,669102.287860028841017284,790.0,1083.0,2641.0303017930555,1503812.2968461074054992669914715,3.3176327,1889.0721728151099011751,2.0,1138.807302457026,3592.996218931487311931,2045865.165909830539250378220192288603,0.04526885524462839,0.03365206592418046,0.04198042560705208
2020-02-11,290.0,588955312.550731707860570485813947354796,0.0,0.0,163.4839464,89.42766613382709,0.0580450454989093,596.251625630617,22.96709320946388,20.850403083600693,987763.030294184186056588,987763.0302941842,669049.742551794942958485,819.0,1130.0,6041.957342214649,3602526.887286326578330000308433,5.82961973,3475.92024082081855527341,1.9945457902301003,1189.2511698194009103855226608851,6587.47030001376119401,3927789.87517661339247418080913300417,0.044927695483650346,0.03429939473902712,0.04204847670915365
2020-02-12,389.0,580541881.315584065317433806322524680612,0.0,0.0,270.83131026,88.24238356095373,0.056733513674724075,587.766873340989,18.116218665918833,21.228472188839955,987707.725029931375304308,987707.7250299314,669029.059987542132206205,1155.0,1595.0,3646.9480729374586,2143555.2660673951423318288705554,3.33383255,1959.51633415591637739195,1.9883881000203254,1168.7086565373763666383049378206,5317.46291349011651287,3125428.55076875166058334549511702843,0.04474334620214255,0.03422942529499366,0.04207122890132287
2020-02-13,366.0,614751955.294634003973984843593198746683,0.0,0.0,98.73640977,93.58826389032052,0.060809555173476935,622.416039167739,13.834557770645034,16.18458713360624,987686.557879592894684097,987686.5578795929,668913.490737203651585994,1236.0,1550.0,10003.265868577078,6226193.120661577268483292486642,7.35813023,4579.81827343700437664997,1.99998,1244.81963001469464522,11405.101863518727426652,7098718.328195925308702168691247179828,0.04493824905992923,0.03095540917729468,0.04248099496759729
2020-02-14,293.0,633143746.528899122243080521587397411264,0.0,0.0,79.96085066,101.15712050934364,0.061868333037548844,641.055890327222,24.302236023009822,20.250753235255566,987657.638097227083569312,987657.6380972271,669088.8405396306972645,747.0,1017.0,12351.765019286446,7918171.721551309058607889433012,13.85063965,8879.0341324322725075523,1.56674307,1004.36987365285510085154,14086.100523473110195508,9029977.712313802532941373006514518776,0.044940962356332326,0.03121240987210326,0.04140250112074489
2020-02-15,302.0,599384800.58684713700805391223591033541,0.0,0.0,282.53765131,95.8872422582223,0.061232367036820626,606.918341958755,22.59515183713506,14.5466356128703,987587.224094110789068582,987587.2240941108,668856.91943651440276377,773.0,1008.0,3495.418113340938,2121433.36580148165160004901219,4.27164679,2592.54078722023810814645,1.9951194260773073,1210.8745740845422096119380604115,4305.819959936370480545,2613281.110857494853302539055919921475,0.04508435647211741,0.03307669762007569,0.03873310397975271
2020-02-16,296.0,625628058.342529710775910812243247529356,0.0,0.0,133.51647805,103.51820043080212,0.06365565675986166,633.504063164383,28.525567131829792,23.601350468895447,987567.554369719004447732,987567.554369719,668836.30362549531814292,1244.0,1669.0,7396.596800830756,4685774.126914960473272590163548,5.72097479,3624.26077472600276890457,1.99998,1266.99545624750271234,9548.306918749022981105,6048891.229368096272035110374317983215,0.045182977938806275,0.03300026133123275,0.03493714941989628
2020-02-17,276.0,599914090.35727170003256878049739081217,0.0,0.0,232.54212174,102.5325670640098,0.06273621250669978,607.479741242877,12.611763548960278,17.426606196890713,987545.83836799839790421,987545.8383679984,668808.864023774711599398,1375.0,1690.0,4246.739605551902,2579808.276706546964195011302054,3.1441236,1909.9913909636229075972,2.0,1214.959482485754,5313.568885328290888249,3227885.451535432518928041769574252373,0.04510909446850768,0.03418559447908696,0.03542687949881708
2020-02-18,292.0,630714429.58229546989744403508760307284,0.0,0.0,72.93685557,107.17313877771086,0.06264538110943585,638.688691480682,12.087228595342864,26.757800209350346,987514.63427370277402562,987514.6342737027,670642.005329479087720808,957.0,1188.0,13539.309127049186,8647403.629907499488763782824852,12.05169672,7697.28240821882720276304,2.0,1277.377382961364,14317.415706329668539264,9144371.502860660430356363996214498048,0.045205471532018496,0.03458714741890191,0.035842576719598104
2020-02-19,491.0,633558765.539093552500192499541628964126,0.0,0.0,40.86075149,105.97066132785021,0.06658591402274835,641.622020581298,2.762887087465263,34.09926622987537,987433.013856196388664487,987433.0138561964,665033.449611972702359675,1408.0,2083.0,24165.806496932037,15505313.593538192367708339244026,15.52002158,9957.98760562494910441084,1.6039441708215183,1029.1258997820971697231729447534,32328.204944582120272251,20742488.178309088942840333917038961798,0.04520017585963975,0.0327173137025141,0.03583919238122277
2020-02-20,298.0,634332663.889202166041953684960838973478,0.0,0.0,85.19175647,105.72256613018902,0.06682064609978972,642.415704404483,-1.3772243268826625,32.63775662671289,987417.741409709492007266,987417.7414097094,664980.417965485805702454,961.0,1273.0,11590.531552980518,7445939.492030365743398890862194,10.43606672,6704.29315314098245510576,2.0,1284.831408808966,13285.112932147719480362,8534565.182398783776105174423423262846,0.0451811282879905,0.03275058574574021,0.03561458612364392
2020-02-21,221.0,624952312.430915432063529139688531001049,0.0,0.0,70.27635108,103.81347502664813,0.06523828259578646,632.928607167487,-0.19392120697176107,32.97241579395127,987397.797087624982674727,987397.797087625,672297.020643401296369915,687.0,982.0,14050.21435981381,8892782.60516157979514480559547,15.08995637,9550.86506748224811254219,1.9907263339778412,1259.9876458162325810821550890644,14818.33715645701674679,9378949.49697455950024498278539961673,0.04518893640388832,0.03268260637004554,0.03265142313860216
2020-02-22,204.0,639239954.113276394616220908572480764,0.0,0.0,51.87794149,104.27831799603528,0.06691393746347167,647.409010381664,-2.698344623946015,38.03455522866977,987381.923733851433541625,987381.9237338514,659132.498589627747236813,642.0,921.0,19032.789183875153,12321999.210335451218403056394592,21.67698507,14033.87545222680552975648,1.9999800000000003,1294.8050725831205609427031144992,19964.503248229585879214,12925199.290697832614504211983144332096,0.04504779901078263,0.032437982948819694,0.032707687404299295
2020-02-23,214.0,543412698.77357746489241364859491639106,0.0,0.0,477.3475931,89.90686562759122,0.05518709507853345,550.372203006074,-25.41663481622197,18.222358273027034,987354.91328507423030069,987354.9132850742,658506.287540850543995878,551.0,767.0,2068.419172009754,1138400.416439007824518849245796,3.59301025,1977.4929667159046942585,1.6816741553642287,925.5467096261893058345084251238,2755.838859951345870227,1516737.104481169664647130574896758798,0.04666831125264921,0.045241362335841404,0.03890491089721564
2020-02-24,219.0,621942888.119988508197887815369033702032,0.0,0.0,199.40885334,104.63909937675628,0.06529000000000004,629.918434688206,-3.9071526277444897,38.005884068763514,987338.763038161933585272,987338.7630381619,658319.32589393824728046,516.0,736.0,4951.328622070529,3118933.175241579530912256480974,7.63294398,4808.13212394436516469988,1.9634846787618543,1236.8351953799422564241469003858,5617.846771455584032604,3538785.244593493249569678286878268424,0.04744809715151,0.050741485502917176,0.04231917058840901
2020-02-25,246.0,580951613.121841691979554366330507837816,0.0,0.0,332.31010762,99.73576488448151,0.06297125050684216,588.421446306692,-12.473063164895692,23.17733498837315,987305.300933989164333598,987305.3009339891,658285.613789765478028786,685.0,998.0,2971.0360241457756,1748221.3143571411736608338103152,4.9261026,2898.6244165471558585992,1.9952897680095698,1174.0712910931350130843217811016,4916.250392246698634561,2892827.166211644264573533692836782212,0.04764390866332459,0.05227519357364741,0.04332284105056348
2020-02-26,264.0,534572649.331149077221587977435332347345,0.0,0.0,332.3264216,91.66841045575133,0.061536965883679025,541.456929042315,-19.132274986006337,12.474143222111236,987285.637431323896630163,987285.6374313239,658268.207387100210325351,959.0,1426.0,2970.831006127422,1608577.03328144481283131986193,2.85610319,1546.45686228535951648485,1.9953415389506575,1080.3915020707897697015145721125,4072.803150472716758133,2205247.486448822779457782963177397895,0.04805166512587918,0.05480223845953794,0.04477030497777036
2020-02-27,255.0,557774785.8621495554482222789480312455,0.0,0.0,385.40450253,96.04629511663435,0.06435541831644036,564.978114718875,-12.638446475464882,7.588948681723415,987250.251524681239038964,987250.2515246812,658426.455080457552734152,1026.0,1380.0,2561.5950125962017,1447245.1208898748947096882970875,2.73610275,1545.83817337212936440625,1.999577056380153,1129.717275548776465376724487875,3775.821794379745233751,2133256.678903108154399868480526750125,0.0481523165663842,0.05305467567111159,0.04467777025036648
2020-02-28,263.0,581936126.762827963875103868796933954772,0.0,0.0,46.93081662,98.32885680183595,0.06736281393966437,589.464598164308,-13.457243774749495,13.240748105293825,987228.289154386941047009,987228.289154387,648220.434610163254742197,981.0,1441.0,21035.821667615437,12399872.166356976976361883222596,15.95539468,9405.14031359913762908144,1.9993592929577142,1178.5515222093939586091877047736,22991.72373957946076814,13552807.19525598767495123834761154712,0.04825022534608458,0.05350323943567391,0.04473393026918366
2020-02-29,183.0,545088108.700984557209092088019458311134,0.0,0.0,893.93898349,92.40916301774705,0.06433742335997132,552.149576922042,-16.567294482409704,1.4080469530574435,987210.950589835457748027,987210.9505898354,648313.741445611771443215,453.0,653.0,1104.3381806005648,609759.8591974594643978307693216,2.72870064,1506.65090392290523550688,0.7907459066634159,436.6100178170416011684077232678,1781.841517923060086541,983843.040263346744274950624930436722,0.048465419973808356,0.054386440322571186,0.045539062070772324
2020-03-01,199.0,535789153.060824513695124486478327459152,0.0,0.0,663.84276105,96.89203768142823,0.06353951358284264,542.740158354408,-20.032605137741573,0.41342629090516564,987192.756632088947438194,987192.7566320889,648295.497487865261133382,570.0,837.0,1487.088230160155,807102.50152409885547909021324,2.74763536,1491.25205038657083266688,1.8,976.9322850379344,2299.770793216993284195,1248177.96448943343063138135867498156,0.04847265165957069,0.05446488714681244,0.045596984139035956
2020-03-02,173.0,571442140.861388682809771766131513814208,0.0,0.0,545.97247023,105.13557516487217,0.0649957232805033,578.865869787493,-10.794162877798554,5.185268753419829,987175.390166240693112256,987175.3901662407,647800.226752875607093379,420.0,617.0,1808.1047012256308,1046650.1005418299335974408755844,4.56130971,2640.38651264928745745703,1.6060325481355795,929.6774278835259465150174071935,2814.32808984259734482,1629118.47759410885568073845944433626,0.04865859145607392,0.055637292932447575,0.04592168147909276
2020-03-03,219.0,536042098.03544678153304092775755392656,0.0,0.0,450.02672538,99.2458349539587,0.0619259230650415,543.016691467006,-11.216132942918591,-1.911266043890093,987155.83969856109166776,987155.8396985611,647780.676285196005648883,564.0,807.0,2193.5493694507422,1191133.9211686792337677735118532,4.31182292,2341.39181621000489457752,1.0,543.016691467006,3479.641098423805010012,1889503.196758713182976445592797664072,0.04889643027374952,0.05690118735299847,0.04669955623783817
2020-03-04,221.0,535946856.137906067269947785737864401091,0.0,0.0,61.44780609,98.294638920186,0.062004306166,542.932619857493,-20.0743724784,-2.877514721,987133.276830151537314487,987133.2768301516,643615.35481678645129561,347.0,463.0,16064.58130262036,8721985.21354536963245068035748,35.71764322,19392.27360856982221764746,1.0,542.932619857493,16537.268812067067330695,8978622.681423183914969401206804647635,0.04833154743020634,0.05686756222766043,0.046696513649744864
2020-03-05,206.0,540789770.746822156248633336910562114287,0.0,0.0,447.2059314,99.13171459550328,0.060450389935911,547.838659115401,-17.675133553621624,0.6996787855214873,987133.276830151537314487,987133.2768301516,643615.83781678645129561,406.0,567.0,2207.33493793352,1209263.41261607648712214614152,6.75295364,3699.52906720606636300964,1.0000000000886666,547.8386591639759912523216143066,3828.924712619111538086,2097632.980415076183557419757280662486,0.0482293128959252,0.056676016504248215,0.04670148464587224
2020-03-06,236.0,582497400.345450840355009318416093581919,0.0,0.0,419.44546778,106.81089231167279,0.06451242894330635,590.100674905269,-12.607297884558202,3.026804230745054,987115.292554039629142851,987115.2925540396,643603.125840674543123974,633.0,886.0,2353.381710830498,1388732.135870793477537466093962,3.6341042,2144.4873410960726750298,1.6598792986436455,979.4958943908997681709013181395,3219.816319800875004791,1900015.783385495786126740643846143779,0.048476718682677014,0.05753515715907068,0.04690412739312386
2020-03-07,284.0,608244191.965715810192373075637436648008,0.0,0.0,307.28446772,111.34470879816415,0.06924844769040918,616.193943827737,-5.007544660198943,8.082308435908756,987098.620585853047381384,987098.620585853,643589.733772487961362507,789.0,1131.0,3212.3283936227917,1979417.3017362471398428218333829,4.32212732,2663.26867903640746147484,1.2499,770.1808103902884763,4888.325996360151519866,3012156.874412813708352836110237323242,0.04843404527740128,0.05803610609291954,0.04717355513970951
2020-03-08,348.0,509302440.286855667800091149635610236898,0.0,0.0,142.27293345,94.2550605676881,0.06362667861309321,515.987838085534,-19.882853375208903,-10.11748559584403,987043.497336132735165247,987043.4973361327,643533.61052276764914637,1240.0,1721.0,6937.675869680819,3579756.373334782713716601172346,5.17098805,2668.1669446856311918687,1.0,515.987838085534,8899.270427147204617107,4591915.308242212814840267744385630138,0.05023176173199376,0.06668259283223144,0.05264970851614227
2020-03-09,376.0,509267841.321139472126638922464822014,0.0,0.0,64.26417258,105.80108336061257,0.06534582079558425,515.9957800452,-20.212297008613138,-10.870768160176196,986961.252428321843091195,986961.2524283219,639238.131000456757072318,1409.0,1973.0,15357.876913210497,7924599.6776702187401797744644,9.72207415,5016.54923468652475158,1.0,515.9957800452,19181.652298649042379038,9897651.6403972162525237051751725176,0.05017077554197739,0.06664811858728846,0.05243722757029953
2020-03-10,286.0,493636954.756718193566807905665908667148,0.0,0.0,255.08135397,106.52533271748437,0.06323293980128582,500.167993181029,-23.01592789522806,-15.022714495896953,986942.310357018414941212,986942.3103570184,639218.173129153328922335,860.0,1193.0,3869.127613521609,1935213.793816407138408940355661,5.43878889,2720.30812444657628396781,0.9999999999999999,500.1679931810289499832006818971,6488.475145491886086979,3245327.592325661829022160509586721391,0.050204997452503404,0.06671402688988723,0.052523858163377735
2020-03-11,282.0,483821887.527039010714253586754914127952,0.0,0.0,223.3373909,104.06456319441224,0.06174848587812002,490.242306291928,-24.772833947549756,-13.902500408241321,986903.580775287521158334,986903.5807752875,639178.484247422435139457,864.0,1187.0,4418.890973791133,2166327.302243948608469595874424,4.99107744,2446.83731506721189490432,0.9917137259736059,486.1800242026616561472282231752,5924.40892648916975252,2904395.89553853591259298445863365856,0.050227911162353193,0.06656911388272205,0.05256644440285221
2020-03-12,859.0,208730032.985482249077277067758688934132,0.0,0.0,27.52852895,44.75804509131064,0.042669152035110285,211.609698067838,-66.79682230103397,-64.5100006487979,986391.620475576758903814,986391.6204755767,644184.120439651672884937,2389.0,3530.0,35831.61389059394,7582316.99667193370714023170172,15.05095901,3184.92889173750593732038,2.478276591373962,524.427361229234831289102834156,53129.885320450726285525,11242798.99103943657352934339120744495,0.08025410284420624,0.16580292383199027,0.12047697951056341
2020-03-13,854.0,314213260.749358849510047400524529093244,0.0,0.0,11.51771786,63.70063106474288,0.056630586754488,318.699522027124,-50.523787785438714,-45.777903369141974,985923.225584934099585131,985923.2255849341,658134.046849009013566254,1727.0,2816.0,85600.57101456389,27280861.06759039666965961095236,33.73821299,10752.35235396230606914076,1.3013523987688789,414.7403874764929763700928712836,95006.807782170684841367,30278624.229500642035639906382211238508,0.08597259400055005,0.1845777645933061,0.132304663414811
2020-03-14,538.0,241379803.722947161583488473367620190428,0.0,0.0,37.00625812,48.30166545770206,0.04758601730169629,244.838267911142,-63.89420297283534,-60.663245722503156,985874.494956605384319834,985874.4949566054,658124.928920680298300957,1190.0,1818.0,26640.750646536213,6522675.244150562769249169185246,16.70531592,4090.10061476122559798064,1.0606083105260187,259.6775016813530541868906303554,30370.2643462453028526,7435802.9185382113042873781759236692,0.08814925119023187,0.18916346762059197,0.13561157733123766
2020-03-15,556.0,209292361.09621396884882304239461295684,0.0,0.0,36.87986629,41.725837703528214,0.03962218637392982,212.31987040877,-69.41257007336864,-66.8796631288431,985740.810284372808955092,985740.8102843728,643620.215248447722936215,1685.0,2685.0,26728.426903028667,5674976.13628132824886431820959,12.65098159,2686.0547717325350445443,2.0695976564300635,439.416706211525180430662056895,33967.885561337578061124,7212057.06044312418096066151792565748,0.08842212321618148,0.18986863197490256,0.13663111375378392
2020-03-16,675.0,198178662.55611757285715492638954122368,0.0,0.0,24.95843666,39.89921712271404,0.04010947633331623,201.065892420992,-71.02347031778098,-66.87101401943525,985640.37972771064579579,985640.3797277106,620560.365891785559776913,1641.0,2550.0,39491.27075373482,7940347.59693871297191576934144,19.28773375,3878.10539922223660688,1.7540661233356891,352.6828704539201497215156255872,49183.721069869745650003,9889168.769498507833577576958362062976,0.08846539403220097,0.18986778968037576,0.13671831073481214
2020-03-17,457.0,209080043.683008783025232820973375365725,0.0,0.0,45.03428652,41.90686817610656,0.03916812273524263,212.164113335225,-69.01176097427889,-66.5094313246461,985463.754431724727856581,985463.7544317248,624254.625895799641837704,1096.0,1531.0,21882.521755912312,4642685.8258819065368849607902,20.36055872,4319.779887838583656912,1.78883,379.52553085745053675,31172.015404745763112979,6613583.009219859685429206762175385275,0.088559079318141,0.19003518121151697,0.13699484645820928
2020-03-18,452.0,209356721.4770109341718848714554901096,0.0,0.0,34.89881362,41.91118662522366,0.03939653772930839,212.4453504836,-69.32550318638742,-65.02840571293027,985461.536345425942225786,985461.536345426,623168.865209500856206909,823.0,1224.0,28237.68014179711,5998963.854567878779511582396,27.0853047,5754.14704994659835292,1.668802587403376,354.5293505688487367698726336,33152.412948193324758553,7043075.9881559696477407494317862308,0.08855547204970084,0.19015630523092542,0.1369750316129553
2020-03-19,475.0,265670491.135588643207821525443820195008,0.0,0.0,132.67497021,53.1473872625848,0.043463510454658925,269.628131217208,-62.033486568947794,-57.78410752942488,985321.857686907502775976,985321.8576869075,622790.144680219418770806,990.0,1452.0,7426.584352260006,2002416.060226824577814477383248,8.00173367,2157.49249593991133699336,1.31099452281274,353.48100322199444750004962992,11618.517291679076577115,3132679.10487024617318442368722699492,0.09039799485948753,0.19607643925304402,0.1408071550620417
2020-03-20,417.0,253746825.219564887914607121617879425092,7435.073245718140526511,1900499.847355423182620239716606091938,56.06682515,50.423974592078046,0.04140048684979541,255.612794191358,-63.50477212776471,-60.1614679683566,992700.017314484649783774,992700.0173144847,630068.304307796565778604,742.0,1159.0,17705.65775117987,4525792.65077496262320705756346,16.7999352,4294.2783787057508000016,1.0,255.612794191358,19471.124901615838853687,4977068.642150955202968094962841836946,0.0904722907881453,0.19602227440270373,0.14081557021397784
2020-03-21,278.0,272753821.483605921514671935078958368864,0.0,0.0,99.97424281,56.445840946356505,0.044489898305084645,274.762094127476,-62.27752047435011,-57.22986031573131,992690.867165474654345464,992690.8671654747,630298.654258786570340294,445.0,683.0,9929.466223600946,2728240.933164636779660678192296,15.97481289,4389.27304295099690796564,1.0,274.762094127476,10910.797206221206588552,2997873.488981553334137398478970254752,0.0905598579491327,0.19684784279872053,0.14119210224662232
2020-03-22,326.0,253744018.757422753288141177689963251436,0.0,0.0,493.06346837,52.69775471658565,0.04384118351841023,255.618693922038,-65.11497125333486,-59.61334485006212,992666.126503302570830722,992666.1265033026,630272.458996614486825552,576.0,880.0,2013.2623692173531,514627.4973417276407299281176178,3.77979792,966.18700759963587456096,1.000000000129604,255.618693955167205207071812952,3326.222173187466420308,850244.567604703050461944780691947704,0.0901436468962896,0.19699124513763577,0.14142161122345917
2020-03-23,300.0,272098345.809319195027339425440589069744,10195.255877397095404533,2766284.185910635562301300533414648031,80.95133116,56.65340104470447,0.041830625365283446,271.330530511107,-62.60042402302658,-58.08978155074629,1002829.815342806637339792,1002829.8153428066,639948.605638665825415596,457.0,669.0,12388.058367259131,3361258.448790978009484142668017,20.51368358,5565.98864849838467352306,1.0,271.330530511107,13723.654312923439232143,3723646.405276558401195513481412912301,0.09025089273266496,0.19744925850015027,0.14170837737524844
2020-03-24,319.0,280287248.714600504173836270703423504326,0.0,0.0,24.41204688,57.51306199408763,0.04125474751233689,279.503291450751,-59.59176464706295,-49.2155872109576,1002804.823012209997184826,1002804.82301221,639868.01330806918526063,494.0,791.0,41078.27696661894,11481513.61929556529391199382394,96.53808655,26982.71294108247510049905,1.01036828,282.40125983743399257828,76361.62645759070932857,21343325.93542935467574518514443225607,0.0902797310594872,0.19608387289504792,0.1417968292741944
2020-03-25,325.0,285943275.627652428090387091575438895814,0.0,0.0,434.53800633,58.842104725484994,0.042622839275277574,285.145473991633,-58.01870930651594,-54.73295298417914,1002797.875852109221686758,1002797.8758521092,639555.635047968409762562,483.0,692.0,2307.733411675966,658039.737518671654022391192478,5.43111168,1548.65691429509420857344,1.0018071004808877,285.6607605148062311475462126141,3758.32928223084523983,1071670.58459834820222754354729834239,0.09028124321085937,0.19401005411968056,0.1418362199243442
2020-03-26,418.0,348213500.221783711739887483409513787656,0.0,0.0,100.72079222,71.18330957058024,0.05141825172063203,347.302541796598,-50.43682369429475,-40.977246159790724,1002622.953521944638493772,1002622.9535219446,639186.448017803826569576,865.0,1326.0,9954.478429154446,3457215.660704745184954859374708,9.40416327,3266.08980714120672255546,1.4479937432600345,502.891907539780525491121462631,12469.920500261805953049,4330835.085742430103410398496095927302,0.09147733763434197,0.19804853084103885,0.14413638401594972
2020-03-27,372.0,315418175.053385775095345592427364201512,0.0,0.0,64.07908408,65.41758824917667,0.048467559380479155,314.593012204046,-53.63389540297092,-41.89879280694172,1002622.953521944638493772,1002622.9535219446,627797.507259833826569576,629.0,961.0,15646.64925986768,4922326.52156198036753112063328,17.78571505,5595.2616717823346130923,1.0,314.593012204046,17092.072164234177073294,5377046.466955357395652231116625347524,0.09174881335179022,0.19824902310612685,0.1446295484923437
2020-03-28,260.0,312102776.367143737440724907007151547385,3166.602912797881729909,982616.844734283427915093606799968015,121.19292218,64.49506692555109,0.04979384979544121,310.306303566835,-56.14469552581126,-45.07640287602308,1005789.353228274997055331,1005789.353228275,628648.707566164185131135,487.0,947.0,8299.076671330315,2575255.804898263264468964103025,10.00607052,3104.9467562902785432042,0.24752839580858355,76.80962153119001530527410656425,9475.74877900257954913,2940384.57714024054649986434512110355,0.09170247172211808,0.1979216299752296,0.14410331367025073
2020-03-29,244.0,292015008.640169355824026784033620130392,182.841667080047216634,53075.549464218816123306943443909936,1120.51644929,60.394197777682855,0.04915977638807722,290.281478570104,-59.22519748601079,-50.75506154668331,1005971.893482851687360773,1005971.8934828517,628828.747820740875436577,420.0,730.0,897.7752125994012,260607.5161369436420547426217248,2.0473659,594.3124006260116890536,0.3003137020704319,87.1755054718666748355097079176,1494.57710710515803993,433848.05248751396432354243573625272,0.09182664238480882,0.19773800797863683,0.14429732297612718
2020-03-30,274.0,294725941.027623535924568104377176088882,0.0,0.0,395.38920824,61.16899972560658,0.04551513500876677,292.976631982181,-58.62160798055093,-46.938901300010166,1005970.814237324326478922,1005970.8142373243,628827.668575213514554726,467.0,763.0,2544.254606000239,745407.145371100940590729741259,4.57596188,1340.64989968124909526028,0.5899580718034504,172.8439288876766012895871173224,3491.458911620439719839,1022915.872630727785131289186880188859,0.09182387427164612,0.1976636899473107,0.1441414006730142
2020-03-31,265.0,294800825.246068777082583664919333952646,0.0,0.0,142.36124191,60.94022100535081,0.045558792518994744,293.051613531274,-58.82190532645373,-46.00517226884251,1005968.954389012787343079,1005968.9543890128,628922.648726901975418883,335.0,507.0,7066.312016547833,2070794.138164773002584062429242,15.0483752,4409.9506333840080860048,0.5642,165.3397203543447908,7629.526227492097229636,2235844.971445732954882297666445636264,0.09182053072583346,0.1977013220528418,0.14414740325731604
2020-04-01,292.0,293869189.897367670188347563949044568675,0.0,0.0,441.10879114,60.818185161658384,0.04397421557551835,292.125551614825,-63.13101100376331,-49.534846177393916,1005968.797569757615014379,1005968.7975697576,628998.399605099531009209,484.0,832.0,2280.5457922779005,666205.6975520497954229356749125,5.33036351,1557.13538066628475503575,0.9318656905461021,272.2217788817098900547643236325,4434.862440211326720607,1295536.636682602674501271880454198775,0.09181705374372946,0.19708357404561855,0.14410306469011247
2020-04-02,305.0,303696622.2683743136167499074792556578,0.0,0.0,217.62323091,62.840666433416146,0.044444472398541136,301.899844200188,-59.335591277330124,-44.40321099806715,1005951.57004120505843435,1005951.570041205,627973.87327654697442918,373.0,618.0,4622.445709714205,1395515.63958654593582028727054,10.08554184,3044.82351017047740986592,0.7268809309425373,219.4452398036396236377058570124,6232.864855593980407155,1881700.92882464996197079873356754514,0.09185090394674349,0.19717966824149694,0.14419747011871104
2020-04-03,263.0,303995202.143030541904737252017041272043,0.0,0.0,170.05276931,62.77706113327758,0.04475735476329638,302.197297837339,-58.650633901098224,-44.33981551584455,1005949.438722841537639537,1005949.4387228416,627938.700758183453634367,499.0,788.0,5915.5134186101695,1787652.1704245128100374622189605,11.9660682,3616.1134757773109805198,1.0,302.197297837339,9429.261743395472620307,2849497.419455108026847304358594243073,0.0918348265801966,0.1971836469966509,0.14418146474522187
2020-04-04,233.0,313098710.2078179473303577090523530726,0.0,0.0,393.14507645,64.77978992383426,0.04537136586791356,311.2470784218,-60.51237157788884,-43.186360939848086,1005949.073627957490653407,1005949.0736279575,628239.435663299406648237,336.0,535.0,2558.722298423237,796394.8398769455890264073666,6.68578038,2080.929610244791804284,0.5,155.6235392109,3576.892501412027165425,1113297.340893337586390746936526265,0.09175414905637304,0.19732147973299594,0.14425437924868403
2020-04-05,245.0,303777655.950120108792143245084935510621,0.0,0.0,706.98750729,64.5162549071788,0.04446907481005252,301.981147867203,-60.72879517824069,-48.825486783982896,1005949.073627957490653407,1005949.0736279575,628239.435563299406648237,417.0,657.0,1422.8668303897753,429678.9587032731860807734094859,3.8838032,1172.8353484263161864496,0.715,215.916520725050145,2551.65870311446204722,770552.82413184380362443459207532566,0.09177764489624524,0.19654110977182127,0.1440564354895682
2020-04-06,354.0,321537616.703300170900590083096493774844,0.0,0.0,126.49435061,73.2788477032665,0.04379672083738324,319.636078140292,-58.110424381597156,-48.1273580595837,1005949.073627957490653407,1005949.0736279575,628266.441879519406648237,722.0,1280.0,7952.52174356124,2541912.86143731168686441348208,8.01397384,2561.55516853649593796128,0.8796084452573233,281.1545937411305483920578004036,10257.886518492116440538,3278790.616778993988425182529639957096,0.09103648822887668,0.19671255432776855,0.14431828592820514
2020-04-07,302.0,321817721.58724883094538101805473073026,0.0,0.0,28.4468474,71.96790602380159,0.04451182933956743,319.932927962965,-55.01368959223751,-37.996033172020134,1005891.214875206631085764,1005891.2148752066,628208.083126768547080594,445.0,744.0,35360.37581969871,11312948.56986703684964033827515,49.32837586,15781.7717205474416800249,0.6102593237127912,195.242052252132165614930377908,36700.311642916134886958,11741638.16107145345113202289748551047,0.09102743622337421,0.19453101219828803,0.14430872007465878
2020-04-08,256.0,322269728.470168827931067230554437243112,0.0,0.0,379.35649988,74.35572100138961,0.04345832084026012,320.383205350696,-54.848140417072464,-37.909723734052406,1005888.333370682813948697,1005888.3333706828,628233.251022244729943527,330.0,561.0,2651.564777954429,849516.822756046468334451432584,6.04873573,1937.91334149668207556808,0.6489057765508369,207.8985126619396316675367974824,3393.34074266623307764,1087169.38398251902378139431159603744,0.09083728590859523,0.19453511026839027,0.14429657297040496
2020-04-09,268.0,328616409.788162270819437464623515136265,0.0,0.0,294.20439318,75.70234443401682,0.04475575663354768,326.698189661043,-54.51218009881509,-34.68230792153087,1005871.535832841525662355,1005871.5358328415,628204.010184403441657185,333.0,537.0,3418.9548461752142,1116966.3587782922242072859204106,7.65954115,2502.35822733926341041945,0.607,198.305801124253101,4113.173596083804024128,1343766.367602180880389555967713645504,0.09084805520271376,0.19461794204213886,0.14430629594317818
2020-04-10,303.0,318774277.401870414147388124699740043664,0.0,0.0,446.07018403,73.46958486920813,0.046199452951490395,316.920054917754,-49.48577107956755,-35.35440518896478,1005850.757802618756877416,1005850.7578026188,628181.231054180672872246,507.0,830.0,2254.9159164195294,714628.0760665948460602763849676,4.19936957,1330.86443474434500034578,0.9989944182456584,316.6013658929437687161795792336,3485.476743418543986332,1104617.480938759327929055119560138328,0.0908647916484797,0.19463781808503333,0.14429918906070205
2020-04-11,225.0,299993223.614738176067880515139267613431,0.0,0.0,344.82425437,69.08291792472815,0.04333000000000008,298.248285980823,-53.06558376023979,40.942635760110754,1005850.620828135701083297,1005850.6208281358,625805.960179697617078127,280.0,389.0,2916.994985400691,869988.754610411901130596948693,10.50288236,3132.46666172822118498228,0.5267,157.0873722260994741,4085.62123852334791056,1218529.53155643572681503905727919088,0.09094285738902064,0.11727881955221317,0.1442574033776206
2020-04-12,259.0,294531934.227307374796622768435412539113,0.0,0.0,488.47446652,67.96494665332057,0.04195912953125579,292.818762675529,-52.28944245649584,-8.120739933018257,1005850.620828135701083297,1005850.6208281358,625807.132979697617078127,416.0,643.0,2059.167243688818,602962.804438939188965179534722,4.36211254,1277.30839661420900203366,0.7497348660721748,219.5364358179576719264677704692,2804.838363956216954439,821309.299238514525967217667533223231,0.09089770161084608,0.09005842483084449,0.1442596690679041
2020-04-13,304.0,298140650.6868695865338229496905068283,0.0,0.0,292.65701777,68.94792210232758,0.04318591525423723,296.4097913177,-53.561670021156225,21.063506063224814,1005839.413608690155684979,1005839.4136086901,625792.833960252071679809,516.0,755.0,3436.922241811483,1018737.4044705033336535611491,6.60750035,1958.527799875129711195,1.0,296.4097913177,4988.662761334556444049,1478688.4880415569159342558660333673,0.09090297706167688,0.0753985045253253,0.14401194141270604
2020-04-14,271.0,294111827.919007772593998316871088841761,0.0,0.0,205.7204508,68.33341344904271,0.04252821183175832,292.404357932059,-53.5910454891261,37.71879069495752,1005839.413608690155684979,1005839.4136086901,626098.583460252071679809,599.0,939.0,4889.350619752781,1429667.428673526676562974306079,6.4405094,1883.2330158623905508546,1.099831809721521,321.595614154875833804228141739,6047.63832490797102837,1768355.80140002808220055717682151383,0.09090550050971252,0.07010938703316727,0.14390699593191245
2020-04-15,303.0,284609610.521324977893693618391021759464,0.0,0.0,469.68337976,66.85369418519836,0.04270851748726042,282.964248002376,-55.093705701554484,40.732097619970844,1005814.736421878858985589,1005814.7364218789,626072.406273440774980419,407.0,699.0,2141.473979647436,605960.574267592175043770307936,5.13859526,1454.03874353447378233776,0.922110197640049,260.924218650538773797744756424,3591.878089095245326761,1016373.082397047396602130943624384136,0.09093277383304768,0.06952498075577926,0.14382733185558402
2020-04-16,373.0,296419594.70365021879251408320309948561,0.0,0.0,115.34126197,73.76445510130995,0.041346322353820304,294.707997372262,-53.069325445515716,38.905676713863215,1005807.773615407543117655,1005807.7736154075,626063.783466969459112485,858.0,1397.0,8720.27717091886,2569935.42157255170032401666132,9.20854029,2713.83046758768875543598,1.6409832839942526,483.6108973473040625243106613812,12864.330784966655881533,3791221.163171862373308116971172237646,0.0909869341132977,0.06929119080822561,0.14381315110565368
2020-04-17,311.0,301214155.476451972619400474404052366816,0.0,0.0,363.1180993,75.02062744801522,0.042290764465225034,299.477616421639,-52.39036987848653,40.966896069941335,1005798.560425190754157344,1005798.5604251907,625891.360676752670152174,515.0,773.0,2769.89376836445,829521.18349093694375061833355,5.9260348,1774.7147767356841870372,1.0352472095032477,310.0333667091857636212230569803,4580.824900553655985346,1371854.522462700404820093971141302094,0.09096422407826397,0.06927278918232273,0.1438085359287119
2020-04-18,303.0,322496866.118594093531378589487865732275,0.0,0.0,183.87811224,80.69459053672342,0.04414848465263848,320.641276316735,-48.12968250328124,18.919815550860168,1005787.120807322728538765,1005787.1208073227,625842.148858884644533595,613.0,953.0,5469.857769185266,1753862.17638257257116231122651,7.02688352,2253.1089003818314717072,1.3322,427.158308309154367,6696.619996626058419867,2147212.782726349001228053243908574245,0.09111423018270251,0.055689837749391326,0.14396025751526348
2020-04-19,310.0,320508144.260354631201289573509077348238,0.0,0.0,59.57131933,83.81782848966552,0.044567926358854475,318.671557642393,-48.01952132811064,24.669642867652257,1005763.258671558673727166,1005763.2586715587,626315.112823120589721996,756.0,1074.0,16883.34705242441,5380242.50341319132255444401313,19.17239106,6109.69572281929023020658,3.1845778263113353,1014.8343763440592903776797173729,20591.147996943097162778,6561813.205830897348465014721034447754,0.09111113613172984,0.05461721277452905,0.14394661472891068
2020-04-20,299.0,301521407.636157919855349697282762735888,0.0,0.0,75.67230771,78.32117139973589,0.043745034365867935,299.796681048532,-50.01544260266747,9.111368509748347,1005752.987596773013845684,1005752.987596773,626503.299548334929840514,858.0,1275.0,13290.898850640966,3984567.363573910232453153361912,12.92676373,3875.40086295254182734436,4.901816208751442,1469.548230493580409807126983144,16481.623754554655183035,4941136.09990613042102938703217805462,0.09103123794432183,0.0545781139696664,0.1440765789098849
2020-04-21,226.0,312008428.179134320191383959966854006462,0.0,0.0,108.32329283,80.64735808127463,0.0451572244301578,310.249264890473,-48.500579542173014,21.37189973480459,1005670.161021275444174094,1005670.1610212754,626420.472972837360168924,681.0,1022.0,9283.969631868193,2880344.753552582113258517425289,11.27711319,3498.71607728415697363887,2.629383313222797,815.764240042649084346851712981,11525.209681286805430147,3575687.831327793998138815653607289531,0.09106213568442727,0.052962665239420045,0.14420366425563533
2020-04-22,254.0,332120300.375897223270328306081114926816,0.0,0.0,51.77031019,84.47172881924187,0.04636069257744002,330.257668492022,-45.01025469584414,21.71784276170971,1005639.935303789073634128,1005639.9353037891,638409.559170558132835667,763.0,1165.0,19425.03206353909,6415265.79968719081620875013998,29.49833,9742.04969020826732326,2.7907391891204116,921.6630179682231835255519562552,34365.554453434072342828,11349487.890226760156973210947366918216,0.09074708222145672,0.05306369338430333,0.14445704952999405
2020-04-23,264.0,333629725.540922209690305892424386067938,0.0,0.0,22.7516441,81.93489582593782,0.04430377047096095,331.773444390371,-41.345424895876384,18.70108672721305,1005595.026310686498689078,1005595.0263106865,638051.650177455557890617,669.0,1032.0,44198.78500526358,14663983.13906577996565926898818,44.65904719,14816.68590941841927060749,2.521732865120296,836.643998493359458509299069816,46088.136699457019264251,15290819.858313120222778636417648927121,0.09073161090285711,0.052884073680625816,0.14309748902539346
2020-04-24,223.0,336935755.30094212016748295267779621488,0.0,0.0,44.13701751,81.13551285497805,0.04463721537112799,335.066726988953,-33.10290236031796,17.507292785851764,1005578.07792132920794096,1005578.0779213292,637083.959488098267142499,497.0,764.0,22783.09986936184,7633858.70388951440324083975352,32.27566388,10814.50105766717150111764,2.0,670.133453977906,24658.607201364672561414,8262278.807067487134826219934192059542,0.09070853681809642,0.05282218022678745,0.141878350911246
2020-04-25,231.0,335282327.800204987135676011449435006228,0.0,0.0,275.69627967,80.70890931193352,0.04423381414377553,333.422911006538,-30.857846575589313,-3.996409216661814,1005576.751723670621821506,1005576.7517236706,637070.081690439681023045,489.0,786.0,3647.407766757539,1216129.315220154436555089789982,7.32584261,2442.60376860193406898418,2.0548908955897343,685.1477042083611486979129828534,5758.112294481707940226,1919886.563128626835863288324399197588,0.09070800363362962,0.03844613143605779,0.14167775199911878
2020-04-26,225.0,344074106.947916832226489068704976293094,0.0,0.0,126.38006819,82.31201927499421,0.04452926617306459,342.165932494099,-33.421314395360355,8.764632150242793,1005576.751723670621821506,1005576.7517236706,637846.119390439681023045,589.0,824.0,7956.766965964605,2722534.588547521949953005365895,13.16749497,4505.46819502140813718203,5.0,1710.829662470495,10850.015858230784841943,3712505.793707298352070871845495194357,0.09064533458196129,0.034023681146574725,0.14141539006862708
2020-04-27,175.0,340131634.583310569430984646129373968554,0.0,0.0,30.94492973,79.80001791795733,0.04349028521332554,338.245324387509,-35.703069721335304,9.003691030290776,1005576.751723670621821506,1005576.7517236706,613469.060087687674888681,357.0,489.0,32495.687033432023,10991514.201818184638248661800707,70.71980297,23920.64269620837240910173,3.41938378,1156.59057587148670920402,34581.983650650185857761,11697194.277877704828598390231119107349,0.09058385983603635,0.033989264446123046,0.14126243432337554
2020-04-28,231.0,337649678.410543668115682570368127488206,0.0,0.0,98.22544697,82.71440866046632,0.043215118050384325,335.777132706951,-34.453710014977695,15.67294419229012,1005576.751723670621821506,1005576.7517236706,605372.580087687674888681,388.0,624.0,10237.436252400637,3437496.991101279802903966727787,19.19691597,6445.88540122287698190747,1.472687887100706,494.494916102933030328923207406,11978.875562198157206166,4022232.489328262899943101630968259866,0.0905467739422747,0.03143002088548705,0.14110405748545718
2020-04-29,290.0,346397443.693644062252051013205270291794,0.0,0.0,132.12747203,84.63150485341649,0.039315542820198536,344.476384423049,-33.84592458053795,17.578109247975878,1005576.751723670621821506,1005576.7517236706,604881.492997887747329762,630.0,908.0,7610.656105771696,2621691.298403435822517874221104,13.43487858,4627.99839840106666839042,3.067901137226729,1056.819491519223902270566476721,12198.869747181528991053,4202222.544556806946104504450487980597,0.09056973227035757,0.03164942510883724,0.14098065791433512
2020-04-30,366.0,338753197.752409277676748468580013871332,0.0,0.0,48.31792272,81.60611087201313,0.03893418059614253,336.874532124722,-33.971913752999534,14.953993279675743,1005576.751723670621821506,1005576.7517236706,607679.492797887747329762,946.0,1386.0,20811.671841873387,7010922.214464348584342016573414,17.49466362,5893.50662166689527601364,3.48074276280854,1172.57358966763911696628672588,24247.603770604798564353,8168400.175368136510798060444339234866,0.09057487714254339,0.03204171473137166,0.14098795877390938
2020-05-01,278.0,352367699.42811663287110341707727153597,0.0,0.0,203.66849143,84.95992766246042,0.039570000000000036,350.413530169745,-33.00742449524264,19.953057249772595,1005576.751723670621821506,1005576.7517236706,607625.404397887747329762,607.0,835.0,4937.321156747803,1730104.136117766548726745820235,8.52188251,2986.18293402090724665995,2.0005163589159567,701.0079994900650099183400700415,7115.771895998380462865,2493462.749959452072761803655119019425,0.09061698454267075,0.03262122616859192,0.1408070144227241
2020-05-02,266.0,356952711.618169448350105408976668810326,0.0,0.0,212.87217335,86.37239707911259,0.039541269433080034,354.973114688971,-31.660427380172134,17.579760807557896,1005576.751723670621821506,1005576.7517236706,607617.513885651674615966,441.0,591.0,4723.852516242694,1676840.641022002060897361127874,11.55715777,4102.48029056874232595467,1.4168352100226667,502.9384075027483805676304989657,6830.280244415303275612,2424565.852558646323273447808869675252,0.090555022220508,0.0322560925351791,0.140642462839133
2020-05-03,260.0,351684304.978037652705075783317597304216,0.0,0.0,425.71986108,85.27892654261933,0.03931009994155459,349.733925705036,-33.126593393969586,15.730328566102553,1005576.751723670621821506,1005576.7517236706,607749.513885651674615966,433.0,626.0,2362.0621062101413,826093.2531639784107675756815868,8.55250782,2991.10213451161940338152,2.005838486335084,701.509768156216135576442283024,5353.869895530814701364,1872429.936278002799621198047490869104,0.09055245873154034,0.03246012372677227,0.14064300285638498
2020-05-04,229.0,350931493.70058163156831772633437320876,0.0,0.0,104.16540779,85.01597234254265,0.039291497954412676,348.98528938646,-30.27792390202933,12.12484022533296,1005576.751723670621821506,1005576.7517236706,607749.513885651674615966,861.0,1435.0,9653.653483422804,3368983.05454891488833393283384,9.73041296,3395.7709826953608325216,2.0,697.97057877292,13963.142591590826482926,4872931.35807072963583897447820558196,0.09039037856859052,0.032144567983727154,0.14062843875173292
2020-05-05,235.0,337708682.67322381546352889106097476002,0.0,0.0,238.42341917,81.9944344683237,0.03737372706019871,335.83581154218,-36.000336701194016,11.210853364218847,1005576.746334595672811789,1005576.7463345957,607676.860473804611867419,545.0,906.0,4217.608948968697,1416424.12414446319056011513946,6.87107244,2307.5521890525068955192,2.0,671.67162308436,6225.191626805698323428,2090642.28199387543209129619710419304,0.08998391369503224,0.03247644649456249,0.14026921950941545
2020-05-06,305.0,333251851.31482718851740861396694714828,0.0,0.0,143.11580331,81.74616472716004,0.035762423861346426,331.40369696252,-38.1259763242358,3.6815677662842017,1005576.746334595672811789,1005576.7463345957,607668.840735482393736069,535.0,737.0,7026.3152150290825,2328546.8382846416087587124879,13.1616924,4361.833519643502568848,2.4999,828.476102036603748,9700.167297259066099137,3214671.30346659020172010051209334524,0.08998384386168001,0.030999336259865812,0.1400992511718785
2020-05-07,282.0,349161421.999336246686992949845165598828,0.0,0.0,153.13349657,87.4204843569928,0.0347442076973028,347.225036052252,-33.793074929942875,8.53057178673597,1005576.746334595672811789,1005576.7463345957,608387.080435482393736069,616.0,775.0,6566.6674426488735,2280111.339516904543610234938122,12.46363216,4327.68512609800746762432,5.90077341228632,2048.89626081728751664630479264,9659.314922239657119269,3353955.972114720667182701382480043788,0.09006126473738402,0.03208933550889564,0.1385464937236688
2020-05-08,325.0,343636256.351232769600101418124186617442,0.0,0.0,117.42166096,85.86428514801901,0.03466064465225013,341.730511971178,-33.120922827723916,6.6630542000835815,1005576.746334595672811789,1005576.7463345957,603950.715283565305629366,617.0,925.0,8563.809591001394,2926515.035956590844301885822132,12.1004599,4135.0963567137093447622,2.9192339160143255,997.591300683202292522291110439,11192.925411330430368436,3824964.131269156074780617255152937608,0.09000378195416936,0.03226996361848805,0.1385489015020005
2020-05-09,340.0,342889106.425118026100521919756253381267,0.0,0.0,150.77680572,85.33339286695887,0.03560357510227943,340.987505603103,-33.96918799987443,4.373858317637297,1005576.746334595672811789,1005576.7463345957,603866.273040128407202119,610.0,835.0,6669.306605624665,2274150.223554252306582877335495,10.73457744,3660.35678496894305779632,1.4403934157027383,491.1561579076101447755100769449,8963.372160503999058558,3056397.914802554821616484662003505474,0.08993890353336069,0.03211000534367538,0.13851330850914656
2020-05-10,427.0,331427971.730488793445134585259089410034,0.0,0.0,168.39056983,82.37532617596727,0.03781855113968445,329.589932283706,-44.607409824201774,3.9978149597506687,1005576.746334595672811789,1005576.7463345957,603866.273040128407202119,855.0,1163.0,5971.692757725377,1968209.811637804545627599807162,7.53284204,2482.74889786745376380024,2.2755719291807006,750.0055980453693362064990444236,8760.695294877292410318,2887436.968996788573189282838937678508,0.08995859014161624,0.032239818799757236,0.1385483359369634
2020-05-11,263.0,321965175.011001867696684786878391451691,0.0,0.0,162.06233312,80.38207512338879,0.037266358270017515,320.179614519319,-41.69924206150609,7.353379573120536,1005576.746334595672811789,1005576.7463345957,603617.061335424511133587,723.0,983.0,6204.876401533004,1986674.934382856436948174104276,8.87647661,2842.06685927955149662859,4.408454100744294,1411.497134602419140766942015786,8725.576507222453939269,2793751.722541311180562185419453237811,0.08997499722502295,0.030613243978774334,0.08510097688876378
2020-05-12,192.0,324914457.20170842596093299306103312363,0.0,0.0,258.6342881,81.31854758310654,0.03664549781004392,323.11254052567,-44.4081278282284,10.345572658439712,1005576.746334595672811789,1005576.7463345957,603614.061335424511133587,361.0,506.0,3888.025650863394,1256269.84567944287225012032398,10.08635607,3259.0281344242125953169,5.163430973816998,1668.36929977894447896130133866,5103.696170143706317594,1649068.23560626507905128612872963798,0.08997493117767269,0.030381662150186835,0.0667060853682994
2020-05-13,204.0,331624796.778881852955023576834020406707,0.0,0.0,228.18974962,84.11442003272442,0.03537335243474101,329.785665776063,-46.67618775894657,11.260044518094153,1005576.746334595672811789,1005576.7463345957,603614.061335424511133587,613.0,1024.0,4406.7568679098285,1453285.2475968809070891577351955,5.854229,1930.640808370535520427,2.435084059277466,803.055817709497184619938096358,5994.73049365466082273,1976976.18699796913087057720752031199,0.08984628131535165,0.03050222824055079,0.057040446754054716
2020-05-14,192.0,332732436.870244956796102970329944480287,0.0,0.0,75.93466955,85.24494583703056,0.03375962302746933,330.887163096283,-53.33398970483234,13.160817929110902,1005576.746334595672811789,1005576.7463345957,595598.412092560516847081,441.0,579.0,13242.656513891947,4381825.045740219128503419333001,34.21962172,11322.83355315874819806676,4.142491115883783,1370.697133486340666688267278589,19813.160977846267118216,6555920.627929527755316649998151191128,0.08981001632014995,0.030329877792298995,0.05365686800508146
2020-05-15,220.0,325730086.920351861441633189364274348851,0.0,0.0,195.81982755,83.55991262192204,0.03473013384221386,323.923646909759,-51.01377203469296,14.475114505292225,1005576.746334595672811789,1005576.7463345957,596248.285424812568011028,430.0,532.0,5135.214134858391,1663417.290225872982528220937769,15.63436946,5064.34197261775948556014,4.04735,1311.03237232021308865,8317.484554960806049488,2694229.930158498113885597344024153392,0.08965555123364168,0.02991536999642725,0.05317728987837643
2020-05-16,213.0,334600571.727437582040745569714774547259,0.0,0.0,629.19970521,86.8639635869957,0.035415444544191654,332.744937616231,-46.7581307184863,12.906653563229384,1005576.746334595672811789,1005576.7463345957,596248.568624812568011028,321.0,472.0,1598.183753125918,531787.553233157510349703575058,6.95823525,2315.31755418030951634275,1.02373189,340.64160387379625630659,3284.287040256311032991,1092829.886323882165629182020738076921,0.08966258949781955,0.029442671612370432,0.05289769860902666
2020-05-17,199.0,340935421.243326557233269179928115077983,0.0,0.0,344.97839118,88.9167172461653,0.03501611338398598,339.044655205147,-45.3666652815046,13.212018733246817,1005576.746334595672811789,1005576.7463345957,596253.234453342365862406,464.0,648.0,2914.897779195534,988280.512505598537279396213498,5.59129607,1895.69904820304346487229,1.8813062607930284,637.8468325258566757661093971748,3623.15985225071361722,1228412.98285947454606383410553183134,0.0895037637973908,0.02948475662835461,0.05291107103890348
2020-05-18,274.0,329501333.92082976462552677906424126934,0.0,0.0,59.58489218,86.71807309157505,0.033687573933372295,327.67397925806,-51.53933815013518,2.193324272567445,1005576.746334595672811789,1005576.7463345957,590045.286138870272844747,615.0,892.0,16876.37099721634,5529947.6400931923511585087004,23.55764341,7719.2267580971138483846,3.9374361055386355,1290.19535677620339391095477713,21013.417917986492671289,6885550.26699925234977119998768383934,0.0895130832194746,0.02767411678067368,0.043672934158793315
2020-05-19,236.0,333168905.853101605527938502188955084232,0.0,0.0,205.6932382,91.39432178759614,0.033967025675210594,331.321211501288,-49.802487001861735,3.9694957254673526,1005576.746334595672811789,1005576.7463345957,590028.984410404943534737,430.0,635.0,4888.720480833242,1619736.792400828940891996215696,11.91103929,3946.37996780224125360552,2.0268579014614043,671.5410154531506861443917387384,7563.509947948122083733,2505951.279156215548745279183773348104,0.08922704431737064,0.02770508570141844,0.043044557035627484
2020-05-20,275.0,330937745.416201674829361932860369650465,0.0,0.0,302.07838354,92.57413009003504,0.0345851946230275,329.102424675685,-50.65098058304852,9.775206157939051,1005576.746334595672811789,1005576.7463345957,590028.716031983072925708,501.0,696.0,3328.860326073111,1095536.004717352220743774006035,7.55985477,2487.96653500304295026745,2.6582727353782216,874.844002662238298573192061796,5261.658916524891138799,1731624.707244779335126992417895402315,0.08921173744047678,0.025146061992215488,0.042130219232166456
2020-05-21,222.0,316245835.482452134977001513099407948082,0.0,0.0,418.92453762,90.7599767319542,0.03467845258240826,314.491993410938,-51.037061862294195,1.3675225054804885,1005576.746334595672811789,1005576.7463345957,590025.066876990954897212,297.0,438.0,2400.376812627438,754899.288740596589731428116844,7.84326284,2466.64336539753486494392,1.2499,393.0835425643314062,3435.349122337983439393,1080389.793546588729091025518866280634,0.08910554218652186,0.025936771833160538,0.04145564941268497
2020-05-22,248.0,323150197.536563407840278477855776902154,0.0,0.0,100.6864366,95.517006937852,0.03507580800701339,321.358065124786,-50.74640618836719,-2.694745411324491,1005576.746334595672811789,1005576.7463345957,590102.186713433014688475,575.0,853.0,9987.211587275637,3209470.991678741513092182638682,16.4665254,5291.6507418721428385644,3.9690024157236854,1275.4709367925650502612468063244,14045.946163999686471078,4513778.082109849342973169420049939308,0.08854857609341271,0.023525921201392932,0.040868262459880365
2020-05-23,244.0,337700024.301519013113387516144316102415,0.0,0.0,159.33512183,99.49708369421973,0.03656789596727065,335.827201188235,-49.908946490444286,1.2218448662498258,1005576.746334595672811789,1005576.7463345957,590058.343606723507784842,610.0,930.0,6311.080286508768,2119432.42909248381712934594448,8.87709427,2981.16972337821810991345,3.0655165434627443,1029.4838409873257726064139733105,8255.697672456688723431,2772487.843197355819092980648486034285,0.08825391270987082,0.024906154407993902,0.04106982901012707
2020-05-24,256.0,330590213.966263142869151808689664441396,0.0,0.0,270.03887311,98.01023267774838,0.03733229725306833,328.756820572164,-53.93890445836059,-1.8831790531672423,1005576.746334595672811789,1005576.7463345957,590055.34292817282092319,609.0,943.0,3723.8221844583686,1224231.9417386236796722900116504,7.01902103,2307.55103735195574860892,2.06829779,679.96700543683333671756,6618.936834683017009535,2176020.62933837175514021002294358374,0.08826430439926093,0.02514595774946802,0.04112704725793532
2020-05-25,245.0,347204022.742687944858061704721694947725,0.0,0.0,103.06001986,102.38909437764885,0.03875530683810633,345.278492177025,-54.49145139986076,3.5557188120928194,1005576.746334595672811789,1005576.7463345957,590054.585899825559188099,666.0,925.0,9757.195348347297,3368949.697754036906977304251425,15.14030801,5227.62272078853394547025,5.0,1726.392460885125,14004.784906166733664068,4835551.0156648083481091996523376377,0.08831814745173584,0.026709586599918227,0.032845109899080675
2020-05-26,223.0,341721624.840345110052327641200918999583,0.0,0.0,111.56262121,100.29437880960411,0.03846306954997079,339.826498659547,-55.79851930526313,-0.6837132549986943,1005576.746334595672811789,1005576.7463345957,590036.226217312299398977,586.0,797.0,9013.563282963578,3063047.650895764395878622979166,14.2863132,4854.8677935096686121204,5.0,1699.132493297735,11386.191622994671121776,3869329.632308943886346135974801995472,0.08832279498241911,0.026464757165519562,0.030258624203939273
2020-05-27,210.0,348206837.521209766845281543125400910565,0.0,0.0,88.37487716,101.37366035649612,0.037765686148451265,346.275745526585,-54.57978711442778,2.3741410627382353,1005576.746334595672811789,1005576.7463345957,590041.242451296687261122,574.0,792.0,11378.536283249097,3940111.134483378612966990743745,16.96622418,5874.9919267006732598253,5.0,1731.378727632925,13437.249553434995530106,4652993.60694247444235469220019086801,0.08833590492310879,0.02659723362796049,0.030276529506592
2020-05-28,207.0,353330239.016344529997698429644869370283,0.0,0.0,51.01225287,104.71935478215795,0.03672252483927521,351.370733565847,-54.20353594401094,4.6440330028386,1005576.746334595672811789,1005576.7463345957,600562.371302697258848787,598.0,819.0,19712.455142352053,6926379.823752093811599331133891,25.71191367,9034.41396760962932442849,4.712706905507248,1655.907282468914530933343759056,21058.057294219041689961,7399185.038941379886921117394552361967,0.08833080879513343,0.02666804067295161,0.028947418541956545
2020-05-29,1008.0,498489757.716588348453035577891675170654,0.0,0.0,16.43598107,134.5711545033256,0.0525555026447279,495.725223891286,-31.11853869834025,43.906881954058534,1005576.746334595672811789,1005576.7463345957,600843.989671739737105337,2914.0,4792.0,61181.425178989695,30329175.69484262919065799429777,16.27201223,8066.44690587849398242778,3.2978266162841523,1634.8158377121035238048998668578,77975.482591175658207494,38654413.565541626973840331122286497284,0.09201324734720993,0.06799649314421248,0.052692192397199446
2020-05-30,730.0,514470839.590821382956579045966596237272,0.0,0.0,66.44843302,136.05506410222122,0.052789366926461044,511.617677582648,-29.06638131445402,51.87187774504437,1005576.746334595672811789,1005576.7463345957,605475.037063611455803359,1230.0,1862.0,15133.189763670429,7742407.401306566627996481115992,10.59178948,5418.94673520192291694304,1.199357005,613.61224549058034524924,19721.912003622677139173,10090078.816782782247551441550905870104,0.09190073077349459,0.06776633131915058,0.05276141055971139
2020-05-31,474.0,469155709.279243864965458777053635637602,0.0,0.0,26.37039124,118.25294948428534,0.04945480536592513,466.553856768618,-35.04217514121598,33.143790578695146,1005576.746334595672811789,1005576.7463345957,605480.137063611455803359,762.0,1249.0,38132.79588084809,17791002.98758014624408073723962,33.31208516,15541.88180840264523150888,1.8846971579351453,879.3127278754951977730723101954,41606.794365832758478577,19411810.379158079191174435899198896586,0.09212943133933106,0.07027382853386616,0.05434595950108752
2020-06-01,438.0,463752461.641890544496984879708259692001,0.0,0.0,125.13319371,116.07348826366596,0.04521761621065194,461.180574563109,-37.26755394783186,29.91986025961359,1005576.746334595672811789,1005576.7463345957,605433.900254193572502825,905.0,1503.0,8036.051158722087,3706070.690597989921074773688483,9.08100908,4187.98498512720986202972,2.999,1383.080543114763891,13648.756642843489862118,6294541.430618611351169714828499404862,0.0919111861861674,0.07037552557180898,0.054301096635075596
2020-06-02,530.0,444211884.6670820548961532654467443173,0.0,0.0,66.28028493,111.81074379874809,0.04643947364114553,441.7483660857,-34.13784029734707,26.30984117287741,1005576.746334595672811789,1005576.7463345957,605438.059454193572502825,1136.0,1938.0,15171.581526134802,6702021.3501060396160232845314,10.88029562,4806.352812664398254634,2.6103185886157374,1153.10397148413250137945709518,21086.012919974924115302,9314711.7546608827961505050932133814,0.09195806612678592,0.07088750840669042,0.05468085957365774
2020-06-03,449.0,427741354.47182449404950458562673953133,0.0,0.0,55.31271719,105.73580621451264,0.044115029807130356,425.36917846497,-35.308399536260346,21.887423740065973,1005576.746334595672811789,1005576.7463345957,605438.180867365633086147,1095.0,2105.0,18179.847193020294,7733146.66511373334543697810118,12.27223885,5220.2321575503881980845,2.846724645788447,1210.90892389501442083882020159,25833.062774811122736552,10988588.68975540558210816253307058344,0.09199661078292935,0.07135673007731574,0.054887063014681235
2020-06-04,389.0,432739920.081566311917008998550031234092,0.0,0.0,55.41428914,105.1177304081264,0.043852461659848005,430.340022936028,-38.2311387507559,28.140004176409438,1005576.746334595672811789,1005576.7463345957,594928.272684931118448175,621.0,1046.0,18146.524335433136,7809175.698719486006415799423808,31.45994293,13538.47256206233192088204,1.2989,558.9686557916067692,32907.100301046478814712,14161242.298310515596733629475641243936,0.09198971025927327,0.07085148259122222,0.054694767740735145
2020-06-05,431.0,479411129.24175728873239257657236205258,0.0,0.0,159.60214976,116.13364189473809,0.04944594076495576,476.75240203122,-34.400882570480306,43.85850441648459,1005576.746334595672811789,1005576.7463345957,594785.572684931118448175,919.0,1786.0,6300.521314229726,3003788.67060792092573210404572,6.31550559,3010.9324600740972645198,2.1775,1038.12835542298155,11279.492992422753353123,5377525.37783186123177838281113050006,0.09230588039108585,0.0727614940607023,0.0557215063931017
2020-06-06,482.0,496604853.157654035828794844614463815058,0.0,0.0,99.16540625,119.83805366907174,0.05107742276469811,493.850772671322,-34.93443806656857,42.227869938792395,1005576.746334595672811789,1005576.7463345957,594785.572684931118448175,1144.0,1954.0,10140.398596021756,5007843.681840532995674149281432,8.06245394,3981.64910789594438390868,2.485933478102452,1227.680168970402849679638281544,15754.035007649169346199,7780142.361218598476184167079457005078,0.09233446201475304,0.0726046311481782,0.05583756246694391
2020-06-07,573.0,546112555.021926304718537597975292403865,0.0,0.0,80.68162928,132.19468671473444,0.055714742285713596,543.083913796285,-29.99308723678485,58.921692612010425,1005576.746334595672811789,1005576.7463345957,595102.339879931118448175,1308.0,2388.0,12463.515614444363,6768734.839553554509880248591455,8.50792053,4620.51477970016338923105,2.058,1117.66669459275453,20316.914224944798368013,11033789.293546437350306682843342231705,0.09258215669771229,0.07395969623515676,0.056968632341032846
2020-06-08,1003.0,558322507.642726199987932906996452999343,0.0,0.0,28.60368212,129.04710686925054,0.05683352386362853,555.226152233387,-23.92253875520983,62.82888466876847,1005576.746334595672811789,1005576.7463345957,595602.607869120057638533,1607.0,2604.0,35155.49998889734,19519252.98867634948714446349058,19.18312674,10650.97364765559688046838,2.676285692873182,1485.943807531240954858257327434,49952.862035121995500768,27735135.380806023024243746848673741216,0.09256711973155471,0.07389309574517014,0.056977886434109795
2020-06-09,1917.0,700999826.651317025823009227215209795474,0.0,0.0,11.80452376,141.26642925010083,0.07128357860900056,697.112208696666,-3.093519212398246,111.50895109763317,1005576.746334595672811789,1005576.7463345957,609993.573127193506393297,3891.0,6521.0,85185.7107143253,59383998.9454585554537685494498,21.48262503,14975.80018326558068914998,2.605622513385563,1816.411265335967992163370632958,140088.197795304763534555,97657192.97742032014575530874000429363,0.09409930768935584,0.08267013571468967,0.06334439091615608
2020-06-10,1125.0,664788687.880136839339370317876151125701,0.0,0.0,39.72737889,131.27904021735125,0.0668560067344389,661.101890336409,-6.981101692792115,106.478445334164,1005576.746334595672811789,1005576.7463345957,608992.1665024203336839,2034.0,2942.0,25311.932839505476,16733766.648265298863554837675684,13.08221263,8648.67549947584476864567,1.236,817.121936455801524,38487.869558653749618618,25444403.320247125438812288243469662762,0.09413973297785322,0.08332590142493887,0.0632001188887813
2020-06-11,1131.0,611963353.114324873593119817179770701014,0.0,0.0,24.81980946,121.54733683121265,0.06559662823268533,608.569515300526,-16.981373634741708,88.34599062928588,1005576.746334595672811789,1005576.7463345957,613059.140368437939288559,2702.0,4449.0,40515.08726760467,24656247.02080468634981921105642,14.75395234,8978.80562432086138093084,2.250992743005509,1369.885562555864099542608597734,65640.333949472715023999,39946706.215795271688387521945787323474,0.09434473581664019,0.0855582593742424,0.06428472064362195
2020-06-12,1049.0,597360729.965198088744648011321159182909,0.0,0.0,14.99525134,110.52147099600195,0.06282124872330737,594.047875652081,-16.780546487091865,80.13150276078464,1005576.746334595672811789,1005576.7463345957,613060.377868359143322495,1408.0,1967.0,67059.67933619994,39836660.05157932769335609307514,37.00988976,21985.64639004570592459056,1.2054,716.0653093110184374,72798.453163851128778268,43245766.452743278004618659485361775708,0.09434062301531265,0.08595659297526745,0.06445572104221617
2020-06-13,737.0,553249537.579471953578773815663530871903,0.0,0.0,162.71782581,102.84113231811376,0.058150502630040936,550.181315942427,-25.48724370805427,66.27460273589784,1005576.746334595672811789,1005576.7463345957,613060.770587363823054606,1461.0,2460.0,6179.880669755918,3400054.879253478094228230532986,4.52451773,2489.30511869624262073071,1.5076,829.4533519148029452,11130.313614328727012716,6123690.591183289938743089813952901732,0.0943593371602745,0.08770407860653727,0.06538199929192064
2020-06-14,670.0,511248955.964452438162752531384761842053,0.0,0.0,301.77271948,96.27587026428276,0.05441679076563415,508.413661938777,-30.46004633817796,56.95478449599408,1005576.746334595672811789,1005576.7463345957,613580.981683913823054606,947.0,1581.0,3332.2321119068965,1694152.3304445698060327070755805,3.92324283,1994.63025387535076421891,1.0,508.413661938777,6202.646921345777411622,3153510.434994688009614069849292266294,0.0941024573518635,0.08919055169711226,0.06616705765316801
2020-06-15,779.0,555621243.329987798660616534918034957824,0.0,0.0,105.72830765,104.49791760237231,0.05852319054083912,552.539868642816,-25.609009384488886,66.05507888450099,1005576.746334595672811789,1005576.7463345957,613684.186492257996453889,1780.0,3066.0,9510.95093362394,5255179.57953284000458832661504,6.08087947,3359.92834358659657738752,2.63323741,1454.96865262674901894656,18643.976447035999478817,10301540.297025026507051507017131228672,0.0937333030448717,0.090038178008629,0.06672975392935782
2020-06-16,854.0,543728493.780228284980217077082510144092,0.0,0.0,79.17811152,102.07600678992071,0.05679704324956169,540.713074126028,-27.336667224729204,59.481373861757746,1005576.746334595672811789,1005576.7463345957,613660.783414687996453889,1684.0,2460.0,12700.186036300585,6867156.63366054394913118012638,7.7824553,4208.0753295113994765484,2.0,1081.426148252056,19144.840047087991076713,10351865.315512038305028461385177985964,0.0937416607774721,0.09031114639315296,0.06685364145712219
2020-06-17,588.0,544929217.641780742299470618404996033447,0.0,0.0,223.40968583,102.20831200889108,0.05735259964932785,541.907138990723,-23.515980152512554,65.37997317264652,1005576.746334595672811789,1005576.7463345957,613659.689007023845034446,916.0,1351.0,4501.043643631556,2439147.683392755900196314054988,5.83005292,3159.34729804171047906116,1.2559,680.5811758584490157,7876.401490915124015731,4268278.197484079970563757598115063513,0.09372676864345421,0.0898646656322808,0.06641753295211673
2020-06-18,597.0,526464009.338744778979030140127559115554,0.0,0.0,79.28642255,98.31175663744119,0.055755575102279374,523.544335385386,-27.179956111766113,58.01714988699138,1005576.746334595672811789,1005576.7463345957,623509.965007023845034446,710.0,967.0,12682.836656584424,6640027.288172903322172484827664,14.7054381,7698.9488166154334676066,0.998,522.497246714615228,14220.158640951220477017,7444883.504751560550079875103450673562,0.09376318039421637,0.09034764557306084,0.06662547903354298
2020-06-19,596.0,519576206.504575289382147344926325938872,0.0,0.0,227.19858995,97.11446467651058,0.055642386323787235,516.694731057048,-27.866608958154597,57.0011924300547,1005576.746334595672811789,1005576.7463345957,625523.853237805567995972,812.0,1200.0,4425.981457633793,2286881.298915573960839775623064,7.75931443,4009.19688259592169960264,1.0,516.694731057048,9311.177312125287742678,4811036.257113062631802729844762294544,0.09373218129211783,0.09040938663380194,0.06606534655411309
2020-06-20,504.0,523276975.039096004793783988220522004543,0.0,0.0,57.17019058,96.0824590773041,0.055611703682057256,520.374975800187,-29.877239336827632,65.46525402960813,1005576.746334595672811789,1005576.7463345957,614536.87789820703175157,630.0,937.0,17589.17953834748,9152968.87661271425356465497876,21.92841829,11411.00013699512799622023,0.9078730832867878,472.4344337450033581513098693186,20546.927936419301427933,10692107.127682380194737650728388423471,0.09339373385106801,0.08970434156254027,0.06598276238279496
2020-06-21,515.0,512318132.732860432246324297944611251162,0.0,0.0,59.79367661,93.08143382008312,0.05487232787843366,509.476909246658,-32.593244540876285,58.53870325265492,1005576.746334595672811789,1005576.7463345957,602971.636752636484572053,613.0,909.0,16817.442968844,8568098.865198581271005123352,21.04862521,10723.78851588208768704818,1.0,509.476909246658,19133.200315675797748183,9747923.760827686606317396127318322414,0.0934077080524728,0.08996463176957563,0.06570832470374857
2020-06-22,596.0,524648988.574160729885140694811929666302,0.0,0.0,176.59340708,96.9881056921168,0.05387298318820076,521.739380396918,-29.060208152482765,55.35947610880905,1005576.746334595672811789,1005576.7463345957,602992.448331636484572053,946.0,1338.0,5694.305144166078,2970943.237708192361963751347604,6.04907335,3156.0397816045090959353,1.25065,652.5133560934054967,8093.660142082280229272,4222781.227673240192081645635402183696,0.09337961230304137,0.08981785120462003,0.06574198242029684
2020-06-23,676.0,503458899.561067239884278288310357862761,0.0,0.0,178.25555393,92.65854257311872,0.05208916773816483,500.666807775949,-30.59489434966876,52.29092643753981,1005576.746334595672811789,1005576.7463345957,603212.946331636484572053,974.0,1453.0,5641.208501948423,2824365.852669060317973737878427,6.88009856,3444.63698321910351753344,1.26311423,632.39936939047583365427,9996.783203352446537347,5005057.534450695033349856279236867303,0.09342270860412925,0.09016646178766381,0.06604162651446184
2020-06-24,623.0,485802047.256911555104672900263503583841,0.0,0.0,61.66324742,88.6078179081987,0.05198652880113631,483.107877173669,-35.75637614360296,39.91832335909837,1005576.746334595672811789,1005576.7463345957,607894.985290143002792055,931.0,1503.0,16307.554149903224,7878307.867254402923754991008856,17.94848541,8671.05468490767008266929,1.1568415020248393,558.8792422696188223043179163917,26976.573577716185768245,13032595.194549755571702848232050340905,0.0934555408655193,0.09035882252636085,0.06625259205243528
2020-06-25,481.0,467911610.224161561304233030545752490517,0.0,0.0,186.70192557,85.7646446135028,0.05032016294564583,465.316657261353,-37.05889804095625,36.927714317984226,1005576.746334595672811789,1005576.7463345957,607273.091937307378695515,620.0,956.0,5386.000938501557,2506195.952710054595815146426621,9.7484423,4536.1125845411757404319,1.5302893040017442,712.0691035808940337819072519026,9319.510840675307847321,4336523.631693975986704287857717885313,0.09348939787574781,0.09066794253661846,0.06643840051941065
2020-06-26,452.0,458956019.141753784643856117162657190537,0.0,0.0,428.9065649,84.38182136222704,0.049829557623680285,456.410732263533,-30.128938251215985,31.80557349446021,1005576.746334595672811789,1005576.7463345957,607244.605418073443943503,536.0,842.0,2344.512368502666,1070060.606909211911020125078978,5.03781582,2299.31320741501095649206,1.2725283464806803,580.7955944433501323140727214999,4241.840919489912306341,1936021.720209809005388839111438962753,0.09343156391150696,0.0908143166437061,0.0664791506703426
2020-06-27,504.0,443511256.524777408007509085747118960184,0.0,0.0,305.62775708,81.34437212601988,0.04899394681855179,441.051623500056,-38.100610819401034,25.523153002554434,1005576.746334595672811789,1005576.7463345957,606876.089288310516869017,766.0,1264.0,3290.2009815334695,1451148.484546814493817699124292,5.03947663,2222.66934925209101569128,2.0,882.103247000112,6369.898457253495147934,2809454.056102156100359269566577284304,0.09344020450756782,0.09115125969212297,0.06665417659203719
2020-06-28,419.0,451929901.741135759753274583018472633773,0.0,0.0,131.49722596,82.43629193286365,0.04934347165400356,449.423580436257,-35.980472623415004,-9.340183073916592,1005576.746334595672811789,1005576.7463345957,606876.089288310516869017,492.0,784.0,7647.132774265882,3436801.791482019763000470883674,16.12092223,7245.12258854104856929311,1.097,493.017667738573929,12638.803024864513826707,5680176.107863205110176477759557715699,0.09343853259936555,0.06545432069746249,0.06662367730178044
2020-06-29,381.0,453530841.021439731780449324973026669794,0.0,0.0,629.15093401,82.95528448146639,0.049107523263538996,451.015641197546,-27.919329012387184,-11.845180305622295,1005576.746334595672811789,1005576.7463345957,606873.142687545496126448,468.0,667.0,1598.3076428615796,720861.7463761536791832572036616,4.36043298,1966.62347637362627346708,1.2585491805853495,567.625365660347516379442952327,2908.408797985650850783,1311737.858888082351674963479871778518,0.09343198558815455,0.06513941882149066,0.06653129682582401
2020-06-30,477.0,459272790.19823272823179633906590467124,0.0,0.0,81.31441065,83.16352265437614,0.049948312076187884,456.72574656516,-25.826824627085088,-2.1065328387869524,1005576.746334595672811789,1005576.7463345957,606366.134464800990880415,598.0,825.0,12366.525666762223,5648110.66756918935012069595068,18.84296356,8606.0665994411050455696,1.998,912.53804163718968,15545.444940147226300711,7100004.94597633094439665822151582876,0.09339147482433084,0.06303326291928547,0.06638523188266006
2020-07-01,497.0,450768053.169811221823988159214614909142,0.0,0.0,93.399223,81.06396982686472,0.04850683927527762,448.268175266478,-28.899391404722145,-2.799857584822026,1005576.746334595672811789,1005576.7463345957,606035.474464373943285714,620.0,980.0,10766.435887296557,4826250.569321951592548486916246,17.42018654,7808.91523308746096880612,1.9377069578523216,868.6123621976183978596509553248,17071.782807478250227415,7652736.92765390612060784618172609437,0.09338321097807904,0.063088877650531,0.06644199536274371
2020-07-02,474.0,445361933.143758910866517358171538778413,0.0,0.0,71.9233795,79.39302304696011,0.048699491525423765,442.892036602017,-33.575188063868275,0.25889637724095793,1005576.746334595672811789,1005576.7463345957,611343.209925929704764474,599.0,982.0,13981.222146155258,6192171.950495925200487237955386,23.32593471,10330.87072935757879631007,1.6834937930475553,745.6059946096862944487008990401,22906.067888594160189976,10144915.057723531056336407966224781592,0.0933851140344615,0.06262779698379047,0.066429563408474
2020-07-03,478.0,450674488.872808274654636404363891966056,0.0,0.0,190.13604678,80.09039570874758,0.0494309494893949,448.175129860104,-33.09327098474114,5.361448960038396,1005576.746334595672811789,1005576.7463345957,611343.292056163639516486,603.0,950.0,5288.722277395667,2370273.793465828027443165769368,7.87445334,3529.13414823182967554736,1.24003821,555.75428579824091457384,7480.730675101072435321,3352677.441761886603315466137318333384,0.093388983204313,0.062247379259103355,0.06643243906991786
2020-07-04,526.0,497074210.580607128272774398461915790533,0.0,0.0,97.75961457,87.53163781854617,0.0541645447106955,494.317527123097,-25.665469954268012,14.866733461270362,1005576.746334595672811789,1005576.7463345957,611354.720819153639513486,975.0,1889.0,10286.21840138913,5084658.04362277073283730773561,8.42731558,4165.76979779154792595126,1.94782641,962.84473425625965759177,15919.199126058771901096,7869139.145773539037627319954301214312,0.09354587252531804,0.06467045363075857,0.06727921808662436
2020-07-05,490.0,472354906.448866512785753192735208206291,0.0,0.0,203.26158555,83.21422393538712,0.051735163062536574,469.735311770719,-30.437491636659047,-1.4718521040700452,1005576.746334595672811789,1005576.7463345957,611388.720819153639513486,614.0,994.0,4947.205068959258,2323876.915461258446502448366502,8.0818292,3796.3205589397005191948,1.2510838373020796,587.6782563663998458543770872324,8033.338226288724948073,3773542.636285368993703549308956874487,0.09362118980177607,0.06270634408937735,0.06764198495094932
2020-07-06,434.0,468191041.099538498542511807461967584117,0.0,0.0,149.64425282,83.82354377905624,0.04985516656925778,465.594538463753,-32.859526742179604,-5.721613850015108,1005576.746334595672811789,1005576.7463345957,611385.185297865651482118,562.0,979.0,6719.781931880562,3128693.767150996765825762269186,11.92107193,5550.38598324155121075329,2.019067489617719,940.066795955730279931508039407,11670.72941534628795584,5433827.87567350082936937628030466752,0.09361270364945497,0.0623557404384894,0.06745346800932502
2020-07-07,466.0,459412718.024754160587607997734884660847,0.0,0.0,272.7390463,82.11551186471988,0.04937927586206891,456.864898377323,-36.92830058075802,-15.875818308863291,1005576.746334595672811789,1005576.7463345957,611377.138025440661998403,492.0,781.0,3686.9555716015157,1684440.5825414313040692973084711,7.20807297,3293.11552493537877725931,1.2,548.2378780527876,5629.504990086984630846,2571923.225210722955873616745572705258,0.093587287031863,0.059655875364078674,0.0674701485180712
2020-07-08,504.0,460983422.645729725660052276350652323947,0.0,0.0,209.39466942,82.21916835231572,0.04859013091759202,458.426892155223,-38.2236782295713,-17.43420400656394,1005576.746334595672811789,1005576.7463345957,611399.307469714856125219,576.0,868.0,4802.303464239729,2201505.052297680059021951454567,11.09898012,5088.07096250420403116676,1.3141223570631062,602.4290280601360377623369336826,9633.914744544925452605,4416445.595630109278001900417189705915,0.09357017223969503,0.05945193572437993,0.06746415550406064
2020-07-09,375.0,455640337.946564684189834024376754430506,0.0,0.0,665.14645808,81.2709652184805,0.04908339099941557,453.113439235154,-34.17644166967162,-35.00136225094905,1005576.746334595672811789,1005576.7463345957,611398.305186984856125219,420.0,658.0,1511.81252507739,685022.57271659868656625856806,5.72992679,2596.30683438254601437566,1.0468,474.3191481913592072,3770.291830128631160788,1708369.898069787082649280761915941352,0.0935685738079632,0.03977775488245677,0.06730713635866428
2020-07-10,374.0,455443486.941716832034462555369155812388,0.0,0.0,177.29568249,80.96326166069251,0.048778341320864976,452.917679930292,-32.66209664400357,-31.490487842982894,1005576.746334595672811789,1005576.7463345957,611397.158186984856125219,415.0,608.0,5671.749769634989,2568835.746808247331763804186788,12.67510675,5740.779942078783658671,1.495137392903627,677.174159170936167040833969084,7706.464905046493249094,3490394.205257875758914335630512155448,0.09355044632733797,0.03916875780952004,0.06716152523205211
2020-07-11,430.0,473070061.879070201985853798869364708473,0.0,0.0,607.3513928,84.06748651650386,0.050929716540035065,470.446501078557,-30.002868920290695,-22.696341296977483,1005576.746334595672811789,1005576.7463345957,611400.954194546286094943,542.0,803.0,1655.6753771338033,778906.6880945180619087534858381,4.16522747,1959.51668945779024436079,1.4046,660.7891554149411622,3344.677660374106309891,1573491.902558612507456251310777107287,0.09358545762095186,0.03789135833094072,0.06728900800335921
2020-07-12,376.0,461364702.754514941476868039233559344483,0.0,0.0,955.54488138,82.07421907251835,0.04939188486265342,458.806057753647,-30.103128574259202,-22.766147888329748,1005576.746334595672811789,1005576.7463345957,611400.464135646849498986,413.0,623.0,1052.3595133334911,482828.9196520855677808382670417,2.98414713,1369.14478047215994208311,0.9636,442.1055172514142492,1859.123663296458621344,852977.198833566773594882831208041568,0.0933028009393662,0.03790451623927642,0.06738278218174806
2020-07-13,465.0,451960542.137843114396905242959332396531,0.0,0.0,402.87141699,80.45022001638333,0.04865999999999999,449.454050906879,-24.68591616237818,-18.308012670878934,1005576.746334595672811789,1005576.7463345957,611492.214049743642176198,552.0,857.0,2496.024051137294,1121848.120944655689812038045426,4.96808041,2232.92386550560829414039,1.0909644052308263,490.3383713262087742328415241177,4257.644909740283386815,1913615.752005823574452076808301400385,0.09331393061145611,0.03575138966666179,0.06746659318487211
2020-07-14,405.0,499376826.87185104963201211866367285387,0.0,0.0,469.63922208,88.81011423887263,0.05362723858562245,496.60737352183,-15.92711190749464,-2.3221815818097924,1005576.746334595672811789,1005576.7463345957,611455.202389427085815769,445.0,628.0,2141.168580152509,1063320.10485700343402984077147,7.83200952,3889.4336771251684878216,1.265915871741252,628.66315616502097080173353116,4918.501976208874958425,2442564.34806701977863400068707991775,0.09361441532166437,0.03811556504613524,0.06846672463345599
2020-07-15,355.0,461660827.15696968990948427432520648765,0.0,0.0,644.64860791,82.40448840927044,0.049919999999999964,459.10053990385,-4.99878021751555,-16.91087540315918,1005576.746334595672811789,1005576.7463345957,611946.481845621591061802,383.0,497.0,1559.8835303317098,716143.37096241154686189810273,5.2733791,2421.011191927678599535,0.9907954931,454.874745816511287338435,2620.869414095283356314,1203242.5630286316061715083148504089,0.09376409231942044,0.03725275852105161,0.06929854742147687
2020-07-16,314.0,444740951.561997948535542729778253278959,0.0,0.0,1067.79537445,79.44944231673519,0.04842814436002345,442.274498871531,-14.86267915971975,-18.20532551642226,1005576.746334595672811789,1005576.7463345957,611947.022831737569624518,308.0,438.0,941.7316935393152,416503.9128315388379457825155712,4.96171121,2194.43833894800771256251,1.0,442.274498871531,2173.229510606125994608,961163.992736146938598071500990704848,0.09380098154421643,0.03758628864915212,0.06949294043832342
2020-07-17,365.0,453144947.968127447572309774939274949561,0.0,0.0,540.89135483,81.09821481088277,0.04921459380479249,450.631888237149,-20.80142956352686,-16.84333794228471,1005576.746334595672811789,1005576.7463345957,611947.022831737569624518,429.0,659.0,1859.1104061054182,837774.4327446175041930554207118,6.31595126,2846.16904230760040535774,1.93185661,870.55619196771754320489,4162.211882627021998174,1875625.399911313708607797812356965926,0.09379271711569448,0.037841261921671844,0.06933082150736906
2020-07-18,336.0,457562104.017539163911661036757303822155,0.0,0.0,356.82122345,82.56152070996761,0.04958906312098187,455.024547539895,-20.125274860595148,-13.08767628916335,1005576.746334595672811789,1005576.7463345957,610050.698869107527736549,338.0,504.0,2818.152845840663,1282328.723576915146459805750385,7.83078679,3563.20021600113676398705,1.0454947689846104,475.725784212549395532435031908,3946.716540871065799127,1795852.908278076227488540240088671665,0.09371747038948966,0.037559477057046306,0.06932911988902417
2020-07-19,343.0,477026731.216947184639833157137635248721,0.0,0.0,367.87364243,86.54002160626881,0.05145778737197916,474.381227445589,-16.971890130647562,-8.189265550452689,1005576.746334595672811789,1005576.7463345957,610046.160953744936032236,410.0,639.0,2733.4840835548202,1296713.5347597165675474941780978,10.6112301,5033.7683595455801090289,1.0713121364530678,508.2103662679626344481766279342,6780.576033609092804285,3216577.981611624777093431211263548865,0.09376510117177377,0.03845523520940726,0.06946830071186434
2020-07-20,333.0,454343025.552652251952940827188449643721,0.0,0.0,872.73678083,82.81878351341267,0.049287000000000004,451.823321500589,-20.25615404375549,-13.173510927228069,1005576.746334595672811789,1005576.7463345957,610042.286258431160681935,360.0,575.0,1152.210802187879,520595.711713385608982587160731,4.24435525,1917.69868668346280024225,1.1811272848374728,533.6608529502392321326744714792,2440.504270622858840105,1102676.745689192411977275372614321845,0.09382639793838901,0.039298515227046006,0.06951119136809936
2020-07-21,348.0,459753267.004648677432149747434705215957,0.0,0.0,753.9839489,84.80209887184364,0.04869786846224151,457.203558734313,-20.048216661294465,-10.260200131471986,1005576.746334595672811789,1005576.7463345957,610038.632353205197570611,381.0,545.0,1333.6845536352341,609765.3241510127703164774576733,4.8963522,2238.6296506565826730386,1.7024748376435008,778.3775544262303067903584029504,2668.511948314368031488,1220053.159294364180820338166610047744,0.09382444102133,0.03928388139304305,0.0694855805116558
2020-07-22,445.0,497474587.345836961300413422475852792719,0.0,0.0,175.98841215,94.04128159422837,0.0519045558360478,494.715683471371,-13.48131866843561,-5.1795394292431025,1005576.746334595672811789,1005576.7463345957,610019.207686275635267221,803.0,1256.0,5713.880442628727,2826746.268448770531347886674717,7.78402767,3850.88056892411351683557,3.0,1484.147050414113,9776.73875761249224956,4836705.99659330667748783993364734676,0.09400722889656725,0.04181329736120724,0.06995344764063607
2020-07-23,1768.0,533861397.420482793178082797889797692788,0.0,0.0,18.5305264,96.62215507203184,0.055249400350672065,530.900698893892,-6.8081826959281795,6.0387248861667775,1005576.746334595672811789,1005576.7463345957,611238.213523144107430531,3336.0,4557.0,54265.956879613404,28809834.433532562880787376928368,18.70589356,9930.97196443875348613552,3.7662466,1999.5029521467445057672,85242.756954712535564412,45255439.242899058020258052600319371504,0.09414047307507571,0.04313786856277179,0.07034046202975948
2020-07-24,577.0,519628379.076517940187654101895629323985,0.0,0.0,100.54674771,93.30465275960508,0.054120356399766215,516.746614289365,-11.874413734274865,6.962986675459115,1005576.746334595672811789,1005576.7463345957,611238.195523144107430531,1070.0,1665.0,10001.086750384198,5168027.71747526198313049545427,8.97983115,4640.29734365267494071975,3.698554331760171,1911.215428702333198520775881415,14951.418865380997975301,7726095.077507769843658619859936973865,0.09410338544834816,0.042905114990762584,0.07027351202487894
2020-07-25,483.0,530675194.042202290046501456519638438458,0.0,0.0,172.27513683,95.22023835979611,0.05439162416127278,527.732165621922,-14.068234973389782,13.413555561908957,1005576.746334595672811789,1005576.7463345957,610011.195523144107430531,781.0,1165.0,5837.039312964385,3080393.39745099062754096124797,7.93859366,4189.45122418425994621452,3.0266431084368817,1597.2569221800612806751628406274,9248.461610168904002422,4880710.674205643466394792418624295084,0.09411437622562599,0.04236222008650619,0.07023368067402598
2020-07-26,575.0,524038962.920848750053095837788106610232,0.0,0.0,107.30086081,95.18858086702397,0.05245999999999998,521.132737835288,-9.650378740941715,14.180649357382839,1005576.746334595672811789,1005576.7463345957,609022.714864840757403507,958.0,1445.0,9371.56271370639,4883828.13478891231109581309032,9.27117501,4831.51281591140360175288,3.4745095390608483,1810.6806687256044079838549548104,13396.847891297045994062,6981536.019954534340326142761982059856,0.09389592574084225,0.04225089102453257,0.07026371434625803
2020-07-27,504.0,514619297.708512187833902284083960113748,0.0,0.0,207.67368971,93.65892334374298,0.046328242111686874,511.765312378532,-12.79015074688597,16.032973264515597,1005576.746334595672811789,1005576.7463345957,609023.283961190757403507,856.0,1266.0,4842.099871876142,2478018.753498743584687323783544,6.20614413,3176.08928935564270981716,3.112056348575252,1592.642489368207508997511290064,7856.978466691565549923,4020929.039357808424378487361719453036,0.09390338666348114,0.04184343879215462,0.07032929174377983
2020-07-28,455.0,521887842.822969549677203209799908798344,0.0,0.0,330.50670947,95.18245642246809,0.0474200000000001,518.993547459496,-12.087447828836316,15.479821275890146,1005576.746334595672811789,1005576.7463345957,609023.273961190757403507,619.0,852.0,3042.5305070092973,1579053.7010864941655532671721608,5.88558694,3054.58164487187983658224,2.0146381124009616,1045.5841808020779010905874513536,5014.520075083728821307,2602503.562574562659376922164404281272,0.09384873922081198,0.041797979746079864,0.054599428063666966
2020-07-29,448.0,548952892.094128250092390464485808080312,0.0,0.0,204.41538322,101.00394102704173,0.04911116691993007,545.908498874008,-4.925668809389179,21.039815254411256,1005576.746334595672811789,1005576.7463345957,609416.38532115201637001,728.0,1048.0,4919.281173896265,2685477.40118087793419469678012,8.08143088,4411.72180045485348056704,3.0260129898554267,1651.9262088652247881836583792136,8469.339560742084272078,4623484.446058961521164591909314348624,0.09392355860305202,0.042622626881319084,0.05483568898664515
2020-07-30,485.0,574134571.520379402674809341812957391893,0.0,0.0,132.21134206,105.07602190842714,0.05127350618499782,570.950525271337,-4.110315139415046,25.00948973540751,1005576.746334595672811789,1005576.7463345957,608752.38532115201637001,775.0,1258.0,7605.828143260982,4342551.573518375475823555072934,11.21241807,6401.73598662833063185959,2.5674707418721514,1465.8987686906941333968489444218,14105.221932566596484601,8053383.871467681463862917955867181537,0.09397351465000539,0.0431883594761955,0.05372730737067453
2020-07-31,428.0,560488114.009720704340143158455980508808,0.0,0.0,40.21061195,100.08293857445176,0.049159467928346634,557.379748540072,-6.771605110857591,24.34069141953506,1005576.746334595672811789,1005576.7463345957,613752.029373527887070979,600.0,855.0,25007.74540711555,13938810.8465722057433931093196,38.7852596,21618.1182429094135226912,2.9875926721160906,1665.2236523242283549882500825232,33161.396955201101927931,18483491.096127499458301864461809551032,0.09398988814900608,0.04331121432805623,0.05381018775715916
2020-08-01,484.0,596815261.177763780017845591975100625006,0.0,0.0,87.52525958,105.31745767176169,0.05030737871286252,593.505431935654,-0.5526603429298883,34.0067968909945,1005576.746334595672811789,1005576.7463345957,613752.029373527887070979,765.0,1105.0,11488.989020647361,6818777.391203298422442376909094,14.40618216,8550.14736541451292273264,2.7214629505331764,1615.2030439530722345991970313656,15918.831290391196284814,9447912.840914431281803816193505358356,0.09410361903910733,0.044304604340755845,0.05400439372318515
2020-08-02,515.0,572230533.863514598642754937257243509515,0.0,0.0,60.2910314,99.78133021515863,0.05129403155666219,569.057047062135,-1.8142350506835412,26.9720270376814,1005576.746334595672811789,1005576.7463345957,614650.960873527887070979,1036.0,1796.0,16678.711957605203,9491138.575394737778501340288405,15.65895775,8910.84025728573358979625,3.2895814223888658,1871.959490295065799507424776483,28123.488112220864756187,16003869.098227462843794992631414679245,0.09413447747739932,0.045299131548362175,0.05406459070795542
2020-08-03,462.0,595711413.546067454748303528212088251723,0.0,0.0,81.21939501,102.69818425812082,0.0527236259716914,592.407706042807,1.219488409842615,19.843556729738047,1005576.746334595672811789,1005576.7463345957,614651.960873527887070979,676.0,1096.0,12380.992818429686,7334595.554098397965138835568602,18.59962219,11018.55951484079016708733,3.4295303172757565,2031.6801880615909818712123084955,20385.185920956591021031,12076341.228690020066067561256723274017,0.09410400957434988,0.04247971382293201,0.05425098599398924
2020-08-04,464.0,586920254.609331742365200531733826632521,0.0,0.0,69.34175353,100.00725540216037,0.052100637065033616,583.665301279789,-0.829993200169441,24.25408238516247,1005576.746334595672811789,1005576.7463345957,614545.578407999856177481,763.0,1104.0,14501.749596332687,8464168.047227576271802113163043,19.63381062,11459.57399079262085955918,3.3275778787431416,1942.1917451285769307652864451224,21675.726920204991721218,12651369.683339879433944446485305863002,0.09411002927537475,0.04130238417383309,0.052786452360781284
2020-08-05,415.0,596553435.770444000039125809557823398253,0.0,0.0,341.86446581,101.75176970530194,0.05061196712350447,593.245058564577,8.381393097490912,27.416670419290522,1005576.746334595672811789,1005576.7463345957,614548.654077821289388918,534.0,693.0,2941.448576600459,1744999.833090030955312979340843,5.90852418,3505.20277319431929597186,1.3,771.2185761339501,4094.607257079773426595,2429105.522025232178467536759376725315,0.09411639087167235,0.041219525574981555,0.05264905759186777
2020-08-06,432.0,590101603.488253874070335607186610452886,0.0,0.0,185.78379835,100.60368516826425,0.04986095628752826,586.829006974574,6.2853254563736405,28.446945488448115,1005576.746334595672811789,1005576.7463345957,615775.608527281289388918,535.0,748.0,5412.618082294035,3176281.29436523161371283686609,12.15618177,7133.60007669151931231598,1.7735114541338848,1040.7479654874203600035854450752,9092.823964571382749156,5335932.857724033577180953590311959544,0.09411793815138261,0.04106352545711199,0.05127052551911841
2020-08-07,425.0,583275640.434873734939881989957422158668,0.0,0.0,215.86995202,99.35943507622561,0.05000797023848893,580.040899474812,8.3266782296451,26.52855000452517,1005576.746334595672811789,1005576.7463345957,615775.636827281289388918,606.0,811.0,4658.25251226615,2701976.9771956603651229652138,9.71646071,5635.94460994007043263652,2.532106697578559,1468.725446429663130775211755908,7880.049637042423690831,4570751.079376253267031898574559848772,0.09411382275189105,0.041217463458870396,0.05122333096787037
2020-08-08,371.0,584913907.283388907493172059369762238554,0.0,0.0,657.41744234,99.84231949498265,0.049533309467071684,581.670080792386,16.61626723295067,28.371844757955746,1005576.746334595672811789,1005576.7463345957,615779.088234305652793964,408.0,541.0,1529.5863504257773,889714.6160310927260216639716378,5.07293786,2950.77617488095373913396,1.3165857034403083,765.8185124902244832919161326038,2744.459381701254013792,1596369.910285590149931443606332587712,0.09408141348515042,0.04106580144583196,0.041683004449077174
2020-08-09,373.0,599782479.251258694023878215754177828171,0.0,0.0,199.27592967,102.18203774680707,0.05106419310531965,596.456194355639,22.103747758411767,31.69196540250732,1005576.746334595672811789,1005576.7463345957,615777.551834305652793964,602.0,907.0,5046.152578517914,3009808.963120689802130848417046,8.8425478,5274.1924091958280570442,3.301142883345284,1968.987121224329236379129456476,8020.190858749401082232,4783692.517615552026102357996491906248,0.09403716215010416,0.041142579069979944,0.04131272843782852
2020-08-10,509.0,630149739.393096793427550927271079818422,0.0,0.0,93.99198776,106.25972419086047,0.052791536170601214,626.655043177998,24.295085065533605,33.20431584490766,1005576.746334595672811789,1005576.7463345957,615779.592384845652793964,813.0,1036.0,10698.536867826582,6704292.082849270225152421942836,16.36689972,10256.40025072656337636056,4.01335603977043,2514.98980239101787014554699914,16956.10811117578937853,10625630.66053966640513472858458958294,0.0941028209372478,0.04146967426019887,0.04043073936194909
2020-08-11,663.0,595519379.850698985231372591910358960316,0.0,0.0,26.11157075,96.55705518376585,0.05198237851878428,592.216737334444,24.72078201219817,29.07779383602451,1005576.746329595672811789,1005576.7463295957,620596.200731013054169137,1340.0,1921.0,38510.77194866945,22806723.7156718497841854555358,32.12645322,19025.82330807604266070968,5.033114756624087,2980.694799797760970408505152628,61714.916638880900149322,36548606.576745237598428171371853846968,0.09410054007356229,0.04275348434400379,0.04097742243984401
2020-08-12,2257.0,726765546.603172087511346586162903108902,0.0,0.0,5.12793822,94.46374380364682,0.0624365476934541,722.735036640318,52.09411070854992,60.802875217618016,1005576.746329595672811789,1005576.7463295957,659975.850687168089773888,5355.0,6941.0,196097.671932795,141726658.10942965300228342881,44.41739926,32102.01068164373361936468,5.383822578044714,3891.077208208117687928139179052,308301.168294132993721556,222820056.163313055285899199909815294808,0.09524332253794987,0.054741737868265916,0.04723070479899631
2020-08-13,1909.0,792453981.147201409103243359182114575691,0.0,0.0,7.0018797,88.71446201118101,0.06693529094460521,788.059175035319,76.45937290878263,58.688577144269324,1005576.746329595672811789,1005576.7463295957,659404.050687168089773888,3672.0,4758.0,143615.25600608537,113177320.17064177888864867918303,40.10469778,31604.87504754758932089182,6.609114862785681,5208.373606480549298511902467239,190818.152019559330202475,150375995.462298015934093847441546214525,0.09536624251771905,0.05409143864464238,0.04710365240601827
