time,AdrActCnt,AssetCompletionTime,AssetEODCompletionTime,CapMrktCurUSD,PriceBTC,PriceUSD,ROI1yr,ROI30d,SplyCur,TxCnt,TxTfrCnt,volume_reported_spot_usd_1d
2023-01-17,0,,,,,,,,0,0,0,
2023-01-18,0,,,,,,,,0,0,0,
2023-01-19,0,,,,,,,,0,0,0,
2023-01-20,0,,,,,,,,0,0,0,
2023-01-21,0,,,,,,,,0,0,0,
2023-01-22,0,,,,,,,,0,0,0,
2023-01-23,0,,,,,,,,0,0,0,
2023-01-24,0,,,,,,,,0,0,0,
2023-01-25,0,,,,,,,,0,0,0,
2023-01-26,0,,,,,,,,0,0,0,
2023-01-27,0,,,,,,,,0,0,0,
2023-01-28,0,,,,,,,,0,0,0,
2023-01-29,0,,,,,,,,0,0,0,
2023-01-30,0,,,,,,,,0,0,0,
2023-01-31,0,,,,,,,,0,0,0,
2023-02-01,0,,,,,,,,0,0,0,
2023-02-02,0,,,,,,,,0,0,0,
2023-02-03,0,,,,,,,,0,0,0,
2023-02-04,0,,,,,,,,0,0,0,
2023-02-05,0,,,,,,,,0,0,0,
2023-02-06,0,,,,,,,,0,0,0,
2023-02-07,0,,,,,,,,0,0,0,
2023-02-08,0,,,,,,,,0,0,0,
2023-02-09,0,,,,,,,,0,0,0,
2023-02-10,0,,,,,,,,0,0,0,
2023-02-11,0,,,,,,,,0,0,0,
2023-02-12,0,,,,,,,,0,0,0,
2023-02-13,0,,,,,,,,0,0,0,
2023-02-14,0,,,,,,,,0,0,0,
2023-02-15,0,,,,,,,,0,0,0,
2023-02-16,0,,,,,,,,0,0,0,
2023-02-17,0,,,,,,,,0,0,0,
2023-02-18,0,,,,,,,,0,0,0,
2023-02-19,0,,,,,,,,0,0,0,
2023-02-20,0,,,,,,,,0,0,0,
2023-02-21,0,,,,,,,,0,0,0,
2023-02-22,0,,,,,,,,0,0,0,
2023-02-23,0,,,,,,,,0,0,0,
2023-02-24,0,,,,,,,,0,0,0,
2023-02-25,0,,,,,,,,0,0,0,
2023-02-26,0,,,,,,,,0,0,0,
2023-02-27,0,,,,,,,,0,0,0,
2023-02-28,0,,,,,,,,0,0,0,
2023-03-01,0,,,,,,,,0,0,0,
2023-03-02,0,,,,,,,,0,0,0,
2023-03-03,0,,,,,,,,0,0,0,
2023-03-04,0,,,,,,,,0,0,0,
2023-03-05,0,,,,,,,,0,0,0,
2023-03-06,0,,,,,,,,0,0,0,
2023-03-07,0,,,,,,,,0,0,0,
2023-03-08,0,,,,,,,,0,0,0,
2023-03-09,0,,,,,,,,0,0,0,
2023-03-10,0,,,,,,,,0,0,0,
2023-03-11,0,,,,,,,,0,0,0,
2023-03-12,0,,,,,,,,0,0,0,
2023-03-13,0,,,,,,,,0,0,0,
2023-03-14,0,,,,,,,,0,0,0,
2023-03-15,0,,,,,,,,0,0,0,
2023-03-16,0,,,,,,,,0,0,0,
2023-03-17,0,,,,,,,,0,0,0,
2023-03-18,0,,,,,,,,0,0,0,
2023-03-19,0,,,,,,,,0,0,0,
2023-03-20,0,,,,,,,,0,0,0,
2023-03-21,0,,,,,,,,0,0,0,
2023-03-22,0,,,,,,,,0,0,0,
2023-03-23,0,,,,,,,,0,0,0,
2023-03-24,0,,,,,,,,0,0,0,
2023-03-25,0,,,,,,,,0,0,0,
2023-03-26,0,,,,,,,,0,0,0,
2023-03-27,0,,,,,,,,0,0,0,
2023-03-28,0,,,,,,,,0,0,0,
2023-03-29,2,1746000947,1746000947,,,,,,48.965183040843668922,1,1,
2023-03-30,0,1746000947,1746000947,,,,,,48.965183040843668922,0,0,
2023-03-31,0,1746000948,1746000948,,,,,,48.965183040843668922,0,0,
2023-04-01,0,1746000948,1746000948,,,,,,48.965183040843668922,0,0,
2023-04-02,0,1746000948,1746000948,,,,,,48.965183040843668922,0,0,
2023-04-03,0,1746000948,1746000948,,,,,,48.965183040843668922,0,0,
2023-04-04,0,1746000948,1746000948,,,,,,48.965183040843668922,0,0,
2023-04-05,0,1746000948,1746000948,,,,,,48.965183040843668922,0,0,
2023-04-06,0,1746000948,1746000948,,,,,,48.965183040843668922,0,0,
2023-04-07,0,1746000948,1746000948,,,,,,48.965183040843668922,0,0,
2023-04-08,0,1746000949,1746000949,,,,,,48.965183040843668922,0,0,
2023-04-09,0,1746000949,1746000949,,,,,,48.965183040843668922,0,0,
2023-04-10,0,1746000949,1746000949,,,,,,48.965183040843668922,0,0,
2023-04-11,0,1746000949,1746000949,,,,,,48.965183040843668922,0,0,
2023-04-12,0,1746000949,1746000949,,,,,,48.965183040843668922,0,0,
2023-04-13,0,1746000949,1746000949,,,,,,48.965183040843668922,0,0,
2023-04-14,0,1746000949,1746000949,,,,,,48.965183040843668922,0,0,
2023-04-15,0,1746000949,1746000949,,,,,,48.965183040843668922,0,0,
2023-04-16,0,1746000950,1746000950,,,,,,48.965183040843668922,0,0,
2023-04-17,0,1746000950,1746000950,,,,,,48.965183040843668922,0,0,
2023-04-18,0,1746000950,1746000950,,,,,,48.965183040843668922,0,0,
2023-04-19,0,1746000950,1746000950,,,,,,48.965183040843668922,0,0,
2023-04-20,0,1746000950,1746000950,,,,,,48.965183040843668922,0,0,
2023-04-21,0,1746000950,1746000950,,,,,,48.965183040843668922,0,0,
2023-04-22,0,1746000950,1746000950,,,,,,48.965183040843668922,0,0,
2023-04-23,0,1746000950,1746000950,,,,,,48.965183040843668922,0,0,
2023-04-24,0,1746000951,1746000951,,,,,,48.965183040843668922,0,0,
2023-04-25,0,1746000951,1746000951,,,,,,48.965183040843668922,0,0,
2023-04-26,0,1746000951,1746000951,,,,,,48.965183040843668922,0,0,
2023-04-27,0,1746000951,1746000951,,,,,,48.965183040843668922,0,0,
2023-04-28,0,1746000951,1746000951,,,,,,48.965183040843668922,0,0,
2023-04-29,0,1746000951,1746000951,,,,,,48.965183040843668922,0,0,
2023-04-30,0,1746000951,1746000951,,,,,,48.965183040843668922,0,0,
2023-05-01,0,1746000951,1746000951,,,,,,48.965183040843668922,0,0,
2023-05-02,0,1746000952,1746000952,,,,,,48.965183040843668922,0,0,
2023-05-03,0,1746000952,1746000952,,,,,,48.965183040843668922,0,0,
2023-05-04,0,1746000952,1746000952,,,,,,48.965183040843668922,0,0,
2023-05-05,0,1746000952,1746000952,,,,,,48.965183040843668922,0,0,
2023-05-06,0,1746000952,1746000952,,,,,,48.965183040843668922,0,0,
2023-05-07,0,1746000952,1746000952,,,,,,48.965183040843668922,0,0,
2023-05-08,0,1746000952,1746000952,,,,,,48.965183040843668922,0,0,
2023-05-09,0,1746000952,1746000952,,,,,,48.965183040843668922,0,0,
2023-05-10,0,1746000953,1746000953,,,,,,48.965183040843668922,0,0,
2023-05-11,0,1746000953,1746000953,,,,,,48.965183040843668922,0,0,
2023-05-12,0,1746000953,1746000953,,,,,,48.965183040843668922,0,0,
2023-05-13,0,1746000953,1746000953,,,,,,48.965183040843668922,0,0,
2023-05-14,0,1746000953,1746000953,,,,,,48.965183040843668922,0,0,
2023-05-15,0,1746000953,1746000953,,,,,,48.965183040843668922,0,0,
2023-05-16,0,1746000953,1746000953,,,,,,48.965183040843668922,0,0,
2023-05-17,0,1746000953,1746000953,,,,,,48.965183040843668922,0,0,
2023-05-18,0,1746000954,1746000954,,,,,,48.965183040843668922,0,0,
2023-05-19,2,1746000954,1746000954,,,,,,11231.282240269683327389,3,3,
2023-05-20,0,1746000954,1746000954,,,,,,11231.282240269683327389,0,0,
2023-05-21,0,1746000954,1746000954,,,,,,11231.282240269683327389,0,0,
2023-05-22,0,1746000954,1746000954,,,,,,11241.06074956703655538,0,0,
2023-05-23,3,1746000954,1746000954,,,,,,97.267189742568250333,2,2,
2023-05-24,0,1746000954,1746000954,,,,,,97.267189742568250333,0,0,
2023-05-25,0,1746000954,1746000954,,,,,,97.267189742568250333,0,0,
2023-05-26,0,1746000954,1746000954,,,,,,97.267189742568250333,0,0,
2023-05-27,0,1746000955,1746000955,,,,,,97.267189742568250333,0,0,
2023-05-28,0,1746000955,1746000955,,,,,,97.267189742568250333,0,0,
2023-05-29,0,1746000955,1746000955,,,,,,97.267189742568250333,0,0,
2023-05-30,0,1746000955,1746000955,,,,,,97.267189742568250333,0,0,
2023-05-31,0,1746000955,1746000955,,,,,,97.267189742568250333,0,0,
2023-06-01,0,1746000955,1746000955,,,,,,265.586081721381390755,0,0,
2023-06-02,0,1746000955,1746000955,,,,,,265.586081721381390755,0,0,
2023-06-03,0,1746000955,1746000955,,,,,,265.586081721381390755,0,0,
2023-06-04,0,1746000956,1746000956,,,,,,97.267189742568250333,0,0,
2023-06-05,0,1746000956,1746000956,,,,,,97.267189742568250333,0,0,
2023-06-06,4,1746000956,1746000956,,,,,,1260.440858574787218814,2,2,
2023-06-07,0,1746000956,1746000956,,,,,,1260.440858574787218814,0,0,
2023-06-08,0,1746000956,1746000956,,,,,,1260.440858574787218814,0,0,
2023-06-09,0,1746000956,1746000956,,,,,,1260.440858574787218814,0,0,
2023-06-10,0,1746000956,1746000956,,,,,,1260.440858574787218814,0,0,
2023-06-11,2,1746000956,1746000956,,,,,,367804.071080813833148253,1,1,
2023-06-12,0,1746000957,1746000957,,,,,,367804.071080813833148253,0,0,
2023-06-13,0,1746000957,1746000957,,,,,,367804.071080813833148253,0,0,
2023-06-14,0,1746000957,1746000957,,,,,,367804.071080813833148253,0,0,
2023-06-15,0,1746000957,1746000957,,,,,,367804.071080813833148253,0,0,
2023-06-16,0,1746000957,1746000957,,,,,,367813.842917198316786107,0,0,
2023-06-17,2,1746000957,1746000957,,,,,,589701.956087772700239,1,1,
2023-06-18,0,1746000957,1746000957,,,,,,589701.956087772700239,0,0,
2023-06-19,0,1746000957,1746000957,,,,,,3640819.93712849204097347,0,0,
2023-06-20,4,1746000957,1746000957,,,,,,5223867.213250878435476903,3,3,
2023-06-21,4,1746000958,1746000958,,,,,,6595977.747592067853056814,4,4,
2023-06-22,0,1746000958,1746000958,,,,,,8272466.848039418608823837,0,0,
2023-06-23,0,1746000958,1746000958,,,,,,10067703.616890452202600402,0,0,
2023-06-24,2,1746000958,1746000958,,,,,,9874155.736996038150573362,1,1,
2023-06-25,0,1746000958,1746000958,,,,,,9567910.935645653097456268,0,0,
2023-06-26,0,1746000958,1746000958,,,,,,9418089.633405137361460747,0,0,
2023-06-27,0,1746000958,1746000958,,,,,,10535956.597665135496452908,0,0,
2023-06-28,0,1746000958,1746000958,,,,,,16059733.472322218471632626,0,0,
2023-06-29,2,1746000959,1746000959,,,,,,11366258.962637083284606049,2,2,
2023-06-30,0,1746000959,1746000959,,,,,,10558818.570890472313871959,0,0,
2023-07-01,0,1746000959,1746000959,,,,,,9588568.475075189586302791,0,0,
2023-07-02,0,1746000959,1746000959,,,,,,9588568.475075189586302791,0,0,
2023-07-03,5,1746000959,1746000959,,,,,,9747968.213595678802902671,5,5,
2023-07-04,0,1746000959,1746000959,,,,,,9034623.581857010538534419,0,0,
2023-07-05,2,1746000959,1746000959,,,,,,10537103.859272541308814824,1,1,
2023-07-06,0,1746000959,1746000959,,,,,,12667811.441556212392144148,0,0,
2023-07-07,0,1746000959,1746000959,,,,,,12760970.596164093820504304,0,0,
2023-07-08,0,1746000960,1746000960,,,,,,12795107.636204861556713286,0,0,
2023-07-09,0,1746000960,1746000960,,,,,,12848569.973217067885690139,0,0,
2023-07-10,0,1746000960,1746000960,,,,,,13657192.465496496058044846,0,0,
2023-07-11,2,1746000960,1746000960,,,,,,13676660.904752298567768461,1,1,
2023-07-12,0,1746000960,1746000960,,,,,,14359851.726958556715015914,0,0,
2023-07-13,0,1746000960,1746000960,,,,,,13359867.325755033023403909,0,0,
2023-07-14,0,1746000960,1746000960,,,,,,12352061.1528742616388561,0,0,
2023-07-15,0,1746000960,1746000960,,,,,,11542823.271685534366981259,0,0,
2023-07-16,0,1746000961,1746000961,,,,,,11542823.271685534366981259,0,0,
2023-07-17,2,1746000961,1746000961,,,,,,11513581.746894030590041519,1,1,
2023-07-18,0,1746000961,1746000961,,,,,,11513581.746894030590041519,0,0,
2023-07-19,0,1746000961,1746000961,,,,,,11513581.746894030590041519,0,0,
2023-07-20,0,1746000961,1746000961,,,,,,11513581.746894030590041519,0,0,
2023-07-21,2,1746000961,1746000961,,,,,,13916217.761710928175290426,2,2,
2023-07-22,0,1746000961,1746000961,,,,,,13916217.761710928175290426,0,0,
2023-07-23,0,1746000961,1746000961,,,,,,13916217.761710928175290426,0,0,
2023-07-24,0,1746000962,1746000962,,,,,,13064517.761710928175290426,0,0,
2023-07-25,0,1746000962,1746000962,,,,,,13999399.595302527650920001,0,0,
2023-07-26,0,1746000962,1746000962,,,,,,13773579.746025419022533552,0,0,
2023-07-27,0,1746000962,1746000962,,,,,,13361085.793490185657081523,0,0,
2023-07-28,0,1746000962,1746000962,,,,,,13390781.17561780073198733,0,0,
2023-07-29,0,1746000962,1746000962,,,,,,13425212.624691568619806528,0,0,
2023-07-30,0,1746000962,1746000962,,,,,,13425212.624691568619806528,0,0,
2023-07-31,0,1746000962,1746000962,,,,,,15551499.098124474219325357,0,0,
2023-08-01,2,1746000963,1746000963,,,,,,15435840.258765049770480702,1,1,
2023-08-02,0,1746000963,1746000963,,,,,,16121540.481163115966848702,0,0,
2023-08-03,6,1746000963,1746000963,,,,,,16151967.868727657346283356,3,4,
2023-08-04,0,1746000963,1746000963,,,,,,16093241.649772819123448013,0,0,
2023-08-05,0,1746000963,1746000963,,,,,,16142231.820397002818043095,0,0,
2023-08-06,2,1746000963,1746000963,,,,,,23901371.234409383172228957,1,1,
2023-08-07,11,1746000963,1746000963,,,,,,237309424.618268453217857662,7,8,
2023-08-08,8,1746000963,1746000963,,,,,,364949015.864422971965438897,5,4,
2023-08-09,9,1746000963,1746000963,,,,,,402132165.971596109978767192,8,12,
2023-08-10,10,1746000964,1746000964,,,,,,465607728.157160820299127569,6,6,
2023-08-11,11,1746000964,1746000964,,,,,,482468179.122035233698487393,8,12,
2023-08-12,10,1746000964,1746000964,,,,,,504494291.615964895654405088,8,12,
2023-08-13,7,1746000964,1746000964,,,,,,537817152.318940933984704856,5,8,
2023-08-14,12,1746000964,1746000964,,,,,,554325560.012459929859098065,9,12,
2023-08-15,22,1746000964,1746000964,,,,,,580803979.840031904360819517,14,20,
2023-08-16,18,1746000964,1746000964,,,,,,593356922.083106907191340977,12,19,
2023-08-17,11,1746000964,1746000964,,,,,,616510771.487490398619871022,7,13,
2023-08-18,9,1746000964,1746000964,,,,,,677459732.655675423608109198,5,6,
2023-08-19,14,1746000965,1746000965,,,,,,695537245.051702748415948764,6,12,
2023-08-20,15,1746000965,1746000965,,,,,,580618892.900712648474022648,10,12,
2023-08-21,11,1746000965,1746000965,,,,,,586111791.719711825466610274,6,7,
2023-08-22,54,1746000965,1746000965,,,,,,583009685.953252706098509385,65,70,
2023-08-23,30,1746000965,1746000965,,,,,,587360592.579822824012449526,26,31,
2023-08-24,45,1746000965,1746000965,,,,,,659944611.904769740447361107,53,79,
2023-08-25,37,1746000965,1746000965,,,,,,630311553.586265274879756353,45,51,
2023-08-26,27,1746000965,1746000965,,,,,,697676199.02401957954629134,30,35,
2023-08-27,30,1746000966,1746000966,,,,,,711463619.113006773721464668,27,33,
2023-08-28,30,1746000966,1746000966,,,,,,721991202.672465443245806035,28,34,
2023-08-29,38,1746000966,1746000966,,,,,,739234906.409360588496009443,45,51,
2023-08-30,35,1746000966,1746000966,,,,,,748494077.8558121211265262,40,49,
2023-08-31,50,1746000966,1746000966,,,,,,753316118.177041009450544331,57,67,
2023-09-01,55,1746000966,1746000966,,,,,,759381274.532031224951965116,48,67,
2023-09-02,39,1746000966,1746000966,,,,,,775961566.328146421020587723,47,52,
2023-09-03,23,1746000966,1746000966,,,,,,788305915.307908162092949123,23,24,
2023-09-04,31,1746000967,1746000967,,,,,,788241110.253601740410958343,25,35,
2023-09-05,30,1746000967,1746000967,,,,,,799457024.058764644523615234,30,35,
2023-09-06,49,1746000967,1746000967,,,,,,826442295.734590863069381461,55,66,
2023-09-07,40,1746000967,1746000967,,,,,,828160429.020083218126792704,28,46,
2023-09-08,25,1746000967,1746000967,,,,,,854330074.381298715295347085,23,40,
2023-09-09,14,1746000967,1746000967,,,,,,867807366.413084541242645026,10,12,
2023-09-10,40,1746000967,1746000967,,,,,,891367801.260496437639519506,57,87,
2023-09-11,29,1746000967,1746000967,,,,,,897632220.716015816396962273,32,35,
2023-09-12,18,1746000968,1746000968,,,,,,904339953.734746261628797745,18,19,
2023-09-13,23,1746000968,1746000968,,,,,,919516794.788477867058913551,23,26,
2023-09-14,32,1746000968,1746000968,,,,,,936613174.813632319173055128,22,31,
2023-09-15,40,1746000968,1746000968,,,,,,945585362.478555282199421325,37,63,
2023-09-16,27,1746000968,1746000968,,,,,,955334541.538721731836932682,29,47,
2023-09-17,36,1746000968,1746000968,,,,,,969942129.443229055504208624,45,59,
2023-09-18,32,1746000968,1746000968,,,,,,960700723.780453185583044106,38,45,
2023-09-19,29,1746000968,1746000968,,,,,,968353226.316483815319189731,32,39,
2023-09-20,42,1746000969,1746000969,,,,,,1006142264.113947706095500609,25,45,
2023-09-21,38,1746000969,1746000969,,,,,,1006574748.459820103704220216,58,65,
2023-09-22,29,1746000969,1746000969,,,,,,1013683978.38509599177539002,23,24,
2023-09-23,33,1746000969,1746000969,,,,,,1022448996.181211152468234637,24,37,
2023-09-24,34,1746000969,1746000969,,,,,,1034552535.339816661752531738,33,39,
2023-09-25,41,1746000969,1746000969,,,,,,1043264414.748228749825559879,36,46,
2023-09-26,41,1746000969,1746000969,,,,,,1046990813.278285221840549464,41,44,
2023-09-27,44,1746000969,1746000969,,,,,,1073890714.311942402801817849,56,75,
2023-09-28,47,1746000969,1746000969,,,,,,1060455952.28665970311677773,53,69,
2023-09-29,44,1746000970,1746000970,,,,,,1066906868.521213225248214467,39,56,
2023-09-30,36,1746000970,1746000970,,,,,,1068441791.964631838220574329,42,54,0
2023-10-01,35,1746000970,1746000970,,,,,,1083204328.388777684837757302,34,45,0
2023-10-02,49,1746000970,1746000970,,,,,,1067989256.408179221121286691,63,74,0
2023-10-03,45,1746000970,1746000970,,,,,,1059437836.307354534985307344,40,63,0
2023-10-04,41,1746000970,1746000970,,,,,,1075077055.182567378400164724,37,53,0
2023-10-05,29,1746000970,1746000970,,,,,,1065183049.566311206738394066,25,34,0
2023-10-06,34,1746000970,1746000970,,,,,,1079337900.541700690774364,29,32,0
2023-10-07,27,1746000971,1746000971,,,,,,1085656152.67385988829119403,19,18,0
2023-10-08,43,1746000971,1746000971,,,,,,1097002157.883568106931730134,51,74,0
2023-10-09,62,1746000971,1746000971,,,,,,1106783086.861886023140372757,57,86,0
2023-10-10,45,1746000971,1746000971,,,,,,1105065297.463487150545031421,61,86,0
2023-10-11,65,1746000971,1746000971,,,,,,1136230910.559265227337939289,66,98,0
2023-10-12,54,1746000971,1746000971,,,,,,1124206388.916783264571748699,58,80,0
2023-10-13,35,1746000971,1746000971,,,,,,1139721747.323951286334563433,27,37,0
2023-10-14,47,1746000971,1746000971,,,,,,1151881392.253656714717644613,44,64,0
2023-10-15,32,1746000972,1746000972,,,,,,1153251130.075356666610553393,27,32,0
2023-10-16,56,1746000972,1746000972,,,,,,1150260090.843050259539314084,71,94,0
2023-10-17,50,1746000972,1746000972,,,,,,1189234614.862432982990685563,50,68,0
2023-10-18,47,1746000972,1746000972,,,,,,1206445294.612361792814909,46,69,0
2023-10-19,71,1746000972,1746000972,,,,,,1247864188.63435534048318091,85,123,0
2023-10-20,76,1746000972,1746000972,,,,,,1275696888.529755188699206824,94,147,0
2023-10-21,45,1746000972,1746000972,,,,,,1286286726.019701245647198421,41,51,0
2023-10-22,48,1746000972,1746000972,,,,,,1293285083.563803364834828402,52,67,0
2023-10-23,75,1746000972,1746000972,,,,,,1285289309.365334233468356907,85,116,0
2023-10-24,97,1746000973,1746000973,,,,,,1286202062.144483151827158853,129,163,0
2023-10-25,70,1746000973,1746000973,,,,,,1282432799.692660661444887887,69,82,0
2023-10-26,63,1746000973,1746000973,,,,,,1286539189.600767468910528397,78,88,0
2023-10-27,60,1746000973,1746000973,,,,,,1265607046.777932561569150012,66,76,0
2023-10-28,76,1746000973,1746000973,,,,,,1247310987.906872079194746394,86,96,0
2023-10-29,56,1746000973,1746000973,,,,,,1240662030.685273485913778698,53,75,0
2023-10-30,58,1746000973,1746000973,,,,,,1159109134.173751420420120953,59,67,0
2023-10-31,64,1746000973,1746000973,,,,,,1133905422.285712934368135981,63,68,0
2023-11-01,63,1746000974,1746000974,,,,,,1185247802.959084892200395728,68,170,0
2023-11-02,100,1746000974,1746000974,,,,,,1197608641.368382383931586292,167,317,0
2023-11-03,67,1746000974,1746000974,,,,,,1200458648.166085757917680114,87,102,0
2023-11-04,48,1746000974,1746000974,,,,,,1209606366.750564186262733232,49,67,0
2023-11-05,47,1746000974,1746000974,,,,,,1202576353.068798932550824511,58,71,0
2023-11-06,44,1746000974,1746000974,,,,,,1196499388.470641417665620694,43,74,0
2023-11-07,46,1746000974,1746000974,,,,,,1204751336.728012925185866332,46,64,0
2023-11-08,40,1746000974,1746000974,,,,,,1177935381.782771059557596848,47,53,0
2023-11-09,81,1746000975,1746000975,,,,,,1147229693.440825268201087943,90,99,0
2023-11-10,74,1746000975,1746000975,,,,,,1131435242.3812383367472382,77,85,0
2023-11-11,66,1746000975,1746000975,,,,,,1140036059.792439469746411429,59,69,0
2023-11-12,58,1746000975,1746000975,,,,,,1151081010.649716294536723355,60,74,0
2023-11-13,41,1746000975,1746000975,,,,,,1143052810.981728914992793819,33,45,0
2023-11-14,48,1746000975,1746000975,,,,,,1143493221.540955907274472672,35,52,0
2023-11-15,61,1746000975,1746000975,,,,,,1132228455.843935515578302663,57,76,0
2023-11-16,57,1746000975,1746000975,,,,,,1136656336.282349284574654712,57,68,0
2023-11-17,54,1746000976,1746000976,,,,,,1132822591.770023614927480868,42,57,0
2023-11-18,56,1746000976,1746000976,,,,,,1155941718.600799168064104249,67,79,0
2023-11-19,80,1746000976,1746000976,,,,,,1179547897.58606181999664072,83,93,0
2023-11-20,64,1746000976,1746000976,,,,,,1173957922.214181425248991409,60,66,0
2023-11-21,31,1746000976,1746000976,,,,,,1165456260.342141167437891758,29,32,0
2023-11-22,56,1746000976,1746000976,,,,,,1156718464.213005077328615846,53,87,0
2023-11-23,53,1746000976,1746000976,,,,,,1139728192.88851646000211356,48,55,0
2023-11-24,50,1746000976,1746000976,,,,,,1144050802.023017734321433729,40,45,0
2023-11-25,34,1746000977,1746000977,,,,,,1151463537.630857759487445893,22,33,0
2023-11-26,43,1746000977,1746000977,,,,,,1148406503.970885543747049418,52,58,0
2023-11-27,40,1746000977,1746000977,,,,,,1132386268.371188395645155939,36,41,0
2023-11-28,40,1746000977,1746000977,,,,,,1137460182.196572704605846534,36,44,0
2023-11-29,38,1746000977,1746000977,,,,,,1130167184.209462929055982885,35,38,0
2023-11-30,45,1746000977,1746000977,,,,,,1140998421.041796984778067377,37,44,0
2023-12-01,42,1746000977,1746000977,,,,,,1122677264.306848421530480867,36,45,0
2023-12-02,52,1746000977,1746000977,,,,,,1118150401.161020652106625055,39,51,0
2023-12-03,27,1746000978,1746000978,,,,,,1125875759.313310367622845867,21,24,0
2023-12-04,39,1746000978,1746000978,,,,,,1143893686.154933187176305616,36,42,0
2023-12-05,43,1746000978,1746000978,,,,,,1141952504.287432729730716579,33,41,0
2023-12-06,21,1746000978,1746000978,,,,,,1163480091.74309011847221268,22,27,0
2023-12-07,59,1746000978,1746000978,,,,,,1169322188.230164569047789404,79,115,0
2023-12-08,56,1746000978,1746000978,,,,,,1186107026.969233722571243868,58,95,0
2023-12-09,48,1746000978,1746000978,,,,,,1202301674.034433017578506713,51,61,0
2023-12-10,51,1746000978,1746000978,,,,,,1213525277.351310411028837129,51,71,0
2023-12-11,56,1746000979,1746000979,,,,,,1183484419.694499380126485531,57,72,0
2023-12-12,53,1746000979,1746000979,,,,,,1130044271.661577599726658545,53,75,0
2023-12-13,29,1746000979,1746000979,,,,,,1103481019.106590632282573172,27,29,0
2023-12-14,22,1746000979,1746000979,,,,,,1091356115.817882314796280162,17,22,0
2023-12-15,23,1746000979,1746000979,,,,,,1084371559.856456364551994605,20,22,0
2023-12-16,25,1746000979,1746000979,,,,,,1071974515.016833116719858968,18,21,0
2023-12-17,28,1746000979,1746000979,,,,,,1078137642.464549945889112231,24,27,0
2023-12-18,21,1746000979,1746000979,,,,,,1075153300.711790791624481283,14,21,0
2023-12-19,30,1746000980,1746000980,,,,,,1068611731.720608029459734792,29,34,0
2023-12-20,24,1746000980,1746000980,,,,,,1067004286.030489974468283065,20,24,0
2023-12-21,29,1746000980,1746000980,,,,,,1048643732.412400060766692827,21,33,0
2023-12-22,47,1746000980,1746000980,,,,,,1050820756.505858822772040316,32,58,0
2023-12-23,24,1746000980,1746000980,,,,,,1056094182.422075290360036574,15,18,0
2023-12-24,24,1746000980,1746000980,,,,,,1050697342.064647375356188979,17,25,0
2023-12-25,25,1746000980,1746000980,,,,,,1047751060.03871801985478856,18,20,0
2023-12-26,35,1746000980,1746000980,,,,,,1048598795.374418468824043018,30,41,0
2023-12-27,42,1746000981,1746000981,,,,,,1037592983.271674759755729399,32,40,0
2023-12-28,33,1746000981,1746000981,,,,,,1024515963.279388362215962938,21,28,0
2023-12-29,38,1746000981,1746000981,,,,,,1022339128.531258560972541978,24,31,0
2023-12-30,35,1746000981,1746000981,,,,,,1023369727.699876552647040308,25,32,73146.2239979513
2023-12-31,27,1746000981,1746000981,,,,,,1016089155.748200737103743242,22,27,18001.8026497982
2024-01-01,32,1746000981,1746000981,,,,,,1008704811.883438760429343127,26,35,0
2024-01-02,34,1746000981,1746000981,,,,,,1008010418.703654835942548393,24,38,100.117044114317
2024-01-03,55,1746000981,1746000981,,,,,,1003666376.88368235262316177,43,65,0
2024-01-04,31,1746000982,1746000982,,,,,,1056867788.395433660415016645,27,36,0
2024-01-05,35,1746000982,1746000982,,,,,,1050133015.233831234914463401,27,31,411777.324993747
2024-01-06,34,1746000982,1746000982,,,,,,1053608103.991810146279701384,22,28,0
2024-01-07,31,1746000982,1746000982,,,,,,1052387927.971670794120779814,20,34,0
2024-01-08,40,1746000982,1746000982,,,,,,1064373148.156953631393851892,34,44,570055.086013545
2024-01-09,46,1746000982,1746000982,,,,,,1073390377.456333202431872728,32,48,411763.718939178
2024-01-10,46,1746000982,1746000982,,,,,,1073855750.407458299682597837,38,57,0
2024-01-11,41,1746000983,1746000983,,,,,,1097935070.673155695509279723,38,47,1490177.73438027
2024-01-12,52,1746000983,1746000983,,,,,,1079444790.786163252548849544,37,48,348359.435762125
2024-01-13,45,1746000983,1746000983,,,,,,1073216254.627422725976917633,35,47,0
2024-01-14,33,1746000983,1746000983,,,,,,1099036250.26150652761178587,24,27,0
2024-01-15,43,1746000983,1746000983,,,,,,1075846635.305494911599026638,34,40,631689.690237305
2024-01-16,27,1746000983,1746000983,,,,,,1075626090.832563531707072413,19,26,0
2024-01-17,30,1746000983,1746000983,,,,,,1065773023.503146638690743111,17,22,0
2024-01-18,29,1746000984,1746000984,,,,,,1066472677.209652463778860649,19,25,0
2024-01-19,33,1746000984,1746000984,,,,,,1052888404.503547349373929724,19,24,73652.9982851544
2024-01-20,32,1746000984,1746000984,,,,,,1047003322.198179668710091659,22,35,668093.832630637
2024-01-21,35,1746000984,1746000984,,,,,,1046168411.377553720956899863,23,37,297653.36663421
2024-01-22,35,1746000984,1746000984,,,,,,1035413127.166952068295564138,36,50,1246844.6784612
2024-01-23,58,1746000984,1746000984,,,,,,1041892701.317674132459281776,50,61,952636.702779064
2024-01-24,61,1746000984,1746000984,,,,,,1044218348.347144018633336632,54,80,594752.622378173
2024-01-25,38,1746000984,1746000984,,,,,,1046229929.420437856026041934,32,41,3335746.56755089
2024-01-26,32,1746000985,1746000985,,,,,,1048874324.300971577271231869,21,31,8284.24892583354
2024-01-27,34,1746000985,1746000985,,,,,,1052339730.693031750616889348,23,41,58697.4075092083
2024-01-28,55,1746000985,1746000985,,,,,,1055183235.459937760228390501,41,59,991923.287610085
2024-01-29,50,1746000985,1746000985,,,,,,1063473414.192504125671080313,50,73,2879306.11819539
2024-01-30,29,1746000985,1746000985,,,,,,824235402.372724675675104301,21,35,0
2024-01-31,46,1746000985,1746000985,,,,,,784784683.72731794388060544,60,86,1326432.09736597
2024-02-01,28,1746000985,1746000985,,,,,,786705093.41650060389598043,18,25,1045566.22737539
2024-02-02,44,1746000986,1746000986,,,,,,787740975.480944310877671444,37,47,413801.082074298
2024-02-03,37,1746000986,1746000986,,,,,,787342803.301274717190471584,32,52,1242781.12505026
2024-02-04,34,1746000986,1746000986,,,,,,787541615.551112931853249276,20,36,409491.221929861
2024-02-05,36,1746000986,1746000986,,,,,,792624196.261540318761609876,42,61,392692.70817401
2024-02-06,18,1746000986,1746000986,,,,,,791799222.618043092017935259,8,12,564467.468887803
2024-02-07,30,1746000986,1746000986,,,,,,791525260.02867137237647707,18,22,647505.202410925
2024-02-08,20,1746000986,1746000986,,,,,,790787700.952132163500288911,10,11,0
2024-02-09,28,1746000987,1746000987,,,,,,793567755.19940391797672392,17,34,482475.267284232
2024-02-10,26,1746000987,1746000987,,,,,,789627657.575859940986676685,14,19,492106.25532718
2024-02-11,37,1746000987,1746000987,,,,,,787176667.736967635461394324,26,36,462132.915842752
2024-02-12,25,1746000987,1746000987,,,,,,782162290.145204277701266301,18,24,0
2024-02-13,24,1746000987,1746000987,,,,,,781009545.928112382388296468,15,20,466015.946719703
2024-02-14,40,1746000987,1746000987,,,,,,775680793.1139401137250259,38,56,456587.150430744
2024-02-15,42,1746000987,1746000987,,,,,,773891274.485046569012207414,37,59,1190954.30338428
2024-02-16,47,1746000988,1746000988,,,,,,774409038.360309425151948078,42,59,1388768.7023781
2024-02-17,34,1746000988,1746000988,,,,,,782364692.46609992724766426,22,39,5021.18926859347
2024-02-18,19,1746000988,1746000988,,,,,,781772190.561489961070982828,10,16,0
2024-02-19,47,1746000988,1746000988,,,,,,786104219.160669440695581229,46,72,897028.041904401
2024-02-20,35,1746000988,1746000988,,,,,,784869235.862471100844934646,30,49,83385.9691665839
2024-02-21,217,1746000988,1746000988,,,,,,790048920.520612469280105218,394,565,2912043.00388948
2024-02-22,46,1746000988,1746000988,,,,,,790913713.207214626954793721,44,71,176199.267625937
2024-02-23,41,1746000989,1746000989,,,,,,789663737.481861295700300909,46,62,262322.882855217
2024-02-24,33,1746000989,1746000989,,,,,,785019279.327561481659828029,34,49,524751.49112382
2024-02-25,43,1746000989,1746000989,,,,,,788834910.505711208004065028,36,52,164507.736094427
2024-02-26,127,1746000989,1746000989,,,,,,792792984.73955073802854569,213,329,2469551.33038725
2024-02-27,53,1746000989,1746000989,,,,,,830601612.228641211387287602,59,78,18253.8505952944
2024-02-28,54,1746000989,1746000989,,,,,,926310996.916137803503562142,65,93,448476.251623747
2024-02-29,46,1746000989,1746000989,,,,,,936988419.978266259446176198,43,61,4755470.3701311
2024-03-01,36,1746000990,1746000990,,,,,,1114935478.515338339389963908,35,48,1441924.52661842
2024-03-02,47,1746000990,1746000990,,,,,,1097688790.506081334281074758,49,71,3811279.15014924
2024-03-03,36,1746000990,1746000990,,,,,,1082412647.731489976905642315,34,54,206446.61538968
2024-03-04,18,1746000990,1746000990,,,,,,1083959673.432785978495381705,13,18,36294.2196780104
2024-03-05,40,1746000990,1746000990,,,,,,1069510636.721751082260358797,35,54,16696776.6892645
2024-03-06,42,1746000990,1746000990,,,,,,939375064.629280173419171188,35,52,2755533.53406802
2024-03-07,47,1746000990,1746000990,,,,,,748172144.542638352477171607,34,49,531635.253960617
2024-03-08,44,1746000991,1746000991,,,,,,742273873.995758856665840864,33,52,0
2024-03-09,45,1746000991,1746000991,,,,,,733085497.818377782002288521,40,61,2656944.261751
2024-03-10,44,1746000991,1746000991,,,,,,821424168.926065438695034515,33,51,1603354.05504853
2024-03-11,56,1746000991,1746000991,,,,,,852183049.717699151216981333,49,61,1474869.74201158
2024-03-12,46,1746000991,1746000991,,,,,,869997938.73452012304717481,60,88,7275980.9761456
2024-03-13,48,1746000991,1746000991,,,,,,863235738.636592156602035591,49,77,8701579.68663761
2024-03-14,69,1746000991,1746000991,,,,,,884350441.538045139274618939,71,100,1777817.52270257
2024-03-15,65,1746000992,1746000992,,,,,,899304919.13156100775144062,72,108,4394416.60725575
2024-03-16,47,1746000992,1746000992,,,,,,898454489.37823787977865258,64,87,1383560.33990157
2024-03-17,55,1746000992,1746000992,,,,,,937122311.219956014471976063,52,80,130046.764278585
2024-03-18,59,1746000992,1746000992,,,,,,969670615.974544365327516945,79,135,398034.476645647
2024-03-19,63,1746000992,1746000992,,,,,,894411783.820486576170615727,83,137,247657.509647279
2024-03-20,62,1746000992,1746000992,,,,,,899953262.305941444124277437,72,106,1487392.54400523
2024-03-21,64,1746000992,1746000992,,,,,,917998137.616384197653066987,67,115,3862068.79457763
2024-03-22,70,1746000993,1746000993,,,,,,940602440.204310580881836239,86,129,1292899.08531303
2024-03-23,46,1746000993,1746000993,,,,,,949074854.035929633878503876,51,80,216177.097307502
2024-03-24,52,1746000993,1746000993,,,,,,968635791.083935018576088225,58,94,176119.694749409
2024-03-25,63,1746000993,1746000993,,,,,,971658062.171151439309162607,77,131,245172.148296732
2024-03-26,56,1746000993,1746000993,,,,,,962659133.775567486240225577,74,116,1427261.79345685
2024-03-27,54,1746000993,1746000993,,,,,,965848461.67304331598012445,67,106,265061.141194918
2024-03-28,72,1746000993,1746000993,,,,,,969611288.10203894985698097,90,153,1085588.26575439
2024-03-29,67,1746000993,1746000993,,,,,,1011680569.868775485156813673,138,194,1378383.86348558
2024-03-30,61,1746000994,1746000994,,,,,,998081045.618554774160461398,75,114,308860.839326799
2024-03-31,46,1746000994,1746000994,,,,,,1010254834.442778396707544558,68,98,749287.914567859
2024-04-01,79,1746000994,1746000994,,,,,,1009500984.409393655986707075,94,133,1539496.23524368
2024-04-02,112,1746000994,1746000994,,,,,,944531378.98919650803142285,358,583,16094252.4438108
2024-04-03,68,1746000994,1746000994,,,,,,946287649.190921078432041342,281,463,7973675.80586588
2024-04-04,88,1746000994,1746000994,,,,,,936473959.166366514167924557,199,335,10358395.7004075
2024-04-05,65,1746000994,1746000994,,,,,,941039219.811051022006171977,143,216,9498029.33790114
2024-04-06,71,1746000995,1746000995,,,,,,942464184.396178118620479373,117,195,3977754.30725407
2024-04-07,73,1746000995,1746000995,,,,,,940501020.505074345173729503,117,169,3304692.44516101
2024-04-08,82,1746000995,1746000995,,,,,,925129890.814813274834116405,139,219,11061765.5537476
2024-04-09,71,1746000995,1746000995,,,,,,917997018.642501421421863968,148,225,15271493.3203974
2024-04-10,75,1746000995,1746000995,,,,,,911546113.07514056864392111,105,168,2605494.74712151
2024-04-11,86,1746000995,1746000995,,,,,,909978150.508441902166356214,162,267,9029725.65836863
2024-04-12,80,1746000995,1746000995,,,,,,914017406.839897708116438665,156,258,10210623.5405163
2024-04-13,85,1746000995,1746000995,,,,,,917547054.40148285278686937,141,213,2986695.7031138
2024-04-14,99,1746000996,1746000996,,,,,,916937132.144144431920772737,261,400,7044043.21884912
2024-04-15,87,1746000996,1746000996,,,,,,917679272.565451684212876311,146,244,6308964.96225889
2024-04-16,86,1746000996,1746000996,,,,,,960724611.627738833690034233,131,226,3124559.71773751
2024-04-17,50,1746000996,1746000996,,,,,,997680101.32131468250254646,81,129,3468130.08911586
2024-04-18,81,1746000996,1746000996,,,,,,1101282406.592944693300441344,114,168,6513642.11078931
2024-04-19,83,1746000996,1746000996,,,,,,1145587733.425197109923053283,138,240,6851560.11720717
2024-04-20,66,1746000996,1746000996,,,,,,1200835092.671574717734337399,79,127,2245379.22248395
2024-04-21,64,1746000996,1746000996,,,,,,1214054201.778507944010415124,103,161,5363115.98568351
2024-04-22,84,1746000997,1746000997,,,,,,1263507722.890377283902120417,129,213,6237146.66507021
2024-04-23,85,1746000997,1746000997,,,,,,1267150046.186984551969808295,154,260,8543008.97257862
2024-04-24,107,1746000997,1746000997,,,,,,1264949128.481124241507141857,205,371,6403925.57150723
2024-04-25,107,1746000997,1746000997,,,,,,1268501514.43181678991726257,243,428,11386273.8046674
2024-04-26,95,1746000997,1746000997,,,,,,1278181812.96321251578126238,160,264,9533254.02568536
2024-04-27,98,1746000997,1746000997,,,,,,1274209712.668657590461301037,146,267,4241064.81336465
2024-04-28,74,1746000997,1746000997,,,,,,1279173730.55900854315371736,123,218,4953465.22116013
2024-04-29,87,1746000997,1746000997,,,,,,1260246208.634167384077643157,131,243,1135065.34939608
2024-04-30,107,1746000997,1746000997,,,,,,1246617262.552623163474924755,170,290,9382060.89028472
2024-05-01,94,1746000998,1746000998,,,,,,1214877196.783373162462272646,189,307,8141662.2499243
2024-05-02,108,1746000998,1746000998,,,,,,1262079739.909585418008224759,151,257,7278692.94783529
2024-05-03,97,1746000998,1746000998,,,,,,1286022600.624883878465515715,139,218,4628663.69029482
2024-05-04,79,1746000998,1746000998,,,,,,1382767734.390715382604013766,121,195,1994013.84344955
2024-05-05,70,1746000998,1746000998,,,,,,1384596905.641843865017866944,93,153,2109104.08217294
2024-05-06,115,1746000998,1746000998,,,,,,1282644276.04521967103726488,150,239,1732231.02691424
2024-05-07,117,1746000998,1746000998,,,,,,1287991630.863039573350968618,142,222,2955227.58158371
2024-05-08,122,1746000998,1746000998,,,,,,1290269470.787452606222694193,158,255,1845613.05040777
2024-05-09,101,1746000999,1746000999,,,,,,1303639245.309304689708870445,199,306,4517655.53263218
2024-05-10,106,1746000999,1746000999,,,,,,1331602947.981557210786061781,168,272,4133484.62038414
2024-05-11,84,1746000999,1746000999,,,,,,1338425799.16743520774694902,118,182,2796046.68401025
2024-05-12,75,1746000999,1746000999,,,,,,1342719312.933428029723628993,99,150,5276084.92725575
2024-05-13,97,1746000999,1746000999,,,,,,1326258887.835823675813778482,133,221,3390478.12385237
2024-05-14,101,1746000999,1746000999,,,,,,1332421627.777836657331975519,154,230,1703168.15015192
2024-05-15,108,1746000999,1746000999,,,,,,1336718820.568589724540074151,151,234,1959411.46930571
2024-05-16,125,1746000999,1746000999,,,,,,1340195934.764383205609598766,199,301,4647151.93745878
2024-05-17,113,1746001000,1746001000,,,,,,1345922385.934507414374530525,212,309,1849477.1329174
2024-05-18,99,1746001000,1746001000,,,,,,1402388679.133867821038331489,214,288,5990270.51622501
2024-05-19,100,1746001000,1746001000,,,,,,1407234990.215282255348992155,134,205,1171856.91007091
2024-05-20,110,1746001000,1746001000,,,,,,1227900465.202830988559379752,178,264,4141763.91877234
2024-05-21,116,1746001000,1746001000,,,,,,1146612352.402148199314440495,190,291,3031348.9146043
2024-05-22,101,1746001000,1746001000,,,,,,1118517096.218976087761279364,146,221,5909265.81710554
2024-05-23,115,1746001000,1746001000,,,,,,1097342496.46839860442135225,204,304,7649258.82221185
2024-05-24,111,1746001000,1746001000,,,,,,1100099561.635699372851744614,180,251,2140973.79949931
2024-05-25,78,1746001001,1746001001,,,,,,1100367063.388421154932923432,104,166,1727883.89807321
2024-05-26,82,1746001001,1746001001,,,,,,1098907149.88013814027745379,104,157,997138.264476878
2024-05-27,97,1746001001,1746001001,,,,,,1085486864.076529012423039599,122,182,4931806.18821701
2024-05-28,96,1746001001,1746001001,,,,,,1114139215.003057134662063756,114,169,1108812.7153084
2024-05-29,106,1746001001,1746001001,,,,,,1126949631.509475668103726075,175,243,4829645.90219345
2024-05-30,92,1746001001,1746001001,,,,,,1120235061.024828477302145722,119,182,3767995.16448155
2024-05-31,72,1746001001,1746001001,,,,,,1106195602.884403111848277472,155,227,4464573.70624835
2024-06-01,84,1746001001,1746001001,,,,,,1106477996.025180841307301304,122,177,4915884.87728383
2024-06-02,74,1746001002,1746001002,,,,,,1092703563.389845299216364547,75,113,2539771.20357949
2024-06-03,74,1746001002,1746001002,,,,,,1065739187.90826136743083549,107,157,3964455.5938436
2024-06-04,87,1746001002,1746001002,,,,,,1068677281.883631970361608911,101,151,1240686.90956894
2024-06-05,74,1746001002,1746001002,,,,,,1064741129.093917299385692112,88,141,1992608.86811255
2024-06-06,103,1746001002,1746001002,,,,,,1057885475.50373302768897901,115,162,1785624.55116397
2024-06-07,83,1746001002,1746001002,,,,,,1044451675.472770980576923421,113,169,3075000.98424311
2024-06-08,74,1746001002,1746001002,,,,,,1046442368.792047716212713249,105,154,2457107.46524088
2024-06-09,76,1746001002,1746001002,,,,,,1047423212.54460871604253728,83,123,3055755.74967889
2024-06-10,77,1746001002,1746001002,,,,,,1038833668.230765516540593524,125,184,11419411.9780022
2024-06-11,90,1746001003,1746001003,,,,,,1024203853.44823008312548505,123,208,4872326.96841998
2024-06-12,96,1746001003,1746001003,,,,,,1030256652.482020464653410684,126,203,5793920.72385346
2024-06-13,90,1746001003,1746001003,,,,,,1057466399.966902269488744348,178,282,8927664.79730458
2024-06-14,77,1746001003,1746001003,,,,,,1038230579.571974883807280295,143,238,5042293.52115877
2024-06-15,72,1746001003,1746001003,,,,,,1043530290.386759972184934727,121,182,880706.156366123
2024-06-16,83,1746001003,1746001003,,,,,,1046304883.552193282696080352,99,161,1572491.01854328
2024-06-17,65,1746001003,1746001003,,,,,,1056139284.229018811058184251,116,181,5661228.0828361
2024-06-18,74,1746001003,1746001003,,,,,,1054378011.580843354553974845,147,247,14972642.7761054
2024-06-19,96,1746001004,1746001004,,,,,,1045594329.046166612242202306,145,238,29114150.9877609
2024-06-20,87,1746001004,1746001004,,,,,,1042874193.169935553472393832,128,211,12935505.0007482
2024-06-21,77,1746001004,1746001004,,,,,,1029995862.208923672846569261,127,212,9488794.74387155
2024-06-22,72,1746001004,1746001004,,,,,,1051661186.618279448515958806,138,227,12064667.6077179
2024-06-23,68,1746001004,1746001004,,,,,,1048440610.960019434991021119,164,233,14274873.8136656
2024-06-24,111,1746001004,1746001004,,,,,,1049577534.840209224516161539,242,385,32178580.3649608
2024-06-25,79,1746001004,1746001004,,,,,,1038773860.497339692002755169,202,322,36853361.5873052
2024-06-26,81,1746001004,1746001004,,,,,,1034978360.892645933590094749,137,217,14899062.1971689
2024-06-27,88,1746001004,1746001004,,,,,,1030715329.445678107817718414,193,298,36148911.8336438
2024-06-28,84,1746001005,1746001005,,,,,,1012118003.637370589964637058,168,246,37149667.9836739
2024-06-29,67,1746001005,1746001005,,,,,,1014688298.857162479472086308,91,139,7430778.7678665
2024-06-30,54,1746001005,1746001005,,,,,,1006025383.69669942927021726,105,159,14281090.8762119
2024-07-01,87,1746001005,1746001005,,,,,,1004922495.697689105378340964,142,201,18430021.4409828
2024-07-02,87,1746001005,1746001005,,,,,,1009108475.119462488277517735,177,261,24486540.4327536
2024-07-03,70,1746001005,1746001005,,,,,,1015045334.707853570797650004,125,176,21026330.074217
2024-07-04,88,1746001005,1746001005,,,,,,1026205866.958768283464755247,252,424,49516122.8016644
2024-07-05,113,1746001005,1746001005,,,,,,1066923055.024794956680475911,270,412,40734611.7371144
2024-07-06,72,1746001006,1746001006,,,,,,1177454411.617314831897433927,212,302,40013522.376767
2024-07-07,66,1746001006,1746001006,,,,,,1185048863.175994661669967314,126,185,8402837.22190667
2024-07-08,85,1746001006,1746001006,,,,,,1101252853.421213808615415937,163,249,23133959.7261768
2024-07-09,106,1746001006,1746001006,,,,,,1103122618.478832790469928382,145,206,6089539.76545677
2024-07-10,95,1746001006,1746001006,,,,,,1109843948.301250682378232532,130,183,11594659.4497656
2024-07-11,109,1746001006,1746001006,,,,,,1129184843.259096064099593925,159,211,16120390.9940922
2024-07-12,114,1746001006,1746001006,,,,,,1134942903.455399023380107882,192,283,9731395.37352988
2024-07-13,78,1746001006,1746001006,,,,,,1205626301.640648998100798287,117,162,8820274.76370728
2024-07-14,92,1746001006,1746001006,,,,,,1200259843.669678286603416041,118,187,8274404.63635933
2024-07-15,94,1746001007,1746001007,,,,,,1175411110.202004998886197197,122,170,7931321.51355213
2024-07-16,71,1746001007,1746001007,,,,,,1193457510.429495353188092244,116,190,9954698.90784051
2024-07-17,88,1746001007,1746001007,,,,,,1182634552.852605913892920881,104,150,5388486.37941613
2024-07-18,60,1746001007,1746001007,,,,,,1181152482.145004184707919774,88,122,9563647.36776745
2024-07-19,76,1746001007,1746001007,,,,,,1216685014.175718156794748485,132,189,18149952.2422866
2024-07-20,82,1746001007,1746001007,,,,,,1328522373.952975327415071487,125,172,16411081.2846471
2024-07-21,64,1746001007,1746001007,,,,,,1275519454.820206680865603512,96,148,7514342.20335612
2024-07-22,96,1746001007,1746001007,,,,,,1201742226.854924361396438374,186,282,19799350.0198478
2024-07-23,109,1746001008,1746001008,,,,,,1199592931.711387443588308227,189,263,30953496.3376839
2024-07-24,92,1746001008,1746001008,,,,,,1199792705.933276143105613779,154,222,14764911.9071431
2024-07-25,116,1746001008,1746001008,,,,,,1200340504.876430408835800052,351,525,56187379.144276
2024-07-26,119,1746001008,1746001008,,,,,,1185140056.766121247698566079,234,340,25641734.4490981
2024-07-27,90,1746001008,1746001008,,,,,,1201662262.201453370071204996,182,260,22300736.8637105
2024-07-28,72,1746001008,1746001008,,,,,,1194161773.024438803385449863,162,221,12050509.1545229
2024-07-29,96,1746001008,1746001008,,,,,,1162299880.652428897869992688,193,278,9448271.73104342
2024-07-30,78,1746001008,1746001008,,,,,,1211665871.131948071300618794,135,194,21079847.8858873
2024-07-31,80,1746001008,1746001008,,,,,,1207496577.346724189885614708,136,200,17878090.9191572
2024-08-01,82,1746001009,1746001009,,,,,,1213249927.552556848478466834,154,233,14990402.7844772
2024-08-02,95,1746001009,1746001009,,,,,,1195096430.827732327841454015,220,293,23295929.5252006
2024-08-03,93,1746001009,1746001009,,,,,,1194244118.836550778213567047,190,278,13629305.942263
2024-08-04,100,1746001009,1746001009,,,,,,1209894027.441293857629862405,248,373,18755394.9371044
2024-08-05,160,1746001009,1746001009,,,,,,1143152831.898047592970402116,748,1165,131431860.3159
2024-08-06,100,1746001009,1746001009,,,,,,1186825929.377598740770516132,234,303,17681879.5119316
2024-08-07,103,1746001009,1746001009,,,,,,1179471207.876574395870743107,244,334,19987034.7808483
2024-08-08,95,1746001009,1746001009,1306247590.64822409616533017465568127168886,0.000017785388004914775,1.10107184523854,,,1186341832.548841638421087309,214,300,15543053.4705831
2024-08-09,103,1746001010,1746001010,1328687852.75579731386312759720778277054406,0.00001816128699057326,1.10277043147083,,,1204863509.972468084305019282,214,287,14167826.4626732
2024-08-10,87,1746001010,1746001010,1325448208.63746884409626394721807751332986,0.000018016754254242886,1.09670784881961,,,1208570003.455389500927682026,152,205,12655021.7805855
2024-08-11,75,1746001010,1746001010,1355745520.4176799084464293354086547202188,0.00001866457213623743,1.09815071427193,,,1234571450.71069260703924716,201,259,16818869.1290954
2024-08-12,97,1746001010,1746001010,1378382859.06602665563507372457927683707616,0.000018645046226372704,1.10740691385084,,,1244694106.408374138566148424,204,293,15276127.484835
2024-08-13,115,1746001010,1746001010,1388729079.41987917690846315094751999282801,0.000018315088131373567,1.10872667668797,,,1252544119.862203440631262533,349,470,50418412.6106897
2024-08-14,122,1746001010,1746001010,1416182027.9273831007226158804667717276504,0.000018731457202853844,1.10217105506941,,,1284902213.14893634011097144,190,275,15757289.1272571
2024-08-15,89,1746001010,1746001010,1435867820.14431685128384199455967105379616,0.00001938721697100973,1.11756037382296,,,1284823490.325169673572382796,129,176,18340817.4657427
2024-08-16,107,1746001010,1746001010,1439503795.73488777380928476157863600850672,0.00001862337122108083,1.09742454547004,,,1311710952.408423813538113668,234,343,23349182.5169233
2024-08-17,82,1746001010,1746001010,1465976652.53560850857467196510481948066797,0.000018591565799808524,1.10461182737677,,,1327141911.939334368916990561,128,161,7067356.73945509
2024-08-18,87,1746001011,1746001011,1459276860.53068927590717931788810032474252,0.00001873271073386326,1.10135612384606,,,1324981837.332260550399506842,139,193,9811372.46078467
2024-08-19,93,1746001011,1746001011,1476203700.55008579178632357256383756935775,0.000018630144772754992,1.10684520045505,,,1333703845.798115090308826655,190,285,15950928.277933
2024-08-20,143,1746001011,1746001011,1403755131.64885650371430628402547779774008,0.000017856925228513538,1.05576035211682,,,1329615313.583523207340030044,225,333,10891795.7104248
2024-08-21,103,1746001011,1746001011,1487314068.89721126731482511348330479009944,0.000018155716318587326,1.10991387138612,,,1340026561.736518933275968062,192,291,7840969.65615333
2024-08-22,120,1746001011,1746001011,1474729325.04564366673961713460361334320264,0.000018096731858072128,1.09294259761528,,,1349320017.595978141122048063,265,368,6963383.72736243
2024-08-23,138,1746001011,1746001011,1474516988.50235815763599848731615903788805,0.000017203590385345535,1.10286717826811,,,1336985103.517061128400032255,426,556,10828549.1699839
2024-08-24,121,1746001011,1746001011,1486033723.70257282758039292144903885589974,0.000017218047299979854,1.10235494568133,,,1348053754.849444942426253278,402,504,18112272.91524
2024-08-25,123,1746001011,1746001011,1474029356.210093408232401123815061048248,0.000016982506873376412,1.09533803980064,,,1345730087.561259315424317575,324,475,7752740.6040365
2024-08-26,142,1746001012,1746001012,1424695843.0702336752079723340741549850373,0.000016718633117475592,1.0529970721963,,,1352991267.201397773170957071,345,441,7162904.85933093
2024-08-27,150,1746001012,1746001012,1533297083.58115687803936749155952048245275,0.00001851270082493876,1.10239444981923,,,1390878812.781201901937936425,383,548,10824666.1068285
2024-08-28,138,1746001012,1746001012,1522309757.08915297611763527733113872245131,0.000018655724231237048,1.10256775567841,,,1380694972.484911550704787691,232,328,5432328.33868018
2024-08-29,106,1746001012,1746001012,1523245723.19495030559342927618970111947788,0.000018600671112591574,1.10375993618308,,,1380051651.867793876121875811,239,289,6996199.84854548
2024-08-30,89,1746001012,1746001012,1532611959.18597773632199947473901089249656,0.00001885874087576263,1.11536137941292,,,1374094519.923830558916144218,193,269,5911858.713368
2024-08-31,79,1746001012,1746001012,1527975894.80598128125833159637858579066695,0.00001883475206784169,1.11049559329455,,,1375940529.644855599396727529,210,247,3362103.19336346
2024-09-01,108,1746001012,1746001012,1538131576.09203250663007974088948112358448,0.00001927810004973194,1.10558131584178,,,1391242375.438402285076192216,402,475,4857648.75057538
2024-09-02,101,1746001012,1746001012,1554459265.5282869033679842320161798077454,0.00001869396514093852,1.1059167303302,,,1405584365.347437094952221677,170,250,6654218.3705085
2024-09-03,125,1746001012,1746001012,1551793053.67826119373157927331001486228045,0.000019210493838720338,1.10725013005367,,,1401483740.266567917577460635,281,377,14913675.6474649
2024-09-04,129,1746001013,1746001013,1524258822.55881197936057922750236152039004,0.00001861034930461703,1.08002182617493,,,1411322239.622895713575464428,302,386,20785598.6207619
2024-09-05,128,1746001013,1746001013,1566553329.56882665987237456185297785798252,0.00001968915972175513,1.10481689289683,,,1417930282.964196608429113444,168,253,14627442.313666
2024-09-06,128,1746001013,1746001013,1554496466.18510626369307239620783685124666,0.000020603733998865396,1.10928347591458,,,1401351863.556299598100252877,198,289,11357748.4325814
2024-09-07,104,1746001013,1746001013,1521787804.60078303713011950070346723743184,0.000020081736664630494,1.08574800896586,,-1.391719926265135,1401603127.092295471931231944,136,199,3586360.74477746
2024-09-08,66,1746001013,1746001013,1560170739.28020733536405756864846507037034,0.00002023819985551903,1.11025263559154,,0.6784915434058786,1405239392.608108536541016221,103,128,2768090.8689355
2024-09-09,83,1746001013,1746001013,1508401105.39600579846225832746101386355969,0.000019248145557775698,1.09975783765993,,0.278104040524798,1371575681.247781696086617433,142,213,5368051.42305827
2024-09-10,115,1746001013,1746001013,1525466577.5962761773748050610154839068757,0.000019187119239548798,1.10641563396309,,0.7526216195779244,1378746404.84984841345599873,144,206,11124233.3383773
2024-09-11,116,1746001013,1746001013,1528690557.51898970333407121131652265492625,0.000019205548559086054,1.10257508358455,,-0.4363193154978609,1386472976.107085602578118775,159,238,2549884.92014456
2024-09-12,117,1746001014,1746001014,1545002297.65252780011466826478713938444984,0.00001909476928919203,1.10987662531292,,0.10371795403941773,1392048685.786970173696747202,163,273,2434857.50947241
2024-09-13,97,1746001014,1746001014,1573025798.7947707897620865934470608608565,0.000018423348391819527,1.11529205751355,,1.1904687919166828,1410416032.46211555893037903,174,298,18935255.3891467
2024-09-14,94,1746001014,1746001014,1570464286.05488977921367973147562647632445,0.00001845988653310382,1.10772555400113,,-0.8800258180403322,1417737706.223655228238642765,135,178,3987579.08348356
2024-09-15,78,1746001014,1746001014,1544082041.82142468633395481301004226894044,0.000018669063100404185,1.10390020300278,,0.5900777014210522,1398751479.183790092320350698,144,195,4361230.02525581
2024-09-16,102,1746001014,1746001014,1564174326.77512368134322233222815187231604,0.000019164383529000413,1.11589345616692,,1.0213206585829915,1401723720.244800824389779537,127,204,5012078.34036541
2024-09-17,118,1746001014,1746001014,1567844631.04194992255723918567839853968113,0.000018393799709122293,1.10800971167917,,0.6041268295558121,1415009827.545561735589445589,179,261,12612390.9749278
2024-09-18,118,1746001014,1746001014,1509133671.30084443211145183464544519649488,0.000017858847554990564,1.09485868238569,,-1.0829443958768552,1378382156.144984762798723152,124,185,9090508.53551326
2024-09-19,73,1746001014,1746001014,1466805818.0984090538730388482631626779223,0.00001768590072211373,1.11411641234834,,5.5273964507679265,1316564231.386438879164349595,83,106,2573411.31632591
2024-09-20,108,1746001014,1746001014,1454104784.1418101813586527029332726061004,0.000017890441220869665,1.12985206302661,,1.7963728677063968,1286986882.37697492297148764,163,257,11878283.0291682
2024-09-21,96,1746001015,1746001015,1391270931.96766704709127528755634893015223,0.00001709099619618119,1.08301762568809,,-0.9080963582941741,1284624459.443796958329826847,114,159,4418915.18423298
2024-09-22,71,1746001015,1746001015,1433703627.519196993675457240289733457021,0.000017482204542261942,1.11137787103925,,0.7716879184404227,1290023550.836530529862532612,81,115,5092648.91248267
2024-09-23,89,1746001015,1746001015,1430128913.45917885396637463947299695051555,0.000017526021445952346,1.11002831573715,,0.6960888673726924,1288371560.602448017795185777,97,127,9295421.71340287
2024-09-24,81,1746001015,1746001015,1387767593.39719334530522109820233691550056,0.000016962647583428906,1.09142405623052,,-0.35733110947488383,1271520070.933897885931826078,91,131,9959398.14664995
2024-09-25,72,1746001015,1746001015,1406362932.86766224201170127121710491818666,0.000017250501604785756,1.08781019532399,,3.306098758192953,1292838529.104606789392242934,92,128,23805409.6026529
2024-09-26,116,1746001015,1746001015,1490287698.63100314971452803520545620003004,0.000017258521540023184,1.12280120354892,,1.8511299411056024,1327294354.441856376132066037,248,367,39827006.8641072
2024-09-27,114,1746001015,1746001015,1367075195.36427598062059621570169313347208,0.000016606556166247015,1.09217522408212,,-0.9425753240802248,1251699512.331627856692639034,223,338,39716282.1007354
2024-09-28,94,1746001015,1746001015,1401197205.69821544554352234231730061142797,0.000016808891724231872,1.10552967787859,,0.16033755506924485,1267444224.913965492738519583,129,186,12370884.129648
2024-09-29,84,1746001016,1746001016,1412799785.07022311226048390734411511107162,0.00001704024927138158,1.11814300524513,,0.24939233898112106,1263523340.433986470111576474,99,146,3943571.29497691
2024-09-30,89,1746001016,1746001016,1375941040.83903401272330452477640275852998,0.000017428048985004153,1.10249912032378,,-0.7200814680449612,1248020080.446821645604789791,138,218,29108227.5124713
2024-10-01,90,1746001016,1746001016,1371381335.86005986477819728626357690987178,0.0000183779488094611,1.11844977940102,,1.1639545074476993,1226144759.574717832094581639,122,166,9481634.12101368
2024-10-02,94,1746001016,1746001016,1348977398.00751018839187596302030434414732,0.00001817437487947175,1.10293191889748,,-0.2698947715375289,1223083106.848502285938452759,145,205,32304678.2658442
2024-10-03,115,1746001016,1746001016,1341965278.02630559673455368103310457113476,0.000018235166021740942,1.10806418048398,,0.07352001216478181,1211089846.294067851670063662,179,249,21802312.2752451
2024-10-04,98,1746001016,1746001016,1329982519.5190766330912759399354512357347,0.000017936422974760657,1.11300006689662,,3.053479098518574,1194952775.903661155003503185,153,204,19849436.4216094
2024-10-05,90,1746001016,1746001016,1337111599.35913275463857638750044019262248,0.000018029956937884947,1.11840641261336,,1.2300246134812587,1195550726.711883122592984343,124,163,11995750.4922703
2024-10-06,57,1746001016,1746001016,1311855321.1092310565072488719850099758332,0.000017511171051853954,1.09952435449432,,-0.8797680333436624,1193111653.913808719278786385,67,92,11038106.4849244
2024-10-07,141,1746001017,1746001017,1288667101.1697526365531801943509985993584,0.00001757139961539075,1.09674541924816,,1.0128879069071226,1174992006.85347619412524899,268,356,10555334.4085385
2024-10-08,99,1746001017,1746001017,1222592596.80520862142262854698197583991322,0.00001688931176070853,1.04927091161753,,-5.492598893180659,1165182969.687485391607807274,114,159,4692766.61862691
2024-10-09,71,1746001017,1746001017,1230031316.27820443904618710926298413416972,0.000017667280893057128,1.07090679287796,,-2.623399788025995,1148588583.486908733965729407,95,141,8069755.94733128
2024-10-10,73,1746001017,1746001017,1248539579.14971956337149629146876275471304,0.000018453558582198553,1.11129391574049,,0.4409086086325817,1123500778.205717496543607496,160,232,38764337.8399554
2024-10-11,79,1746001017,1746001017,1211521275.04505413218720162800644686968184,0.000017268633776833496,1.07864272738488,,-2.170587432636719,1123190509.968330383699505193,104,172,14443601.443925
2024-10-12,63,1746001017,1746001017,1252542811.42792563485874550083216748292175,0.00001776225611377626,1.12262575410939,,1.1486978377326895,1115726061.728917329796283325,73,117,8278165.01648952
2024-10-13,60,1746001017,1746001017,1217557970.89612385548645793839327554795872,0.00001753306163720623,1.10036497402696,,-1.338401308072495,1106503750.696714301601965132,66,90,5497151.89644709
2024-10-14,93,1746001017,1746001017,1203945427.14840176612357072024449534235025,0.000016469680764760584,1.08847722828575,,-1.7376439178327647,1106082328.469566053947241807,124,154,11335119.9072419
2024-10-15,84,1746001018,1746001018,1216033973.93930633652676990559852028325526,0.000016538559117891207,1.10699149978297,,0.2800340802348914,1098503443.050569529009061958,99,137,14772246.6514205
2024-10-16,68,1746001018,1746001018,1194846380.54866399245736860234994650411456,0.000016367997375000363,1.10750704369911,,-0.7515424005278564,1078861202.144446622201900096,90,126,9664076.89155884
2024-10-17,79,1746001018,1746001018,1154256204.92157196574863604238082340935705,0.000016259819197746288,1.09490220188857,,-1.182977879384825,1054209410.603635374159380065,95,125,16678194.2750057
2024-10-18,54,1746001018,1746001018,1180161181.54381994889493709217533664365224,0.00001632854495451787,1.11671796705352,,1.9965393725698741,1056812208.957017129707878637,41,56,9391333.16906335
2024-10-19,63,1746001018,1746001018,1184680434.40505060125997706485770111596884,0.000016341353723750314,1.11706059587228,,0.2642617496078454,1060533724.654362410768298403,65,94,8779850.42485247
2024-10-20,67,1746001018,1746001018,1191505831.51719920807914264243239561386451,0.000016261937275176904,1.12227455909617,,-0.6706633707550724,1061688355.901772374483692803,79,102,6479727.36011823
2024-10-21,86,1746001018,1746001018,1137195991.41817449277540997036513762314242,0.000016469254360052106,1.11069413116831,,2.555499081802665,1023860628.688105051633621182,128,175,10718016.0675515
2024-10-22,71,1746001018,1746001018,1141171676.71499663294548105439035864589516,0.000016508706820681356,1.11311202675998,,0.15603655299600136,1025208289.265090409929501242,151,192,38371373.3904333
2024-10-23,62,1746001019,1746001019,1120478330.96489542907609219040480679652535,0.000016371620581310752,1.09112409004065,,-1.7030399520886101,1026902752.117911567879047639,83,107,7410062.52746878
2024-10-24,104,1746001019,1746001019,1166951408.3497086655756520652371624463876,0.00001658293707133085,1.1298119999881,,3.5172345284528075,1032872202.067246448772231396,264,355,56333410.6290588
2024-10-25,90,1746001019,1746001019,1139856956.36124868209159766354987194156903,0.000016866908948711915,1.11762732295391,,2.7410229981379524,1019890023.222218067821799033,163,211,14348619.9273982
2024-10-26,62,1746001019,1746001019,1110881814.4544748498715739398192227704165,0.000016376931254506405,1.0976366309909,,-2.2412313487446007,1012067002.038386471806919185,79,110,7233741.5886859
2024-10-27,40,1746001019,1746001019,1128218884.27979974266829276604902059268192,0.00001637221125007128,1.11331277992036,,1.9353630600807805,1013388963.666172986655795672,46,62,3783638.92676215
2024-10-28,59,1746001019,1746001019,1114077928.63211708031573237575416068267068,0.00001597900082446198,1.11633327342028,,0.9772325210139261,997979685.061923419242120181,83,121,16374885.8668603
2024-10-29,73,1746001019,1746001019,1121757782.36962605187673085274303625933134,0.00001542278514113817,1.12090931036051,,0.24740172790093526,1000756949.738282719702437434,87,116,12528494.4513157
2024-10-30,58,1746001019,1746001019,1127017528.9872994197257815098844934681795,0.00001557133990075769,1.12814800401775,,2.3264312162387575,998997937.303949000594638658,74,89,15322951.879495
2024-10-31,90,1746001020,1746001020,1089334108.06074221287599069189673462246995,0.00001590909868342366,1.11947685092845,,0.09182991908497966,973074259.782407663348299071,150,204,31863986.9676837
2024-11-01,107,1746001020,1746001020,1086146744.88745302175632431935891105330772,0.000016154503659729217,1.12247279635556,,1.77172109386531,967637477.196730067001334237,155,193,14057933.8166327
2024-11-02,75,1746001020,1746001020,1078792670.4136544796035715066832352087216,0.000016062424152330354,1.1121892249328,,0.3722949920808796,969972236.944515097173543397,135,192,10104207.4031603
2024-11-03,79,1746001020,1746001020,1085689391.87909314260294764712254951774702,0.000016377585423039804,1.12584033604891,,1.1536629272712011,964336910.941808203511358122,152,215,23226552.8842398
2024-11-04,62,1746001020,1746001020,1053307779.24120643700200777480010785219776,0.000016244351240314295,1.10102745808704,,-1.553903333378677,956658956.599735264204071119,89,121,8218599.7341221
2024-11-05,76,1746001020,1746001020,945723194.20201200137038301335241600918064,0.000016047716437085043,1.11592649352344,,1.491748587657569,847478037.030892587355153506,107,137,14743756.6938515
2024-11-06,65,1746001020,1746001020,960303682.48348384212572411861389884987771,0.000015120562806167904,1.14456667587903,,4.360287792553753,839010695.244965323391529157,83,121,14023705.4042644
2024-11-07,69,1746001020,1746001020,922332444.0850677809780481822540801061892,0.000014578788956173656,1.10758406340724,,5.557492459198727,832742610.29696820435444533,90,125,19323325.4154396
2024-11-08,64,1746001021,1746001021,947534776.60201007286013597251460922560163,0.000014846121287201504,1.13583884349281,,6.06327749965533,834215859.081075778411630723,110,149,26457754.181173
2024-11-09,73,1746001021,1746001021,939387629.50069297318570859486325122885697,0.000014741700947683289,1.13215161700081,,1.8768843206004415,829736596.578142666330246737,103,155,12642176.7631615
2024-11-10,72,1746001021,1746001021,907422749.0212585108337040436281954103041,0.000013612446747299317,1.09456713137655,,1.4763711805286004,829024299.204074501820948422,102,138,10865445.6601955
2024-11-11,67,1746001021,1746001021,942986113.86099723265907229113237750298834,0.00001288408419691369,1.14487970174897,,1.9823122316692856,823655194.882439619171806322,125,177,43729007.6769599
2024-11-12,66,1746001021,1746001021,907650102.42600071697382745753923853030492,0.000012576633987797468,1.10735688784516,,0.6354177007844908,819654541.718907902989973687,103,150,29143879.905367
2024-11-13,62,1746001021,1746001021,904507743.57881759488975043621233018114223,0.000012254074417159473,1.10739313168471,,1.7378317990860388,816790097.120038256306187113,95,142,18128546.2244391
2024-11-14,56,1746001021,1746001021,880918761.6418596214744033428520245937571,0.000012374634816039496,1.0791208345657,,-2.517694600431363,816330047.039071172139375803,91,113,26507005.9020782
2024-11-15,58,1746001021,1746001021,891555450.2954812474519396817785682972309,0.000012184718777590933,1.1105041135817,,0.2706140696477887,802838494.150151873777703277,91,112,21091445.2675727
2024-11-16,69,1746001021,1746001021,881426036.8694704256631187195101093908104,0.000012144959986433099,1.0999410410306,,0.4602090609863431,801339348.192345012798220484,67,104,6373926.12193456
2024-11-17,68,1746001022,1746001022,883449385.33678803409230885664023951825096,0.0000123416557035179,1.10745342629214,,-0.829622253309375,797730508.897932691232531164,103,142,12189864.5954451
2024-11-18,73,1746001022,1746001022,899831721.88879945577572023117670176197684,0.000012449002095301635,1.12772642420279,,0.9548119743836703,797916677.819185278468537196,140,183,32546247.2596883
2024-11-19,53,1746001022,1746001022,865108251.5421617872123278363808341031573,0.000012082076032093963,1.11462151659974,,-0.6819224791653018,776145300.138523797262899395,112,154,30681899.6722701
2024-11-20,63,1746001022,1746001022,858122437.55675732279922334630685948584776,0.000011831352932919454,1.11404067353242,,0.30130188592873686,770279270.716218485395007028,81,113,16272181.7442592
2024-11-21,63,1746001022,1746001022,852223327.60954021529950916276679205829824,0.000011309167207429995,1.11446831601404,,0.12184660855817243,764690494.439147394081307856,119,158,27206829.937289
2024-11-22,69,1746001022,1746001022,842568496.11864104263002777020338114709775,0.00001116101843545704,1.10425274324547,,1.203223204589091,763021419.935329220801856325,105,130,15811246.3745911
2024-11-23,63,1746001022,1746001022,827792744.75779529709760557827628700277019,0.000011288139503853164,1.10293079351593,,-2.37926367151819,750539154.065099741340523683,117,156,19848612.4508723
2024-11-24,80,1746001022,1746001022,829675011.56251341983341276087728095970292,0.000011485031545083116,1.12530578291257,,0.6870322334609544,737288498.967017708197540756,130,169,22875674.2265426
2024-11-25,71,1746001022,1746001022,804494654.2864739400559138127827382481062,0.000011902406673008852,1.1110066921354,,1.2180771638816468,724113238.904261260298760503,142,194,22045983.3448802
2024-11-26,88,1746001023,1746001023,804327967.95521345068577168995086824688088,0.000012141421299228493,1.11550000198358,,0.1964606984370048,721047034.087816203325738436,132,168,26586908.5686263
2024-11-27,66,1746001023,1746001023,807787649.66917922988518767023266277876628,0.000011644315076977579,1.11772709411657,,0.12485704130448028,722705617.427695132942390004,110,128,23458330.6874541
2024-11-28,72,1746001023,1746001023,801308621.93127793555378554187518820407361,0.000011683056117408073,1.11851172888307,,-0.21389611588370533,716406096.815322086313500923,124,154,23140308.210448
2024-11-29,78,1746001023,1746001023,802826358.33565145633486493232803222691326,0.000011521136238292485,1.12214647725111,,-0.5319804445220276,715438113.126115345588494066,180,217,87970578.1352742
2024-11-30,68,1746001023,1746001023,747448601.74488862582301789641452784617762,0.000011836478437058405,1.14178961606582,,1.9931421644730472,654629006.279034985224223491,113,134,32655083.4225985
2024-12-01,59,1746001023,1746001023,755024458.02032089352638996453558960667768,0.00001179719385914365,1.14986781910552,,2.440595695406251,656618478.641878151092163909,111,155,16464492.0847738
2024-12-02,71,1746001023,1746001023,719680702.11655823719996408484568192964005,0.00001165054803072203,1.11526550713761,,0.27659701567383166,645299883.759211895177763205,134,172,51707254.5733389
2024-12-03,47,1746001023,1746001023,718990837.66186721086193131846074241594854,0.000011616032860794993,1.11526550713761,,-0.9392831801009928,644681318.538395910972850214,102,116,41177719.0901423
2024-12-04,69,1746001023,1746001023,711139775.38572153896827089807160981393416,0.00001169271650096906,1.15664647249323,,5.0515556172253975,614828983.875091471555155992,149,206,54030648.9490157
2024-12-05,64,1746001023,1746001023,746034371.15915479542173787346365085099578,0.000012487555462779741,1.21066431143958,,8.48961096147235,616219016.377924136397814391,117,143,33561413.2922964
2024-12-06,68,1746001024,1746001024,666164497.74282361541280424423664364085806,0.000011041413835553423,1.10362360371982,,-3.577167938055311,603615667.060293006391477233,147,187,53503835.3616518
2024-12-07,72,1746001024,1746001024,680811866.204972418073792383148992513051,0.00001116298770989622,1.11604983891141,,0.7643460919911425,610019232.5362756688540511,112,146,16686584.2657659
2024-12-08,65,1746001024,1746001024,677259422.39373136420401355206901201248875,0.000011078967511418636,1.11674866409279,,-1.680711969782256,606456442.859427742168391125,123,148,36941477.885723
2024-12-09,44,1746001024,1746001024,661509559.70583955308013215019753818354174,0.00001125382055468211,1.09601182175222,,-3.1921338719921786,603560606.352099913865760717,114,158,33363051.1820739
2024-12-10,51,1746001024,1746001024,673047786.76198338190573437068009918359877,0.000011643354050449848,1.12749003139721,,3.007846579428674,596943447.852863077761526237,91,125,32453531.2388622
2024-12-11,63,1746001024,1746001024,684185175.99813175943703341173737024900744,0.000011154007909832918,1.13001479333676,,-1.298381689316511,605465680.655240003410800294,164,212,45008469.5556913
2024-12-12,48,1746001024,1746001024,661647942.58551465050695319611971724718217,0.00001084351766968928,1.08533733948987,,-1.9884780233894235,609624232.495771554519649291,78,102,16472983.9815067
2024-12-13,57,1746001024,1746001024,685881611.68459185410263645527428308066048,0.000011058724946268656,1.12013630321666,,1.150736009402854,612319777.258327686895660928,92,105,17862119.5120802
2024-12-14,48,1746001024,1746001024,679294529.4406750266327506381891603441621,0.000011019202129029537,1.11698204809742,,3.5085240057437614,608151698.228035342776946255,101,121,13283202.6346788
2024-12-15,75,1746001025,1746001025,695690768.73025055239895370940869129798305,0.000010900720589039233,1.13968524040769,,2.627736941187224,610423601.240450349615157345,146,167,21811003.8112377
2024-12-16,61,1746001025,1746001025,684670673.71514647614353493713944560585312,0.000010714275726632291,1.13416685950004,,3.1116048217795154,603677199.682029969467246328,155,220,76697830.2581101
2024-12-17,66,1746001025,1746001025,663847251.06267043773546819781575212199106,0.000010435172589039644,1.10733784137662,,-0.010437000128041088,599498388.167958720362787263,122,150,46899104.3132482
2024-12-18,57,1746001025,1746001025,653232558.13495860590443325839381531182192,0.000010961723245358469,1.10132182046586,,-2.341401528796843,593135036.458862422084498072,122,157,30967000.0382959
2024-12-19,66,1746001025,1746001025,639214731.8275764393076238245730117742992,0.000011265421354215067,1.10059838576992,,-1.2581069556775553,580788360.306757914187058135,226,308,48604968.7915367
2024-12-20,86,1746001025,1746001025,659579533.12462245506033982715353655063704,0.000011677115524023455,1.13989014978914,,2.32033505336534,578634294.933273423311860236,305,433,79203729.7785857
2024-12-21,78,1746001025,1746001025,667079447.98011860267523247907950827123744,0.000011550415142087283,1.12146467781054,,0.6277757470506441,594828763.829167038884042736,226,310,32481503.0786301
2024-12-22,86,1746001025,1746001025,635296377.27794990521800617943474914206845,0.000011895625548852866,1.13185813420533,,2.4999159955651002,561286223.139605060275823465,168,240,23122391.1877555
2024-12-23,82,1746001025,1746001025,643633560.87619772198842933453106538630531,0.000012057506026004515,1.14306068922387,,3.6384781297123414,563079079.653434926609058513,155,211,13701717.9187182
2024-12-24,68,1746001026,1746001026,638206390.10479183474219757077462735435488,0.000011507871945917379,1.13511040102509,,0.8712847886681254,562241689.908262227915572832,141,194,20929210.0813286
2024-12-25,62,1746001026,1746001026,637329834.13289091990480268650320230794929,0.000011425988351312564,1.13386215751403,,2.057185212332141,562087578.202824739022668243,98,116,9430525.95385236
2024-12-26,86,1746001026,1746001026,633129338.61168771631993455064944676412598,0.000011821282562761054,1.13044919182777,,1.3401335560383152,560068814.404662220524502374,262,353,46383166.1261425
2024-12-27,90,1746001026,1746001026,619630005.60616317862366152839829867895434,0.000011898552665757483,1.12108141973226,,0.30010238038841136,552707407.954495454959371409,227,306,27751808.2549818
2024-12-28,84,1746001026,1746001026,618041633.28584631032830451225939130478943,0.000011772682411968274,1.11985971029569,,0.12051562606018648,551892016.119284584389586847,170,248,14106902.1094104
2024-12-29,101,1746001026,1746001026,633821770.79603478762822515675531300906671,0.000012152463698556489,1.13573982789221,,1.2113704330649542,558069511.370687882805208451,213,303,15997391.915447
2024-12-30,88,1746001026,1746001026,633740093.47725553046734665320886751572384,0.000012278487413195569,1.13604449336868,,-0.5031682383778947,557847951.534049773960546088,239,346,31338497.0633023
2024-12-31,66,1746001026,1746001026,655861144.64399121334943940842819860461376,0.000012545396540311615,1.17161122828193,,1.8909485781873685,559794178.147094746606874432,127,167,12107540.3821925
2025-01-01,60,1746001027,1746001027,633072406.99056677749425724229290241119635,0.000011888537232624884,1.12294125438213,,0.6882439379139538,563762712.003041374020563895,86,112,8165271.01902203
2025-01-02,74,1746001027,1746001027,646142919.86414139673239465179462279222463,0.000011730366940521999,1.13610238660177,,1.8683335341051666,568736521.887643337768738319,115,157,19879542.2626716
2025-01-03,68,1746001027,1746001027,654125359.6058041459101187434489871234467,0.000011791971450356633,1.1570363123879,,0.033704325733141374,565345575.244579357050244773,99,157,14753176.0502544
2025-01-04,62,1746001027,1746001027,719462863.35705449957503734229288668083288,0.000012929319699717194,1.27004769286298,,4.905024527632121,566484918.164938757982529756,167,217,37687660.8978483
2025-01-05,74,1746001027,1746001027,638991999.40923607548634151297960212748724,0.000011432308875871628,1.12510852984731,,1.9467621075767176,567938098.821412849652275804,243,361,54952032.5492848
2025-01-06,67,1746001027,1746001027,639684380.51882382282285754737006478140729,0.000011210555310048847,1.14548961304787,,2.6378547901745555,558437521.591120196970560067,134,241,20166751.2009357
2025-01-07,74,1746001027,1746001027,616318337.26858150679870929182847336646144,0.000011525347728035326,1.11767054735608,,0.08255064840743918,551431133.911975501520783168,195,313,35253603.8145209
2025-01-08,63,1746001027,1746001027,624197291.50058985251273287557604236980592,0.00001198567669315432,1.13911009427016,,3.9322817201951206,547969239.005400721963081662,180,262,74653332.8144571
2025-01-09,62,1746001027,1746001027,610081402.069017097152023993572460715974,0.000012104117071268994,1.1177688425834,,-0.8621973182116124,545802834.02692640432422711,181,246,25428252.2532164
2025-01-10,61,1746001027,1746001027,617284991.2034960791383157204501098762315,0.000011929027839612514,1.13038417619365,,0.03268832045988547,546084246.58073669352918831,198,315,23184889.9947264
2025-01-11,125,1746001028,1746001028,626258867.17985327921088560390061758332356,0.000012055196151724502,1.14050001128947,,5.082536994951971,549109040.754671842948040748,227,373,21359933.6532574
2025-01-12,90,1746001028,1746001028,623721370.62471657201399363611065630188492,0.000011983183702279327,1.13065862192763,,0.9393784203541453,551644288.141853544497022884,184,272,13157871.7165103
2025-01-13,61,1746001028,1746001028,633186824.56024669631436124147835048654114,0.000012136147035028152,1.14535773472934,,2.540388780665988,552828872.029117923421333771,187,246,26689403.0431274
2025-01-14,79,1746001028,1746001028,624959374.0709734050150148827540564882742,0.000011770714865160042,1.13669176345778,,-0.26265821858315924,549805491.83348260698488339,185,247,20241258.0755796
2025-01-15,68,1746001028,1746001028,644591575.45522904594644372750400028745543,0.000011536879437942777,1.15567697085871,,1.8965561529590103,557761028.132518789812665833,213,250,47145451.0356848
2025-01-16,74,1746001028,1746001028,641114319.42317525308359374476587668302971,0.000011454242094399822,1.14516912144681,,3.4164171634520337,559842478.649083339366777091,200,251,42314588.6081577
2025-01-17,63,1746001028,1746001028,632080180.3547075530620882157423899327564,0.000010769941535975031,1.12326815552991,,1.992726799398814,562715302.88020947848631604,222,275,62046976.5713301
2025-01-18,54,1746001028,1746001028,619984831.03600087278330759931108470089666,0.000010753944991325145,1.12269202962926,,2.007421067030227,552230544.685290787109205991,138,183,40865237.9361127
2025-01-19,27,1746001028,1746001028,643018540.21916407201502988268847196357416,0.00001158025443844544,1.16907963374998,,2.5607278005024896,550021163.363008651367071292,73,86,14713117.5814934
2025-01-20,57,1746001029,1746001029,627344542.3442493917299369659394502043695,0.000010958378336188913,1.1242090608745,,0.24471417765184406,558031921.443730827456055511,76,118,16835217.1563198
2025-01-21,63,1746001029,1746001029,632962649.395517651762110016358175755977,0.000010563111387290417,1.11956187409925,,-1.08637820716933,565366384.867983668104048564,143,181,16978629.4395413
2025-01-22,69,1746001029,1746001029,637516289.92233111794266869987413814812307,0.000010866253603807788,1.12782072803439,,-1.3332591465312167,565263852.734307694021328413,121,149,30986734.4515892
2025-01-23,59,1746001029,1746001029,659232488.86461977761227137479275115958468,0.000011096660526810263,1.15610132412086,,1.849240662125332,570220338.918756352406487238,99,119,14258384.4933229
2025-01-24,61,1746001029,1746001029,649485945.81811241427764812264239614774384,0.000010878498734272352,1.13915423198609,,0.46672996686499296,570147507.318432335073348976,111,127,12297108.4652019
2025-01-25,49,1746001029,1746001029,654861765.06200143227782906806268173652599,0.00001086813175176333,1.13969843186371,,0.8181915740047916,574592143.634986237775083069,98,120,19147228.8825567
2025-01-26,61,1746001029,1746001029,655797393.93800007222816743368758253732907,0.000011087962239832325,1.14021251549633,,1.7064858472669149,575153653.398142239683334379,92,127,7583358.2097547
2025-01-27,64,1746001029,1746001029,652194233.1386709040468037930596203849676,0.000011193857869606406,1.1407374696988,,1.8643191831231594,571730350.288989880865268277,135,168,24003165.422592
2025-01-28,62,1746001029,1746001029,649076479.25279793119580855391201604902444,0.00001120550117689954,1.13330359236148,,-0.21450648034869566,572729570.106019434723440503,145,195,35983599.0918923
2025-01-29,63,1746001029,1746001029,657907525.33492414992465587219333939478489,0.000010984934000221675,1.14154110949741,,0.4838381032446206,576332748.651148644194896029,104,195,17559100.3430267
2025-01-30,66,1746001030,1746001030,656121850.13331127503617638505575176892299,0.000010850651783043201,1.13918222259527,,-2.7678981648387326,575958645.701600820811777437,136,168,34353065.8911409
2025-01-31,66,1746001030,1746001030,663715421.272331786070394725317460942441,0.000011171453911497426,1.1424268792195,,1.7352310070834038,580969717.489296689667167838,99,150,13562640.2879372
2025-02-01,86,1746001030,1746001030,659856722.28593210962407995946852779821312,0.000011299864280721072,1.13688262721368,,0.06867696266740146,580408835.961489584408812384,152,249,7767791.97444266
2025-02-02,73,1746001030,1746001030,654739030.96853766651834475443895671170378,0.000011732860740354868,1.14307138695997,,-1.2069565387372343,572789274.963687303980377874,162,238,19520907.8397663
2025-02-03,80,1746001030,1746001030,652391407.39773046011361513083876240905931,0.000011261265997135967,1.14394652502549,,-9.928852951437504,570298867.233495501013767519,170,269,37240385.1491945
2025-02-04,83,1746001030,1746001030,635995024.77622313401302951211849918628688,0.000011558670120015644,1.13099448492054,,0.5231455381489968,562332560.641006201972385272,173,229,14474010.2860195
2025-02-05,88,1746001030,1746001030,648523683.94737350891416036456159079377424,0.000011749629233477052,1.13453635891826,,-0.9562071977646363,571620009.221844364414903624,260,379,36201900.7598762
2025-02-06,93,1746001030,1746001030,647331612.66484429232754730185432921977277,0.00001186784460349969,1.14573715430399,,2.511169952031339,564991377.152366103322681923,194,313,2739242.63457403
2025-02-07,80,1746001030,1746001030,661995437.21685329970191734646958702449486,0.000011947850078355892,1.15158290796809,,1.0949612123243828,574856949.192577791325340254,194,291,6955080.93722388
2025-02-08,84,1746001031,1746001031,658693031.17417936096977935249266401651177,0.00001185236721101137,1.14497800060151,,2.434238366782872,575288809.765897151742212127,358,434,23303621.5375845
2025-02-09,73,1746001031,1746001031,654910650.20295852120379789070144505123187,0.000011885215882353105,1.14466220883953,,1.2631132801202618,572143157.296084310279785379,268,324,16892068.5591982
2025-02-10,80,1746001031,1746001031,647447562.26104266465500013406705625948504,0.000011752194113883998,1.14437255023864,,0.33954747135788904,565766421.193891941834230261,127,209,12035881.0589431
2025-02-11,76,1746001031,1746001031,656422611.3169816374874258955110787067045,0.000012002911425929515,1.14995402928675,,1.70656350068103,570825089.176932257320645094,203,251,17709951.6671192
2025-02-12,78,1746001031,1746001031,635893291.52566445259921340765506076070568,0.000011678184419935878,1.14161840786072,,-0.3264767640045254,557010369.793585929024424119,168,244,10706871.4347512
2025-02-13,87,1746001031,1746001031,637104702.88623394994682305778868395897898,0.000011905271024544147,1.14927225052298,,1.106763281800384,554354899.455996979505357201,147,222,9429810.13594775
2025-02-14,87,1746001031,1746001031,632892199.23114815025313453879178200098309,0.000011764509379708404,1.14603213996407,,-0.834561139301193,552246466.011843582132818787,166,244,15965998.5427196
2025-02-15,63,1746001031,1746001031,634393991.7938532036577448784697547824438,0.000011746257390447296,1.14623789134927,,0.09332856452761903,553457529.69925777149141994,106,159,6589608.64707017
2025-02-16,76,1746001031,1746001031,637893349.213520894352237434880373272642,0.0000119170846812283,1.1462122107882,,2.042616016962218,556522904.92950650097053181,128,194,11366392.2017306
2025-02-17,55,1746001032,1746001032,631804175.7207521102854330171082659062912,0.000011954067724062001,1.14508625579904,,1.9946900466706934,551752474.99576336514913303,93,137,5268249.99964931
2025-02-18,88,1746001032,1746001032,631668736.89765395202581931931052417109476,0.000012023091170656812,1.14753229706786,,-1.8431025620559283,550458351.814301788032115666,185,265,24303034.9412408
2025-02-19,93,1746001032,1746001032,621655397.56512567766570573503320007061608,0.000011872237545749548,1.14742698497224,,2.0652674761115506,541782096.557686891655373717,175,248,19655826.9318189
2025-02-20,89,1746001032,1746001032,620074581.19506276903217733870805821213292,0.000011653147549892873,1.14657905421367,,2.413192226303432,540804036.944764534707948276,127,193,10914429.6973934
2025-02-21,106,1746001032,1746001032,585538217.21377012022801821453363838714044,0.000011716890445776429,1.12539553689964,,-0.21503338912529518,520295485.467157113090188221,481,721,113065870.115698
2025-02-22,72,1746001032,1746001032,599303874.75047688116865337650994813268592,0.000011866047063935498,1.14632789089412,,-0.8453786033133498,522803187.038420652553311516,156,227,10292008.7559616
2025-02-23,64,1746001032,1746001032,602695655.00829282511788919705588440103084,0.00001195764731258761,1.14902985683554,,0.8669260555027836,524525669.566266385308347446,128,213,22572257.5664879
2025-02-24,68,1746001032,1746001032,595728250.20817571736041488251688060797725,0.000012485068661799956,1.14699894240911,,0.6405651127782781,519379947.253423174595715475,183,273,12667908.9893893
2025-02-25,72,1746001032,1746001032,586518334.26556151533083807722858519496282,0.000012933326452435268,1.14808796995434,,0.6907005800214193,510865325.319006370291384473,196,299,29254383.4103652
2025-02-26,72,1746001033,1746001033,581628864.17187236645963833509349593107896,0.000013664489957893655,1.14765175658104,,0.6061242894095253,506799088.518452825917060249,178,207,7320972.67588344
2025-02-27,82,1746001033,1746001033,569891742.82223589223618302820053024346068,0.00001357339102565354,1.14865390464913,,1.3544748636739325,496138776.454441344306188436,192,257,6582123.09836065
2025-02-28,108,1746001033,1746001033,560070689.11307305890027668016569597431275,0.000013641367548159114,1.14920033813565,,0.67095513026352,487356878.106803252946040135,244,329,10809001.0928253
2025-03-01,77,1746001033,1746001033,554553744.55569211715695664696219955095141,0.000013359323916265747,1.14682272601813,,0.6707007247228334,483556640.424411362132408657,179,248,7024633.0526437
2025-03-02,66,1746001033,1746001033,563213856.585147801461419495803387891842,0.000012193125773527533,1.150153283123,,0.6763149610746656,489685909.564904867193198454,195,240,9760805.15967929
2025-03-03,69,1746001033,1746001033,556840572.86377120366952306374271081666838,0.000013312334593268055,1.14906654822606,,1.0716955929074965,484602544.320367729041626173,195,275,5130611.1031796
2025-03-04,73,1746001033,1746001033,555548920.28889131249233243640043825779154,0.000013118140463228233,1.14552443972454,,0.21460188685975656,484973433.148647700949496051,266,413,8591690.80144717
2025-03-05,84,1746001033,1746001033,557827795.55829547877921303608099014538937,0.000012736077374523382,1.15413580590067,,0.8907130405377089,483329425.104331777897224611,170,235,8078152.86289767
2025-03-06,78,1746001034,1746001034,554497118.56369963017428978230856568922128,0.000012738470341618887,1.14929115428894,,1.6177505383401913,482468795.217312789378869112,211,263,8788484.69289945
2025-03-07,62,1746001034,1746001034,556460222.94279387548573504680184501111988,0.000013325967062888988,1.15341031874859,,1.6635835142670679,482447758.527541027190293532,208,257,10325713.7224791
2025-03-08,70,1746001034,1746001034,549985512.38590948311272522657906896766417,0.000013303924131630003,1.14641615729399,,0.0592634172200149,479743336.559473960377553783,221,306,10624305.8686411
2025-03-09,65,1746001034,1746001034,551669845.06560589129125206080039186455743,0.000014275760087347156,1.15130859313481,,-0.02382067599145015,479167660.482326738771791303,211,274,7872889.05211138
2025-03-10,93,1746001034,1746001034,549820691.90489397651621759340146293265088,0.00001456749223864328,1.15091871098816,,0.5188493039629648,477723306.307903287239982293,269,394,14452163.0175163
2025-03-11,91,1746001034,1746001034,545245943.20883483785055554319218292199145,0.000013900735401138456,1.15024637902045,,0.48784437345768095,474025350.701965582478656381,253,323,14310847.5953679
2025-03-12,70,1746001034,1746001034,548444865.08904020550863343299598969204736,0.000013764648557326837,1.15113973518016,,0.5913445704468253,476436394.581762417106367296,197,247,12808227.6538082
2025-03-13,83,1746001034,1746001034,548800247.10477642016231774563024810118668,0.000014148380499843096,1.14757923191884,,-0.206512374184468,478224275.797620135379072977,119,170,4553741.59511745
2025-03-14,73,1746001034,1746001034,551239021.56144532304895425297603764463036,0.000013683124068444821,1.15083055536821,,0.8069375409557955,478992340.783891989424035916,111,156,4959586.69284597
2025-03-15,68,1746001035,1746001035,546759301.59040174070905287954546669113799,0.000013669684227031381,1.15307719635809,,0.3310743675729121,474174065.116629667291971111,73,110,3195834.84641189
2025-03-16,67,1746001035,1746001035,539678306.3124947886201319530403339284879,0.000013975518540619898,1.15286991253799,,0.5966475402805288,468117261.49086314528664921,89,119,2057391.71978657
2025-03-17,63,1746001035,1746001035,541369343.93271339073840334765871103717461,0.000013707199232010172,1.15159591689849,,0.4674444624154729,470103563.227928328476064189,90,129,3993425.81458305
2025-03-18,68,1746001035,1746001035,556698502.5825183357870307375120949636867,0.000013984494948339682,1.15624932154315,,0.8756764812379612,481469257.719899935367371418,113,152,7633658.05734902
2025-03-19,128,1746001035,1746001035,553027354.53023602255613876113404309883942,0.00001322545397151501,1.14762865186054,,0.2220265983129807,481887022.978788426746913073,162,232,3324921.72099295
2025-03-20,102,1746001035,1746001035,552750362.07500064558323694812163113234688,0.00001365840773770962,1.14901315877248,,0.12904749682459135,481065301.867837549338464406,180,287,5110086.81571223
2025-03-21,95,1746001035,1746001035,550890701.45579177996093295153792167571,0.000013705752530933777,1.1522345039373,,0.4189825608098586,478106409.3926569758666527,174,256,8910973.69500544
2025-03-22,92,1746001035,1746001035,551498929.83618587982999072484965947348564,0.000013712209880755331,1.14937416528836,,0.24377831292294933,479825409.767952653320082149,105,155,2474257.98233671
2025-03-23,86,1746001035,1746001035,556635134.85256448496228916726954324440036,0.000013498120285530207,1.15761069361348,,2.862563041843028,480848300.662314000819248457,129,195,1367448.16810513
2025-03-24,80,1746001036,1746001036,561398322.6126504757559212287225457828548,0.00001320407456044476,1.1530137496071,,0.5832413889681451,486896468.323948520267343388,128,177,6431171.19850242
2025-03-25,88,1746001036,1746001036,550565386.40226887885705960261078757215795,0.000013126397179650583,1.14754695465215,,-0.12905688869338275,479775911.713485335984875213,130,176,3872840.40673706
2025-03-26,74,1746001036,1746001036,554757692.94071387117047197819739789672782,0.000013272165030419586,1.15251069583334,,0.48053692295942957,481347110.223205408377634173,114,175,7454204.20481689
2025-03-27,201,1746001036,1746001036,548190368.9237527944280915703146961214421,0.000013225459418255008,1.15340982659845,,0.46354084211174634,475278046.260828930759688618,475,593,27686683.8430904
2025-03-28,388,1746001036,1746001036,544973170.6116452918934153885931312069912,0.00001367803192605996,1.15318226539714,,0.48189782173782825,472581990.69161376680567308,525,603,7339977.38340817
2025-03-29,317,1746001036,1746001036,539829147.31390150374964732614736637168556,0.000013972935642164174,1.15272777628154,,0.35466484864772496,468305838.049012777588633614,404,716,21906381.4216944
2025-03-30,95,1746001036,1746001036,534821897.29814758495377111446274679315815,0.000014028980379894654,1.15341319790895,,0.36659054418088005,463686299.296504341286996297,181,253,11058739.8942388
2025-03-31,90,1746001036,1746001036,537806507.8661065885545642310930782413844,0.000013988299456510443,1.15349545101435,,0.5818445034995295,466240683.821661672718398424,222,335,22254736.703702
2025-04-01,113,1746001036,1746001036,537751965.29850332302282754907573201043499,0.000013532620236463104,1.15334075177171,,0.277134247711332,466255930.411227582615069769,172,249,15263276.6496242
2025-04-02,66,1746001037,1746001037,541292621.1805682954515899882860675770916,0.000013974213710727848,1.1536500347588,,0.39888782245170296,469200021.559171833814976857,126,171,12755014.1618266
2025-04-03,95,1746001037,1746001037,535346315.28877706654456493843273797718277,0.000013915445585466932,1.15403152247279,,0.7426365124340355,463892280.985244556445964363,159,214,10563683.3867663
2025-04-04,64,1746001037,1746001037,531775780.79733927903559963349629067289792,0.000013772470212786877,1.15377739503648,,-0.031054479235256515,460899808.823629842401023654,164,249,14728641.9397369
2025-04-05,62,1746001037,1746001037,534378880.22056441327150692682774602729492,0.000013852558683899801,1.15394822024849,,0.4052120250095789,463087399.281652191832324308,83,129,3223445.5873121
2025-04-06,54,1746001037,1746001037,530452667.43411828882329034950084455333803,0.000014809909128683227,1.15441891724049,,0.08744489931338842,459497552.848584966785271547,78,98,4539960.44384733
2025-04-07,110,1746001037,1746001037,518022685.85322278888442534427120274078804,0.000014531845435035261,1.15414538586613,,0.6742079237948035,448836595.629130335527154308,223,304,18628867.8912254
2025-04-08,76,1746001037,1746001037,515501300.43540599481809622020611756355036,0.000015117735232097624,1.15426069623262,,0.2564128432127895,446607341.060772111000251378,170,209,3784446.97031052
2025-04-09,77,1746001037,1746001037,518070021.82260609602375587636459675986858,0.000013955702800857642,1.15442415780269,,0.3045781410157275,448769213.915872288616379282,159,200,6085352.51467044
2025-04-10,90,1746001037,1746001037,515203010.62459199826905905125998846337706,0.000014513773979465559,1.15470070288994,,0.3872495450308112,446178831.739828290803720549,124,186,2662330.14319548
2025-04-11,57,1746001038,1746001038,514298473.4479858035220142443952051945652,0.000013852874693218877,1.15477424243142,,0.3157311958040611,445367115.53689601827565406,84,109,1693145.48264681
2025-04-12,63,1746001038,1746001038,510981798.208865564390723857259579914048,0.000013541629282958725,1.15468456612736,,0.6191584869167792,442529339.35249726697290055,66,89,1286134.64170559
2025-04-13,33,1746001038,1746001038,511454806.07676265252933439838149652651712,0.000013818187271405344,1.15477146247222,,0.34244025635459957,442905650.769895581401867296,77,94,1115342.32088164
2025-04-14,66,1746001038,1746001038,511109197.07680822601347640679597876190549,0.000013646759796164383,1.15436620673701,,0.11178873218473892,442761745.877450254884139249,101,162,2064091.46604949
2025-04-15,52,1746001038,1746001038,512537346.9203972656510887719202898262745,0.00001380805043669058,1.15533813766225,,0.21409398384127776,443625402.998885288692826202,110,161,12664020.2299079
2025-04-16,43,1746001038,1746001038,510091402.88293332072245159809059698043915,0.000013729400564921829,1.15535014255135,,0.32600199408234903,441503734.752222185269627029,72,86,1408033.06368938
2025-04-17,53,1746001038,1746001038,508575673.97409625219399905102620539520868,0.00001360143199539965,1.15531357493818,,-0.0809294835927873,440205745.874066935813451226,66,84,1696288.42261083
2025-04-18,55,1746001038,1746001038,507882321.88156845343342868194198641857652,0.000013686025905400123,1.15557648712308,,0.6925441648441668,439505586.640994111737802369,71,96,633658.446381938
2025-04-19,54,1746001038,1746001038,507755206.90779491229945270804883058326548,0.000013573224898402571,1.15541698928182,,0.5573330871320482,439456241.009060802773326014,54,75,794797.692708242
2025-04-20,31,1746001039,1746001039,506595480.15177447714318191972909499484488,0.000013576534718322606,1.15538681125764,,0.2735820971831809,438463963.077737280571946642,38,45,275764.604511053
2025-04-21,58,1746001039,1746001039,499504009.5604009539240338928767741014959,0.000013227743685755089,1.15558521095211,,0.5403850070174343,432251992.17360138215651469,77,106,1404634.83212693
2025-04-22,48,1746001039,1746001039,504258216.913840080012352904724568370668,0.000012362263822959455,1.155817405627,,-0.15491287324602923,436278441.957095720413774084,102,124,7709579.25177454
2025-04-23,52,1746001039,1746001039,501986028.0918181852001989309245736974066,0.000012338264326259258,1.15604281225236,,0.2627082848137951,434227887.385745395335352185,60,74,1135548.59684962
2025-04-24,45,1746001039,1746001039,501945806.54044286567225011873656224603213,0.00001231933469073535,1.15616810432239,,0.7512677050198137,434146042.140320559428468867,58,76,5162480.24660801
2025-04-25,61,1746001039,1746001039,511602770.91878999071096024996647561486979,0.000012200514476695158,1.15625999385181,,0.32531568097588376,442463436.977097944492747359,59,80,1118727.62271198
2025-04-26,40,1746001039,1746001039,510953079.2092346050589390602676758751653,0.000012210201407229851,1.15623905270729,,0.24529235347194916,441909549.77074792627016957,60,94,3518348.31971318
2025-04-27,44,1746001039,1746001039,508444998.4960283038554089348175831495216,0.000012325337495510505,1.15627536471576,,0.268222935040957,439726568.61111642183731266,52,68,1876538.37228542
2025-04-28,44,1746001039,1746001039,510024430.08849077938434995974220035214685,0.000012165301481817441,1.15650680841345,,0.32783387454238067,441004260.742888396191959773,77,94,1942749.67025358
2025-04-29,35,1746001040,1746001040,511457538.89617697148812725709874242056074,0.000012291934019665472,1.15670590406089,,0.2854749848458064,442167310.723135553337847866,47,52,1974798.46279427
2025-04-30,53,1746057982,1746057982,518537597.9009737506613469025374367571404,0.000012275051696431773,1.15676076331608,,0.28307977277747076,448266931.542944752301607005,78,105,5682172.1801331
2025-05-01,33,1746145048,1746145048,512735764.15309526119600072068360343684332,0.00001200019274882822,1.15695949041341,,0.31376144787574556,443175209.159555100738530652,46,59,2862092.76907868
2025-05-02,43,1746231274,1746231274,512069142.18451379658122354935600783015974,0.000011948927594543843,1.15715926616546,,0.30418509087929213,442522613.055145345070519619,71,85,8104585.16684744
2025-05-03,60,1746317677,1746317677,512665760.32347420730607177570028154908082,0.000012054660078699502,1.15656762158339,,0.2197599511983729,443264838.783583699346980838,47,73,1091660.61487381
2025-05-04,42,1746404001,1746404001,510635369.31445004183575510282476169676478,0.000012255987728344778,1.15669303508338,,0.25270386293256675,441461436.895088580893411031,77,94,3901661.56348534
2025-05-05,64,1746490434,1746490434,511869042.4223067624116097451217240791917,0.000012200033503000357,1.1572186821697,,0.2834149629786313,442326977.873006611438857261,103,186,8292071.14029967
2025-05-06,35,1746577160,1746577160,511359166.73834017122770332679664272611129,0.000011968949338544533,1.15713318053111,,0.23511943975313768,441919024.829650600763541839,40,50,739135.787146738
2025-05-07,42,1746663631,1746663631,510941656.12205022935345659670411292968119,0.000011913834269249428,1.15727859554267,,0.27147443596881526,441502727.251651919091964757,83,107,1615861.41232011
2025-05-08,48,1746750087,1746750087,567718235.95116168473287861018248396041552,0.000011205050704658498,1.15489941391448,,0.05533565198438806,491573750.156220160525805374,60,72,8313571.78556581
2025-05-09,63,1746836492,1746836492,562964667.39823740561643522839861502576106,0.000011245196483573486,1.15758955534333,,0.27419709811556675,486324936.847989670266517682,87,114,8964008.27510882
2025-05-10,47,1746922878,1746922878,565418604.24096824149388357952366451895769,0.000011067778609366918,1.15749951809449,,0.2423844722312177,488482798.828095496306389681,69,83,4525713.39820299
2025-05-11,35,1747009187,1747009187,574120893.22829060927719771884263735472942,0.000011131800284646087,1.15744160034673,,0.23098522787396178,496025797.808117130404842254,47,58,6482789.54578314
2025-05-12,45,1747095838,1747095838,578221313.98684015115775397454179010872652,0.000011245168678079947,1.15735360023919,,0.2311483317718191,499606441.685012502981902708,107,141,13758674.0556707
2025-05-13,46,1747182428,1747182428,571333660.97009774402349836765951971379904,0.000011119866594632901,1.15808642189984,,0.28706627547955893,493342854.355226145908235006,86,102,10463971.2259012
2025-05-14,53,1747268541,1747268541,564363276.16849196176597450633988362627423,0.000011179692264039738,1.15791113254747,,0.3070884949482653,487397746.083381049762380109,62,76,2662139.9856428
2025-05-15,42,1747354957,1747354957,559580472.5216136570480435520411847639385,0.000011167564343296805,1.15825827443022,,0.25275169863937624,483122361.285860112729607675,47,59,1357139.15054308
2025-05-16,48,1747441622,1747441622,563683759.03088580505989711507274623925938,0.000011178552720622096,1.15772100023103,,0.20520685395378102,486890847.551698045168074446,59,83,5748110.32829154
2025-05-17,45,1747527753,1747527753,561826403.62975848034789348522862421693897,0.00001121967982566174,1.15775922531199,,0.21168714943393735,485270504.735869356234539703,61,79,674334.718123712
2025-05-18,35,1747614475,1747614475,559853987.7134514414002688567075802214386,0.000010914935821145335,1.1571544507354,,0.13655206988923518,483819586.363471633011973309,65,73,2299904.97379588
2025-05-19,34,1747700372,1747700372,551134795.22948802827663679465742694667748,0.00001096462786364331,1.15803826105942,,0.22686803136149883,475921058.709483173948532694,54,72,2375584.98259932
2025-05-20,38,1747786796,1747786796,555008757.38265285018093990283458980583904,0.000010836473297872556,1.15834671894788,,0.25618326792376594,479138714.086197156966361208,59,73,5290974.91030999
2025-05-21,36,1747873001,1747873001,550676328.45055276441304546833452727259705,0.000010557325225102073,1.15818983954815,,0.2253947672014538,475462924.683738105431310407,34,41,2018379.73498853
2025-05-22,34,1747959604,1747959604,545517402.20174681271262241577963634430341,0.00001038984687973255,1.15822911425537,,0.2086582722001523,470992652.047485502215804293,30,37,4147261.93139188
2025-05-23,43,1748045807,1748045807,547882149.8299018429883657934299584277698,0.000010794948570601614,1.15821042347278,,0.18750267701562257,473041978.14688208565714391,109,142,24685576.6709349
2025-05-24,29,1748132275,1748132275,544690069.43301236900062168837463848632158,0.000010733941369211512,1.15837827457934,,0.19116339991453765,470217787.562369627069022937,40,45,2529958.7107545
2025-05-25,36,1748218838,1748218838,546081342.72527004640513567706757555396309,0.00001063675554832902,1.15850091752861,,0.19380794014457262,471368934.165547763753634969,35,44,1775558.67354902
2025-05-26,39,1748305297,1748305297,546717251.75497875584183879353518948036352,0.000010593163270963432,1.15859529619768,,0.20378515021377458,471879398.741920695920498464,60,89,2448251.55183406
2025-05-27,33,1748391552,1748391552,545225643.06160030670289082755555507241816,0.000010624202476035955,1.15874293936628,,0.2134071801423049,470532008.902497262580587022,35,42,6172204.66433522
2025-05-28,36,1748478114,1748478114,545153777.5305401279973340435989459632412,0.000010736441574851268,1.15841268405702,,0.16479588617247226,470604116.33381794124414106,45,64,4856509.43380172
2025-05-29,65,1748564485,1748564485,532708362.39907090419329512500620694739356,0.00001095825684792315,1.15864890987302,,0.16797751315252515,459766852.460468028333729978,84,106,14378130.9665759
2025-05-30,49,1748650992,1748650992,535927060.8778550068588051524047499608123,0.000011146081866539873,1.15898411535845,,0.19220500149022487,462411049.276636346517652534,68,92,6072562.14733657
2025-05-31,44,1748737275,1748737275,541772543.70203613506361093604246955569548,0.000011068309722146084,1.15895124589956,,0.17215429776527738,467467933.287841354357577283,80,96,11726450.576822
2025-06-01,46,1748823115,1748823115,539806329.27602812393607854000641170083885,0.000010958808784509345,1.15889577935135,,0.15006691271153547,465793679.547409512678099251,45,53,763745.031619167
2025-06-02,36,1748909521,1748909521,538527427.70133087266832543896467900395621,0.000010947604112502473,1.15934795758697,,0.24039545563048684,464508885.513719926396814493,41,57,3671933.77685958
2025-06-03,43,1748996634,1748996634,540196890.64758249296759587375524682711524,0.000010990198886148849,1.15928998051068,,0.22451465933767342,465972189.641128283677276743,35,44,2178809.8494731
2025-06-04,21,1749082137,1749082137,540267972.72675292292431876373528145044219,0.00001106156495768543,1.15906224531631,,0.1593098327062526,466125072.152024847769855349,17,18,617171.227958887
2025-06-05,40,1749169428,1749169428,536592273.38344115315908947659899366120203,0.000011403181837268501,1.15935226648273,,0.19177446373126047,462837990.571551934130160411,54,70,7704648.20066183
2025-06-06,39,1749255702,1749255702,536572178.6090610533945698536301419405384,0.000011103183298195004,1.15940607553986,,0.18383473135890574,462799177.89736808927355044,35,43,1746093.27651795
2025-06-07,33,1749341174,1749341174,536910643.25864903523175727391786472485013,0.000010967090788600101,1.15905973617581,,0.3602324333362315,463229483.779780492425313673,34,42,231678.170128561
2025-06-08,33,1749428326,1749428326,533510073.9085572783842113089807915163968,0.000010967308123486539,1.15954869774806,,0.16924326897101186,460101481.67530885854824928,56,67,796630.929447355
2025-06-09,49,1749514960,1749514960,531754230.4657593278113740916869160568992,0.000010520888699515942,1.15938256272064,,0.16268210886600534,458652948.184704254014430155,78,97,7934704.31306176
2025-06-10,49,1749601497,1749601497,532348973.80989123094194552828519311134508,0.000010536044315178926,1.15974579660038,,0.19907667505294444,459022119.649316263395094066,39,53,1478298.84973159
2025-06-11,27,1749687835,1749687835,531150532.80410512833547147171783411140939,0.000010678152610898316,1.16013627872089,,0.2404345984775008,457834603.181038306646499651,27,31,1314650.06639193
2025-06-12,28,1749774956,1749774956,523700827.66627102931187437820247882232995,0.000010943577224166014,1.16000808712265,,0.1659345266873537,451463083.300814162466291083,40,44,12222763.5883907
2025-06-13,34,1749860112,1749860112,523402830.32570939504481156395324156163918,0.000010938401588351982,1.15974208232529,,0.15812524176978526,451309681.956425608604591342,39,49,6173080.81435567
2025-06-14,31,1749946450,1749946450,521645110.3961637511410014791831265775895,0.000010997607412243162,1.15988585685169,,0.1405198181960636,449738314.60630047201296455,44,55,1688071.19604312
2025-06-15,46,1750032747,1750032747,520156426.76540547124651676625063311543728,0.000010991867476580723,1.15978268651912,,0.17808144515635302,448494733.376786144965747094,34,48,2236201.64151636
2025-06-16,33,1750119368,1750119368,516241957.7814271996674107587341765107872,0.000010821292359711065,1.1605179565424,,0.23828194758427626,444837544.194057533131830278,34,43,2150949.21510466
2025-06-17,32,1750205875,1750205875,507949282.96883059976311909299270959036996,0.000011085947031807948,1.15990486192652,,0.23768747459529874,437923229.432078368735890523,34,37,664638.716480169
2025-06-18,36,1750292289,1750292289,509346940.89371445360906020277014099889828,0.000011068261415551007,1.16010174611706,,0.17818798627190616,439053680.074643064815732538,25,36,1325929.74124219
2025-06-19,13,1750378005,1750378005,509311820.05694226133777229366674680908308,0.000011081824313148558,1.16037472941979,,0.1750780175517703,438920123.942726765904822652,13,13,1876524.67483495
2025-06-20,42,1750465902,1750465902,508373039.49568970680542723505462782133195,0.00001123397517620172,1.16018832392695,,0.17255240121771237,438181482.274337096401917901,37,51,1890237.07580745
2025-06-21,33,1750552088,1750552088,508306144.07486457062929942894563339710844,0.000011428132706750755,1.16050626438066,,0.19660618933362337,438003791.686672056847985134,30,39,2655290.75957036
2025-06-22,30,1750638642,1750638642,517869910.40774613085182599919635588875576,0.000011503250728642887,1.16066918877802,,0.2122900342985841,446182181.292304168724764588,28,40,1977080.68826439
2025-06-23,39,1750724780,1750724780,508452298.05155350308219247648233589785549,0.000011002346737912175,1.16071399613487,,0.20163720321655507,438051319.915740484932652227,30,37,915687.341988593
2025-06-24,31,1750810658,1750810658,504732636.07232238513196737727526295583948,0.000010952243351906886,1.16054422793513,,0.17637538094305197,434910298.050730571697365996,28,35,3165444.53124254
2025-06-25,36,1750897160,1750897160,501289822.89757725375779749982921227240566,0.000010816276800713353,1.16064128731737,,0.17659238962945537,431907625.874852003721538918,34,53,3381474.67817051
2025-06-26,41,1750983246,1750983246,491606991.66426132227434587348083551557432,0.000010847997612645268,1.16087484651804,,0.1839844782938642,423479751.619049097516248258,44,54,4536841.8816031
2025-06-27,33,1751070347,1751070347,490186482.2733650119982524212700694905783,0.000010840524558403717,1.16092217157689,,0.21663156441634757,422238884.11704700068129647,37,47,921470.545568531
2025-06-28,35,1751156621,1751156621,489741876.26035099659083014956144021768208,0.000010811817097610225,1.16073092089076,,0.17969300277235364,421925415.654919155028673108,31,40,632393.164386668
2025-06-29,39,1751243208,1751243208,479147769.71285456066418390973132751627466,0.00001071005648447371,1.16055137787669,,0.13522726476328015,412862178.139402110856442914,31,43,1128016.98742823
2025-06-30,22,1751329632,1751329632,479365437.66061157915629352615008018296528,0.000010835812557675728,1.16109091888212,,0.18462148344292376,412857795.944297843692124644,18,24,721187.022229778
2025-07-01,31,1751415277,1751415277,477876345.95555877223961342249770680514019,0.00001100103933345348,1.16133964122283,,0.21087848579861262,411487155.861122533833389993,38,51,2715223.67990706
2025-07-02,34,1751501283,1751501283,487892538.82546048804233259783879837200044,0.000010660591572855507,1.16122769230226,,0.16213723438149877,420152345.711081474990953894,30,40,1672818.81429572
2025-07-03,28,1751588809,1751588809,487580672.538147058193311387468671844176,0.000010590725636945547,1.16108411829817,,0.15476177812729808,419935700.4837911583422928,29,32,1474299.96815511
2025-07-04,24,1751675476,1751675476,491601310.26282047791479155501099522871765,0.000010746222246698797,1.16146669955555,,0.20744824093410902,423259065.844021158530990823,31,40,2378593.73492207
2025-07-05,29,1751762086,1751762086,491040605.8975593735008367487252415084385,0.000010729223024775107,1.1613824804535,,0.17511622907585095,422806968.558554812415916711,36,39,392576.285720995
2025-07-06,23,1751847929,1751847929,490704779.81525436700639228916403313552362,0.000010638065875111376,1.16146409123898,,0.17750603024584058,422488119.535232498375933369,20,31,325778.122574932
2025-07-07,23,1751934623,1751934623,488514729.10600698512334134910178020371252,0.000010731260397862787,1.16165251008757,,0.22369631442075041,420534303.385769636202008036,16,22,227263.384339695
2025-07-08,31,1752019801,1752019801,499034007.57707509628993053142743924484832,0.000010662548790192249,1.16175540154929,,0.19030712599785543,429551699.877250360262672608,25,37,447205.579348084
2025-07-09,33,1752106356,1752106356,502694264.41646697127851743049504294963492,0.000010425680870229396,1.16159607044324,,0.1909212535856761,432761677.839224856531289233,35,43,4667366.35652407
2025-07-10,44,1752192593,1752192593,503151156.48222470761984583008645312721919,0.000010027449908179896,1.16191976585683,,0.18745222123872798,433034337.884068867604329893,41,55,3731412.18987764
2025-07-11,52,1752279206,1752279206,503201537.35449288706029401566214414087772,0.000009879158611424301,1.16197285530978,,0.15830696984278742,433057910.995984675900159374,39,66,3727262.02359716
2025-07-12,33,1752365297,1752365297,491809228.49183402050201851971332110769622,0.000009895317179939456,1.16153580762614,,0.13169912524312502,423412885.993551015914584273,40,57,4428260.62666576
2025-07-13,18,1752451954,1752451954,497888220.28017060098669939022560831794236,0.000009771269220639441,1.16180134154388,,0.17756182602782958,428548498.333237544191488547,21,25,3099854.90207807
2025-07-14,28,1752538537,1752538537,497234502.1028953170263225787304188184125,0.00000969135890763217,1.16171381590455,,0.1575981845163193,428018067.18269212831580075,34,45,2656939.20639692
2025-07-15,42,1752625418,1752625418,499055893.28761327717857360796132471172335,0.000009872308894936132,1.16207827632805,,0.19793275374886443,429451185.392206588165030147,58,83,1915619.07546739
2025-07-16,38,1752711531,1752711531,507896092.74125203919661489113363295865391,0.000009781610634898572,1.16137246758623,,0.07363186747889265,437324034.206572567751165617,54,84,7394822.99722298
2025-07-17,37,1752797957,1752797957,511184579.7017831968255073213944926766016,0.00000972490714300911,1.16214258360704,,0.1929228641048506,439863909.052516157111048665,35,45,11251493.355249
2025-07-18,41,1752884322,1752884322,513726039.30528246401402667341358635453072,0.000009853100398710904,1.16225705386448,,0.18578609631733456,442007245.812924346395572989,41,59,10829410.1115099
2025-07-19,32,1752970793,1752970793,512078074.24898565730163917696250056389968,0.00000985724466745443,1.16225317666508,,0.1618828123074899,440590814.918932532231131996,30,35,1571570.84836858
2025-07-20,46,1753057155,1753057155,490282342.07670233753655059535497560121216,0.000009902635971507164,1.16163545587552,,0.12473250408794524,422062136.272500821686137908,48,82,5143887.41748078
2025-07-21,35,1753143666,1753143666,490230254.9046204102915926062747589171118,0.000009894689786573635,1.1619575214873,,0.12505379343336465,421900324.098877606351161566,28,37,2135643.72833321
2025-07-22,60,1753230042,1753230042,477411580.59684195219852084569459603729973,0.000009681136078982776,1.16239470277269,,0.14866544329367232,410713830.214521644240995617,63,101,3268080.13478796
2025-07-23,44,1753316294,1753316294,478110504.24184906660643830500808169764044,0.000009797849010300682,1.16252053803298,,0.1556405715900407,411270587.142336888883836678,33,96,9411842.00365043
2025-07-24,31,1753402648,1753402648,475506105.68326161504608766611922172523559,0.00000982350925353507,1.16287835981341,,0.20112390567252053,408904423.812271381062778899,30,40,730283.548072846
2025-07-25,32,1753489048,1753489048,461871001.63551787010329235165803747877691,0.000009891591356097426,1.16246153087969,,0.15683084706793557,397321536.555276876655850139,31,38,656794.801298063
2025-07-26,20,1753575515,1753575515,459243423.51747454955345545674516165003,0.000009855260173515346,1.162755177426,,0.16197533382689291,394961409.274569060209386655,18,21,1246546.63286462
2025-07-27,39,1753661949,1753661949,458474253.71513911528598365932745077954749,0.000009733167399525568,1.16251164639649,,0.13691484739592202,394382503.724844745670719901,67,86,5332891.78247144
2025-07-28,51,1753748568,1753748568,456283477.85654056990306872006131374888386,0.000009852133691527065,1.16277480150602,,0.1760856524517812,392409155.466359034946081293,69,82,6435019.09019776
2025-07-29,22,1753834928,1753834928,454223325.9507833689872767920354258678149,0.000009863354696215203,1.1626071396703,,0.17713664666626386,390693735.185210623665910683,31,33,2795886.14802313
2025-07-30,35,1753921405,1753921405,452382068.9348847108579759995255721906967,0.000009876255848265386,1.16275771048598,,0.14355392646296344,389059616.509280784237324665,60,75,16577753.1594913
2025-07-31,43,1754007723,1754007723,443445023.1972293070165074589182451551293,0.000010039441374360027,1.1630526175973,,0.14750003475866905,381276836.909858096583646841,160,183,39278727.2744968
2025-08-01,50,1754094469,1754094469,445352098.3554407008726059432139487052348,0.000010265491263528424,1.1628968629956,,0.14374189527212683,382967838.788576867425323583,103,130,8870163.20443854
2025-08-02,34,1754180696,1754180696,445009488.64887020941053848531981500877223,0.000010333598071486418,1.16300175627951,,0.1651592637535063,382638707.333060006423476873,63,79,5632140.92924981
2025-08-03,40,1754267063,1754267063,449473370.08641945423918800195436715147576,0.000010181724205816467,1.16340141851321,,0.16657549961615759,386344182.613110547438161656,130,151,30728620.163968
2025-08-04,34,1754353576,1754353576,449149387.28389000229913571506028687425525,0.000010097133544539244,1.16318911447965,,0.15555891849208373,386136167.965099946193852985,57,73,2154324.11978722
2025-08-05,31,1754440160,1754440160,448032509.45213773464055468777135400553519,0.000010186602566664985,1.16240708303577,,0.08118992260743077,385435116.484360514279410247,39,46,2053509.54960928
2025-08-06,24,1754526400,1754526400,448640344.37831058749290713933990559035591,0.000010111980824094183,1.16322846561549,,0.13566496987995155,385685493.125312251819085859,36,38,4671965.88150924
2025-08-07,27,1754612843,1754612843,447499416.7420072303502058611566535725128,0.000009905738319041857,1.16337858423664,,0.13971810978330101,384655023.571400438958286395,41,46,4053524.23401099
2025-08-08,41,1754698817,1754698817,441735857.47810616145469926516132255360842,0.000009965984333723534,1.16343586493483,5.663937368481097,0.15838504781511276,379682173.114759573512535774,92,97,8044289.67782446
2025-08-09,33,1754785240,1754785240,447510855.78978678567469120968917132694308,0.000009987480746199051,1.16365791840478,5.521320230969625,0.14959316460789232,384572518.015659239326649486,82,94,9814191.9855026
2025-08-10,40,1754871787,1754871787,444104447.75324920412172488783439930103541,0.000009762658966606856,1.16360349414209,6.099677812507682,0.14033364246494875,381663040.708451759485229749,59,79,6258112.98434741
2025-08-11,31,1754958173,1754958173,442457283.6008090664707427705814748082021,0.000009799152243526583,1.16357135754105,5.9573465116301145,0.17524641957187415,380257971.058899562813254402,53,74,5705289.99919603
2025-08-12,26,1755043618,1755043618,442199199.2982427485641545685187888394377,0.000009682334913036414,1.16337441527115,5.053923785403463,0.1353995447431406,380100502.034143923852405198,49,57,6295121.80293746
2025-08-13,44,1755131109,1755131109,443827106.23497455328315035438682757691712,0.000009426939162003924,1.16368663267908,4.957525526988723,0.16981951557440958,381397443.066936578545533264,47,61,4456024.06853812
2025-08-14,34,1755217373,1755217373,441380644.11972212983212957839024152977188,0.00000982323606220722,1.16415437058781,5.623747351494051,0.17865356422633025,379142711.027969815431589748,72,101,13515812.1539643
2025-08-15,52,1755304090,1755304090,440233942.31423044280225646346873533225046,0.000009923163191859434,1.16409828054566,4.1642409495517985,0.23470618044658234,378175923.520714220429862281,57,72,2487603.38426687
2025-08-16,34,1755390062,1755390062,440808855.66182839824151605235215453157425,0.000009910122921524766,1.16406708870675,6.072631007917372,0.1655997402432861,378679940.304434026255501611,33,52,1305275.26365826
2025-08-17,28,1755476937,1755476937,440620484.1563540847281975267994822812688,0.000009897919885115861,1.16401470152445,5.377714838410684,0.15122710196730957,378535153.876747578360298784,39,61,1362350.58262607
2025-08-18,41,1755563122,1755563122,440068798.22428371103542742965063259999122,0.000010007277251178092,1.16397558227322,5.685668520050151,0.14819538829587567,378073908.874306916219131901,34,49,1068625.75754207
2025-08-19,34,1755649644,1755649644,437948929.9913750829520817628581608861528,0.000010312235084452993,1.16410801618205,5.173516197518678,0.21285165617353966,376209873.915073251592352816,42,59,1193569.53092156
2025-08-20,23,1755735829,1755735829,434978037.12796994211784303069205677433898,0.000010185806543388991,1.16400668257997,10.252926267416088,0.1763542173251862,373690326.385291973370446034,27,33,2707565.18662562
2025-08-21,33,1755822367,1755822367,434121462.07222647589423566917802845711561,0.000010359129464784423,1.16381817770149,4.85658016089814,0.12246054850427017,373014849.217774581395336789,26,32,153158.807043689
2025-08-22,24,1755908855,1755908855,438939264.36680464164069959147220957065166,0.000009964113376825767,1.16381817770149,6.484840122514692,0.11162294566474394,377154501.258691485923354934,31,34,3536528.30796575
2025-08-23,25,1755995251,1755995251,438349309.07103440005513978405538880955411,0.000010099851746097315,1.16431540093489,5.5716793352464435,0.12357622010529891,376486739.520116896285300099,23,29,1075882.83879831
2025-08-24,25,1756081739,1756081739,438927405.56566277778981375138462762614373,0.000010255983590880431,1.16421948939783,5.612034849470693,0.15122724248858785,377014308.352361876238951731,21,26,1710114.82766038
2025-08-25,28,1756168021,1756168021,437459566.359538533097891579652060123625,0.000010578757417871385,1.164610467177,6.324296688259633,0.15955979272497148,375627369.570131545695594625,34,49,1702894.40395641
2025-08-26,25,1756254515,1756254515,436710319.53893582849855489333626219201536,0.000010406319796348157,1.16441822863104,10.580694165197485,0.1640054308668686,375045931.780335238541020284,23,28,3256183.69500958
2025-08-27,27,1756340772,1756340772,436592052.45899060390120099884041344533385,0.000010465160981796033,1.16427330482161,5.613131943155825,0.12887304692613222,374991035.739572552311317785,23,34,3150973.40203589
2025-08-28,35,1756427117,1756427117,436911697.97395368175835071986320388083958,0.000010350830114749638,1.16427330482161,5.595966113407667,0.14331282635875012,375265580.825884613683451478,31,41,1307223.30633182
2025-08-29,13,1756513520,1756513520,435475540.87185724653344555526203387187114,0.000010737624853420688,1.16474592888349,5.525301395656374,0.1709916330444259,373880285.882860586191975986,8,9,478266.328794947
2025-08-30,23,1756599919,1756599919,434624463.41546134682709041621910173103424,0.000010715423487706113,1.16526105874624,4.473857554543002,0.1898831674101173,372984628.769019840920914951,15,24,12013.7901470341
2025-08-31,26,1756718010,1756718010,434385716.6310419682887614934970238297983,0.000010752796888069886,1.1647047530973,4.881528583281065,0.1554643545123104,372957795.077147053445359371,24,30,165912.251267437
2025-09-01,32,1756772682,1756772682,434823732.03372295459958323013094666054648,0.000010688299526380408,1.16494261156014,5.369238324470312,0.16688326308627446,373257641.808971840516447332,29,49,544481.738890822
2025-09-02,22,1756859056,1756859056,428775288.9221094214351645180081534707954,0.000010481992102788187,1.1649785304258,5.3405286741584606,0.13556042544674926,368054241.107251929846034713,20,23,1047568.22341267
2025-09-03,30,1756945487,1756945487,432803501.19246777680108412856817605267952,0.000010423267931221683,1.16512063996241,5.226507393224253,0.16605429493072266,371466684.519837541863634672,30,34,2621754.0626902
2025-09-04,25,1757032112,1757032112,431812086.211898230391086761103137208054,0.000010504451327442478,1.1649503058692,7.8635892012532524,0.21878934415884244,370669962.518025092040659495,42,48,4869056.0232547
2025-09-05,29,1757118481,1757118481,428321387.41149709885758620315078890975221,0.000010523129239503924,1.16502857613297,5.449924202214619,0.15475124368860588,367648825.261613870115533893,30,38,2274318.37980641
2025-09-06,28,1757204657,1757204657,428594671.2781287911380374854884445646848,0.000010568335744446789,1.16509191473152,5.0310690280894494,0.1472719644400364,367863398.46577062236169374,35,43,3266018.29951868
2025-09-07,20,1757291091,1757291091,426609352.69159868018014854006056697530368,0.000010467299486654736,1.16509191473152,7.307764334860027,0.14234130531834244,366159396.780214679481061009,23,28,1631707.17201869
2025-09-08,19,1757377433,1757377433,401258421.8673002660672188192099139541282,0.000010393744249891852,1.1652666937758,4.955093680543132,0.1382515725261877,344349000.971706578344094879,27,33,781174.989480604
2025-09-09,31,1757464185,1757464185,402453610.9855223562594703741464105509688,0.000010452046771550116,1.16526103353444,5.956147219999637,0.14244881531332962,345376357.23114360411368702,44,53,7097611.09531136
2025-09-10,34,1757550564,1757550564,404321138.67523923968312964557436253545383,0.000010227320272955323,1.16520625306399,5.3136106627774975,0.14050668335416297,346995338.904206007506423417,40,57,4691591.01972514
2025-09-11,30,1757636991,1757636991,402357757.77693980933389886893001896286888,0.000010091776423778066,1.16505333317759,5.666575503404159,0.14431449449133082,345355655.675900373946585432,35,51,2228099.45078749
2025-09-12,29,1757723330,1757723330,402874223.49085276194046988662741591970781,0.000010037674548382462,1.16586760799623,5.044793394718433,0.18741946980424487,345557437.849457357495399547,25,31,2041181.0691727
2025-09-13,19,1757809659,1757809659,403702764.198428075734182167708116077261,0.000010051451876274132,1.1656229246335,4.5128017176822395,0.1261477071076501,346340789.690080928320448766,31,33,1506264.47251712
2025-09-14,31,1757896129,1757896129,403311349.75918356387131546175409564008372,0.000010098388078468577,1.16531291838699,5.198703250805501,0.10434152009576668,346097038.310912701145715228,31,40,319495.40108018
2025-09-15,24,1757982592,1757982592,402473415.9156240599523510854929146656886,0.00001009398921681475,1.16505764112668,5.5401251925336625,0.0850941006356041,345453651.139876942299674145,35,45,1053204.29856447
2025-09-16,18,1758067683,1758067683,402342443.76915457664717805613005066070059,0.000009973935364552867,1.16494442611403,4.395667854850539,0.079872237727106,345374796.213473181282001953,40,41,1630120.39049966
2025-09-17,23,1758154107,1758154107,399942983.02175026047387355304243416202471,0.000009996810205972344,1.16538592356941,5.178313085657635,0.12116588334572452,343185012.735336843752355331,40,45,4351499.40772661
2025-09-18,28,1758240454,1758240454,402494273.97286127836581290419061335362428,0.000009959315081992616,1.16538354526324,6.4418358065853205,0.109571368245815,345374941.673768680781922347,67,69,13951530.0363525
2025-09-19,31,1758327334,1758327334,401480420.318404071933353578194335842272,0.000010079899493527984,1.1653610954286,4.599580664308336,0.1163578241344826,344511604.07988941695767952,48,54,3890805.88748431
2025-09-20,34,1758413774,1758413774,394115660.62793836121030327968393605406192,0.000010070473468672558,1.16568918672056,3.1718421257691736,0.16076471865779812,338096694.314121746648269682,77,91,9156887.9785758
2025-09-21,27,1758500170,1758500170,395395163.70415727676275617344999778820169,0.000010105770806625207,1.16540616854953,7.607313205922664,0.13644664419800573,339276704.014934087430906273,37,44,6326831.65840027
2025-09-22,39,1758586545,1758586545,393446714.37297986147579262628945178132319,0.000010343190922293048,1.16596420336793,4.911590715553518,0.14161132213111657,337443219.299953394708774583,72,79,2628099.65324728
2025-09-23,34,1758672933,1758672933,393506543.10568498069327692823698031749294,0.000010402631796211696,1.16563978919718,5.009914852766556,0.12199587898022661,337588461.506369604421122733,78,84,3840905.3800183
2025-09-24,31,1758759489,1758759489,393422951.23751623116032139624803637547712,0.00001028885019607491,1.16598007566664,6.83107716111886,0.11760228232879415,337418245.344012188273619608,38,48,954486.027458515
2025-09-25,38,1758845939,1758845939,396331620.0455845489786121888860749372264,0.000010677019791181809,1.16557125785877,7.14840354218411,0.09902191492532232,340032080.72724051311474632,134,144,8124749.15018769
2025-09-26,38,1758931869,1758931869,390512729.0841359557465430362953514891637,0.00001063862337026165,1.16672827330798,3.912274908524893,0.21085843643439856,334707521.895334007349642815,84,95,5299953.25931096
2025-09-27,24,1759019467,1759019467,389602514.82053602764408360489046147977102,0.000010634607161135149,1.16602863820713,6.762048112479158,0.15076643759250175,334127740.995781742241932254,29,36,3119598.36031738
2025-09-28,31,1759104634,1759104634,390526652.84455110683574721066711585639716,0.000010397366191641269,1.16627264667123,5.494467494459341,0.1310773233784592,334850220.451616073795842892,43,62,3918304.66268856
2025-09-29,49,1759191006,1759191006,388628998.44316988150308800265319692811644,0.000010196963082158843,1.16593239798886,4.273996485203895,0.057612775916703995,333320352.975458762605921354,42,58,2504687.21370739
2025-09-30,40,1759279303,1759279303,386442171.69799383371365474852799177142349,0.000010229568034835745,1.16588169698971,5.748991132738126,0.10105083621235394,331459163.220232411370628919,56,69,8170310.47390413
2025-10-01,33,1759364872,1759364872,387089306.62239677886121600087707127264294,0.000009844788196936719,1.16555667089602,4.211800790795981,0.05271155246503754,332106808.950629947409826547,38,44,1231459.01779048
2025-10-02,36,1759451237,1759451237,385672810.44175838282002712564961782165425,0.00000967298972803808,1.16616204145655,5.732912564746191,0.10159080187660621,330719742.824117771325808535,25,34,1408516.76749156
2025-10-03,39,1759537626,1759537626,386693170.31965241290172778746074835940708,0.000009532262245300479,1.16625443788854,5.251545196946953,0.09731163342591427,331568444.892476397821384502,44,54,2919632.71063145
2025-10-04,26,1759624026,1759624026,386576921.59153338380963428525573698634632,0.000009531259976898266,1.16643315899787,4.800816611829827,0.12728895998389742,331417980.198417270909782936,23,39,289188.113924471
2025-10-05,28,1759710414,1759710414,385814173.01911021123221141451802750631398,0.000009444698236145878,1.16664471671593,4.313128354642786,0.1387211108867723,330704084.534977858667200886,30,35,940566.390929567
2025-10-06,29,1759796820,1759796820,385737890.6870487647913265230602318271075,0.000009345074372553144,1.16649380303013,6.0907653625016485,0.12032426634194217,330681474.41935903020572775,23,40,339689.18284446
2025-10-07,37,1759883218,1759883218,384343129.52781590411743998214268675572122,0.000009593847160140994,1.16649380303013,6.3595783084996835,0.12032426634194217,329485787.690797100046245394,30,39,675607.812155064
2025-10-08,30,1759969621,1759969621,382732611.00892228637768621455308769936138,0.000009455472215260758,1.16671405531798,11.192833271190421,0.1242086082019627,328043198.986414121808094831,32,32,988641.029616366
2025-10-09,26,1760056267,1760056267,380936605.93946429209870827858489244379141,0.000009592185139032286,1.16644168160753,8.920934049995987,0.10132048005663837,326580069.922121637746003797,25,31,1187957.68285729
2025-10-10,34,1760148916,1760148916,377911660.48451317593522755692465166315275,0.00001027065885415347,1.16833728126725,5.133058385256266,0.26871021289378516,323461098.557607524762112719,34,45,2390130.31582429
2025-10-11,38,1760227812,1760227812,372611037.9199672353716081905019701472732,0.000010516313919099005,1.16668106134456,8.161991198660646,0.139712759975578,319376949.078564594781827845,46,61,2218858.63579468
2025-10-12,37,1760314166,1760314166,374786611.29532193449282347146284518752556,0.000010134038882023091,1.16696413871244,3.949524981121151,0.0940527645411366,321163777.756563769115531449,33,44,860372.96674543
2025-10-13,41,1760400584,1760400584,375990820.98390265805062230306308334743007,0.000010115301016886405,1.16662045533831,6.021227763082771,0.08557919407115815,322290612.395329996996459497,53,76,3841095.83179734
2025-10-14,31,1760486975,1760486975,374909802.07665479766525320925810704001102,0.000010298175312047643,1.16706213136947,7.219710347774928,0.15010671853714055,321242367.479375766115615866,36,41,797084.16005706
2025-10-15,38,1760573364,1760573364,374558372.45120724932755428865385780358736,0.000010528748302247676,1.16724728046284,5.443201749216992,0.18794257544566623,320890336.367017592059365404,24,31,426074.943807464
2025-10-16,26,1760659729,1760659729,373585547.51396965356200402652905346367767,0.000010794831798890959,1.16729967205919,5.398848585230726,0.20217667833447003,320042536.168061508584246793,41,44,2112061.98119023
2025-10-17,31,1760746364,1760746364,371632645.58496162161635214226742501961275,0.000010944799736903903,1.16699659020275,6.584550491343079,0.13820886289811476,318452212.032937847424793241,24,32,385934.727414434
2025-10-18,21,1760832674,1760832674,371738282.80058237075900560838462403171445,0.000010891731094296222,1.16698269897181,4.501112492253905,0.13722123631055552,318546524.407010251042324345,14,19,257410.133244093
2025-10-19,32,1760919087,1760919087,371764537.0635742263849137841762752901258,0.000010734962033753778,1.1669619083213,4.467198344782156,0.13736625488697438,318574697.608052666654348466,30,39,205127.288022225
2025-10-20,32,1761006121,1761006121,370990187.92562461339946215611235404786152,0.000010549978488509842,1.16725225235176,4.007726352793108,0.13408939955917157,317832060.018012291628910177,24,29,182914.707863705
2025-10-21,29,1761092560,1761092560,372410515.37593668281527106795627691702555,0.000010739948439545839,1.16743649881101,5.108730302105234,0.17421653636919363,318998520.052459155742042055,30,34,397467.011364072
2025-10-22,20,1761178907,1761178907,371330788.13938501669896518399620750407251,0.000010840412896187126,1.16716156679717,4.855714316061809,0.10269298369377897,318148574.030209728427009303,25,30,428494.914814446
2025-10-23,30,1761265552,1761265552,371806979.23270438425814976084529927605904,0.000010608612932419064,1.16759387746088,7.008349778414579,0.16764083397032903,318438616.722843943607735658,24,27,440699.05763939
2025-10-24,26,1761351804,1761351804,371720681.29838872092942628236318475470896,0.000010514677092410376,1.16739142639382,3.3261663361794627,0.1210441547530808,318419917.170942618477965128,23,29,435364.380308429
2025-10-25,21,1761438112,1761438112,371752342.7650485827068772791902611051612,0.000010459134353990428,1.16739142639382,4.452656303031556,0.15616106889885378,318447038.72241543250568266,16,21,141064.107785805
2025-10-26,24,1761524636,1761524636,371936976.95971161103874240894937919510154,0.000010190037554066997,1.16734115577802,6.350418965536314,0.0525300092627657,318618918.829962539794679777,14,26,237656.539336254
2025-10-27,32,1761611033,1761611033,372733210.4434313833944360658026011955993,0.000010235024420855206,1.16769115101605,4.884375000130683,0.14257907176929052,319205305.374715593989434866,24,38,755900.697083909
2025-10-28,26,1761696770,1761696770,372356514.50794777094767913593783561263731,0.000010334614203977607,1.16761180072219,4.593478356584343,0.11482341241408471,318904377.531674670072775049,19,32,378929.930222097
2025-10-29,17,1761786611,1761786611,371531666.04814905600960925016793904640916,0.00001059759099104662,1.16792180054133,4.194138611062114,0.1706276072181889,318113478.039321371467322052,9,16,202927.56968212
