time,AdrActCnt,CapMrktCurUSD,IssTotNtv,IssTotUSD,NVTAdj,NVTAdj90,PriceBTC,PriceUSD,ROI1yr,ROI30d,SplyCur,TxCnt,TxTfrCnt,TxTfrValAdjNtv,TxTfrValAdjUSD,TxTfrValMeanNtv,TxTfrValMeanUSD,TxTfrValMedNtv,TxTfrValMedUSD,TxTfrValNtv,TxTfrValUSD,VtyDayRet180d,VtyDayRet30d,VtyDayRet60d
2018-03-11,3.0,,100000000.0,,2.839179742761,,,,,,100000000.0,1.0,1.0,35221440.36670392,,35221440.36670392,,35221440.36670392,,35221440.36670392,,,,
2018-03-12,75249.0,,0.0,,1.779832787481,,,,,,100000000.0,181.0,77716.0,56185053.28329711,,722.95348813,,18.8780759,,56185053.28329608,,,,
2018-03-13,27.0,,0.0,,11.636693559899,,,,,,100000000.0,2.0,32.0,8593506.350000001,,268547.0734375,,59689.36,,8593506.35,,,,
2018-03-14,3540.0,,0.0,,4.992058328628,,,,,,100000000.0,3766.0,3862.0,20031817.22187139,,5578.802171216919757222,,186.44611460928897,,21545333.985239744102392819,,,,
2018-03-15,1848.0,,0.0,,6.136018135641,,,,,,100000000.0,1886.0,1917.0,16297213.891716834,,9144.211857750651349173,,75.5123038,,17529454.131307998636363819,,,,
2018-03-16,1148.0,,0.0,,33.82226720632,,,,,,100000000.0,1123.0,1135.0,2956632.0728881895,,2939.133602849991933127,,52.023018999166915,,3335916.639234740844099583,,,,
2018-03-17,805.0,,0.0,,72.600369880468,,,,,,100000000.0,748.0,755.0,1377403.450762632,,1956.206434650862563372,,18.8780759,,1476935.858161401235346037,,,,
2018-03-18,525.0,,0.0,,63.048656501399,,,,,,100000000.0,487.0,489.0,1586076.620011433,,4062.745153912419500413,,37.7561519,,1986682.380263173135702016,,,,
2018-03-19,799.0,,0.0,,92.403989418325,,,,,,100000000.0,688.0,688.0,1082204.3575119514,,1641.299748994091193328,,18.8780759,,1129214.227307934741009819,,,,
2018-03-20,891.0,,0.0,,38.767516957141,,,,,,100000000.0,816.0,823.0,2579479.1064528013,,3432.180267429283885504,,37.7561519,,2824684.36009430063776983,,,,
2018-03-21,640.0,,0.0,,77.375649515854,,,,,,100000000.0,541.0,542.0,1292396.2593620585,,2536.627583102809738333,,37.7561519,,1374852.150041722878176396,,,,
2018-03-22,541.0,,0.0,,31.292833588319,,,,,,100000000.0,518.0,520.0,3195619.8443252807,,6516.850864966888942964,,93.78736055983725,,3388762.449782782250341534,,,,
2018-03-23,427.0,,0.0,,78.379204048503,,,,,,100000000.0,407.0,407.0,1275848.628650493,,3942.321098914831639422,,113.268456,,1604524.687258336477244669,,,,
2018-03-24,500.0,,0.0,,117.68348495375,,,,,,100000000.0,440.0,440.0,849736.902669908,,2050.993297347341631883,,55.58479063937102,,902437.050832830318028461,,,,
2018-03-25,1382.0,,0.0,,29.619591550411,,,,,,100000000.0,1106.0,1106.0,3376143.787459276,,3346.216380893706725902,,94.69518984999999,,3700915.317268439638847588,,,,
2018-03-26,1061.0,,0.0,,30.014396316232,,,,,,100000000.0,819.0,816.0,3331734.5098797786,,4191.58893053862067562,,37.7561519,,3420336.567319514471306074,,,,
2018-03-27,479.0,,0.0,,38.825706595778,,,,,,100000000.0,377.0,377.0,2575613.137994374,,7187.254409251518137037,,37.7561519,,2709594.912287822337663049,,,,
2018-03-28,515.0,,0.0,,115.49802765709,,,,,,100000000.0,418.0,418.0,865815.6509555024,,2396.378149842884893428,,37.75605,,1001686.066634325885452862,,,,
2018-03-29,326.0,,0.0,,98.091316980198,,,,,,100000000.0,233.0,233.0,1019458.2260546804,,4465.10491382481402733,,113.2684,,1040369.444921181668367917,,,,
2018-03-30,228.0,,0.0,,144.959223783168,,,,,,100000000.0,172.0,172.0,689849.1685467447,,4329.281774313890217444,,205.43903795,,744636.465181989117400448,,,,
2018-03-31,252.0,,0.0,,52.904639366732,,,,,,100000000.0,164.0,163.0,1890193.3969685803,,11629.419037005283713673,,37.756,,1895595.303031861245328691,,,,
2018-04-01,203.0,,0.0,,379.429550992024,,,,,,100000000.0,152.0,153.0,263553.53645636886,,1880.436160125137945138,,37.7561,,287706.73249914610560604,,,,
2018-04-02,378.0,,0.0,,234.762587749814,,,,,,100000000.0,300.0,299.0,425962.2496007316,,1510.190945267931452481,,18.8780759,,451547.092635111504291778,,,,
2018-04-03,272.0,,0.0,,104.015493311622,,,,,,100000000.0,219.0,219.0,961395.2384997846,,5651.271324715443572275,,319.31626155,,1237628.420112682142328276,,,,
2018-04-04,399.0,,0.0,,220.448538290211,,,,,,100000000.0,303.0,301.0,453620.6081273907,,1570.284866284019925462,,18.8780759,,472655.744751489997563944,,,,
2018-04-05,437.0,,0.0,,25.911219454733,,,,,,100000000.0,662.0,662.0,3859332.061723308,,5866.944103312539650984,,694.528268845,,3883916.996392901248951402,,,,
2018-04-06,233.0,,0.0,,201.369604984691,,,,,,100000000.0,183.0,183.0,496599.275782473,,2773.388547256387410829,,18.8780759,,507530.104147918896181632,,,,
2018-04-07,170.0,,0.0,,491.283784999593,,,,,,100000000.0,113.0,113.0,203548.34222766553,,1870.732319673087455427,,18.8780759,,211392.752123058882463225,,,,
2018-04-08,192.0,,0.0,,609.759647108964,,,,,,100000000.0,134.0,134.0,163999.04531913038,,1364.400690093736603533,,18.8780759,,182829.692472560704873371,,,,
2018-04-09,209.0,,0.0,,400.22222099642,,,,,,100000000.0,144.0,145.0,249861.1889940375,,1725.038481321048564971,,37.0,,250130.579791552041920741,,,,
2018-04-10,206.0,,0.0,,33.310693296458,,,,,,100000000.0,149.0,149.0,3002038.98820186,,20199.86199726962992427,,37.7561519,,3009779.437593174858716301,,,,
2018-04-11,236.0,,0.0,,25.32497007309,,,,,,100000000.0,174.0,174.0,3948671.9909793097,,22899.088048378353290298,,37.75612595,,3984441.320417833472511835,,,,
2018-04-12,382.0,,0.0,,17.597080303523,,,,,,100000000.0,294.0,294.0,5682760.905511093,,19355.440010624564664259,,18.8780759,,5690499.363123622011292003,,,,
2018-04-13,451.0,,0.0,,32.892948239502,,,,,,100000000.0,339.0,339.0,3040165.3044864144,,9102.019568505896203513,,18.8780759,,3085584.63372349881299091,,,,
2018-04-14,319.0,,0.0,,689.740650157794,,,,,,100000000.0,244.0,244.0,144982.03053150873,,618.683230334382669087,,18.8780759,,150958.708201589371257332,,,,
2018-04-15,244.0,,0.0,,459.984412895282,,,,,,100000000.0,174.0,174.0,217398.67090401927,,1320.071088657137654641,,37.756151849999995,,229692.369426341951907471,,,,
2018-04-16,212.0,,0.0,,230.030680798958,,,,,,100000000.0,148.0,148.0,434724.6187016157,,3217.571682475874016449,,53.0,,476200.609006429354434446,,,,
2018-04-17,224.0,,0.0,,347.093210500212,,,,,,100000000.0,162.0,162.0,288107.0472565147,,1799.746137163271930882,,35.78313445,,291558.874220450052802879,,,,
2018-04-18,254.0,,0.0,,520.682433311428,,,,,,100000000.0,169.0,169.0,192055.64390567486,,1346.877448411674917822,,37.7561519,,227622.288781573061111967,,,,
2018-04-19,274.0,,0.0,,781.436694713484,,,,,,100000000.0,187.0,187.0,127969.41924600213,,742.056110110441721155,,37.0,,138764.49259065260185592,,,,
2018-04-20,285.0,,0.0,,487.814484307102,,,,,,100000000.0,188.0,188.0,204995.9630494393,,1104.04634829619124584,,37.7561519,,207560.713479683954217873,,,,
2018-04-21,236.0,,0.0,,74.257440684297,,,,,,100000000.0,153.0,153.0,1346666.3956969122,,8825.950119491063043181,,37.0,,1350370.368282132645606704,,,,
2018-04-22,278.0,,0.0,,344.335227604629,,,,,,100000000.0,188.0,188.0,290414.6656607015,,1729.251163560800953643,,37.7561519,,325099.218749430579284865,,,,
2018-04-23,368.0,,0.0,,365.082186056314,,,,,,100000000.0,257.0,257.0,273910.9269620049,,1188.683289638140591085,,18.8780759,,305491.605437002131908942,,,,
2018-04-24,586.0,,0.0,,148.735838783905,,,,,,100000000.0,423.0,423.0,672332.9146332232,,1980.779142506751232243,,37.7561519,,837869.577280355771238961,,,,
2018-04-25,316.0,,0.0,,371.606894933769,,,,,,100000000.0,212.0,212.0,269101.57309600763,,1343.069455932820130318,,18.8780759,,284730.724657757867627493,,,,
2018-04-26,282.0,,0.0,,200.292437763529,,,,,,100000000.0,189.0,189.0,499269.97302845144,,2683.751051441352260508,,18.8780759,,507228.948722415577235975,,,,
2018-04-27,339.0,,0.0,,318.231328719194,,,,,,100000000.0,221.0,220.0,314236.81760836183,,1435.514144171617612192,,18.8780759,,315813.1117177558746822,,,,
2018-04-28,257.0,,0.0,,721.843531171026,,,,,,100000000.0,169.0,169.0,138534.1776738969,,902.204015404650213406,,37.7561519,,152472.478603385886065645,,,,
2018-04-29,421.0,,0.0,,185.728583447216,,,,,,100000000.0,306.0,306.0,538420.0866875192,,1785.495524445577732354,,18.8780759,,546361.630480346786100237,,,,
2018-04-30,230.0,,0.0,,295.496149989222,,,,,,100000000.0,149.0,149.0,338413.8845925652,,2709.904447439363508086,,55.44589482988597,,403775.762668465162704805,,,,
2018-05-01,208.0,,0.0,,545.039758744163,,,,,,100000000.0,152.0,152.0,183472.85385273915,,1210.269865061829289593,,18.8780759,,183961.019489398052018099,,,,
2018-05-02,211.0,,0.0,,416.42087017073,,,,,,100000000.0,131.0,131.0,240141.66234992156,,1880.961950557034505976,,18.8780759,,246406.015522971520282895,,,,
2018-05-03,337.0,,0.0,,216.249084281397,,,,,,100000000.0,236.0,236.0,462429.7038403813,,1982.176057123461113588,,56.6342278,,467793.54948113682280671,,,,
2018-05-04,307.0,,0.0,,174.014472529209,,,,,,100000000.0,190.0,190.0,574664.8456680197,,3033.920260053100961849,,47.19307595,,576444.849410089182751361,,,,
2018-05-05,312.0,,0.0,,99.656621580028,,,,,,100000000.0,205.0,205.0,1003445.6157004684,,4945.357351423784961577,,18.8780759,,1013798.257041875917123355,,,,
2018-05-06,166.0,,0.0,,1507.779872496479,,,,,,100000000.0,107.0,107.0,66322.67867750934,,626.143197317598293922,,37.756,,66997.322112983017449641,,,,
2018-05-07,250.0,,0.0,,476.703066644002,,,,,,100000000.0,166.0,166.0,209774.1906801688,,1277.314401687764049088,,18.8780759,,212034.190680168832148629,,,,
2018-05-08,244.0,,0.0,,439.864940711677,,,,,,100000000.0,148.0,148.0,227342.5107220538,,1546.512211185902682869,,18.8780759,,228883.80725551359706458,,,,
2018-05-09,263.0,,0.0,,160.991020924599,,,,,,100000000.0,174.0,172.0,621152.6545125489,,3618.950878688288545138,,95.16418985,,622459.551134385629763694,,,,
2018-05-10,340.0,,0.0,,233.90905611834,,,,,,100000000.0,227.0,227.0,427516.5812708318,,1909.101023439278479277,,75.5123038,,433365.932320716214795928,,,,
2018-05-11,235.0,,0.0,,38.361561388178,,,,,,100000000.0,151.0,151.0,2606776.063886077,,17264.594827047949305365,,37.756,,2606953.81888424034511015,,,,
2018-05-12,207.0,,0.0,,274.223213816126,,,,,,100000000.0,144.0,144.0,364666.4285214484,,2559.615623116398163187,,55.81612132528534,,368584.649728761335498881,,,,
2018-05-13,189.0,,0.0,,56.973469816297,,,,,,100000000.0,135.0,135.0,1755202.909747934,,13002.342060767655707202,,37.7561519,,1755316.178203633520472329,,,,
2018-05-14,167.0,,0.0,,92.39699725528,,,,,,100000000.0,112.0,112.0,1082286.253564219,,9680.278207285529609987,,37.378,,1084191.159215979316318528,,,,
2018-05-15,290.0,,0.0,,201.770416063585,,,,,,100000000.0,223.0,223.0,495612.79572564433,,2337.897840056742899046,,75.5123038,,521351.218332653666487215,,,,
2018-05-16,159.0,,0.0,,184.025510130642,,,,,,100000000.0,123.0,123.0,543402.9223937966,,4504.180810854714049554,,94.3,,554014.239735129828095131,,,,
2018-05-17,179.0,,0.0,,641.715276043772,,,,,,100000000.0,136.0,136.0,155832.35078414885,,1278.989495983918905881,,66.50615189999999,,173942.571453812971199861,,,,
2018-05-18,123.0,,0.0,,1233.538433075849,,,,,,100000000.0,82.0,82.0,81067.59977526467,,1014.144888640788451971,,21.93903795,,83159.880868544653061628,,,,
2018-05-19,174.0,,0.0,,2756.104601855518,,,,,,100000000.0,105.0,105.0,36283.09314990297,,346.272432892409146274,,26.011509499583457,,36358.60545370296035875,,,,
2018-05-20,261.0,,0.0,,130.340443396829,,,,,,100000000.0,184.0,184.0,767221.5729353029,,4271.080198268355387525,,79.15925454760892,,785878.756481377391304663,,,,
2018-05-21,240.0,,0.0,,350.271499009633,,,,,,100000000.0,153.0,153.0,285492.8256587895,,1867.608900723460721332,,37.7561519,,285744.16181068949036372,,,,
2018-05-22,227.0,,0.0,,177.118489667016,,,,,,100000000.0,168.0,168.0,564593.7936124043,,3463.147099398867104887,,75.5123019,,581808.712699009673620989,,,,
2018-05-23,208.0,,0.0,,252.276215518988,,,,,,100000000.0,150.0,150.0,396390.9153872396,,2865.632517698586572198,,98.6454034682771,,429844.877654787985829752,,,,
2018-05-24,206.0,,0.0,,67.077095374459,,,,,,100000000.0,166.0,166.0,1490821.8586649895,,9024.608032913606560139,,1031.87787035,,1498084.933463658688983115,,,,
2018-05-25,163.0,,0.0,,294.501641659312,,,,,,100000000.0,100.0,99.0,339556.6810309432,,3444.951326802861030844,,37.7561519,,341050.181353483242053596,,,,
2018-05-26,149.0,,0.0,,1263.178250392211,,,,,,100000000.0,99.0,99.0,79165.39092479664,,856.036632202597613564,,18.8780759,,84747.626588057163742859,,,,
2018-05-27,135.0,,0.0,,737.577511053225,,,,,,100000000.0,91.0,91.0,135578.97102530257,,1548.326690088946554691,,18.8780759,,140897.728798094136476858,,,,
2018-05-28,101.0,,0.0,,1763.277259778306,,,,,,100000000.0,65.0,64.0,56712.578492943765,,886.134038952246297124,,94.39037965,,56712.578492943763015951,,,,
2018-05-29,100.0,,0.0,,475.864371639386,,,,,,100000000.0,61.0,60.0,210143.91065986513,,3849.496816892649456762,,94.39037959999999,,230969.809013558967405698,,,,
2018-05-30,111.0,,0.0,,141.402480954075,,,,,,100000000.0,68.0,68.0,707201.1702006712,,10414.94405376262520231,,56.6342278,,708216.195655858513757103,,,,
2018-05-31,429.0,,0.0,,943.732331771064,,,,,,100000000.0,390.0,390.0,105962.24865193933,,304.637257554497912936,,18.8780759,,118808.530446254186044907,,,,
2018-06-01,221.0,,0.0,,486.491861777625,,,,,,100000000.0,186.0,186.0,205553.28435424034,,1105.125184700217153512,,18.8780759,,205553.284354240390553204,,,,
2018-06-02,164.0,,0.0,,624.010594190188,,,,,,100000000.0,108.0,108.0,160253.68949028087,,1505.695662892483260457,,18.8780759,,162615.131592388192129369,,,,
2018-06-03,237.0,,0.0,,523.350354036055,,,,,,100000000.0,178.0,178.0,191076.58804241632,,1085.980604660610661753,,37.7561519,,193304.547629588697792031,,,,
2018-06-04,166.0,,0.0,,241.322620401883,,,,,,100000000.0,122.0,122.0,414383.0355955305,,3414.144789959423591045,,37.756151849999995,,416525.664375049678107512,,,,
2018-06-05,153.0,,0.0,,336.966207271859,,,,,,100000000.0,105.0,105.0,296765.6632681914,,2829.365899238967828568,,18.8780759,,297083.419420091621999681,,,,
2018-06-06,177.0,,0.0,,286.888463420018,,,,,,100000000.0,129.0,129.0,348567.5192647787,,2756.580101390996986467,,37.7561519,,355598.833079438611254247,,,,
2018-06-07,122.0,,0.0,,1046.296428449317,,,,,,100000000.0,94.0,94.0,95575.20916725947,,1019.562413289994634185,,122.20746595,,95838.866849259495613416,,,,
2018-06-08,107.0,,0.0,,1056.945975676677,,,,,,100000000.0,76.0,76.0,94612.21510018814,,1347.511427964172840799,,21.73679228,,102410.868525277135900707,,,,
2018-06-09,102.0,,0.0,,140.458482280719,,,,,,100000000.0,72.0,72.0,711954.1545389962,,9891.962424278652713447,,37.7561519,,712221.294548062995368216,,,,
2018-06-10,136.0,,0.0,,200.382187124172,,,,,,100000000.0,95.0,95.0,499046.3545446398,,5354.620362083592306532,,205.81,,508688.934397941269120526,,,,
2018-06-11,35.0,,0.0,,489.047033143057,,,,,,100000000.0,25.0,18.0,204479.31021544043,,11359.961678635581188658,,18.8780759,,204479.310215440461395837,,,,
2018-06-12,108.0,,0.0,,3114.809786289126,,,,,,100000000.0,68.0,41.0,32104.68916599124,,783.041199170518093978,,18.8780759,,32104.689165991241853104,,,,
2018-06-13,221.0,,0.0,,253.400257905152,,,,,,100000000.0,102.0,175.0,394632.589669385,,2255.47486668220017623,,425.4719645444148,,394708.101669385030840317,,,,
2018-06-14,146.0,,0.0,,22.644022617286,,,,,,100000000.0,131.0,118.0,4416176.47580253,,37425.224371207882664705,,17398.97037401,,4416176.475802530154435142,,,,
2018-06-15,1661.0,,0.0,,46.451265789972,,,,,,100000000.0,151.0,1615.0,2152793.86469568,,1337.424909920897604844,,18.8780759,,2159941.229522249631823365,,,,
2018-06-16,479.0,,0.0,,804.102662238698,,,,,,100000000.0,356.0,318.0,124362.22972025805,,393.780263430201610498,,18.8780759,,125222.123770804112138503,,,,
2018-06-17,389.0,,0.0,,604.291076149165,,,,,,100000000.0,306.0,289.0,165483.16522767203,,573.270866568688402565,,56.634,,165675.280438350948341408,,,,
2018-06-18,451.0,,0.0,,180.181444955451,,,,,,100000000.0,478.0,477.0,554996.1042033201,,1164.635765426771664076,,114.27974341296475,,555531.260108570083764327,,,,
2018-06-19,359.0,,0.0,,146.091513748433,,,,,,100000000.0,304.0,294.0,684502.4562631239,,2328.631047330138323898,,500.0,,684617.527915060667226134,,,,
2018-06-20,226.0,,0.0,,878.00593418289,,,,,,100000000.0,191.0,178.0,113894.4466167695,,726.80043491662588887,,18.8780759,,129370.477415159408218949,,,,
2018-06-21,215.0,,0.0,,528.034839091481,,,,,,100000000.0,171.0,168.0,189381.44341395478,,1136.945039808468037311,,52.527727264999996,,191006.766687822630268248,,,,
2018-06-22,282.0,,0.0,,473.701090657119,,,,,,100000000.0,242.0,238.0,211103.58825916945,,897.885204418131736982,,18.8780759,,213696.678651515353401808,,,,
2018-06-23,192.0,,0.0,,349.427404907535,,,,,,100000000.0,158.0,157.0,286182.4762326863,,1831.894912563590267726,,18.8780759,,287607.501272483672032911,,,,
2018-06-24,178.0,,0.0,,437.122803451717,,,,,,100000000.0,154.0,152.0,228768.6645728738,,1578.948816857181978859,,51.223624529999995,,240000.220162291660786521,,,,
2018-06-25,168.0,,0.0,,105.234795345522,,,,,,100000000.0,130.0,128.0,950256.0409954253,,7447.443419057070970473,,199.469741225,,953272.757639305084220592,,,,
2018-06-26,201.0,,0.0,,196.753199545344,,,,,,100000000.0,159.0,158.0,508250.9470294727,,3269.765283688470097885,,102.52250000000001,,516622.914822778275465841,,,,
2018-06-27,403.0,,0.0,,85.64671164253,,,,,,100000000.0,322.0,316.0,1167587.1505420767,,3726.628487620065289881,,40.10403082,,1177614.602087940631602274,,,,
2018-06-28,385.0,,0.0,,392.711216112454,,,,,,100000000.0,347.0,343.0,254640.04056192943,,749.958212657687879968,,210.0,,257235.666941586942828932,,,,
2018-06-29,173.0,,0.0,,488.182907706755,,,,,,100000000.0,144.0,142.0,204841.2560565695,,1470.511729716561120255,,54.28402756,,208812.665619751679076173,,,,
2018-06-30,65.0,,0.0,,1629.223550164096,,,,,,100000000.0,47.0,47.0,61378.931080346796,,1643.513522607551603508,,264.0,,77245.135562554925364888,,,,
2018-07-01,73.0,,0.0,,1581.334883910364,,,,,,100000000.0,43.0,43.0,63237.71202259038,,1470.644465641636818336,,470.4409155,,63237.712022590383188447,,,,
2018-07-02,48.0,,0.0,,478.138557665367,,,,,,100000000.0,27.0,27.0,209144.39631950058,,7746.088752574095537375,,268.29079625,,209144.396319500579509134,,,,
2018-07-03,59.0,,0.0,,736.058209373034,,,,,,100000000.0,42.0,42.0,135858.8203033274,,4214.461835219136111769,,563.775687085,,177007.397079203716694288,,,,
2018-07-04,52.0,,0.0,,5390.259391118795,,,,,,100000000.0,32.0,29.0,18551.982890612642,,710.163403610503223172,,311.5862190380601,,20594.738704704593471983,,,,
2018-07-05,76.0,,0.0,,973.218732564109,,,,,,100000000.0,59.0,59.0,102751.82408021792,,1747.665237785622239248,,211.0,,103112.24902935171211565,,,,
2018-07-06,35.0,,0.0,,846.789930803699,,,,,,100000000.0,24.0,24.0,118093.04334203491,,5336.645911697372041858,,1282.195840871713,,128079.501880736929004591,,,,
2018-07-07,54.0,,0.0,,4246.179910966743,,,,,,100000000.0,32.0,32.0,23550.580073568442,,735.955627299013861821,,37.756151849999995,,23550.580073568443578269,,,,
2018-07-08,84.0,,0.0,,675.998925796752,,,,,,100000000.0,51.0,49.0,147929.22915097408,,3018.963860223960960759,,127.8428893,,147929.229150974087077192,,,,
2018-07-09,83.0,,0.0,,77.592712673896,,,,,,100000000.0,58.0,58.0,1288780.821728409,,22473.564522949230722142,,420.275,,1303466.742331055381884231,,,,
2018-07-10,245.0,,0.0,,87.332070352824,,,,,,100000000.0,160.0,216.0,1145054.7272725527,,5440.130021518166702213,,369.5,,1175068.084647924007678107,,,,
2018-07-11,117.0,,0.0,,1091.842735611138,,,,,,100000000.0,91.0,89.0,91588.28166221842,,1029.08181642942031555,,18.8780759,,91588.281662218408083917,,,,
2018-07-12,85.0,,0.0,,632.69991336326,,,,,,100000000.0,58.0,58.0,158052.8112741906,,2813.170014094186736815,,512.83278593,,163163.860817462830735282,,,,
2018-07-13,281.0,,0.0,,309.601285392727,,,,,,100000000.0,253.0,253.0,322996.0750103174,,1276.66432810402148779,,500.0,,322996.075010317436410969,,,,
2018-07-14,52.0,,0.0,,604.069374115289,,,,,,100000000.0,39.0,38.0,165543.8998980183,,6056.555104477315342854,,2516.6525860350002,,230149.093970137983028454,,,,
2018-07-15,77.0,,0.0,,518.848485195634,,,,,,100000000.0,49.0,49.0,192734.49350496707,,3933.357010305450641697,,136.0,,192734.493504967081443172,,,,
2018-07-16,266.0,,0.0,,494.085145292256,,,,,,100000000.0,214.0,213.0,202394.26534640926,,957.416232915237272176,,500.0,,203929.65761094553897357,,,,
2018-07-17,116.0,,0.0,,819.376744894306,,,,,,100000000.0,77.0,75.0,122043.98113946884,,1697.857152347997874567,,167.43397975,,127339.286426099840592523,,,,
2018-07-18,127.0,,0.0,,23.949249474254,,,,,,100000000.0,92.0,91.0,4175496.1927930964,,46134.290197177377660932,,25.2,,4198220.407943141367144847,,,,
2018-07-19,273.0,,0.0,,87.140360568752,,,,,,100000000.0,240.0,240.0,1147573.86069228,,4786.342049705182331575,,18.8780759,,1148722.09192924375957794,,,,
2018-07-20,132.0,,0.0,,269.808076643962,,,,,,100000000.0,102.0,102.0,370633.82699236204,,3674.850148083045270424,,18.8780759,,374834.715104470617583202,,,,
2018-07-21,193.0,,0.0,,1802.409626359768,,,,,,100000000.0,174.0,173.0,55481.28379782611,,321.653647208676760797,,18.8780759,,55646.080967101079617851,,,,
2018-07-22,198.0,,0.0,,2743.280900361051,,,,,,100000000.0,169.0,169.0,36452.70157599928,,234.547084097290972797,,18.8780759,,39638.457212442174402687,,,,
2018-07-23,50.0,,0.0,,5303.38511663557,,,,,,100000000.0,28.0,28.0,18855.881253337924,,725.823047433595414534,,40.378075949999996,,20323.045328140671606944,,,,
2018-07-24,75.0,,0.0,,1961.676458879391,,,,,,100000000.0,53.0,52.0,50976.80585774325,,1337.072077382624720619,,655.1216036149999,,69527.748023896485472176,,,,
2018-07-25,64.0,,0.0,,2627.097764813297,,,,,,100000000.0,35.0,35.0,38064.81865249762,,1087.566247214217567946,,37.7561519,,38064.818652497614878097,,,,
2018-07-26,68.0,,0.0,,1512.147895983292,,,,,,100000000.0,41.0,41.0,66131.09753723779,,1614.78945212775094927,,113.2684554,,66206.367537237788920078,,,,
2018-07-27,67.0,,0.0,,1475.415840293676,,,,,,100000000.0,42.0,42.0,67777.50195503891,,2083.217421773381797825,,289.64653150000004,,87495.131714482035508658,,,,
2018-07-28,62.0,,0.0,,1297.603026168541,,,,,,100000000.0,38.0,37.0,77065.17169220236,,2082.84247816763137688,,298.0,,77065.171692202360944559,,,,
2018-07-29,87.0,,0.0,,1101.36021667681,,,,,,100000000.0,55.0,53.0,90796.81514349142,,1749.822855587986299499,,173.4670383376386,,92740.611346163273873454,,,,
2018-07-30,80.0,,0.0,,1423.148977011036,,,,,,100000000.0,54.0,53.0,70266.71249135467,,1386.227396844913666366,,58.823831937120396,,73470.052032780424317384,,,,
2018-07-31,53.0,,0.0,,1364.481313270979,,,,,,100000000.0,29.0,29.0,73287.92195788797,,2546.956895895372059413,,62.33742262,,73861.749980965789722966,,,,
2018-08-01,56.0,,0.0,,763.104413171177,,,,,,100000000.0,38.0,38.0,131043.66620609276,,3464.368057259091208501,,139.79688122868126,,131645.986175845465923051,,,,
2018-08-02,71.0,,0.0,,865.892673198539,,,,,,100000000.0,44.0,43.0,115487.75396217163,,2728.730005057688156736,,100.0,,117335.390217480590739669,,,,
2018-08-03,42.0,,0.0,,737.179631885863,,,,,,100000000.0,24.0,24.0,135652.14728488715,,5686.594095571209837585,,238.75858441666668,,136478.258293709036102042,,,,
2018-08-04,56.0,,0.0,,1922.979577343333,,,,,,100000000.0,39.0,39.0,52002.63236188587,,1496.240415625115060556,,18.8780759,,58353.376209379487361695,,,,
2018-08-05,29.0,,0.0,,4343.970228234794,,,,,,100000000.0,15.0,15.0,23020.415598160253,,1534.694373210683887725,,37.7561519,,23020.415598160258315874,,,,
2018-08-06,40.0,,0.0,,775.963319290833,,,,,,100000000.0,27.0,27.0,128872.07102958394,,5206.548838894340540954,,73.55534667368238,,140576.81865014719460576,,,,
2018-08-07,51.0,,0.0,,435.267264654098,,,,,,100000000.0,35.0,35.0,229743.90247212566,,6665.224559822909955873,,173.4670383376386,,233282.859593801848455559,,,,
2018-08-08,42.0,,0.0,,1058.102383286661,,,,,,100000000.0,29.0,29.0,94508.81273831139,,3258.924577183151226682,,543.132806231424,,94508.812738311385573776,,,,
2018-08-09,23.0,,0.0,,4402.347306017802,,,,,,100000000.0,17.0,17.0,22715.154677438713,,1374.79244959905705063,,656.3169657452596,,23371.471643183969860714,,,,
2018-08-10,54.0,,0.0,,863.672829513354,,,,,,100000000.0,45.0,44.0,115784.58483676758,,2802.165982778709861119,,81.99722658769417,,123295.303242263233889226,,,,
2018-08-11,36.0,,0.0,,95.206381936711,,,,,,100000000.0,24.0,23.0,1050349.7556127626,,45996.267538579688739689,,239.755,,1057914.153387332841012855,,,,
2018-08-12,55.0,,0.0,,604.453496587655,,,,,,100000000.0,46.0,46.0,165438.6988652294,,3615.777685196726212105,,407.745,,166325.773519049405756815,,,,
2018-08-13,31.0,,0.0,,645.115290867904,,,,,,100000000.0,25.0,24.0,155011.05215699546,,6458.793839874811606475,,826.5,,155011.052156995478555392,,,,
2018-08-14,32.0,,0.0,,733.657073444929,,,,,,100000000.0,28.0,28.0,136303.463320328,,5055.442067383536224116,,420.18055956,,141552.377886739014275241,,,,
2018-08-15,98.0,,0.0,,20.211011411517,,,,,,100000000.0,89.0,89.0,4947797.908966525,,55593.234932208155120413,,15967.1223038,,4947797.908966525805716787,,,,
2018-08-16,19.0,,0.0,,49.582986776003,,,,,,100000000.0,15.0,15.0,2016820.8190394507,,134454.721269296725719891,,1000.0,,2016820.819039450885798369,,,,
2018-08-17,16.0,,0.0,,947.22607549835,,,,,,100000000.0,10.0,10.0,105571.41804546342,,10557.141804546341623536,,531.1270796293979,,105571.418045463416235359,,,,
2018-08-18,31.0,,0.0,,5337.354852894395,,,,,,100000000.0,18.0,18.0,18735.87249792301,,1040.881805440167099756,,47.19518975,,18735.872497923007795601,,,,
2018-08-19,33.0,,0.0,,93.741769455332,,,,,,100000000.0,26.0,26.0,1066760.320196959,,41029.243084498417570154,,133.5611519,,1066760.320196958856823998,,,,
2018-08-20,50.0,,0.0,,802.686863195994,,,,,,100000000.0,38.0,38.0,124581.58291246726,,3292.654699797437729383,,165.71973310647155,,125120.878592302633716555,,,,
2018-08-21,45.0,,0.0,,1072.417397805402,,,,,,100000000.0,34.0,33.0,93247.2749925918,,2825.674999775509153958,,169.902684,,93247.27499259180208063,,,,
2018-08-22,135.0,,0.0,,46.107837913308,,,,,,100000000.0,121.0,119.0,2168828.653124435,,18288.074035849282075073,,56.6342278,,2176280.810266064566933707,,,,
2018-08-23,110.0,,0.0,,537.590791958208,,,,,,100000000.0,99.0,99.0,186015.09083841214,,1889.608069539376377165,,75.5123038,,187071.198884398261339383,,,,
2018-08-24,112.0,,0.0,,480.813760652702,,,,,,100000000.0,111.0,111.0,207980.73637545347,,1873.700327706788119388,,56.6342278,,207980.736375453481252021,,,,
2018-08-25,256.0,,0.0,,269.558764513826,,,,,,100000000.0,250.0,250.0,370976.6224086948,,1489.906489634779368137,,61.839432735,,372476.622408694842034186,,,,
2018-08-26,140.0,,0.0,,767.314594039489,,,,,,100000000.0,135.0,135.0,130324.64230030474,,965.367720742998035424,,56.10273878463618,,130324.642300304734782226,,,,
2018-08-27,114.0,,0.0,,356.988180735015,,,,,,100000000.0,106.0,106.0,280121.3188462054,,2642.653951379296361107,,37.7561519,,280121.31884620541427736,,,,
2018-08-28,141.0,,0.0,,425.725766726631,,,,,,100000000.0,143.0,143.0,234892.99407196205,,1647.758803843767598237,,37.7561518,,235629.508949658766547934,,,,
2018-08-29,84.0,,0.0,,1140.790827468419,,,,,,100000000.0,77.0,77.0,87658.48882385789,,1138.421932777375281585,,35.0,,87658.488823857896682081,,,,
2018-08-30,94.0,,0.0,,340.990536064549,,,,,,100000000.0,87.0,86.0,293263.27104007994,,3516.807477210233320285,,56.6342278,,302445.443040080065544495,,,,
2018-08-31,83.0,,0.0,,683.299323051139,,,,,,100000000.0,75.0,76.0,146348.747359312,,1925.641412622526975838,,24.473267125,,146348.747359312050163681,,,,
2018-09-01,106.0,,0.0,,895.741463799175,,,,,,100000000.0,99.0,99.0,111639.35582021912,,1153.996855028351634229,,55.0,,114245.68864780681178869,,,,
2018-09-02,63.0,,0.0,,1771.428613870336,,,,,,100000000.0,54.0,54.0,56451.611550698224,,1045.4002139018187711,,47.19518985,,56451.611550698213639421,,,,
2018-09-03,98.0,,0.0,,1069.308173270869,,,,,,100000000.0,85.0,85.0,93518.40984635285,,1100.216586427680559176,,37.7561519,,93518.409846352847529983,,,,
2018-09-04,71.0,,0.0,,276.304515724866,,,,,,100000000.0,76.0,76.0,361919.5283061399,,4934.280792332120358051,,641.321713885,,375005.34021724114721187,,,,
2018-09-05,94.0,,0.0,,444.661210566155,,,,,,100000000.0,101.0,101.0,224890.31564655068,,2250.253867381932486658,,75.5123038,,227275.640605575181152464,,,,
2018-09-06,177.0,,0.0,,363.643484076557,,,,,,100000000.0,173.0,173.0,274994.6152725429,,1598.446308519520985677,,73.75,,276531.211373877130522134,,,,
2018-09-07,77.0,,0.0,,35.01961506511,,,,,,100000000.0,74.0,74.0,2855542.524213267,,38594.384420218742025022,,192.8903795,,2855984.447096186909851608,,,,
2018-09-08,108.0,,0.0,,520.953810259838,,,,,,100000000.0,109.0,109.0,191955.5976567724,,1762.339442414951633853,,151.024608,,192094.999223229728089995,,,,
2018-09-09,120.0,,0.0,,689.407100069417,,,,,,100000000.0,114.0,114.0,145052.17597836006,,1289.843292356682086001,,113.26845575,,147042.135328661757804135,,,,
2018-09-10,74.0,,0.0,,325.13903184843,,,,,,100000000.0,70.0,70.0,307560.7361918242,,4393.724802740346052147,,280.4142665,,307560.736191824223650294,,,,
2018-09-11,165.0,,0.0,,87.888273601554,,,,,,100000000.0,156.0,156.0,1137808.2183449725,,7310.244606670906758943,,37.378,,1140398.15864066145439507,,,,
2018-09-12,21.0,,0.0,,1478.519977763432,,,,,,100000000.0,18.0,18.0,67635.2037875543,,3757.5113215307942849,,1812.6154929250001,,67635.203787554297128203,,,,
2018-09-13,65.0,,0.0,,71.875214097399,,,,,,100000000.0,57.0,57.0,1391300.2034955914,,25957.414291098196337237,,1555.98282106,,1479572.614592597191222521,,,,
2018-09-14,65.0,,0.0,,661.277180435605,,,,,,100000000.0,52.0,52.0,151222.51751395199,,3392.184992097892956738,,763.97871043,,176393.619589090433750381,,,,
2018-09-15,24.0,,0.0,,5159.43054733151,,,,,,100000000.0,16.0,16.0,19381.98393846403,,1297.849192009626638244,,326.3816396394392,,20765.587072154026211898,,,,
2018-09-16,23.0,,0.0,,1454.23915547221,,,,,,100000000.0,31.0,31.0,68764.4804664393,,2223.110452606636516649,,3104.0,,68916.424030805732016119,,,,
2018-09-17,36.0,,0.0,,995.093718967216,,,,,,100000000.0,28.0,28.0,100493.0471310658,,3672.298905219605875118,,418.28958936666663,,102824.369346148964503306,,,,
2018-09-18,32.0,,0.0,,2411.167871095857,,,,,,100000000.0,21.0,21.0,41473.678045714325,,2022.270383129253652611,,370.59,,42467.67804571432670484,,,,
2018-09-19,28.0,,0.0,,1152.332998745229,,,,,,100000000.0,17.0,17.0,86780.47067027463,,5162.611854015318236107,,486.55525843577294,,87764.401518260410013811,,,,
2018-09-20,17.0,,0.0,,12163.030018746809,,,,,,100000000.0,10.0,10.0,8221.6355501771,,822.1635550177,,80.80404728855,,8221.6355501771,,,,
2018-09-21,43.0,,0.0,,114.706832763957,,,,,,100000000.0,50.0,50.0,871787.6484810574,,18915.652969621153969211,,2923.1,,945782.648481057698460559,,,,
2018-09-22,26.0,,0.0,,2738.2332510639,,,,,,100000000.0,17.0,17.0,36519.89835458556,,2193.170491446209360818,,807.1238,,37283.898354585559133909,,,,
2018-09-23,27.0,,0.0,,1255.681249171389,,,,,,100000000.0,23.0,23.0,79638.04513764057,,3530.106382795966444927,,1554.4016666666666,,81192.446804307228233332,,,,
2018-09-24,16.0,,0.0,,218.443015152415,,,,,,100000000.0,12.0,12.0,457785.29439463565,,38148.774532886305555556,,1437.3325,,457785.294394635666666666,,,,
2018-09-25,132.0,,0.0,,327.418043339497,,,,,,100000000.0,31.0,124.0,305419.9425909798,,3618.595232294161265734,,425.4719645444148,,448705.808804475996951,,,,
2018-09-26,29.0,,0.0,,303.13368802667,,,,,,100000000.0,27.0,27.0,329887.452136966,,12443.760645039353693199,,3131.88886852,,335981.537416062549716378,,,,
2018-09-27,31.0,,0.0,,3388.418564185302,,,,,,100000000.0,19.0,19.0,29512.292565320546,,1959.654505248912148956,,773.0409306,,37233.435599729330830169,,,,
2018-09-28,28.0,,0.0,,246.556474681891,,,,,,100000000.0,20.0,20.0,405586.5907760922,,20402.955538804612878567,,1491.850448395,,408059.110776092257571346,,,,
2018-09-29,46.0,,0.0,,300.473613437751,,,,,,100000000.0,45.0,45.0,332807.9256474112,,7591.747044708199529252,,1393.6,,341628.617011868978816351,,,,
2018-09-30,22.0,,0.0,,1968.63798046824,,,,,,100000000.0,12.0,12.0,50796.54105637799,,4233.045088031499237514,,840.516980495,,50796.541056377990850171,,,,
2018-10-01,21.0,,0.0,,3829.58865107269,,,,,,100000000.0,11.0,11.0,26112.465100393856,,2373.860463672168735681,,1000.0,,26112.465100393856092488,,,,
2018-10-02,36.0,,0.0,,2027.693463530309,,,,,,100000000.0,25.0,25.0,49317.11908065992,,2071.152887489442446064,,246.34354636323806,,51778.822187236061151603,,,,
2018-10-03,47.0,,0.0,,600.315296013329,,,,,,100000000.0,42.0,42.0,166579.13044044713,,4097.549718077114842332,,2952.5,,172097.088159238823377934,,,,
2018-10-04,30.0,,0.0,,512.200784160333,,,,,,100000000.0,41.0,40.0,195235.93694596365,,5335.981648368505079292,,3047.0,,213439.265934740203171674,,,,
2018-10-05,96.0,,0.0,,254.33115490415,,,,,,100000000.0,93.0,93.0,393188.164610376,,4364.744235061845370537,,2949.0,,405921.213860751619459917,,,,
2018-10-06,43.0,,0.0,,608.668093491597,,,,,,100000000.0,55.0,55.0,164293.15265460117,,2987.83470557093049204,,2170.1670808141794,,164330.908806401177062206,,,,
2018-10-07,34.0,,0.0,,1073.626778081471,,,,,,100000000.0,31.0,31.0,93142.23717360712,,3042.756849543991183522,,1237.53673568,,94325.46233586372668918,,,,
2018-10-08,26.0,,0.0,,947.145828854473,,,,,,100000000.0,21.0,21.0,105580.36255192629,,5027.636311996489913224,,1793.88,,105580.362551926288177699,,,,
2018-10-09,59.0,,0.0,,329.781652721521,,,,,,100000000.0,58.0,58.0,303230.9383337448,,5231.264407768412705559,,1584.565,,303413.335650567936922422,,,,
2018-10-10,38.0,,0.0,,835.282720057266,,,,,,100000000.0,37.0,37.0,119719.94343800638,,3573.511984810983055708,,2862.0,,132219.94343800637306121,,,,
2018-10-11,288.0,,0.0,,40.81198394415,,,,,,100000000.0,337.0,335.0,2450260.6914882613,,7525.688433832357070815,,2118.58550841,,2521105.62533383961872314,,,,
2018-10-12,187.0,,0.0,,13.908757784411,,,,,,100000000.0,259.0,258.0,7189714.67833614,,27927.22537509195630202,,2853.0,,7205224.14677372472592107,,,,
2018-10-13,67.0,,0.0,,68.881822095418,,,,,,100000000.0,98.0,98.0,1451761.8285630634,,14834.79493028068888414,,2787.0,,1453809.903167507510645685,,,,
2018-10-14,63.0,,0.0,,192.194968761518,,,,,,100000000.0,106.0,106.0,520304.9832385756,,4913.104038336881181033,,2664.5,,520789.028063709405189476,,,,
2018-10-15,74.0,,0.0,,141.698854111339,,,,,,100000000.0,97.0,97.0,705722.0090250397,,7279.145366420939297735,,2612.0,,706077.10054283111188025,,,,
2018-10-16,95.0,,0.0,,76.048530142888,,,,,,100000000.0,131.0,131.0,1314949.8065525896,,10419.311500401448278519,,2584.0,,1364929.806552589724485985,,,,
2018-10-17,74.0,,0.0,,76.202284740519,,,,,,100000000.0,81.0,81.0,1312296.6107973796,,22080.025869320245578987,,2267.64435724,,1788482.095414939891897947,,,,
2018-10-18,64.0,,0.0,,142.270565871933,,,,,,100000000.0,66.0,66.0,702886.0775743056,,10651.130596383898604049,,1803.0,,702974.619361337307867239,,,,
2018-10-19,66.0,,0.0,,503.735792735342,,,,,,100000000.0,62.0,62.0,198516.7650227687,,3201.883306818849162819,,997.0,,198516.765022768648094795,,,,
2018-10-20,47.0,,0.0,,413.364014419586,,,,,,100000000.0,44.0,44.0,241917.52671168593,,5498.125607083771411398,,1397.0522600673157,,241917.526711685942101491,,,,
2018-10-21,83.0,,0.0,,52.194221472388,,,,,,100000000.0,95.0,95.0,1915920.9042499466,,20169.791749999438692622,,2615.0,,1916130.216249946675799091,,,,
2018-10-22,43.0,,0.0,,986.389088139802,,,,,,100000000.0,36.0,36.0,101379.87250911974,,2825.96689830693481502,,770.61145371,,101734.808339049653340725,,,,
2018-10-23,57.0,,0.0,,111.399500148043,,,,,,100000000.0,51.0,53.0,897670.096069609,,16942.43647680990336969,,826.6261519,,897949.13327092487859366,,,,
2018-10-24,134.0,,0.0,,476.159706964858,,,,,,100000000.0,143.0,142.0,210013.5701053352,,1478.968803558698356603,,82.4033307770045,,210013.570105335166637562,,,,
2018-10-25,269.0,,0.0,,132.909927710114,,,,,,100000000.0,286.0,311.0,752389.2437749807,,2420.55688012328771434,,103.36795644808885,,752793.189718342479159621,,,,
2018-10-26,221.0,,0.0,,30.71478649129,,,,,,100000000.0,229.0,228.0,3255760.870366373,,14280.678635336839250655,,71.78550534257127,,3255994.72885679934914943,,,,
2018-10-27,145.0,,0.0,,265.191037732819,,,,,,100000000.0,131.0,132.0,377086.64989180537,,2856.717044634888944981,,56.6342278,,377086.649891805340737541,,,,
2018-10-28,27.0,,0.0,,17.50468288149,,,,,,100000000.0,22.0,22.0,5712757.019194293,,259670.773599740599625786,,1091.491572338789,,5712757.019194293191767297,,,,
2018-10-29,110.0,,0.0,,246.293023819535,,,,,,100000000.0,105.0,105.0,406020.43228505086,,3866.861259857626924158,,94.3903797,,406020.432285050827036594,,,,
2018-10-30,1722.0,,0.0,,51.126839190878,,,,,,100000000.0,1722.0,1722.0,1955919.8570179113,,1135.84196110215784971,,37.7561519,,1955919.857017915817201178,,,,
2018-10-31,338.0,,0.0,,404.717026733896,,,,,,100000000.0,341.0,344.0,247086.21924560284,,719.698773786236866688,,37.75,,247576.378182465482140546,,,,
2018-11-01,24.0,,0.0,,3191.02397069459,,,,,,100000000.0,21.0,21.0,31337.90310520074,,1492.281100247654382099,,480.27657028029853,,31337.903105200742024069,,,,
2018-11-02,38.0,,0.0,,1674.312928821215,,,,,,100000000.0,29.0,29.0,59725.991646259405,,2092.420687918483656065,,316.74893546054784,,60680.199949636026025899,,,,
2018-11-03,39.0,,0.0,,2189.25993291258,,,,,,100000000.0,33.0,33.0,45677.53627453481,,1485.864735591963712916,,247.7514513864197,,49033.536274534802526243,,,,
2018-11-04,22.0,,0.0,,9467.440249359101,,,,,,100000000.0,17.0,17.0,10562.517149951858,,621.32453823246218201,,78.98533698,,10562.517149951857094171,,,,
2018-11-05,33.0,,0.0,,1424.727897160006,,,,,,100000000.0,26.0,26.0,70188.84111087873,,2699.57081195687410188,,55.0780759,,70188.841110878726648876,,,,
2018-11-06,45.0,,0.0,,894.342380124404,,,,,,100000000.0,50.0,50.0,111814.00123976002,,2236.65758631,,127.17,,111832.87931566,,,,
2018-11-07,44.0,,0.0,,55.062977813376,,,,,,100000000.0,54.0,54.0,1816102.288164075,,33631.523854890275659908,,4570.00965,,1816102.28816407488563502,,,,
2018-11-08,58.0,,0.0,,194.895075116219,,,,,,100000000.0,56.0,56.0,513096.5979533766,,9162.439249167439465641,,1937.075,,513096.597953376610075881,,,,
2018-11-09,47.0,,0.0,,1924.127444687123,,,,,,100000000.0,40.0,40.0,51971.60940462586,,1299.290235115646590526,,18.8780759,,51971.609404625863621023,,,,
2018-11-10,67.0,,0.0,,212.231914028506,,,,,,100000000.0,59.0,59.0,471182.6704185888,,7986.146956247268147742,,429.78224179,,471182.670418588820716804,,,,
2018-11-11,48.0,,0.0,,796.127163002377,,,,,,100000000.0,35.0,35.0,125608.07449764332,,3590.420249298381133925,,56.6342278,,125664.708725443339687381,,,,
2018-11-12,65.0,,0.0,,254.425124018351,,,,,,100000000.0,62.0,62.0,393042.94489716867,,6339.402337051107092015,,670.7547,,393042.944897168639704928,,,,
2018-11-13,64.0,,0.0,,74.607379375736,,,,,,100000000.0,60.0,60.0,1340349.9873166976,,22364.02189722038815643,,1425.54652315,,1341841.313833223289385809,,,,
2018-11-14,155.0,,0.0,,76.75272985043,,,,,,100000000.0,97.0,155.0,1302885.25495931,,8453.646806189096382701,,4086.0,,1310315.254959309939318732,,,,
2018-11-15,46.0,,0.0,,1271.478863856317,,,,,,100000000.0,39.0,38.0,78648.57438267289,,2265.225641649286943,,493.0146458082259,,86078.57438267290385,,,,
2018-11-16,83.0,,0.0,,204.089763950907,,,,,,100000000.0,77.0,76.0,489980.4775317123,,6453.875585922594415953,,514.0669984048453,,490494.544530117175612412,,,,
2018-11-17,103.0,,0.0,,1008.696579176372,,,,,,100000000.0,96.0,96.0,99137.83992571154,,1036.957181840123282538,,65.8171139,,99547.88945665183512362,,,,
2018-11-18,202.0,,0.0,,186.991580205248,,,,,,100000000.0,202.0,202.0,534783.4372555008,,2652.504313131295133764,,75.5123038,,535805.871252521617020269,,,,
2018-11-19,180.0,,0.0,,23.232616601614,,,,,,100000000.0,191.0,191.0,4304293.473041422,,23048.164947860849979407,,1259.4035919,,4402199.50504142234606677,,,,
2018-11-20,125.0,,0.0,,64.662625111259,,,,,,100000000.0,143.0,143.0,1546488.4054419317,,10868.908254647170137534,,1807.1079778439164,,1554253.880414545329667404,,,,
2018-11-21,69.0,,0.0,,363.274595552475,,,,,,100000000.0,64.0,64.0,275273.85956597945,,4303.433060027329926378,,150.0,,275419.715841749115288183,,,,
2018-11-22,88.0,,0.0,,174.194965265926,,,,,,100000000.0,87.0,87.0,574069.4046314134,,6615.780398062221045723,,80.68059726,,575572.894631413230977931,,,,
2018-11-23,71.0,,0.0,,120.038332174142,,,,,,100000000.0,65.0,65.0,833067.2226845705,,12828.637272070311709708,,37.7561519,,833861.422684570261131026,,,,
2018-11-24,93.0,,0.0,,802.205026831073,,,,,,100000000.0,84.0,84.0,124656.41158473791,,1484.00489981830839979,,56.6342278,,124656.411584737905582383,,,,
2018-11-25,66.0,,0.0,,594.70931706158,,,,,,100000000.0,60.0,60.0,168149.3750494669,,2827.475540390449361205,,103.82941785,,169648.532423426961672322,,,,
2018-11-26,54.0,,0.0,,978.145116356487,,,,,,100000000.0,52.0,52.0,102234.31914938359,,2009.446731770066178636,,79.75940664760893,,104491.230052043441289083,,,,
2018-11-27,26.0,,0.0,,104.019703637528,,,,,,100000000.0,20.0,20.0,961356.3248407696,,48067.816242038490862601,,595.7553597949086,,961356.324840769817252023,,,,
2018-11-28,38.0,,0.0,,148.741638961692,,,,,,100000000.0,32.0,32.0,672306.697022174,,21009.584281942939770833,,2006.285,,672306.697022174072666643,,,,
2018-11-29,37.0,,0.0,,1993.699008318925,,,,,,100000000.0,27.0,27.0,50158.02264170228,,1857.704542285269032442,,132.1465315,,50158.022641702263875923,,,,
2018-11-30,17.0,,0.0,,673.706249152073,,,,,,100000000.0,13.0,13.0,148432.64423605998,,11417.89571047,,165.7308,,148432.64423606,,,,
2018-12-01,23.0,,0.0,,841.072118599015,,,,,,100000000.0,18.0,18.0,118895.86848577425,,6605.326026987458751422,,39.0,,118895.868485774257525603,,,,
2018-12-02,29.0,,0.0,,927.246886835461,,,,,,100000000.0,20.0,20.0,107846.14261826564,,5397.012064593873,,94.098673611803,,107940.241291877453,,,,
2018-12-03,25.0,,0.0,,479.388398269709,,,,,,100000000.0,20.0,20.0,208599.12413595556,,10429.956206797778963814,,1285.16651778,,208599.124135955579276272,,,,
2018-12-04,34.0,,0.0,,240.181165229815,,,,,,100000000.0,32.0,32.0,416352.38093842997,,13240.04450433,,5212.58,,423681.42413843,,,,
2018-12-05,47.0,,0.0,,319.035648145114,,,,,,100000000.0,42.0,42.0,313444.596493853,,7462.966583186975860476,,1011.594,,313444.596493852986139983,,,,
2018-12-06,27.0,,0.0,,4345.364666280831,,,,,,100000000.0,19.0,19.0,23013.028291038536,,1211.212015317817530666,,66.712608,,23013.028291038533082645,,,,
2018-12-07,32.0,,0.0,,149.464499140384,,,,,,100000000.0,25.0,25.0,669055.1975561457,,26762.207902245826528373,,463.07106028,,669055.19755614566320932,,,,
2018-12-08,32.0,,0.0,,1170.556362422612,,,,,,100000000.0,26.0,26.0,85429.46175871238,,3338.499756681948483967,,443.0449,,86800.993673730660583147,,,,
2018-12-09,22.0,,0.0,,2234.247004614168,,,,,,100000000.0,19.0,19.0,44757.80869057,,2355.67414161,,169.902684,,44757.80869057,,,,
2018-12-10,26.0,,0.0,,1272.35537446847,,,,,,100000000.0,23.0,23.0,78594.39430731001,,3417.14757858,,56.6342278,,78594.39430731,,,,
2018-12-11,23.0,,0.0,,155.693702843551,,,,,,100000000.0,20.0,20.0,642286.7346181944,,32114.336730909720118594,,569.059729182289,,642286.734618194402371884,,,,
2018-12-12,75.0,,0.0,,33.087754630083,,,,,,100000000.0,75.0,75.0,3022266.125882122,,40296.881678428301464738,,1300.0,,3022266.12588212260985538,,,,
2018-12-13,50.0,,0.0,,118.818118964629,,,,,,100000000.0,60.0,60.0,841622.4804044323,,14176.583302429871259319,,3252.959260945,,850594.998145792275559154,,,,
2018-12-14,38.0,,0.0,,653.297200948458,,,,,,100000000.0,35.0,35.0,153069.68995859756,,4373.41971310278798003,,697.47494875,,153069.689958597579301055,,,,
2018-12-15,35.0,,0.0,,368.256769525426,,,,,,100000000.0,43.0,43.0,271549.65848657803,,8789.434519693692694039,,5329.4225,,377945.684346828785843698,,,,
2018-12-16,27.0,,0.0,,591.799901109307,,,,,,100000000.0,22.0,22.0,168976.03364338816,,7697.573801972190713345,,500.81866149999996,,169346.623643388195693582,,,,
2018-12-17,32.0,,0.0,,657.734451791504,,,,,,100000000.0,22.0,22.0,152037.04128258,,6947.11221739,,900.0,,152836.46878258,,,,
2018-12-18,31.0,,0.0,,1980.334937667625,,,,,,100000000.0,23.0,23.0,50496.50849354645,,2199.604298836801967376,,357.0626579917224,,50590.898873246445249647,,,,
2018-12-19,61.0,,0.0,,74.980432940268,,,,,,100000000.0,68.0,68.0,1333681.282951018,,19980.607102220850420488,,3250.0,,1358681.282951017828593191,,,,
2018-12-20,62.0,,0.0,,229.371132825101,,,,,,100000000.0,58.0,58.0,435974.65281845786,,8226.238978222365743062,,1302.7455794950001,,477121.860736897213097575,,,,
2018-12-21,144.0,,0.0,,68.068751605266,,,,,,100000000.0,44.0,138.0,1469102.8943780905,,11114.135978459193030206,,495.95911832258867,,1533750.765027368638168433,,,,
2018-12-22,25.0,,0.0,,1769.443117041578,,,,,,100000000.0,19.0,19.0,56514.956054193535,,3056.281985308431018453,,1554.4016666666666,,58069.357720860189350615,,,,
2018-12-23,18.0,,0.0,,513.123607892068,,,,,,100000000.0,13.0,13.0,194884.8161767571,,14991.13970590439509072,,592.5945367921362,,194884.816176757136179362,,,,
2018-12-24,32.0,,0.0,,114.760911079035,,,,,,100000000.0,29.0,29.0,871376.8395506274,,30081.556191400944234327,,2449.8397545679795,,872365.129550627382795477,,,,
2018-12-25,21.0,,0.0,,1038.553171755312,,,,,,100000000.0,16.0,16.0,96287.79991204967,,6017.987494503104666031,,1899.9782808543396,,96287.799912049674656499,,,,
2018-12-26,18.0,,0.0,,695.259480941697,,,,,,100000000.0,13.0,12.0,143831.19215369,,11985.93267947,,2731.2608176599997,,143831.19215369,,,,
2018-12-27,27.0,,0.0,,65.589598664104,,,,,,100000000.0,39.0,39.0,1524631.9848992839,,39093.127817930358204129,,3632.3558755,,1524631.984899283969961028,,,,
2018-12-28,27.0,,0.0,,206.918483893751,,,,,,100000000.0,22.0,22.0,483282.10277893004,,21967.36830813,,7209.0,,483282.10277893,,,,
2018-12-29,24.0,,0.0,,1064.555539035838,,,,,,100000000.0,18.0,18.0,93935.91628912985,,5266.735904951658025451,,158.578950345,,94801.246289129844458126,,,,
2018-12-30,25.0,,0.0,,117.882343384065,,,,,,100000000.0,24.0,24.0,848303.4619883348,,37110.891228680615651015,,10000.065000079947,,890661.389488334775624353,,,,
2018-12-31,39.0,,0.0,,119.613039206014,,,,,,100000000.0,34.0,34.0,836029.2545344188,,24589.095721600556166979,,6757.028208877637,,836029.254534418909677276,,,,
2019-01-01,31.0,,0.0,,23.433541934003,,,,,,100000000.0,27.0,27.0,4267387.332296398,,158051.382677644401693207,,2000.0,,4267387.332296398845716583,,,,
2019-01-02,14.0,,0.0,,296.716246727924,,,,,,100000000.0,9.0,9.0,337022.32723270997,,37446.92524808,,4555.95182062,,337022.32723271,,,,
2019-01-03,16.0,,0.0,,2619.506901566748,,,,,,100000000.0,12.0,12.0,38175.12369988,,3275.17697499,,1127.0,,39302.12369988,,,,
2019-01-04,69.0,,0.0,,152.102655950493,,,,,,100000000.0,63.0,63.0,657450.7156045199,,10435.72564451619047619,,1000.0,,657450.715604519999999999,,,,
2019-01-05,27.0,,0.0,,717.334558214148,,,,,,100000000.0,22.0,22.0,139404.96642035013,,6354.270144950799128212,,1156.2107008783512,,139793.943188917580820663,,,,
2019-01-06,12.0,,0.0,,9842.000047760191,,,,,,100000000.0,8.0,8.0,10160.53642702,,1270.06705338,,1090.7366889099999,,10160.53642702,,,,
2019-01-07,14.0,,0.0,,3018.005005623184,,,,,,100000000.0,10.0,10.0,33134.47121978883,,3313.447121978882958444,,1837.17653795,,33134.471219788829584445,,,,
2019-01-08,10.0,,0.0,,17228.429346261091,,,,,,100000000.0,5.0,5.0,5804.359642436121,,1160.871928487224199969,,1790.0,,5804.359642436120999847,,,,
2019-01-09,30.0,,0.0,,2267.56767571541,,,,,,100000000.0,24.0,24.0,44100.11708623,,1946.51737859,,976.621955695,,46716.41708623,,,,
2019-01-10,34.0,,0.0,,124.299383628116,,,,,,100000000.0,26.0,26.0,804509.2186392802,,30942.66225536,,6329.874886924999,,804509.21863928,,,,
2019-01-11,23.0,,0.0,,3139.469744393513,,,,,,100000000.0,16.0,15.0,31852.512730399998,,2262.00059426,,506.7561519,,33930.00891387,,,,
2019-01-12,25.0,,0.0,,633.780216558377,,,,,,100000000.0,21.0,21.0,157783.40406873383,,7513.495431844468128237,,4196.915,,157783.40406873383069298,,,,
2019-01-13,9.0,,0.0,,3544.268199830914,,,,,,100000000.0,8.0,8.0,28214.56909067172,,4275.855406987088918804,,3612.261310873365,,34206.843255896711350434,,,,
2019-01-14,7.0,,0.0,,5059.820399147219,,,,,,100000000.0,4.0,4.0,19763.547341888654,,4940.88683547216295664,,4691.590993544326,,19763.54734188865182656,,,,
2019-01-15,15.0,,0.0,,389.64389176288,,,,,,100000000.0,12.0,12.0,256644.59809075002,,21387.0498409,,151.02460739999998,,256644.59809075,,,,
2019-01-16,15.0,,0.0,,2984.765133741891,,,,,,100000000.0,10.0,10.0,33503.47364673,,3350.34736467,,18.8780759,,33503.47364673,,,,
2019-01-17,7.0,,0.0,,310.294302645381,,,,,,100000000.0,6.0,6.0,322274.6893754117,,53712.448229235293419028,,59794.51677432,,322274.689375411760514171,,,,
2019-01-18,10.0,,0.0,,2369.375752187454,,,,,,100000000.0,5.0,5.0,42205.20949776667,,8441.041899553333333333,,600.4456,,42205.209497766666666666,,,,
2019-01-19,6.0,,0.0,,3453.726627612215,,,,,,100000000.0,4.0,4.0,28954.2314092,,7238.5578523,,7116.357395585001,,28954.2314092,,,,
2019-01-20,11.0,,0.0,,1553.752526848925,,,,,,100000000.0,8.0,7.0,64360.31367415,,9194.33052488,,1555.99608091,,64360.31367415,,,,
2019-01-21,11.0,,0.0,,20216.729718575785,,,,,,100000000.0,6.0,6.0,4946.39842309,,1078.20140384833332,,925.235348275,,6469.20842308999995,,,,
2019-01-22,8.0,,0.0,,11785.987706924089,,,,,,100000000.0,5.0,5.0,8484.651646229999,,1696.93032925,,601.25118759,,8484.65164623,,,,
2019-01-23,13.0,,0.0,,1635.284741505092,,,,,,100000000.0,9.0,9.0,61151.429755261765,,6794.60330614019560713,,327.66069654999995,,61151.429755261760464171,,,,
2019-01-24,55.0,,0.0,,93.354841085934,,,,,,100000000.0,80.0,80.0,1071181.7280900152,,13522.340507375191124077,,4906.75617781,,1081787.240590015289926186,,,,
2019-01-25,24.0,,0.0,,219.929314429441,,,,,,100000000.0,26.0,26.0,454691.54605164006,,17488.1363866,,5154.40938604,,454691.54605164,,,,
2019-01-26,19.0,,0.0,,931.635353566956,,,,,,100000000.0,21.0,21.0,107338.13354884999,,5111.3396928,,2833.83920142,,107338.13354885,,,,
2019-01-27,22.0,,0.0,,898.174500959354,,,,,,100000000.0,16.0,15.0,111336.93941788425,,7422.46262785895056551,,220.002943,,111336.939417884258482653,,,,
2019-01-28,20.0,,0.0,,4719.401358680036,,,,,,100000000.0,15.0,14.0,21189.128111784263,,1513.509150841732748761,,686.284163725,,21189.128111784258482651,,,,
2019-01-29,24.0,,0.0,,255.820083927681,,,,,,100000000.0,22.0,22.0,390899.72321434075,,17768.169237015486100853,,11364.5,,390899.723214340694218774,,,,
2019-01-30,18.0,,0.0,,1557.058965634972,,,,,,100000000.0,12.0,12.0,64223.64355303642,,5351.970296086367573086,,2277.2471874000003,,64223.643553036410877036,,,,
2019-01-31,15.0,,0.0,,314.601052396612,,,,,,100000000.0,18.0,18.0,317862.89091599034,,17659.049495332796682403,,11511.5,,317862.890915990340283262,,,,
2019-02-01,12.0,,0.0,,22.424746232143,,,,,,100000000.0,10.0,10.0,4459359.270548381,,445935.92705484,,130181.05217402,,4459359.27054838,,,,
2019-02-02,9.0,,0.0,,8006.532863594982,,,,,,100000000.0,5.0,5.0,12489.800729438259,,2497.96014588765171564,,142.61382676912928,,12489.800729438258578202,,,,
2019-02-03,8.0,,0.0,,46774.211896658151,,,,,,100000000.0,4.0,4.0,2137.930195829652,,534.482548957412897952,,207.6761327898258,,2137.930195829651591808,,,,
2019-02-04,14.0,,0.0,,9.450191263697,,,,,,100000000.0,11.0,11.0,10581796.411269497,,961981.491933590743770145,,1276.4158936332444,,10581796.411269498181471596,,,,
2019-02-05,12.0,,0.0,,1941.389905903258,,,,,,100000000.0,8.0,8.0,51509.48796835,,6438.68599604,,3584.0,,51509.48796835,,,,
2019-02-06,12.0,,0.0,,12740.837578459029,,,,,,100000000.0,9.0,9.0,7848.777553609999,,872.08639485,,633.97567501,,7848.77755361,,,,
2019-02-07,0.0,,0.0,,,,,,,,100000000.0,0.0,0.0,0.0,,,,,,0.0,,,,
2019-02-08,24.0,,0.0,,1605.240448335159,,,,,,100000000.0,18.0,18.0,62295.96326439,,4495.612202701138727845,,1676.8480759,,80921.019648620497101205,,,,
2019-02-09,5.0,,0.0,,4468.234455885673,,,,,,100000000.0,3.0,3.0,22380.2043038,,7460.06810127,,75.5123038,,22380.2043038,,,,
2019-02-10,14.0,,0.0,,10361.242509037662,,,,,,100000000.0,9.0,9.0,9651.352133952501,,1072.372459328055661456,,800.0,,9651.352133952500953106,,,,
2019-02-11,17.0,,0.0,,439.244097360402,,,,,,100000000.0,15.0,15.0,227663.84477547,,15177.5896517,,4723.89080437,,227663.84477547,,,,
2019-02-12,22.0,,0.0,,1933.210971713082,,,,,,100000000.0,17.0,17.0,51727.41178444,,3042.7889285,,1874.15,,51727.41178444,,,,
2019-02-13,10.0,,0.0,,4620.535863911506,,,,,,100000000.0,6.0,6.0,21642.511376450002,,3607.085229408334,,917.686776225,,21642.511376450002,,,,
2019-02-14,8.0,,0.0,,4251.752260637597,,,,,,100000000.0,7.0,7.0,23519.714665831423,,3463.186518466120217039,,2314.5136,,24242.305629262841519272,,,,
2019-02-15,25.0,,0.0,,533.866411834337,,,,,,100000000.0,18.0,18.0,187312.77672331026,,10406.265373517238050794,,3895.0654999999997,,187312.776723310284914284,,,,
2019-02-16,29.0,,0.0,,891.792858998561,,,,,,100000000.0,22.0,22.0,112133.66309335001,,5853.07559515,,1242.6510759999999,,128767.66309335,,,,
2019-02-17,41.0,,0.0,,765.547144331419,,,,,,100000000.0,35.0,35.0,130625.52808205396,,4013.660414252627651619,,1506.99135841,,140478.114498841967806671,,,,
2019-02-18,20.0,,0.0,,17.824843036796,,,,,,100000000.0,14.0,13.0,5610147.578498588,,431549.813730660614165143,,4696.004295951323,,5610147.578498587984146854,,,,
2019-02-19,35.0,,0.0,,87.776057794891,,,,,,100000000.0,29.0,29.0,1139262.8298900544,,39325.714641036362733905,,1490.0,,1140445.724590054519283239,,,,
2019-02-20,18.0,,0.0,,336.409125879444,,,,,,100000000.0,15.0,15.0,297257.09651478427,,19817.139767652283472923,,5468.9810435242525,,297257.096514784252093847,,,,
2019-02-21,16.0,,0.0,,1807.654159766997,,,,,,100000000.0,10.0,10.0,55320.31636676,,5532.03163668,,1493.79856424,,55320.31636676,,,,
2019-02-22,13.0,,0.0,,350.664005500136,,,,,,100000000.0,11.0,11.0,285173.26680671005,,25924.842436973636480132,,5646.53,,285173.266806710001281453,,,,
2019-02-23,15.0,,0.0,,409.276182054156,,,,,,100000000.0,13.0,13.0,244333.78824562998,,18794.90678813,,5486.96052189,,244333.78824563,,,,
2019-02-24,21.0,,0.0,,2369.561987515615,,,,,,100000000.0,14.0,14.0,42201.89238638393,,3014.4208847417093296,,1865.0,,42201.8923863839306138,,,,
2019-02-25,11.0,,0.0,,7862.466819522427,,,,,,100000000.0,7.0,7.0,12718.654627794549,,1816.950661113506889603,,423.2900570339306,,12718.654627794548227219,,,,
2019-02-26,22.0,,0.0,,209.436994829228,,,,,,100000000.0,25.0,25.0,477470.56379193533,,19339.622551677412379204,,2986.0,,483490.563791935309480095,,,,
2019-02-27,19.0,,0.0,,1012.179506244552,,,,,,100000000.0,18.0,17.0,98796.70491554,,5811.57087738,,2009.57114353,,98796.70491554,,,,
2019-02-28,8.0,,0.0,,11981.388090597027,,,,,,100000000.0,5.0,5.0,8346.278348038808,,1669.255669607761806624,,1173.9268914567547,,8346.278348038809033122,,,,
2019-03-01,23.0,,0.0,,152.385908917404,,,,,,100000000.0,14.0,13.0,656228.6546730637,,50653.642105620270389161,,2170.9979729317574,,658497.347373063515059092,,,,
2019-03-02,14.0,,0.0,,11027.118956899521,,,,,,100000000.0,8.0,8.0,9068.55184848,,1196.06898106,,500.0,,9568.55184848,,,,
2019-03-03,12.0,,0.0,,14033.043040527406,,,,,,100000000.0,7.0,7.0,7126.038145197742,,1018.00544931396295675,,250.0,,7126.03814519774069726,,,,
2019-03-04,8.0,,0.0,,2429.508219564187,,,,,,100000000.0,6.0,6.0,41160.59340517,,6860.09890086,,2628.8803626950003,,41160.59340517,,,,
2019-03-05,22.0,,0.0,,32.193290188616,,,,,,100000000.0,22.0,22.0,3106237.3374735625,,141248.527212434640716391,,1454.4580759,,3107467.59867356209576061,,,,
2019-03-06,31.0,,0.0,,155.511423799234,,,,,,100000000.0,25.0,25.0,643039.5758519995,,25721.583034079978190272,,1162.2004,,643039.575851999454756793,,,,
2019-03-07,27.0,,0.0,,127.126268844073,,,,,,100000000.0,50.0,50.0,786619.483992367,,15732.389679847340213382,,8683.27059112,,786619.483992367010669095,,,,
2019-03-08,22.0,,0.0,,19.080310539773,,,,,,100000000.0,34.0,34.0,5241004.845887992,,154147.201349646816178548,,13405.7506,,5241004.845887991750070623,,,,
2019-03-09,32.0,,0.0,,491.851970539047,,,,,,100000000.0,34.0,34.0,203313.20395119,,5979.8295279761765,,1994.5999080000001,,203314.2039511899999,,,,
2019-03-10,26.0,,0.0,,133.307914955966,,,,,,100000000.0,19.0,19.0,750143.0056349739,,39481.210822893363374291,,1658.06,,750143.005634973904111522,,,,
2019-03-11,69.0,,0.0,,6.214222201039,,,,,,100000000.0,62.0,62.0,16092118.492847772,,267488.918352383487860937,,2194.445,,16584312.937847776247378122,,,,
2019-03-12,26.0,,0.0,,99.687381762385,,,,,,100000000.0,28.0,28.0,1003135.986040446,,35826.285215730210790221,,11271.23,,1003135.986040445902126193,,,,
2019-03-13,152.0,,0.0,,53.859041877903,,,,,,100000000.0,46.0,140.0,1856698.4579246293,,13283.040429899301951522,,643.6627155928327,,1859625.660185902273213144,,,,
2019-03-14,45.0,,0.0,,75.643464379962,,,,,,100000000.0,35.0,34.0,1321991.276043283,,38882.096354214207024459,,1276.873749995,,1321991.276043283038831599,,,,
2019-03-15,21.0,,0.0,,326.998760711784,,,,,,100000000.0,14.0,14.0,305811.55654023995,,21843.6826100171428,,825.9404357799999,,305811.5565402399999,,,,
2019-03-16,25.0,,0.0,,1029.352507179144,,,,,,100000000.0,17.0,17.0,97148.44944035917,,5714.614672962303977634,,541.5433333333333,,97148.449440359167619774,,,,
2019-03-17,18.0,,0.0,,2109.622011601825,,,,,,100000000.0,13.0,13.0,47401.85656484999,,3646.29665883,,1945.0,,47401.85656485,,,,
2019-03-18,71.0,,0.0,,107.223839257382,,,,,,100000000.0,63.0,63.0,932628.4219310426,,15230.275647046180032123,,1339.300424,,959507.365763909342023773,,,,
2019-03-19,47.0,,0.0,,19.342000223184,,,,,,100000000.0,47.0,46.0,5170096.104131687,,114046.399002862760972153,,4631.745,,5246134.354131687004719032,,,,
2019-03-20,28.0,,0.0,,164.049867000999,,,,,,100000000.0,20.0,20.0,609570.74716428,,30478.537358214,,1603.212,,609570.7471642800003,,,,
2019-03-21,32.0,,0.0,,389.866648837722,,,,,,100000000.0,32.0,32.0,256497.9597462928,,8129.586221259150735743,,3274.10021258,,260146.759080292823543785,,,,
2019-03-22,38.0,,0.0,,329.55427701289,,,,,,100000000.0,50.0,50.0,303440.1522760048,,6535.03570872357776232,,2163.428582565,,326751.785436178888115982,,,,
2019-03-23,15.0,,0.0,,1408.652898091662,,,,,,100000000.0,12.0,12.0,70989.80887021389,,7057.224372761158387615,,1298.8026451300002,,84686.692473133900651377,,,,
2019-03-24,36.0,,0.0,,205.476643243771,,,,,,100000000.0,37.0,37.0,486673.3192704688,,14875.109215715372602534,,2722.71912832,,550379.04098146878629375,,,,
2019-03-25,37.0,,0.0,,164.142141894239,,,,,,100000000.0,36.0,36.0,609228.0680998585,,22757.689775325515393114,,5865.8,,819276.831911718554152093,,,,
2019-03-26,23.0,,0.0,,304.789373875858,,,,,,100000000.0,24.0,24.0,328095.4277649144,,16300.821657311847977264,,13134.2920106,,391219.719775484351454336,,,,
2019-03-27,29.0,,0.0,,195.731235189753,,,,,,100000000.0,25.0,25.0,510904.65915189416,,21084.784617777771599653,,7812.5,,527119.615444444289991316,,,,
2019-03-28,31.0,,0.0,,50.94930506518,,,,,,100000000.0,37.0,37.0,1962735.3085987857,,54602.8541153339335977,,9373.56355145,,2020305.602267355543114908,,,,
2019-03-29,30.0,,0.0,,125.001332083276,,,,,,100000000.0,27.0,27.0,799991.4747578813,,30960.410712521350944889,,2663.051871627913,,835931.089238076475512001,,,,
2019-03-30,19.0,,0.0,,663.431931176062,,,,,,100000000.0,18.0,18.0,150731.36413969498,,9960.890170874164822552,,8730.565,,179296.023075734966805941,,,,
2019-03-31,13.0,,0.0,,1690.018490371319,,,,,,100000000.0,10.0,10.0,59170.95024092232,,6052.809671244347693481,,1357.146471521159,,60528.096712443476934807,,,,
2019-04-01,39.0,,0.0,,306.196253432053,,,,,,100000000.0,48.0,47.0,326587.92809883476,,8028.540708583878881175,,4065.970569004869,,377341.41330344230741522,,,,
2019-04-02,50.0,,0.0,,110.556446637271,,,,,,100000000.0,88.0,88.0,904515.3226396074,,11265.411371329758959991,,10174.6403943,,991356.200677018788479172,,,,
2019-04-03,46.0,,0.0,,141.813682967432,,,,,,100000000.0,50.0,50.0,705150.5743840365,,14489.038429712928818909,,5329.385,,724451.921485646440945434,,,,
2019-04-04,38.0,,0.0,,214.169031088674,,,,,,100000000.0,26.0,26.0,466920.91518402804,,17958.49673784723421021,,1946.0205251706782,,466920.91518402808946546,,,,
2019-04-05,29.0,,0.0,,235.685805414308,,,,,,100000000.0,41.0,41.0,424293.6897460233,,10978.77357917129893999,,2774.797451186237,,450129.716746023256539585,,,,
2019-04-06,36.0,,0.0,,144.216761467847,,,,,,100000000.0,50.0,50.0,693400.6767465434,,15053.761028239665904387,,3705.07,,752688.051411983295219368,,,,
2019-04-07,38.0,,0.0,,354.378292139686,,,,,,100000000.0,30.0,30.0,282184.32736445003,,9663.78621941,,1565.0313909249999,,289913.58658231,,,,
2019-04-08,46.0,,0.0,,41.825037540354,,,,,,100000000.0,40.0,40.0,2390912.3788237446,,60116.716920593606331822,,5232.0,,2404668.676823744253272894,,,,
2019-04-09,30.0,,0.0,,126.567941240383,,,,,,100000000.0,26.0,26.0,790089.4888546517,,39175.706061010671388758,,4719.392072655148,,1018568.357586277456107701,,,,
2019-04-10,36.0,,0.0,,185.9648107603,,,,,,100000000.0,26.0,26.0,537736.1426129983,,21385.239793403783557723,,6945.446982109383,,556016.234628498372500801,,,,
2019-04-11,36.0,,0.0,,186.386503200093,,,,,,100000000.0,27.0,27.0,536519.5348541222,,19871.093883486010568701,,427.12493255,,536519.534854122285354934,,,,
2019-04-12,20.0,,0.0,,795.125401702179,,,,,,100000000.0,15.0,15.0,125766.32539461477,,8384.421692974318597801,,731.0,,125766.325394614778967015,,,,
2019-04-13,19.0,,0.0,,297.040896032165,,,,,,100000000.0,18.0,18.0,336653.9804309357,,20255.726490709684233936,,12232.282093129694,,364603.076832774316210856,,,,
2019-04-14,59.0,,0.0,,86.680101767207,,,,,,100000000.0,85.0,85.0,1153667.3118885537,,15045.584090845188306249,,6483.773262820254,,1278874.647721841006031181,,,,
2019-04-15,25.0,,0.0,,209.989175616393,,,,,,100000000.0,29.0,29.0,476215.02254325495,,18126.55763021499671168,,10032.12,,525670.171276234904638723,,,,
2019-04-16,22.0,,0.0,,526.569050310714,,,,,,100000000.0,22.0,22.0,189908.61681101998,,10072.7842689436364,,1809.12571716,,221601.2539167599999,,,,
2019-04-17,24.0,,0.0,,55.860055751187,,,,,,100000000.0,31.0,31.0,1790187.9734137997,,57856.2643132074194,,3624.0,,1793544.1937094299999,,,,
2019-04-18,34.0,,0.0,,291.505225645715,,,,,,100000000.0,33.0,34.0,343047.0235258712,,12582.134202675311417027,,7068.552,,427792.562890960588178924,,,,
2019-04-19,27.0,,0.0,,2225.014501969611,,,,,,100000000.0,27.0,27.0,44943.52729453167,,2021.427820384135821238,,957.7585735165181,,54578.551150371667173414,,,,
2019-04-20,26.0,,0.0,,1285.93126788613,,,,,,100000000.0,29.0,29.0,77764.65391061248,,3853.204858162733917403,,2122.553982093106,,111742.940886719283604677,,,,
2019-04-21,23.0,,0.0,,1828.121125427699,,,,,,100000000.0,23.0,23.0,54700.970635413694,,2378.303071104943168006,,94.3903797,,54700.970635413692864138,,,,
2019-04-22,47.0,,0.0,,2177.225161167261,,,,,,100000000.0,42.0,42.0,45930.022206057765,,1225.364552212927820503,,18.8780759,,51465.311192942968461145,,,,
2019-04-23,30.0,,0.0,,581.284669514179,,,,,,100000000.0,24.0,24.0,172032.7496054165,,9189.966115332772964024,,1792.275,,220559.186767986551136566,,,,
2019-04-24,28.0,,0.0,,190.99838410453,,,,,,100000000.0,29.0,29.0,523564.6388781584,,19096.921289679563359839,,1600.0,,553810.717400707337435343,,,,
2019-04-25,16.0,,0.0,,1469.523513319174,,,,,,100000000.0,13.0,13.0,68049.26841499298,,5234.559108845614228824,,3769.41,,68049.268414992984974709,,,,
2019-04-26,10.0,,0.0,,12705.984469164074,,,,,,100000000.0,6.0,6.0,7870.307117302733,,1311.717852883788812671,,97.4,,7870.307117302732876024,,,,
2019-04-27,18.0,,0.0,,3126.681345843188,,,,,,100000000.0,14.0,14.0,31982.79227684857,,3103.999448346326299186,,519.8762659238143,,43455.992276848568188609,,,,
2019-04-28,8.0,,0.0,,10544.187116534407,,,,,,100000000.0,5.0,5.0,9483.89846413,,1896.77969283,,900.0,,9483.89846413,,,,
2019-04-29,21.0,,0.0,,860.095235161237,,,,,,100000000.0,20.0,21.0,116266.19461652245,,6408.916305760895247896,,2736.787310857968,,134587.242420978800205818,,,,
2019-04-30,12.0,,0.0,,2646.551928603152,,,,,,100000000.0,13.0,13.0,37785.01336747997,,2907.30872057538301331,,507.281,,37795.013367479979173026,,,,
2019-05-01,21.0,,0.0,,86.603976187973,,,,,,100000000.0,15.0,14.0,1154681.394569583,,109665.045765820212406981,,2200.5344871684088,,1535310.640721482973697738,,,,
2019-05-02,26.0,,11538461.538461538461538461,,85.180039787013,,,,,,111538461.538461538461538461,18.0,18.0,1309443.6421649451,,72782.895720828219884522,,296.93903795,,1310092.122974907957921395,,,,
2019-05-03,28.0,,0.0,,197.428134420629,,,,,,111538461.538461538461538461,21.0,21.0,564957.2785853505,,26902.727551683348595316,,12481.439,,564957.278585350320501644,,,,
2019-05-04,20.0,,0.0,,571.187927218889,,,,,,111538461.538461538461538461,14.0,14.0,195274.54314649425,,13948.181653321018463047,,1183.795185,,195274.543146494258482653,,,,
2019-05-05,7.0,,0.0,,13390.800681719165,,,,,,111538461.538461538461538461,4.0,4.0,8329.48411298,,2105.96862312,,94.3903795,,8423.87449248,,,,
2019-05-06,23.0,,0.0,,138.13620786291,,,,,,111538461.538461538461538461,15.0,15.0,807452.7545244,,53831.442173353333,,6632.18407098,,807471.632600300001,,,,
2019-05-07,15.0,,0.0,,557.361287672294,,,,,,111538461.538461538461538461,20.0,20.0,200118.78113077997,,10005.93905654,,5614.24667483,,200118.78113078,,,,
2019-05-08,25.0,,0.0,,327.403194103697,,,,,,111538461.538461538461538461,20.0,20.0,340676.1557223364,,17041.307786116818860859,,2725.365,,340826.155722336377217176,,,,
2019-05-09,31.0,,1442307.692307692307692307,,2480.894298625244,,,,,,112980769.230769230769230768,15.0,15.0,45540.33974497667,,3036.022649665111111111,,70.0,,45540.339744976666666666,,,,
2019-05-10,25.0,,0.0,,668.178481139085,,,,,,112980769.230769230769230768,17.0,17.0,169087.70997558,,9946.33588092,,7092.3327,,169087.70997558,,,,
2019-05-11,24.0,,0.0,,6724.749118801866,,,,,,112980769.230769230769230768,18.0,17.0,16800.74114808,,1086.39798565,,263.27826585,,18468.76575608,,,,
2019-05-12,27.0,,0.0,,2774.341705770884,,,,,,112980769.230769230769230768,18.0,18.0,40723.45125899917,,2262.413958833286996344,,205.435,,40723.451258999165934195,,,,
2019-05-13,45.0,,0.0,,275.103936606032,,,,,,112980769.230769230769230768,28.0,39.0,410683.9423114674,,10530.357495165831339429,,1529.9261519,,410683.942311467422237728,,,,
2019-05-14,44.0,,0.0,,244.156172825227,,,,,,112980769.230769230769230768,49.0,49.0,462739.7617001624,,17417.776245948209780673,,1749.8480759,,853471.036051462279252974,,,,
2019-05-15,44.0,,0.0,,620.713281978717,,,,,,112980769.230769230769230768,45.0,45.0,182017.6440732955,,4628.100808375455386728,,899.0,,208264.536376895492402747,,,,
2019-05-16,59.0,,1442307.692307692307692307,,262.077532812044,,,,,,114423076.923076923076923075,53.0,53.0,436600.0995786938,,9051.207822239506555621,,1270.20872963,,479714.014578693847447936,,,,
2019-05-17,35.0,,0.0,,400.211118216328,,,,,,114423076.923076923076923075,29.0,29.0,285906.7919777961,,9924.546811834879949767,,959.1556071268662,,287811.857543211518543232,,,,
2019-05-18,39.0,,0.0,,294.273663712602,,,,,,114423076.923076923076923075,41.0,41.0,388832.2029212456,,10853.240671562714167758,,5023.8,,444982.867534071280878074,,,,
2019-05-19,39.0,,0.0,,300.6117845334,,,,,,114423076.923076923076923075,32.0,32.0,380634.03635583,,11898.27857599,,1003.50595,,380744.91443173,,,,
2019-05-20,44.0,,0.0,,359.152218685979,,,,,,114423076.923076923076923075,36.0,36.0,318592.14831447665,,8874.814159974351849074,,659.595377635,,319493.309759076666566666,,,,
2019-05-21,37.0,,0.0,,410.298833960853,,,,,,114423076.923076923076923075,39.0,38.0,278877.41190606,,11448.25132131,,531.45542587,,435033.55020986,,,,
2019-05-22,36.0,,0.0,,41.1047084701,,,,,,114423076.923076923076923075,29.0,29.0,2783697.566090527,,95989.640210018169471666,,1408.04052329,,2783699.566090526914678305,,,,
2019-05-23,45.0,,1442307.692307692307692307,,269.122390201781,,,,,,115865384.615384615384615382,46.0,46.0,430530.45318344544,,11894.512486918353829241,,4578.07805,,547147.574398244276145071,,,,
2019-05-24,51.0,,0.0,,434.153419251752,,,,,,115865384.615384615384615382,57.0,58.0,266876.59126369335,,5052.543006200018929913,,1690.0,,293047.494359601097934937,,,,
2019-05-25,46.0,,0.0,,370.77063114509,,,,,,115865384.615384615384615382,62.0,65.0,312498.8197084144,,6964.112632893214041421,,3420.9832193951834,,452667.321138058912692378,,,,
2019-05-26,86.0,,0.0,,125.410803155539,,,,,,115865384.615384615384615382,113.0,115.0,923886.7920468104,,9077.718427133579627904,,3124.82,,1043937.619120361657208997,,,,
2019-05-27,76.0,,0.0,,47.605692732441,,,,,,115865384.615384615384615382,93.0,94.0,2433855.6581160123,,27313.532324032451396384,,3643.209984135,,2567472.038459050431260092,,,,
2019-05-28,82.0,,0.0,,92.728801274016,,,,,,115865384.615384615384615382,99.0,99.0,1249508.0603166607,,12699.611658631016467097,,2253.44953763,,1257261.554204470630242557,,,,
2019-05-29,217.0,,0.0,,5.21437874729,,,,,,115865384.615384615384615382,276.0,276.0,22220362.23885707,,81093.426831324062635713,,940.0,,22381785.805445441287456922,,,,
2019-05-30,130.0,,1442307.692307692307692307,,46.830970585169,,,,,,117307692.307692307692307689,162.0,162.0,2504916.9564903732,,15861.885866792933676789,,3111.92294395,,2569625.510420455255639837,,,,
2019-05-31,128.0,,0.0,,154.343084332186,,,,,,117307692.307692307692307689,167.0,166.0,760045.0179887277,,5037.649089067249672641,,865.5277492294199,,836249.748785163445658349,,,,
2019-06-01,138.0,,0.0,,18.111731885164,,,,,,117307692.307692307692307689,192.0,198.0,6476889.844188833,,33807.821108437379785894,,2666.1910118014084,,6693948.579470601197607097,,,,
2019-06-02,80.0,,0.0,,169.165188959312,,,,,,117307692.307692307692307689,99.0,99.0,693450.5439881439,,7067.698313120286917551,,636.0229669795541,,699702.132998908404837541,,,,
2019-06-03,69.0,,0.0,,318.94424018789,,,,,,117307692.307692307692307689,92.0,91.0,367800.0024035125,,4898.668423601812046377,,2260.95086468,,445778.826547764896220321,,,,
2019-06-04,64.0,,0.0,,282.072036080581,,,,,,117307692.307692307692307689,65.0,64.0,415878.48954364454,,6760.234680369447553132,,835.54998804,,432655.019543644643400478,,,,
2019-06-05,64.0,,0.0,,118.875361555573,,,,,,117307692.307692307692307689,79.0,80.0,986812.4964890428,,13274.966017208495332047,,938.4393882262625,,1061997.281376679626563734,,,,
2019-06-06,89.0,,1442307.692307692307692307,,99.276411163984,,,,,,118749999.999999999999999996,133.0,138.0,1196155.2458201745,,9431.940000938286566423,,4127.736,,1301607.720129483546166322,,,,
2019-06-07,98.0,,0.0,,130.733680027758,,,,,,118749999.999999999999999996,125.0,127.0,908335.174033093,,7993.528080043433799354,,716.3421849792559,,1015178.066165516092517914,,,,
2019-06-08,69.0,,0.0,,316.801781245755,,,,,,118749999.999999999999999996,82.0,82.0,374840.0641342397,,5378.784891355483325026,,716.6877205086389,,441060.361091149632652117,,,,
2019-06-09,64.0,,0.0,,651.769658085018,,,,,,118749999.999999999999999996,65.0,65.0,182196.2690759534,,2851.602305208233126512,,188.780759,,185354.14983853515322329,,,,
2019-06-10,62.0,,0.0,,50.449848981834,,,,,,118749999.999999999999999996,65.0,65.0,2353822.7050542575,,36401.116331014757147887,,900.0,,2366072.561515959214612648,,,,
2019-06-11,60.0,,0.0,,433.707492124535,,,,,,118749999.999999999999999996,56.0,56.0,273802.0489761383,,5724.678869469706523378,,207.658835,,320582.01669030356530916,,,,
2019-06-12,98.0,,0.0,,22.960227169459,,,,,,118749999.999999999999999996,130.0,131.0,5171987.155160206,,40090.45757917913806171,,1318.88,,5251849.942872467086083997,,,,
2019-06-13,105.0,,1442307.692307692307692307,,65.388676134725,,,,,,120192307.692307692307692303,164.0,165.0,1838121.1365201313,,11835.737052713124574461,,4000.0,,1952896.613697665554786029,,,,
2019-06-14,67.0,,0.0,,153.933840947173,,,,,,120192307.692307692307692303,112.0,117.0,780804.9675935466,,8862.962680525476464249,,7997.909786000298,,1036966.633621480746317077,,,,
2019-06-15,57.0,,0.0,,785.657191494864,,,,,,120192307.692307692307692303,58.0,59.0,152983.14454885694,,3358.571808599537246057,,468.33446942,,198155.736707372697517384,,,,
2019-06-16,57.0,,0.0,,61.42927265597,,,,,,120192307.692307692307692303,78.0,81.0,1956596.6272372454,,25154.418550204666042915,,2924.6626366448795,,2037507.902566577949476083,,,,
2019-06-17,77.0,,0.0,,72.560340518475,,,,,,120192307.692307692307692303,90.0,90.0,1656446.3015675165,,19006.338903667373367253,,2020.4121262849999,,1710570.501330063603052776,,,,
2019-06-18,45.0,,0.0,,3481.997336053392,,,,,,120192307.692307692307692303,44.0,43.0,34518.207825091995,,860.436428004172343193,,100.07839941197055,,36998.766404179410757319,,,,
2019-06-19,58.0,,0.0,,20.290870050093,,,,,,120192307.692307692307692303,86.0,88.0,5923467.421336848,,67332.625070278413578104,,845.1039688000001,,5925271.006184500394873152,,,,
2019-06-20,52.0,,1442307.692307692307692307,,71.038526829996,,,,,,121634615.38461538461538461,57.0,56.0,1712234.484756445,,30607.038700660236690001,,155.73712371787605,,1713994.167236973254640075,,,,
2019-06-21,91.0,,0.0,,97.742592372563,,,,,,121634615.38461538461538461,103.0,103.0,1244438.1966152869,,12169.75723639572673624,,4083.3972328235895,,1253484.995348759853832748,,,,
2019-06-22,75.0,,0.0,,269.257962820183,,,,,,121634615.38461538461538461,72.0,71.0,451740.08638639905,,6544.201097671307028672,,104.43696208729936,,464638.277934662799035684,,,,
2019-06-23,111.0,,0.0,,68.128225183304,,,,,,121634615.38461538461538461,165.0,171.0,1785377.720575404,,11148.233030426321526115,,3014.337656513812,,1906347.8482029009809656,,,,
2019-06-24,70.0,,0.0,,467.278626671543,,,,,,121634615.38461538461538461,92.0,91.0,260304.25626574666,,3351.795648275376888308,,1554.4016666666666,,305013.403993059296836029,,,,
2019-06-25,54.0,,0.0,,607.462131499407,,,,,,121634615.38461538461538461,66.0,65.0,200234.0706973504,,3470.530601594153561257,,2215.71185996,,225584.489103619981481688,,,,
2019-06-26,128.0,,0.0,,122.841660719086,,,,,,121634615.38461538461538461,207.0,209.0,990173.9741435861,,5590.926297249090372488,,2549.034382756076,,1168503.596125059887849976,,,,
2019-06-27,91.0,,1442307.692307692307692307,,103.76514536572,,,,,,123076923.076923076923076917,145.0,143.0,1186110.448196635,,8630.043321266022012245,,1043.84199982,,1234096.194941041147750984,,,,
2019-06-28,59.0,,0.0,,209.193654303639,,,,,,123076923.076923076923076917,91.0,96.0,588339.6582301685,,6839.420319970062547743,,3027.2762770053414,,656584.350717126004583315,,,,
2019-06-29,74.0,,0.0,,323.772004843234,,,,,,123076923.076923076923076917,81.0,81.0,380134.54293713684,,4870.719002177079713922,,1417.57,,394528.239176343456827719,,,,
2019-06-30,73.0,,0.0,,298.724091516649,,,,,,123076923.076923076923076917,78.0,78.0,412008.6948864772,,5564.966416800895435209,,1289.9327279622375,,434067.380510469843946286,,,,
2019-07-01,50.0,,0.0,,1376.681522047139,,,,,,123076923.076923076923076917,39.0,39.0,89401.15858743164,,2305.268744490554891775,,429.76629959,,89905.481035131640779216,,,,
2019-07-02,54.0,,0.0,,566.81467707312,,,,,,123076923.076923076923076917,60.0,62.0,217137.85484959494,,3719.601416951231892667,,1007.1218377098257,,230615.287850976377345361,,,,
2019-07-03,91.0,,0.0,,348.975200719109,,,,,,123076923.076923076923076917,111.0,115.0,352681.00089435314,,3554.055342519920347502,,1175.452013100216,,408716.364389790839962766,,,,
2019-07-04,72.0,,1442307.692307692307692307,,171.632739088942,,,,,,124519230.769230769230769224,74.0,74.0,725498.1271650251,,10087.391590462328785812,,955.5842754800001,,746466.977694212330150123,,,,
2019-07-05,49.0,,0.0,,241.641468067136,,,,,,124519230.769230769230769224,106.0,112.0,515305.7203519186,,5926.6317039941913993,,2941.918299983828,,663782.750847349436721599,,,,
2019-07-06,50.0,,0.0,,322.956482435339,,,,,,124519230.769230769230769224,95.0,96.0,385560.40067770303,,4700.673406463034950554,,2586.432420807556,,451264.647020451355253225,,,,
2019-07-07,58.0,,0.0,,146.198770367799,,,,,,124519230.769230769230769224,69.0,72.0,851711.888246201,,12485.109073155381394439,,2251.0624891360967,,898927.853267187460399643,,,,
2019-07-08,61.0,,0.0,,304.434542602609,,,,,,124519230.769230769230769224,67.0,68.0,409018.07562544243,,6415.234299192446480412,,877.2898676893149,,436235.932345086360667988,,,,
2019-07-09,79.0,,0.0,,366.665900842119,,,,,,124519230.769230769230769224,122.0,129.0,339598.61138777377,,3315.853183711682633112,,1200.192219097955,,427745.060698807059671491,,,,
2019-07-10,68.0,,0.0,,59.851936578282,,,,,,124519230.769230769230769224,86.0,85.0,2080454.4996863953,,24882.400513761287365595,,1816.93252926,,2115004.043669709426075541,,,,
2019-07-11,44.0,,1442307.692307692307692307,,140.125830303529,,,,,,125961538.461538461538461531,56.0,56.0,898917.3387140041,,16962.422952133284425718,,5209.16186962,,949895.685319463927840235,,,,
2019-07-12,52.0,,0.0,,209.660593224464,,,,,,125961538.461538461538461531,66.0,68.0,600787.8568133356,,10884.211995968472122077,,5849.792933360837,,740126.415725856104301267,,,,
2019-07-13,35.0,,0.0,,333.251261912732,,,,,,125961538.461538461538461531,37.0,38.0,377977.6788797995,,10964.808448530693541494,,3752.270437510063,,416662.721044166354576762,,,,
2019-07-14,37.0,,0.0,,72.849708804625,,,,,,125961538.461538461538461531,57.0,59.0,1729060.2876581736,,30773.743924220955417723,,5125.3067111,,1815650.891529036369645665,,,,
2019-07-15,49.0,,0.0,,260.518612118388,,,,,,125961538.461538461538461531,76.0,79.0,483503.0305024722,,7557.159627882250093883,,5242.03,,597015.610602697757416728,,,,
2019-07-16,48.0,,0.0,,421.121137960458,,,,,,125961538.461538461538461531,73.0,73.0,299109.9878566671,,4568.713374194559664798,,2718.5722934013766,,333516.076316202855530219,,,,
2019-07-17,37.0,,0.0,,326.742858950103,,,,,,125961538.461538461538461531,49.0,50.0,385506.6300952394,,8922.671731331040884551,,5990.5,,446133.586566552044227572,,,,
2019-07-18,33.0,,1442307.692307692307692307,,1127.879908397323,,,,,,127403846.153846153846153838,35.0,35.0,112958.69817814426,,3964.145645995931404049,,1312.0551324537896,,138745.097609857599141708,,,,
2019-07-19,27.0,,0.0,,3149.167914123768,,,,,,127403846.153846153846153838,28.0,27.0,40456.35216288405,,1607.41440881015031063,,700.94,,43400.189037874058387011,,,,
2019-07-20,38.0,,0.0,,758.132958685065,,,,,,127403846.153846153846153838,54.0,54.0,168049.47561549136,,3767.150452217833669013,,928.14682845,,203426.124419763018126719,,,,
2019-07-21,32.0,,0.0,,501.084628442212,,,,,,127403846.153846153846153838,36.0,36.0,254256.1454138464,,7532.853019106689399012,,3478.223025578877,,271182.708687840818364421,,,,
2019-07-22,44.0,,0.0,,291.82448026017,,,,,,127403846.153846153846153838,73.0,73.0,436576.96585379617,,7311.955679596294333838,,3816.46400543419,,533772.764610529486370174,,,,
2019-07-23,31.0,,0.0,,660.817886072636,,,,,,127403846.153846153846153838,44.0,45.0,192797.2121200154,,6309.963193509497504867,,4854.599316807881,,283948.343707927387719019,,,,
2019-07-24,24.0,,0.0,,653.1988740974,,,,,,127403846.153846153846153838,29.0,29.0,195046.0284088741,,6725.725117547383067499,,2000.0,,195046.028408874108957477,,,,
2019-07-25,48.0,,1442307.692307692307692307,,146.317566042132,,,,,,128846153.846153846153846145,159.0,159.0,880592.5175727236,,5648.499343702034878442,,6434.769305917149,,898111.39564862354567232,,,,
2019-07-26,82.0,,0.0,,270.63877471407,,,,,,128846153.846153846153846145,125.0,124.0,476081.6478802049,,4109.649882185061735839,,1733.6077830598388,,509596.585390947655244047,,,,
2019-07-27,31.0,,0.0,,2457.676224330299,,,,,,128846153.846153846153846145,43.0,43.0,52426.00818228756,,1815.73464886044585572,,670.0,,78076.589900999171795956,,,,
2019-07-28,32.0,,0.0,,955.513541327434,,,,,,128846153.846153846153846145,41.0,41.0,134844.9271238543,,3340.524012222543933391,,94.6899256054117,,136961.484501124301269019,,,,
2019-07-29,34.0,,0.0,,135.230424402006,,,,,,128846153.846153846153846145,37.0,37.0,952789.687793383,,26217.304641411858649502,,703.80700922,,970040.271732238770031562,,,,
2019-07-30,29.0,,0.0,,1000.864801188798,,,,,,128846153.846153846153846145,43.0,42.0,128734.82381747676,,3113.210090892303905273,,1500.0,,130754.823817476764021449,,,,
2019-07-31,40.0,,0.0,,724.952866873361,,,,,,128846153.846153846153846145,44.0,44.0,177730.38735863275,,4082.995849059834346157,,161.03994453520806,,179651.817358632711230893,,,,
2019-08-01,41.0,,1442307.692307692307692307,,542.389901365017,,,,,,130288461.538461538461538452,39.0,39.0,240211.81296069198,,6607.574732383052862398,,614.0,,257695.414562939061633507,,,,
2019-08-02,107.0,,0.0,,296.305480129018,,,,,,130288461.538461538461538452,86.0,134.0,439709.9286916019,,4273.043204280408857694,,820.812308491656,,572587.789373574786931048,,,,
2019-08-03,26.0,,0.0,,3082.688758194192,,,,,,130288461.538461538461538452,27.0,27.0,42264.55271948479,,1611.898319097359005339,,75.5123038,,43521.254615628693144147,,,,
2019-08-04,53.0,,0.0,,477.675627718299,,,,,,130288461.538461538461538452,57.0,58.0,272755.095671946,,5909.066786939660928285,,1415.348039088439,,342725.873642500333840548,,,,
2019-08-05,90.0,,0.0,,78.445079619981,,,,,,130288461.538461538461538452,165.0,167.0,1660887.6193335666,,10662.00210346080694889,,4229.042863197844,,1780554.351277954760464662,,,,
2019-08-06,57.0,,0.0,,135.065124994395,,,,,,130288461.538461538461538452,86.0,88.0,964634.3683750232,,11582.329993904372446996,,1245.0494017978258,,1019245.039463584775335619,,,,
2019-08-07,60.0,,0.0,,159.342990320615,,,,,,130288461.538461538461538452,135.0,140.0,817660.4523130092,,8357.294695389957448414,,5000.0,,1170021.257354594042777894,,,,
2019-08-08,46.0,,1442307.692307692307692307,,70.696413629615,,,,,,131730769.230769230769230759,52.0,52.0,1863330.294531179,,37425.474065224022930846,,615.34872351,,1946124.65139164919240398,,,,
2019-08-09,124.0,,0.0,,88.553970342259,,,,,,131730769.230769230769230759,101.0,161.0,1487576.0931060778,,12913.493458438964445231,,1000.0,,2079072.446808673275682246,,,,
2019-08-10,40.0,,0.0,,504.983271632016,,,,,,131730769.230769230769230759,58.0,58.0,260861.64954541717,,5800.421247880467660586,,821.5706334849999,,336424.432377067124313967,,,,
2019-08-11,40.0,,0.0,,403.072857864042,,,,,,131730769.230769230769230759,63.0,65.0,326816.27318900905,,5815.00819380213012539,,3585.4500000318417,,377975.532597138458150322,,,,
2019-08-12,71.0,,0.0,,1056.690235116586,,,,,,131730769.230769230769230759,92.0,96.0,124663.56255883754,,1746.06874947018951356,,494.80466901,,167622.599949138193301784,,,,
2019-08-13,43.0,,0.0,,39.600726388253,,,,,,131730769.230769230769230759,53.0,54.0,3326473.5585720614,,63834.910941835856092496,,2984.791520221373,,3447085.190859136228994767,,,,
2019-08-14,53.0,,0.0,,317.076217710908,,,,,,131730769.230769230769230759,72.0,72.0,415454.5874861977,,6076.541747568598331594,,1668.779816264521,,437511.005824939079874801,,,,
2019-08-15,44.0,,1442307.692307692307692307,,2393.241870242866,,,,,,133173076.923076923076923066,51.0,59.0,55645.47343873878,,1214.916122551835931095,,95.3,,71680.051230558319934581,,,,
2019-08-16,124.0,,0.0,,224.27051075052,,,,,,133173076.923076923076923066,66.0,159.0,593805.5631006229,,4052.556455823932228364,,359.12960741004576,,644356.476476005224309809,,,,
2019-08-17,47.0,,0.0,,4622.521502055855,,,,,,133173076.923076923076923066,44.0,46.0,28809.61762186472,,760.926303020757359634,,165.28296316514837,,35002.609938954838543155,,,,
2019-08-18,30.0,,0.0,,2348.029118027902,,,,,,133173076.923076923076923066,50.0,66.0,56716.961429732335,,1480.027369335580867278,,917.3877767,,97681.806376148337240337,,,,
2019-08-19,53.0,,0.0,,733.380764247902,,,,,,133173076.923076923076923066,67.0,83.0,181587.9055126961,,2570.526173362952056928,,1235.0323859795635,,213353.672389125020725022,,,,
2019-08-20,49.0,,0.0,,1026.237272984095,,,,,,133173076.923076923076923066,79.0,113.0,129768.31034000154,,2049.495703655041139597,,1622.608554696154,,231593.014513019648774455,,,,
2019-08-21,35.0,,0.0,,237.240527883391,,,,,,133173076.923076923076923066,50.0,63.0,561342.0190522177,,10906.163406278881139391,,1297.06738521,,687088.294595569511781633,,,,
2019-08-22,48.0,,1442307.692307692307692307,,1285.923513692821,,,,,,134615384.615384615384615373,76.0,87.0,104683.81920228369,,1963.359038444472063437,,776.94964632,,170812.236344669069518978,,,,
2019-08-23,33.0,,0.0,,757.063983269648,,,,,,134615384.615384615384615373,27.0,36.0,177812.42747013355,,5361.003762004834201538,,1136.8924,,192996.135432174031255381,,,,
2019-08-24,25.0,,0.0,,4511.693105997749,,,,,,134615384.615384615384615373,29.0,36.0,29836.999426319533,,1209.336319262355492293,,1005.301350005,,43536.107493444797722558,,,,
2019-08-25,38.0,,0.0,,861.613502660318,,,,,,134615384.615384615384615373,52.0,72.0,156236.391606847,,2871.360255428940437163,,2219.313920924,,206737.938390883711475721,,,,
2019-08-26,177.0,,0.0,,244.660774689774,,,,,,134615384.615384615384615373,146.0,271.0,550212.369702805,,2623.166852059378836402,,660.8570356,,710878.216908091664664982,,,,
2019-08-27,73.0,,0.0,,639.659060571141,,,,,,134615384.615384615384615373,104.0,129.0,210448.6482145484,,2063.034954453314626581,,1078.0,,266131.509124477586828951,,,,
2019-08-28,124.0,,0.0,,78.074242144318,,,,,,134615384.615384615384615373,269.0,345.0,1724197.1349084899,,5942.128203384513716716,,1550.2815007590689,,2050034.230167657232267191,,,,
2019-08-29,87.0,,1442307.692307692307692307,,81.418133534117,,,,,,136057692.30769230769230768,138.0,216.0,1671098.1497835345,,8448.14298139259564114,,1046.6899795249255,,1824798.883980800658486138,,,,
2019-08-30,115.0,,0.0,,200.934799382377,,,,,,136057692.30769230769230768,247.0,340.0,677123.5879792821,,2543.872507037302288468,,1116.17269979,,864916.652392682778078991,,,,
2019-08-31,125.0,,0.0,,899.738847600926,,,,,,136057692.30769230769230768,77.0,179.0,151219.0928184084,,974.194230596236556036,,367.61,,174380.767276726343530438,,,,
2019-09-01,64.0,,0.0,,502.171323603466,,,,,,136057692.30769230769230768,90.0,130.0,270938.79302261554,,2776.744814104733670565,,1129.7058624290703,,360976.825833615377173394,,,,
2019-09-02,97.0,,0.0,,323.201788896521,,,,,,136057692.30769230769230768,160.0,233.0,420968.2525960696,,2404.107904788442527274,,995.3,,560157.141815707108854798,,,,
2019-09-03,83.0,,0.0,,193.314920540405,,,,,,136057692.30769230769230768,111.0,142.0,703813.7145717889,,5381.350032779916604827,,826.68982671,,764151.704654748157885457,,,,
2019-09-04,115.0,,0.0,,333.503101454105,,,,,,136057692.30769230769230768,189.0,259.0,407965.29841692006,,2032.173380325495327809,,962.4095007319402,,526332.905504303289902563,,,,
2019-09-05,95.0,,1442307.692307692307692307,,75.44124453688,,,,,,137499999.999999999999999987,149.0,203.0,1822610.4413320182,,9597.464475551554602337,,862.169,,1948285.288536965584274409,,,,
2019-09-06,153.0,,0.0,,328.323132659021,,,,,,137499999.999999999999999987,113.0,243.0,418794.7370214705,,2081.483321824574993522,,649.9898223686218,,505800.44720337172342585,,,,
2019-09-07,56.0,,0.0,,3627.257456828284,,,,,,137499999.999999999999999987,55.0,65.0,37907.4277567911,,818.149100291891388891,,350.0,,53179.691518972940277898,,,,
2019-09-08,49.0,,0.0,,2887.532614440424,,,,,,137499999.999999999999999987,50.0,65.0,47618.50976587019,,1024.976125693841198805,,474.1345627757328,,66623.44817009967792232,,,,
2019-09-09,42.0,,0.0,,4052.790077265038,,,,,,137499999.999999999999999987,46.0,70.0,33927.244534903155,,849.903457860036335708,,458.8230863493195,,59493.242050202543499563,,,,
2019-09-10,57.0,,0.0,,1730.380236678808,,,,,,137499999.999999999999999987,76.0,116.0,79462.30376735555,,1069.508859447149747681,,557.62250031,,124063.027695869370731046,,,,
2019-09-11,59.0,,0.0,,1004.62300635007,,,,,,137499999.999999999999999987,82.0,111.0,136867.2617796759,,1598.557144220655701556,,773.9707652013897,,177439.843008492782872671,,,,
2019-09-12,82.0,,1442307.692307692307692307,,73.117641609075,,,,,,138942307.692307692307692294,102.0,127.0,1900256.964456885,,15436.665722422956755328,,1312.2486179608359,,1960456.546747715507926701,,,,
2019-09-13,79.0,,0.0,,290.37855070772,,,,,,138942307.692307692307692294,92.0,110.0,478486.81437961856,,5160.676363512295395173,,999.9571904158789,,567674.399986352493469011,,,,
2019-09-14,58.0,,0.0,,13.387345346459,,,,,,138942307.692307692307692294,72.0,83.0,10378630.273331827,,125574.882769572952831718,,900.4023618266359,,10422715.269874555085032611,,,,
2019-09-15,159.0,,0.0,,843.468845187001,,,,,,138942307.692307692307692294,76.0,190.0,164727.25517384533,,1159.031422691760288821,,417.82,,220215.970311434454875973,,,,
2019-09-16,95.0,,0.0,,84.971227085526,,,,,,138942307.692307692307692294,197.0,240.0,1635168.897260456,,7391.039338681827206236,,1639.9635960913922,,1773849.441283638529496584,,,,
2019-09-17,83.0,,0.0,,145.973310948617,,,,,,138942307.692307692307692294,105.0,136.0,951833.6385561329,,7721.146196594100201742,,1768.838359320258,,1050075.882736797627436936,,,,
2019-09-18,110.0,,0.0,,65.625315452118,,,,,,138942307.692307692307692294,234.0,315.0,2117205.940041285,,7473.958656806800870567,,1995.3,,2354296.976894142274228495,,,,
2019-09-19,98.0,,1442307.692307692307692307,,49.898710000079,,,,,,140384615.384615384615384601,142.0,190.0,2813391.676546238,,15476.5113990883013577,,1786.7052294976384,,2940537.165826777257962915,,,,
2019-09-20,87.0,,0.0,,62.522667219747,,,,,,140384615.384615384615384601,120.0,169.0,2245339.5164862103,,13956.256331076963519305,,1340.1942934537756,,2358607.319952006834762569,,,,
2019-09-21,83.0,,0.0,,45.204596085571,,,,,,140384615.384615384615384601,91.0,131.0,3105538.541233069,,24263.464509858119156085,,467.5176178744605,,3178513.8507914136094471,,,,
2019-09-22,76.0,,0.0,,1440.079944449072,,,,,,140384615.384615384615384601,100.0,135.0,97483.90422749895,,1064.265661778522027283,,458.14321420237866,,143675.86434010047368314,,,,
2019-09-23,54.0,,0.0,,570.879977450841,,,,,,140384615.384615384615384601,67.0,89.0,245909.15941994856,,3472.844875783088091525,,1755.3971464852755,,309083.193944694840145746,,,,
2019-09-24,77.0,,0.0,,94.045613479324,,,,,,140384615.384615384615384601,110.0,170.0,1492729.0087323384,,9059.914944386176417415,,581.14211931,,1540185.540545649990960469,,,,
2019-09-25,162.0,,0.0,,738.995993058888,,,,,,140384615.384615384615384601,83.0,204.0,189966.68006754483,,1180.734838858777831043,,456.664346325,,240869.907127190677532798,,,,
2019-09-26,104.0,,1442307.692307692307692307,,65.263888762026,,,,,,141826923.076923076923076908,198.0,260.0,2173130.1301102713,,9639.764970754599140171,,997.44013986,,2506338.89239619577644439,,,,
2019-09-27,118.0,,0.0,,37.99800595738,,,,,,141826923.076923076923076908,288.0,350.0,3732483.310729527,,11043.489206681156864799,,1000.0,,3865221.222338404902679646,,,,
2019-09-28,81.0,,0.0,,560.530984645347,,,,,,141826923.076923076923076908,142.0,170.0,253022.45007322534,,1721.140623122282688916,,794.5893354468377,,292593.905930788057115747,,,,
2019-09-29,62.0,,0.0,,561.554909520538,,,,,,141826923.076923076923076908,95.0,114.0,252561.0954020801,,2367.483021941612397014,,699.0454762238406,,269893.064501343813259558,,,,
2019-09-30,96.0,,0.0,,291.251709666722,,,,,,141826923.076923076923076908,210.0,290.0,486956.5340550782,,2759.881329590335851846,,809.2210157229047,,800365.585581197397035463,,,,
2019-10-01,103.0,,0.0,,304.293793879621,,,,,,141826923.076923076923076908,227.0,271.0,466085.49345909467,,2054.139178408816819475,,500.0018441958288,,556671.717348789358077732,,,,
2019-10-02,222.0,,0.0,,170.747968088154,,,,,,141826923.076923076923076908,353.0,607.0,830621.4396864773,,1925.033416088556381599,,751.6003500967984,,1168495.283565753723630299,,,,
2019-10-03,118.0,,1442307.692307692307692307,,78.67902013479,,,,,,143269230.769230769230769215,329.0,473.0,1820933.0838613217,,4345.725619992107628487,,744.11653232151,,2055528.218256266908274577,,,,
2019-10-04,111.0,,0.0,,242.591652529876,,,,,,143269230.769230769230769215,358.0,511.0,590577.7436080031,,1757.467435054998779528,,841.67605888,,898065.859313104376338616,,,,
2019-10-05,73.0,,0.0,,1451.670131295536,,,,,,143269230.769230769230769215,130.0,155.0,98692.69035753381,,979.596699810006116855,,236.5077574003955,,151837.488470550948112503,,,,
2019-10-06,65.0,,0.0,,573.64099440589,,,,,,143269230.769230769230769215,150.0,223.0,249754.17058122242,,1747.594537103624926146,,732.78651484,,389713.581774108358530641,,,,
2019-10-07,88.0,,0.0,,302.543746595651,,,,,,143269230.769230769230769215,297.0,431.0,473548.8086643867,,1695.246698503611430362,,948.9484192218806,,730651.327055056526485853,,,,
2019-10-08,65.0,,0.0,,1075.799604982305,,,,,,143269230.769230769230769215,126.0,172.0,133174.6452645215,,1317.435479315282629044,,774.5900107258676,,226598.90244222861219564,,,,
2019-10-09,197.0,,0.0,,139.682916191513,,,,,,143269230.769230769230769215,292.0,457.0,1025674.6828853455,,2502.111179372425218487,,420.63896217741785,,1143464.808973198324848453,,,,
2019-10-10,107.0,,1442307.692307692307692307,,48.284102270025,,,,,,144711538.461538461538461522,144.0,179.0,2997084.5818412844,,17859.69355540587693346,,383.99727315433574,,3196885.146417651971089338,,,,
2019-10-11,67.0,,0.0,,2095.477634489219,,,,,,144711538.461538461538461522,107.0,144.0,69058.97542390735,,661.984620703832247678,,374.50718373177926,,95325.785381351843665701,,,,
2019-10-12,60.0,,0.0,,3900.181934264075,,,,,,144711538.461538461538461522,64.0,77.0,37103.79179755984,,610.730443495274684437,,90.0,,47026.24414913615070162,,,,
2019-10-13,77.0,,0.0,,232.284225424291,,,,,,144711538.461538461538461522,206.0,277.0,622993.3961172272,,2811.097491956640659083,,895.5874504496651,,778674.005271989462565949,,,,
2019-10-14,90.0,,0.0,,473.719652101662,,,,,,144711538.461538461538461522,167.0,252.0,305479.2804552738,,1622.08795587862427504,,935.5217094959721,,408766.16488141331731013,,,,
2019-10-15,86.0,,0.0,,92.14390009174,,,,,,144711538.461538461538461522,140.0,173.0,1570495.0443541158,,9435.879078826366834541,,524.9330966605949,,1632407.080636961462375663,,,,
2019-10-16,104.0,,0.0,,430.048731992234,,,,,,144711538.461538461538461522,243.0,290.0,336500.32588435034,,1602.034703812601985769,,902.6721459636528,,464590.064105654575873149,,,,
2019-10-17,484.0,,1442307.692307692307692307,,38.382129567633,,,,,,146153846.153846153846153829,974.0,1311.0,3807861.8304987676,,3382.754313748150638398,,594.6376908116144,,4434790.905323825486940369,,,,
2019-10-18,184.0,,0.0,,150.615892447631,,,,,,146153846.153846153846153829,286.0,363.0,970374.6648426465,,2948.060073597751666288,,473.8413892656479,,1070145.80671598385486255,,,,
2019-10-19,118.0,,0.0,,136.282503558087,,,,,,146153846.153846153846153829,201.0,270.0,1072432.941412404,,4335.943301634281199871,,576.0819702549531,,1170704.691441255923965159,,,,
2019-10-20,124.0,,0.0,,350.36512450408,,,,,,146153846.153846153846153829,219.0,279.0,417147.2442090743,,1890.699269533785410813,,529.8882869122635,,527505.096199926129616766,,,,
2019-10-21,168.0,,0.0,,335.008871201623,,,,,,146153846.153846153846153829,287.0,373.0,436268.5848575163,,1702.371623315831098939,,763.95554423,,634984.615496804999904187,,,,
2019-10-22,170.0,,0.0,,200.275385091348,,,,,,146153846.153846153846153829,315.0,469.0,729764.3995900139,,1961.103801515645606085,,641.8546575,,919757.682910837789254008,,,,
2019-10-23,180.0,,0.0,,185.391356527795,,,,,,146153846.153846153846153829,305.0,418.0,788353.0758454439,,2204.419644605215808352,,574.8494469823206,,921447.411444980207891159,,,,
2019-10-24,309.0,,1442307.692307692307692307,,45.849281598555,,,,,,147596153.846153846153846136,486.0,785.0,3219159.5745920315,,4458.476841778298890236,,692.23830209,,3499904.320795964628835264,,,,
2019-10-25,285.0,,0.0,,55.753683617516,,,,,,147596153.846153846153846136,698.0,1031.0,2647289.7263381,,3159.495670892384038738,,715.8378559848613,,3257440.036690047943939142,,,,
2019-10-26,238.0,,0.0,,78.361433359244,,,,,,147596153.846153846153846136,666.0,971.0,1883530.5521978645,,2840.272905211772531794,,1059.5875790639177,,2757904.990960631128371661,,,,
2019-10-27,147.0,,0.0,,319.656194143465,,,,,,147596153.846153846153846136,297.0,397.0,461734.0647555572,,1596.488449567915544709,,727.31377384,,633805.914478462471249367,,,,
2019-10-28,192.0,,0.0,,81.884218053268,,,,,,147596153.846153846153846136,532.0,733.0,1802498.177977815,,3460.860889528969081903,,1000.0,,2536811.032024734337034931,,,,
2019-10-29,273.0,,0.0,,202.42473582277,,,,,,147596153.846153846153846136,322.0,624.0,729140.898943198,,1417.977253792590974141,,450.0,,884817.806366576767863994,,,,
2019-10-30,169.0,,0.0,,31.463243258382,,,,,,147596153.846153846153846136,372.0,539.0,4691066.100022319,,10219.117812806898650841,,942.6037709538298,,5508104.501102918372803134,,,,
2019-10-31,134.0,,1442307.692307692307692307,,69.340856598766,,,,,,149038461.538461538461538443,282.0,401.0,2149359.971147442,,5914.295048397687658592,,726.7369801787472,,2371632.314407472751095558,,,,
2019-11-01,117.0,,0.0,,870.723038176606,,,,,,149038461.538461538461538443,167.0,219.0,171166.3238526056,,1053.95060599414367269,,281.27122770266357,,230815.182712717464319157,,,,
2019-11-02,97.0,,0.0,,1978.050644689708,,,,,,149038461.538461538461538443,113.0,155.0,75346.13026141243,,838.460113177153445419,,394.3512180251717,,129961.317542458784039919,,,,
2019-11-03,84.0,,0.0,,2840.99300040518,,,,,,149038461.538461538461538443,85.0,119.0,52459.98899582147,,630.23298913022286333,,364.6242878812684,,74997.725706496520736269,,,,
2019-11-04,96.0,,0.0,,1287.153866639751,,,,,,149038461.538461538461538443,146.0,209.0,115789.15730373554,,837.226006176727961065,,438.98,,174980.235290936143862547,,,,
2019-11-05,126.0,,0.0,,720.577786282318,,,,,,149038461.538461538461538443,192.0,264.0,206831.88460110154,,983.979165411239954554,,395.614,,259770.499668567348002216,,,,
2019-11-06,324.0,,0.0,,216.05309834436,,,,,,149038461.538461538461538443,382.0,665.0,689823.3012188224,,1357.780275336488687182,,473.61242438620616,,902923.883098764976976125,,,,
2019-11-07,201.0,,1442307.692307692307692307,,70.459418923034,,,,,,150480769.23076923076923075,413.0,598.0,2135708.3485906473,,3937.230557504308697501,,680.16062513,,2354463.873387576601105368,,,,
2019-11-08,184.0,,0.0,,236.887474314754,,,,,,150480769.23076923076923075,325.0,432.0,635241.5621217045,,1707.883579345295089502,,442.8353816749287,,737805.706277167478665011,,,,
2019-11-09,133.0,,0.0,,557.43934894424,,,,,,150480769.23076923076923075,228.0,321.0,269950.03046658204,,1100.161350718645102742,,462.4887217010755,,353151.793580685077980096,,,,
2019-11-10,171.0,,0.0,,349.958979368626,,,,,,150480769.23076923076923075,315.0,472.0,429995.45118761424,,1467.188199555147469315,,860.2470945731379,,692512.830190029605516523,,,,
2019-11-11,118.0,,0.0,,1345.760261167155,,,,,,150480769.23076923076923075,168.0,233.0,111818.40746304979,,671.910770118543419152,,254.41756334138262,,156555.209437620616662436,,,,
2019-11-12,138.0,,0.0,,601.225919838143,,,,,,150480769.23076923076923075,185.0,245.0,250289.88981592894,,1221.820056390548242534,,405.8780759,,299345.913815684319420877,,,,
2019-11-13,147.0,,0.0,,447.607600591669,,,,,,150480769.23076923076923075,214.0,297.0,336189.0393100044,,1430.773836369441776955,,453.7445867463935,,424939.829401724207755512,,,,
2019-11-14,301.0,,1442307.692307692307692307,,61.418708809781,,,,,,151923076.923076923076923057,462.0,776.0,2473563.5096725174,,3574.185611691722160468,,746.7332986925592,,2773568.034672776396522829,,,,
2019-11-15,235.0,,0.0,,334.773421900473,,,,,,151923076.923076923076923057,358.0,597.0,453808.6567942751,,1052.623204062867155466,,463.3812666052846,,628416.052825531691813042,,,,
2019-11-16,210.0,,0.0,,324.001806367308,,,,,,151923076.923076923076923057,412.0,669.0,468895.77137371775,,1074.763443966755775952,,386.6784235216304,,719016.744013759614112095,,,,
2019-11-17,366.0,,0.0,,76.586182183059,,,,,,151923076.923076923076923057,1103.0,1802.0,1983687.8219094935,,1502.986859841520834376,,360.4469894994776,,2708382.321434420543546328,,,,
2019-11-18,283.0,,0.0,,174.654181243579,,,,,,151923076.923076923076923057,557.0,818.0,869850.7865162393,,1387.586633281009758178,,367.5873152053793,,1135045.866023865982189782,,,,
2019-11-19,373.0,,0.0,,91.565139565931,,,,,,151923076.923076923076923057,951.0,1389.0,1659180.3129801976,,1658.103613747044694577,,576.99631942,,2303105.919494645080767951,,,,
2019-11-20,625.0,,0.0,,76.639369584626,,,,,,151923076.923076923076923057,1080.0,1737.0,1982311.1508677206,,1392.683595131324824634,,300.3217659767052,,2419091.40474311122038896,,,,
2019-11-21,433.0,,1442307.692307692307692307,,48.578625666892,,,,,,153365384.615384615384615364,1219.0,1915.0,3157054.826273265,,2039.840106609016719962,,446.92866208565806,,3906293.804156267018728161,,,,
2019-11-22,361.0,,0.0,,77.183251256196,,,,,,153365384.615384615384615364,989.0,1440.0,1987029.3375737094,,1818.784128041916076161,,635.8623009892164,,2619049.144380359149671737,,,,
2019-11-23,294.0,,0.0,,151.668455784456,,,,,,153365384.615384615384615364,520.0,558.0,1011188.4097596412,,2217.648767424607595377,,600.0641320524946,,1237448.012222931038220117,,,,
2019-11-24,502.0,,0.0,,67.9391721609,,,,,,153365384.615384615384615364,1195.0,1301.0,2257392.6019023443,,2017.988146865207163672,,426.71546782417136,,2625402.579071634519936789,,,,
2019-11-25,460.0,,0.0,,109.195710929008,,,,,,153365384.615384615384615364,1091.0,1438.0,1404500.078900474,,1294.095961019823778466,,509.8829882728457,,1860909.991946506593433448,,,,
2019-11-26,350.0,,0.0,,109.009964546295,,,,,,153365384.615384615384615364,799.0,1101.0,1406893.2620398393,,1743.104231905588659481,,504.9121144501388,,1919157.759328053114088514,,,,
2019-11-27,546.0,,0.0,,107.85610828498,,,,,,153365384.615384615384615364,823.0,1296.0,1421944.3576636307,,1313.992067599610108198,,310.697850454618,,1702933.719609094700224452,,,,
2019-11-28,366.0,,1442307.692307692307692307,,55.039644028969,,,,,,154807692.307692307692307671,850.0,1216.0,2812657.94935398,,2732.761697289194873152,,500.0,,3323038.223903660965752368,,,,
2019-11-29,318.0,,0.0,,221.348810333554,,,,,,154807692.307692307692307671,639.0,872.0,699383.4395333336,,1041.052404837916981891,,411.1859954920455,,907797.697018663608209067,,,,
2019-11-30,278.0,,0.0,,326.645921566198,,,,,,154807692.307692307692307671,602.0,861.0,473931.1960958275,,828.948821144511926458,,402.34909690106474,,713724.935005424768680692,,,,
2019-12-01,269.0,,0.0,,328.197022098798,,,,,,154807692.307692307692307671,491.0,697.0,471691.3374707281,,907.863486048967095324,,394.1110292517441,,632780.849776130065440657,,,,
2019-12-02,343.0,,0.0,,173.694338821252,,,,,,154807692.307692307692307671,831.0,1273.0,891265.0427081782,,1003.468466875675346288,,499.9725894421558,,1277415.358332734715824031,,,,
2019-12-03,381.0,,0.0,,249.483525965649,,,,,,154807692.307692307692307671,757.0,1188.0,620512.6839878288,,774.022616376376504661,,302.7939181167026,,919538.868255135287537748,,,,
2019-12-04,307.0,,0.0,,75.69449910659,,,,,,154807692.307692307692307671,728.0,1030.0,2045164.3664316863,,2331.543421007050159133,,650.4645816187897,,2401489.723637261663907039,,,,
2019-12-05,321.0,,1442307.692307692307692307,,71.237082203875,,,,,,156249999.999999999999999978,741.0,1114.0,2193380.121224302,,2323.215179139558499962,,475.818,,2588061.709561468168957974,,,,
2019-12-06,250.0,,0.0,,570.962252011982,,,,,,156249999.999999999999999978,373.0,564.0,273660.82337212196,,761.867033888150728652,,357.81502239799244,,429693.007112917010959453,,,,
2019-12-07,211.0,,0.0,,917.891123283872,,,,,,156249999.999999999999999978,294.0,420.0,170227.16097416417,,620.335546803494862145,,204.3344766077754,,260540.929657467842100951,,,,
2019-12-08,255.0,,0.0,,240.786626098207,,,,,,156249999.999999999999999978,577.0,895.0,648914.7779174092,,1145.783406304249864393,,605.7862740110584,,1025476.148642303628632096,,,,
2019-12-09,454.0,,0.0,,370.837786951564,,,,,,156249999.999999999999999978,383.0,812.0,421343.2543766314,,776.808818501502341693,,150.87737969407593,,630768.760623219901455061,,,,
2019-12-10,269.0,,0.0,,298.694157951158,,,,,,156249999.999999999999999978,457.0,707.0,523110.33155710273,,1081.037036422962763643,,299.4371883963024,,764293.184751034673895868,,,,
2019-12-11,331.0,,0.0,,174.172057577845,,,,,,156249999.999999999999999978,631.0,893.0,897101.4189814304,,1498.029780457331998025,,374.7349183872444,,1337740.59394839747423622,,,,
2019-12-12,523.0,,1424278.846153846153846153,,74.196509956306,,,,,,157674278.846153846153846131,539.0,1091.0,2125090.2359020193,,2154.979000797081753132,,269.2432088557614,,2351082.089869616192667057,,,,
2019-12-13,259.0,,0.0,,127.762636614896,,,,,,157674278.846153846153846131,385.0,529.0,1234118.8552754915,,2463.955126594171184271,,196.6004,,1303432.26196831655647934,,,,
2019-12-14,229.0,,0.0,,216.513981026709,,,,,,157674278.846153846153846131,478.0,703.0,728240.6341542606,,1311.924735489655033657,,503.4333854640164,,922283.089049227488661202,,,,
2019-12-15,190.0,,0.0,,369.579550621984,,,,,,157674278.846153846153846131,341.0,553.0,426631.50215101463,,1012.349754675480907669,,297.007405,,559829.414335540941940799,,,,
2019-12-16,214.0,,0.0,,621.292879797307,,,,,,157674278.846153846153846131,312.0,458.0,253784.1394506148,,841.298869096755924055,,418.16778370145335,,385314.882046314213217126,,,,
2019-12-17,555.0,,0.0,,94.347576400046,,,,,,157674278.846153846153846131,930.0,1858.0,1671206.456619452,,1388.415036681095227024,,534.352883568014,,2579675.138153474931809972,,,,
2019-12-18,382.0,,0.0,,195.855556622057,,,,,,157674278.846153846153846131,729.0,1175.0,805053.8956646436,,948.176127851684719585,,362.396427533548,,1114106.950225729545511857,,,,
2019-12-19,248.0,,1406475.360576923076923076,,67.827957789944,,,,,,159080754.206730769230769207,483.0,797.0,2345356.6846194537,,3427.947089071987145144,,591.6214159812662,,2732073.8299903737546799,,,,
2019-12-20,171.0,,0.0,,493.433254385357,,,,,,159080754.206730769230769207,272.0,461.0,322395.68937219057,,972.393815825522906556,,301.92593754,,448273.549095566059922144,,,,
2019-12-21,173.0,,0.0,,1086.089556351923,,,,,,159080754.206730769230769207,240.0,370.0,146471.12043049998,,642.792103750658451425,,256.2508,,237833.078387743627027174,,,,
2019-12-22,155.0,,0.0,,1966.811180604031,,,,,,159080754.206730769230769207,229.0,370.0,80882.57570199251,,410.051598154403115966,,210.71229611332257,,151719.091317129152907571,,,,
2019-12-23,202.0,,0.0,,317.650123336123,,,,,,159080754.206730769230769207,289.0,446.0,500804.9502263177,,1466.407171412893189621,,304.9955882833566,,654017.598450150362571114,,,,
2019-12-24,203.0,,0.0,,298.572945560843,,,,,,159080754.206730769230769207,317.0,521.0,532803.646719938,,1238.184828091348620987,,237.59558,,645094.295435592631534093,,,,
2019-12-25,196.0,,0.0,,414.534708456199,,,,,,159080754.206730769230769207,332.0,539.0,383757.38137628045,,1002.517643633696198083,,450.8665685333761,,540357.009918562250766554,,,,
2019-12-26,202.0,,1388894.418569711538461537,,96.053947490894,,,,,,160469648.625300480769230744,383.0,635.0,1670620.0298588797,,2995.616684465762969602,,371.3228046608376,,1902216.594635759485697163,,,,
2019-12-27,345.0,,0.0,,586.323666439891,,,,,,160469648.625300480769230744,254.0,600.0,273687.82433712576,,550.484594952525676485,,188.780759,,330290.756971515405891241,,,,
2019-12-28,272.0,,0.0,,716.417869357632,,,,,,160469648.625300480769230744,277.0,510.0,223988.8973863588,,620.450966807683815978,,102.82537077908273,,316429.993071918746148667,,,,
2019-12-29,165.0,,0.0,,1248.276004544534,,,,,,160469648.625300480769230744,220.0,351.0,128553.01875633825,,586.308167133037957885,,195.0,,205794.166663696323217494,,,,
2019-12-30,199.0,,0.0,,499.440994321547,,,,,,160469648.625300480769230744,310.0,519.0,321298.5126366855,,890.098490809784688524,,250.12665738358774,,461961.11673027825334394,,,,
2019-12-31,207.0,,0.0,,497.271315476018,,,,,,160469648.625300480769230744,329.0,549.0,322700.3923837617,,875.472685031348997214,,276.4426612388558,,480634.50408221059947057,,,,
2020-01-01,249.0,,0.0,,361.991320836514,,,,,,160469648.625300480769230744,501.0,850.0,443296.9504751557,,865.487415942098507542,,409.0765099547238,,735664.303550783731410624,,,,
2020-01-02,256.0,,1371533.238337590144230768,,86.338457470672,,,,,,161841181.863638070913461512,480.0,805.0,1874497.0272211956,,2554.873167724422742828,,286.1179313347991,,2056672.900018160307976891,,,,
2020-01-03,225.0,,0.0,,412.854701829121,,,,,,161841181.863638070913461512,361.0,635.0,392005.18038577016,,951.4275398441400594,,318.6996923667092,,604156.487801028937718787,,,,
2020-01-04,494.0,,0.0,,477.882988833174,,,,,,161841181.863638070913461512,296.0,763.0,338662.78073383326,,638.496573903742894161,,130.89,,487172.885888555828244639,,,,
2020-01-05,228.0,,0.0,,600.454081087408,,,,,,161841181.863638070913461512,344.0,521.0,269531.32131360914,,885.619654306760266357,,218.86888403326296,,461407.839893822098771775,,,,
2020-01-06,566.0,,0.0,,62.368645647875,,,,,,161841181.863638070913461512,2082.0,3603.0,2594912.5587458145,,1200.847520664183862691,,570.6955837293959,,4326653.616953054457276913,,,,
2020-01-07,443.0,,0.0,,113.495489581459,,,,,,161841181.863638070913461512,1007.0,1749.0,1425970.1637524543,,1146.814760351097597925,,380.64687050009627,,2005779.01585406969877141,,,,
2020-01-08,356.0,,0.0,,129.37331757654,,,,,,161841181.863638070913461512,711.0,1189.0,1250962.6010625379,,1383.909280158924202208,,346.03863559649227,,1645468.13410896087642497,,,,
2020-01-09,260.0,,1354389.072858370266346153,,87.262089901758,,,,,,163195570.936496441179807665,640.0,1108.0,1870177.1997464844,,1984.213235229616716028,,249.59875857962976,,2198508.264634415321358833,,,,
2020-01-10,247.0,,0.0,,478.178410213389,,,,,,163195570.936496441179807665,377.0,587.0,341285.9456864017,,805.914577513381314143,,194.69866643601588,,473071.857000354831401656,,,,
2020-01-11,365.0,,0.0,,259.570630334912,,,,,,163195570.936496441179807665,745.0,1291.0,628713.5440782827,,860.23737968505304324,,500.0,,1110566.457173403478823062,,,,
2020-01-12,205.0,,0.0,,373.255658344789,,,,,,163195570.936496441179807665,346.0,567.0,437221.961108884,,1071.56652754803552437,,318.03194102910624,,607578.221119736142317909,,,,
2020-01-13,256.0,,0.0,,117.822171689882,,,,,,163195570.936496441179807665,683.0,1190.0,1385100.6868727647,,1619.649321675161738081,,574.7796064509923,,1927382.692793442468316097,,,,
2020-01-14,617.0,,0.0,,153.848608811107,,,,,,163195570.936496441179807665,509.0,1196.0,1060754.284342382,,1101.091119367791544643,,187.010954045,,1316904.97876387868739248,,,,
2020-01-15,649.0,,0.0,,108.417239709616,,,,,,163195570.936496441179807665,687.0,1375.0,1505254.8042506776,,1407.910635913626410395,,182.38035414400784,,1935877.124381236314292715,,,,
2020-01-16,256.0,,1337459.209447640637980768,,91.490190749359,,,,,,164533030.145944081817788433,415.0,699.0,1798367.9867570687,,3063.93036077167831225,,345.61118702877087,,2141687.322179403140262598,,,,
2020-01-17,233.0,,0.0,,524.736422256422,,,,,,164533030.145944081817788433,332.0,576.0,313553.66840829275,,864.10368452177177402,,263.20842241,,497723.722284540541835601,,,,
2020-01-18,203.0,,0.0,,849.754890096402,,,,,,164533030.145944081817788433,273.0,429.0,193624.1050960922,,717.598283491670853056,,172.8121713910088,,307849.663617926795961067,,,,
2020-01-19,191.0,,0.0,,1238.485046434436,,,,,,164533030.145944081817788433,244.0,375.0,132850.23555159592,,544.230461467765873462,,209.10282551489559,,204086.42305041220254837,,,,
2020-01-20,166.0,,0.0,,874.371342456557,,,,,,164533030.145944081817788433,212.0,337.0,188172.94455658444,,1065.833598311155066832,,281.6191396776285,,359185.922630859257522222,,,,
2020-01-21,575.0,,0.0,,264.48156706392,,,,,,164533030.145944081817788433,488.0,1222.0,622096.3977658972,,851.941708326517349445,,242.06644125,,1041072.767575004201021546,,,,
2020-01-22,440.0,,0.0,,127.506880160677,,,,,,164533030.145944081817788433,824.0,1335.0,1290385.506559405,,1348.301387156386346129,,360.455488867957,,1799982.351853775772082511,,,,
2020-01-23,190.0,,1320740.969329545129807691,,106.247930849342,,,,,,165853771.115273626947596124,230.0,394.0,1561007.0689324888,,4215.168002394002381277,,199.14208640802224,,1660776.192943236938223265,,,,
2020-01-24,197.0,,0.0,,602.501110703725,,,,,,165853771.115273626947596124,350.0,587.0,275275.4611880391,,872.147198124789655893,,426.0662484575,,511950.405299251528009187,,,,
2020-01-25,189.0,,0.0,,783.32355611657,,,,,,165853771.115273626947596124,244.0,406.0,211730.8611750623,,940.37014901003411231,,256.37948571611673,,381790.280498073849597668,,,,
2020-01-26,159.0,,0.0,,897.450283605866,,,,,,165853771.115273626947596124,199.0,316.0,184805.52532546956,,855.293561248556709142,,203.64604,,270272.76535454392008888,,,,
2020-01-27,234.0,,0.0,,469.004876162202,,,,,,165853771.115273626947596124,368.0,598.0,353629.09757448727,,908.402111824809465896,,169.9487638220744,,543224.462871236060605919,,,,
2020-01-28,292.0,,0.0,,349.713479332807,,,,,,165853771.115273626947596124,540.0,794.0,474256.158017398,,981.68500284021008087,,325.836640552141,,779457.892255126804211035,,,,
2020-01-29,695.0,,0.0,,101.717116191771,,,,,,165853771.115273626947596124,890.0,1775.0,1630539.4541719411,,1206.52003797930390458,,315.77,,2141573.067413264430628783,,,,
2020-01-30,283.0,,1304231.707212925815865383,,83.97733204022,,,,,,167158002.822486552763461507,389.0,638.0,1990513.377376987,,3586.14857696881157343,,160.86468649075084,,2287962.792106101783848426,,,,
2020-01-31,225.0,,0.0,,342.666195719063,,,,,,167158002.822486552763461507,364.0,619.0,487815.8537690477,,1156.803880862147643881,,250.0,,716061.602253669391562405,,,,
2020-02-01,195.0,,0.0,,390.116017532679,,,,,,167158002.822486552763461507,333.0,583.0,428482.79821908096,,1127.013006091153370843,,419.2796992,,657048.582551142415201261,,,,
2020-02-02,245.0,,0.0,,597.205242716019,,,,,,167158002.822486552763461507,341.0,584.0,279900.42763568484,,804.163339510542673655,,240.16186005105732,,469631.390274156921414683,,,,
2020-02-03,658.0,,0.0,,222.988688881365,,,,,,167158002.822486552763461507,633.0,1410.0,749625.4794852769,,803.902521788854030241,,169.5806286093425,,1133502.555722284182640121,,,,
2020-02-04,257.0,,0.0,,352.789684451993,,,,,,167158002.822486552763461507,452.0,751.0,473817.71687044046,,1015.679808304999583063,,161.66279429180045,,762775.536037054686880687,,,,
2020-02-05,433.0,,0.0,,115.357420221209,,,,,,167158002.822486552763461507,914.0,1492.0,1449044.2184121795,,1524.83710149475742653,,440.5834099961362,,2275056.955430178080382653,,,,
2020-02-06,400.0,,1287928.81087276424278846,,87.278324424782,,,,,,168445931.633359317006249967,760.0,1198.0,1929985.8555204996,,1906.040096260834459357,,200.0,,2283436.035320479682309652,,,,
2020-02-07,367.0,,0.0,,140.449738656997,,,,,,168445931.633359317006249967,619.0,1003.0,1199332.4675721468,,1546.820939731870907069,,249.0,,1551461.402551066519790179,,,,
2020-02-08,348.0,,0.0,,314.639615662661,,,,,,168445931.633359317006249967,487.0,702.0,535361.4842129659,,1225.767789305408075987,,237.89967762378657,,860488.988092396469342955,,,,
2020-02-09,435.0,,0.0,,163.026211004342,,,,,,168445931.633359317006249967,826.0,1130.0,1033244.4739752517,,1333.655141335919123205,,261.8624854012161,,1507030.309709588609221901,,,,
2020-02-10,403.0,,0.0,,199.700213292316,,,,,,168445931.633359317006249967,701.0,1000.0,843493.999612271,,1159.930482877850763153,,246.77925913842887,,1159930.482877850763152689,,,,
2020-02-11,348.0,,0.0,,422.34565500107,,,,,,168445931.633359317006249967,628.0,854.0,398834.29517685564,,702.953971498855244183,,230.0285529468921,,600322.691660022378532274,,,,
2020-02-12,855.0,,0.0,,76.915133617343,,,,,,168445931.633359317006249967,1232.0,2045.0,2190023.2595497756,,1657.02140739652901452,,292.3434759786677,,3388608.77812590183469397,,,,
2020-02-13,405.0,,1271829.700736854688942307,,76.41759804556,,,,,,169717761.334096171695192274,619.0,878.0,2220925.0967677813,,2889.690022615306877816,,218.0,,2537147.83985623943872241,,,,
2020-02-14,348.0,,0.0,,219.199052875574,,,,,,169717761.334096171695192274,575.0,785.0,774263.2055551553,,1338.661097568033591654,,269.8947494,,1050848.961590906369448521,,,,
2020-02-15,299.0,,0.0,,266.518317127815,,,,,,169717761.334096171695192274,537.0,692.0,636795.8613992891,,1299.664416097757717267,,297.9748732413417,,899367.77593964834034901,,,,
2020-02-16,251.0,,0.0,,297.731574042228,,,,,,169717761.334096171695192274,376.0,494.0,570036.1538075382,,1528.186494324251548545,,149.66008273688283,,754924.128196180264981293,,,,
2020-02-17,274.0,,0.0,,173.008717028765,,,,,,169717761.334096171695192274,513.0,712.0,980978.0931782646,,1957.302022401468177003,,423.9099671036413,,1393599.039949845342025833,,,,
2020-02-18,299.0,,0.0,,215.107030897609,,,,,,169717761.334096171695192274,503.0,691.0,788992.1618363166,,1411.073519994068346194,,257.9490896,,975051.802315901227220131,,,,
2020-02-19,364.0,,0.0,,155.127790967778,,,,,,169717761.334096171695192274,611.0,810.0,1094051.2997400234,,1618.564428011036316038,,285.8395682044172,,1311037.186688939415990738,,,,
2020-02-20,638.0,,1255931.829477644006249999,,101.159871380945,,,,,,170973693.163573815701442273,516.0,1070.0,1690133.5562174162,,1757.9245220418207907,,85.84980237006523,,1880979.238584748246049188,,,,
2020-02-21,281.0,,0.0,,146.95399252496,,,,,,170973693.163573815701442273,423.0,542.0,1163450.4801530587,,2468.240584415700778317,,200.6,,1337786.396753309821847684,,,,
2020-02-22,234.0,,0.0,,376.888708712508,,,,,,170973693.163573815701442273,394.0,547.0,453645.0395333895,,1182.988926143621111762,,301.6757358002293,,647094.942600560748133583,,,,
2020-02-23,236.0,,0.0,,370.859879244323,,,,,,170973693.163573815701442273,318.0,416.0,461019.6538702315,,1277.309593441837528489,,105.74153189009812,,531360.790871804411851493,,,,
2020-02-24,278.0,,0.0,,87.826448135902,,,,,,170973693.163573815701442273,441.0,559.0,1946722.1639091037,,4553.752903434827206345,,199.6403073156135,,2545547.87302006840834707,,,,
2020-02-25,287.0,,0.0,,179.137306899907,,,,,,170973693.163573815701442273,560.0,692.0,954428.1764775284,,1638.316881085722202064,,300.5,,1133715.281711319763828382,,,,
2020-02-26,657.0,,0.0,,143.008017711827,,,,,,170973693.163573815701442273,642.0,1186.0,1195553.1997380746,,1210.947872187488002617,,103.10980192443516,,1436184.176414360771104095,,,,
2020-02-27,290.0,,1240232.68160917345528846,,82.240032360955,,,,,,172213925.845182989156730733,552.0,767.0,2094040.103113397,,3334.385961250191916694,,579.9850650105501,,2557474.03227889720010401,,,,
2020-02-28,249.0,,0.0,,120.613610349846,,,,,,172213925.845182989156730733,406.0,550.0,1427815.0313689085,,2930.103241807655474977,,231.9168941967992,,1611556.782994210511237209,,,,
2020-02-29,179.0,,0.0,,1471.760607555871,,,,,,172213925.845182989156730733,226.0,310.0,117012.18592280155,,673.549201374914816049,,125.18966584170045,,208800.252426223592975085,,,,
2020-03-01,235.0,,0.0,,429.879290932932,,,,,,172213925.845182989156730733,336.0,466.0,400609.9606972017,,1264.209583583164697363,,284.0560483765213,,589121.665949754748971062,,,,
2020-03-02,534.0,,0.0,,433.915092854836,,,,,,172213925.845182989156730733,369.0,802.0,396883.92655840656,,647.725855531483644996,,111.4495,,519476.136136249883287129,,,,
2020-03-03,236.0,,0.0,,60.280402690262,,,,,,172213925.845182989156730733,368.0,463.0,2856880.8129910333,,6761.078772390235665128,,260.4499830175089,,3130379.471616679112954119,,,,
2020-03-04,338.0,,0.0,,223.52195218367,,,,,,172213925.845182989156730733,517.0,690.0,770456.4324119411,,1620.604981045685135241,,252.56114593209995,,1118217.43692152274331653,,,,
2020-03-05,296.0,,1224729.77308905878653846,,85.95689750733,,,,,,173438655.618272047943269193,536.0,751.0,2017739.8283073346,,3133.470537012237454281,,329.50560909451275,,2353236.373296190328164708,,,,
2020-03-06,371.0,,0.0,,133.966065595727,,,,,,173438655.618272047943269193,717.0,996.0,1294646.184069197,,1782.846721799542810543,,370.08731116925844,,1775715.334912344639301194,,,,
2020-03-07,289.0,,0.0,,150.003031077904,,,,,,173438655.618272047943269193,449.0,647.0,1156234.3398794178,,2281.991005224810025457,,293.74919937452404,,1476448.180380452086470611,,,,
2020-03-08,229.0,,0.0,,413.245245849146,,,,,,173438655.618272047943269193,400.0,588.0,419699.09481205547,,980.979471170325122794,,197.05304045638687,,576815.929048151172202787,,,,
2020-03-09,299.0,,0.0,,134.287301744457,,,,,,173438655.618272047943269193,671.0,991.0,1291549.1886814332,,2222.845473462218432937,,492.37439733062524,,2202839.86420105846704077,,,,
2020-03-10,312.0,,0.0,,138.228299584865,,,,,,173438655.618272047943269193,531.0,726.0,1254726.1026805139,,2354.823623982051417051,,312.98753834383325,,1709601.951010969328779053,,,,
2020-03-11,2129.0,,0.0,,28.34351036358,,,,,,173438655.618272047943269193,994.0,3079.0,6119166.376834211,,2214.955946558745282966,,95.94,,6819849.359454376726250872,,,,
2020-03-12,389.0,,1209420.650925445551923076,,39.729962890314,,,,,,174648076.269197493495192269,881.0,1261.0,4395878.162568783,,4532.266984452708185355,,1000.0,,5715188.667394865021733204,,,,
2020-03-13,307.0,,0.0,,62.457249646202,,,,,,174648076.269197493495192269,540.0,776.0,2796281.892951055,,4645.758831461864195945,,500.0,,3605108.853214406616053672,,,,
2020-03-14,302.0,,0.0,,70.983861363956,,,,,,174648076.269197493495192269,543.0,750.0,2460391.3187213554,,4169.455746070821724012,,468.34394935,,3127091.809553116293008986,,,,
2020-03-15,231.0,,0.0,,153.391352061597,,,,,,174648076.269197493495192269,376.0,514.0,1138578.3743471052,,2892.908896535825782293,,461.2288070863299,,1486955.172819414452098517,,,,
2020-03-16,277.0,,0.0,,139.09356102034,,,,,,174648076.269197493495192269,679.0,932.0,1255615.8242555736,,2183.331947936012520554,,648.3113938435495,,2034865.375476363669156593,,,,
2020-03-17,279.0,,0.0,,137.522334440738,,,,,,174648076.269197493495192269,535.0,738.0,1269961.5446424666,,2496.689031186357698341,,525.2204302941205,,1842556.505015531981375542,,,,
2020-03-18,314.0,,0.0,,175.045085186021,,,,,,174648076.269197493495192269,562.0,756.0,997731.9619319672,,1821.862792595694266556,,563.6067444350201,,1377328.271202344865516458,,,,
2020-03-19,307.0,,1194302.892788877481730768,,87.808711433625,,,,,,175842379.161986370976923037,559.0,752.0,2002561.8903986174,,3318.521285519084560481,,469.715920825,,2495528.006710351589482012,,,,
2020-03-20,243.0,,0.0,,185.016470286996,,,,,,175842379.161986370976923037,472.0,666.0,950414.7327490414,,2270.22998605525879199,,590.0,,1511973.170712802355465344,,,,
2020-03-21,196.0,,0.0,,534.642986312652,,,,,,175842379.161986370976923037,271.0,358.0,328896.82211066375,,1294.611061802676557392,,272.29748228042826,,463470.760125358207546196,,,,
2020-03-22,150.0,,0.0,,1438.202633991452,,,,,,175842379.161986370976923037,200.0,293.0,122265.37137814164,,651.912144150153181327,,228.24859922642906,,191010.258235994882128863,,,,
2020-03-23,217.0,,0.0,,302.677121317523,,,,,,175842379.161986370976923037,303.0,396.0,580956.9563651258,,1767.251151825423823175,,276.7720080045262,,699831.456122867833977448,,,,
2020-03-24,209.0,,0.0,,474.574040723017,,,,,,175842379.161986370976923037,278.0,379.0,370526.7546747589,,1478.105347535797707988,,287.78113,,560201.926716067331327638,,,,
2020-03-25,370.0,,0.0,,60.302458578256,,,,,,175842379.161986370976923037,697.0,933.0,2916006.7981936866,,4256.158470361501902131,,500.0,,3970995.85284728127468801,,,,
2020-03-26,287.0,,1179374.106629016513461537,,86.778333668412,,,,,,177021753.268615387490384574,509.0,728.0,2039930.3119259204,,3503.532235519816570456,,497.4376717422505,,2550571.467458426463291933,,,,
2020-03-27,225.0,,0.0,,31.568907249791,,,,,,177021753.268615387490384574,341.0,483.0,5607471.676733004,,12327.670079330784419237,,360.0,,5954264.64831676887449154,,,,
2020-03-28,175.0,,0.0,,1087.647558871265,,,,,,177021753.268615387490384574,243.0,355.0,162756.5398595887,,761.72047121712390416,,174.98923510469498,,270410.767282078985976856,,,,
2020-03-29,208.0,,0.0,,356.323856997644,,,,,,177021753.268615387490384574,365.0,499.0,496800.17150742176,,1418.926635244996818011,,338.79663717,,708044.390987253412187664,,,,
2020-03-30,242.0,,0.0,,172.776711265002,,,,,,177021753.268615387490384574,484.0,703.0,1024569.526601897,,2098.087731319947096356,,444.0964702,,1474955.675117922808738441,,,,
2020-03-31,201.0,,0.0,,228.983568726596,,,,,,177021753.268615387490384574,247.0,344.0,773076.2266177175,,2587.398132499425182251,,163.00658724136332,,890064.957579802262694291,,,,
2020-04-01,306.0,,0.0,,504.592854003914,,,,,,177021753.268615387490384574,462.0,646.0,350820.9675661445,,777.995553228361621571,,121.81,,502585.127385521607534765,,,,
2020-04-02,299.0,,1164631.930296153806249999,,96.37043380288,,,,,,178186385.198911541296634573,496.0,710.0,1848973.5717427763,,3171.053282852839953109,,341.79580703,,2251447.830825516366707236,,,,
2020-04-03,291.0,,0.0,,253.471793775033,,,,,,178186385.198911541296634573,478.0,664.0,702983.0915113951,,1436.509715362658071043,,170.58155883,,953842.451000804959172405,,,,
2020-04-04,222.0,,0.0,,404.633287620421,,,,,,178186385.198911541296634573,352.0,469.0,440365.1173802212,,1315.948097268522980063,,250.0,,617179.657618937277649541,,,,
2020-04-05,173.0,,0.0,,1356.159109423648,,,,,,178186385.198911541296634573,251.0,330.0,131390.47178220758,,544.319847909625946623,,104.95605302776688,,179625.549810176562385706,,,,
2020-04-06,293.0,,0.0,,236.858571630796,,,,,,178186385.198911541296634573,669.0,894.0,752290.212560516,,1333.41399444541614266,,342.86982118184955,,1192072.111034202031537929,,,,
2020-04-07,365.0,,0.0,,174.266098818922,,,,,,178186385.198911541296634573,641.0,864.0,1022495.9783145385,,1653.272972421268966057,,260.25,,1428427.848171976386673102,,,,
2020-04-08,417.0,,0.0,,208.410155105449,,,,,,178186385.198911541296634573,722.0,958.0,854979.3800055212,,1503.412366916836772493,,430.3393942,,1440269.047506329628048594,,,,
2020-04-09,342.0,124298195.4311682700350790578541579322223482,1150074.031167451883653845,797116.9236867980262141535557511632865905,87.480338738584,,0.00009495075193974017,0.6931005327349549,,,179336459.230078993180288418,610.0,842.0,2050020.1738585692,1420870.07461877917715502174052908,2863.62945206843622103,1984.783098784140142785974923943481547,338.55,234.649185357418981395,2411175.998641623298106952,1671187.3691762460002255774109963290964648,,,
2020-04-10,297.0,122252239.3133834633840427724491206937842306,0.0,0.0,463.357638156384,,0.0000993745883351315,0.6816920543554417,,,179336459.230078993180288418,454.0,665.0,387036.80367421167,263839.913807837119613598222144639,1088.082660757346054182,741.7373043202103779442372388147421894,320.61260925692545,218.559068256612014611091618721265,723574.969403635126030835,493255.3073729399013327848338612042448195,,,
2020-04-11,224.0,119295043.9953349396669993394685609283619362,0.0,0.0,945.777641558419,,0.00009664169608416131,0.6652024050630209,,,179336459.230078993180288418,295.0,430.0,189617.99407160305,126134.345699655987707922338653745,654.632071172232551768,435.4628281751557649494987524617159512,149.35564229906748,99.351732467071943951054701750332,281491.790604059997260244,187249.0161153169789282871243681581110996,,,
2020-04-12,241.0,127730275.9543049693589724066230905761221574,0.0,0.0,513.963245711729,,0.00010205935710111045,0.7122381946352243,,,179336459.230078993180288418,398.0,605.0,348928.56780398043,248520.253189361472707829425860449,1050.503737238090403342,748.2088852680135580194875541476396106,144.97113266755582,103.253977805363545899944358470426,635554.761029044694021761,452666.3755871482026016838467683213159923,,,
2020-04-13,254.0,124271738.1748025097939387846435937761249148,0.0,0.0,260.20670514758,,0.00010096093512565754,0.6929530041371486,,,179336459.230078993180288418,376.0,508.0,689207.6786736356,477588.53141128639286068137945016,1701.772216117048759958,1179.2481695154418307867216873919757588,225.1453646540259,156.01515680456103965759273654874,864500.285787460770058538,599058.0701138444500395673051166024047468,,,
2020-04-14,262.0,121257102.2081918902361698521426293956839402,0.0,0.0,377.298654811285,,0.00009834037858624372,0.6761430594133989,,,179336459.230078993180288418,341.0,477.0,475316.9854787281,321382.28075274131591148006993909,1420.638928631401094577,960.5551515266087899366408089999277653,234.39766617470013,158.486355126722311665085911571857,677644.768957178322113301,458184.8072781923927998263481932433087689,,,
2020-04-15,367.0,114998935.1369898668618102391678568075849318,0.0,0.0,225.725329928666,,0.00009678502299906243,0.6412468252730051,,,179336459.230078993180288418,659.0,876.0,794489.74240841,509464.025031360517373432212891,1342.855388719100650213,861.1017548168704784873187686464650863,375.28663524561193,240.651363418636910678514059510843,1176341.320517932169586912,754325.1372195785391550990053056918692512,,,
2020-04-16,354.0,134970623.717537472816956927725252079296854,1135698.105777858735576922,849360.2778095015110955603958690695541482,85.879225662194,,0.00010492379975920032,0.7478750501461481,,,180472157.33585685191586534,688.0,974.0,2101464.655093008,1571632.9843080411792093984424848,2754.447794410887836986,2059.9827823699897733326384759886136266,352.6950583066964,263.77183441741919813573289613684,2682832.151756204753224557,2006423.2300283700392261342154975878788917,,,
2020-04-17,263.0,133957789.555530376813716536506174638372468,0.0,0.0,441.274417677326,,0.00010481873897213319,0.7422629148619102,,,180472157.33585685191586534,378.0,499.0,408979.4243812792,303570.25965979448350394203152784,1029.727807139136509246,764.3287636414583689935784793555217092,115.23277279,85.533013818725612301983458,513834.175762429118113662,381400.0530570877261277273730102380371524,,,
2020-04-18,322.0,139662336.085293672219925548717002251005882,0.0,0.0,382.197962847022,,0.00010655294684657428,0.7738719265453423,,,180472157.33585685191586534,531.0,819.0,472195.49782920344,365418.839611122663994448251137512,972.223024375776845238,752.3761049054217151965771974568349674,247.53754697,191.562358365982059420977831,796250.656963761236250018,616196.0299175403847460710164220961911614,,,
2020-04-19,424.0,133167317.277896107282229905307939035644036,0.0,0.0,96.853250514165,,0.00010319687960257161,0.7378828914316854,,,180472157.33585685191586534,752.0,1046.0,1863356.742058571,1374939.0605989035613470120455634,2176.266638831740270646,1605.8299199874799079561282490159267684,208.31914874990008,153.715135820163642047291395994832,2276374.904218000323095272,1679698.0963069039837217825284668637314288,,,
2020-04-20,336.0,128740517.500953576456240998840355190295364,0.0,0.0,330.514348109271,,0.00010408951431911163,0.7133539012412246,,,180472157.33585685191586534,511.0,717.0,546034.2595359618,389515.66925134169565984037082028,1286.609584294118622014,917.8079663305597326979464235618783444,241.1730078,172.04170598821029013735188,922499.071938883051983726,658068.3118590113283442050192766795108596,,,
2020-04-21,240.0,127477978.547094586948335228848244603898458,0.0,0.0,321.729941462726,,0.00010281143892460551,0.7063581464805087,,,180472157.33585685191586534,350.0,507.0,560942.9962140017,396226.65508694524993774307866479,1527.730298029651517183,1079.1247416383397981603114346926309921,335.33166397039776,236.864252618354942559405626140512,774559.261101033319211973,547116.2440106382776674135181532881706651,,,
2020-04-22,329.0,131166035.590760251139551944250361311924392,0.0,0.0,209.633580456698,,0.00010202537206628616,0.7267937477284188,,,180472157.33585685191586534,428.0,567.0,860893.3594641101,625691.91111942939942836042210988,1854.218224754750356772,1347.6342126758405820618942538634321136,150.28122708456823,109.223456246018900854326498614724,1051341.733435943452289502,764108.5985872016100289326937285702994376,,,
2020-04-23,335.0,126255607.145328340323153418509430718579264,1121501.879455635500480768,779740.335192046906139370411703680364544,101.833481418012,,0.0000928429778454598,0.695264403453808,,,181593659.215312487416346108,510.0,737.0,1783241.1961827853,1239824.1264782792212389933314224,2923.303040936272680758,2032.468544871260492833628490183426464,372.64956066932257,259.08997449608018887369964684656,2154474.341170032965718719,1497929.317570118983218434951566637431952,,,
2020-04-24,333.0,121240660.9385904070599645800879487212367428,0.0,0.0,190.287910744274,,0.00008894333421300228,0.6676480966487791,,,181593659.215312487416346108,529.0,801.0,954310.0163591268,637143.26603503625377703236208988,1702.935138787348172574,1136.9614041276974830089413578932044034,299.0,199.6267808979849509,1364051.046168665886231797,910706.0847062856838901773835786796490427,,,
2020-04-25,333.0,114692480.1961835923498295966245851625840732,0.0,0.0,264.867612038458,,0.00008379019754529518,0.6315885735866729,,,181593659.215312487416346108,574.0,799.0,685601.6023165014,433018.13805581649385417079419206,1586.356919734212504646,1001.9249041342794296236606894749322934,344.2374492570538,217.41643955137730237046599830202,1267499.178867635791212196,800537.9984032892642693314176105615426884,,,
2020-04-26,368.0,124123919.8391186144144826614392163947495564,0.0,0.0,99.835781813509,,0.00008895360907151624,0.6835256273565533,,,181593659.215312487416346108,854.0,1316.0,1818923.5954952983,1243280.89172456135648124784334939,2029.156312036507099989,1386.9803411892635416823792450775079137,560.3557361183764,383.01750607315646191893909606212,2670369.706640043343585417,1825266.1290050708208539379492798732632261,,,
2020-04-27,408.0,140946887.09984640315343715254240140202208,0.0,0.0,117.263193491242,,0.00009979648901975402,0.77616634693576,,,181593659.215312487416346108,826.0,1287.0,1548598.957684662,1201970.39585462968542805131312,1985.957514477888351508,1541.43338918192430333375675357512608,400.0,310.466538774304,2555927.321133042308390789,1983824.77187713657839053950868675871464,,,
2020-04-28,386.0,142447668.2215752721742205134834023908959608,0.0,0.0,164.914715008403,,0.00010095765443221568,0.7844308487262626,,,181593659.215312487416346108,679.0,1036.0,1101136.7857990093,863765.66344802568776891797164218,1748.534667383155722941,1371.6045331626621183864875555160103066,254.5876866236864,199.70643509347409485337090644864,1811481.915408949328966777,1420982.2963565179546483234488605627776402,,,
2020-04-29,419.0,151903807.6750484584408120058998615302444588,0.0,0.0,262.919892696853,,0.00009547129251899474,0.8365039194179061,,,181593659.215312487416346108,720.0,1050.0,690680.5618724719,577756.99707208434252530952908859,966.904387291524689984,808.8193096717294402227666935409225024,266.986130675,223.3349447398587479494796175,1015249.606656100924483142,849260.2751553159122338565109906423889662,,,
2020-04-30,357.0,136023556.1429571073358343558947584858878644,1107483.10596244005576923,824536.664233634199585375291339124742374,84.64945682961,,0.00008604699766218584,0.7445139883349138,,,182701142.321274927472115338,567.0,832.0,2158326.2216204545,1606904.0633864696386900945743221,3155.834166932075688288,2349.5626821461898088221995831961495744,365.24771971999996,271.932036538969915332200602603448,2625654.026887486972655919,1954836.1515456299209402956409576619247822,,,
2020-05-01,359.0,142591884.4178255692089009924288440303972532,0.0,0.0,92.435929060933,,0.0000881330356452423,0.7804652045748114,,,182701142.321274927472115338,529.0,767.0,1976516.5361278572,1542602.38271452567693567297613208,2952.860302595672254451,2304.6047201461708401266816255261355414,268.74504964072054,209.746160146312801185142230606156,2264843.852090880619163626,1767631.8203521130343769376914040146901364,,,
2020-05-02,383.0,149329453.6505933046644229971975924471119928,0.0,0.0,254.802556960564,,0.00009104568335968623,0.8173427475784556,,,182701142.321274927472115338,541.0,703.0,717030.2547220979,586059.47849143938540235527400324,1162.48634289250580457,950.149781522191354990379134476022092,132.0,107.8892426803561392,817227.899053431580612804,667955.2964101005225583133617549159055024,,,
2020-05-03,388.0,142001918.7800058214131808339244323275750418,0.0,0.0,210.516598788908,,0.00008736134971763459,0.7772360751324661,,,182701142.321274927472115338,644.0,928.0,867870.4832414429,674540.24811789577515272679933569,1440.153347529915010662,1119.3391354230335853197485064438535582,268.03138312946515,208.323660235871782036052293506415,1336462.306507761129893981,1038746.7176725751671764506951732240765441,,,
2020-05-04,297.0,138850887.4259950714145314898890015574088718,0.0,0.0,253.356075771469,,0.00008556553350020403,0.7599891585890011,,,182701142.321274927472115338,556.0,858.0,721123.9823830953,548046.40860967824934078115310483,1347.627641628257888823,1024.1823974523396252428990686344247053,433.84367712784956,329.716491139552648511418711474516,1156264.516517045268610361,878748.4970141073984585799184273361003971,,,
2020-05-05,367.0,153954395.3728349179478525760652706715571774,0.0,0.0,287.71934611343,,0.00009377568268028436,0.8426569939125523,,,182701142.321274927472115338,672.0,1008.0,634997.7670575102,535085.30952986467602202376528346,979.33260635192098199,825.241470109054656848740657603233077,326.237459365,274.9062768101793333346872895,987167.267202736349846235,831843.4018699270941037960198171413955905,,,
2020-05-06,471.0,155101585.7558398600080957138682249187396278,0.0,0.0,174.342931989012,,0.00009161035638287003,0.8489360481561631,,,182701142.321274927472115338,760.0,1125.0,1047941.2055132218,889635.06570840007391012820727558,1364.882064052200401218,1158.6975856557020885708134829394466558,359.51476042095567,305.205039965575862356085902389777,1535492.322058725451370733,1303534.7838626648496425752044181369145523,,,
2020-05-07,305.0,163714521.6567618757068820129945349575937793,1093639.567137909555288461,974155.3963571948099161691982261817996027,121.827898781967,,0.00008913030798036363,0.8907462985328807,,,183794781.888412837027403799,407.0,584.0,1508642.7963216165,1343817.98663177454410453742565155,2848.794586280017992647,2537.5532330094352716168128547403282129,228.01653286967414,203.104882657963166318498684495098,1663696.038387530507705838,1481931.0880775101986242097997053663475266,,,
2020-05-08,352.0,164988284.7794201171277265359251441759315574,0.0,0.0,357.096930159907,,0.00009104850289262593,0.8976766537343226,,,183794781.888412837027403799,510.0,744.0,514691.5763350586,462026.61194969906713932450230436,1060.59196768747313184,952.068648531191682268940189122891584,305.76349155583256,274.476747933962577193578690623856,789080.423959480010088631,708339.0745072066116077961650883527463606,,,
2020-05-09,349.0,164911303.2908130568965595537605188374484634,0.0,0.0,280.83182473418,,0.00009368550243507691,0.8972578089346166,,29.455651317141967,183794781.888412837027403799,552.0,763.0,654465.6470554324,587224.41249993338758392744121784,1286.356414062394858103,1154.1933375906148437111564883617083098,245.25351251,220.055629268241182080153666,981489.943929607276732713,880649.5165816391257517236605882913328358,,0.06007205304317576,
2020-05-10,374.0,146517617.0570793236741674528718200048767795,0.0,0.0,321.372138518279,,0.00009147188292456307,0.7971805050811205,,16.941440051677922,183794781.888412837027403799,581.0,862.0,571906.3971625493,455912.63054916495095242108049065,1027.987931149585227837,819.4919381711224774364596461597513585,299.99862227512756,239.15305322892647545848728523098,886125.59665094246639588,706402.05070350757555053592666466698354,,0.064264166692604,
2020-05-11,341.0,141709048.8906577930232961359053920575668062,0.0,0.0,296.064708395549,,0.0000897403343851645,0.7710178027616338,,15.907248213960989,183794781.888412837027403799,542.0,805.0,620792.6060638698,478642.15109803339637850779847924,1235.305743981494787709,952.4427204634374478443028004609989642,317.74,244.983196649481523612,994421.123905103304106015,766716.389973067145514871929177849807307,,0.06442600670420766,
2020-05-12,338.0,146238091.2330262345642582561619340815002398,0.0,0.0,123.194241465085,,0.00009023897306901321,0.7956596467565202,,11.712577723246163,183794781.888412837027403799,450.0,624.0,1491910.4959991411,1187052.97823902145074542002480022,2624.765678652114271773,2088.4201326949792547974861916625643146,208.2764583920316,165.71717331190294003484502443832,1637853.783478919305586325,1303174.162801667054993609900786977706265,,0.0635203038884855,
2020-05-13,446.0,141768329.7366557457288637201301558295090417,0.0,0.0,66.041164094248,,0.00008273523248888847,0.7713403410044983,,11.312071150475225,183794781.888412837027403799,824.0,1235.0,2783033.6489241426,2146666.12378814135647958207065758,3156.408707026432051594,2434.6653684273356679766625528516852902,677.5237103,522.60136974143491720604249,3898164.753177643583718742,3006811.7300077595499512954965036640171386,,0.06358437536595539,
2020-05-14,330.0,152366105.7301897081205002491056463450744108,1079969.072548685685576922,890065.7393071202772951806678699251691256,118.512650186486,,0.00008408691811555612,0.8241585448429548,,21.891149124265155,184874750.960961522712980721,467.0,687.0,1559957.9510714728,1285652.67497126230543746633982944,2723.90122462260064904,2244.926469580905112427760803351383392,432.58596943390256,356.519423088124057434434085684288,1871320.141315726645890589,1542264.4846020818122379615051837882723772,,0.06435530666207763,
2020-05-15,349.0,152238943.2472592467445510451639469327313507,0.0,0.0,466.201366340795,,0.0000882900905781012,0.8234707143941267,,28.41712144828808,184874750.960961522712980721,467.0,645.0,396555.5751413595,326551.90275862909859274905324865,945.176113794525284442,778.3248496546421279191675600116868014,321.833240653403,265.0202485966346680287735681601,609638.593397468808465198,502019.5280272441725079520110446925525866,,0.06338723744663853,
2020-05-16,343.0,156424723.27283019667562112084366771859425,0.0,0.0,500.254996368045,,0.00009005524956165988,0.84611188093425,,13.135460364522755,184874750.960961522712980721,455.0,677.0,369561.0284818551,312689.976928778355407761127175,915.088940815961493037,774.26762493592375583845500442981725,263.41,222.8743305568907925,619515.212932405930785813,524179.18208162038270243435559508579525,,0.05728707826143777,
2020-05-17,363.0,150476858.8902855960898128214754967230689711,0.0,0.0,268.798617071535,,0.00008406266468150024,0.8139394812332191,,9.656492994081963,184874750.960961522712980721,497.0,713.0,687781.6298874825,559812.62303235540716547426991575,1425.947485894503875714,1160.6349569347854946587205532745309374,292.70538013956286,238.244465264967987156582384602626,1016700.557442781263384293,827532.7242945020576918394957152807675963,,0.05778765065572179,
2020-05-18,322.0,157809230.5131303045714101358869528918416022,0.0,0.0,534.272666192186,,0.00008775716414462407,0.8536007739988982,,10.30258944906751,184874750.960961522712980721,415.0,607.0,346030.711768547,295372.0833930213714171514149154,937.300278181528259956,800.0802429251351177548143981071804792,293.0730012507723,250.16734070583929554498209907986,568941.268856187653793364,485648.7074555570164772337989067864715448,,0.057932841083400195,
2020-05-19,294.0,155852386.7317267400896185354404703584583155,0.0,0.0,375.51551490357,,0.0000864259444769141,0.8430160739723555,,14.247949608464866,184874750.960961522712980721,393.0,570.0,492322.53694880294,415035.81222668978310577637712517,1421.903012278619459903,1198.6870949805877734044911851627115165,277.43018679785837,233.878106875747775886505984290535,810484.716998813092144497,683251.6441389350308403804131189894526835,,0.057219241077417396,
2020-05-20,418.0,150655231.1281784954774530989222790403747763,0.0,0.0,265.546779307902,,0.00008563785011111316,0.8149043087013603,,14.235627965788042,184874750.960961522712980721,458.0,745.0,696204.0791562344,567339.70383987831943603550565432,1193.955530627124584217,972.9595063058627744784413933598103851,180.8404781,147.36768479130398677235943,889496.870317207815241365,724854.8321978677669861943667604483288095,,0.05722173044325465,
2020-05-21,305.0,141512810.2412690399655281466194503502756284,1066469.459141827114903845,811649.454911985364135176968005164866253,129.140191196275,,0.00008392091208670935,0.7610620706992474,,7.744502486635966,185941220.420103349827884566,409.0,606.0,1439840.0582936953,1095807.65624072483014498587491722,2887.961322008018509973,2197.9178238267585695130367463604943202,375.566036865,285.829065700786785356155401,1750104.561136859217043629,1331938.2012390156931248934187358232648146,,0.05870318176856227,
2020-05-22,336.0,152550750.6097688588862354079559324680713372,0.0,0.0,439.875981467991,,0.00008954826011944464,0.8204245958217642,,12.882726135989339,185941220.420103349827884566,469.0,735.0,422712.8287376931,346804.00166579649233916188016702,975.96516136389687691,800.705823048097972916725227386444622,262.5569254476643,215.40815944060505881841799535806,717334.393602464204528898,588518.7799403520100938324225096362418516,,0.060017093974293736,
2020-05-23,325.0,148849567.9975195101287156201378649363928958,0.0,0.0,349.532295554807,,0.0000871677837521917,0.8005194741715613,,15.138855116828404,185941220.420103349827884566,445.0,706.0,531971.5024471832,425853.54741327453056842873113016,1145.116301930568567874,916.6878998867415758858286315196016762,273.4583571140687,218.90874024477330496621767446131,808452.1091629814089193,647181.65732003955257559994683822670309,,0.05957401991383708,
2020-05-24,236.0,146134978.059867763158042191490305112192852,0.0,0.0,1137.139825128395,,0.00008924593524613857,0.785920290991422,,17.714750470540295,185941220.420103349827884566,285.0,459.0,163516.58460216946,128511.00175246049597179545037212,667.854519342166600789,524.880418181331847395654604497431958,249.0,195.694152456864078,306545.224378054469762088,240920.111945231317954555950485988809136,,0.0591300734676638,
2020-05-25,233.0,151622322.458964926804012794749532229891769,0.0,0.0,883.173102227018,,0.00009152697747156222,0.8154314686996215,,29.108014742720776,185941220.420103349827884566,293.0,439.0,210537.68502599554,171679.05371736585234806725868811,783.268665566537411684,638.701918349314251993063725880477606,203.71932482619135,166.119148245516476993289031574025,343854.944183709923729358,280390.142155348956625021841041963037997,,0.058244906267746754,
2020-05-26,300.0,146573627.5318421665945653975048498500138026,0.0,0.0,105.63528220075,,0.00008922095315491498,0.7882793669993311,,15.325502870740822,185941220.420103349827884566,351.0,511.0,1760218.9017372022,1387544.24164165954014363538544842,3827.507129802019732969,3017.1448974657627309071877796236170359,251.11353548257327,197.947618795166926962835796739697,1955856.143328832083547412,1541761.0426050047554937723900675191361132,,0.057169218680310656,
2020-05-27,322.0,138728586.5506331534882592860627149480290508,0.0,0.0,30.246835118943,,0.00008137023888244726,0.7460883941559538,,-3.875194138286391,185941220.420103349827884566,552.0,869.0,6147460.37689247,4586548.840733057459118992887886,7740.32297820813289709,5774.965141059735652607320889666194442,560.0,417.809500727334128,6726340.668062867487571256,5018444.7075809102821157961731860541439728,,0.053265032348082525,
2020-05-28,311.0,138975148.3456256702841316094295819708297522,1053138.590902554275480768,782697.8988738979413750231595320159073344,113.299751898319,,0.0000776739853281121,0.7432050307862283,,-5.2555069713252065,186994359.011005904103365334,464.0,676.0,1650439.2629105216,1226614.76320221414897504044968128,2806.66194052205714067,2085.925273912230739064719668311834961,401.27061706974155,298.226341312926095858690380295865,1897303.471792910627092724,1410085.4851646679796076048275927663328892,,0.05321896076126122,
2020-05-29,449.0,139397968.2877383429692054285616587117596116,0.0,0.0,250.276599760902,,0.00007903238989348634,0.7454661682042174,,-10.883123091286736,186994359.011005904103365334,752.0,1031.0,747150.7891255037,556975.63584014650587198023930438,1056.599312965664092117,787.6590411637222908612932078214942358,195.39654374,145.661512742205562451569076,1089353.891667599678972898,812076.4714397976818781953185955439000252,,0.051751505595899236,
2020-05-30,355.0,150232585.588837058640863268888763166456475,0.0,0.0,142.880967737923,,0.00008289656749583269,0.8034070459847125,,7.910268789107842,186994359.011005904103365334,764.0,1300.0,1308742.248680716,1051452.74396796404159822955415,1507.727630626832429523,1211.3190018714331843868689182916671375,521.5330250539522,419.0033070420667915066889057425,1960045.919814882158379712,1574714.7024328631397027785532545221528,,0.04911222438832621,
2020-05-31,345.0,147412961.3831476758365490012390272854987032,0.0,0.0,506.143334088236,,0.00008356297213900391,0.7883283868176548,,1.0074993986602143,186994359.011005904103365334,582.0,852.0,369449.4156440022,291247.46184536149296496269004056,603.568788715930736911,475.8104095419156075406058591488163228,194.04069240661698,152.967786021889123105188205458504,514240.607985972987848473,405390.4689297120976248334788392236211204,,0.0485205973964374,
2020-06-01,348.0,152285521.2051835024022998894925176969485324,0.0,0.0,327.531301583486,,0.0000798485006972878,0.8143856424899986,,-0.3617949871358205,186994359.011005904103365334,541.0,777.0,570920.5749403522,464949.51923355812053508006150692,1414.802325489574176853,1152.1947008401709890896876058801224058,287.19183327,233.884905655469505573733422,1099301.406905399135414794,895255.2825528128585226978567822074792884,,0.048138485512814626,
2020-06-02,340.0,147025765.053683666835653317098819767915217,0.0,0.0,253.213770307677,,0.00008265655093823294,0.7862577557488255,,1.1607387903117923,186994359.011005904103365334,553.0,896.0,738484.1621519676,580638.8999896577859742662140538,1476.984090073273849879,1161.2901959377334324472338889175671145,409.3037528891643,321.81825016620617375325140152965,1323377.744705653369491842,1040516.015560209155472924418971123331571,,0.047670578097873485,
2020-06-03,362.0,155006879.846131650278206024666070228566359,0.0,0.0,202.01527471006,,0.000085969228114958,0.8289388015015385,,9.07245085450293,186994359.011005904103365334,528.0,791.0,925644.6537490144,767302.7698950145828420344586544,1516.615493881617169247,1257.1814298368916320947677054853865095,315.5545359093311,261.57539880505511535417315589735,1199642.855660359180874276,994430.511000981280986877532219989073626,,0.048404151088854645,
2020-06-04,381.0,166552241.4937721817975578593080741725889063,1039974.358516272346153845,921161.8825299487117682018883147370701465,117.303638134161,,0.00009026004921594444,0.8857544178725397,,5.1144681965886445,188034333.369522176449519179,685.0,1102.0,1602971.0276714994,1419838.66948171567815603158502618,1914.115743276379912168,1695.4364759264335353765275917050930696,339.25957981186673,300.500671623942437104018663034181,2109355.549090570663208615,1868370.9964709297559844719280073009695155,,0.046180827709957295,
2020-06-05,406.0,168820124.3209207873159348473360602829710937,0.0,0.0,71.234150910141,,0.0000931161080121218,0.8978154217674603,,5.757721528901999,188034333.369522176449519179,710.0,1124.0,2639665.5391698247,2369932.42937478666011763411520941,4139.185951889588920726,3716.2249811696979147715187956230521778,394.167918540498,353.8900360316391464331241572294,4652445.009923897946896021,4177036.8788347404562031844328340453454663,,0.0462204888437539,
2020-06-06,283.0,164264599.5767628523528915915231614535910778,0.0,0.0,258.643623711462,,0.00009035247691408532,0.8735883316263982,,-1.9262462201350548,188034333.369522176449519179,398.0,690.0,727001.6197240178,635100.13206439389650850104668796,1610.790739623246216966,1407.1679948267236513580619322103118612,343.23158994661935,299.84311202294322718450530692517,1111445.610340039889706505,970945.916430439319437032157633508260291,,0.04566842749110492,
2020-06-07,255.0,168591141.051510308778573988117442347654245,0.0,0.0,666.190854292335,,0.00009198156238106838,0.896597648048655,,-0.1201998159558785,188034333.369522176449519179,366.0,587.0,282252.9492231812,253067.330428300708242271481286,786.982352637670880705,705.606526430732934205777458540701775,323.07265797449224,289.6661852887572865520004399372,461958.640998312806973581,414191.031014840232378563632360787583555,,0.04590505279442387,
2020-06-08,306.0,174254974.5800694704581168178308230126010695,0.0,0.0,511.352686822135,,0.00009485990837148835,0.9267189212601205,,3.2834612340109146,188034333.369522176449519179,440.0,696.0,367719.4590255992,340772.5803945583715439315767036,955.630746656407611962,885.601094664429567529249409229361421,345.45745434057204,320.14195942776225318336560933082,665118.999672859697925745,616378.3618864429790005364455754387522725,,0.04630030440244229,0.05330897199586518
2020-06-09,400.0,177444959.7135166520062899828785332443137904,0.0,0.0,197.108612486987,,0.00009649689041934984,0.9436838290845776,,18.377685238119195,188034333.369522176449519179,656.0,1078.0,953963.0511169885,900239.5048832863399811187065576,1407.642629049613273516,1328.3695861642207201435097443661268416,466.83291747545456,440.542675105961580457382245593856,1517438.754115483108850334,1431982.4138850299363147846612359860089184,,0.04051267018469688,0.05326080870783098
2020-06-10,625.0,199772355.229885373907053478106125444752262,0.0,0.0,74.926612867174,,0.00010744105618847212,1.062424886189778,,37.79511736102351,188034333.369522176449519179,1226.0,2011.0,2509580.0567264315,2666240.306151715603579737717207,2011.65050371799464044,2137.22755746620004131267157671342232,530.98832373,564.13520940694624688083194,4045429.1629768872219243,4297964.6180645282830792088313321498054,,0.0447416628287305,0.05506882642190021
2020-06-11,625.0,189435878.1824719915620679508567408709029422,1026974.67903481894326923,1029009.331428922689412511732650988351434,33.925424371825,,0.0001080017767387493,1.0019812098931358,,25.93088187614873,189061308.048556995392788409,1243.0,1992.0,5572850.201560692,5583891.1875129878800876978979736,3483.349758313371567202,3490.2510053157942168423044725882120316,538.92,539.987713635608745336,6938832.71856023616186549,6952580.002589062079948974738194073903542,,0.046292940269108636,0.055141929454084734
2020-06-12,389.0,203801398.640701188889468836152116607955508,0.0,0.0,383.566369227146,,0.00011399600178801578,1.077964607059412,,39.75213660620992,189061308.048556995392788409,591.0,942.0,492903.7663794651,531332.8148433443079598524805212,787.049040266310208926,848.411009427160417285305504214711512,303.43395010156024,327.09105878971361204185957697888,741400.1959308642168086,799203.1708803851130830897980692325432,,0.047184608436489375,0.055643278784077106
2020-06-13,579.0,218840426.1105412384641150360070621724352413,0.0,0.0,197.133995122409,,0.00012234114158249566,1.1575103778205957,,40.44753707445474,189061308.048556995392788409,1091.0,1849.0,959049.7464993813,1110110.03441924537689323244744041,903.566179708944938179,1045.8872300608131273984034512894532303,306.8719765299202,355.20749749570090687286883746314,1670693.866281839190692276,1933845.4883824434725588435117216137088132,,0.04739263905498918,0.05608362986774799
2020-06-14,518.0,215875800.9117269151099359127500232377571764,0.0,0.0,146.590989382861,,0.0001222128907941961,1.1418296167520596,,38.66062226537921,189061308.048556995392788409,851.0,1424.0,1289719.844613188,1472640.3158922023130276643220048,1517.252378519300943148,1732.4437018808442613913927307515076208,305.8556746204474,349.23506773330809680298222346504,2160567.387011484543043143,2466999.8314783222282217897039702969073228,,0.04756325435289804,0.055574672770745744
2020-06-15,379.0,206456562.154035890563865424016377735547236,0.0,0.0,223.77430702673,,0.00011566192275362182,1.092008535670404,,29.061955076749722,189061308.048556995392788409,672.0,1082.0,844874.9570967194,922610.6647237839560375480726376,1180.180190275359826558,1288.766841409814451078818001693789432,425.88248550929274,465.06730936867481570890779006696,1276954.965877939332335451,1394445.722405419236066948015229300692204,,0.04851303776112724,0.05267642057380783
2020-06-16,444.0,212791190.0079234864567573985804466086394008,0.0,0.0,87.426024908814,,0.0001182251413813737,1.1255142165485912,,38.27984051631182,189061308.048556995392788409,676.0,1072.0,2162528.9294091724,2433957.05374762835741413157792288,2659.019765255520539803,2992.7645478787860838735146590031755336,348.0201209447626,391.70159376829043281835404844912,2850469.188353918018668376,3208243.5953260586819119124881961227918912,,0.04782529558435065,0.05273373682659869
2020-06-17,431.0,208073300.444529114357350233817413067161855,0.0,0.0,167.98315135245,,0.00011647747125543313,1.100559932607095,,28.93145907673644,189061308.048556995392788409,624.0,1044.0,1125477.8025439125,1238655.7745185097145493465591875,1759.55229692329971268,1936.4927573205659427033709768294646,453.9029921953037,499.5474465006222078381562997515,1836972.597987924900037425,2021698.438642670844181774522643320530375,,0.047676615648200735,0.05266697697347157
2020-06-18,492.0,220463740.853774832029333785266080711289944,1014137.495546883705288461,1176272.6393634374549198725658845172594632,94.754771594754,,0.00012352247641156549,1.1598749129467112,,37.586334206095614,190075445.54410387909807687,775.0,1294.0,2005972.283454133,2326676.9276448779970468983973896,2085.661400884450779473,2419.1063357871680776345767401518191976,406.8926989493606,471.94463377254199367485511285872,2698845.852744479308638452,3130323.5985085954924595946529725032590624,,0.048165379180754433,0.05252929339450547
2020-06-19,848.0,261017574.782277304692793187207020900766104,0.0,0.0,76.845485410939,,0.00014788204489472515,1.3732314241594792,,68.51443899565025,190075445.54410387909807687,1799.0,3310.0,2473475.7614927846,3396654.64257868889764553049378032,1334.808839835528464593,1833.0014441080049251554771815425199656,436.8345934845545,599.8749909329219295418499640164,4418217.259855599217804002,6067234.7799974963022662388981348559957584,,0.055384219781683494,0.05621226286237897
2020-06-20,837.0,257414615.215263775699788659177831708384686,0.0,0.0,108.656641281358,,0.00014472947287526462,1.3542760059217378,,77.94553927480032,190075445.54410387909807687,1550.0,2739.0,1749321.9310167965,2369064.7178087289001051562689577,1070.777308616627803938,1450.1280167449546996232894631106434564,292.61122150045446,396.276356341516395334373892960588,2932859.048300943554984857,3971900.6378644309222663954237522061244946,,0.0533311869858275,0.05624001062375953
2020-06-21,629.0,268471345.659684579379949982702980123062349,0.0,0.0,150.832274725938,,0.0001521250737793775,1.4124462257140427,,72.16039510605971,190075445.54410387909807687,1143.0,2074.0,1260177.5441593695,1779933.01597749282476606292807765,963.442056836468987063,1360.8100968728448306637739611637295901,278.66764297277825,393.603060545529013165524858131275,1998178.825878836679168243,2822320.1409142801787960753804850009859761,,0.05247111332394638,0.056339160790619125
2020-06-22,645.0,290186998.025687997147269692353077554988912,0.0,0.0,185.502969790612,,0.00015764105748695357,1.5266937672828176,,90.71288288929595,190075445.54410387909807687,1157.0,1966.0,1024649.070355332,1564325.3493636186305357701434432,873.026840797923832045,1332.844636516798976773907266676769992,333.2341753788665,508.7465385965448387937356142504,1716370.769008718253800878,2620372.5553920267883381245773435811938528,,0.05292620822098257,0.05650879158901387
2020-06-23,735.0,300129692.13345169931365776116102972380069,0.0,0.0,62.826010408418,,0.00016427881584722942,1.579002965239987,,100.9113371087681,190075445.54410387909807687,1432.0,2443.0,3025426.00283648,4777156.62959296324030591832576,1611.349430733828141571,2544.325529166479677174567972226199577,337.89797038839885,533.54189719185510597219092481495,3936526.659282742149858957,6215787.267753709851339054875125706513559,,0.0524233128654544,0.05612573431717016
2020-06-24,1398.0,365494229.948174027179741008195334877009304,0.0,0.0,37.374363868772,,0.00020691939944122097,1.9228902970708392,,135.81261833533304,190075445.54410387909807687,3104.0,5413.0,5085717.210104007,9779276.2769551735597100787726744,1448.996245771066428474,2786.2608214852566535085248457179553808,411.7530177985674,791.75588271450180833895407576208,7843416.678358782577329579,15082029.8266996942654412931009469285126968,,0.061267326213329254,0.06012505810953398
2020-06-25,892.0,357435310.1353280828221189489228546652675336,1001460.776852547659134614,1873368.4266448574772811504808020449538356,59.696363630006,,0.0002022938553103804,1.8706358451027854,,137.30620429956943,191076906.320956426757211484,1611.0,3058.0,3200813.1601656307,5987555.83088255178544532991775178,1598.868298505156925254,2990.9003507822467793392900862550024916,342.5145569239337,640.72000765140881336272579492798,4889339.256828769877427066,9146173.2726921106512201738761400619496364,,0.06105584832212885,0.059882118197864195
2020-06-26,714.0,362453704.255837555650694278005033741270074,0.0,0.0,79.943137917161,,0.0002070978188789316,1.8968995847515735,,154.24595793337957,191076906.320956426757211484,1333.0,2425.0,2390160.197601384,4533893.886319804172696219777724,1325.012033610472983467,2513.4147763465441520245319945677353245,333.7868567277185,633.16014992234218008395394005975,3213154.181505396984908197,6095030.8326403695686608596483269487979795,,0.05905703417288579,0.058104177638786586
2020-06-27,662.0,320052380.1092925075621328369023788869533112,0.0,0.0,156.372341996418,,0.00018606550307748287,1.6749924743479618,,125.3742110136157,191076906.320956426757211484,1066.0,1961.0,1221935.4387192973,2046732.66399389803080907658324314,1042.471713013305720076,1746.1322740179152766976439903319410968,279.7089263332832,468.51034661619779719363342218176,2044287.02921909251706812,3424165.389349131857602545571934433757816,,0.06529032105485938,0.060823919368453286
2020-06-28,646.0,349899483.3886484675748246016140480353600544,0.0,0.0,130.911492159718,,0.00020105225415200062,1.8311971348380216,,145.64456617116025,191076906.320956426757211484,1238.0,2359.0,1459588.483552182,2672794.2491233284941743612431312,987.536507319983484369,1808.3740227523007014265508699904843704,302.89132366055435,554.65372405450298625136851327396,2329598.620767841039625692,4265954.3196726773546638069997395138109472,,0.06608501968892633,0.061265256017860405
2020-06-29,604.0,345103322.9906951874267750754041561506312384,0.0,0.0,137.601658173956,,0.0001966515471760236,1.8060964542256976,,124.80465702314301,191076906.320956426757211484,982.0,1664.0,1388623.573702851,2507988.1127189358486785105838576,1133.966512898915544158,2048.0528981574101451908984966511546208,230.35753930090516,416.047934935521592228422612439616,1886920.277463795465478796,3407960.0225339304815974455912388311080896,,0.06599034201617734,0.05897614239421412
2020-06-30,453.0,375691785.063136907476064488304867758126872,0.0,0.0,115.302705564704,,0.0002150249324245102,1.966181012121258,,149.41141851537154,191076906.320956426757211484,631.0,1053.0,1657176.2595261033,3258308.4952183543056881558339514,1823.034346120838848014,3584.415515787686699219001387200481612,361.7086685896165,711.184716100564852397737717557,1919655.166465243306958916,3774389.538124434094277950576218216236328,,0.06622094326729021,0.059526651980444344
2020-07-01,1128.0,445164794.9567480448541051047854365008495224,0.0,0.0,33.571721447709,,0.00025210280624301916,2.3297676497283986,,186.07670962924794,191076906.320956426757211484,2244.0,3724.0,5691602.87531202,13260112.254003080542974229931172,1933.141840053013016017,4503.7713212919399795883640406815603762,401.7567681839978,935.99992157450962141292073992308,7199020.21235742047164573,16772044.400491184483983391314146859427978,,0.07093455111484491,0.06266159813682952
2020-07-02,1232.0,474836218.40718524761339345668491652344538,988942.517141890812980768,2444920.46817534513346632594815249516592,45.680596458765,,0.00027184430728186725,2.472257412130815,,214.43345315891443,192065848.838098317570192252,2598.0,4336.0,4204538.988703291,10394702.679414712211350113012165,1413.333455345828510023,3494.124110791180773146342597014658745,306.1690541,756.9287133638054940120915,6128213.862379512419460882,15150522.14439055983236539448570915927883,,0.06979961882208581,0.062249441749320476
2020-07-03,1049.0,479383536.0714201475444007536544697303940488,0.0,0.0,28.198460081546,,0.00027528602462490776,2.4959332383734494,,201.09981989651342,192065848.838098317570192252,1918.0,3505.0,6811217.643895217,17000344.5111937650419047284515198,2334.499720947031893721,5826.7554484852392610721638910889712174,276.69132685,690.60307945456705029733639,8182421.521919346787490707,20422777.8469407636100544451235995980347258,,0.06993367014137733,0.06202264110812538
2020-07-04,943.0,466267693.929690635057206176055865060676882,0.0,0.0,82.676825506474,,0.0002660077336801841,2.4276449808770035,,174.07653090885768,192065848.838098317570192252,1747.0,3048.0,2323091.720823972,5639641.956175236659444206327902,1117.879696599489942011,2713.8150346740592347801860321384440385,218.53321380797038,530.52105965584037037153075115633,3407297.315235245343250629,8271708.2256865325476126798630819230102015,,0.07066700241180518,0.061337605843732115
2020-07-05,752.0,479485864.829164006326813527965661119714452,0.0,0.0,136.468739984262,,0.00027495287937970406,2.496466017929851,,178.06005080813267,192065848.838098317570192252,1283.0,2276.0,1407398.1254626352,3513521.5939156417344275552033552,1002.708400317976424196,2503.227447286629545956561243347074796,206.20738547270338,514.78973047876561288021617059638,2282164.3191237143414692,5697345.6700243688465948965563058770892,,0.07057464130759093,0.061336941014255617
2020-07-06,781.0,470626920.937196188905735798792617969049792,0.0,0.0,222.27960491573,,0.0002623789021320738,2.450341504146896,,180.4915559695019,192065848.838098317570192252,1265.0,2146.0,864073.1969580123,2117274.4171271129803728433748208,765.320052517359685276,1875.295488639168571762750563432303296,263.89973050955933,646.64446260075410986236454733968,1642376.832702253884602647,4024384.118619655755003722778993678433712,,0.07033073763717947,0.06138684856418526
2020-07-07,758.0,488963406.9565557041231339740753014864378756,0.0,0.0,200.658129713469,262.37995120152533,0.0002751586269210598,2.5458112929213503,,183.94133070302215,192065848.838098317570192252,1098.0,1927.0,957179.5028308074,2436798.38765951306648417604723222,873.679073018715805099,2224.2220504801036999894210905507051797,198.72499690533232,505.916341307355410784784444631696,1683579.573707065356425953,4286075.8912751598298800726875239347243359,,0.07031591519972476,0.061436188316347735
2020-07-08,1081.0,543566693.764038808037057258201606272664112,0.0,0.0,35.843360509498,269.58846269710403,0.0002999719671661567,2.830105909261556,,205.38989162034974,192065848.838098317570192252,1826.0,2915.0,5358477.723850752,15165059.470916425468833075290112,2274.033272395607396417,6435.755002064202124838562616230244852,283.7241981384792,802.9695297522065505619008656352,6628806.989033195560556706,18760225.831017149193907667478212723794536,,0.07150061748102875,0.06243830218426096
2020-07-09,1882.0,562124783.0917468357472193642405584614341672,976580.735677617177403845,2843728.373220460257690248301775144778772,18.27720244154,238.68610610532102,0.0003154333248522556,2.9119234788583976,,208.56981852524856,193042429.573775934747596097,4129.0,6457.0,10561924.353096502,30755515.5057079966895535458851952,2093.730315692368896453,6096.7824646622138930560134225639037128,345.9960639722102,1007.51406227327101185426730237552,13519216.648425625964397521,39366924.3743239151074641346312345554723496,,0.07143031066449358,0.05978232280162407
2020-07-10,991.0,560686485.3178212951954379393805749992283065,0.0,0.0,134.470040532229,233.61868467556783,0.00031280599480995136,2.9044727967617145,,173.38147237666425,193042429.573775934747596097,1467.0,2245.0,1435579.470413771,4169601.5194063864317902063703795,931.860554916724265706,2706.563632130901371834267899666112937,200.0,580.8945593523429,2092026.945788045976508869,6076235.3541338735797647336102011888959005,,0.07010659448918048,0.059433552688840464
2020-07-11,750.0,540130922.0985637677916405284087591966309741,0.0,0.0,160.278852670685,221.8479671585909,0.0003029055859905924,2.7979906971287853,,179.24582512153088,193042429.573775934747596097,1242.0,1905.0,1204416.093309629,3369945.0245525369704231215636537,892.555426720011880632,2497.3617806344064841345752265547563096,275.3347773145588,770.38414552216123695637224942564,1700318.087901622632603849,4757474.1921085443522760552296194294746197,,0.0692469655813363,0.05991193822695964
2020-07-12,829.0,534491437.87653305778528192084025527657537,0.0,0.0,171.438252134697,216.91811405255103,0.00029806736896481964,2.76877699403521,,156.85230998336561,193042429.573775934747596097,1486.0,2324.0,1126017.252101383,3117690.66250505447342919169543,837.898180215468335614,2319.95320472455708550890070441296894,251.30027568,695.7944218974899886266928,1947275.37082074841196757,5391571.2477798706667244406416699581397,,0.0693109474523807,0.05966790937068508
2020-07-13,853.0,490738615.1525059681922120318987501999081094,0.0,0.0,52.036096994332,191.3032709544458,0.00027522270801558257,2.5421282576893702,,119.62034262498669,193042429.573775934747596097,1529.0,2380.0,3709779.1864521303,9430734.49966784323319622945533706,1955.747505185224408122,4971.7609978368470355720756906259447644,381.38281478,969.524030449349185761451556,4654679.062340834091330116,11832791.1748516959446609198643948723329432,,0.07205650444526139,0.06093049642729872
2020-07-14,899.0,524887873.878670910652463076250181785083583,0.0,0.0,92.416487624586,200.13379359651978,0.00029362027141746324,2.719028531901439,,138.1290949201099,193042429.573775934747596097,1500.0,2436.0,2088831.0574835087,5679591.2436195149969135962990193,1182.45870697969789466,3215.13896207308180770224443492441574,284.28508501865497,772.97925735974919342908038750183,2880469.410202544071391152,7832078.511610027283561014274128480667728,,0.07202721969243668,0.0611928650194513
2020-07-15,1024.0,593484902.4428268252287526392490132239931501,0.0,0.0,120.100968173929,223.10385592558723,0.0003342902221402002,3.0743754300709933,,181.53401092085588,193042429.573775934747596097,1753.0,2792.0,1607334.4995372058,4941549.69328264186269948871252114,846.867822914037684873,2603.5896272846304018801170219634943509,299.5,920.77544130626249335,2364454.961575993216165715,7269222.2393786880820502059635756674547095,,0.0726175821766804,0.06261491027850627
2020-07-16,852.0,600324751.7466454805427531346064501235559056,964373.476481646963461537,2984108.0764055480657330309388486288952008,64.687110522871,217.51910498537123,0.00033882482291057854,3.0943489728611784,,174.92757775641903,194006803.050257581711057634,1516.0,2416.0,2999157.041983849,9280438.5123120932565176119076616,1527.547197847945187803,4726.7641026577604559577368686358870552,356.0819990287936,1101.84196794910260075259722637824,3690554.030000635573732751,11419862.0720211492615960676019522245337784,,0.07279505263526685,0.062147494969867906
2020-07-17,1006.0,647368742.07945449733302609961170685511783,0.0,0.0,78.809105916547,227.37971848807447,0.0003644238156465366,3.336835265058995,,203.19432556066533,194006803.050257581711057634,1840.0,2962.0,2461730.796130301,8214390.133609343720182472107495,1279.642171820372772507,4269.955125586901602673722951069050465,309.37795,1032.34325379165850216025,3790300.112931944152165869,12647607.081988402547120017853827310441655,,0.07238453815215638,0.06244336429214587
2020-07-18,941.0,662312181.171682606779487772005370346853656,0.0,0.0,119.676022623997,228.91267120845342,0.00037204618898499986,3.413860600548684,,194.33006632375788,194006803.050257581711057634,1489.0,2185.0,1621100.0231833975,5534209.49869435894450885927389,952.279016754388658521,3250.947816027047578440561159311936364,214.70278006197796,732.96536168185609588790231500464,2080729.651608339218867998,7103320.978019098958891304969044168614632,,0.07236788345125393,0.06227215965075158
2020-07-19,965.0,652678832.0967979656656318313497727074284104,0.0,0.0,167.107477214409,222.57758711142404,0.00036492715569364507,3.3642059032729956,,144.98462852553368,194006803.050257581711057634,1404.0,1991.0,1160970.2108142981,3905742.83674555586410506009838836,752.532211619018735049,2531.6733087317859981496997852329427844,208.37438963396013,701.014351697475970135404116065428,1498291.63333346630148341,5040561.557684985922318915211622474402996,,0.06839622925883587,0.06202127301833126
2020-07-20,1305.0,753114535.29236137355780057685313535365793,0.0,0.0,66.081003030581,246.55139514846718,0.0004234555320893069,3.881897559526645,,186.6400602648627,194006803.050257581711057634,2477.0,3539.0,2935893.738787141,11396838.739627360026552372871945,1089.061880543020272235,4227.626656253448983355140885636201575,292.20747863295685,1134.31949818070946055198271026825,3854189.995241748743439709,14961570.736480955952094014397759136546305,,0.07089444004858095,0.06271066851776318
2020-07-21,1156.0,682128440.2554252215806618727050754321587522,0.0,0.0,88.966888629595,217.7352878889613,0.0003744980391151133,3.5160026840848433,,148.93002084432464,194006803.050257581711057634,2085.0,3138.0,2180663.0088862213,7667216.99232848458727980553962229,1031.266988270725312796,3625.9374987679628128834251733951448668,316.19268376804723,1111.734324816444124845502881549059,3236115.809193536031552454,11378191.8711338673068232868863723503204582,,0.07497728197002607,0.06445806985447168
2020-07-22,987.0,682992045.0454559470011661075453702179670184,0.0,0.0,105.334988971672,214.03013257114156,0.0003693588306543329,3.5204540990685076,,130.59333669345813,194006803.050257581711057634,1504.0,2224.0,1841807.7881266242,6483999.77740667552714845932004392,1080.553673985180197412,3804.0396108446634301086117226802223312,248.2401473,873.91804411565511941516948,2403151.370943040759044861,8460184.0945185314685635696914395807194436,,0.07461045610183659,0.06421232729023339
2020-07-23,930.0,650056592.769459596626017024011786036642208,952318.808025626375480768,3175338.058946585218760558930830799465472,101.093918543635,199.68134306444225,0.00034699393094623034,3.334322531684304,,111.16632489525009,194959121.858283208086538402,1232.0,1873.0,1928495.0535786483,6430224.5093890160863589306462832,1335.093471642984015061,4451.632244403820992509916172833302544,242.28217602273352,807.84691853810300612599975867008,2500630.072387309060209466,8337907.193768356718971783202416024421664,,0.07608853732788978,0.06478565870596348
2020-07-24,980.0,653540848.1280569934306321102730945030195186,0.0,0.0,100.39369701573,196.67256322811994,0.00035108492779697763,3.3521942543581993,,74.33101927159522,194959121.858283208086538402,1574.0,2395.0,1941945.835780263,6509779.6729774288742232071604159,1147.301276946339768268,3845.9767485973453518109661746277598124,318.5080039109083,1067.70070067724567522619281542419,2747786.55828648374500268,9211114.312890642117590012787522058474124,,0.06883948922878105,0.0648080796146923
2020-07-25,827.0,700332617.9035458976366017742821804230792988,0.0,0.0,237.348822854402,209.55744050295277,0.00037023652048730004,3.5922023613371694,,92.03108775774525,194959121.858283208086538402,1131.0,1636.0,821403.3653660783,2950647.10867832417842932770076402,820.626819362190288391,2947.8575982894707203976791733736204354,192.71042843724902,692.254856086583529518866409723988,1342545.476476543311806904,4822695.0308015740985678299474162907375376,,0.06887153817268817,0.0646252511678428
2020-07-26,1079.0,607493190.924683733087404890125693384506894,0.0,0.0,132.249520977151,179.75063251554644,0.00031367346696772804,3.116002909401047,,64.26820557341904,194959121.858283208086538402,1637.0,2592.0,1474176.3933645305,4593537.9306942193554488893634335,1032.052175956221034138,3215.877582933266028031710884519942486,312.44393749999995,973.57621827471873550241702994765,2675079.240078524920484964,8335554.694963025544655913698546009357308,,0.07510126074075449,0.06738329205032348
2020-07-27,1097.0,559587340.903006605032689218906294766264484,0.0,0.0,74.287394234049,162.02340246708846,0.00025983598498693087,2.870280372465842,,71.3607921482262,194959121.858283208086538402,1974.0,2877.0,2624390.367550757,7532736.161669354788442183742394,1292.266676693553374476,3709.167678105168202897106876144648792,489.49689514,1404.99333050331240470580788,3717851.228847353058368556,10671275.409908568919738145272199356864152,,0.07272441416632477,0.068673818903272
2020-07-28,1037.0,657530810.778854781169445821713511491939407,0.0,0.0,116.551475436022,187.3302739860704,0.000308157072162281,3.3726598915275035,,84.17787071438553,194959121.858283208086538402,1701.0,2605.0,1672729.7627845241,5641548.58030767971201587930858435,981.684033685535875101,3310.8863665641415164579663474823403535,384.37555611060685,1296.368021377823133827644850498975,2557286.907750820954637033,8624858.9848995886503693868437877791371155,,0.07626594693707142,0.07091535337628967
2020-07-29,800.0,635626011.5364635964579800210048123733906316,0.0,0.0,106.110793353566,178.611269838197,0.0002933043467414426,3.2603040343939558,,80.51660678286974,194959121.858283208086538402,1312.0,2076.0,1837316.598026658,5990210.7170052910471672424737164,1265.604537670717955321,4126.2555801151389615309858935768488118,373.99861919499125,1219.34920701919873019356063388675,2627395.02020441047524554,8566106.584319028484135535894812096907132,,0.076663142025252,0.07101315870572311
2020-07-30,787.0,702521987.0574605703012349995761124453790256,940414.822925306046634614,3372453.5609029306190090875185212297529324,80.088257486173,193.05163971046724,0.00032204833021799294,3.5861339896923266,,82.39083622434877,195899536.681208514133173016,1339.0,2173.0,2446045.6854742886,8771847.57301961242692430901385676,1647.553586090811895592,5908.3479149197433519640495674027643472,462.2463339961781,1657.67728995436591328547929696746,3580133.942575334249122244,12838840.0191206023038208490289096721728904,,0.0769887331106496,0.0713898568421383
2020-07-31,773.0,765871187.526655619849409492932143175848696,0.0,0.0,163.510650616448,207.8591296495076,0.00034480877610540043,3.909509948320981,,67.80686042991228,195899536.681208514133173016,1190.0,1742.0,1198084.2589926214,4683922.3294584241054333978095934,976.154799780627986771,3816.286900843640475756822649729742351,270.4221893870749,1057.2182396555097289427578884769,1700461.661217853952955619,6647971.781269621708770484462671459542239,,0.07279222363695974,0.07181955755848572
2020-08-01,992.0,736921717.17751020962750605338116223696604,0.0,0.0,97.015563828602,195.91309097599802,0.00031885625230863797,3.761732823170065,,52.15781353155548,195899536.681208514133173016,1698.0,2645.0,2019258.8585817504,7595912.326803890966258084581776,1174.541509079403908191,4418.311346879694596458152078839502415,397.72257783156687,1496.12607554481595059729942974655,3106662.29151502333716556,11686433.5124967922076331852810109409614,,0.07303333326033025,0.07186980398712439
2020-08-02,906.0,834945246.11170316069335234018035334376636,0.0,0.0,74.530889836008,215.19998758361464,0.00038418076431196243,4.262109345722585,,70.76215341801843,195899536.681208514133173016,1508.0,2292.0,2628434.158135667,11202673.790006501194664575939195,1424.225261196261997191,6070.203796158777947657625825135258735,352.85330259004775,1503.89935863812172292325340343375,3264324.298661832497562472,13912907.10079591905603426186775201883012,,0.07577551967709381,0.07291836008918616
2020-08-03,923.0,812472368.26071128588871069860235599843612,0.0,0.0,107.942681578752,205.2971155956377,0.0003691133578482018,4.147393005746945,,70.84017796740078,195899536.681208514133173016,1336.0,1952.0,1814847.7860287814,7526887.014271096186569375122823,1255.608281611348761677,5207.501005112848310702790770175826765,280.0891216914599,1161.6396642889657264998270150055,2450947.365705352782793329,10165041.961980279902491121789607208129905,,0.07576609026341548,0.07307057185372891
2020-08-04,953.0,886840996.006745608340903195450482234662464,0.0,0.0,125.963362576267,220.28464460809303,0.0004041024751118195,4.527019364266904,,81.33711141082756,195899536.681208514133173016,1303.0,1929.0,1555210.4411518602,7040467.7826045454776061088948208,1133.565757168902716733,5131.674133373497652133906628518904632,267.3492228834218,1210.2951090149589801642120121072,2186648.345578813340577849,9898999.403277476970965816968321626209496,,0.07681515231264169,0.07348523703160745
2020-08-05,1148.0,854827631.52303616113849582176077771257052,0.0,0.0,22.293233324332,192.65858898661904,0.00037227530734641637,4.363602109555345,,78.08138588725267,195899536.681208514133173016,1613.0,2246.0,8787399.020643229,38344712.903983366710089075009005,4121.248826236445805377,17983.490072167844378413559735880090065,204.98554909676713,894.47537446701379331302131180985,9256324.863727057278877408,40390918.70208897847391976132579164614576,,0.07719843342645766,0.07361307058306359
2020-08-06,1028.0,877263344.372874216975521184628548335363852,928659.637638739720673076,4139036.351170652056134270221711645770356,67.301374114587,191.68008716303981,0.0003786968573826294,4.457000372811281,,75.07190675145516,196828196.318847253853846092,1468.0,2065.0,2924579.1621390833,13034850.4159699980910783452387073,1612.881496948315121688,7188.613433199057475862367308174162328,210.03925,936.14501555500185277925,3330600.291198270726286521,14844486.739556053687659358548678267043401,,0.07711656115699395,0.07361659865165611
2020-08-07,838.0,846863838.001493062561835195765603020478816,0.0,0.0,76.554472081778,180.44891199289953,0.000370942748695396,4.302553464594248,,52.02800186784846,196828196.318847253853846092,1091.0,1549.0,2571086.847919058,11062238.625286847406719116378384,1985.390156569168209222,8542.247296717991163947707915001755056,275.2807594820266,1184.4101854455294343308177429968,3075369.35252564155608561,13231941.06261616831295814902947380157128,,0.07590911776097688,0.07404424353155892
2020-08-08,833.0,853392997.927769783094427633045130684150676,0.0,0.0,222.02069952731,180.39322902920546,0.00036921758914864884,4.335725337569703,,48.89557947001747,196828196.318847253853846092,1108.0,1643.0,886530.8358090121,3843754.2073539799316624793204063,772.754101064609329516,3350.449535696725673627914275745253748,252.747,1095.841571894729724141,1269634.988049153128394485,5504788.587149720281769349430272168287955,,0.07586679466817138,0.07407438612951169
2020-08-09,831.0,839491850.443695973190335182338931731234504,0.0,0.0,252.932777746856,176.27875755136452,0.0003651464580457683,4.265099544395462,,46.84591121496307,196828196.318847253853846092,1180.0,1656.0,778183.8244620071,3319031.4751688246591241566517802,736.604139564269745781,3141.689980055378197663904266070045822,292.3518772791364,1246.9098585864026784463634390168,1219816.45511843069901257,5202638.60697170629532815839836098895734,,0.07600861218255857,0.07324355094490236
2020-08-10,960.0,953103246.973965445382539227368612090990952,0.0,0.0,124.950341949725,197.17221777610098,0.00040793258444054805,4.842310526638206,,73.06385370070176,196828196.318847253853846092,1502.0,1999.0,1575251.361841359,7627856.251545582298480160361954,1135.782319535940712342,5499.810681858444237707359290152938452,396.89442394,1921.88604700866879516505164,2270428.856752345483972427,10994121.553035030031180734957810708745962,,0.07815763396476703,0.0736487233373409
2020-08-11,1151.0,950687224.039172278154492772885251140184232,0.0,0.0,33.506723688988,185.49032589844242,0.00042396090920616037,4.830035745992046,,74.44654287425156,196828196.318847253853846092,2142.0,2714.0,5874289.535014572,28373028.436427377291929206094312,2683.114004081731777896,12959.536550286612904033346575854615216,471.2285105019388,2276.0505502549526547318123787848,7281971.407077820045208487,35172182.197477867421540431251936713694402,,0.07807004869096568,0.07348052871142298
2020-08-12,2360.0,1107815415.460361707699744561105944775434672,0.0,0.0,13.408045384099,183.7472956705345,0.0004862278875170415,5.628336977014116,,121.40255748267829,196828196.318847253853846092,4834.0,6094.0,14679857.55420228,82623185.08961669513094267938448,3285.048732227373143448,18489.361250888667582749225275988911968,616.0508483486902,3467.3417694818486159528155108632,20019086.974193611936174331,112674167.462915540249286268111628423856396,,0.07924636099322008,0.07509234202874127
2020-08-13,2248.0,1000581792.0459873845555691950048011563220245,917051.392168255474038461,4640237.5581482358053689515427295950299065,10.472427237152,141.18567568561932,0.00042977669933040336,5.0599536708373165,,86.0941733957771,197745247.711015509327884553,3453.0,4014.0,18882465.66273439,95544401.444612458975802239864435,5410.015960274384159849,27374.4301174788399654189005802102052085,631.92396166,3197.50596949157665204328539,21715804.064541378017633403,109880962.4915600636211890229713407492830495,,0.08244671969896705,0.07686542002671917
2020-08-14,1747.0,1222427124.354837343259761801000312397934201,0.0,0.0,26.709430801354,161.0141657186762,0.000525022399814305,6.181828076805617,,101.07590037118096,197745247.711015509327884553,4460.0,5229.0,7403574.010307586,45767621.685627793614046502510562,1731.605699258247457597,10704.488729631257496548085635418922349,45.10653766836074,278.84086100576259298490801427658,9054566.201421375955777294,55973771.567241845449465895085871780260398,,0.08684841703880113,0.07956990969671407
2020-08-15,2100.0,1338620927.554843411053415251886281951249435,0.0,0.0,34.044124915859,166.85379805457458,0.0005704451516494461,6.769421480667395,,118.76722826152587,197745247.711015509327884553,4704.0,5741.0,5808498.476602042,39320174.35793370336745397982059,1349.617105345155868288,9136.12702359964865675866832695606976,114.52764877354592,775.2859257379725867675822792784,7748151.801786539839840421,52450505.242485582938444833446053377773295,,0.08764660688063614,0.07997039431120104
2020-08-16,1379.0,1286755277.786885848816881275294242897928805,0.0,0.0,108.518686990074,157.8611241122685,0.0005468345920893422,6.507136291170685,,95.00921604697916,197745247.711015509327884553,2816.0,3321.0,1822223.0032059243,11857453.4347673054920309744891455,749.79884524838369543,4879.04327699362986952646422118446955,63.400318495353616,412.55451335289551291405768794696,2490081.965069882252524061,16203302.722895844796704096536069820351785,,0.08792721268676745,0.08019012652907959
2020-08-17,1258.0,1229819675.292218163157570721304362093113488,0.0,0.0,87.736757944343,148.12964080228252,0.0005049798852734838,6.219212292218896,,82.17534398502767,197745247.711015509327884553,2686.0,3155.0,2253847.2168809464,14017154.3160093298918595204431744,917.21802228441730755,5704.3735988359533953784742155534648,62.07347921160458,386.04814493360530928500075614368,2893822.860307336605318686,17997298.704327432962409359302046151090656,,0.08878657775674817,0.08070878359003293
2020-08-18,1375.0,1190951782.481428570010931974318493742807776,0.0,0.0,57.752775298752,139.698720310266,0.0005021937445550065,6.022656909671392,,79.02164976917796,197745247.711015509327884553,4138.0,4865.0,3423995.5861530746,20621550.6756291627158608964618432,915.726678444443774434,5515.107607303862236851139659110792128,25.498214595712106,153.566998319149454269684696271552,4455010.290632218962622812,26830998.509533289782289238206561362994304,,0.08907831375892113,0.07891389051288566
2020-08-19,1616.0,1209026845.414967461644148647340827938480793,0.0,0.0,12.953031586202,126.59871278473888,0.0005209288010718929,6.114062711544081,,57.501907708497704,197745247.711015509327884553,3666.0,4327.0,15266329.460792243,93339295.698376709243708077363683,4143.372269631826321391,25332.837893801717138278568447769736671,248.5,1519.3445838187041285,17928371.810696912492658044,109615189.566480030057326394940515165237564,,0.08595884112593735,0.0787625905559025
2020-08-20,1837.0,1229527929.064998635413155699722482061690478,905588.249766152280288461,5605040.824194640367413088191632585728097,24.230423090535,121.61464803740884,0.0005215404728752392,6.189392172040677,,76.03491032748379,198650835.960781661608173014,3675.0,4209.0,8198405.583696853,50743147.342947879323162752889481,2559.072818240431514824,15839.105268899401036781333590456495848,262.0,1621.620749074657374,10771137.491973976245896038,66666794.076797578963823910154768849137726,,0.08322100252268003,0.07874798142963174
2020-08-21,1211.0,1057358909.161806033664651171431970819350938,0.0,0.0,20.791496899509,99.09309304152062,0.0004618515893562639,5.322700526518567,,51.19357834908069,198650835.960781661608173014,2066.0,2509.0,9554426.837130563,50855352.756577974472426422663221,4535.282416069261769867,24139.950103922258271556560718256620589,237.0,1261.480024784900379,11379023.581917777780596796,60567134.810740946003338034933465434711332,,0.08877830139375134,0.08161196956489315
2020-08-22,1337.0,1159442798.80317611560032411486392301946803,0.0,0.0,49.663937334133,106.09516004696758,0.0004996098352266727,5.836586557491645,,75.04565026417359,198650835.960781661608173014,2244.0,2760.0,3999901.0675348644,23345768.802070470046206049207938,1670.176192224475845236,9748.12791217995741870185251938305322,142.17528116589963,829.81833486048483337808263359135,4609686.290539553332851696,26904833.03761668247561907404658054407992,,0.08893186566011242,0.08211592501098558
2020-08-23,1108.0,1126715789.819329137471983137616954136678648,0.0,0.0,83.668777584749,101.72543597807356,0.0004862017945252021,5.671840163017332,,69.19783677939763,198650835.960781661608173014,1803.0,2249.0,2374252.8777782996,13466382.8293424404320044882886672,1256.031017526515016163,7124.007171202414315691667112829137116,99.0,561.512176138715868,2824813.758417132271350909,16021892.128034229795992385669285220954788,,0.08932282111676187,0.07906451938270904
2020-08-24,1017.0,1238849957.16264472302069671143112473996705,0.0,0.0,154.949349402307,111.11293989734932,0.0005297852935804831,6.236318871606575,,73.60711464164714,198650835.960781661608173014,1800.0,2287.0,1282037.2381494064,7995193.02237351598749865058708,921.503668535489079697,5746.790718342560568670738350604207775,166.357,1037.455298523854997275,2107478.889940663525266643,13142910.372849436020547509025558666977725,,0.0899567295744711,0.0794471480907658
2020-08-25,1093.0,1168449506.246272277303756750318120427077892,0.0,0.0,37.750093554253,102.11561021608897,0.0005178456311232496,5.881925946070278,,88.76509801465149,198650835.960781661608173014,1915.0,2354.0,5262260.759043875,30952228.09360764367650483544725,2476.414183035896685737,14566.084836415271201167265179482224886,193.01312687964787,1135.28891892555540242748291300786,5829478.986866500798224936,34288563.704921548407547965745687108052208,,0.08601527948132091,0.08008978356169405
2020-08-26,1123.0,1218917354.713858794424632214724660788581642,0.0,0.0,61.175609114536,104.62651199891751,0.0005348633814324247,6.135978984525903,,113.77629319377318,198650835.960781661608173014,1977.0,2510.0,3247222.8529651095,19924891.1838661582173016579813785,1691.53377408108452249,10379.21568937732122831687994379105847,166.36088877941495,1020.78691739754123550717146044985,4245749.772943522151449115,26051831.380337076283070551915412703925845,,0.0838337527427787,0.07789675962357882
2020-08-27,1348.0,1217059734.647390526021193339759522595276962,894268.396644075376442307,5454295.964954770341196588728106026324054,77.437887672207,102.97818634048367,0.0005390496663563041,6.099171105031922,,80.84157019074819,199545104.357425736984615321,2266.0,2891.0,2576840.747543324,15716592.629685099386796097988728,1088.842723379430224627,6641.038076360086814824375974465543094,45.21047221334493,275.74640576848200114824204685546,3147844.313289932779397924,19199241.078757010981664998591969960529928,,0.0799519600779673,0.07746634879981439
2020-08-28,1523.0,1359834215.073837528494026735545292148639206,0.0,0.0,36.291966865911,111.24972109655766,0.0005911467766280662,6.814670895849686,,109.01949094193716,199545104.357425736984615321,2964.0,3709.0,5498327.084191666,37469289.556503012438619549916876,1919.21532702956892861,13078.82083197704057655734611062491646,171.20574039496123,1166.71077627193921946763387767378,7118369.647952671156215364,48509346.465802843498457152746670787775704,,0.08096726058329216,0.07821237061168149
2020-08-29,1292.0,1304349357.56849881473373949542597767674084,0.0,0.0,45.010971764778,103.99845949326131,0.0005688581816025508,6.53661417436804,,82.274677777136,199545104.357425736984615321,2315.0,2821.0,4433254.749535882,28978475.83440068128081065401128,2315.870850792204097181,15137.95422929409353825976083942049524,117.66836952152896,769.1527320892024648061825584384,6533071.670084807758147774,42704168.88083863787143191616225738274296,,0.08070417674561342,0.07819710566181319
2020-08-30,1198.0,1451398729.743557845425326636736412349145705,0.0,0.0,42.255250081701,112.35050318106687,0.0006217242649568603,7.273537150497105,,86.04728589118628,199545104.357425736984615321,2162.0,2548.0,4722374.236848779,34348364.450270008833648562284795,2382.748800362022089019,17331.011919735577456004266546411789995,218.7062366172841,1590.7679370812261972079500125305,6071243.943322432282819262,44159418.37148625135789050659253416923651,,0.0813686725241587,0.07656225471247054
2020-08-31,1345.0,1483348224.0733782722264969145083473884549774,0.0,0.0,32.038111799105,110.47934009231396,0.0006365325513649849,7.4336487925877694,,97.61235425336055,199545104.357425736984615321,2287.0,2674.0,6228366.565691232,46299489.6008446586810881400179008,3164.392621756406944427,23522.9833919931605533543699380656911338,214.5305287937312,1594.74460634073563224348451118528,8461585.870576632169398549,62900457.5901897113196751678846308915066006,,0.08059629119084448,0.07637973877068353
2020-09-01,1197.0,1432867430.383540383420688531465005705624194,0.0,0.0,42.477767567407,103.88553204578226,0.0005998705565258458,7.180669428085714,,68.47689361353832,199545104.357425736984615321,2219.0,2462.0,4697636.335072776,33732173.615521699979116555922064,2422.753147431199526649,17396.989457557655037655463422999192386,425.5506395,3055.738467159974853514103,5964818.248975613234609798,42831388.044506946702707463720646888225772,,0.07886585230064364,0.07667826627216695
2020-09-02,1078.0,1278220073.8984873563979399235302985115757145,0.0,0.0,32.377604372646,89.91654701505904,0.0005611860509437864,6.4056699261783745,,54.450516681254655,199545104.357425736984615321,1776.0,1975.0,6163059.566136631,39478525.3160473578722391444863095,4082.043142810283274992,26148.220997262487102734255164627060504,343.0,2197.1447846791824535,8062035.207050309468108659,51642736.4695934120278966884827083819947955,,0.08209437596453076,0.07833967227583111
2020-09-03,1166.0,1071597178.249437967410100256978395100995688,883090.041686024433173076,4721475.437365493356527552997477649299104,23.211573571254,72.88658462745164,0.000521029285539119,5.346539100759304,,18.102854672129535,200428194.399111761417788397,2213.0,2489.0,8634838.727492923,46166502.885291625377929586405592,4991.29143313578948494,26686.13481054544164094630865307288176,520.1232135082462,2780.8590982344181172360853726448,12423324.377074980028014889,66421789.543447604244311240055851717277256,,0.08824243488189866,0.08233829257475302
2020-09-04,1352.0,1071452157.019776815585754963491135248642171,0.0,0.0,39.256713896467,71.4374803691108,0.0005104882247257603,5.345815543726343,,22.50923456151427,200428194.399111761417788397,2402.0,2702.0,5105577.4797582,27293475.4509905539050826102626,2580.300421289053968988,13793.810099610655952082245707480650884,224.20031127304708,1198.53350891173952392576327522844,6971971.738323023824205415,37270874.889147992382525367225310178747345,,0.08788949488015547,0.08225349662538316
2020-09-05,1340.0,882215331.6164258899920079111711351477284235,0.0,0.0,15.010573152522,56.376341085659206,0.0004345747587225656,4.4016528426119255,,-1.2418112086547792,200428194.399111761417788397,2809.0,3347.0,13352467.78138078,58772927.76579886049453208449189,5721.976098414031703681,25186.1523589416174261956310686928477655,500.0,2200.82642130596275,19151454.001391764112221772,84298051.945377593525483225608329387941986,,0.09517645590278649,0.08641868558921502
2020-09-06,1499.0,993944904.174633894062717811111654194248221,0.0,0.0,22.572037549253,61.60498206456802,0.00048365962768455564,4.959107211210993,,15.2596301712351,200428194.399111761417788397,2783.0,3289.0,8879490.562682819,44034345.681280325560999945029267,3728.676376144022771854,18490.905905207896317081135035895791022,289.11183554329386,1433.73658848919525733481066140298,12263616.601137690896627887,60816589.522228770986880254820745364761791,,0.09738066403296107,0.08668940607874039
2020-09-07,1243.0,923787263.343029664195269164205458468832688,0.0,0.0,33.745795621842,56.23136551294488,0.000444552711051499,4.609068430280304,,6.304437468444855,200428194.399111761417788397,2227.0,2585.0,5939353.057344595,27374884.67289577686502176935688,3166.451379939591634097,14594.391091297076095411181551113925488,214.01201,986.39599899183272245104,8185276.817143844374139625,37726500.971002941706632742152987583446,,0.09841043036274054,0.0873006920918424
2020-09-08,1186.0,849343919.97579810614830739119615948968493,0.0,0.0,44.140006223341,51.12678914904163,0.000419210578658511,4.23764691650369,,-0.6436573778880877,200428194.399111761417788397,2035.0,2257.0,4540737.792037919,19242043.50308126102387938342111,2840.214848852689383853,12035.82769644859312300921676310091757,208.898487,885.23802929783617091703,6410364.913860519939356465,27164863.11088447467863283622016639785585,,0.09961411823959895,0.08809200691520265
2020-09-09,1231.0,999023857.788010609175527140808053145230369,0.0,0.0,15.091532132111,57.793850884240726,0.0004875666053585311,4.984447725945477,,2.9353177274640916,200428194.399111761417788397,2350.0,2786.0,13280838.064987166,66197643.091675408654067220748182,6761.982220634024611412,33704.746902523010695964948125223983524,396.02645580683117,1973.97316706060657012246356411809,18838882.466686392567393789,93901424.870429107798958131145621802442353,,0.10136573465248602,0.09016221251550569
2020-09-10,1450.0,1131898723.576827476362983878616698310062987,872051.416164949127884614,4903490.707886465405647176336119056891638,17.670410849028,62.911851566705245,0.0005440869402274385,5.622937612383817,,16.41606621751648,201300245.815276710545673011,2939.0,3702.0,11391939.187783336,64056163.336976070824471068673512,5028.418967906955676983,28274.486145468234675529777391668584111,800.0,4498.3500899070536,18615207.019191549916189563,104672147.710523404768802784628725685501971,,0.10368296261443088,0.09124690738159016
2020-09-11,1405.0,1201310633.920995276438658424590432360597872,0.0,0.0,23.806502969025,64.7950226536298,0.0005745396656818549,5.967755424518352,,6.0305281807114035,201300245.815276710545673011,2848.0,3527.0,8455683.141584963,50461448.936202043167896160740976,3975.603492394599894781,23725.429307471978291878867686803520912,500.7603452239406,2988.4152665938541367713344578912,14021953.517675753828891779,83679589.167453667435451944384973007428208,,0.10043969044153608,0.09054542204061206
2020-09-12,1229.0,1229590583.468949972458458667666932938363545,0.0,0.0,37.329620937373,65.09286076002346,0.0005852500538059353,6.108241837902595,,20.7173471391055,201300245.815276710545673011,2198.0,2708.0,5392507.096522495,32938737.458165351113409036374525,3638.048696121233392068,22222.08125397470199234672620242961646,235.3603478151533,1437.6379235078260027648303928135,9851835.869096300025719404,60177396.03576349299527041445721935345338,,0.09838292894741875,0.09028628215134067
2020-09-13,1147.0,1084832915.0626378785013476891585330111090405,0.0,0.0,22.158126744875,55.851492465203734,0.0005220747190067383,5.3891286156606855,,-12.823058993166782,201300245.815276710545673011,2257.0,2821.0,9084714.070508437,48958692.5624722842936556569535635,5219.18634591343204407,28126.866487227605682098566869802409985,417.3326819262379,2249.05949841910763781228595008045,14723324.681821791796321684,79345890.360469075629201210413236349954382,,0.09410868324041638,0.09087286303957828
2020-09-14,910.0,1041735138.20804226552055959439652605013636,0.0,0.0,28.796167602923,52.61703270239787,0.0004853387941836094,5.17503162496876,,-23.552822944353654,201300245.815276710545673011,1599.0,1989.0,6990522.092767682,36176172.90511555421776518761432,5446.172292854286828923,28184.11385054955743406872176933944548,352.75598420314054,1825.5233741482326218730713895304,10832436.690487176502727026,56058202.44874306973635843889825205770776,,0.09256101642111253,0.09110051600148554
2020-09-15,1066.0,903715738.985098005017272746429015843486701,0.0,0.0,27.205494170567,44.84103333902793,0.0004164795843000686,4.489392128285791,,-31.008174296621128,201300245.815276710545673011,2096.0,2597.0,7399249.745408374,33218133.562256997364869876613834,4746.711028288147220637,21309.847125644160739518324827869068867,583.1236720096812,2617.8708229373682164169123998292,12327208.540464318331993722,55341672.985297885440526544092639233804102,,0.09557618083078348,0.09270950474437106
2020-09-16,1215.0,963472178.312969606112145518626711666239096,0.0,0.0,24.233993080038,46.83947976822569,0.0004363698525993304,4.786244420173736,,-23.040986618803853,201300245.815276710545673011,2333.0,2815.0,8306524.028064175,39757054.2803612232541932575078,4727.569310869659592024,22627.302235134502551417597684959881664,533.6012407783554,2553.9459612731857351947363537744,13308107.610098091751548412,63695855.791903624682244615363408054907232,,0.09635908809815116,0.09299636675995049
2020-09-17,668.0,910210055.346806719040270754624689429885192,861150.773462887264903845,3877239.207889699081431959910476488028415,29.936546436732,43.6138479905607,0.0004116928007646944,4.502392992458707,,-25.24241277585301,202161396.588739597810576856,1243.0,1486.0,6752996.609545123,30404644.612913368918752630735961,7019.964489762281665864,31606.638926014659569521546161191477848,1200.0,5402.8715909504484,10431667.23178675055547351,46967465.44405778412030724365269150735157,,0.09674686502473877,0.09336113191245192
2020-09-18,928.0,914373299.27606236457078230946182856899972,0.0,0.0,40.587881775606,43.34808878610524,0.0004141886371835399,4.522986656726495,,-26.023221054200906,202161396.588739597810576856,1299.0,1487.0,4980831.414322356,22528234.02638417258882965602222,7066.711619857122823918,31962.64236354784181740225208417030741,377.8635335590038,1709.071720350898343866241265681,10508200.178727541639165377,47528449.194595640782474032511354762563615,,0.09667316882403754,0.09157952839388227
2020-09-19,1280.0,868703969.50967710111902892904379100300364,0.0,0.0,22.728092339802,40.407378595950114,0.0003880410788388897,4.297081362555565,,-30.573451429257336,202161396.588739597810576856,2002.0,2419.0,8894780.677862333,38221596.274861585963434133033145,4954.627814464604916594,21290.43883993526559753267015151554561,378.7722906451495,1627.6153507837514998058914819675,11985244.683189879293240645,51501571.553803407480430493499907728939425,,0.09686296747536523,0.09088684785814513
2020-09-20,1037.0,846478852.6472380848092700534425299712672,0.0,0.0,58.05182461047,39.110467152718655,0.0003833953165818035,4.1871438708412,,-21.334220289490972,202161396.588739597810576856,1539.0,1930.0,3482429.6728871153,14581434.06046480987121085239036,2822.185504609582774191,11816.8967380028937026890208888194692,200.0,837.42877416824,5446818.023896494754189594,22806610.7043455848461938467221130664728,,0.09331514438259038,0.09096509696187571
2020-09-21,1161.0,738301594.881297955330160891778048400003032,0.0,0.0,34.268359660877,33.821142555001636,0.00034929772508274795,3.652040435708097,,-37.42848838555369,202161396.588739597810576856,1979.0,2447.0,5899360.185002918,21544701.940437056377909341227046,3880.870854281343324535,14173.097285596491696623203936798259895,493.1582606488771,1801.0339090931723914362264278787,9496490.980426447115137896,34681569.057854615181639722715712558743912,,0.09419658692041845,0.09245362173202396
2020-09-22,1039.0,864949338.418734211000037366062877258681272,0.0,0.0,31.294382194151,39.26585006998,0.00040670858674099854,4.278508919179637,,-24.565770610440897,202161396.588739597810576856,2090.0,2621.0,6459990.017841793,27639124.909147533708286813169141,3537.709410134103812992,15136.121264724495655266440082302443904,300.4205465561437,1285.3519879452822004173662858369,9272336.363961486093850911,39671773.834842903112448543247216305099307,,0.09934968160019698,0.09464426936760911
2020-09-23,1015.0,746006716.3435625273435707046569402269581568,0.0,0.0,35.821673628219,33.61466102892551,0.00036060257241445667,3.6901541487724128,,-40.82800727888742,202161396.588739597810576856,1855.0,2270.0,5643549.731564868,20825568.4557375342313697320735104,3139.463601922377019415,11585.104635553842203473087399641994512,241.26958728360302,890.321968487195454106899162766656,7126582.376363795834072296,26298187.5227072218018848161751079255557888,,0.10044647810762776,0.09624987178722766
2020-09-24,946.0,895021659.233260715066949347555244024305298,850386.388794601172596153,3749113.600822625793200114472289638100066,29.075665642765,39.806076811587864,0.0004105317307600369,4.408717790199922,,-25.046356743994853,203011782.977534198983173009,1630.0,2122.0,6982188.66153625,30782499.3666470472264791501725,4849.215748383076269321,21378.823738414096994330565294505192962,295.71361064996074,1303.71785607673503370792605106228,10290035.818068887843500201,45365863.972914713821974040212724037184322,,0.10622578470429685,0.09707695173199282
2020-09-25,1367.0,1004808061.55936702804047518674283772475844,0.0,0.0,31.624713663286,44.041865430967064,0.00046327941415491195,4.94950611645316,,-19.336325483918124,203011782.977534198983173009,2614.0,3382.0,6419403.038365474,31772874.60236791288710468219784,2765.777297650292793188,13689.23165146741624927793581996907408,257.7663956466863,1275.816351869359036834663163708,9353858.820653290226563334,46296981.44526280175506549229342018443544,,0.1082883078359744,0.09739934614912614
2020-09-26,1152.0,1070269733.859715640004661444886199101092293,0.0,0.0,72.746168453455,46.637667252862386,0.0004907786038418684,5.271958692063477,,-13.562702188924982,203011782.977534198983173009,1920.0,2374.0,2790686.9501646115,14712386.3237484388637637570441855,1595.792063917956147184,8412.949842098184577862840225682798768,100.0,527.1958692063477,3788410.359741227893415471,19972342.925141090187849835828714265852667,,0.10904643053928514,0.095607081664397
2020-09-27,1171.0,1047235946.459074588739395972347944776652169,0.0,0.0,35.614088150001,45.04731032985122,0.000479466734073641,5.158498344773241,,-24.30304524441669,203011782.977534198983173009,2870.0,3731.0,5700322.359019357,29405103.453675249509655294626037,2600.53433182279794354,13414.85204623388946047068760242081314,364.07797434058017,1878.09562800427731590132303123097,9702593.592030859127347785,50050812.984498641577016367577057568621185,,0.10685723106807615,0.09553103529732808
2020-09-28,977.0,996585793.491386483251598375881233399533646,0.0,0.0,42.410724931118,42.45784513080559,0.00045761471552686504,4.909004683741294,,-24.89988619810352,203011782.977534198983173009,2293.0,2800.0,4786802.94447357,23498438.07456737240164890059958,2064.794039885761028305,10136.08361276030910597121588803132667,297.75336122452507,1461.67264485090696323647589724058,5781423.311680130879254819,28381034.115728865496723424961323698795786,,0.10694967050918279,0.09510869972511438
2020-09-29,823.0,1004683341.092449995033721763815133131924287,0.0,0.0,72.204316424139,42.789573588025185,0.00045649170776737385,4.948891765576143,,-31.960314999725902,203011782.977534198983173009,1195.0,1516.0,2811629.456956752,13914449.867384592564166713967536,2318.522023061524938733,11474.114548236121091570609396521446819,164.28721540779514,813.03964752107141429971541534502,3514879.386961271807118507,17394757.655125959574817475694163532978501,,0.10474160183702526,0.09451235202155867
2020-09-30,974.0,963519395.192032003566443451010362256779303,0.0,0.0,43.303068285191,40.807446845549705,0.0004405839670954132,4.746125476365367,,-36.153487892812244,203011782.977534198983173009,1728.0,2190.0,4688161.624957263,22250603.325528122883957948310521,3151.958269557059305278,14959.589443585255941496031149519507026,361.0,1713.351296967897487,6902788.610329959878559736,32761500.881451710511880655668384071063112,,0.10466061912848397,0.09453845974204506
2020-10-01,1029.0,947933685.62417978151199289016305897881044,839756.558934668658173076,3904966.976202843329893737809185036978464,30.922952398808,39.89103303904103,0.00043841667124488613,4.650117864106664,,-35.24116503791857,203851539.536468867641346085,1689.0,2159.0,6592240.51143076,30654695.36669182801700789058464,4429.005981466473092816,20595.399834652514939986151550996125824,221.24653843205573,1028.82248073466394109187751238472,9562223.913986115407389704,44465468.243014779755429915193886071387456,,0.10460071873373708,0.09323827853418315
2020-10-02,1045.0,900885733.5195817658252295587148270279351825,0.0,0.0,48.229953665754,37.68141647789733,0.0004180963579777906,4.4193226873246845,,-31.009203748322786,203851539.536468867641346085,1637.0,2101.0,4226658.41541572,18678967.42681849240671968534034,2997.20898169891997517,13245.633651475352149284680664468083865,223.9168820504658,989.5609569206289297477190630401,6297136.070549430867833049,27829076.3017497148656509986606896025980405,,0.10314800514893292,0.09341138519969193
2020-10-03,796.0,899173813.709019557337838138664309296800495,0.0,0.0,115.372915926981,37.53514845288443,0.00041787115409891993,4.410924812015747,,-17.499437881426573,203851539.536468867641346085,1156.0,1437.0,1766892.4972433299,7793629.9562550687135655695159353,1834.020942084660068734,8089.728479197722429539433170110354298,61.5,271.2718759389684405,2635488.093775656518770794,11624939.824607127131248324258741811693118,,0.09812800639704958,0.09271828948606903
2020-10-04,779.0,904608033.487909347846077458006846464266445,0.0,0.0,70.902832163591,37.576531860355274,0.0004160642435706524,4.437582544359817,,-16.98960601871862,203851539.536468867641346085,1085.0,1340.0,2875083.1710943845,12758418.8936311098349978361476365,3678.34998276812024128,16322.98167557804403814687293717664576,113.43416316332471,503.37346238763309438680024717807,4928988.976909281123314651,21872795.445274579011114373502999851778867,,0.09814803957020188,0.09259857836251074
2020-10-05,788.0,853587762.921845260709994947135655413852895,0.0,0.0,135.501432948723,35.39409927556478,0.00038869791876095856,4.187301037131187,,-4.869802620634278,203851539.536468867641346085,1064.0,1381.0,1504423.4964925547,6299474.0671478009633235926734289,1496.593275827882512494,6266.686576037653060156324079444550378,104.83394049950515,438.97126778012706273414913211305,2066795.313918305749754871,8654294.161507998876078634610494319261877,,0.09210848932422279,0.09286008819341258
2020-10-06,1005.0,737696322.2089639942692825883263570292247145,0.0,0.0,34.42577195058,30.500631893527533,0.0003415123100089371,3.6187920085685237,,-27.027348785935406,203851539.536468867641346085,1562.0,2087.0,5921480.564883515,21428606.5470942915731737860168055,4442.105913791219939733,16075.0573820426461883764874415147821721,317.21086288405036,1147.920135635927166884555861653532,9270675.042082276014223802,33548644.7563230025951454602650021845411074,0.07642598333111013,0.09282557259463182,0.0946331200636044
2020-10-07,1110.0,800360770.064483167967650329309567653674065,0.0,0.0,31.100974372904,33.16805293420339,0.0003680625139774093,3.926194385798589,,-14.815879929128888,203851539.536468867641346085,1898.0,2585.0,6554506.527424726,25734266.729655164544593094511614,3238.700112256246100192,12715.766198025733403698581138826229088,331.65,1302.12236805010204185,8372039.790182396168997376,32870255.621896520848564978305137205502464,0.07659087084707022,0.09351786673499968,0.09525110141814776
2020-10-08,913.0,809717819.819764736615342112274915943530312,829259.601947985299999999,3280553.328794874990001626490092573998782,32.814628843324,33.241946614412825,0.0003628518386908241,3.956002826001218,,-6.646237783652934,204680799.138416852941346084,1383.0,1857.0,6237486.339268953,24675513.585291970100422407584754,4084.422088286620510487,16157.985323843667063579667740043773166,294.7013917929457,1165.8395387593853423597520078626,7584771.817948254287975029,30005378.746377689737070093515154707585322,0.07654813039121533,0.09234863868494926,0.09523839737055978
2020-10-09,1015.0,883713382.998919468835039746068186752929636,0.0,0.0,50.329000133871,36.046439710986526,0.00038987531879093937,4.317519702477329,,-13.380178911228167,204680799.138416852941346084,1762.0,2493.0,4066856.059011323,17558731.161920690029377561796267,2183.09326007844930287,9425.54816273416865348937627202963423,341.0836829821967,1472.6355214691655008035923686143,5442451.497375574112054335,23497891.569696282453146532472340953671215,0.07664288526276249,0.08868595228617913,0.09447109242359336
2020-10-10,882.0,880985934.527987600133780954583167285446876,0.0,0.0,107.283153035724,35.852413856975446,0.00038080596441138843,4.304194327149439,,-23.452924007728818,204680799.138416852941346084,1585.0,2225.0,1907855.9246880086,8211782.6480605739425766635171754,1256.057103446687140298,5406.313859230986853696474169004992822,204.46240081604915,880.04590570779357869872161892685,2794727.055168878887162741,12029048.336788945749473325029989019852299,0.07659786224769156,0.08547618848378993,0.09447118153466887
2020-10-11,922.0,846886307.04863282085253052541587801500785,0.0,0.0,127.602395738525,34.508296962110435,0.0003636403416550821,4.1375952732914625,,-30.667479161557615,204680799.138416852941346084,1706.0,2322.0,1604051.3812752902,6636915.4132812822689381738699175,899.817802341174301572,3723.08188579035426966824818402792905,171.44474705154357,709.368975031117077173055127771125,2089376.937036206728249421,8644996.1388052026141665152981193298682125,0.07664367708250934,0.08465035603585884,0.09236702576076737
2020-10-12,825.0,952862485.9347883925460101958869519823872,0.0,0.0,86.284142742864,38.73247762710885,0.00040311712559762376,4.6553584407808,,-23.785623354111923,204680799.138416852941346084,1595.0,2066.0,2372171.6717796926,11043309.41520069340734112798208,1545.108878506790312812,7193.0356594819418923976862095236096,272.8342667792836,1270.14130678517851991484863488,3192194.942995028786270352,14860811.6724896919496971577812907708416,0.07691622241538405,0.08772547016046717,0.09273609044605169
2020-10-13,762.0,923636303.772568214039560554351303341945116,0.0,0.0,74.024470671354,37.41712312205533,0.0003946289185185507,4.512569364886799,,-16.26532438336367,204680799.138416852941346084,1384.0,1887.0,2765042.3877684707,12477445.5716574460303823268482893,1852.882353319979003544,8361.260144331095158557705886379815656,290.8113939833908,1312.3065874494745022925281780492,3496389.000714800379687597,15777697.892352776564198702374884889332003,0.07623018817515681,0.08506942417003609,0.08894211932247555
2020-10-14,859.0,876426203.235513016530456838028704210564048,0.0,0.0,66.300253005749,35.44177780550292,0.000375043925774401,4.281917048031572,,-17.25814722808732,204680799.138416852941346084,1307.0,1814.0,3087179.7596408734,13219047.6431442666084411048549848,2012.052793710376000023,8615.443158928010699791556083176726156,236.20697438320488,1011.41867047540178714402078447136,3649863.767790622064041987,15628413.890295411409423017442900309613564,0.0763613331645407,0.08526446076186196,0.08824022281313343
2020-10-15,722.0,804384637.251754214229223809041833993019816,818893.856923635483173076,3205385.0224688363546874451049073109469976,56.542618722689,32.44086069653702,0.0003402963421521053,3.9142863209532526,,-12.81032689724376,205499692.99534048842451916,1302.0,1726.0,3634421.2142562186,14226165.24354542691289444944661836,2575.930492960868502934,10082.9294923230963161876656615599431284,311.03055624832405,1217.46265172129603826515714630503,4446056.030850459036064027,17403136.3037496642417396878175321675042202,0.07668194424755362,0.08289140683395552,0.08878476372608093
2020-10-16,819.0,801357673.438190128632443652577874505165536,0.0,0.0,67.240226897147,32.22659656552151,0.0003439069545902896,3.8995565480302696,,-18.52575410495397,205499692.99534048842451916,1632.0,2245.0,3056201.659011055,11917831.191497532731375741030428,2155.488016843065116682,8405.4474102811546242223099775919174672,416.44656341817984,1623.956923282066128209635256484864,4839070.597812681186951783,18870229.4360811921313817882923816396906968,0.07657061339250795,0.08187464634440417,0.08865488144054548
2020-10-17,784.0,813388489.589996743291829405696745195542012,0.0,0.0,111.797237155873,32.66123613170157,0.0003483384360023378,3.9581007530188357,,-12.088954481573122,205499692.99534048842451916,1146.0,1452.0,1838146.4356656976,7275568.79116728650164856118028432,1455.221521188462340008,5759.9133988252683589044563461216886856,135.80494633042576,537.529660334140768694193280487632,2112981.648765647317691407,8363394.2550942896571284433715113110348299,0.07650363973529496,0.08131048698757135,0.08864392568942878
2020-10-18,679.0,811879111.595018458793434200398560183871452,0.0,0.0,198.821873383237,32.70735029457729,0.00034385427498538867,3.9507558369609197,,-12.651614147801322,205499692.99534048842451916,1017.0,1337.0,1033586.9464383908,4083449.66164808592604420335601876,1152.483095119569094477,4553.1793150424244278276109161661104969,121.4518326904563,479.82653691142126736133026065911,1540869.89817486387931625,6087600.744211721460007495123588407155125,0.07649464611013822,0.08129481475634633,0.08859946256171038
2020-10-19,757.0,764803834.071847938328762574810388996083308,0.0,0.0,112.201302374674,30.822615588928404,0.0003168515491941094,3.7216787184649913,,-13.39054571096995,205499692.99534048842451916,1257.0,1709.0,1831526.8062496805,6816354.33711758934177248606027965,1690.130010997782970678,6290.1208933694505781380040314574251014,217.7067461590551,810.23456404641535157463083772063,2888432.188795211096888678,10749816.6067683910380377595694714963385014,0.0766551255829449,0.08147779172600736,0.08881765085134316
2020-10-20,954.0,759873524.12572324896744024982551803508382,0.0,0.0,50.521057048034,30.507025573337597,0.0003099627107094639,3.6976869067291145,,-11.689518660216306,205499692.99534048842451916,1726.0,2303.0,4067604.7771518044,15040728.9262230247274438356892038,2416.233365855580567174,8934.474480526198532696461921088787423,279.67,1034.132097204931452215,5564585.441565402046201824,20576094.728651835220800328968331963804848,0.07655957175856194,0.08138122520325038,0.08682838100716483
2020-10-21,885.0,724910455.75365055819744654370146403300024,0.0,0.0,38.301129339411,28.942010455113206,0.00027454976399521065,3.527550066802714,,-3.4087894451597265,205499692.99534048842451916,1531.0,1985.0,5365369.0253955135,18926607.863955156154880225223639,3266.937963184908372835,11524.28723027324594097806739670187419,389.9660964657429,1375.6249296385249787924337462306,6484871.85692204312007748,22875710.15209239319284148142020355428072,0.07658502778951762,0.07791731640394838,0.08601545856896989
2020-10-22,944.0,804451120.272717736223514520223552058976935,808657.683712090039903845,3153171.344922116583811120691552268894015,48.632510339453,31.975372137618066,0.00030000123984146753,3.899265917375187,,-8.863905836549382,206308350.679052578464423005,1663.0,2197.0,4242190.0337660285,16541427.0136925686346992094348295,2443.465681844317216803,9527.722453491468382390361446971667161,374.2066461371945,1459.1312213380396887941320928715,5368294.103011964925316306,20932406.230320756036112072514577250899222,0.07672858196875115,0.07446065628097562,0.08710247648395392
2020-10-23,781.0,782712350.927676570025439109910170061348429,0.0,0.0,130.781239558122,31.069662934412545,0.00029288734511981297,3.7938956341390058,,2.811304926139853,206308350.679052578464423005,1261.0,1538.0,1577507.2279183073,5984897.78482199162836289484088234,1263.589690133204917654,4793.9274087394253112635583787784283932,215.2198163009681,816.52152144444170730404451151498,1943400.943424869163351086,7373060.3546412361287204466625054723902988,0.07660451900250921,0.06945952780954116,0.08612133103379238
2020-10-24,791.0,778087378.8872415449581621160618845599474065,0.0,0.0,46.669296210094,30.7224043022091,0.00028759464249887323,3.7714778695395013,,-14.454087355669087,206308350.679052578464423005,1123.0,1461.0,4420644.1372139305,16672361.53261188145811839838285965,3261.901354803316964405,12302.1887722616268004338689995535512265,137.13107172074135,517.186802221010141261916345288755,4765637.879367646084996367,17973497.7962742367554363793266973734917771,0.07610387530103607,0.06088669488271744,0.08586877148035194
2020-10-25,775.0,755898133.640992059055110433061851792268555,0.0,0.0,219.014944456127,29.899810408173018,0.00028094041753933474,3.663924078463111,,-25.97394583909119,206308350.679052578464423005,1087.0,1389.0,941982.9829027024,3451354.1325597163358234406111664,955.291954622856939599,3500.117194504775162543513664876632489,200.0,732.7848156926222,1326900.524971148289103271,4861662.783167132700773893100774042936081,0.0761556264914648,0.05655498250923061,0.0856622045445362
2020-10-26,725.0,738894268.7924551175814544771809438996915865,0.0,0.0,162.377754133111,29.241238902046035,0.0002738015867414963,3.5815044149227373,,-32.06501370516403,206308350.679052578464423005,1066.0,1317.0,1270545.6592898162,4550464.88810739669672851171788426,1348.519652226821308668,4829.7290880604348290764145424947769164,218.5190668015115,782.62700249440999282070735742895,1776000.381982723663516267,6360753.2089755926698954681012216467176591,0.07607617377524616,0.05487363730353119,0.0856809137474255
2020-10-27,766.0,730280571.765510298688593406666335417081903,0.0,0.0,99.376720113369,28.883105602774638,0.0002588385546464056,3.5397528474336206,,-31.380168978435094,206308350.679052578464423005,1137.0,1532.0,2076022.9402187637,7348608.11397688592284667834685222,1692.944695341251678299,5992.6058058818389593631041247480193594,205.70681191,728.151273194914718974501346,2593591.273262797571153803,9180672.0946109772857433374846093957491418,0.07551643085002475,0.05484828582371267,0.08422506614200118
2020-10-28,796.0,743187798.515685055935597454542266748065072,0.0,0.0,63.079385640595,29.354767165819393,0.000271047893674521,3.6023156409787744,,-26.61820729343151,206308350.679052578464423005,1282.0,1709.0,3270614.4580184817,11781785.61773129374074215261482848,2236.354645999804733561,8056.0553200606467054784944722483276384,311.80697,1123.227124997199479977568,3821930.090013666289655775,13767798.54198364521966284071327905738216,0.075464316295083,0.05465422474464065,0.08420546924125291
2020-10-29,675.0,678501093.9603531508631911319363488962138776,798549.462665688914423076,2616120.8710543685291300308234298703955296,69.192742679017,26.73963405114693,0.00024311973094496954,3.2760912045715096,,-33.80151840540178,207106900.141718267378846081,1261.0,1700.0,2993188.188860814,9805957.4991542393102206242648144,2144.49709220231801688,7025.568061993191718877001412419882048,270.392627699294,885.8309093866358129093484342224,3645645.056743940628695703,11943465.7053884259220899294020260417432488,0.07580285421024899,0.05665733199390892,0.0834893050779846
2020-10-30,984.0,644070460.6121381753717739964657687956019263,0.0,0.0,68.595868867055,25.362809575465043,0.00022860970424374473,3.1098454960767423,,-34.476121384420395,207106900.141718267378846081,1780.0,2352.0,3019232.8424778604,9389347.65678675451722404710617492,1799.047421995409593399,5594.7595225208988936800698025435040777,345.03,1072.989991511358395769,4231359.536533203363674192,13158874.3969691541979347280551353259447216,0.07581050980013576,0.05686290237789359,0.08350794333793549
2020-10-31,783.0,626337971.4065831468608382599923227578672343,0.0,0.0,124.625593227635,24.731363758048243,0.0002190319653145541,3.0242255133846103,,-34.96454064685099,207106900.141718267378846081,1064.0,1302.0,1661832.81281099,5025757.191482707221472948707197,1590.35183749076189989,4809.582602197657736778563075115262867,131.93625045314099,399.004974760690833811735562106197,2070638.092412971993656962,6262076.5480613503732862395328435082519086,0.07582377659051795,0.05690807728191427,0.08348506938301299
2020-11-01,954.0,602374978.3666438959256256834790769541492706,0.0,0.0,115.827422827425,23.80946927034851,0.00021173060435081517,2.9085220142566626,,-34.1862493409055,207106900.141718267378846081,1521.0,2050.0,1788064.4763226202,5200624.89229465189532168493934452,1156.347147395220416243,3363.2611343218924043780491730080106118,192.54924177161803,560.033708521179589675444509786678,2370511.652160201853298238,6894685.3253598794289752567546036763404988,0.07556290071629417,0.05668551710676325,0.08252036715900057
2020-11-02,766.0,545301772.861991233005408634426396320694025,0.0,0.0,101.312878684669,21.569301048212672,0.00019366230130108883,2.632948358982025,,-40.30847336572951,207106900.141718267378846081,1177.0,1491.0,2044230.7318729695,5382353.9508655589940766338732375,2022.253221015705174523,5324.488299719415250840384157244949075,265.62406352083696,699.374442153324843596761595644,3015179.552534416415213929,7938812.054881648139003370859429040626225,0.07597807862947627,0.058736134916866016,0.08036332550967801
2020-11-03,876.0,533092505.9648951772493604110723334904757763,0.0,0.0,90.440499096047,21.391447355857014,0.00018389743483343074,2.5739968373825923,,-41.99551644049638,207106900.141718267378846081,1344.0,1734.0,2289979.624302755,5894400.3106258682718010619317865,1766.727345871785062631,4547.5506007913160374860226503646383413,247.77690159837474,637.776961090674359770093248038502,3063505.217741675298602687,7885452.7417721420090021352160466078055101,0.0759436263888789,0.05857825162543774,0.0803604606279295
2020-11-04,746.0,565649597.633459685231495149141188813258417,0.0,0.0,81.419080077103,22.759641254668225,0.00019330226095850382,2.731196291607857,,-34.77430288893056,207106900.141718267378846081,1204.0,1569.0,2543714.5684474595,6947383.7962525817212054818892915,1914.637549589656995496,5229.250975212425595041799037647212072,221.0,603.594380445336397,3004066.315306171825933231,8204694.780108295758620601808442516995967,0.07604770888398683,0.05972820770002836,0.07722576439756836
2020-11-05,971.0,659056446.512254715421821676551633617838376,788567.594382367802884615,2499864.774580238007056815787959326971315,42.211041570799,26.464140467766505,0.00020312949888980964,3.170133787374581,,-12.398010721025587,207895467.736100635181730696,2034.0,2685.0,4925144.227663923,15613366.123810287833208980941263,2141.604868169199865702,6789.173951789065820141459728368520862,422.5544684283792,1339.5541973709105669064011091152,5750209.071034301639410731,18228932.060553641727082548855860408028711,0.0767874864805509,0.061554173183292864,0.07814762527398893
2020-11-06,1036.0,731901398.0675110550944305445461018096125424,0.0,0.0,49.472686298276,29.24631353580163,0.00022540061452948216,3.5205259933640094,,-10.332356286329578,207895467.736100635181730696,2288.0,2959.0,4202227.194267883,14794050.0674411929062319545301002,1860.36992981466746158,6549.480695185314613073598062829258852,592.1554113298788,2084.69851769799514892459078406072,5504834.622321601018815188,19379913.3770533459400846640110799892947672,0.0765543007030507,0.06281051142779974,0.07898462127330719
2020-11-07,1056.0,789872128.2484707979736902962650593029275376,0.0,0.0,50.169033049023,31.389620040483795,0.00025556844498043457,3.7993715632662206,,-3.959331416689667,207895467.736100635181730696,3142.0,4233.0,4143900.2328977045,15744216.7058838071716193001306127,1241.922904336041327631,4718.5265665033502769400710811197213986,500.0,1899.6857816331103,5257059.654054462939863188,19973522.9560086817222917471542509858272728,0.07665717692331447,0.06446191181624027,0.07895912745066853
2020-11-08,1239.0,918515094.090160139180448136431286321216128,0.0,0.0,53.696698062799,36.3497852635024,0.00028504246037687334,4.418158337420368,,2.330936321733391,207895467.736100635181730696,2975.0,4035.0,3871662.043222167,17105615.935935994304041494897456,1259.40048009340109606,5564.23073127587425225832968416855008,280.10141273552983,1237.53239200070476519550191357744,5081680.937176873422600882,22451671.000698152607856978958765121564576,0.07736741824388986,0.06839578119574523,0.07856933732190897
2020-11-09,1004.0,869986087.193763428490988374277526534590008,0.0,0.0,59.324232549109,34.63806065267031,0.00027315781122150794,4.184728492004023,,-2.775567877868914,207895467.736100635181730696,2044.0,2708.0,3504393.7157383906,14664936.2294502901379633907453838,1663.435518450676438993,6961.026008672029392017833959870068839,326.41549031195393,1365.96020253989674857989855066039,4504583.383964431796794397,18850458.431483855593589956300977827859131,0.07745483167183843,0.069129981364671,0.0771770803837169
2020-11-10,1838.0,987727574.65619269657237813445888566239336,0.0,0.0,17.540674097997,39.78903158480289,0.0003101372453888747,4.75107795957341,,14.827034684664092,207895467.736100635181730696,3159.0,4155.0,11852193.739797283,56310696.44974481880172255704503,3104.974310551644542354,14751.97501190356283579414987251720714,500.0,2375.538979786705,12901168.260342083073480327,61294456.17445930358272211288497694730507,0.07783485235479604,0.07252390330383869,0.07860853462351057
2020-11-11,1153.0,839175080.713613575651644832792571127574152,0.0,0.0,59.908784637889,35.085280974703856,0.00025659286159330857,4.036524171747937,,-13.292945686241763,207895467.736100635181730696,2181.0,2937.0,3470200.0548449904,14007546.4021828204262835559848048,1390.148194617278838458,5611.366789884401395919985050917761146,193.25295271013945,780.07021487613888039680951981465,4082865.247590947948552185,16480584.261890486899821190043159910592345,0.07888906073202484,0.07546507433640869,0.08115778911299247
2020-11-12,770.0,785379196.093250606150367689826514661204745,778710.499452588204807691,2930803.567651226895105076157096486380785,60.42769213147,33.34372346744464,0.00023104391326105665,3.763662580267635,,-16.596017125998262,208674178.235553223386538387,1446.0,1894.0,3453287.240915149,12997007.967548011777146745902615,2069.21697851823700834,7787.8345125035473619061342789270759,250.389760615,942.382572508846350282195525,3919096.957313540893796831,14750158.566681718703453496474395294864685,0.07909507772652556,0.07626249505492437,0.08009853447917481
2020-11-13,956.0,878095175.226815458253572573622274509597866,0.0,0.0,70.383157183625,37.75817268540855,0.000257682559119233,4.207972364628718,,-1.726906023012434,208674178.235553223386538387,1930.0,2543.0,2964831.1696381764,12475927.6276272848938695845898552,1394.248991686661626436,5866.961226428927309017234339153589048,322.2744614555987,1356.1220276307622975317679034666,3545575.185859180516026077,14919682.398808762146828003375010911079286,0.07938872043823011,0.07866340586301543,0.08138359051062033
2020-11-14,921.0,901108612.678701167081513369814968779058043,0.0,0.0,77.679321821096,38.75251259172593,0.0002681812040230657,4.318256433536889,,10.32040273653913,208674178.235553223386538387,1908.0,2647.0,2686354.2747727837,11600366.6297968968860710271679093,1233.172875711055190789,5325.156704202450478910274305964515421,243.8450994344119,1052.9856694190916003369946705791,3264208.602007163090018264,14095689.796023886417674550389729127740696,0.07934646204975898,0.07695713176090156,0.07939719606324237
2020-11-15,917.0,864694755.070273649063435546078363635870599,0.0,0.0,82.461140546062,37.2493710077128,0.0002591992817066043,4.143755410380477,,6.262221340874158,208674178.235553223386538387,2151.0,2960.0,2530575.9398148307,10486087.7419863650532120143402439,1073.500930710922830609,4448.325289681864039042657130511620493,330.61140010709994,1369.97277792725998946422446387138,3177562.754904331578603696,13167042.857458317555570640912027758442992,0.07941892995912896,0.07737848671703265,0.07910641564016162
2020-11-16,861.0,923528809.296304776578000199400158448815092,0.0,0.0,84.125688119156,39.9683157810173,0.00026433036729757084,4.425697597590716,,11.813667052695541,208674178.235553223386538387,1528.0,1998.0,2480504.8600611235,10977964.399984609455986096129426,1434.234221240775747828,6347.486947327692687812723655969964848,238.09843413881055,1053.7516679582451701939899628538,2865599.974039069944159988,12682278.920760729990248246316283247471408,0.07946684586574075,0.07822464592203338,0.07920669123337541
2020-11-17,1102.0,1067348731.364033639138763178880669096739857,0.0,0.0,54.802906374217,47.893623487011155,0.0002892691268126786,5.114905640884811,,29.466508485105532,208674178.235553223386538387,2349.0,2984.0,3807721.014112624,19476133.694000293531017364954064,1566.551109337579327915,8012.761105885142821903935843311799065,499.7923070981972,2556.3904908474026231480709627292,4674588.510263336714499216,23910079.139961266180565722915671005808176,0.07988809750648793,0.08233444682673399,0.08138914360419348
2020-11-18,966.0,1021497898.980062407560836028074428606722452,0.0,0.0,58.064699850778,46.60654023483114,0.0002749377338420256,4.895181126947996,,31.53153448363798,208674178.235553223386538387,1891.0,2282.0,3593821.6984128035,17592408.151686548444755285066786,1919.795121043600497039,9397.744844139476671758380782704983844,498.99126738,2442.65263459043719539117048,4380972.466221496334243511,21445653.734326285764955136174050897453956,0.07984359294982611,0.08193122495246537,0.08131328136221262
2020-11-19,1321.0,1032697544.567748474776705818877609011058396,768976.618209430851923076,3791578.989580063708587404314916362520592,56.641390802954,47.90988312438672,0.0002767143751915882,4.930681765602692,,33.34503136622391,209443154.853762654238461463,2279.0,2885.0,3697705.0154432077,18232206.6942234448306650882351284,1551.162716089546448834,7648.289719705472142071750240350661128,240.1537265725189,1184.1216005526536201233030608788,4475104.435918341504885011,22065315.841350287129871679237786572049612,0.07980203751584947,0.08187942753903422,0.08123176419889665
2020-11-20,1285.0,1073980043.413128128332498629144705059277484,0.0,0.0,46.232407797859,49.82807280875098,0.00027474537521917004,5.127787748246068,,45.36399629031405,209443154.853762654238461463,2265.0,2826.0,4530223.815499917,23230026.177933030001449349576356,1836.534203776427290239,9417.357589359611488555242102226530252,266.2555026611249,1365.3017044488146171465428818932,5190045.659872183522216508,26613452.547530262066662723980688755690544,0.07980258568730869,0.08133301049550025,0.07926393258161749
2020-11-21,964.0,1096676535.990361845481918742190669206400251,0.0,0.0,43.824125408467,50.57972376460121,0.00027990958363059124,5.236153632025277,,34.28562562745204,209443154.853762654238461463,1521.0,1896.0,4779174.778769165,25024493.375935763005240228183705,3100.077910240795699606,16232.484209268673066399094461890940862,248.65654601482467,1302.00387654238461317731816318359,5877747.717816548646453333,30776790.060773404133894552406591856898241,0.07978191408238396,0.07965539755115426,0.07672268692586269
2020-11-22,893.0,1058937101.116183861966367081267436415594586,0.0,0.0,88.706510093138,48.740677150944855,0.00027355128065395876,5.055964239344822,,33.26577025074735,209443154.853762654238461463,1610.0,2017.0,2361079.8647568943,11937535.3624479662906281395063146,1451.090587121752240593,7336.662116537461225888829004832759446,415.47671537,2100.63541519116716537731414,2926849.714224574269275416,14798047.489056059292614405886528511495952,0.0797855310037688,0.07979028556696079,0.07429490713840184
2020-11-23,969.0,1137405364.927179702463501415156716035619985,0.0,0.0,68.291609738621,52.738020656241126,0.00029557175720204364,5.430616081587095,,43.99172604054481,209443154.853762654238461463,1545.0,1893.0,3066894.390912497,16655125.999818664834497029426215,1949.9047311203589641,10589.1839903849818550510688381282895,286.13530630903585,1553.89099595169945027300725235575,3691169.656010839519040728,20045325.29379877065160856699817818420516,0.07976393075439014,0.08052013472047204,0.07131318170076108
2020-11-24,1118.0,1091370394.794695429535701691871701399511287,0.0,0.0,78.308189217699,50.76011245444037,0.0002721018696668615,5.210819114889249,,42.21962582464337,209443154.853762654238461463,1810.0,2171.0,2674600.91908786,13936861.59388337452605400041714,1534.000223356574773219,7993.397686110817230479391268476222531,258.44920687469573,1346.73206741063041158229952320677,3330314.48490712383265879,17353666.37654658420737253533318005634871,0.07985178176799121,0.08076937034291867,0.06999375345451483
2020-11-25,1227.0,1004017007.550434568995727934746826670340222,0.0,0.0,46.972155667279,46.56112245247558,0.0002556882869443118,4.793744671442994,,33.847236135444156,209443154.853762654238461463,1922.0,2254.0,4458878.9225967005,21374727.075807411113494838241297,2333.135974803256716377,11184.458146965067395599196082781712738,233.54268263153398,1119.54399041941828033009434393612,5258888.487206540638713272,25209768.663259261909678258210679659216368,0.08015832608561016,0.08240586582236849,0.0703403571966215
2020-11-26,1138.0,900760917.084511691496362260613264215544384,759364.410481812966346153,3254032.278876150881814753359114410794847,34.179859854239,42.013276499807134,0.00025039593545883994,4.285205145196999,,21.05944482264753,210202519.264244467204807616,2375.0,2908.0,6149894.123634716,26353557.941016274096275735417284,2612.60660293379179417,11195.55525726753757890741905430969583,574.1951657016684,2460.5440784120328362119809731316,7597460.00133146653744723,32556674.68813399927946650273840891686277,0.08052845078707144,0.08529568147127727,0.07173377510367052
2020-11-27,977.0,864418296.89144083614625076120624833322336,0.0,0.0,58.320298350337,40.616167465039496,0.0002404635272585796,4.112311783498585,,14.157452964927893,210202519.264244467204807616,1736.0,2112.0,3604277.159241072,14821911.43294186625059158588312,2032.48971005013201424,8358.2313844787802849500208602398504,240.0,986.9548280396604,4292618.267625878814074654,17652584.68401918396181351467436349336459,0.08058905856637238,0.08570345734031874,0.07164974535123521
2020-11-28,844.0,897898512.89044334787151829542799885093056,0.0,0.0,169.270661808698,42.83886044730212,0.0002407155230402893,4.27158778131341,,30.386717419611777,210202519.264244467204807616,1336.0,1626.0,1241813.0644624408,5304513.512833124087249038371128,951.249625229710556823,4063.34627611019207773507656537689643,143.812688270312,614.30852201329909888847048392,1546731.89062350936539408,6607001.0449551723183967304479446386128,0.08059896244805398,0.08380563444337392,0.07183168176190345
2020-11-29,888.0,956584088.904178858885072619000311956614208,0.0,0.0,199.608479557936,46.665562243767006,0.00025016804831420934,4.550773664618463,,46.33439733129952,210202519.264244467204807616,1360.0,1670.0,1053074.096500163,4792301.865244823717051012309469,749.128061490576911633,3409.112253657997981919558301811280079,138.985,632.489277776997080055,1251043.862689263442427607,5693217.463608856629807924098536153108041,0.08063035248718547,0.08356072509263565,0.0721365713903198
2020-11-30,1016.0,998662873.221357686163635818406193084346368,0.0,0.0,75.290929827711,49.26488510356638,0.0002416017747368658,4.750955776918848,,57.096610550108736,210202519.264244467204807616,1824.0,2181.0,2791870.411817899,13264052.861435050458392676860352,1602.903938210182413209,7615.325725085638315865466935196263232,290.09658533941865,1378.2360479827426229455765477152,3495933.489236407843209689,16609025.406411777166906669207631200318272,0.0806043564392329,0.08337577794615011,0.07230757413203238
2020-12-01,880.0,1002707168.770034371790427037531231243077312,0.0,0.0,93.864353708969,50.257644470047595,0.00025345598961843985,4.770195772532757,,64.00755260406329,210202519.264244467204807616,1520.0,1862.0,2239428.611163601,10682512.893861512759092658577957,1608.042296724143515505,7670.676565887374637859031971749897285,301.2160912616841,1436.8597251553266205519262360637,2994174.75650035522586984,14282799.76568229157569127553938521834888,0.08049365123223838,0.08278148775030607,0.07199458760052797
2020-12-02,1194.0,1105895932.955340236817614642791955175518336,0.0,0.0,48.046916515896,56.15361092813559,0.0002738034040967905,5.261097425598046,,99.81772174339723,210202519.264244467204807616,2549.0,3504.0,4374942.962150347,23017001.155307480203298641421962,1487.100945463363264724,7823.782955781720675909612282715129304,178.53447907226774,939.28728822759602689582293283604,5210801.712903624879591958,27414535.477059149248382346529248602114068,0.08076362055557876,0.08107101075925974,0.07306609171579567
2020-12-03,959.0,1101739734.030832356620690352521674272891,749872.355350790303365384,3916353.652112430277341843762426825283128,75.906226600111,56.34883181758825,0.00026823884214715053,5.222693734696167,,102.90210379617024,210952391.619595257508173,1498.0,1932.0,2779118.407913138,14514484.296986732373558957542046,1761.94268381760199817,9202.08701566793950711358699704001439,157.86709216350997,824.49147315706588371572222528499,3404073.265135607060465286,17778432.114270459127747868477180860758762,0.08072590084073678,0.08082098713659328,0.07307685925858314
2020-12-04,844.0,1059131107.420684781497200462128451028947,0.0,0.0,103.704660338519,55.70687151102257,0.0002680147526885759,5.020711542017439,,83.82829375700942,210952391.619595257508173,1671.0,2091.0,2034165.0117843517,10212955.7530337343988178287092963,1135.57571669279612003,5701.39810763424685301084405779720317,281.4336206073428,1412.9970272950429668203690510892,2374488.823604636686983158,11921623.443063210169647823789393935292362,0.08080047369082384,0.08132572266401235,0.0728536990175527
2020-12-05,902.0,1102884201.022996146105483060768212500182,0.0,0.0,100.148038626381,59.14962553542592,0.0002735139585037989,5.228118972985134,,64.91792850531145,210952391.619595257508173,1633.0,2138.0,2106405.6222467744,11012539.1984709183027103706517696,1396.739866884160206313,7302.322198381808432935489750921950942,200.49914395711755,1048.2333785894839412722096405017,2986229.835398334521098046,15612364.860140306429620531444836114448164,0.08081444294959246,0.07773586373597209,0.070325187432203
2020-12-06,814.0,1090009721.036319145944285351894052207695,0.0,0.0,129.994988896534,59.12825310906337,0.00026694590695554846,5.167088709768715,,46.770361005951436,210952391.619595257508173,1191.0,1472.0,1622773.2577253247,8385013.3785071224255411352767605,1258.581468707462634947,6503.202097282457458791489652846283105,116.600754495,602.486442101628245946623925,1852631.921937384998641629,9572713.487199777379339238452497760836735,0.08082751740380063,0.07607286189606746,0.06965798284171647
2020-12-07,728.0,1091244649.345486932959449536114597339624,0.0,0.0,77.68764151851,59.381192689136334,0.00026967443875176264,5.172942771434888,,36.15258958741704,210952391.619595257508173,1157.0,1450.0,2715391.8885455406,14046566.8414645832986827956604528,2508.941275807115631136,12978.609636641044447999278620449472768,215.23737889632997,1113.41064330436222997561401799336,3637964.849920317665146956,18818983.973129514449597691801615505400928,0.08041507287385874,0.0751433636335592,0.06965825794684297
2020-12-08,837.0,986148565.076825036493584848136067351759,0.0,0.0,77.104548914785,55.45294661841129,0.00025487978991085624,4.674744654495883,,5.807540098830588,210952391.619595257508173,1593.0,2091.0,2735926.668253214,12789758.567509443188851364517962,1695.031451204382667595,7923.839215720087017827568177485011385,412.0220801024111,1926.0980164930208073826833235013,3544310.764468364157941373,16568747.800070701954278510900902383867359,0.08067741515383918,0.0729443970553771,0.07010715454552825
2020-12-09,971.0,1029841022.6856508111642804210165850040795,0.0,0.0,58.267021952138,59.63811720846269,0.0002628233836501231,4.8818646462313415,,16.659053402374195,210952391.619595257508173,1559.0,1889.0,3620442.311139192,17674509.322470511964728439386068,2323.743539860575672731,11344.2014341538144620397905352190986365,231.20603919400065,1128.716588736369660452218801371975,4389551.546796627445788824,21429196.509116555518792993455766259227396,0.08057488667220093,0.07252906659542668,0.07031366280795293
2020-12-10,811.0,977597002.93402034382143010661269741735727,740498.95090890542451923,3419621.47681683553311986582837810308027,72.804528967905,57.99462885541655,0.00025242060756864936,4.617996382870649,,-2.8010817299809165,211692890.57050416293269223,1201.0,1506.0,2907688.4854763257,13427694.9084443077014450948943793,2212.711166524018550402,10218.292163345411946280290872452950898,168.39869169851025,777.66454914386992181853175065225,3332343.016785171936905303,15388747.997998190391097614692308411151647,0.08057685562131504,0.06955386656496627,0.07050534504181
2020-12-11,1676.0,926323860.0656911883257166571272885314479,0.0,0.0,27.515949010412,54.92662495737002,0.00024226825422409332,4.37579106964473,,8.404926700832336,211692890.57050416293269223,2119.0,2396.0,7693461.36273186,33664979.5256988477741524520978,3432.507707834169712666,15019.93657442746185618610321880115018,99.03,433.3345896269176119,8224288.467970670631546913,35987768.03232819860741830203619723821849,0.08069206988013052,0.06336584923261368,0.06918746013129314
2020-12-12,834.0,946839697.9214021217257242426848640303803,0.0,0.0,122.122355688374,57.709804019788145,0.00023774181775326582,4.47270428104461,,18.839141013713164,211692890.57050416293269223,1185.0,1474.0,1733449.1246688045,7753205.320879193759753539868745,1506.658005091978091637,6738.83570944502222283017334066492657,132.97989299,594.7797366692271232162839,2220813.899505575707073544,9933043.83572196275645438596293441479784,0.0806045111998361,0.06193623967456317,0.06913501828110405
2020-12-13,1211.0,998217680.3890682063634551912647986355121,0.0,0.0,208.98942406021,62.16316237332249,0.0002461570541231764,4.71540483810727,,12.058835693502095,211692890.57050416293269223,1472.0,1689.0,1012935.9010507398,4776402.848507205370504865258346,831.238065415863226552,3919.62399528088884770675050688823304,44.135,208.11439252986436145,1403961.092487392989645904,6620244.92802942126377470227448286812208,0.0806572268700507,0.05934936099097584,0.06912102840417748
2020-12-14,1032.0,1111679871.4812006556909657448302083426509,0.0,0.0,56.021973534674,69.87557260897829,0.00027227915168262203,5.25138028247083,,21.608810483949455,211692890.57050416293269223,1743.0,2199.0,3778747.46664326,19843639.9387670159619189661058,2624.857867263576236924,13784.12684843637937703016353219892692,400.4866194703637,2103.107536880066332593794740871,5772062.450112604144995273,30311294.93971159825008616302499511038659,0.08096564273877406,0.062207903181939125,0.06939602103812703
2020-12-15,1326.0,1151338032.3825522466949049522968098157076,0.0,0.0,37.424094501905,72.8256868335388,0.00027987617155727666,5.43871846276812,,31.250952919268492,211692890.57050416293269223,2108.0,2493.0,5656593.5231840955,30764619.63091590783764928843546,3065.08805441004922638,16670.1509915299506821951704393270056,398.48028,2167.2220558850100326736,7641264.519644252721364564,41558686.42188416705070833945971511689968,0.08092334481395301,0.06174553238844565,0.06949475309140715
2020-12-16,1578.0,1111302153.5188536342257191409589913030219,0.0,0.0,28.654442227227,69.88180641478634,0.0002456443175964786,5.24959600921853,,18.61623830955672,211692890.57050416293269223,2305.0,2661.0,7387786.120274167,38782892.53395131396986301671451,3422.061600597025958304,17964.44092179412260956054689140417312,274.824,1442.71497363747328872,9106105.919188686075046625,47803377.29289416026403894065689956396125,0.08009118343978035,0.06130082909223411,0.0696830418982027
2020-12-17,1513.0,1122287995.58742022967885827607641008634434,731242.714022544106730768,3863331.84991295261121672741013059223344,46.660147627596,70.49755257307211,0.0002318302470594881,5.28324149537283,,3.291084260528001,212424133.284526707039422998,2033.0,2231.0,4552581.680193695,24052388.44387348808920064030685,2413.26995624320001731,12749.8879723606480808230625409036873,151.7296380993645,801.624320084464820502513566535,5384005.272378579238618594,28445000.06633660586831616799689220040102,0.08007524452923703,0.0554002044152455,0.06967800835991692
2020-12-18,2357.0,1298856628.77407213541857233328864333462158,0.0,0.0,17.942268557584,79.68841557615184,0.00026528317610698544,6.11444946810421,,24.907522511151544,212424133.284526707039422998,3874.0,4523.0,11839312.994495317,72390881.04191115276629771298457,3162.528031396638943287,19337.11783943783332992112306559593827,226.83070607768232,1386.9448901263870560773610345672,14304114.286006997940487434,87461783.98777732015123527573736330749714,0.08069886063907236,0.060689757410169576,0.07148873298072515
2020-12-19,2106.0,1304210869.6020017270570547357549684811161,0.0,0.0,27.188500575683,78.23622893772206,0.0002573547881241528,6.13965489436695,,24.519390750347515,212424133.284526707039422998,2839.0,3252.0,7813013.9134820225,47969209.113666977478695343156375,2719.573808880362491872,16697.2446462844858428846090379604304,157.24920272999998,965.455837176545132768675612661,8844054.026478938823568458,54299439.5897171479610651323050418976631,0.08053033172394426,0.06069274872010411,0.07146479716611348
2020-12-20,1675.0,1257268333.44386791956534758216050280271466,0.0,0.0,77.791096479884,75.69182296845139,0.00025155267925584807,5.91866994584767,,15.423458154486182,212424133.284526707039422998,2356.0,2732.0,2730699.821662195,16162110.96560362580705766783565,1309.197062042529412637,7748.70530430318621993470600217500579,124.1155,734.598679663856485885,3576726.373500190355325356,21169462.89135630475286796161212406452052,0.08057433737338537,0.06089820174648792,0.07133976549235045
2020-12-21,1669.0,1328287548.0148460547556090543630068583665,0.0,0.0,74.451058892599,80.49499881602948,0.0002726112103066005,6.25299737594175,,19.41966976861164,212424133.284526707039422998,2527.0,2905.0,2853204.9972716006,17841083.36096320652002895486505,1208.218798926793553101,7554.98897925273295859678393850786675,186.2721268810056,1164.7591205980167296504870238,3509875.610882335271757187,21947242.98472918924471604119056145585725,0.07939288596327372,0.061522946311977904,0.07059085058407549
2020-12-22,2388.0,1559134767.07588907518486692977910961153452,0.0,0.0,19.28490486795,90.81420931530191,0.0003089514492090094,7.33972521374274,,45.16964255059406,212424133.284526707039422998,4512.0,5520.0,11015046.9882564,80847418.110266529988670758536,2602.630480225742954458,19102.59255776826125737536167154813492,337.03734739748927,2473.7615166663230473219756903998,14366520.250846101108607754,105446310.91888080214070901649850892520596,0.08017229040811448,0.06711717186134938,0.07311320803631284
2020-12-23,3184.0,1545007446.51145495515584504036132407622024,0.0,0.0,17.762206272238,86.83305329358919,0.00031205798362881227,7.27321996150988,,33.929923460622994,212424133.284526707039422998,6289.0,7423.0,11959332.643070731,86982856.90591875357211039532228,2108.586410129628395635,15336.2127687232718834417821966013738,406.7831473431312,2958.623307261876551249198936256,15652036.922392231580799279,113840707.38223284719079325139562605537652,0.08018049650658134,0.06627935208616528,0.07312681703179508
2020-12-24,2384.0,1598832506.38760552810624640679548639094923,722102.180097262305288461,5416564.99799864671587184284863385889317,51.711226100423,89.90611718794308,0.0003164004601043005,7.50110600312697,,43.95253102709935,213146235.464623969344711459,3611.0,4070.0,4121856.1526793996,30918479.930889280949701502167212,1161.473073926984425748,8712.33264730403789586233977778122356,127.77493481,958.4533305524482479028257,4727195.410882826612795332,35459193.87452743423616701397060461930404,0.07958678908091361,0.06566931308598166,0.07298139892716345
2020-12-25,1883.0,1569784272.86582711753507655322765518138882,0.0,0.0,75.385126776254,87.93690019907633,0.00029854367132833517,7.36482288530198,,53.63402496539414,213146235.464623969344711459,2777.0,3235.0,2827430.8816545494,20823527.663818979663125059827812,1177.80660807826748581,8674.3370616347242901523759772149038,135.0,994.2510895157673,3810204.377133195316596167,28061480.39438833307864895334658750551066,0.07937990022013464,0.06344034302814577,0.07294803502957414
2020-12-26,2793.0,1723645478.77055492886378206282677775440569,0.0,0.0,39.24794302994,95.6916336592171,0.00030541051334308965,8.08668037234291,,88.71162752632115,213146235.464623969344711459,4608.0,5534.0,5430761.945970682,43916836.03534790119574651056462,1274.080954038531461874,10303.08544379932160439029496071921334,143.9998031005147,1164.480381354175940068665895777,7050763.999649233110009064,57017274.84598544575868253311664501613624,0.07961984474182582,0.06033973983221191,0.07362934828530768
2020-12-27,2489.0,1722987736.47630199660021705883833879401636,0.0,0.0,46.574660208821,94.86537529028809,0.00030583929314723915,8.08359449896204,,96.57056479518319,213146235.464623969344711459,3914.0,4546.0,4576442.093382265,36994102.1308831999162954442206,1217.738981713294025008,9843.70813374921980397840058980269632,116.51033017,941.8222640344630026967468,5535841.410868634637684532,44749497.17602395322887096760174296316528,0.07941498830922258,0.05933739143087788,0.07365016002442683
2020-12-28,2286.0,1701354600.22653559230420219942278581199265,0.0,0.0,44.458782450006,92.29914891334145,0.0002952031187658305,7.98210016009835,,86.86494504495579,213146235.464623969344711459,3201.0,3642.0,4794243.650381331,38268133.00925932009912796390385,1716.287387680019751806,13699.5778319754645542721628315501201,100.0,798.210016009835,6250718.665930631936076519,49893862.46405464190665176973305616564365,0.07849689681166562,0.05960168935216355,0.0723521523315999
2020-12-29,2219.0,1657167480.50947600566077100370374824270871,0.0,0.0,68.458261029751,89.79608696939987,0.00028551037910770486,7.77479122207869,,70.84548244019359,213146235.464623969344711459,3138.0,3678.0,3113521.0310409823,24206975.981894821678229985497187,1082.126966881690919529,8413.31124328640784469509783289573701,100.26827301542733,779.5648888933339862664812365977,3980062.984190859202025867,30944158.75280740805277461407914688947423,0.07843637976135955,0.059645666096204385,0.07202397526892065
2020-12-30,2216.0,1558516949.14818344769331312033725938039673,0.0,0.0,47.461778654786,84.33973115598029,0.0002534948474576272,7.31196094432947,,53.90505169196752,213146235.464623969344711459,2899.0,3324.0,4490902.817084642,32837306.00330209599736692499974,1655.916992697485541201,12108.00037765552245585045541500349347,97.94253164,716.1519661404333940594308,5504268.083726441938952228,40246993.25532695664324767424340982255916,0.07859827729558293,0.06115253831544431,0.07249201788416942
2020-12-31,2080.0,1550171666.40769111067025649186888458441585,713075.902846046526923076,5168772.18729399158718683498222346340956,68.39024766942,83.68746830912019,0.0002497550312737012,7.24855820630631,,51.95515135970311,213859311.367470015871634535,2923.0,3318.0,3127043.966870947,22666560.20754303985733332177557,1136.571795446950429377,8238.50681494328927919923220368446887,100.0,724.855820630631,3771145.217292981524673549,27335365.61198183382838785824591584879419,0.07856546697910242,0.06127100652086578,0.07221642550742655
2021-01-01,2345.0,1809636539.7420632914899496482144769189461,0.0,0.0,48.486064004273,95.99458010491189,0.0002880057421950315,8.46180850471646,,60.8373276561131,213859311.367470015871634535,3489.0,4062.0,4410737.719370761,37322817.94584518810517191942606,1301.189711252181403443,11010.41816492326346872837016758277178,150.0,1269.271275707469,5285432.607106360860785489,44724318.58591829620997483424231682744894,0.07932755393219627,0.06473656613039772,0.07282688153311168
2021-01-02,2353.0,1744480134.42085402403378168146161076055595,0.0,0.0,82.798154641664,92.08719846663402,0.0002547300461617271,8.15713902409117,,56.18643248981777,213859311.367470015871634535,3078.0,3470.0,2582899.4896446145,21069070.222285251775857147503965,958.555734465695571622,7819.07238837649866289304064219277774,85.14677050828078,694.5540444884322967543986787126,3326188.398595963633529927,27132181.18766645036025179640804017144459,0.0793711869082821,0.06531773074807105,0.0729866384566648
2021-01-03,2360.0,2039996302.96981724293020711768092538113175,0.0,0.0,71.464691164317,106.29983642030359,0.00028664617323908415,9.53896414388305,,89.99227627504906,213859311.367470015871634535,3199.0,3532.0,2992517.114161287,28545513.45194089644939216548535,1134.402623749899681834,10821.0259526771475017639833923055137,124.97891563229905,1192.1693949578854420520658261025,4006710.06708464567623937,38219863.6648556849762464338793130856785,0.08011974528862305,0.06937053229518239,0.0749436288755448
2021-01-04,3244.0,2383752449.370083523052998538344699649503,0.0,0.0,29.815372173803,120.14150744982143,0.00035049074251182195,11.1463580151258,,113.2001599948574,213859311.367470015871634535,4747.0,5284.0,7172786.914106531,79950450.9108407849694905665998,1667.280038706217154667,18584.1002228922976411222522240621086,185.5298995,2067.9826823373091538571,8809907.724523651445258772,98198385.5777629007356715223830711335176,0.08054736798120883,0.07353031162872724,0.07514241040619934
2021-01-05,3859.0,2689596937.7676918921571812485297042948955,0.0,0.0,34.478277250281,131.700758893644,0.0003697531432453424,12.5764780620013,,143.3958224526832,213859311.367470015871634535,5453.0,6145.0,6202726.134343809,78008449.1531770421979928049517,1289.665162865631480834,16219.4456281069479371970997846330842,141.51539128228956,1779.765213897244670480299696428,7924992.425809305449724292,99668493.3847171950740681543835667455796,0.08097307792501501,0.07519142649904068,0.07547008896187472
2021-01-06,3314.0,2587181982.0610238054857150896783947902065,0.0,0.0,44.613307364852,124.43037671860468,0.00033014482932256195,12.0975886694759,,133.86279732841953,213859311.367470015871634535,4591.0,5104.0,4793621.54476708,57991261.685729787745371173372,1312.502966505705331805,15878.1210162529275076571184849509995,106.96295706550346,1293.993857449271819743767836614,6699015.141045120013532703,81041929.6669549419990817270881825203577,0.08104489290718901,0.0760627635747462,0.07551038427380392
2021-01-07,3245.0,2490066282.273299121378227862648135017493,704162.454060470945192307,8171992.8973430550616059697726227521655,47.523129168118,117.57077233960281,0.00029593455932203484,11.6052664413165,,148.25455290173477,214563473.821530486816826842,4363.0,4839.0,4514927.311761979,52396934.4161746139626194053535,1151.710071543351382233,13365.9022434082811105430692552297445,88.33796761,1025.185650998436942758565,5573125.036198277338624418,64677600.955852672293905506096230966297,0.08105859376173678,0.07328513395203942,0.07389621058873283
2021-01-08,2867.0,2527401827.5921693749442943113609249508076,0.0,0.0,30.133524739815,114.77765352527376,0.0002888818287016351,11.7792734363278,,141.28635859294172,214563473.821530486816826842,4077.0,4597.0,7120424.03516209,83873421.692774811689967373102,1837.973956047308928663,21649.9977971303854854780027628837314,123.78,1458.038465948655084,8449166.275949479145063297,99525039.8734083820767363241544302407566,0.08104848294727394,0.07329474332817676,0.0733169586000385
2021-01-09,3039.0,2866425572.2194835696959409345717696741416,0.0,0.0,59.981875846931,127.52581558125553,0.0003309167785175967,13.3593361496548,,189.28857976606602,214563473.821530486816826842,4091.0,4611.0,3577138.440436207,47788194.8796392137543444713436,984.536822622053176354,13152.7583651210706749191846406225992,81.56597562086073,1089.667286693626869620068376004,4539699.28911028719616679,60647368.821573256882032267936341724092,0.08121729807685737,0.07353075968082255,0.07329031169413033
2021-01-10,3440.0,3064020944.0093388479815496763245598129012,0.0,0.0,47.644059488345,132.819395752203,0.0003725671800865954,14.2802541804386,,226.34680114190212,214563473.821530486816826842,5052.0,5759.0,4503467.5072979545,64310660.6975610161027756928437,996.681373378253880033,14232.8633487500951418061689397224738,114.05108268,1628.678450224618407263448,5739888.029285364095108064,81967060.0254517979216334091798219168704,0.08121487183605045,0.07175571988466613,0.0696239995048693
2021-01-11,2509.0,2737968168.96967395056436009265353867117,0.0,0.0,71.887565855599,117.23953098505513,0.0003618038060013811,12.760644298885,,185.3004244650112,214563473.821530486816826842,3455.0,3762.0,2984709.125532567,38086811.486557184877949287795,995.939623865009730078,12708.83128330670770095488340636303,140.23403795000002,1789.4766768762904878986359777,3746724.864980166604552447,47810623.287799834370979651097526121595,0.0812699454058565,0.07689976358001674,0.07077338055560733
2021-01-12,4105.0,3094339554.262224270021435584865473314593,0.0,0.0,24.399425761409,125.70511220328042,0.0004277811293910461,14.4215578688665,,205.83923043721546,214563473.821530486816826842,6460.0,7457.0,8793791.94902564,126820179.47964559419956623706,1492.073210061416992761,21518.0201434861264316995164177754065,116.07495773,1673.981720029427870513045,11126389.927427986515020832,160459876.209976044801212930228771726928,0.08171630936424559,0.07848858001523806,0.07102193107254456
2021-01-13,4303.0,3361011603.8579362480857695798163225645258,0.0,0.0,25.033806692271,129.52095744945035,0.0004199964196376399,15.6644164265049,,198.29141261761043,214563473.821530486816826842,6785.0,7944.0,8570948.73580603,134258910.167891382698557244547,1357.332411074182324704,21261.8201162579230459635578436470496,100.0,1566.44164265049,10782648.673573304387445204,168903899.0035529406770816830977419874996,0.08175110429642536,0.07784573891084132,0.07147141845559475
2021-01-14,3184.0,3139894283.9608566026158554601810869997341,695360.423384715057692307,10142943.6164004627555794780201372705763,33.048532487763,116.84288989133493,0.0003735793392580204,14.5865989425009,,168.1991914521132,215258834.244915201874519149,4326.0,4892.0,6513415.817317126,95008584.2729466253729748404134,1644.563802471651496948,23988.5926220082507190324632638372532,80.0,1166.927915400072,8045206.121691319123069458,117352195.1068643625175045056040589275122,0.08196025489693733,0.08029326357502758,0.07202134607130738
2021-01-15,3259.0,3230314734.1086908861147622387806703140682,0.0,0.0,2.744589867036,81.02229811548554,0.00040878571837747106,15.0066534804018,,185.86301601207848,215258834.244915201874519149,4653.0,5296.0,78430237.18417002,1176975391.808563700845269114036,15095.380424643507904083,226531.1431874656995028364196347005494,116.32873012371346,1745.704942781746308795548868228,79945134.728912017860025657,1199708934.3208183445670530272844946689826,0.08195638689338043,0.0792608078708287,0.07178799472549505
2021-01-16,4746.0,3361698226.5563155664095677284580867205551,0.0,0.0,43.28509101375,82.62336574692273,0.0004316801280270664,15.6170047020299,,195.59513256601258,215258834.244915201874519149,6797.0,7580.0,4973047.9757229425,77664113.62028546900624975098075,801.692184860163493159,12520.0306205417970814801667220634541,96.25508549068043,1503.216122702246279545553204857,6076826.761240039278141554,94901832.1037068218775624118140033404646,0.08136664494996276,0.07907939030259695,0.06996181387022948
2021-01-17,3684.0,3399232447.2673475270923010857929778771131,0.0,0.0,76.828740990565,82.70058621587621,0.0004377986985341493,15.7913725547719,,158.2631950292007,215258834.244915201874519149,5005.0,5610.0,2801800.8816694166,44244281.54673013709899261907354,624.683705799987357368,9864.6131271831243211950351190243592,63.0801280533225,996.12180289273392585502463775,3504475.589537929074837055,55340479.6434973274419448098020551927545,0.0809726877100116,0.07640055110400763,0.0694875738513542
2021-01-18,3177.0,3329430517.6560343985184453464911296867438,0.0,0.0,58.282675246589,80.09119949248091,0.0004226643034519559,15.4671027989862,,151.92137123500308,215258834.244915201874519149,4074.0,4656.0,3693358.846933049,57125560.9590586064014164749238,1080.644250489122750023,16714.4357114486547152785707204266826,62.753187816419384,970.6100069206469584323892285008,5031479.63027735552410602,77822412.672504936354320506408517316924,0.08100006038234807,0.07684284915990922,0.06966508512187015
2021-01-19,2929.0,3320408830.2195771466082526809078441002821,0.0,0.0,46.12218454591,78.75713437389734,0.0004255208196175277,15.4251919177529,,160.6192279495948,215258834.244915201874519149,4227.0,4921.0,4667143.075815193,71991577.6520609252711762398097,1232.949603544765604037,19018.4842595953606995600089922084573,126.086137,1944.9028613930848815473,6067344.999043791537466642,93589961.0414687700025435194840913487618,0.08086867352126204,0.07606130088366815,0.06966980458481924
2021-01-20,2721.0,3361748380.9327960864385175994646354207043,0.0,0.0,72.157351321523,79.11119468728972,0.00043973044126241977,15.6172376977007,,149.7560251310456,215258834.244915201874519149,3547.0,3896.0,2983186.4709910406,46589132.21403199496780092034842,920.232913715578278341,14371.4961507438846273019295203105387,77.4454988078387,1209.48476349901316575012647709,3585227.431835892972415538,55991349.0032981745079527314079075534766,0.08086883387582502,0.07601416726240974,0.06967321415324752
2021-01-21,2720.0,2696526870.650226777038366712372054535824,686668.418092406120192307,8574477.4388869357504849411914242539155,41.998699336833,62.50517818967674,0.0004025107477774936,12.4870712165665,,70.12995518123735,215945502.663007607994711456,3915.0,4453.0,5141718.816840148,64205009.041442971873719911842,1492.667116923732005201,18639.0405916536363111806635753623665,103.41125542190933,1291.303711047930406601356915445,6646846.671661378619159939,82999647.7546336424936860713749699294435,0.0825704510168211,0.08518477514606189,0.0760790408887934
2021-01-22,2903.0,3091058435.9800740534112780097271984581376,0.0,0.0,73.986494302067,71.19004190031636,0.0004339379768815919,14.3140671968696,,96.80509145358062,215945502.663007607994711456,3812.0,4262.0,2918715.161463934,41778684.9497168557109181010064,914.998744296340501097,13097.3535109091225776388674137659512,74.298429,1063.5127053278449978584,3899724.648191003215676252,55820920.6634946804259088481057814607392,0.08237162920393509,0.08771676440974477,0.07734989967757487
2021-01-23,3098.0,3165947212.3425276314941134725804063589024,0.0,0.0,74.400622638303,72.19244351609417,0.00045763306326851883,14.6608619920329,,95.44933754997275,215945502.663007607994711456,4010.0,4544.0,2902469.0251964806,42552697.81455586399163431941174,863.068258723002296658,12653.3246308420817729139675982960482,82.36641834878863,1207.562692189636479972426105927,3921782.167637322436011892,57496707.1225464195760908673909536552468,0.08209874518170135,0.08770333329802762,0.07698606602279978
2021-01-24,4045.0,3761897908.5374911816538717098593283497504,0.0,0.0,59.337001728828,84.52156101752772,0.0005407416465355289,17.4205892789909,,136.537789846342,215945502.663007607994711456,5761.0,6608.0,3639305.9367893976,63398853.98540131382740354688184,713.646928473693886227,12432.1500311536173608848113459683343,111.87598488,1948.945582777076030057592,4715778.903354169200186553,82151647.4058631035207013470520435893677,0.08221869223193441,0.09148894471723175,0.07839015012937271
2021-01-25,3201.0,3372071945.1118758328524571419259621843776,0.0,0.0,42.853930948177,74.43735909841537,0.0004816633444002698,15.6153839905346,,93.10005183264639,215945502.663007607994711456,4696.0,5397.0,5039106.048967833,78687575.9236583615469718735218,1181.594560663699252593,18451.0527858906935352465118065062178,118.655005360134,1852.8434710974336137201876364,6377065.84390198486624507,99580331.885452073009735558603923914422,0.08263097235153698,0.09399826928842672,0.07831152629640806
2021-01-26,2861.0,3631709517.6625480888293774090700588580928,0.0,0.0,39.802493106444,78.63616529536375,0.0005152384751578345,16.8177131400138,,108.04746133880481,215945502.663007607994711456,3980.0,4540.0,5425426.54515396,91243267.298615427301357524648,1435.613090229832132309,24143.7291315340649321724595236858642,92.44341333,1554.686807067667875303954,6517683.429643437880681989,109612530.2571646547920483180093888714482,0.08252249391740014,0.0943727799231266,0.0781611706104884
2021-01-27,2668.0,3309865111.5183377989356708943235251055616,0.0,0.0,42.6270518658,70.51644023108811,0.0005048700440263519,15.3273167104736,,92.02110225443158,215945502.663007607994711456,4031.0,4720.0,5065926.28884713,77647056.661074124974940300768,1343.444303003445904302,20591.3963150152748184915374666974272,159.70780968364514,2447.892180157271586698463738304,6341057.110176264668306119,97191390.6068720971432904640908582679584,0.08265962175807384,0.09656742039124577,0.07956061132693479
2021-01-28,2974.0,3734406045.1336740681063618644196265948085,678085.062866251042788461,11689608.6177235814656103958628312342805,35.123930437247,77.77661085829551,0.0005144280937610404,17.2391477970505,,121.73132762838861,216623587.725873859037499917,4218.0,4782.0,6167407.378080857,106320847.3153556061120151122785,1482.789570874516928843,25562.0285642308847506321723137775715,100.55423049999999,1733.469241208183024748772029495,7090699.727921939953727733,122237620.5941520908775317882524174515165,0.08299106283715937,0.09766412523039805,0.080350241754337
2021-01-29,2603.0,3680334813.3645175260465577179023631250824,0.0,0.0,88.862701974147,76.01037531936917,0.0004972623173082359,16.9895386370472,,132.35269945229712,216623587.725873859037499917,3400.0,3832.0,2437733.5250158943,41415967.91008280327133881931096,783.671571232911293279,13314.2184382170334413194023337657688,83.63250926,1420.877747385977733057072,3003029.46096451607584455,51020085.05524767214712612978965821276,0.08254787115772896,0.09657926619492228,0.08044120043293267
2021-01-30,2994.0,3837185471.1515204046407272200303605061853,0.0,0.0,108.885586372096,78.7072591647776,0.000515681265391531,17.7136087137809,,144.37423567034207,216623587.725873859037499917,3875.0,4432.0,1989460.6342624947,35240527.22679620225633190321123,584.263321213331287957,10349.4118577870340616461175721066213,64.62788425,1144.793053604023385060825,2589455.039617484268227336,45868593.3537121349612494614994372946824,0.08254484172863352,0.09635512665273119,0.08045181706529486
2021-01-31,3187.0,3761990377.62686091148089881970971023296,0.0,0.0,70.433034932899,76.32934666880297,0.0005237521294508964,17.36648541888,,105.23373235402613,216623587.725873859037499917,4465.0,5145.0,3075596.3864435134,53412299.799531293161857892992,841.146579308391296375,14607.75980469996696332593810056,85.0,1476.1512606048,4327699.150541673219846926,75156924.19518133002626942100459036288,0.08235474285332776,0.09378407205725367,0.07999918040958236
2021-02-01,2714.0,3787877290.8352520380084268731385815885822,0.0,0.0,79.636480663849,76.1393189825607,0.0005208771415273862,17.4859872398966,,114.36421750633095,216623587.725873859037499917,3501.0,3896.0,2720155.209272195,47564599.279871867408153055037,937.584693919823982828,16394.5939942044014894250773148955848,100.0,1748.59872398966,3652829.967511634237099391,63873338.2014203482028263826576547629706,0.0822880011062009,0.09314819560688772,0.07993828606404997
2021-02-02,2981.0,3724469605.5471791413493580107852705133952,0.0,0.0,12.957013593547,70.45117550739486,0.00048300950280721596,17.1932781865856,,80.24261258609461,216623587.725873859037499917,4222.0,4830.0,16718635.522135403,287448151.4322057774999814499968,3863.815857189743849738,66431.6608944039647605983312136745728,141.81381829,2438.244428561870993930624,18662230.590226462794236822,320864922.1199711497937291748228699749632,0.08230210162597028,0.09006275102714976,0.07970600414617456
2021-02-03,2909.0,3729742610.9637747211328131343954271215132,0.0,0.0,30.154969794993,68.9840057848657,0.00045817896053253643,17.2176199744396,,54.46857126852549,216623587.725873859037499917,3596.0,3983.0,7183677.821552296,123685834.7502975640655146933216,2085.955787818633717203,35915.1940381439999430293115948044388,78.93884502,1359.139034775543945750792,8308361.902881618095620848,143050217.8539275517731081137704528767808,0.08224100456661969,0.08635242139547196,0.07969971471017559
2021-02-04,2816.0,4284460962.4321083320923637506514591664072,669608.999580422904807691,13202961.0776096058479088989336483949169,43.575435783687,77.90655510189062,0.0005310488036608739,19.7174188009459,,56.78013116025155,217293196.725454281942307608,3903.0,4474.0,4986598.362529763,98322848.3061103879268613028217,1365.949812735890080963,26933.0045187871704449802567319829017,144.606,2851.2570631295828154,6111259.462180372222230316,120498262.2170538005708782247133484559044,0.08279138343512547,0.08702245603278091,0.08096844792985054
2021-02-05,3685.0,5051105519.3314383249917218841578827800328,0.0,0.0,35.204927572197,89.53618175038477,0.0006109954866535318,23.2455760026091,,92.15049079376708,217293196.725454281942307608,5231.0,5949.0,6172238.141374877,143477230.8215324343288131915807,1422.20623737339243859,33060.003182247912603000096051525169,176.20370370366084,4095.956586384662617777061497644,8460704.906134311617169239,196673958.9311928320751854824770202614749,0.0835837896782915,0.09053981300642297,0.08296929165613395
2021-02-06,3459.0,4541988757.6668367210414800206154390191856,0.0,0.0,71.061095839027,79.7760360069417,0.0005313081826312621,20.9025815171082,,80.11289635446761,217293196.725454281942307608,4488.0,4981.0,3057836.276796013,63916672.0416992951982410496066,807.672143022357900639,16882.4328086223088975307030142121398,95.55772256182048,1997.403085437662000701257135936,4023014.944394364703082479,84091397.8197477206185924887328141672278,0.08355932504623205,0.09284114167522442,0.08310004513915484
2021-02-07,2942.0,4354306720.310045613792354674501019845484,0.0,0.0,67.193510413317,75.73848861662809,0.0005137770963963951,20.0388543494605,,70.11961270599073,217293196.725454281942307608,3736.0,4138.0,3233842.00927814,64802489.01309133833490344347,1051.0642543416490037,21062.12350467661035874959145750385,95.96911053910402,1923.11102814038010114364038121,4349303.884465743577311624,87155067.062351813664526329238004778852,0.08363985362526916,0.09352387548898998,0.08351208592178153
2021-02-08,2964.0,4615921413.0123161481252286585350896843496,0.0,0.0,65.946087547457,80.07720846432093,0.0004605796723235734,21.2428252820287,,59.01108441363389,217293196.725454281942307608,3885.0,4288.0,3295012.7112405617,69995379.32694693652945350352079,956.383164782300288713,20316.2804721440687960176676603520631,90.585207755,1924.2857414757362573725685,4100971.010586503638001191,87116210.6645537669973205087753214961817,0.08301815066477786,0.09162418203227841,0.08297643055904416
