time,ReferenceRate,ReferenceRateBTC,ReferenceRateETH,ReferenceRateEUR,ReferenceRateUSD,principal_market_price_usd
2019-03-22,0.00112334405476859,0.000000282511742681863,0.00000834662789533223,0.000989791567820582,0.00112334405476859,
2019-03-23,0.00117433210750712,0.000000294770388100407,0.00000864157041316842,0.00104119515544767,0.00117433210750712,
2019-03-24,0.00117978454482727,0.000000296296058603773,0.00000864469092276294,0.00104415986856838,0.00117978454482727,
2019-03-25,0.00116817306680532,0.000000294200714975652,0.00000862633210916989,0.00103525619109532,0.00116817306680532,
2019-03-26,0.00123721302471081,0.000000316565357383647,0.00000929584243952766,0.00109527391687442,0.00123721302471081,
2019-03-27,0.00121066751611372,0.000000309020068813633,0.00000909152943940532,0.0010748489768765,0.00121066751611372,
2019-03-28,0.00123625328828181,0.000000306990528325387,0.00000888015341969124,0.00109898450898391,0.00123625328828181,
2019-03-29,0.00127110057170451,0.000000316908598985573,0.00000925536573174338,0.00113203429551866,0.00127110057170451,
2019-03-30,0.00129688978597977,0.000000317129757022614,0.00000910935660820545,0.00115617828647446,0.00129688978597977,
2019-03-31,0.00133865939975799,0.000000327149327099632,0.00000942003124515694,0.00119274999482633,0.00133865939975799,
2019-04-01,0.00136091190631462,0.000000332390392709402,0.00000963294786770994,0.00121190734713117,0.00136091190631462,
2019-04-02,0.00146840466991581,0.000000354822721663923,0.0000103924237364228,0.00131228644992958,0.00146840466991581,
2019-04-03,0.00194173862570435,0.000000395972616444314,0.0000117349080376712,0.00172960436279139,0.00194173862570435,
2019-04-04,0.0025350520213279,0.000000511075745783118,0.0000158203867970501,0.00225548398659924,0.0025350520213279,
2019-04-05,0.0025233473077992,0.0000005137871590595,0.0000159841353651869,0.00224629334431869,0.0025233473077992,
2019-04-06,0.00243999616516378,0.000000484777837406389,0.0000147041767156092,0.00217486669374483,0.00243999616516378,
2019-04-07,0.00400522563924145,0.000000794001249627421,0.0000242141032628204,0.00357622132955783,0.00400522563924145,
2019-04-08,0.00473911844589768,0.000000913281210053712,0.0000271639289119779,0.00422852744444156,0.00473911844589768,
2019-04-09,0.004574036352772,0.000000865733508611332,0.0000253017423059397,0.00406709440553748,0.004574036352772,
2019-04-10,0.00436779778677117,0.000000840676025539332,0.0000248229725349159,0.00388001284958095,0.00436779778677117,
2019-04-11,0.00298407654980063,0.000000561788726311899,0.0000168140785180008,0.00265114812932405,0.00298407654980063,
2019-04-12,0.00255010568306719,0.000000504904834081152,0.0000154038062176455,0.0022689203450733,0.00255010568306719,
2019-04-13,0.00272845258015926,0.000000536794602144134,0.0000165469252742299,0.00241823540083506,0.00272845258015926,
2019-04-14,0.0027418875631536,0.000000540295694788748,0.0000167057208378834,0.00243430884321776,0.0027418875631536,
2019-04-15,0.0027717186914881,0.000000537487689983099,0.0000164970392601226,0.00245415483026114,0.0027717186914881,
2019-04-16,0.00243697223471086,0.000000483248394296509,0.0000151781925028384,0.0021588121975189,0.00243697223471086,
2019-04-17,0.00220556417591423,0.000000423661135113763,0.0000132337285910138,0.00195441779157987,0.00220556417591423,
2019-04-18,0.00248414938342559,0.000000475312279222751,0.000014932000298491,0.00219929006185173,0.00248414938342559,
2019-04-19,0.00243840272946097,0.000000461949729790356,0.0000140504730897431,0.00217175748455829,0.00243840272946097,
2019-04-20,0.00255130829655189,0.000000482293350330809,0.0000146920092250643,0.00227143574327035,0.00255130829655189,
2019-04-21,0.00253800885370822,0.000000477610392170499,0.0000146523305805442,0.00226039755907048,0.00253800885370822,
2019-04-22,0.00240396728755993,0.000000453944130419098,0.0000141455105154348,0.00214174483422852,0.00240396728755993,
2019-04-23,0.00231554687381067,0.000000430095264389189,0.0000134965830862092,0.00205858425922543,0.00231554687381067,
2019-04-24,0.00225461983767338,0.000000406614185929102,0.0000131897391119694,0.0020107788663914,0.00225461983767338,
2019-04-25,0.00202039400574344,0.000000371946497947686,0.0000122342747972174,0.00181484109938673,0.00202039400574344,
2019-04-26,0.00190623248139096,0.000000371753896780082,0.0000125372506979927,0.00171508506949635,0.00190623248139096,
2019-04-27,0.00197663674808822,0.000000383800689555527,0.0000129224945222006,0.00177400090911123,0.00197663674808822,
2019-04-28,0.00204031991319801,0.000000393746739798393,0.0000131019245538832,0.00183722188130886,0.00204031991319801,
2019-04-29,0.00216784936954758,0.000000421050393882519,0.0000141456655149343,0.00194739388004464,0.00216784936954758,
2019-04-30,0.00202070631355084,0.000000392461567735758,0.0000132466062348763,0.00180669795309846,0.00202070631355084,
2019-05-01,0.00216755696769424,0.000000411565236807922,0.0000135524401435071,0.00193505387807826,0.00216755696769424,
2019-05-02,0.00214238186244077,0.00000040306889797834,0.000013540280248259,0.00191303052642448,0.00214238186244077,
2019-05-03,0.0021604984885876,0.000000400602013748564,0.0000135716848354948,0.00193478059149008,0.0021604984885876,
2019-05-04,0.00242164354806853,0.000000427970900383629,0.0000147037669684318,0.00216155714127726,0.00242164354806853,
2019-05-05,0.00293613403649711,0.000000508446796745477,0.0000181201159059831,0.0026203266878587,0.00293613403649711,
2019-05-06,0.00316149997355603,0.000000551903957351342,0.0000195775972802121,0.00282584172918457,0.00316149997355603,
2019-05-07,0.00296444993441978,0.000000520838412014157,0.0000172283011457367,0.0026454087411942,0.00296444993441978,
2019-05-08,0.00265181131776584,0.000000455188369290196,0.0000155942930128632,0.00237117870249284,0.00265181131776584,
2019-05-09,0.00271437731403585,0.00000045759753224609,0.0000160084754525954,0.00242195310045689,0.00271437731403585,
2019-05-10,0.0025968311355958,0.000000422239322649042,0.0000152530181206485,0.0023154064830973,0.0025968311355958,
2019-05-11,0.002578784621902,0.00000040563105466666,0.0000149736229260747,0.00229723551701494,0.002578784621902,
2019-05-12,0.00293319372825492,0.000000400431474181105,0.0000146948797479136,0.00257718575632994,0.00293319372825492,
2019-05-13,0.00269341712273214,0.000000387953811553253,0.0000143891338468895,0.00239293936229665,0.00269341712273214,
2019-05-14,0.00278877829264922,0.000000357585844354457,0.0000142411612424537,0.00247603735346477,0.00278877829264922,
2019-05-15,0.00262871541694786,0.000000330425033908059,0.0000120464576584819,0.00234299472417357,0.00262871541694786,
2019-05-16,0.00301937834984584,0.000000367535280515762,0.0000121230265854684,0.00269424575016108,0.00301937834984584,
2019-05-17,0.00306597055177581,0.000000389969807813011,0.0000116408424266638,0.00274542163679186,0.00306597055177581,
2019-05-18,0.00291161192341917,0.000000397385484275683,0.000012018353543865,0.00261193949790524,0.00291161192341917,
2019-05-19,0.00293876597906347,0.000000403788266118616,0.0000125138390631556,0.00264191049708494,0.00293876597906347,
2019-05-20,0.00320001675256915,0.000000389308623822528,0.0000122150144643677,0.00287120878783553,0.00320001675256915,
2019-05-21,0.00312949667951552,0.000000392111518283426,0.0000123981010661154,0.00280242065560096,0.00312949667951552,
2019-05-22,0.00310925979119279,0.000000389445688733817,0.0000121068532097923,0.00278888985139918,0.00310925979119279,
2019-05-23,0.00294787795606513,0.00000038444386898967,0.0000120542701137748,0.00264836415827387,0.00294787795606513,
2019-05-24,0.00291307614567149,0.00000036886188468957,0.0000118494613783613,0.00260498188500137,0.00291307614567149,
2019-05-25,0.00300843086201264,0.000000376661206638701,0.000012089856554523,0.00268693614624535,0.00300843086201264,
2019-05-26,0.00298423275642273,0.000000370179096758733,0.0000118474373342348,0.00266704048484463,0.00298423275642273,
2019-05-27,0.00319561265729983,0.000000365985629480463,0.0000119108463579635,0.00285575711797563,0.00319561265729983,
2019-05-28,0.00308979199252049,0.000000350444225852894,0.000011333847756418,0.00276111159239408,0.00308979199252049,
2019-05-29,0.00309564566018283,0.000000355040827948849,0.0000114136336890412,0.00277442001690276,0.00309564566018283,
2019-05-30,0.00307426191230383,0.000000355180635977296,0.0000114145728274272,0.00276314225685478,0.00307426191230383,
2019-05-31,0.00275663532442904,0.000000333264181644183,0.0000108403388886652,0.00248128645490654,0.00275663532442904,
2019-06-01,0.00288284500117382,0.000000336929656412819,0.0000108144299093095,0.00258610730984389,0.00288284500117382,
2019-06-02,0.00278701652675111,0.000000325783669855142,0.0000105114845338801,0.00249767050280871,0.00278701652675111,
2019-06-03,0.00285990514288971,0.000000327057347648032,0.0000105935344071619,0.00256290638276305,0.00285990514288971,
2019-06-04,0.00246969001256642,0.000000302161845579152,0.00000983713877688898,0.0022019937309599,0.00246969001256642,
2019-06-05,0.00253848776857101,0.000000331831098053615,0.0000106010153591875,0.0022560436977638,0.00253848776857101,
2019-06-06,0.00237494271401922,0.000000304536663765078,0.0000096410077542581,0.00211561926708932,0.00237494271401922,
2019-06-07,0.00249499396130721,0.000000320828845898887,0.0000100812417477161,0.00221318095287444,0.00249499396130721,
2019-06-08,0.00246804329517975,0.000000307584576992696,0.00000986326036049835,0.00218046118846717,0.00246804329517975,
2019-06-09,0.00255172266477562,0.000000321383537127131,0.0000104310979215119,0.00225921784184505,0.00255172266477562,
2019-06-10,0.00237180341358785,0.000000310686794040367,0.0000102657883721371,0.00210416471904319,0.00237180341358785,
2019-06-11,0.00264943630756578,0.000000331457028528593,0.000010737490436377,0.00234222205149562,0.00264943630756578,
2019-06-12,0.0024852674244455,0.000000313698019638492,0.0000101108959101924,0.00219566162458725,0.0024852674244455,
2019-06-13,0.00251733712089854,0.000000308998708473793,0.00000969486903932804,0.00223309010602332,0.00251733712089854,
2019-06-14,0.00248718359070447,0.000000302107476926829,0.000009740814708756,0.00220790326769467,0.00248718359070447,
2019-06-15,0.00246239222712181,0.000000283098512761172,0.00000930034896013264,0.00219646839377268,0.00246239222712181,
2019-06-16,0.00246554483170077,0.000000278574227913129,0.0000091636460467018,0.00219567399958101,0.00246554483170077,
2019-06-17,0.00249288218670918,0.000000276387547675947,0.00000923807993720131,0.00222106844359578,0.00249288218670918,
2019-06-18,0.00254859897183832,0.000000272852553390694,0.0000093111718345495,0.00227190733770003,0.00254859897183832,
2019-06-19,0.00239637914583408,0.000000264877195186178,0.00000908744285865105,0.00214066250752106,0.00239637914583408,
2019-06-20,0.00243478864037771,0.000000262226606408339,0.00000905338464422153,0.00216796785707249,0.00243478864037771,
2019-06-21,0.00241986425081434,0.000000253475990396214,0.00000889206466663302,0.0021450604845795,0.00241986425081434,
2019-06-22,0.00238582795193937,0.000000236607446841423,0.00000809158740029659,0.00209463304161626,0.00238582795193937,
2019-06-23,0.00231041191890808,0.000000216223498609433,0.0000075010994650221,0.00202649863978525,0.00231041191890808,
2019-06-24,0.0024357589469241,0.000000225649660680183,0.00000794562413395128,0.00213534669499334,0.0024357589469241,
2019-06-25,0.00281838335408618,0.000000256118716893738,0.00000909746521473541,0.00247398116428607,0.00281838335408618,
2019-06-26,0.00270380874913713,0.000000230577171736081,0.00000855170423969746,0.00237790944907396,0.00270380874913713,
2019-06-27,0.00256019002883236,0.000000199028091392377,0.00000766443522073297,0.00221718573087704,0.00256019002883236,
2019-06-28,0.00222220774590316,0.000000200022338618336,0.0000075787646309982,0.00195370696631033,0.00222220774590316,
2019-06-29,0.00237259062546246,0.000000191985005713224,0.0000076672156785622,0.00208621507403211,0.00237259062546246,
2019-06-30,0.00255047578849577,0.000000213529866262485,0.00000800702440868757,0.00224155125394584,0.00255047578849577,
2019-07-01,0.00229538735392725,0.000000211700497685319,0.00000787006059748628,0.00202099444995163,0.00229538735392725,
2019-07-02,0.00226525502173032,0.000000214318930450029,0.00000770855705798346,0.00200594818471664,0.00226525502173032,
2019-07-03,0.00210966021111493,0.000000195954289888954,0.00000726037406943897,0.00186901329484381,0.00210966021111493,
2019-07-04,0.0022301106867374,0.000000186588524254822,0.00000738307383478782,0.00197451440312455,0.0022301106867374,
2019-07-05,0.00206875787141553,0.000000185090449173041,0.00000729748382281701,0.0018366680292355,0.00206875787141553,
2019-07-06,0.00205998354104997,0.000000187298489737692,0.00000715623456363758,0.00183837342116621,0.00205998354104997,
2019-07-07,0.00241643246984213,0.000000215594560278009,0.0000084115909427334,0.00215537967017722,0.00241643246984213,
2019-07-08,0.00225522857959332,0.000000196856881625262,0.00000736524807395629,0.00200814007940243,0.00225522857959332,
2019-07-09,0.00234565939343289,0.000000190400259576118,0.00000748631527181715,0.002093680846904,0.00234565939343289,
2019-07-10,0.00228555349610918,0.000000181694406779661,0.00000741237224578431,0.00204056357368362,0.00228555349610918,
2019-07-11,0.00220757405340286,0.000000182341920717079,0.00000764577702733852,0.00196489251990799,0.00220757405340286,
2019-07-12,0.00198308375091636,0.000000175576828833851,0.00000741238289150731,0.00176328003564584,0.00198308375091636,
2019-07-13,0.00195712058956844,0.000000165670613676213,0.00000709429130660284,0.00173756566625616,0.00195712058956844,
2019-07-14,0.00198761399443492,0.000000175168989250666,0.00000739746225703872,0.00176752702020767,0.00198761399443492,
2019-07-15,0.00177588804413158,0.000000172700083180266,0.00000770998986971156,0.00157622793569982,0.00177588804413158,
2019-07-16,0.00173960151992556,0.00000015921114552893,0.00000754451343648268,0.00154720228346361,0.00173960151992556,
2019-07-17,0.00145123515076346,0.000000153227068574555,0.00000729257990995232,0.00129458181804181,0.00145123515076346,
2019-07-18,0.00161646405623719,0.000000167078418030491,0.00000766346172127118,0.00144166292254263,0.00161646405623719,
2019-07-19,0.00168996910191578,0.000000158238426873857,0.00000743687624597046,0.00150206728339821,0.00168996910191578,
2019-07-20,0.00164245023317229,0.000000155945558153127,0.00000743084594624251,0.0014648661863179,0.00164245023317229,
2019-07-21,0.00169334243710219,0.000000155886700157083,0.00000734090848829764,0.00151070316714258,0.00169334243710219,
2019-07-22,0.00171489816376836,0.000000161940103369604,0.00000759907145629307,0.00153021432324139,0.00171489816376836,
2019-07-23,0.00171843129827616,0.000000166537883599744,0.00000791854103807373,0.00153487336290325,0.00171843129827616,
2019-07-24,0.00168151506807426,0.000000170424130648001,0.00000791817448328362,0.00151071009958581,0.00168151506807426,
2019-07-25,0.00170467478933163,0.00000017407451994368,0.00000786113457537322,0.0015302907457402,0.00170467478933163,
2019-07-26,0.00170200350404456,0.000000171968412927873,0.00000774910682848183,0.00152867733157134,0.00170200350404456,
2019-07-27,0.0017136371673964,0.000000174208599116655,0.00000781179489610282,0.00154035871044611,0.0017136371673964,
2019-07-28,0.00160801948077342,0.000000170220737198159,0.0000077815264222175,0.00144736926409721,0.00160801948077342,
2019-07-29,0.00160875173540246,0.000000168812947540245,0.00000762703500511655,0.00144698070966029,0.00160875173540246,
2019-07-30,0.00166275942027976,0.000000174950717363145,0.00000788632856004282,0.00149198986705049,0.00166275942027976,
2019-07-31,0.00174520287915339,0.000000181998436106848,0.00000830932023168624,0.00156387706237728,0.00174520287915339,
2019-08-01,0.00171027691430051,0.000000170024478673131,0.00000784213266317714,0.00154298974879794,0.00171027691430051,
2019-08-02,0.00170181547025412,0.000000163631272413546,0.00000782972374028207,0.00153462051360636,0.00170181547025412,
2019-08-03,0.00172780022078384,0.000000164088353015769,0.00000793780727800041,0.00155446654994317,0.00172780022078384,
2019-08-04,0.00169745424569988,0.000000157020169770804,0.00000765186658563788,0.00152725966181642,0.00169745424569988,
2019-08-05,0.0016717969637317,0.000000152168170482502,0.00000750396362140446,0.00150218817727034,0.0016717969637317,
2019-08-06,0.00164646100490984,0.00000013964865666318,0.0000070876523939939,0.00146550885231219,0.00164646100490984,
2019-08-07,0.00157867088557083,0.000000138195062801568,0.0000069936472913353,0.00140843135824698,0.00157867088557083,
2019-08-08,0.0016044809387919,0.000000134072387703416,0.00000709812526617402,0.00143157405145025,0.0016044809387919,
2019-08-09,0.00150816552897813,0.000000126330699482552,0.00000683820107194624,0.00134785222454246,0.00150816552897813,
2019-08-10,0.00145708115285565,0.000000122873945078403,0.00000694450594398428,0.0013006545016061,0.00145708115285565,
2019-08-11,0.00148840841905874,0.000000131674088559432,0.00000721392413263939,0.001330639853023,0.00148840841905874,
2019-08-12,0.00156273329950426,0.000000135533984175492,0.00000724192604425928,0.00139597591816084,0.00156273329950426,
2019-08-13,0.00150238762072925,0.000000131965542882222,0.00000712124868111914,0.00134120999159254,0.00150238762072925,
2019-08-14,0.00145254910635715,0.000000133665389442502,0.00000696340182711876,0.00130102237097154,0.00145254910635715,
2019-08-15,0.00137248708090561,0.000000136914915117729,0.00000736384655987341,0.00123274636551349,0.00137248708090561,
2019-08-16,0.0013451481186244,0.00000013046914794201,0.00000715441007710899,0.00121158561307192,0.0013451481186244,
2019-08-17,0.00136443976264082,0.000000131533541080203,0.00000735238135301787,0.0012307137103848,0.00136443976264082,
2019-08-18,0.00145400400772458,0.000000142449480557161,0.00000783628290814344,0.00131206803385522,0.00145400400772458,
2019-08-19,0.00141414576046405,0.000000136879617758449,0.00000726297383419818,0.00127542286863946,0.00141414576046405,
2019-08-20,0.00154409459463892,0.000000141860093236282,0.00000761511650119604,0.00139442121407977,0.00154409459463892,
2019-08-21,0.00148184208713882,0.000000137572008794062,0.00000753283089360084,0.00133593982197673,0.00148184208713882,
2019-08-22,0.00148423404290532,0.000000147,0.00000795847535184725,0.00133936894936173,0.00148423404290532,
2019-08-23,0.00144746677238961,0.000000143034348334307,0.00000755478229258568,0.00130626013209082,0.00144746677238961,
2019-08-24,0.00153041069424254,0.000000146955013189726,0.00000786340994704668,0.00137340726554007,0.00153041069424254,
2019-08-25,0.00179038392250471,0.000000176443140299986,0.00000936812913699548,0.00160807911841532,0.00179038392250471,
2019-08-26,0.00149373274180311,0.000000147889106749296,0.00000801683531058445,0.00134180111970834,0.00149373274180311,
2019-08-27,0.00148117930677811,0.000000142934504186069,0.00000785480636105589,0.00133474085122533,0.00148117930677811,
2019-08-28,0.00146529118591518,0.000000144104962267932,0.00000784067511644324,0.00132226997921729,0.00146529118591518,
2019-08-29,0.00137313910873949,0.000000141199727689429,0.00000792916290074401,0.00124117190605228,0.00137313910873949,
2019-08-30,0.00133112425242757,0.000000140379718536488,0.00000788880369659848,0.00120524438774345,0.00133112425242757,
2019-08-31,0.00136081767599704,0.000000142082199776716,0.00000808218796560113,0.0012404608649551,0.00136081767599704,
2019-09-01,0.00133531567802939,0.000000139022621274109,0.00000775545484097063,0.00121708006446023,0.00133531567802939,
2019-09-02,0.00133160935288485,0.000000136394346631721,0.00000777757045939579,0.0012123525082202,0.00133160935288485,
2019-09-03,0.00131771346836801,0.000000126979907519182,0.00000737883319675863,0.00120128501017741,0.00131771346836801,
2019-09-04,0.00134604742412016,0.000000126761005806485,0.00000751001413417134,0.00122615788376555,0.00134604742412016,
2019-09-05,0.00131913186672525,0.000000124714172274065,0.00000754955395913136,0.00119534300647735,0.00131913186672525,
2019-09-06,0.00129295466326339,0.000000122205301700771,0.00000740771890272284,0.00117155746836793,0.00129295466326339,
2019-09-07,0.0012717145156252,0.000000123098733280701,0.00000751467960690178,0.00115321216296696,0.0012717145156252,
2019-09-08,0.00130202924367708,0.000000124067690652624,0.00000730297572545627,0.00117946861614117,0.00130202924367708,
2019-09-09,0.0013743434536176,0.000000132056151813638,0.00000756777718665673,0.0012471814845148,0.0013743434536176,
2019-09-10,0.00133948007831576,0.000000129638005122481,0.00000738460258488712,0.0012135890993108,0.00133948007831576,
2019-09-11,0.00131170150886613,0.000000130052326117491,0.00000730363108413664,0.00118822676250956,0.00131170150886613,
2019-09-12,0.00131322246564769,0.000000129481689463648,0.00000737521568881101,0.00119281747422149,0.00131322246564769,
2019-09-13,0.00132401282330837,0.000000127267808383779,0.00000732119650313265,0.00119813045820957,0.00132401282330837,
2019-09-14,0.00133506719322353,0.000000129050118694229,0.00000735520477633686,0.00120491914866625,0.00133506719322353,
2019-09-15,0.00141498410807064,0.000000136535971382026,0.00000750272794481212,0.00127751254197597,0.00141498410807064,
2019-09-16,0.0013435682909892,0.000000130365434913528,0.00000709218063476668,0.00121309866315234,0.0013435682909892,
2019-09-17,0.00133424839550668,0.00000013007130523924,0.00000675806501310793,0.00121318238066338,0.00133424839550668,
2019-09-18,0.0013374708888436,0.000000131181041045617,0.00000639058883278162,0.00120818999069401,0.0013374708888436,
2019-09-19,0.0013822982277829,0.000000136035316473195,0.00000655984340011389,0.00125414422550071,0.0013822982277829,
2019-09-20,0.00134549912786642,0.00000013103308146252,0.00000607278281890029,0.00121770441168854,0.00134549912786642,
2019-09-21,0.00134431696841506,0.000000132182933156134,0.00000618943087827734,0.00122054251557656,0.00134431696841506,
2019-09-22,0.00132808216214556,0.000000132989000023259,0.00000616279340348202,0.0012067999082315,0.00132808216214556,
2019-09-23,0.0013182623520416,0.000000131209374341847,0.00000624615540052122,0.00119779027023423,0.0013182623520416,
2019-09-24,0.00125863807855844,0.000000129853678369739,0.00000625482563743485,0.00114560224288104,0.00125863807855844,
2019-09-25,0.00110718740847183,0.000000128538387004659,0.00000657325099635304,0.00100771112298201,0.00110718740847183,
2019-09-26,0.0011163966476508,0.000000132523237872589,0.00000657296928385477,0.00102121560445954,0.0011163966476508,
2019-09-27,0.00110027747862184,0.000000135976138242027,0.00000661484357626219,0.00100738790475311,0.00110027747862184,
2019-09-28,0.00113823452884575,0.000000139033243717124,0.0000065384342636704,0.00104130492115736,0.00113823452884575,
2019-09-29,0.00118889603270103,0.000000144952337814144,0.00000684064264523593,0.00108820019599496,0.00118889603270103,
2019-09-30,0.00112316094537548,0.000000139272096535872,0.00000661253396108152,0.00102765449361592,0.00112316094537548,
2019-10-01,0.0011742454562372,0.000000141776580946815,0.00000654143934800822,0.00107801066879899,0.0011742454562372,
2019-10-02,0.00114574885951126,0.000000137800442351268,0.00000648652772410929,0.00104973424117061,0.00114574885951126,
2019-10-03,0.00113550845802467,0.0000001357852657732,0.00000628285014907224,0.00103696261949197,0.00113550845802467,
2019-10-04,0.00112165571869243,0.000000135886785725246,0.00000639239854014724,0.00102328910156396,0.00112165571869243,
2019-10-05,0.00111001723019237,0.00000013593679816136,0.00000629961177684554,0.00101214852387236,0.00111001723019237,
2019-10-06,0.00110717085272791,0.000000135988782061296,0.00000628414465581348,0.00100967719688684,0.00110717085272791,
2019-10-07,0.00106829861158401,0.000000136009125471683,0.00000628947572581011,0.000974422265766605,0.00106829861158401,
2019-10-08,0.00111001861334209,0.000000134939879868431,0.00000613264631199381,0.00101215883571002,0.00111001861334209,
2019-10-09,0.00111146264356082,0.000000135707816944495,0.00000615193904339455,0.0010147406933261,0.00111146264356082,
2019-10-10,0.0011562527499085,0.000000134474077130986,0.00000595303465019264,0.00105219521725506,0.0011562527499085,
2019-10-11,0.00113894310895804,0.000000132773503028725,0.00000594518314686265,0.0010355498662967,0.00113894310895804,
2019-10-12,0.00109209340515363,0.00000013173855671552,0.00000603692808233814,0.00099085093996489,0.00109209340515363,
2019-10-13,0.00111583745980191,0.000000134054655712744,0.00000618810263143306,0.0010122538384741,0.00111583745980191,
2019-10-14,0.0011001093930087,0.000000132683166781203,0.00000606205721095382,0.000998679452602035,0.0011001093930087,
2019-10-15,0.0010935353461202,0.000000131019299522727,0.00000586281224364912,0.000992142090424283,0.0010935353461202,
2019-10-16,0.00106622485899683,0.000000130653400954254,0.00000591417468962523,0.000967031217152915,0.00106622485899683,
2019-10-17,0.00107264819973229,0.000000134016430334605,0.0000061295697255502,0.000969542961465681,0.00107264819973229,
2019-10-18,0.00110031905136504,0.000000136304800075533,0.00000621402622112344,0.000990276774382236,0.00110031905136504,
2019-10-19,0.00104272635639987,0.000000131006767558146,0.00000602277404762084,0.00093397640088785,0.00104272635639987,
2019-10-20,0.00103336193600689,0.000000130007533791,0.00000602146187516025,0.000925624266877202,0.00103336193600689,
2019-10-21,0.00105346216271814,0.000000128256571748625,0.00000601332902526078,0.000944612007644748,0.00105346216271814,
2019-10-22,0.00108410384406613,0.000000132020147256754,0.00000622338695590737,0.000972880439842616,0.00108410384406613,
2019-10-23,0.00105813682033626,0.000000131785995150917,0.0000061784796670535,0.000951649563378434,0.00105813682033626,
2019-10-24,0.000945008989748756,0.00000012671016979437,0.00000585784865643929,0.000850356573707868,0.000945008989748756,
2019-10-25,0.000986425036336015,0.000000132328404107186,0.00000612593271797496,0.000889210118678671,0.000986425036336015,
2019-10-26,0.00107353015184987,0.000000124012118980212,0.00000592580387094858,0.000967548930855903,0.00107353015184987,
2019-10-27,0.00112743228616009,0.000000121889226183083,0.0000062732500976204,0.00101414144421143,0.00112743228616009,
2019-10-28,0.00122320422863559,0.000000127974917233355,0.00000662722957586266,0.00110059774849413,0.00122320422863559,
2019-10-29,0.00119779696443635,0.000000128530321690095,0.00000655199010394632,0.00107914921938459,0.00119779696443635,
2019-10-30,0.00121872393203802,0.000000129222475556609,0.00000638642125421272,0.00109729846705235,0.00121872393203802,
2019-10-31,0.00115966624505237,0.000000126286022900584,0.00000632739635096012,0.00104009583553043,0.00115966624505237,
2019-11-01,0.00117647406235598,0.00000012850228605459,0.0000064488867207643,0.00105522880546124,0.00117647406235598,
2019-11-02,0.00120686674909382,0.000000130452600623839,0.00000658187076526491,0.00108167480938277,0.00120686674909382,
2019-11-03,0.00120447316177386,0.00000012951058562308,0.00000658186483631583,0.00107964097010837,0.00120447316177386,
2019-11-04,0.00119735252962136,0.000000130010803803895,0.0000065822229997569,0.00107321356175124,0.00119735252962136,
2019-11-05,0.00116826786521422,0.000000124041536850497,0.00000627984748687103,0.00105014141699839,0.00116826786521422,
2019-11-06,0.00116955702710839,0.000000125343874976526,0.00000618102746244839,0.00105641220274393,0.00116955702710839,
2019-11-07,0.00122996396719,0.000000131477576261348,0.00000642088853977677,0.00111203555667629,0.00122996396719,
2019-11-08,0.00118460784527194,0.000000128611467458532,0.00000634258123561894,0.0010720363972045,0.00118460784527194,
2019-11-09,0.00110210694796662,0.000000125362880777984,0.00000598846766441624,0.00100151654931244,0.00110210694796662,
2019-11-10,0.00113821006084858,0.000000129183735324066,0.00000615373153972699,0.00103431765604244,0.00113821006084858,
2019-11-11,0.00117256066196648,0.000000129666574313217,0.00000620254443498238,0.0010644762684807,0.00117256066196648,
2019-11-12,0.00113722525508697,0.000000130517401200439,0.00000616653495073631,0.00103164914413874,0.00113722525508697,
2019-11-13,0.00115761835457005,0.000000131712807791406,0.00000620447647156783,0.00105214928199091,0.00115761835457005,
2019-11-14,0.00115067001923111,0.00000013125419557569,0.00000611949944973075,0.00104652209409546,0.00115067001923111,
2019-11-15,0.00112393897667585,0.000000130003738643778,0.00000608302477505965,0.00102060481132736,0.00112393897667585,
2019-11-16,0.00107458127369884,0.000000126930873306461,0.00000597023464079192,0.000973562755084848,0.00107458127369884,
2019-11-17,0.00108006461903092,0.000000127400811788689,0.00000592507378317373,0.000978511503714909,0.00108006461903092,
2019-11-18,0.00111824760295407,0.000000131478707293133,0.00000608305925747819,0.00101255469636692,0.00111824760295407,
2019-11-19,0.00103903663711074,0.00000012696674952125,0.00000583523978375095,0.000939522080921636,0.00103903663711074,
2019-11-20,0.00102267158618844,0.000000125994108708358,0.00000582934090119791,0.000924172233331097,0.00102267158618844,
2019-11-21,0.0010353397135714,0.000000128190764149538,0.00000593625006426886,0.000935354633779539,0.0010353397135714,
2019-11-22,0.000980835166985736,0.000000128849108368621,0.00000610244235700051,0.000887814635150192,0.000980835166985736,
2019-11-23,0.000920442174365599,0.000000126477376070203,0.00000614545171365496,0.000837205335427919,0.000920442174365599,
2019-11-24,0.000922937567334973,0.000000126001120685487,0.00000605892078437499,0.000839193798475907,0.000922937567334973,
2019-11-25,0.000850344594239594,0.000000122468381954368,0.0000060062501641733,0.000772621702810888,0.000850344594239594,
2019-11-26,0.0008563082623,0.000000119947177804123,0.00000584262530041443,0.000778490480741415,0.0008563082623,
2019-11-27,0.000895671493447573,0.000000124998852430644,0.00000605417105725371,0.000814398185645785,0.000895671493447573,
2019-11-28,0.000937762146378766,0.000000124588695801572,0.00000611923271003758,0.000852484985606566,0.000937762146378766,
2019-11-29,0.000915431845037857,0.000000123102533028202,0.00000606204533424419,0.000832788890786143,0.000915431845037857,
2019-11-30,0.000937429028757943,0.000000120993898305085,0.00000607708790844408,0.000850635991141998,0.000937429028757943,
2019-12-01,0.000913645791464328,0.000000120913494964941,0.00000601018661626231,0.000830743362171709,0.000913645791464328,
2019-12-02,0.000898107000298489,0.000000121075765575422,0.00000593278950352091,0.000815703432717341,0.000898107000298489,
2019-12-03,0.000892845746679738,0.000000122001587663835,0.00000599013404557008,0.000806417041190279,0.000892845746679738,
2019-12-04,0.000903336796542585,0.000000123635590777882,0.00000612575550317683,0.000815599141122239,0.000903336796542585,
2019-12-05,0.000881648973301749,0.000000122196325327592,0.00000605123985292973,0.000796453535692877,0.000881648973301749,
2019-12-06,0.000896215939585472,0.000000121043413509668,0.00000605459673869089,0.000807684605831985,0.000896215939585472,
2019-12-07,0.000923811250872473,0.000000122615569842198,0.00000621257626617392,0.000835533561807694,0.000923811250872473,
2019-12-08,0.000900403667107025,0.000000119861063275093,0.00000610380266838869,0.000814830194437613,0.000900403667107025,
2019-12-09,0.000949609724563847,0.000000126127939733988,0.00000629554273696451,0.000859203908680723,0.000949609724563847,
2019-12-10,0.000888267522960007,0.000000121013623611923,0.00000602724029569321,0.000803038076979383,0.000888267522960007,
2019-12-11,0.00085324217403649,0.000000117979997979756,0.00000585630398189106,0.000769529009635944,0.00085324217403649,
2019-12-12,0.000871171201017037,0.000000120988195629716,0.00000608655584140639,0.000783490520103805,0.000871171201017037,
2019-12-13,0.000947572397939496,0.000000131738118615338,0.00000654698318595833,0.000847701232933122,0.000947572397939496,
2019-12-14,0.00100870697796496,0.000000139229866530021,0.00000697585729968112,0.000907565648394803,0.00100870697796496,
2019-12-15,0.000954536864767115,0.000000134991148143802,0.00000672955742760899,0.000859121742233234,0.000954536864767115,
2019-12-16,0.000957835783604217,0.00000013469233179004,0.00000673088684191628,0.000861041794761085,0.000957835783604217,
2019-12-17,0.00102282394320706,0.00000014861451936576,0.000007726424603908,0.000919121757586446,0.00102282394320706,
2019-12-18,0.000984550149389321,0.000000148971979622994,0.00000810289884124345,0.000883886357686878,0.000984550149389321,
2019-12-19,0.000923955507338318,0.000000126836377438203,0.00000695311457045259,0.000832039663530347,0.000923955507338318,
2019-12-20,0.000931905155278727,0.000000130406282434572,0.00000728933893835331,0.000838550196304414,0.000931905155278727,
2019-12-21,0.00100308637276703,0.00000013962357616645,0.0000078233149237654,0.000907065356410881,0.00100308637276703,
2019-12-22,0.000969950640581758,0.000000135841758852287,0.00000763156930076927,0.000876846574556845,0.000969950640581758,
2019-12-23,0.000934622999365273,0.000000124959582115722,0.00000707723521157449,0.000844268512782474,0.000934622999365273,
2019-12-24,0.000885043357489124,0.000000120878684979544,0.00000692444651528124,0.000798476247373536,0.000885043357489124,
2019-12-25,0.000889747316220847,0.00000012296751338617,0.00000696985811944541,0.000803238920945827,0.000889747316220847,
2019-12-26,0.000877983375738941,0.000000122091796903988,0.00000703055879943354,0.000792042710294438,0.000877983375738941,
2019-12-27,0.000891515118718222,0.000000123913795362195,0.00000711456619219148,0.000804132900113375,0.000891515118718222,
2019-12-28,0.000900391602428474,0.000000124412447825593,0.00000713567899152209,0.000806264999086181,0.000900391602428474,
2019-12-29,0.000900351994758205,0.000000123223750875527,0.00000703193423525334,0.000806553429949445,0.000900351994758205,
2019-12-30,0.000923650682228999,0.000000124959868796088,0.00000686018917463305,0.000826051989964824,0.000923650682228999,
2019-12-31,0.000902279264347467,0.000000124806986223959,0.00000687254683726024,0.000807047122045171,0.000902279264347467,
2020-01-01,0.00091010007336372,0.000000126977802454705,0.00000708188021559348,0.000813575192204768,0.00091010007336372,
2020-01-02,0.000917545504492045,0.000000127958807714787,0.0000070600041905449,0.000819072579975897,0.000917545504492045,
2020-01-03,0.000922920193665892,0.000000132854960058616,0.00000728252037477763,0.000827300418631685,0.000922920193665892,
2020-01-04,0.000935010462335481,0.000000127815573652669,0.00000698807998365028,0.000838268756394882,0.000935010462335481,
2020-01-05,0.000990172866852231,0.000000134842806267195,0.00000738657431838357,0.00088800396326784,0.000990172866852231,
2020-01-06,0.00100933285749244,0.000000137407751711766,0.0000074775268798916,0.000905316089897205,0.00100933285749244,
2020-01-07,0.00102897535662677,0.000000132500921577514,0.00000714621682068011,0.000919930023746403,0.00102897535662677,
2020-01-08,0.00106716581089687,0.000000131164505939192,0.00000744972838157052,0.00095721815915879,0.00106716581089687,
2020-01-09,0.00105447862936902,0.000000130833491446126,0.00000748534134626698,0.000949867511996745,0.00105447862936902,
2020-01-10,0.00101237033933725,0.000000129506551666059,0.0000073641038511469,0.000912271317626496,0.00101237033933725,
2020-01-11,0.00108070401656318,0.0000001329309004466,0.00000751588093096493,0.000971972451382544,0.00108070401656318,
2020-01-12,0.00105306678132839,0.000000131108822320866,0.00000737203865493985,0.000947274930941596,0.00105306678132839,
2020-01-13,0.00108806090600751,0.000000133266488283959,0.00000748080031465385,0.000978779398848362,0.00108806090600751,
2020-01-14,0.0010981005594205,0.000000135201995728448,0.00000763045558934619,0.000987506486725426,0.0010981005594205,
2020-01-15,0.00117293628488899,0.000000132832840971642,0.00000706383966060529,0.00105442204685445,0.00117293628488899,
2020-01-16,0.00121996604472709,0.000000138452387926328,0.00000735567226366541,0.00109539213386398,0.00121996604472709,
2020-01-17,0.00119750875309846,0.000000137349666683916,0.00000729952661824164,0.00107558974690167,0.00119750875309846,
2020-01-18,0.0012824366086402,0.000000143891229060377,0.00000749812079389286,0.00115614714275526,0.0012824366086402,
2020-01-19,0.00126331746081238,0.000000141497746882198,0.00000721586529689495,0.00113891573180156,0.00126331746081238,
2020-01-20,0.0012092453009933,0.000000139196029600682,0.00000725002750903111,0.00109165408531994,0.0012092453009933,
2020-01-21,0.00121866810466916,0.000000141110651595517,0.0000073005871056856,0.00109976918285253,0.00121866810466916,
2020-01-22,0.00123181179537987,0.000000141086986703969,0.00000728143077747383,0.00111169949490668,0.00123181179537987,
2020-01-23,0.00133098648608645,0.000000153908626734239,0.00000794404302473014,0.00120090301778318,0.00133098648608645,
2020-01-24,0.00115549832916474,0.000000138112025980199,0.00000712582071486741,0.00104562604988153,0.00115549832916474,
2020-01-25,0.00116497884584714,0.000000138302834527648,0.00000718025359125114,0.00105691917149998,0.00116497884584714,
2020-01-26,0.00118084163468946,0.000000141506714762678,0.00000735628538516007,0.00107287197130015,0.00118084163468946,
2020-01-27,0.0011805023122391,0.000000137685974947917,0.0000070621475026407,0.00107126571654017,0.0011805023122391,
2020-01-28,0.00117168387132635,0.000000131620897583608,0.00000689492219657791,0.00106293376618449,0.00117168387132635,
2020-01-29,0.00119107983581721,0.000000128109076992731,0.00000679544578247455,0.00107994939798426,0.00119107983581721,
2020-01-30,0.00126766985881263,0.000000136133698443331,0.00000725723180210006,0.00115143501026806,0.00126766985881263,
2020-01-31,0.00128649879600164,0.000000135293878321843,0.00000698209863759612,0.00116663333690813,0.00128649879600164,
2020-02-01,0.00125734130220424,0.000000134370314834074,0.00000697888369855353,0.00113412783731432,0.00125734130220424,
2020-02-02,0.00123613029273156,0.000000131757121005123,0.00000673411094952895,0.00111433435811108,0.00123613029273156,
2020-02-03,0.00129344517013661,0.000000138493582222768,0.00000686548915065087,0.00116712232934909,0.00129344517013661,
2020-02-04,0.00124340101224799,0.000000133989884978741,0.00000656697061214265,0.00112538606233775,0.00124340101224799,
2020-02-05,0.00124226348949787,0.000000135594197699612,0.00000659807461004295,0.00112552554541342,0.00124226348949787,
2020-02-06,0.00136400725073393,0.000000141668869324076,0.00000664963639838559,0.00123986509516408,0.00136400725073393,
2020-02-07,0.00137045917722569,0.000000140714623237857,0.0000064386256875499,0.00125007478109077,0.00137045917722569,
2020-02-08,0.001504884854077,0.000000153555301097224,0.00000675250856252786,0.0013756119122133,0.001504884854077,
2020-02-09,0.00159822343664716,0.000000161252761954362,0.00000713577407941568,0.00146201320864889,0.00159822343664716,
2020-02-10,0.00159665741006292,0.000000157289362936169,0.00000698856744642556,0.00145843002785598,0.00159665741006292,
2020-02-11,0.00150168610670915,0.000000152110115696579,0.00000669977351130606,0.00137656592864684,0.00150168610670915,
2020-02-12,0.00152999372882693,0.000000148944760542796,0.00000643802522452362,0.00140108613335714,0.00152999372882693,
2020-02-13,0.00171590679708088,0.000000165625907399963,0.00000643506582535181,0.00157897734468437,0.00171590679708088,
2020-02-14,0.00173567487458587,0.000000169574063660823,0.00000647784900526486,0.00160226093499649,0.00173567487458587,
2020-02-15,0.00198639371270328,0.000000191706947265533,0.00000697394651531006,0.0018348295626541,0.00198639371270328,
2020-02-16,0.00187545203455743,0.000000189215516158805,0.00000707627368948809,0.00173379564774848,0.00187545203455743,
2020-02-17,0.00168587906892049,0.000000169400238435395,0.00000645612347493024,0.00155645405261054,0.00168587906892049,
2020-02-18,0.00171066911611047,0.000000176665811072779,0.00000641641518145336,0.00157924230371779,0.00171066911611047,
2020-02-19,0.00186949247020815,0.00000018336800046655,0.00000659281839180459,0.0017318498568807,0.00186949247020815,
2020-02-20,0.00165357682863663,0.000000171604030113952,0.00000633366657604822,0.00153292018420873,0.00165357682863663,
2020-02-21,0.0016762040871016,0.000000174349785236127,0.00000648104226501005,0.00155496103494457,0.0016762040871016,
2020-02-22,0.00176527144141017,0.000000181953028902221,0.00000663861982262538,0.00162857180840367,0.00176527144141017,
2020-02-23,0.0017087689501689,0.000000176612399329625,0.00000652791455230478,0.00157712842002416,0.0017087689501689,
2020-02-24,0.00174921210685643,0.000000175397547925476,0.00000636124208567983,0.00161420804698511,0.00174921210685643,
2020-02-25,0.00168227424471519,0.000000174364932646908,0.00000636340079819971,0.0015526889757665,0.00168227424471519,
2020-02-26,0.00146909106334451,0.000000157218099285614,0.00000591095201880049,0.00135170825928666,0.00146909106334451,
2020-02-27,0.00123961390659754,0.000000140883003961457,0.00000549214839922099,0.00114094762943901,0.00123961390659754,
2020-02-28,0.00129315934906028,0.000000147300946161428,0.00000571186177673875,0.00117693584329242,0.00129315934906028,
2020-02-29,0.00128110028460603,0.000000146401531794641,0.00000560230171059586,0.00116113559437814,0.00128110028460603,
2020-03-01,0.00123102462456659,0.000000143441117674663,0.00000559296589325959,0.00111680054503192,0.00123102462456659,
2020-03-02,0.00119263771101313,0.000000139624125600165,0.0000054552085731992,0.00107936841248644,0.00119263771101313,
2020-03-03,0.00135214062508072,0.000000151819899031767,0.00000584848731593028,0.00121497152926767,0.00135214062508072,
2020-03-04,0.00131069704407613,0.00000014947261398864,0.00000584392804151311,0.00117478272315933,0.00131069704407613,
2020-03-05,0.00129186381302823,0.000000147534180961552,0.00000576323479372084,0.0011619399699108,0.00129186381302823,
2020-03-06,0.0013181427638641,0.000000145448377439168,0.00000578605811965256,0.00117630872753368,0.0013181427638641,
2020-03-07,0.001315991837757,0.000000143870077655645,0.00000538611945573699,0.00116670457175352,0.001315991837757,
2020-03-08,0.00127554263467512,0.000000143346665930362,0.00000535807537785031,0.00113205844096563,0.00127554263467512,
2020-03-09,0.00102216777936949,0.000000126043941322162,0.00000504112132327257,0.000898707824531864,0.00102216777936949,
2020-03-10,0.00100376577108621,0.000000127117121369472,0.00000501503996635697,0.000878820038469163,0.00100376577108621,
2020-03-11,0.00103444337859965,0.000000130777852198863,0.00000515030003501824,0.000914914717593583,0.00103444337859965,
2020-03-12,0.00103782965528681,0.000000130719868503579,0.000005343137241921,0.000921854765141102,0.00103782965528681,
2020-03-13,0.000637907205020659,0.000000128628128879958,0.00000578190522059405,0.000572747606544342,0.000637907205020659,
2020-03-14,0.000771272215355976,0.000000137049462218288,0.00000572330288890315,0.000697787670082855,0.000771272215355976,
2020-03-15,0.00068100345163068,0.000000132357749089997,0.00000557842205686254,0.000617868609148995,0.00068100345163068,
2020-03-16,0.000694011871581684,0.000000129513397255698,0.00000560796220667169,0.000625166165479458,0.000694011871581684,
2020-03-17,0.000617597293508411,0.00000012320092547387,0.00000559676086569176,0.000554085723829559,0.000617597293508411,
2020-03-18,0.000677898436452754,0.000000125148446377723,0.00000575546358368038,0.000619059890642598,0.000677898436452754,
2020-03-19,0.000689860450552025,0.000000127929903884757,0.00000586200586340281,0.000630384817905783,0.000689860450552025,
2020-03-20,0.000827521311943038,0.000000133394764970258,0.00000602458033951909,0.000779101122654457,0.000827521311943038,
2020-03-21,0.000783245135320813,0.000000126858790568754,0.00000595477306186651,0.000733108274255179,0.000783245135320813,
2020-03-22,0.000786669486380863,0.000000127378725802548,0.00000593660696811212,0.000739669593254709,0.000786669486380863,
2020-03-23,0.000743123520460178,0.000000127453176985867,0.00000606918527531633,0.000698651023659734,0.000743123520460178,
2020-03-24,0.0008321138386684,0.000000128285756051993,0.00000613699569646005,0.000773319810990065,0.0008321138386684,
2020-03-25,0.000847042875450987,0.000000125023715382656,0.00000607570302922528,0.000785028028612499,0.000847042875450987,
2020-03-26,0.00081981306360883,0.000000122543626440297,0.00000602380674920045,0.000755057750015471,0.00081981306360883,
2020-03-27,0.000878244898049238,0.000000130024436350667,0.00000633616770086152,0.000796093168687013,0.000878244898049238,
2020-03-28,0.000968683844246841,0.000000149239620463956,0.00000724620095453027,0.000872682056483512,0.000968683844246841,
2020-03-29,0.000887621392069613,0.000000142433736485199,0.00000677429994959402,0.000798119917286762,0.000887621392069613,
2020-03-30,0.000847374137019488,0.000000143504584922588,0.00000676931322353988,0.000762722728147621,0.000847374137019488,
2020-03-31,0.000913032157924669,0.000000141843332876509,0.00000686994895492662,0.00082869165045804,0.000913032157924669,
2020-04-01,0.000907786515886367,0.00000014112755439374,0.00000679948474266313,0.000824869369937137,0.000907786515886367,
2020-04-02,0.000929475587873168,0.000000139915730230981,0.00000684168349655906,0.000848218294385626,0.000929475587873168,
2020-04-03,0.000959362453621051,0.000000141233455098719,0.00000679667433426796,0.000882586165168312,0.000959362453621051,
2020-04-04,0.0010213080114717,0.000000151262255881058,0.00000720615330145965,0.000946788332652718,0.0010213080114717,
2020-04-05,0.00107883476289456,0.000000157264791003046,0.00000747445301148282,0.000998825501974831,0.00107883476289456,
2020-04-06,0.00109419709976226,0.000000161129040769353,0.00000765319262214367,0.00101312039776037,0.00109419709976226,
2020-04-07,0.00110937520696999,0.000000152007234371877,0.00000654075237408553,0.00102541306844842,0.00110937520696999,
2020-04-08,0.00110959314421319,0.00000015437617186215,0.00000675686068327646,0.00101910668535953,0.00110959314421319,
2020-04-09,0.00135811655990244,0.000000184221470454748,0.00000783703078601687,0.0012510046995869,0.00135811655990244,
2020-04-10,0.00124729616583018,0.000000170872338490063,0.00000732481654058086,0.00114283834621726,0.00124729616583018,
2020-04-11,0.00115335895905707,0.000000168132474225922,0.00000732056223410454,0.00105572636894268,0.00115335895905707,
2020-04-12,0.0011684488384436,0.000000169754163056671,0.00000737509735839122,0.00107034219847227,0.0011684488384436,
2020-04-13,0.00114537689721134,0.000000164125471855273,0.00000712967235748709,0.00104988755568484,0.00114537689721134,
2020-04-14,0.00114390879538325,0.000000166663685691303,0.00000727683699099654,0.00104779358004793,0.00114390879538325,
2020-04-15,0.0011224233516593,0.000000163248791508676,0.00000705899295117584,0.00102332615315872,0.0011224233516593,
2020-04-16,0.00116363513818304,0.000000175630426807361,0.00000760788793454241,0.00106913041012115,0.00116363513818304,
2020-04-17,0.00127791944940026,0.000000179286853320028,0.00000738807999206217,0.00117554292884684,0.00127791944940026,
2020-04-18,0.00126727570044323,0.000000178958477098642,0.00000735794786712279,0.0011665811809994,0.00126727570044323,
2020-04-19,0.00134800253779891,0.000000185603893657614,0.00000716605566228552,0.00124052068741568,0.00134800253779891,
2020-04-20,0.0012231088349687,0.000000171058330053167,0.00000674890105840723,0.00112634891280517,0.0012231088349687,
2020-04-21,0.00116217497101897,0.000000169579542603897,0.00000679579788560791,0.001071926590505,0.00116217497101897,
2020-04-22,0.00117151060352701,0.000000170515044618896,0.00000683139450613676,0.0010803101038855,0.00117151060352701,
2020-04-23,0.00131560587277747,0.000000184681251155821,0.00000720556946347623,0.00121572868957169,0.00131560587277747,
2020-04-24,0.00134415104982811,0.000000179492845484695,0.0000072403859304315,0.00124479890567276,0.00134415104982811,
2020-04-25,0.00143596544538989,0.00000019129771382367,0.0000076535089693217,0.00132809073431545,0.00143596544538989,
2020-04-26,0.00158467135425668,0.000000210231678295738,0.00000817746318338467,0.00146799266277569,0.00158467135425668,
2020-04-27,0.00157548213755906,0.000000205032286361489,0.00000799483724757321,0.00145773773590462,0.00157548213755906,
2020-04-28,0.00262237568186098,0.000000337174997310428,0.0000133409621621319,0.00242478801652936,0.00262237568186098,
2020-04-29,0.00236938403419125,0.000000304943966609049,0.0000119989217579081,0.00219198585111775,0.00236938403419125,
2020-04-30,0.00200695577698945,0.000000229056502438122,0.00000931803766091341,0.00184499059599536,0.00200695577698945,
2020-05-01,0.00220830791707328,0.000000255224574897191,0.0000106740911861658,0.00202203634618793,0.00220830791707328,
2020-05-02,0.00209399941391085,0.000000236462207290666,0.00000984421888870668,0.0019066877752727,0.00209399941391085,
2020-05-03,0.00231149812412718,0.000000257483077838886,0.000010794640369732,0.00210610643928141,0.00231149812412718,
2020-05-04,0.00217644117381327,0.000000244632029583746,0.0000103595374073043,0.00198739253291658,0.00217644117381327,
2020-05-05,0.00207223678617712,0.000000233308652030237,0.0000100126473515871,0.00190027362470334,0.00207223678617712,
2020-05-06,0.00180847735845268,0.000000201257688627618,0.00000882677442282588,0.00166965071282003,0.00180847735845268,
2020-05-07,0.00153659274815758,0.000000165816741531696,0.00000757927637613873,0.0014260760509154,0.00153659274815758,
2020-05-08,0.0012369685846344,0.000000123774178003423,0.00000580761038010219,0.0011403620609093,0.0012369685846344,
2020-05-09,0.00139832412998353,0.000000141827592445458,0.00000658304002868924,0.00129140693388375,0.00139832412998353,
2020-05-10,0.00126571669539779,0.000000132157450587814,0.00000600506449665514,0.00116905435468901,0.00126571669539779,
2020-05-11,0.00110554830536743,0.000000126855316344857,0.00000589492185977502,0.00102189650474811,0.00110554830536743,
2020-05-12,0.00108237690210496,0.000000125980054906341,0.00000582814921951946,0.00100231773326837,0.00108237690210496,
2020-05-13,0.00112734691845727,0.000000127856965762687,0.00000593907948568089,0.00104132209302121,0.00112734691845727,
2020-05-14,0.0011720386747724,0.000000125714794220387,0.00000586200993571011,0.00108381045262935,0.0011720386747724,
2020-05-15,0.0012079593794803,0.000000123245196042508,0.00000593495948714201,0.00111682503435663,0.0012079593794803,
2020-05-16,0.00116114865242041,0.000000124494918768625,0.00000595088595663001,0.00107361396997174,0.00116114865242041,
2020-05-17,0.0012332753310454,0.000000131262685488945,0.00000614120489366084,0.0011413122710293,0.0012332753310454,
2020-05-18,0.00126394602407079,0.000000130538784819721,0.0000061038793415506,0.00116632753373825,0.00126394602407079,
2020-05-19,0.00121081112522971,0.000000124481319489827,0.0000056382839846338,0.00110960579318959,0.00121081112522971,
2020-05-20,0.00119701952757313,0.0000001227183519056,0.00000559824578908508,0.00109561722910612,0.00119701952757313,
2020-05-21,0.00113801939428232,0.000000119593838528598,0.00000542418205727645,0.00103828780740276,0.00113801939428232,
2020-05-22,0.00111038554015486,0.000000122440167346762,0.00000558213944002412,0.00101600967146829,0.00111038554015486,
2020-05-23,0.00112417509838878,0.000000122702225948612,0.00000542912745981146,0.00103236176495512,0.00112417509838878,
2020-05-24,0.00117384500411771,0.000000127818836116901,0.00000567331969608416,0.0010773869015601,0.00117384500411771,
2020-05-25,0.00112690595656584,0.000000127966890766103,0.0000055683690288453,0.00103483743479019,0.00112690595656584,
2020-05-26,0.00112882062054205,0.000000126702909406413,0.00000552551870251315,0.00103646270519819,0.00112882062054205,
2020-05-27,0.00113866044546428,0.000000128878636835117,0.00000566891203974284,0.00103839992387631,0.00113866044546428,
2020-05-28,0.00114462581034605,0.000000124835711624009,0.0000055163220338983,0.00103948567931695,0.00114462581034605,
2020-05-29,0.00114775477024428,0.000000119954364531028,0.00000523184541203974,0.00103497950597934,0.00114775477024428,
2020-05-30,0.00111889912591002,0.000000118622783624671,0.00000506782619376025,0.00100877873010963,0.00111889912591002,
2020-05-31,0.00114561296570838,0.000000118205812371918,0.00000470337755698422,0.00102897257915971,0.00114561296570838,
2020-06-01,0.00110897754495412,0.000000117551849256466,0.00000479155786090006,0.000998521595376065,0.00110897754495412,
2020-06-02,0.00115273408663595,0.000000113022729918361,0.0000046280610433778,0.00102765724126148,0.00115273408663595,
2020-06-03,0.00106822421197094,0.000000112298706556017,0.00000450386148451198,0.000956916032470234,0.00106822421197094,
2020-06-04,0.00106701946435056,0.000000110660569354086,0.00000437421127995324,0.000950732561730829,0.00106701946435056,
2020-06-05,0.00108406943479024,0.000000110468724246034,0.00000444933049317534,0.000956711669913776,0.00108406943479024,
2020-06-06,0.00110541195054777,0.000000114646792747737,0.00000459988457042665,0.000981264649133052,0.00110541195054777,
2020-06-07,0.00109983907870345,0.000000113752875777032,0.00000454441963763881,0.000975202664166167,0.00109983907870345,
2020-06-08,0.00111546082797245,0.000000114434640727741,0.00000456436546942228,0.000985780176326529,0.00111546082797245,
2020-06-09,0.00109599371805011,0.000000112187051850189,0.00000445583313851549,0.000968482106441015,0.00109599371805011,
2020-06-10,0.00111523773724741,0.00000011403922628099,0.00000456454529514904,0.000984710531287747,0.00111523773724741,
2020-06-11,0.00110666310760639,0.00000011191478538541,0.00000446766777321095,0.000973428366666544,0.00110666310760639,
2020-06-12,0.00101791937104191,0.000000109719722848936,0.00000440840177545122,0.000902902274699772,0.00101791937104191,
2020-06-13,0.00102457786058231,0.000000108350291709035,0.00000432015225014611,0.000911219975127936,0.00102457786058231,
2020-06-14,0.00103979900359436,0.000000109899832911729,0.0000043672444127788,0.000923520531632099,0.00103979900359436,
2020-06-15,0.0010202124956144,0.000000109195904961774,0.00000439486715966521,0.000906990231488137,0.0010202124956144,
2020-06-16,0.00100603995246606,0.000000106556415511671,0.00000435142453573561,0.000888038966449652,0.00100603995246606,
2020-06-17,0.00101481557010861,0.000000106597244608798,0.00000431585503296758,0.000900872436044247,0.00101481557010861,
2020-06-18,0.00102361959364531,0.000000108334510700277,0.00000438028587778602,0.000911472450967827,0.00102361959364531,
2020-06-19,0.00098974155406366,0.000000105403890023606,0.00000427846302902951,0.000883862201468816,0.00098974155406366,
2020-06-20,0.00121091574165006,0.000000130402416460889,0.0000052929676625984,0.0010843160668771,0.00121091574165006,
2020-06-21,0.00131599977951167,0.000000140638949194892,0.00000574873646773479,0.00117692517605766,0.00131599977951167,
2020-06-22,0.00110755932178163,0.000000119287757985895,0.00000486670192869667,0.000991765975806006,0.00110755932178163,
2020-06-23,0.00112074367058953,0.000000115724070661523,0.00000460792770773262,0.000993316067327437,0.00112074367058953,
2020-06-24,0.00111816076297425,0.000000116332983605466,0.00000460297691408533,0.000989567327047249,0.00111816076297425,
2020-06-25,0.00106354567556588,0.000000114446587411477,0.00000452912305652759,0.000946387354717327,0.00106354567556588,
2020-06-26,0.00106619434939098,0.000000115300134985168,0.00000458733255406195,0.000951271577197099,0.00106619434939098,
2020-06-27,0.00104208348181886,0.000000113771555389271,0.00000453683040223165,0.000930090098197292,0.00104208348181886,
2020-06-28,0.0010205664074638,0.000000113368988181665,0.00000462423646436362,0.00091235156992723,0.0010205664074638,
2020-06-29,0.00103831362148349,0.000000113999356019334,0.00000462617007597896,0.00092593987098513,0.00103831362148349,
2020-06-30,0.00103341797237142,0.000000112520703238673,0.00000453213062536528,0.000918643160940154,0.00103341797237142,
2020-07-01,0.00105642824148238,0.000000115532806916398,0.00000468020267746895,0.000941350862299978,0.00105642824148238,
2020-07-02,0.00105316196478503,0.000000113962045434732,0.00000455626459580984,0.000936947698687809,0.00105316196478503,
2020-07-03,0.00101520128847858,0.000000111629432139211,0.00000447814092275409,0.000905139043738868,0.00101520128847858,
2020-07-04,0.00100713774610861,0.000000111081074651103,0.00000447420199968441,0.000897152314857651,0.00100713774610861,
2020-07-05,0.00101081591364334,0.000000110759543703541,0.00000441662244301578,0.000898604995520549,0.00101081591364334,
2020-07-06,0.0010350280682814,0.00000011399472116539,0.00000454623133212285,0.000920819409206166,0.0010350280682814,
2020-07-07,0.00102542241061312,0.000000109800697520311,0.00000425170543541788,0.000906123153610141,0.00102542241061312,
2020-07-08,0.00102878138539077,0.000000111193659244568,0.00000430428276447559,0.000913790293168743,0.00102878138539077,
2020-07-09,0.00103285211719181,0.000000109475295737819,0.00000418422822910579,0.000912532341324818,0.00103285211719181,
2020-07-10,0.00103320946734072,0.000000111922136662699,0.0000042756122150789,0.000916986248113388,0.00103320946734072,
2020-07-11,0.00109556862655373,0.000000117990581455539,0.00000454529232228699,0.000970844993454996,0.00109556862655373,
2020-07-12,0.00110178717830173,0.000000119277555576892,0.00000460407339228052,0.000977575604900185,0.00110178717830173,
2020-07-13,0.00116658315133786,0.000000125586268358578,0.00000483438368801944,0.00103217242093269,0.00116658315133786,
2020-07-14,0.00111457509807232,0.000000120669118818191,0.00000465713444071564,0.000983705929888657,0.00111457509807232,
2020-07-15,0.00111287875353074,0.000000120176657888145,0.00000462468509048122,0.000976446113353112,0.00111287875353074,
2020-07-16,0.00108757284248301,0.000000118256528968844,0.00000456232181578207,0.000953240588728938,0.00108757284248301,
2020-07-17,0.00104880813278038,0.000000114842324822822,0.00000449072830772696,0.000921148527305143,0.00104880813278038,
2020-07-18,0.00103474893152102,0.000000113007422874501,0.00000444393065307795,0.000906745491233796,0.00103474893152102,
2020-07-19,0.00109111527460778,0.000000118910912647078,0.00000462513529702001,0.000956707628038341,0.00109111527460778,
2020-07-20,0.00111457337367727,0.000000120901663798939,0.00000465650905614074,0.000975050352768056,0.00111457337367727,
2020-07-21,0.00111674100039575,0.000000121819328634265,0.0000047247210391336,0.000976724200053681,0.00111674100039575,
2020-07-22,0.00111583796274081,0.000000118850628558438,0.00000454978696680904,0.000968909325922206,0.00111583796274081,
2020-07-23,0.00115319845329119,0.000000120991218812574,0.00000436488296125467,0.000996134243771086,0.00115319845329119,
2020-07-24,0.00114739982040172,0.000000119406797112418,0.00000416897000963328,0.000990341967228355,0.00114739982040172,
2020-07-25,0.00113608670397812,0.000000118985622005258,0.00000405879286641823,0.000976861361554879,0.00113608670397812,
2020-07-26,0.00113470986699862,0.000000116950825889384,0.00000371546126165953,0.000974321065415054,0.00113470986699862,
2020-07-27,0.00112139660421561,0.000000112885761315853,0.00000360531346344192,0.000961316649708999,0.00112139660421561,
2020-07-28,0.00114166880006799,0.000000103351101181682,0.00000353202076362768,0.00096946039734114,0.00114166880006799,
2020-07-29,0.00115440267489063,0.00000010547679274873,0.00000363001973127787,0.000984575161525267,0.00115440267489063,
2020-07-30,0.00118809038077199,0.000000106883305767186,0.0000037358284628872,0.00100935000084195,0.00118809038077199,
2020-07-31,0.00120807834223748,0.00000010848998225063,0.00000359585563997662,0.00101925094058113,0.00120807834223748,
2020-08-01,0.00121532252856196,0.000000107188337972318,0.00000351066657705818,0.00103223044401199,0.00121532252856196,
2020-08-02,0.00120882921841271,0.000000102464149471264,0.00000312209009638046,0.00102685588428065,0.00120882921841271,
2020-08-03,0.0011490210433683,0.000000103571200747062,0.00000308726683269701,0.000975748625120527,0.0011490210433683,
2020-08-04,0.00113084291191811,0.00000010064375954691,0.00000293353739228678,0.000963003922685824,0.00113084291191811,
2020-08-05,0.00116794229723205,0.000000104255876797136,0.00000298964248401731,0.000991495710499196,0.00116794229723205,
2020-08-06,0.00118428377798969,0.000000101035703157044,0.00000295626620580754,0.000997964201744142,0.00118428377798969,
2020-08-07,0.0011736498269157,0.0000000997212169493936,0.00000297883741966995,0.00098919706689833,0.0011736498269157,
2020-08-08,0.00113740114409699,0.0000000980605378253941,0.00000299056341320865,0.000966194793828838,0.00113740114409699,
2020-08-09,0.00115466048112744,0.0000000983274829318541,0.00000294285850162681,0.000978770371789677,0.00115466048112744,
2020-08-10,0.00110760445635859,0.0000000948249483852019,0.00000284597222494694,0.000940854516704864,0.00110760445635859,
2020-08-11,0.00110732011932609,0.0000000932843847156805,0.00000280045050328072,0.000943386104519838,0.00110732011932609,
2020-08-12,0.00103466613337564,0.0000000908187884519816,0.00000272918804315136,0.000882855683858302,0.00103466613337564,
2020-08-13,0.00107451770141889,0.0000000928267930996812,0.00000277503878142085,0.000912294559013869,0.00107451770141889,
2020-08-14,0.00111803816518549,0.0000000949626782411479,0.00000263191992986558,0.000945712895085346,0.00111803816518549,
2020-08-15,0.0011206257989475,0.000000095174702199299,0.00000255805747120397,0.000947760576260256,0.0011206257989475,
2020-08-16,0.00139101622210634,0.000000117218060957265,0.00000321541064586775,0.00117556400578666,0.00139101622210634,
2020-08-17,0.00140717402292242,0.000000118253467945276,0.00000325028112782487,0.00118817195189661,0.00140717402292242,
2020-08-18,0.00127779019312276,0.00000010375242310574,0.00000295209747421991,0.00107715847671339,0.00127779019312276,
2020-08-19,0.00123918758570127,0.000000103328524802744,0.00000292712488990709,0.00103933027567179,0.00123918758570127,
2020-08-20,0.00150711381669362,0.000000128408724386607,0.00000370407966991244,0.00127469362056739,0.00150711381669362,
2020-08-21,0.00168240603443296,0.000000141765590929913,0.00000404172126337394,0.00141894899126453,0.00168240603443296,
2020-08-22,0.00148565816933606,0.000000128910800697775,0.00000383652476019439,0.00126238822750535,0.00148565816933606,
2020-08-23,0.00158014303203428,0.000000135259709094163,0.00000399114184799174,0.00134208965840778,0.00158014303203428,
2020-08-24,0.00159105362647335,0.00000013638838651011,0.00000405935282313199,0.0013504790474185,0.00159105362647335,
2020-08-25,0.00151843937368756,0.000000128993860951499,0.00000371445290698158,0.00128871718779826,0.00151843937368756,
2020-08-26,0.0017450152423806,0.00000015363140029228,0.00000454899018547694,0.00147811371108343,0.0017450152423806,
2020-08-27,0.00201718576308865,0.000000175834826185654,0.00000522121921577961,0.00170516126985974,0.00201718576308865,
2020-08-28,0.00237926867409596,0.000000210281686290997,0.00000622276437911418,0.00201691207051419,0.00237926867409596,
2020-08-29,0.00252136704976029,0.000000218719000072295,0.0000063825657510228,0.00212170662799141,0.00252136704976029,
2020-08-30,0.00267596784514774,0.000000232879922511996,0.0000066837677798383,0.00225497780110216,0.00267596784514774,
2020-08-31,0.00250209957785916,0.00000021387338631893,0.00000584334514772901,0.00210180663228168,0.00250209957785916,
2020-09-01,0.00239512820263291,0.000000205091349915312,0.0000054922698908454,0.00200969386897964,0.00239512820263291,
2020-09-02,0.00216275112575578,0.000000180675455739491,0.00000449871000169179,0.00181196723052947,0.00216275112575578,
2020-09-03,0.00176966321768569,0.0000001550361358107,0.00000401089421390999,0.00149653802980879,0.00176966321768569,
2020-09-04,0.00129713707561576,0.000000126408203702915,0.00000338198970965621,0.00109825658144665,0.00129713707561576,
2020-09-05,0.0013737860741046,0.000000131187020649385,0.00000355287288135593,0.00116270169058983,0.0013737860741046,
2020-09-06,0.00123196599185782,0.000000121631883024269,0.00000371723391079722,0.00104114901728834,0.00123196599185782,
2020-09-07,0.00128080786840073,0.000000124916649385137,0.00000362601782583285,0.00108358731314835,0.00128080786840073,
2020-09-08,0.00128884378663967,0.000000124311237322571,0.00000365311835184103,0.00109247893298858,0.00128884378663967,
2020-09-09,0.00136912225972446,0.000000135440858113512,0.00000406609721681543,0.0011657496470586,0.00136912225972446,
2020-09-10,0.00143851077906982,0.0000001407116406642,0.00000408605210911759,0.00122080414691267,0.00143851077906982,
2020-09-11,0.00144328300751516,0.00000013965501479364,0.00000392857422559906,0.00122300698028052,0.00144328300751516,
2020-09-12,0.00142069349063027,0.000000136775840341845,0.00000379898480420807,0.00120178395862326,0.00142069349063027,
2020-09-13,0.0013794657838612,0.000000132170998734626,0.0000035717463471654,0.00116610646261945,0.0013794657838612,
2020-09-14,0.00136318553382928,0.000000132059328192657,0.00000372820134424313,0.00115332688992947,0.00136318553382928,
2020-09-15,0.00131423789996319,0.000000123255408635766,0.00000349716442235767,0.00110897109930539,0.00131423789996319,
2020-09-16,0.00129584882070734,0.000000120215513089965,0.00000356064445262958,0.00109565906224903,0.00129584882070734,
2020-09-17,0.00139896865703336,0.000000127546295815492,0.00000382941176601297,0.00118628726012535,0.00139896865703336,
2020-09-18,0.00136056681815991,0.000000124408412356265,0.00000349359456820613,0.00114911817100913,0.00136056681815991,
2020-09-19,0.00132054231194348,0.000000120927533516742,0.00000345455062308325,0.0011167191892165,0.00132054231194348,
2020-09-20,0.00127932665981897,0.000000115527553559812,0.00000332079961393363,0.00108147150198763,0.00127932665981897,
2020-09-21,0.00126058499766976,0.000000115425311183008,0.00000339590824079486,0.00106595928670319,0.00126058499766976,
2020-09-22,0.00120917761874665,0.000000115651236311486,0.00000353089518077061,0.00102967432549227,0.00120917761874665,
2020-09-23,0.00118534529709735,0.000000112677131142919,0.00000345075009781387,0.00101393015191093,0.00118534529709735,
2020-09-24,0.00111731279064547,0.000000109184020573332,0.00000348519199504169,0.000959935306511327,0.00111731279064547,
2020-09-25,0.00116122055196835,0.000000108130732262651,0.00000332590707188778,0.000994113411718717,0.00116122055196835,
2020-09-26,0.00118512544678981,0.000000110929092675273,0.00000336957179303775,0.00101896192608132,0.00118512544678981,
2020-09-27,0.00121688861587495,0.000000113282924016314,0.00000343171186440678,0.00104620981665665,0.00121688861587495,
2020-09-28,0.00116775398592949,0.000000108539181834263,0.00000327908416130918,0.00100423796848133,0.00116775398592949,
2020-09-29,0.00116707648326664,0.00000010879422760728,0.00000328328560205223,0.00100108479223202,0.00116707648326664,
2020-09-30,0.00115646428484579,0.000000106673651671542,0.00000321506715537384,0.000985991510371982,0.00115646428484579,
2020-10-01,0.00115859381247706,0.000000107552541688016,0.0000032185239865699,0.000988323137975396,0.00115859381247706,
2020-10-02,0.00114470529495882,0.000000107923691321027,0.00000324867327146955,0.000975985631660369,0.00114470529495882,
2020-10-03,0.00111426408145803,0.000000105416550735084,0.00000322226708679421,0.000952246276562933,0.00111426408145803,
2020-10-04,0.00111430850279044,0.000000105564569773405,0.000003214478463299,0.000952977959333603,0.00111430850279044,
2020-10-05,0.00119940186478594,0.000000112454973991111,0.00000340410940130488,0.00102399540531375,0.00119940186478594,
2020-10-06,0.00115707196013074,0.000000107408437743377,0.00000327604441846873,0.000981133684055762,0.00115707196013074,
2020-10-07,0.00110840273817799,0.000000104602082307883,0.00000325901578024547,0.000944502313022549,0.00110840273817799,
2020-10-08,0.00108734180710056,0.00000010193325132392,0.00000318719053185272,0.000924238084002875,0.00108734180710056,
2020-10-09,0.00107234663832944,0.0000000983576014845954,0.0000030592368627709,0.000910927604551058,0.00107234663832944,
2020-10-10,0.00107723294756766,0.0000000972749559438175,0.00000294126730567135,0.000910148272835656,0.00107723294756766,
2020-10-11,0.00110077523307582,0.0000000973891377504838,0.0000029647891521701,0.000927028641044598,0.00110077523307582,
2020-10-12,0.00110397502732367,0.0000000970249213851465,0.00000295065770965976,0.00093330824958907,0.00110397502732367,
2020-10-13,0.00111232611655579,0.0000000963186213343291,0.00000286925306838106,0.000940294547335771,0.00111232611655579,
2020-10-14,0.00116808965730139,0.00000010215066427131,0.00000306147866744594,0.000994972334939657,0.00116808965730139,
2020-10-15,0.0011221449474179,0.0000000982862679605122,0.00000296214114552893,0.000956393909859289,0.0011221449474179,
2020-10-16,0.00113489813407631,0.0000000986646484377172,0.00000300632949614972,0.000969160153627126,0.00113489813407631,
2020-10-17,0.00108159593610009,0.0000000953873497921972,0.00000295276026254312,0.000923731362380591,0.00108159593610009,
2020-10-18,0.00107060158615533,0.000000094219855777682,0.00000290672951948079,0.000914264435724952,0.00107060158615533,
2020-10-19,0.00108816090016589,0.0000000947081502464638,0.00000287932933501461,0.000929175331630276,0.00108816090016589,
2020-10-20,0.00109947044649094,0.0000000936053164759686,0.00000289743760003346,0.000933699350732999,0.00109947044649094,
2020-10-21,0.00108548718413712,0.0000000909921684886917,0.00000294294495326086,0.000917956731552038,0.00108548718413712,
2020-10-22,0.00115203066496849,0.0000000896627237580282,0.00000293531066569722,0.00096838271225277,0.00115203066496849,
2020-10-23,0.00111710570190349,0.0000000859477406020608,0.00000269548158971362,0.000944530265228969,0.00111710570190349,
2020-10-24,0.00112041024602084,0.0000000864952581850744,0.00000273711401245946,0.000943005425069747,0.00112041024602084,
2020-10-25,0.00108867394284006,0.0000000830170040019761,0.00000264068925917695,0.00091601111077795,0.00108867394284006,
2020-10-26,0.0010846953824673,0.0000000831716943712377,0.00000266678446613641,0.000915152576023514,0.0010846953824673,
2020-10-27,0.0010666989478595,0.000000081547816409914,0.00000270728382425817,0.00090324886129914,0.0010666989478595,
2020-10-28,0.00107955582879461,0.0000000789407290364609,0.00000267186732904734,0.000916732327793212,0.00107955582879461,
2020-10-29,0.00103114759716084,0.0000000775863117319865,0.00000265142370457053,0.00087825868898323,0.00103114759716084,
2020-10-30,0.00104441148717798,0.0000000775060961075277,0.00000270021394180068,0.000894591109904323,0.00104441148717798,
2020-10-31,0.00102219050064534,0.0000000751428546299489,0.00000266475540619521,0.000876860357435667,0.00102219050064534,
2020-11-01,0.00100684759943925,0.0000000729217472378933,0.00000260446469592731,0.000864072421603768,0.00100684759943925,
2020-11-02,0.000989545337175386,0.0000000720355669462665,0.00000250151899473992,0.000849552224394069,0.000989545337175386,
2020-11-03,0.000932036658431811,0.0000000685544642579576,0.00000242813793103448,0.000800709507562155,0.000932036658431811,
2020-11-04,0.0009549763086315,0.0000000682276259758777,0.0000024578065458796,0.000812140276183997,0.0009549763086315,
2020-11-05,0.000921872130485461,0.0000000652461222523724,0.00000229438077147867,0.000785709868042892,0.000921872130485461,
2020-11-06,0.000942500906104577,0.0000000603916899415049,0.00000226020835768556,0.000796043499730004,0.000942500906104577,
2020-11-07,0.000967398289979805,0.0000000619373836373412,0.00000211940580838494,0.000814683442911646,0.000967398289979805,
2020-11-08,0.000948880990682006,0.0000000638274080915687,0.00000217248529095205,0.000795612037720289,0.000948880990682006,
2020-11-09,0.000968618377179362,0.00000006249150535394,0.00000212707510227937,0.000812155318776555,0.000968618377179362,
2020-11-10,0.000978407797079806,0.0000000638654892051047,0.00000220090473407364,0.000826900083712567,0.000978407797079806,
2020-11-11,0.00106605511863775,0.0000000695891334009401,0.00000236113232539969,0.000902675289367321,0.00106605511863775,
2020-11-12,0.000996613974587622,0.0000000633525332099232,0.00000214687580362361,0.000845777615909176,0.000996613974587622,
2020-11-13,0.000991342635224709,0.0000000608565929968562,0.0000021417463471654,0.000840014748572109,0.000991342635224709,
2020-11-14,0.000992225431373216,0.0000000607606624341495,0.0000020820081823495,0.000837958142948146,0.000992225431373216,
2020-11-15,0.000957622231592229,0.000000059472216858903,0.00000207030420806546,0.000809547558713563,0.000957622231592229,
2020-11-16,0.000959532247964998,0.0000000600204512128805,0.00000213539902218048,0.000810889249571255,0.000959532247964998,
2020-11-17,0.00100714007821479,0.0000000601527106008201,0.00000217875558501591,0.000849234380218516,0.00100714007821479,
2020-11-18,0.000977989773456288,0.0000000553093776624375,0.00000202610294963173,0.000823364680655502,0.000977989773456288,
2020-11-19,0.000994745105285211,0.0000000558698356414195,0.00000207458207098171,0.000838801644016597,0.000994745105285211,
2020-11-20,0.00100217123095803,0.0000000562427670640062,0.00000212707456485403,0.000845290488916616,0.00100217123095803,
2020-11-21,0.000995957424407639,0.0000000533631089478675,0.00000195453254839665,0.000839216195893714,0.000995957424407639,
2020-11-22,0.00106348877824834,0.0000000568510250147418,0.00000194296522501461,0.000895004577304804,0.00106348877824834,
2020-11-23,0.00104158113477313,0.0000000563544043893623,0.00000184307890122735,0.000875417165793698,0.00104158113477313,
2020-11-24,0.00107394811954237,0.0000000584516983097432,0.00000176864813674052,0.000906681645681195,0.00107394811954237,
2020-11-25,0.0011009593171812,0.0000000574905944779708,0.00000182105113968439,0.000925809603139977,0.0011009593171812,
2020-11-26,0.00110463267479853,0.0000000589187901484395,0.00000194392928112215,0.000928403947458553,0.00110463267479853,
2020-11-27,0.000975494790845,0.0000000570007554860317,0.00000188175109138226,0.000818938569062917,0.000975494790845,
2020-11-28,0.000991199382231513,0.0000000579594428185935,0.00000191705844535359,0.000829566590616541,0.000991199382231513,
2020-11-29,0.0010162006496933,0.0000000572656546998527,0.00000187896776062532,0.000849674205668908,0.0010162006496933,
2020-11-30,0.00100346704169464,0.0000000551632337420211,0.00000174554392450992,0.000839242900973408,0.00100346704169464,
2020-12-01,0.00103319487341912,0.0000000525413678400895,0.00000168418297277268,0.00086223144186349,0.00103319487341912,
2020-12-02,0.00100761852997542,0.0000000535380441078205,0.00000171290414962011,0.000835531121023575,0.00100761852997542,
2020-12-03,0.00100881951249663,0.0000000525020151303211,0.00000168437974341757,0.000832829164882899,0.00100881951249663,
2020-12-04,0.00100849445608311,0.0000000517965247348149,0.00000163304587960257,0.000830701355445001,0.00100849445608311,
2020-12-05,0.00101996304655687,0.0000000544474904376961,0.00000178260002120995,0.000841405936287249,0.00101996304655687,
2020-12-06,0.00108725992855392,0.0000000568810251866827,0.00000182758655853022,0.000897579474337836,0.00108725992855392,
2020-12-07,0.00102651871940819,0.0000000530327590546698,0.00000170448188194039,0.000846579916159158,0.00102651871940819,
2020-12-08,0.00101571837147738,0.0000000529511525375018,0.00000171626205261073,0.000839026788410107,0.00101571837147738,
2020-12-09,0.000963458439392684,0.0000000525303739069638,0.00000173809526592636,0.000796419642230115,0.000963458439392684,
2020-12-10,0.000952024232309484,0.0000000512538237301699,0.00000165796046830481,0.000789361267853218,0.000952024232309484,
2020-12-11,0.000944964296995735,0.0000000516519378107591,0.00000168608040448305,0.000779098821340755,0.000944964296995735,
2020-12-12,0.000920880345889157,0.0000000509850836561901,0.00000168819053185272,0.000760696696499751,0.000920880345889157,
2020-12-13,0.000945656430489668,0.0000000502653572934562,0.00000166329090306498,0.000781582680273776,0.000945656430489668,
2020-12-14,0.000948141644948753,0.0000000494955920488408,0.00000160559720359057,0.000781260813861795,0.000948141644948753,
2020-12-15,0.000963992108294328,0.0000000499820883951723,0.00000164371887784921,0.000793656244929835,0.000963992108294328,
2020-12-16,0.000947785432295977,0.0000000487729894578413,0.00000160914111697385,0.000780026115255843,0.000947785432295977,
2020-12-17,0.000930601688032534,0.0000000435456397424595,0.00000146273869552956,0.00076181882610798,0.000930601688032534,
2020-12-18,0.000903951325367569,0.0000000396656596661832,0.00000140629743264542,0.00073640193179232,0.000903951325367569,
2020-12-19,0.00091987912623875,0.0000000399101272348556,0.00000141083563446924,0.000750146650817847,0.00091987912623875,
2020-12-20,0.000908606835783368,0.0000000380859060866312,0.00000137727374862747,0.000738670413426758,0.000908606835783368,
2020-12-21,0.000907325043581745,0.0000000385627257064811,0.00000142088810854669,0.000740313577659719,0.000907325043581745,
2020-12-22,0.000854800760970519,0.0000000372666508570349,0.00000139548714202221,0.000699243261309705,0.000854800760970519,
2020-12-23,0.000892889054352502,0.0000000375844271129598,0.00000140795182533173,0.000731955566499813,0.000892889054352502,
2020-12-24,0.000794316858576647,0.0000000340802173674868,0.00000134971098772648,0.000652801487662475,0.000794316858576647,
2020-12-25,0.000811202674737028,0.0000000342169407308255,0.0000013257251136366,0.000665800939382419,0.000811202674737028,
2020-12-26,0.000807685845310402,0.0000000327407055531669,0.00000129056223283337,0.000661863885552498,0.000807685845310402,
2020-12-27,0.000786911947116994,0.000000029719386776651,0.00000123765879845011,0.000643758541138467,0.000786911947116994,
2020-12-28,0.000745418528354544,0.0000000282025868368437,0.00000108270071203299,0.000606063318747146,0.000745418528354544,
2020-12-29,0.000755112282521295,0.0000000279264224136126,0.000001033666488195,0.000617938125628674,0.000755112282521295,
2020-12-30,0.000725070384641071,0.0000000266264539439675,0.000000990619523676527,0.000591614088510345,0.000725070384641071,
2020-12-31,0.00078972210472856,0.0000000273784947699062,0.00000105126947231257,0.000642121623437193,0.00078972210472856,
2021-01-01,0.00076580838256092,0.0000000263865573114614,0.00000103624031921526,0.000625784716560098,0.00076580838256092,
2021-01-02,0.000758550227379843,0.0000000258179821851288,0.00000103781004964408,0.000619413907335869,0.000758550227379843,
2021-01-03,0.000949402067367614,0.0000000296478007463574,0.00000122456623682427,0.000763858823551774,0.000949402067367614,
2021-01-04,0.000841856832014025,0.0000000252978243415187,0.000000850046756282875,0.000662130109872142,0.000841856832014025,
2021-01-05,0.000886329062297203,0.0000000278701016720256,0.000000860247686797818,0.000721869646313299,0.000886329062297203,
2021-01-06,0.000850864737258116,0.000000025015740458243,0.000000772418098711671,0.000690310864461272,0.000850864737258116,
2021-01-07,0.000886822402100263,0.0000000242015031738965,0.0000007394177076505,0.00071741350935515,0.000886822402100263,
2021-01-08,0.000904487185640116,0.0000000230644438926359,0.00000074125278640629,0.000732803940961337,0.000904487185640116,
2021-01-09,0.000989703084305285,0.0000000242720604467852,0.000000811311357817839,0.00080335665606945,0.000989703084305285,
2021-01-10,0.00101854740249293,0.0000000252298782981919,0.000000791430434190146,0.000811941924930438,0.00101854740249293,
2021-01-11,0.000940845141576607,0.0000000245463432839684,0.000000743494686960478,0.000759928760364133,0.000940845141576607,
2021-01-12,0.000831265567396524,0.0000000235689545948898,0.000000767625083585728,0.000683363811979746,0.000831265567396524,
2021-01-13,0.000812084816050882,0.0000000240885598442543,0.000000781723144360024,0.000666143215574791,0.000812084816050882,
2021-01-14,0.000857018300204743,0.0000000229784888149989,0.000000759817329047341,0.00070458384101616,0.000857018300204743,
2021-01-15,0.000865264764430772,0.0000000221604117761446,0.000000713550263004091,0.000711189893934377,0.000865264764430772,
2021-01-16,0.000863069684432252,0.000000023510275720114,0.00000073915300993571,0.000714338216812736,0.000863069684432252,
2021-01-17,0.000915274820109437,0.0000000252997267442352,0.00000074321350087668,0.000757973690943071,0.000915274820109437,
2021-01-18,0.00086696078813173,0.0000000240355487407911,0.000000698008387468568,0.000717430490534496,0.00086696078813173,
2021-01-19,0.000897987433954319,0.0000000245389998510768,0.000000717152746931619,0.000742746265366934,0.000897987433954319,
2021-01-20,0.00102445688967034,0.0000000282607657447448,0.000000739100842429576,0.000844375603263866,0.00102445688967034,
2021-01-21,0.000942322311351983,0.0000000265327206899872,0.000000688921215663355,0.000777133350214886,0.000942322311351983,
2021-01-22,0.000809748453510898,0.0000000261015933906046,0.000000714886937463472,0.000665884682713027,0.000809748453510898,
2021-01-23,0.000820048469658547,0.0000000248601720932467,0.000000663806883955178,0.000673940521509596,0.000820048469658547,
2021-01-24,0.000839411430639407,0.000000026201898943928,0.00000068091943308007,0.000689775886696896,0.000839411430639407,
2021-01-25,0.00087218857740525,0.0000000270730616446124,0.000000628726592635886,0.000716417116389948,0.00087218857740525,
2021-01-26,0.000855922206134961,0.000000026401294556914,0.00000064568293825043,0.000706119103588243,0.000855922206134961,
2021-01-27,0.000834581469856385,0.0000000255687845513719,0.00000061282966618585,0.000686012690429045,0.000834581469856385,
2021-01-28,0.00079254129397783,0.0000000261057017051046,0.000000636100029222677,0.000655104773773683,0.00079254129397783,
2021-01-29,0.00159981102672439,0.0000000477394675505088,0.00000119230972459913,0.00131837597126893,0.00159981102672439,
2021-01-30,0.00153305894474242,0.0000000448706971812878,0.00000110817484972018,0.00126358528590392,0.00153305894474242,
2021-01-31,0.00115173703990165,0.0000000335295435126503,0.000000834671568003914,0.00094860502698313,0.00115173703990165,
2021-02-01,0.00181396199871349,0.0000000547068929984144,0.00000137698182349503,0.00149713558640105,0.00181396199871349,
2021-02-02,0.00168304183761059,0.0000000501348885492376,0.00000122853805089134,0.00139497261634608,0.00168304183761059,
2021-02-03,0.00170888987145464,0.0000000480077177956434,0.00000112119503166724,0.00141693509600768,0.00170888987145464,
2021-02-04,0.00169952054961639,0.0000000452260277542958,0.0000010241036528346,0.00141016899881576,0.00169952054961639,
2021-02-05,0.00171438541707492,0.000000046173504450167,0.0000010658965784076,0.00143312170118752,0.00171438541707492,
2021-02-06,0.00170669985365818,0.0000000448595426304062,0.000000991991406592429,0.00141773760978417,0.00170669985365818,
2021-02-07,0.00174954551872218,0.0000000444704807978929,0.00000103910282126129,0.00145304362146591,0.00174954551872218,
2021-02-08,0.00182881999091531,0.0000000468891987724562,0.00000113166566335476,0.00151920844796949,0.00182881999091531,
2021-02-09,0.00193502228687006,0.0000000419544914103023,0.00000110982080670936,0.001605065855751,0.00193502228687006,
2021-02-10,0.00198329198124306,0.0000000426073102868505,0.00000111997697253068,0.00163818054926414,0.00198329198124306,
2021-02-11,0.00201445562588421,0.0000000446880937520658,0.00000115229494447691,0.00166364174005306,0.00201445562588421,
2021-02-12,0.00242323381004152,0.0000000505969945316366,0.00000135711064043889,0.00199933119567434,0.00242323381004152,
2021-02-13,0.00247468997430887,0.0000000520711011886923,0.00000134023902327258,0.00204120549658236,0.00247468997430887,
2021-02-14,0.00255439166690366,0.0000000541085800622126,0.00000140396487434249,0.00211220182210025,0.00255439166690366,
2021-02-15,0.00230883215077876,0.0000000472832338046408,0.0000012744947106955,0.00190617080693203,0.00230883215077876,
2021-02-16,0.00221267764679105,0.0000000459918214306294,0.00000123784041496201,0.00182601092616884,0.00221267764679105,
2021-02-17,0.00213970720712125,0.0000000435427461365425,0.00000120166421366359,0.00176902937433621,0.00213970720712125,
2021-02-18,0.0022955106574136,0.0000000439543003085978,0.0000012440174341119,0.00190700146912371,0.0022955106574136,
2021-02-19,0.00223394991416207,0.0000000432516338581261,0.00000115604253204861,0.00184949510803408,0.00223394991416207,
2021-02-20,0.00227483132824466,0.0000000407526114738487,0.00000116002200464049,0.00187249630445663,0.00227483132824466,
2021-02-21,0.00212422808428113,0.0000000380264743024215,0.00000111053182204257,0.00175385840759709,0.00212422808428113,
2021-02-22,0.00212877853140874,0.0000000370217742562673,0.00000110077889848831,0.0017551250576841,0.00212877853140874,
2021-02-23,0.00190862364060539,0.0000000353762273143364,0.00000107758264172998,0.00157084987066409,0.00190862364060539,
2021-02-24,0.00151080724173859,0.000000031111862169419,0.00000096657910578609,0.0012434737478249,0.00151080724173859,
2021-02-25,0.00157238624623912,0.0000000317222200297447,0.000000972671917007598,0.00129391372619219,0.00157238624623912,
2021-02-26,0.00154272828549311,0.0000000324319717328648,0.00000103437188778492,0.00126871862587985,0.00154272828549311,
2021-02-27,0.001453936253215,0.0000000314488571250605,0.00000100806566268656,0.00120586466034064,0.001453936253215,
2021-02-28,0.00149787341298864,0.0000000326800330830363,0.00000103015149528261,0.00124523776510046,0.00149787341298864,
2021-03-01,0.00138368012595413,0.000000030504772299432,0.000000970740736411455,0.00114488440955382,0.00138368012595413,
2021-03-02,0.00153479184644686,0.000000030921908791838,0.000000981804324956166,0.00127365407678428,0.00153479184644686,
2021-03-03,0.00146783534277642,0.0000000303870053227846,0.000000985204467609346,0.00121591610535668,0.00146783534277642,
2021-03-04,0.00155568929198026,0.0000000306899773945283,0.000000982085534774986,0.00129163932396981,0.00155568929198026,
2021-03-05,0.00154032302389467,0.0000000317770619333064,0.0000010014955873758,0.00128970331385173,0.00154032302389467,
2021-03-06,0.00149132026804043,0.0000000305593297148329,0.000000974184097460427,0.00125060110073344,0.00149132026804043,
2021-03-07,0.00145393108223779,0.0000000296899226110641,0.000000875947399181765,0.00121955150345713,0.00145393108223779,
2021-03-08,0.00150314309887568,0.0000000294235078768081,0.000000874347089199994,0.00125841676657051,0.00150314309887568,
2021-03-09,0.00157045277211009,0.0000000301497167683512,0.000000859991912600421,0.00132286819229812,0.00157045277211009,
2021-03-10,0.00164722926846131,0.0000000300923509443602,0.000000884642285213326,0.00138445682640219,0.00164722926846131,
2021-03-11,0.00160076606003383,0.0000000285259978075546,0.000000887625774400935,0.0013429135304341,0.00160076606003383,
2021-03-12,0.00162913052420786,0.0000000281626245881231,0.000000891348977206312,0.00135821532557541,0.00162913052420786,
2021-03-13,0.00203517791828934,0.0000000354964793327425,0.00000115079090991868,0.00169966818360905,0.00203517791828934,
2021-03-14,0.00265768872740707,0.0000000433633711551244,0.000001379036059173,0.00218240146199909,0.00265768872740707,
2021-03-15,0.00267731737729219,0.0000000446922583498787,0.00000142855092566839,0.00223375010638016,0.00267731737729219,
2021-03-16,0.00263471416509086,0.0000000469469261262781,0.0000014662511396844,0.0022136725898799,0.00263471416509086,
2021-03-17,0.00274970792730672,0.0000000486670127534073,0.00000153020689655172,0.00231064493462462,0.00274970792730672,
2021-03-18,0.00247908777675811,0.0000000422453690047283,0.0000013629843368883,0.00206798982031165,0.00247908777675811,
2021-03-19,0.00238930248203385,0.0000000413864756041366,0.00000134106525423729,0.00200756207136225,0.00238930248203385,
2021-03-20,0.0025039113304836,0.0000000430461092388315,0.00000138309076425495,0.00210598099621588,0.0025039113304836,
2021-03-21,0.00287415636026835,0.0000000493435319539162,0.00000158552714786674,0.00241593583551668,0.00287415636026835,
2021-03-22,0.00274729050039703,0.0000000478222688960234,0.00000153933492109877,0.00231401846804274,0.00274729050039703,
2021-03-23,0.00254898206772059,0.0000000468105639404617,0.00000150906476302401,0.00214023875494307,0.00254898206772059,
2021-03-24,0.00298105966012252,0.0000000546345733688333,0.00000178319476774999,0.00251940280411837,0.00298105966012252,
2021-03-25,0.00452633152328558,0.0000000860594376840335,0.00000285234210525619,0.00383880676102841,0.00452633152328558,
2021-03-26,0.0038311271325183,0.0000000743228092797365,0.00000241113328552006,0.00325757601710984,0.0038311271325183,
2021-03-27,0.00397374592692535,0.0000000724899902378686,0.00000234346782583285,0.00337139616545293,0.00397374592692535,
2021-03-28,0.00392618275820416,0.0000000700855794491039,0.00000228516333764971,0.00332646487488121,0.00392618275820416,
2021-03-29,0.0035934886113955,0.0000000644999578444432,0.00000213242852971295,0.0030497275067556,0.0035934886113955,
2021-03-30,0.00396372172689173,0.0000000688489979526667,0.00000218851920558414,0.00336195932750245,0.00396372172689173,
2021-03-31,0.00378299837659064,0.0000000644632783285676,0.0000020550012565751,0.00322731719261888,0.00378299837659064,
2021-04-01,0.00397141084545747,0.0000000675499674251661,0.0000020718098188194,0.0033793489539497,0.00397141084545747,
2021-04-02,0.003675331260687,0.0000000624854671397311,0.0000018644760666277,0.00312199634656617,0.003675331260687,
2021-04-03,0.00359663069351919,0.0000000609272781620014,0.00000168533958527579,0.00305559284060762,0.00359663069351919,
2021-04-04,0.00368690153864914,0.0000000643636126704839,0.00000182055827001753,0.00314762170551993,0.00368690153864914,
2021-04-05,0.00375979612636172,0.00000006459886680638,0.00000180986046171829,0.00320099891735151,0.00375979612636172,
2021-04-06,0.00410848457780859,0.0000000699246866641032,0.0000019568617182934,0.0034752316246574,0.00410848457780859,
2021-04-07,0.00471777773484573,0.0000000812232687098139,0.00000222862436690365,0.00398075942304667,0.00471777773484573,
2021-04-08,0.00439266533364698,0.0000000780684635793812,0.0000022124861484512,0.00370754169013706,0.00439266533364698,
2021-04-09,0.00474286903064516,0.0000000818253167311705,0.00000228181614521075,0.00398293708654652,0.00474286903064516,
2021-04-10,0.00459753891330671,0.0000000791972321053992,0.00000222527571595558,0.00387011716026284,0.00459753891330671,
2021-04-11,0.00503171054123351,0.0000000843517022290868,0.00000236209716540035,0.00422270559195261,0.00503171054123351,
2021-04-12,0.00790055297499537,0.000000131823237904555,0.00000368431995310791,0.00663694614511448,0.00790055297499537,
2021-04-13,0.0069841288107557,0.000000116584920183859,0.00000325930306912265,0.00585438290464726,0.0069841288107557,
2021-04-14,0.00657873135715708,0.000000103690837257448,0.000002862942314436,0.005503211999609,0.00657873135715708,
2021-04-15,0.00699857220424122,0.000000111319044933558,0.00000287971661494105,0.00584621656860457,0.00699857220424122,
2021-04-16,0.00633558147013339,0.000000100197136519879,0.00000251453646990064,0.00529521354950067,0.00633558147013339,
2021-04-17,0.00704411349657458,0.000000114406147399495,0.00000290077840444185,0.00588379737647924,0.00704411349657458,
2021-04-18,0.00704238143105473,0.000000116826129243979,0.00000300678842781999,0.00592519216854985,0.00704238143105473,
2021-04-19,0.0061913985714866,0.00000010979689845308,0.00000275972665108124,0.00519214071999669,0.0061913985714866,
2021-04-20,0.0064559496222886,0.000000115701884694868,0.00000297697821370769,0.00537374277678205,0.0064559496222886,
2021-04-21,0.00787556095504192,0.000000139453710256322,0.00000338223907071888,0.00654990077135743,0.00787556095504192,
2021-04-22,0.00729196664301562,0.000000134971933788001,0.00000308459447691409,0.00606514844220652,0.00729196664301562,
2021-04-23,0.00624528335831429,0.000000120374622386019,0.00000258100998800428,0.00519790279460383,0.00624528335831429,
2021-04-24,0.00632533117933384,0.000000124135852105096,0.00000268349408757115,0.0052413424338369,0.00632533117933384,
2021-04-25,0.00586674665567315,0.000000116681636257576,0.00000262308056691993,0.00486959989905975,0.00586674665567315,
2021-04-26,0.00569190665713828,0.000000116287281099807,0.00000247414333722969,0.00471236497900832,0.00569190665713828,
2021-04-27,0.00595467593805413,0.00000011038758142461,0.00000235729894798364,0.00493000732732308,0.00595467593805413,
2021-04-28,0.00658800895931982,0.000000119723140453264,0.00000248947063120982,0.00545160833373185,0.00658800895931982,
2021-04-29,0.00624331875494849,0.000000113955420067018,0.00000227839170075979,0.00514617418724619,0.00624331875494849,
2021-04-30,0.00609628180706832,0.000000113806495915133,0.00000220839187609585,0.00503133566532543,0.00609628180706832,
2021-05-01,0.00607885917058249,0.000000105277227336578,0.00000219430422188601,0.0050484288215605,0.00607885917058249,
2021-05-02,0.00605880984659546,0.000000104708501589184,0.00000205430832846289,0.00502695293899818,0.00605880984659546,
2021-05-03,0.00574946713291097,0.000000101629895991291,0.00000194733694080581,0.00478239694954754,0.00574946713291097,
2021-05-04,0.00576524340987719,0.000000100715182984335,0.00000168051136381068,0.00477995873170415,0.00576524340987719,
2021-05-05,0.00531686267023355,0.0000000989660466521131,0.00000162352329047341,0.00442903783342393,0.00531686267023355,
2021-05-06,0.00523428117458472,0.0000000912817626198687,0.00000148451328691542,0.0043477386595273,0.00523428117458472,
2021-05-07,0.00549358730417644,0.0000000971845843590312,0.00000156935285208963,0.00455401280555964,0.00549358730417644,
2021-05-08,0.00528638608899657,0.0000000921919704574543,0.00000151792824850253,0.00435866008428186,0.00528638608899657,
2021-05-09,0.00464204338362027,0.0000000790321682419349,0.00000119431995481294,0.00381947407003125,0.00464204338362027,
2021-05-10,0.004380869882482,0.0000000751584870427143,0.00000111868713140275,0.00360157121767728,0.004380869882482,
2021-05-11,0.00373665351408577,0.0000000668418214421634,0.000000944963566079667,0.00308274363394755,0.00373665351408577,
2021-05-12,0.00385129699120668,0.0000000680295698448531,0.000000926734429456962,0.00317484353831793,0.00385129699120668,
2021-05-13,0.00372756859731145,0.0000000731292205622146,0.000000937634629044999,0.00309604793565422,0.00372756859731145,
2021-05-14,0.00339756194337231,0.0000000688202814596346,0.000000921457919345412,0.00281646002944239,0.00339756194337231,
2021-05-15,0.00357727643258353,0.0000000715492550783845,0.00000087534389246055,0.0029520980706382,0.00357727643258353,
2021-05-16,0.00332007404729993,0.0000000705678590971315,0.000000904011455289304,0.00273839196347763,0.00332007404729993,
2021-05-17,0.00418065112353876,0.0000000908392804957535,0.00000117241592581847,0.00343677743905774,0.00418065112353876,
2021-05-18,0.00368692446928646,0.0000000847717038418473,0.00000112405196189527,0.00303341136367287,0.00368692446928646,
2021-05-19,0.00356512819638424,0.0000000833172254568806,0.00000105845444184687,0.00292557505020595,0.00356512819638424,
2021-05-20,0.00225572493114033,0.000000059924918178572,0.000000889573962594974,0.00185734205309694,0.00225572493114033,
2021-05-21,0.0027116859547211,0.0000000664638649584308,0.000000976155143191117,0.00222588963200626,0.0027116859547211,
2021-05-22,0.00221337792724827,0.0000000595404910235157,0.000000916898196165435,0.00182221729660327,0.00221337792724827,
2021-05-23,0.00206112978717946,0.0000000547540525866107,0.000000888095617067854,0.00169711639082215,0.00206112978717946,
2021-05-24,0.0017474514381597,0.0000000502513666812896,0.000000829907247223846,0.00143644399375129,0.0017474514381597,
2021-05-25,0.00190478876585698,0.0000000493080143160504,0.000000725310958503799,0.00156328821740103,0.00190478876585698,
2021-05-26,0.00187506928183292,0.0000000489960935008046,0.000000695349237025393,0.0015309963068967,0.00187506928183292,
2021-05-27,0.00211619689012645,0.0000000539916955852018,0.000000737679953243717,0.00173643929250368,0.00211619689012645,
2021-05-28,0.00192968198335939,0.0000000501074795937539,0.000000703466744593805,0.00158454784756359,0.00192968198335939,
2021-05-29,0.00180486862418434,0.0000000507032313110339,0.000000747263851548802,0.00148198857926852,0.00180486862418434,
2021-05-30,0.00181874205520065,0.0000000524407929236278,0.000000794606721215663,0.00149674414402472,0.00181874205520065,
2021-05-31,0.00184186922330822,0.0000000516621929839534,0.000000770104909409702,0.00151292283923132,0.00184186922330822,
2021-06-01,0.00186269626702152,0.0000000499208726230596,0.000000690088281706605,0.00152303602290318,0.00186269626702152,
2021-06-02,0.00200613855560733,0.0000000547207622453426,0.000000763893600233781,0.00164243130745362,0.00200613855560733,
2021-06-03,0.00221213625635641,0.0000000587717387721464,0.000000815335757585714,0.00181205225115878,0.00221213625635641,
2021-06-04,0.00233252318355996,0.000000059563693166337,0.000000815966686148451,0.00192339846482849,0.00233252318355996,
2021-06-05,0.00216930901454425,0.0000000588137686898587,0.000000806651256575102,0.00178711671712297,0.00216930901454425,
2021-06-06,0.0020863094088389,0.0000000589193704316098,0.000000800895587375804,0.00171929289996752,0.0020863094088389,
2021-06-07,0.00212126383141951,0.0000000593848807920178,0.000000783882700175336,0.00174658882198555,0.00212126383141951,
2021-06-08,0.00201583201109116,0.0000000597727954047439,0.000000775272559906487,0.00165731843903624,0.00201583201109116,
2021-06-09,0.00200206124868495,0.0000000598075675188412,0.000000794765955581531,0.00164586772866475,0.00200206124868495,
2021-06-10,0.00208458871770445,0.0000000557779503143241,0.000000800032174167154,0.00171218760242716,0.00208458871770445,
2021-06-11,0.0019017835088152,0.0000000516424100972708,0.000000766421478667446,0.00156321525424265,0.0019017835088152,
2021-06-12,0.0018913148502111,0.0000000508617683228596,0.000000806520046756283,0.0015621135979173,0.0018913148502111,
2021-06-13,0.00176322968752054,0.0000000494328750616316,0.000000740591320864991,0.00146052668772096,0.00176322968752054,
2021-06-14,0.00180068266022948,0.0000000462598139376364,0.000000718936879018118,0.00148626205850686,0.00180068266022948,
2021-06-15,0.00181914024887303,0.0000000449663440781353,0.000000705901694915254,0.00150133953546901,0.00181914024887303,
2021-06-16,0.00180613060081755,0.000000044867624857147,0.000000707525978959673,0.00149092108761877,0.00180613060081755,
2021-06-17,0.00224096328677001,0.0000000585634768470706,0.000000949158775388156,0.00186904547790392,0.00224096328677001,
2021-06-18,0.00215456781546203,0.0000000566713494262181,0.000000909718877849211,0.00180976667184704,0.00215456781546203,
2021-06-19,0.00198877001076807,0.0000000556855191942149,0.000000893999853886616,0.00167952863408417,0.00198877001076807,
2021-06-20,0.00190530545471869,0.0000000535860816607249,0.000000876101315020456,0.00161100595515297,0.00190530545471869,
2021-06-21,0.00190548182325888,0.0000000535248577024565,0.000000849651256575102,0.00160632889127748,0.00190548182325888,
2021-06-22,0.00151355795960732,0.0000000477234851147885,0.000000796444681472823,0.001269875207642,0.00151355795960732,
2021-06-23,0.0013847980213558,0.0000000427478629023286,0.000000741475891291642,0.0011617526683248,0.0013847980213558,
2021-06-24,0.00146577045559342,0.0000000436104965585507,0.000000747037843366452,0.00122872997481915,0.00146577045559342,
2021-06-25,0.00149750850061114,0.0000000432069497838182,0.00000075377992402104,0.00125480563011967,0.00149750850061114,
2021-06-26,0.00140867969396605,0.0000000444609828986732,0.000000774916540035067,0.00118286082030524,0.00140867969396605,
2021-06-27,0.00139903257947744,0.0000000438696426469184,0.000000776387901811806,0.00117214836610549,0.00139903257947744,
2021-06-28,0.00150711157954451,0.0000000436761759089468,0.000000767164552893045,0.00126273931822675,0.00150711157954451,
2021-06-29,0.00150090823055668,0.0000000436612752706608,0.000000721840940970193,0.00125831348739913,0.00150090823055668,
2021-06-30,0.00159476253802948,0.0000000443805972297052,0.000000734916919929865,0.00134018347005268,0.00159476253802948,
2021-07-01,0.00153858470753685,0.0000000438774919120644,0.000000677113787301783,0.00129741769381385,0.00153858470753685,
2021-07-02,0.0014903585924965,0.0000000444815702736507,0.000000704809205143191,0.00125839187701229,0.0014903585924965,
2021-07-03,0.001506737823746,0.0000000446005456757302,0.000000700808379843188,0.00127000904351843,0.001506737823746,
2021-07-04,0.00152442687290655,0.0000000440735800731725,0.000000687948305084746,0.00128417750940847,0.00152442687290655,
2021-07-05,0.00153795591908224,0.0000000434996316267035,0.000000661225482174167,0.00129530605085316,0.00153795591908224,
2021-07-06,0.00154596613771558,0.0000000455879145911885,0.000000696810502630041,0.00130395723895638,0.00154596613771558,
2021-07-07,0.00155874928642801,0.0000000456789980183813,0.000000672423465809468,0.00131829324144449,0.00155874928642801,
2021-07-08,0.00162899234446562,0.0000000480080942154229,0.000000703036867329048,0.00138185949920147,0.00162899234446562,
2021-07-09,0.00149310374493717,0.000000045494187516397,0.000000704651753360608,0.00126123940291978,0.00149310374493717,
2021-07-10,0.00148328307771487,0.0000000437354645138982,0.000000688690298071303,0.00124975361678075,0.00148328307771487,
2021-07-11,0.00145168245508363,0.0000000431907647601081,0.000000685705523085915,0.00122425552294401,0.00145168245508363,
2021-07-12,0.00147353912594019,0.0000000430124391583561,0.000000688507627118644,0.00124139400719999,0.00147353912594019,
2021-07-13,0.00144956375133518,0.0000000437468969647886,0.000000713006103967539,0.00122328681562698,0.00144956375133518,
2021-07-14,0.00140498409985203,0.0000000430422503077002,0.00000072435292226768,0.00119820963245121,0.00140498409985203,
2021-07-15,0.00140184219701345,0.0000000427413267971864,0.000000703579918176505,0.00118985102383378,0.00140184219701345,
2021-07-16,0.0013493490226342,0.000000042555891680134,0.000000705403915838691,0.00114719416748267,0.0013493490226342,
2021-07-17,0.00129656253863442,0.0000000412186603360537,0.000000690355838690824,0.00109946499043216,0.00129656253863442,
2021-07-18,0.00128678845465499,0.0000000407883366668679,0.00000067834023962595,0.0010945829778575,0.00128678845465499,
2021-07-19,0.00125964961847399,0.0000000397269264379742,0.0000006655347106955,0.00107087728881137,0.00125964961847399,
2021-07-20,0.00119876911487576,0.0000000388158819176103,0.0000006578658600837,0.00102162655348267,0.00119876911487576,
2021-07-21,0.00113499887978228,0.0000000381298730453288,0.000000635734774985389,0.000966660574421816,0.00113499887978228,
2021-07-22,0.00126046762872588,0.0000000392428729815996,0.000000634838924605494,0.001072150305714,0.00126046762872588,
2021-07-23,0.00126697397631759,0.0000000392167483506135,0.000000626928593063202,0.00108677849129158,0.00126697397631759,
2021-07-24,0.00126051283003567,0.0000000376952174074197,0.000000596631384586077,0.00107118837743925,0.00126051283003567,
2021-07-25,0.00126141327763257,0.0000000369191450379671,0.000000578805727644652,0.00107174960201171,0.00126141327763257,
2021-07-26,0.00123801857133756,0.0000000352511610703622,0.000000565965593220339,0.00105105460268413,0.00123801857133756,
2021-07-27,0.00124486171640903,0.0000000332452649730039,0.00000055545438340152,0.00105542757122807,0.00124486171640903,
2021-07-28,0.00125255152407015,0.0000000320128361681384,0.000000547867942723553,0.00106024750978766,0.00125255152407015,
2021-07-29,0.00130245300624823,0.0000000326108985784195,0.000000567015774271511,0.00109967455803893,0.00130245300624823,
2021-07-30,0.00137033719169499,0.0000000341847919942876,0.000000574696376388077,0.00115359378105067,0.00137033719169499,
2021-07-31,0.00137795759491738,0.000000032973643740204,0.000000562132407948568,0.0011613135389832,0.00137795759491738,
2021-08-01,0.00138329948993689,0.0000000330985836221174,0.000000543669579193454,0.00116695121894322,0.00138329948993689,
2021-08-02,0.00138584787614145,0.000000034673095463686,0.000000540557627118644,0.00117099526320073,0.00138584787614145,
2021-08-03,0.00136409612503624,0.000000034706128125752,0.000000520838018702513,0.00115395891639333,0.00136409612503624,
2021-08-04,0.00139661701808791,0.0000000364758386706073,0.000000555775605621451,0.00117956466570628,0.00139661701808791,
2021-08-05,0.00164623244341289,0.0000000413897549318503,0.000000603472184569148,0.00139427238383937,0.00164623244341289,
2021-08-06,0.00201859820934796,0.0000000493042705396003,0.000000714412664729256,0.001703874236839,0.00201859820934796,
2021-08-07,0.00208454607566797,0.0000000487153229328466,0.000000721787171244886,0.00176839141367204,0.00208454607566797,
2021-08-08,0.0024812134302527,0.0000000557765308577993,0.000000789345606533333,0.00210554222144355,0.0024812134302527,
2021-08-09,0.00231049408438411,0.0000000525443070043597,0.000000763207276446522,0.00196825876010925,0.00231049408438411,
2021-08-10,0.00240123771499112,0.0000000519010995524592,0.000000760301782583285,0.00204689604766763,0.00240123771499112,
2021-08-11,0.00209279478428812,0.0000000460068233560005,0.000000666129456458212,0.00178787995407527,0.00209279478428812,
2021-08-12,0.00231842079842669,0.0000000507576020911454,0.000000731694716540035,0.00197725735671685,0.00231842079842669,
2021-08-13,0.00233516293397474,0.0000000525869514833282,0.000000768635827001753,0.00198941711686035,0.00233516293397474,
2021-08-14,0.00262079896767947,0.000000054923241409947,0.000000790235371127996,0.00222246423697325,0.00262079896767947,
2021-08-15,0.0024653452371848,0.0000000523159007845799,0.000000754167212156634,0.00209355573613167,0.0024653452371848,
2021-08-16,0.00250153240683149,0.0000000531400073776067,0.000000755583927527761,0.00212156513560601,0.00250153240683149,
2021-08-17,0.00226478857881846,0.000000049250894283911,0.000000717210508474576,0.00192303236833159,0.00226478857881846,
2021-08-18,0.00220597777384192,0.0000000493351746272649,0.000000730318036236119,0.00188759644429565,0.00220597777384192,
2021-08-19,0.00270250045505477,0.0000000601165321851371,0.000000888594558310822,0.0023122825088555,0.00270250045505477,
2021-08-20,0.00252047393421279,0.0000000540330871766017,0.000000794107218001169,0.00215622354024744,0.00252047393421279,
2021-08-21,0.00249080399836567,0.0000000505841131200734,0.000000759804091174752,0.00213174701355301,0.00249080399836567,
2021-08-22,0.00250044584301404,0.0000000509564614637395,0.000000773005291658274,0.00214124812029062,0.00250044584301404,
2021-08-23,0.00250719727126715,0.0000000507906978216076,0.000000772421303331385,0.00214763371634701,0.00250719727126715,
2021-08-24,0.00252566102258509,0.0000000509299534023588,0.00000076013731735827,0.00215134589345522,0.00252566102258509,
2021-08-25,0.00238818743029129,0.0000000498308704325489,0.000000750150964348334,0.00203865727251505,0.00238818743029129,
2021-08-26,0.002441804211916,0.0000000498303831552193,0.000000756280157802455,0.00208230121380839,0.002441804211916,
2021-08-27,0.00223974920410501,0.0000000474620222513288,0.000000717731106449182,0.00190582013829559,0.00223974920410501,
2021-08-28,0.00229669817206245,0.0000000468250673334173,0.000000702351367621274,0.00194713848145183,0.00229669817206245,
2021-08-29,0.0022675472413007,0.0000000464162261810277,0.000000699283620553706,0.00192492212762912,0.0022675472413007,
2021-08-30,0.00226042623198527,0.0000000461798268233393,0.000000699624258407793,0.00191743099341857,0.00226042623198527,
2021-08-31,0.00221993369355639,0.0000000471065780637957,0.000000685511630625365,0.00188208329192572,0.00221993369355639,
2021-09-01,0.00206960092378982,0.0000000438296070301047,0.000000603039752554352,0.00175200855514685,0.00206960092378982,
2021-09-02,0.00217339240741187,0.0000000446386873882817,0.000000572875587375804,0.00183452805224619,0.00217339240741187,
2021-09-03,0.00220532141800263,0.0000000446696353850766,0.000000581588064446626,0.00185781620851173,0.00220532141800263,
2021-09-04,0.00226508264460926,0.000000045428366996237,0.000000578036206896552,0.00190850022522356,0.00226508264460926,
2021-09-05,0.00252292383055635,0.0000000505397672354028,0.000000649195704266511,0.00212467334823416,0.00252292383055635,
2021-09-06,0.0025180040395179,0.000000048659298315102,0.000000636724985388662,0.00211940913122932,0.0025180040395179,
2021-09-07,0.0025783674692601,0.0000000489805974610105,0.000000656267855055523,0.00217338666445612,0.0025783674692601,
2021-09-08,0.00220682393736163,0.000000047099608766028,0.000000642854821741672,0.0018660257311728,0.00220682393736163,
2021-09-09,0.00208197293401903,0.0000000450760809731387,0.000000593530677966102,0.00176256794479886,0.00208197293401903,
2021-09-10,0.00223858522562228,0.0000000481947098467353,0.000000652104365967742,0.00189856267587489,0.00223858522562228,
2021-09-11,0.00208875892942372,0.0000000466602495468812,0.000000651886358854471,0.00177063777361581,0.00208875892942372,
2021-09-12,0.00219036563038272,0.0000000485683820824319,0.000000672054231240848,0.00185673981213742,0.00219036563038272,
2021-09-13,0.00246551469808662,0.0000000533885231689894,0.000000721391790575256,0.00208722273074618,0.00246551469808662,
2021-09-14,0.00231590222652648,0.0000000514741915144162,0.000000704017974855891,0.00196295121942755,0.00231590222652648,
2021-09-15,0.00227549517548082,0.0000000483915035761081,0.000000665412683801478,0.00192760732722099,0.00227549517548082,
2021-09-16,0.00228317440057235,0.0000000474010302562336,0.00000063579434671294,0.00193170693995814,0.00228317440057235,
2021-09-17,0.00226240016309431,0.0000000473331929301241,0.000000634130362361192,0.00192386714436276,0.00226240016309431,
2021-09-18,0.00229399665715056,0.0000000485874244899829,0.000000675395984804208,0.00195692070498801,0.00229399665715056,
2021-09-19,0.00226594672273818,0.0000000470074284498121,0.000000661585581531268,0.0019346847867952,0.00226594672273818,
2021-09-20,0.00223608756053173,0.0000000473562013185305,0.000000673522296902396,0.00190880733285586,0.00223608756053173,
2021-09-21,0.00195674197287867,0.0000000456590519430097,0.000000659864766845006,0.00167052901855728,0.00195674197287867,
2021-09-22,0.00183808251429236,0.0000000453550885504663,0.000000669404278199883,0.0015683378204583,0.00183808251429236,
2021-09-23,0.002004239008398,0.0000000459924427689922,0.000000654184500292227,0.00171539438654659,0.002004239008398,
2021-09-24,0.00200280150140484,0.0000000446443056537471,0.000000636316008182349,0.00170773887199459,0.00200280150140484,
2021-09-25,0.00169417430558878,0.0000000395804529271728,0.000000577711861484512,0.00144730156940607,0.00169417430558878,
2021-09-26,0.001597778611993,0.0000000373878243455951,0.000000544852361192285,0.00136726331321206,0.001597778611993,
2021-09-27,0.00126370577941702,0.0000000292990461686568,0.000000414520631209819,0.0010795152290398,0.00126370577941702,
2021-09-28,0.00137854542534386,0.0000000324388166785946,0.000000466908433664524,0.00117909980265698,0.00137854542534386,
2021-09-29,0.00131914961365818,0.0000000319997198917949,0.000000468515447106955,0.0011319298593295,0.00131914961365818,
2021-09-30,0.00134246389384372,0.0000000323844649441429,0.000000472154617182934,0.00115774956481866,0.00134246389384372,
2021-10-01,0.00136127625995303,0.0000000310924666632711,0.000000453527830032047,0.00117604087170791,0.00136127625995303,
2021-10-02,0.00149998429201584,0.0000000311988890483411,0.000000454617597895967,0.00129209513707045,0.00149998429201584,
2021-10-03,0.0014972964881502,0.0000000313291498276952,0.000000441178421975453,0.00128830429623727,0.0014972964881502,
2021-10-04,0.00149150222379898,0.0000000309423457380164,0.000000436055786090006,0.00128330698748885,0.00149150222379898,
2021-10-05,0.00153398629037275,0.0000000311225995837227,0.00000045228675043834,0.0013182810595982,0.00153398629037275,
2021-10-06,0.00155428289814592,0.0000000301462704327705,0.000000441505657510228,0.00133899321158886,0.00155428289814592,
2021-10-07,0.00155523953693779,0.0000000280628859252355,0.000000433403401519579,0.00134281348546421,0.00155523953693779,
2021-10-08,0.00158205201922651,0.0000000294033529499295,0.000000440768088836937,0.00136427898806654,0.00158205201922651,
2021-10-09,0.00160629493386177,0.0000000297828643074576,0.000000451067814143776,0.00138753969649847,0.00160629493386177,
2021-10-10,0.00160135265725169,0.0000000291097219461235,0.000000447321200565769,0.00138202428997354,0.00160135265725169,
2021-10-11,0.00156827490827351,0.0000000286698029152294,0.00000045695632996032,0.00135587671533833,0.00156827490827351,
2021-10-12,0.00146494941780764,0.0000000255711331999122,0.000000416230011689071,0.00126807302675501,0.00146494941780764,
2021-10-13,0.00146370348292368,0.0000000260463157835782,0.000000419247886988633,0.00126989075495417,0.00146370348292368,
2021-10-14,0.00142797468032955,0.0000000248997776363862,0.000000396928343074226,0.00123049474128885,0.00142797468032955,
2021-10-15,0.00149766949785185,0.0000000260990613134954,0.000000395524307924092,0.00129121992199815,0.00149766949785185,
2021-10-16,0.0016119135924769,0.0000000262329751117296,0.000000417409014383133,0.00138749538258064,0.0016119135924769,
2021-10-17,0.00174752527659253,0.0000000286798966664662,0.000000455468053769725,0.00150095514839357,0.00174752527659253,
2021-10-18,0.00165752550471828,0.0000000269681999892244,0.000000432052574443709,0.00142708856329755,0.00165752550471828,
2021-10-19,0.0016163634781251,0.0000000260800293202651,0.000000431482907603512,0.00139253189511708,0.0016163634781251,
2021-10-20,0.00173222680405169,0.0000000269435777765432,0.000000447021180180749,0.00148760964156871,0.00173222680405169,
2021-10-21,0.00170312102151089,0.0000000257807251708782,0.000000410055981001548,0.00145779122358472,0.00170312102151089,
2021-10-22,0.0016472730856348,0.0000000264096595753591,0.000000405216541100444,0.00141630993640275,0.0016472730856348,
2021-10-23,0.00197095188246857,0.0000000324431357677855,0.000000495769208084147,0.00169389213797218,0.00197095188246857,
2021-10-24,0.00177042001011648,0.0000000289047774979155,0.000000425624752111141,0.00152302082189064,0.00177042001011648,
2021-10-25,0.00174485640435636,0.0000000286674375833765,0.000000428018239453262,0.00150034999785297,0.00174485640435636,
2021-10-26,0.00171256594562731,0.0000000271699269080643,0.000000406359539405646,0.00147545343539846,0.00171256594562731,
2021-10-27,0.00168199145497134,0.0000000278503163286385,0.000000407199490081161,0.00145136332016672,0.00168199145497134,
2021-10-28,0.001520590120174,0.0000000259648821992356,0.000000385191426066628,0.0013128181233231,0.001520590120174,
2021-10-29,0.00174093626896739,0.0000000287451262058247,0.000000406877714786674,0.00149013699526464,0.00174093626896739,
2021-10-30,0.00166344756132983,0.0000000267302913102476,0.000000376926613091759,0.00143809524055811,0.00166344756132983,
2021-10-31,0.00166777875355621,0.0000000270116613731377,0.000000386835014611338,0.00144318910241717,0.00166777875355621,
2021-11-01,0.00172959609395656,0.0000000281541994825852,0.000000402796923061345,0.0014974406448119,0.00172959609395656,
2021-11-02,0.00168133810360797,0.0000000275213692046174,0.000000388677873279152,0.00145033453632179,0.00168133810360797,
2021-11-03,0.0017216182110329,0.0000000273165428931996,0.000000375376309266789,0.00148730365700119,0.0017216182110329,
2021-11-04,0.00180381462432209,0.0000000286519973767146,0.000000392231490356517,0.00155379767511939,0.00180381462432209,
2021-11-05,0.00182741304882063,0.0000000297653895114765,0.000000402904203608136,0.00158259233419432,0.00182741304882063,
2021-11-06,0.00184120524057272,0.0000000301808026151315,0.000000411268142084925,0.00159644420583151,0.00184120524057272,
2021-11-07,0.00195013532602171,0.0000000317327088812201,0.000000432245085712557,0.00168967429889361,0.00195013532602171,
2021-11-08,0.00192878429870108,0.0000000305943393269325,0.000000418455736560396,0.00167091399133271,0.00192878429870108,
2021-11-09,0.00190059691718256,0.0000000281395842154608,0.00000039503951531063,0.00163959581195521,0.00190059691718256,
2021-11-10,0.00202344786311549,0.0000000301576898523191,0.000000427275641023972,0.00174619314767769,0.00202344786311549,
2021-11-11,0.00212337474057055,0.0000000327903543137696,0.000000459609386124774,0.00185022602428878,0.00212337474057055,
2021-11-12,0.00258602613537719,0.000000039807719323417,0.000000546989191556615,0.00226082847345385,0.00258602613537719,
2021-11-13,0.00298586004183365,0.0000000465965687851075,0.000000640363062536528,0.00261032392993171,0.00298586004183365,
2021-11-14,0.00307878905911571,0.000000047808923278939,0.000000662826088338447,0.00269460587064399,0.00307878905911571,
2021-11-15,0.00262652504667019,0.0000000403880540796999,0.000000569804882689732,0.00229751897629258,0.00262652504667019,
2021-11-16,0.002392967970173,0.0000000375346898851204,0.000000523693242268211,0.00210587286767918,0.002392967970173,
2021-11-17,0.00223110843822919,0.0000000369863403810931,0.000000526934143804295,0.00197247398167898,0.00223110843822919,
2021-11-18,0.00211301146128768,0.0000000351265190919619,0.000000495361016949152,0.00186897327224971,0.00211301146128768,
2021-11-19,0.00174197907448339,0.0000000306718016184682,0.000000437060058445353,0.00153310775667656,0.00174197907448339,
2021-11-20,0.00206880553601608,0.0000000356604084049068,0.000000482094497369959,0.0018365221783713,0.00206880553601608,
2021-11-21,0.00217665959634028,0.0000000364297701230241,0.000000493221946230275,0.00193241765685654,0.00217665959634028,
2021-11-22,0.00225657694558411,0.000000038225929812886,0.000000523557966101695,0.00200430142890778,0.00225657694558411,
2021-11-23,0.00220538621924438,0.0000000391139897765737,0.000000538322855959406,0.00196302078460608,0.00220538621924438,
2021-11-24,0.00228803818069915,0.0000000396937585471476,0.000000526208825248393,0.0020350453701806,0.00228803818069915,
2021-11-25,0.00212428842048456,0.0000000371757153457636,0.000000498428863237873,0.00189657224411751,0.00212428842048456,
2021-11-26,0.00211683956712311,0.0000000358733739979453,0.000000467702050101566,0.00188892882045646,0.00211683956712311,
2021-11-27,0.00186760823794278,0.0000000347135091186543,0.000000460909251899474,0.0016528419868699,0.00186760823794278,
2021-11-28,0.00194719170034121,0.0000000356394298502251,0.00000047644439509059,0.00172283414434371,0.00194719170034121,
2021-11-29,0.00192253865962221,0.0000000335823003058171,0.000000448031505106083,0.00170375200640859,0.00192253865962221,
2021-11-30,0.00195507892077352,0.0000000337544014245232,0.000000439500613676213,0.00173096962044372,0.00195507892077352,
2021-12-01,0.0019597613464451,0.0000000343233603744974,0.00000042190284628872,0.00172837582151059,0.0019597613464451,
2021-12-02,0.00210709566068158,0.0000000368498284021797,0.000000459609516104936,0.00186175916708521,0.00210709566068158,
2021-12-03,0.00175374737232606,0.0000000309943033221555,0.00000038735064289889,0.00155244722750835,0.00175374737232606,
2021-12-04,0.00164811596326779,0.0000000307074033540737,0.000000389355537769497,0.00145946819083248,0.00164811596326779,
2021-12-05,0.00146370894650123,0.0000000297745486774963,0.000000357197223845704,0.00129681233290384,0.00146370894650123,
2021-12-06,0.00145823390992931,0.0000000295625345729075,0.000000347978959672706,0.00128965311490274,0.00145823390992931,
2021-12-07,0.00146634301458278,0.000000029016140818141,0.000000337716013984789,0.0012997909566733,0.00146634301458278,
2021-12-08,0.00143061578047313,0.0000000282873097887775,0.000000332410473407364,0.00126910973373857,0.00143061578047313,
2021-12-09,0.00143347186900742,0.0000000283852137644318,0.000000323779228521333,0.00126392447812726,0.00143347186900742,
2021-12-10,0.00133645693436961,0.0000000278789660237168,0.000000321473302162478,0.00118401755653913,0.00133645693436961,
2021-12-11,0.00139775100172639,0.0000000294652751014562,0.000000355515907649517,0.00123617014986239,0.00139775100172639,
2021-12-12,0.00141603195956718,0.0000000287100803344924,0.000000347101963763881,0.00125449336392233,0.00141603195956718,
2021-12-13,0.00138110773263615,0.0000000275469117745076,0.000000333521332554062,0.00122083973235609,0.00138110773263615,
2021-12-14,0.00132300540243976,0.0000000282782116422307,0.000000349254658390404,0.00117299381047363,0.00132300540243976,
2021-12-15,0.00120980874611754,0.0000000250515955989145,0.000000314173749269433,0.00107469911302698,0.00120980874611754,
2021-12-16,0.00133346787602089,0.0000000273080253919175,0.000000332068389657978,0.00118023493686683,0.00133346787602089,
2021-12-17,0.00130135999383554,0.0000000273030901484445,0.000000327513781504952,0.00114856393874338,0.00130135999383554,
2021-12-18,0.00126772583973547,0.0000000273603100145355,0.000000326276837599606,0.00112829628230912,0.00126772583973547,
2021-12-19,0.00133838173639502,0.0000000285339588729939,0.000000337474833430742,0.00119133075330473,0.00133838173639502,
2021-12-20,0.00139823023606877,0.0000000298280037071741,0.000000355100151957919,0.00124340235884088,0.00139823023606877,
2021-12-21,0.00131994190719654,0.0000000281109265475498,0.000000335038334307423,0.0011705372393164,0.00131994190719654,
2021-12-22,0.00130381472586655,0.0000000265639759281316,0.000000323607697253068,0.00115415937277647,0.00130381472586655,
2021-12-23,0.00130664151669997,0.0000000268347750566184,0.000000327913600369465,0.00115374008555393,0.00130664151669997,
2021-12-24,0.00132763499696176,0.0000000261793970427893,0.000000323667403518395,0.00117234163598392,0.00132763499696176,
2021-12-25,0.00129127164805746,0.0000000254268245550397,0.000000319213630728261,0.00114131136641222,0.00129127164805746,
2021-12-26,0.00133036958714815,0.0000000262968517485505,0.000000324486621858562,0.00117731271917923,0.00133036958714815,
2021-12-27,0.00129780870734389,0.0000000255482671484121,0.000000318844337617803,0.00114645974827358,0.00129780870734389,
2021-12-28,0.00140579148465751,0.0000000276750341075719,0.00000034759061659848,0.00124114574884045,0.00140579148465751,
2021-12-29,0.00137641590144161,0.0000000288719952544992,0.000000361633220338983,0.00121751315914823,0.00137641590144161,
2021-12-30,0.00136460293814782,0.0000000293650418567137,0.000000375028628953759,0.00120234453203007,0.00136460293814782,
2021-12-31,0.00142904223673367,0.0000000303390129857628,0.000000385390466048993,0.00126235207831131,0.00142904223673367,
2022-01-01,0.0014074236306959,0.0000000303617747457778,0.000000381730955581531,0.0012381011563108,0.0014074236306959,
2022-01-02,0.00140348554624925,0.0000000295097827880329,0.000000373162268213572,0.00123464802666704,0.00140348554624925,
2022-01-03,0.00144915250163934,0.0000000306034683298204,0.000000378135243126176,0.00127560968402741,0.00144915250163934,
2022-01-04,0.00146703076385116,0.0000000315806753038135,0.000000389604037691025,0.00129843565557216,0.00146703076385116,
2022-01-05,0.00155256743801157,0.0000000338206063016599,0.000000408931910737554,0.00137629439882797,0.00155256743801157,
2022-01-06,0.00153974266391318,0.000000035371221504832,0.00000043424919345412,0.00136319824322449,0.00153974266391318,
2022-01-07,0.00148669335804129,0.0000000344580960478603,0.000000435566923454851,0.00131703573247346,0.00148669335804129,
2022-01-08,0.00141942604425503,0.0000000341925037934099,0.000000444943454558616,0.00124986703838207,0.00141942604425503,
2022-01-09,0.00138465637517073,0.000000033125898888226,0.000000447691590916415,0.0012198387260775,0.00138465637517073,
2022-01-10,0.00139258936485948,0.0000000332467361282285,0.0000004414136045271,0.00122715940439008,0.00139258936485948,
2022-01-11,0.001463237313868,0.0000000349914873493459,0.00000047509775436835,0.00129197283679395,0.001463237313868,
2022-01-12,0.00142192760561713,0.0000000332473266755026,0.000000438601994117633,0.00125191239291032,0.00142192760561713,
2022-01-13,0.00139663509303285,0.0000000317698471310938,0.000000414081859510603,0.00122229326541883,0.00139663509303285,
2022-01-14,0.00160526680987165,0.0000000376585703661797,0.000000493461884471803,0.00140178663584381,0.00160526680987165,
2022-01-15,0.00164918355475382,0.0000000382617691926384,0.000000498436158040823,0.00144481397725322,0.00164918355475382,
2022-01-16,0.00162194604506984,0.0000000375392474552031,0.000000486421341557673,0.0014223592571519,0.00162194604506984,
2022-01-17,0.00162382122040278,0.000000037615569021813,0.000000483808210463106,0.00142349814908701,0.00162382122040278,
2022-01-18,0.00156693760220447,0.0000000371213087731184,0.000000487972249085436,0.00137414504342379,0.00156693760220447,
2022-01-19,0.00159348161548078,0.0000000375544508516438,0.000000503342997340304,0.00140691290092401,0.00159348161548078,
2022-01-20,0.00159406004306853,0.0000000381466126001807,0.000000513315526008182,0.00140573118620543,0.00159406004306853,
2022-01-21,0.00159254826064867,0.0000000390750645504675,0.000000528756313882566,0.00140859564447475,0.00159254826064867,
2022-01-22,0.00162473989718016,0.0000000445228299120005,0.000000633413118409806,0.0014335222611624,0.00162473989718016,
2022-01-23,0.00153858534624033,0.0000000439641146931175,0.000000640855931919101,0.00135860916885675,0.00153858534624033,
2022-01-24,0.00161879575886181,0.0000000446305179208352,0.000000638957793203781,0.00142815913896571,0.00161879575886181,
2022-01-25,0.00157180195245596,0.0000000428754428189599,0.000000644412738792966,0.00138842507793999,0.00157180195245596,
2022-01-26,0.00159430617337777,0.0000000431446432468069,0.000000648518486265342,0.00141118071932824,0.00159430617337777,
2022-01-27,0.00153307423547783,0.0000000416304115972081,0.000000621405458179799,0.00136444437490128,0.00153307423547783,
2022-01-28,0.00160441207204385,0.0000000433367942436125,0.000000665006963027799,0.00143976400343908,0.00160441207204385,
2022-01-29,0.00154181231807491,0.0000000408223290038954,0.000000605689293228742,0.00138275112598742,0.00154181231807491,
2022-01-30,0.00152780853847473,0.0000000401122888220245,0.00000058916016364699,0.00137254689984741,0.00152780853847473,
2022-01-31,0.0015291329723348,0.0000000402578149803453,0.000000585750078901227,0.001372564980874,0.0015291329723348,
2022-02-01,0.00154061351810602,0.0000000400547705568848,0.000000573514487751128,0.00137185229080196,0.00154061351810602,
2022-02-02,0.00154500973630926,0.0000000398321946732437,0.000000552661972530684,0.00137085700015465,0.00154500973630926,
2022-02-03,0.00146076090605437,0.0000000395416552346511,0.000000543711233918075,0.00129323647983838,0.00146076090605437,
2022-02-04,0.00144814477153262,0.0000000390781575743052,0.000000542243625755201,0.00126651349259854,0.00144814477153262,
2022-02-05,0.00224542761490807,0.0000000546599987373528,0.000000756053497648858,0.00195983443946642,0.00224542761490807,
2022-02-06,0.00400077672701603,0.0000000963843273819074,0.00000132580977588987,0.00349691996728743,0.00400077672701603,
2022-02-07,0.00365500429326495,0.0000000862879471061894,0.00000119860878377294,0.0031922073628944,0.00365500429326495,
2022-02-08,0.00383583702720287,0.0000000873986366675957,0.00000121951711383872,0.00335503829561285,0.00383583702720287,
2022-02-09,0.00383315853088159,0.0000000867869660269166,0.00000122596955693519,0.00335875536778287,0.00383315853088159,
2022-02-10,0.00418214334491219,0.0000000941816563543095,0.00000129009853886616,0.00366177085644058,0.00418214334491219,
2022-02-11,0.00359529288609295,0.0000000824337285361806,0.00000116708860994461,0.00315149078312749,0.00359529288609295,
2022-02-12,0.0037475752708602,0.0000000884752651198269,0.00000128162521917008,0.00330063829511904,0.0037475752708602,
2022-02-13,0.00380005469112582,0.000000090105358809215,0.00000130548559322034,0.00335191838983027,0.00380005469112582,
2022-02-14,0.00356619377183574,0.0000000845157840142366,0.00000123796232612507,0.00314137386611301,0.00356619377183574,
2022-02-15,0.00366671420813192,0.0000000859799346128146,0.00000124875400350672,0.00324353456174634,0.00366671420813192,
2022-02-16,0.00404337833565004,0.0000000908381256386343,0.00000127340142494508,0.00355989368504827,0.00404337833565004,
2022-02-17,0.00381610128364019,0.0000000866002464747444,0.00000121511514377022,0.00335419976870681,0.00381610128364019,
2022-02-18,0.00341616245307007,0.0000000841211625747567,0.00000118288857876288,0.003006848168797,0.00341616245307007,
2022-02-19,0.00338327108746714,0.0000000844883742630709,0.00000121494195447735,0.00298828886796916,0.00338327108746714,
2022-02-20,0.0034361024475076,0.0000000856971294656516,0.00000124605032343003,0.00303457179922689,0.0034361024475076,
2022-02-21,0.00261205107123602,0.0000000677546339704333,0.000000990768482274559,0.00230754591723556,0.00261205107123602,
2022-02-22,0.0023972566557426,0.0000000646195031783855,0.000000929575604340101,0.00212014833312077,0.0023972566557426,
2022-02-23,0.00255445636600999,0.0000000668660447648862,0.000000968981122150789,0.0022546030374153,0.00255445636600999,
2022-02-24,0.00229861491063348,0.0000000616114064953261,0.000000886882425997992,0.00203225239230044,0.00229861491063348,
2022-02-25,0.00207339874916113,0.0000000541586589881438,0.000000799289659121358,0.00185002997734207,0.00207339874916113,
2022-02-26,0.00212291394207248,0.0000000539855138614714,0.0000007612857685564,0.00188095488305992,0.00212291394207248,
2022-02-27,0.00254606009746269,0.0000000651890211050707,0.000000916612516571184,0.00226080068801981,0.00254606009746269,
2022-02-28,0.00269009501928093,0.0000000714220306211643,0.00000102892079448404,0.00240875631540832,0.00269009501928093,
2022-03-01,0.00285291858058617,0.0000000660715107913546,0.000000978882407948568,0.00254258494703753,0.00285291858058617,
2022-03-02,0.00272091098397802,0.0000000613723756272521,0.000000916275200294864,0.00244543400737471,0.00272091098397802,
2022-03-03,0.00253302714468714,0.0000000575889746124578,0.000000857299939364813,0.00227838411441799,0.00253302714468714,
2022-03-04,0.00265343435724567,0.0000000624443659247903,0.000000935311048726877,0.00239744772673941,0.00265343435724567,
2022-03-05,0.00230996728181415,0.0000000590687706798392,0.000000882400269102261,0.0021127600207999,0.00230996728181415,
2022-03-06,0.00220398533030558,0.0000000559616030534074,0.000000827667914710872,0.0020176318368381,0.00220398533030558,
2022-03-07,0.00219653352601055,0.0000000572023731592741,0.000000858723933827078,0.00201760280411958,0.00219653352601055,
2022-03-08,0.00217138934378022,0.0000000569220245231819,0.000000868208221111512,0.00199987296318545,0.00217138934378022,
2022-03-09,0.00237018246033947,0.0000000612047320768135,0.000000919471940261586,0.00217540118147522,0.00237018246033947,
2022-03-10,0.00221703290701386,0.0000000527998199123348,0.000000813001928696669,0.00200284714790525,0.00221703290701386,
2022-03-11,0.00228138097449447,0.0000000577824335045486,0.000000873619900642899,0.00207474744395427,0.00228138097449447,
2022-03-12,0.00215484913615786,0.000000055501066590566,0.000000840881632372999,0.00197465552995066,0.00215484913615786,
2022-03-13,0.00209194159513807,0.0000000537068268440624,0.000000811401789124516,0.00192038951770965,0.00209194159513807,
2022-03-14,0.00199723970493326,0.0000000528254056847199,0.000000793660279058937,0.0018277048572226,0.00199723970493326,
2022-03-15,0.00198326989842624,0.0000000500206217375718,0.000000765925327186431,0.00181355754281161,0.00198326989842624,
2022-03-16,0.0019780975526134,0.0000000502606119905063,0.000000754642765335282,0.0018041034958666,0.0019780975526134,
2022-03-17,0.0020251707813559,0.000000049272108022718,0.000000731394931148571,0.00183761970322964,0.0020251707813559,
2022-03-18,0.00202347312899212,0.0000000493934612911447,0.000000718544752586651,0.00182313692461457,0.00202347312899212,
2022-03-19,0.00210869057315576,0.000000050415643890427,0.000000715803634727639,0.00190579045290889,0.00210869057315576,
2022-03-20,0.00219006891155092,0.0000000519057788468886,0.000000742691233196961,0.00198010845231678,0.00219006891155092,
2022-03-21,0.00214590444032894,0.000000051965584408326,0.000000749840305832142,0.00194223581855998,0.00214590444032894,
2022-03-22,0.00219035456750203,0.0000000533394615794993,0.000000755734418053196,0.00198726722679953,0.00219035456750203,
2022-03-23,0.00213445335112605,0.0000000503608714346206,0.000000717069266616518,0.0019355468877111,0.00213445335112605,
2022-03-24,0.0024175830504852,0.000000056572558945098,0.0000008002255174061,0.0021951275467862,0.0024175830504852,
2022-03-25,0.00263850762736424,0.0000000600007279673665,0.0000008483746632339,0.00239565710564929,0.00263850762736424,
2022-03-26,0.00277383429949325,0.0000000625483607765271,0.000000893501053840109,0.0025260337330357,0.00277383429949325,
2022-03-27,0.00271771709452529,0.0000000610449586500988,0.000000863962962623999,0.00247347062550318,0.00271771709452529,
2022-03-28,0.00264996511409727,0.0000000566507784850254,0.000000805769233140553,0.00241165005637059,0.00264996511409727,
2022-03-29,0.00258069749063728,0.000000054648408857008,0.000000771167675814378,0.00234641169071245,0.00258069749063728,
2022-03-30,0.00255751396497923,0.0000000538835666739664,0.000000752503886616014,0.00230517127878736,0.00255751396497923,
2022-03-31,0.00269795727769627,0.0000000572531516466353,0.000000796080835768556,0.00241672376246503,0.00269795727769627,
2022-04-01,0.00268353558574099,0.0000000588982743918966,0.000000817705465969275,0.00242426908687496,0.00268353558574099,
2022-04-02,0.00274699670664382,0.0000000593940915271972,0.00000079703493283182,0.00248687848345482,0.00274699670664382,
2022-04-03,0.00274476510525725,0.0000000597468706647393,0.000000795131080928588,0.00248529366113775,0.00274476510525725,
2022-04-04,0.00265774579322384,0.0000000572289980407156,0.000000754712828755114,0.00240736515163633,0.00265774579322384,
2022-04-05,0.00265994094573094,0.0000000570032082725808,0.000000754506296109537,0.00242346668557936,0.00265994094573094,
2022-04-06,0.00269006179482809,0.0000000588724691012714,0.000000785338131316871,0.00246666813106617,0.00269006179482809,
2022-04-07,0.00249037322400031,0.0000000575078359438759,0.000000782225268906907,0.00228686731675642,0.00249037322400031,
2022-04-08,0.00246729320054271,0.0000000566294964158371,0.000000761936167782539,0.00226932004163377,0.00246729320054271,
2022-04-09,0.00240609173017793,0.0000000569865899152613,0.000000755263178638785,0.00221324920434028,0.00240609173017793,
2022-04-10,0.00246779973986239,0.000000057819639751845,0.000000757467066283525,0.0022715309804396,0.00246779973986239,
2022-04-11,0.00243307590981422,0.0000000575678883535136,0.000000756052293396689,0.00223613588931483,0.00243307590981422,
2022-04-12,0.00235871331173948,0.0000000596477799311784,0.000000790109656078528,0.00216891003610992,0.00235871331173948,
2022-04-13,0.00328954282168077,0.0000000820409196609405,0.00000108639091707088,0.00303986924160174,0.00328954282168077,
2022-04-14,0.00287852445524556,0.0000000699473078690499,0.000000923036144806861,0.00264381824619528,0.00287852445524556,
2022-04-15,0.00273567040067271,0.0000000685348326750992,0.000000905915010764352,0.0025302333783979,0.00273567040067271,
2022-04-16,0.00270056886132142,0.0000000666357426194101,0.000000888541649198908,0.00250194659039947,0.00270056886132142,
2022-04-17,0.00268347909221159,0.0000000663577256074793,0.000000875336174997588,0.00248569729694905,0.00268347909221159,
2022-04-18,0.0026313511395986,0.000000066272899027354,0.00000087813366639486,0.00243420999442161,0.0026313511395986,
2022-04-19,0.00261735875833282,0.0000000641212803471756,0.000000855835695865398,0.00242996437163262,0.00261735875833282,
2022-04-20,0.00261994887626972,0.0000000631470259394077,0.000000843952180011689,0.00242935097757355,0.00261994887626972,
2022-04-21,0.00274907762733305,0.0000000664098277728346,0.000000892981856233254,0.00253442435803799,0.00274907762733305,
2022-04-22,0.00299033550604678,0.0000000739130150404033,0.00000100202213734837,0.00276024882527013,0.00299033550604678,
2022-04-23,0.0032438179668808,0.0000000816301809287492,0.00000109442882644625,0.003006382757616,0.0032438179668808,
2022-04-24,0.00288016610247528,0.0000000727637058335239,0.000000979177264757452,0.00267267130394202,0.00288016610247528,
2022-04-25,0.00281370295763235,0.0000000712119910039614,0.000000962222033898305,0.00260447455339551,0.00281370295763235,
2022-04-26,0.00276138119241601,0.0000000682264753623469,0.000000916727703097604,0.0025773372171752,0.00276138119241601,
2022-04-27,0.00272572042486653,0.0000000715923273915278,0.000000972991174751607,0.00256227627642484,0.00272572042486653,
2022-04-28,0.00271233846425877,0.0000000691596022960887,0.000000939550936151237,0.0025688422740405,0.00271233846425877,
2022-04-29,0.0027073204503201,0.0000000681121357167554,0.000000922709119599376,0.0025780660686479,0.0027073204503201,
2022-04-30,0.00252747120893993,0.000000065462407496828,0.000000897658310937222,0.0023978689745532,0.00252747120893993,
2022-05-01,0.00247639450951432,0.0000000656623077075012,0.000000907193122722051,0.00235151821467611,0.00247639450951432,
2022-05-02,0.0024843580382304,0.00000006459719119103,0.000000878146980152879,0.00235672854502293,0.0024843580382304,
2022-05-03,0.00246880488253583,0.0000000640149576512198,0.000000862757606047761,0.00234927497692599,0.00246880488253583,
2022-05-04,0.00259239996874407,0.0000000687558906463174,0.000000932208243124213,0.00246515329525113,0.00259239996874407,
2022-05-05,0.00266477587093297,0.0000000672212756121505,0.000000907384675467983,0.00251103382914433,0.00266477587093297,
2022-05-06,0.00247572893540103,0.0000000678244279662365,0.000000901367921841286,0.00235103289651599,0.00247572893540103,
2022-05-07,0.00223465287329409,0.0000000619996365638354,0.000000828421967990331,0.00211964171308179,0.00223465287329409,
2022-05-08,0.00200761220725056,0.0000000565385830525316,0.000000761459771962835,0.00190483102525543,0.00200761220725056,
2022-05-09,0.00179289988570419,0.0000000526411461831613,0.000000711570770013783,0.00170274326802458,0.00179289988570419,
2022-05-10,0.00153603716108552,0.000000050431449991672,0.000000680279353060631,0.00145483629406137,0.00153603716108552,
2022-05-11,0.0015093371757091,0.0000000487028515982329,0.000000644209964932788,0.00143356255219941,0.0015093371757091,
2022-05-12,0.00109784219944661,0.0000000381240787307506,0.000000530800827830085,0.00104351121765788,0.00109784219944661,
2022-05-13,0.000813394513370902,0.000000028018418986491,0.000000415324913563334,0.000782810610492202,0.000813394513370902,
2022-05-14,0.000971996418780801,0.0000000331898718505229,0.000000482128696531232,0.000935211569573422,0.000971996418780801,
2022-05-15,0.000972981937399641,0.0000000323766810007927,0.000000473910610236605,0.000935838063422584,0.000972981937399641,
2022-05-16,0.00110515968488584,0.0000000354415261040847,0.000000516679887551788,0.00106244129879305,0.00110515968488584,
2022-05-17,0.0010634059970262,0.0000000355777779952528,0.000000525756829505829,0.00101915336186682,0.0010634059970262,
2022-05-18,0.00113765082438823,0.0000000373757657124934,0.000000543581294276032,0.00107847982261446,0.00113765082438823,
2022-05-19,0.00118804817535644,0.0000000412929363298066,0.000000618450428200678,0.00113370173875194,0.00118804817535644,
2022-05-20,0.00125313351691797,0.0000000414151057362654,0.000000621479248062585,0.00118398842521884,0.00125313351691797,
2022-05-21,0.00115750192852289,0.0000000396075891431173,0.00000058995096815106,0.00109653170582934,0.00115750192852289,
2022-05-22,0.00112646951250872,0.000000038289140551081,0.000000570718447123601,0.00106683032833653,0.00112646951250872,
2022-05-23,0.00114827225911423,0.0000000378569492901037,0.000000561621915868909,0.00108616427247175,0.00114827225911423,
2022-05-24,0.00116351438034607,0.000000039999460904948,0.000000590430473554872,0.00108934515543789,0.00116351438034607,
2022-05-25,0.00109897844553237,0.0000000370729378504152,0.000000555655766618811,0.00102404107747012,0.00109897844553237,
2022-05-26,0.00107878368206985,0.0000000364734152669937,0.000000554836159771717,0.00100940335163104,0.00107878368206985,
2022-05-27,0.000928391188528306,0.00000003165061382961,0.000000513581145760201,0.00086645810956794,0.000928391188528306,
2022-05-28,0.000905364839181739,0.0000000316427908572325,0.000000525984044424668,0.000843934037116078,0.000905364839181739,
2022-05-29,0.000899291873976931,0.0000000309614651186904,0.000000501373057430731,0.000838424580377009,0.000899291873976931,
2022-05-30,0.000913400634605191,0.0000000310363062766028,0.000000504346551740339,0.000851590476800743,0.000913400634605191,
2022-05-31,0.000944365523223101,0.0000000297569593874801,0.000000473010695993864,0.000876602537573154,0.000944365523223101,
2022-06-01,0.00105151877530876,0.000000033033999781837,0.000000539983349265609,0.000979577406370131,0.00105151877530876,
2022-06-02,0.000978070733184818,0.0000000327926401285864,0.000000535155873579751,0.000918155625108916,0.000978070733184818,
2022-06-03,0.00105669336943324,0.0000000346408367984232,0.000000575732656075778,0.000983481613046545,0.00105669336943324,
2022-06-04,0.00102313070498976,0.0000000344921974826098,0.000000576953023498464,0.000955177581505818,0.00102313070498976,
2022-06-05,0.00105528233539241,0.0000000354211833699813,0.000000586578098173183,0.000985248856001975,0.00105528233539241,
2022-06-06,0.00104044348642537,0.0000000347795170026575,0.000000576203020032226,0.00097055571843101,0.00104044348642537,
2022-06-07,0.00106401858202643,0.0000000339576673799125,0.000000572960230159182,0.000995750982285417,0.00106401858202643,
2022-06-08,0.0010220705471958,0.0000000327849072658992,0.000000563883141670049,0.000954925289493956,0.0010220705471958,
2022-06-09,0.00106423840025851,0.0000000352064986057352,0.000000593055149120175,0.000993320967300817,0.00106423840025851,
2022-06-10,0.00104969063308446,0.0000000349146381392212,0.000000587343907936486,0.000988582614982327,0.00104969063308446,
2022-06-11,0.000995443941384358,0.0000000342425264307915,0.000000598762157387344,0.000946873519208974,0.000995443941384358,
2022-06-12,0.000928404305757159,0.0000000327354882664787,0.000000606998206100319,0.000883578196431425,0.000928404305757159,
2022-06-13,0.000823137722562541,0.0000000306794264358177,0.000000567925556272224,0.000784112470591187,0.000823137722562541,
2022-06-14,0.000730216220586257,0.0000000327212676962924,0.000000612513300905561,0.000701461054986259,0.000730216220586257,
2022-06-15,0.000823195811383381,0.0000000372944682341943,0.000000682841449250079,0.000788994527734987,0.000823195811383381,
2022-06-16,0.00101428007823549,0.0000000450374979209504,0.000000825608537821344,0.000970365660056245,0.00101428007823549,
2022-06-17,0.00119223658458568,0.0000000587014374851435,0.00000112257378864346,0.00113080806096652,0.00119223658458568,
2022-06-18,0.00117660160786525,0.0000000574935589976915,0.00000108241774665335,0.00112160431293282,0.00117660160786525,
2022-06-19,0.000995401776941848,0.0000000523513582830246,0.00000100263064633441,0.000948847264437562,0.000995401776941848,
2022-06-20,0.00119357237128569,0.000000058244933594883,0.00000106154873486981,0.00113848763248423,0.00119357237128569,
2022-06-21,0.00137429525070922,0.000000066805367513509,0.0000012244428440991,0.00130718775260076,0.00137429525070922,
2022-06-22,0.00137749612924273,0.000000066582809333917,0.00000122465812908061,0.00130838023826399,0.00137749612924273,
2022-06-23,0.00138200848460232,0.0000000690894792906359,0.00000131309034353916,0.00130870583789712,0.00138200848460232,
2022-06-24,0.00186754090973958,0.000000088521202390222,0.00000163139858866549,0.00177428550772118,0.00186754090973958,
2022-06-25,0.00210466286069832,0.0000000988147449836503,0.00000170567146207171,0.00199510958094935,0.00210466286069832,
2022-06-26,0.00215259070312451,0.000000100268133754857,0.00000173251826486236,0.00204133274196738,0.00215259070312451,
2022-06-27,0.00256860905709175,0.000000121927909750677,0.00000213300533036194,0.00243252024026277,0.00256860905709175,
2022-06-28,0.00273603360869765,0.000000131850358659843,0.0000022897560943405,0.00258573687923564,0.00273603360869765,
2022-06-29,0.0029298620814401,0.000000144590155640636,0.00000256375408372663,0.00278404774959975,0.0029298620814401,
2022-06-30,0.00273845745140294,0.000000136370924301331,0.00000249899169225705,0.00262033465382232,0.00273845745140294,
2022-07-01,0.00229580738640537,0.000000118751245080527,0.00000220424513378058,0.00218902492405003,0.00229580738640537,
2022-07-02,0.00247308529723246,0.000000127861792908337,0.00000231974338626252,0.00237132115102862,0.00247308529723246,
2022-07-03,0.00252503631859012,0.00000013129463469113,0.00000236755249729293,0.00242214536487361,0.00252503631859012,
2022-07-04,0.00270239748378501,0.000000140191187613413,0.00000251689647789954,0.00259012861048627,0.00270239748378501,
2022-07-05,0.00271330712312873,0.000000134147487566213,0.00000235906454194682,0.00260007921241177,0.00271330712312873,
2022-07-06,0.00272300116735587,0.000000134846478622216,0.00000240005669576131,0.00265147269947856,0.00272300116735587,
2022-07-07,0.00252024729834705,0.000000122575090852666,0.00000211781955667205,0.00247610505277159,0.00252024729834705,
2022-07-08,0.00254166573710053,0.000000117390260675026,0.00000205230392644668,0.00249974718122781,0.00254166573710053,
2022-07-09,0.00242180183170611,0.000000111021612980363,0.00000196690858528598,0.002379166486191,0.00242180183170611,
2022-07-10,0.00253077627714006,0.000000117246271859507,0.0000020798195662248,0.00248610260944546,0.00253077627714006,
2022-07-11,0.00284936312727645,0.000000136782954825394,0.00000244160906561056,0.00280210832073192,0.00284936312727645,
2022-07-12,0.0027943855779922,0.000000139919857720134,0.00000254837044940449,0.00278176481276399,0.0027943855779922,
2022-07-13,0.00273350750217505,0.000000141345768103749,0.00000262759155557425,0.00272567695704465,0.00273350750217505,
2022-07-14,0.00270831870050883,0.000000134371013360906,0.00000244010833824699,0.00269836370075841,0.00270831870050883,
2022-07-15,0.00260510316644999,0.000000126751129501635,0.00000218773357813772,0.00259869152269092,0.00260510316644999,
2022-07-16,0.00259352527923074,0.000000124498838454932,0.00000209926165817504,0.00257128256432812,0.00259352527923074,
2022-07-17,0.00272518963871755,0.000000128567851448809,0.00000201480185570278,0.00270360020117616,0.00272518963871755,
2022-07-18,0.0026594468026018,0.000000127686817064346,0.00000197684482944026,0.0026341051872521,0.0026594468026018,
2022-07-19,0.00275993783157688,0.000000123732364805197,0.0000017595833703815,0.00272071272054256,0.00275993783157688,
2022-07-20,0.00290871833776343,0.000000124457366617434,0.00000188183244998174,0.00284243626635213,0.00290871833776343,
2022-07-21,0.00373598323274341,0.000000160473929657118,0.00000245276312427881,0.00367062132191009,0.00373598323274341,
2022-07-22,0.00303507105055488,0.000000131090937869859,0.00000192274873559683,0.00296788005639229,0.00303507105055488,
2022-07-23,0.0028374735988977,0.000000124965346488158,0.00000184660780910481,0.00278127214882054,0.0028374735988977,
2022-07-24,0.00257202495279746,0.000000114391230239914,0.00000165889058555171,0.00252073481309093,0.00257202495279746,
2022-07-25,0.00293156038251926,0.000000129409534275805,0.00000182842573853134,0.00287332072695254,0.00293156038251926,
2022-07-26,0.00255304631544122,0.00000011869044209266,0.00000174664853746062,0.00250143425056377,0.00255304631544122,
2022-07-27,0.00237480354833215,0.000000112116030489838,0.00000165930175679806,0.00234361764456455,0.00237480354833215,
2022-07-28,0.00230392104271648,0.000000100614869450231,0.00000141142050347582,0.00225779132173594,0.00230392104271648,
2022-07-29,0.0022849285184823,0.0000000958501191835338,0.00000132489473024077,0.00224101233461294,0.0022849285184823,
2022-07-30,0.00227623200957987,0.0000000950380645222403,0.00000130362684047021,0.00222613880496618,0.00227623200957987,
2022-07-31,0.00234272515591623,0.0000000991695390518175,0.00000138385544071344,0.00229334582552752,0.00234272515591623,
2022-08-01,0.00250629601799002,0.000000107307652736096,0.00000148945574541778,0.0024556913470173,0.00250629601799002,
2022-08-02,0.00243056615667637,0.000000104175562062134,0.00000148582197384153,0.00236918136050856,0.00243056615667637,
2022-08-03,0.00227443264148095,0.0000000987534403749907,0.00000138638229428943,0.00223980794257431,0.00227443264148095,
2022-08-04,0.00224758878506879,0.0000000985363292951395,0.00000139064144397695,0.00221269442749267,0.00224758878506879,
2022-08-05,0.0021916370308079,0.0000000968536710021176,0.00000136384792150713,0.00213977016728389,0.0021916370308079,
2022-08-06,0.00220929405883469,0.0000000950276040646588,0.0000012802840777672,0.00216975820037739,0.00220929405883469,
2022-08-07,0.00219997657133034,0.000000095666648924537,0.0000012975124293467,0.00216034347427066,0.00219997657133034,
2022-08-08,0.00230580845619586,0.0000000995872189722356,0.00000135836897771538,0.00226659646849314,0.00230580845619586,
2022-08-09,0.00221854847699514,0.0000000932020269562046,0.00000124913881539163,0.00217538321649868,0.00221854847699514,
2022-08-10,0.00214698778417055,0.0000000925972901422654,0.00000125997508818437,0.00210425359697422,0.00214698778417055,
2022-08-11,0.00214449161635512,0.0000000896411977538099,0.00000115866484822992,0.00208208442795579,0.00214449161635512,
2022-08-12,0.00220147282643886,0.0000000919792948260927,0.00000117217266183036,0.00213503533679877,0.00220147282643886,
2022-08-13,0.00219988818242361,0.0000000901729928197014,0.00000112538996806542,0.00214334578994004,0.00219988818242361,
2022-08-14,0.00217954557631038,0.0000000892297435526553,0.00000110009301290769,0.00212538759359332,0.00217954557631038,
2022-08-15,0.00210111334427481,0.0000000864150644512639,0.00000108509531482934,0.00204871878428004,0.00210111334427481,
2022-08-16,0.0020982434973434,0.0000000871220522814862,0.00000110332473522057,0.00206524607687419,0.0020982434973434,
2022-08-17,0.0020156186577612,0.0000000844456790237942,0.00000107407102930344,0.00198123531416749,0.0020156186577612,
2022-08-18,0.00194836651004391,0.0000000834906315380304,0.00000106281843179742,0.00191494081498431,0.00194836651004391,
2022-08-19,0.00195241160560133,0.0000000840789484299533,0.00000105581380752798,0.00193438745933527,0.00195241160560133,
2022-08-20,0.00172394754438416,0.0000000824588326324707,0.0000010668977838056,0.00171699371439423,0.00172394754438416,
2022-08-21,0.00170837245520673,0.0000000807868890464903,0.00000108410605677313,0.00170247610069709,0.00170837245520673,
2022-08-22,0.00178914928482523,0.0000000830077759396337,0.00000110343382070378,0.00178402924810519,0.00178914928482523,
2022-08-23,0.00172437261187275,0.0000000809523406022492,0.00000107241128020439,0.00173432899938908,0.00172437261187275,
2022-08-24,0.00174563905621168,0.0000000810623832823399,0.00000104913606887597,0.00175147216077042,0.00174563905621168,
2022-08-25,0.00173864478826163,0.00000008115038476869,0.00000104816859794871,0.00174346089660499,0.00173864478826163,
2022-08-26,0.00175062591554537,0.0000000810931500902055,0.00000103275797702414,0.00175552504141621,0.00175062591554537,
2022-08-27,0.001576468244635,0.0000000778650277714903,0.00000104484104345854,0.00158351533993397,0.001576468244635,
2022-08-28,0.00161320840854476,0.0000000804833933862861,0.00000108061415154374,0.00162064311943087,0.00161320840854476,
2022-08-29,0.00159752879686767,0.000000081201893400602,0.00000110868787249324,0.00160811060038243,0.00159752879686767,
2022-08-30,0.00161126325437215,0.0000000794862810567694,0.00000103933555745848,0.00161133825834404,0.00161126325437215,
2022-08-31,0.00155288730494435,0.000000078327920450658,0.00000101523250770602,0.00154980452972537,0.00155288730494435,
2022-09-01,0.00151292856073351,0.0000000755532270643132,0.000000974995212008164,0.0015067329547092,0.00151292856073351,
2022-09-02,0.00148990475125783,0.0000000741044750057518,0.000000939203538780516,0.00149649184734475,0.00148990475125783,
2022-09-03,0.00154017758120392,0.0000000772063081466435,0.000000976900576274288,0.00154759377628406,0.00154017758120392,
2022-09-04,0.00166597189465957,0.0000000841237083734891,0.00000107132574098943,0.00167363761561001,0.00166597189465957,
2022-09-05,0.00156508463218791,0.0000000784035437465534,0.00000099305505067357,0.00157850147845479,0.00156508463218791,
2022-09-06,0.00155591308848909,0.0000000785902141090036,0.000000964571757133478,0.00156383001522436,0.00155591308848909,
2022-09-07,0.00160085353818354,0.0000000849432638780124,0.00000102245526260904,0.0016182042300524,0.00160085353818354,
2022-09-08,0.0015441381788866,0.0000000800365736963565,0.000000945070277450364,0.00154474671560526,0.0015441381788866,
2022-09-09,0.00146332798656336,0.0000000757450452766334,0.000000895240625001018,0.00146229844371836,0.00146332798656336,
2022-09-10,0.00156038698244079,0.0000000730404941172898,0.000000908564150143207,0.00155145365291502,0.00156038698244079,
2022-09-11,0.00153042986493239,0.0000000704773202141017,0.000000859888095100289,0.00152096160593678,0.00153042986493239,
2022-09-12,0.00156744226356353,0.0000000721234441145264,0.000000891335024811004,0.0015558256654593,0.00156744226356353,
2022-09-13,0.00163241430919927,0.0000000729889849616879,0.000000954142230871336,0.00161174445223701,0.00163241430919927,
2022-09-14,0.0014985734172162,0.0000000743154120518012,0.000000952053601131872,0.0015021661468805,0.0014985734172162,
2022-09-15,0.00158440307083188,0.0000000782561703918306,0.000000969789759540763,0.00158692361944374,0.00158440307083188,
2022-09-16,0.00213616254049916,0.000000108451878649468,0.00000145064995553471,0.00213729051258382,0.00213616254049916,
2022-09-17,0.00164322205986609,0.0000000832366131904352,0.00000114905479710073,0.00164116533579314,0.00164322205986609,
2022-09-18,0.00165106434317175,0.0000000820579875781656,0.00000112365444445576,0.00164942335860355,0.00165106434317175,
2022-09-19,0.0015429669927068,0.0000000794234328255872,0.00000115331114495172,0.0015401274356247,0.0015429669927068,
2022-09-20,0.00155187026953708,0.0000000793471775149789,0.00000112499917846375,0.00154821251260062,0.00155187026953708,
2022-09-21,0.00152679204076026,0.0000000808984314344295,0.00000115368131414903,0.00153144855952208,0.00152679204076026,
2022-09-22,0.00151817480230664,0.0000000820335240170249,0.00000121538504603636,0.00154233038873714,0.00151817480230664,
2022-09-23,0.00165605830050083,0.0000000852999005274927,0.00000124640370910866,0.00168208074454201,0.00165605830050083,
2022-09-24,0.00162702421393854,0.0000000841845911943167,0.00000122244867299893,0.0016778823088404,0.00162702421393854,
2022-09-25,0.00155837652503154,0.0000000823458730141309,0.00000118327040405972,0.00160673921169386,0.00155837652503154,
2022-09-26,0.00155208638078771,0.0000000825878510315828,0.00000119893980701647,0.0016015891812744,0.00155208638078771,
2022-09-27,0.00154034751711922,0.000000080221704611333,0.00000115434866124258,0.0016012856583648,0.00154034751711922,
2022-09-28,0.00158324190168936,0.0000000828630102110538,0.00000118993796495584,0.00165073815753894,0.00158324190168936,
2022-09-29,0.00155770689986333,0.000000080067433939276,0.0000011632171959095,0.00160319838992903,0.00155770689986333,
2022-09-30,0.00153766476073675,0.0000000786896920754917,0.00000115298131473994,0.00156474144325483,0.00153766476073675,
2022-10-01,0.00153371553541388,0.0000000789143386389027,0.00000115571040428719,0.00156505303667585,0.00153371553541388,0.001532
2022-10-02,0.00157157239193732,0.0000000813786066872473,0.0000011985550522576,0.00160399124984266,0.00157157239193732,0.00156
2022-10-03,0.00154855300115239,0.0000000814372419623378,0.00000121307375755928,0.00158066659514806,0.00154855300115239,0.001551
2022-10-04,0.00154500122796342,0.0000000786923642212127,0.00000116655812580296,0.00157125150826415,0.00154500122796342,0.001543
2022-10-05,0.00158000370012558,0.0000000776797409538136,0.00000115934307620573,0.00158301972532337,0.00158000370012558,0.00158
2022-10-06,0.00157816130453824,0.0000000783008433661539,0.0000011667981927059,0.00159377389446657,0.00157816130453824,0.001575
2022-10-07,0.00158230102260843,0.0000000793111567065247,0.00000117090068686388,0.00161589412418356,0.00158230102260843,0.001577
2022-10-08,0.00154470018093357,0.0000000790566970142106,0.00000115921408073066,0.00158620314568395,0.00154470018093357,0.001545
2022-10-09,0.00152485065342321,0.0000000785350605029186,0.00000115917753110791,0.00156600359086014,0.00152485065342321,0.001521
2022-10-10,0.0015245471097063,0.0000000784701616619925,0.00000115414271636048,0.00156640917283193,0.0015245471097063,0.001526
2022-10-11,0.00150707874581324,0.0000000786805335916597,0.00000116642515708459,0.00155224302009888,0.00150707874581324,0.001507
2022-10-12,0.00149427098102797,0.0000000784835780919249,0.00000116872927518896,0.00153980388117361,0.00149427098102797,0.001495
2022-10-13,0.00165974329575023,0.0000000866393985353471,0.00000128201739612269,0.00170997517231378,0.00165974329575023,0.001688
2022-10-14,0.00149938624244041,0.0000000773364506389651,0.00000116393810268324,0.00153467966157979,0.00149938624244041,0.001502
2022-10-15,0.00148959823283591,0.0000000776734796594116,0.00000114820986082755,0.00153219516311892,0.00148959823283591,0.001489
2022-10-16,0.0014842205044011,0.0000000778306365439944,0.00000116409726191324,0.00152778286518343,0.0014842205044011,0.001484
2022-10-17,0.00148651743694984,0.0000000771745793254992,0.00000113856186178625,0.00152601989332805,0.00148651743694984,0.001494
2022-10-18,0.00147549811228682,0.0000000754459511562388,0.00000110742413066628,0.00149911119492699,0.00147549811228682,0.001474
2022-10-19,0.00146920395915094,0.0000000759615842343483,0.00000112041833641695,0.00148966391394166,0.00146920395915094,0.001471
2022-10-20,0.00139428837363657,0.0000000728767049768068,0.00000108533270894004,0.00142801965258311,0.00139428837363657,0.001393
2022-10-21,0.0013722341355738,0.0000000720962026834435,0.00000107046214542998,0.00140372264723973,0.0013722341355738,0.001371
2022-10-22,0.00136550849429144,0.0000000712134185095239,0.00000105049192262605,0.00138517292777374,0.00136550849429144,0.001364
2022-10-23,0.00135965317200441,0.0000000707871443601634,0.00000103450249656847,0.00137864832152814,0.00135965317200441,0.001361
2022-10-24,0.00135260369394544,0.0000000691323889075707,0.000000991746481113524,0.00137223799260227,0.00135260369394544,0.001355
2022-10-25,0.0013202694772423,0.0000000682611066020812,0.00000098193930190923,0.00133527751385987,0.0013202694772423,0.001322
2022-10-26,0.00131781652145819,0.0000000655794511612108,0.000000901817044664498,0.0013225443655783,0.00131781652145819,0.0013172357
2022-10-27,0.0013340071495327,0.0000000641441156049871,0.00000084900499009327,0.00132227438328061,0.0013340071495327,0.0013383888
2022-10-28,0.00136048763352078,0.0000000670846097201005,0.000000898140330931937,0.00136452727566885,0.00136048763352078,0.00135978752
2022-10-29,0.00138990163400191,0.000000067455844786892,0.000000893271570052115,0.00139486334454255,0.00138990163400191,0.0013933337599999999
2022-10-30,0.00137787406619221,0.0000000662315273317341,0.000000851120111437279,0.00138200094125815,0.00137787406619221,0.0013788753
2022-10-31,0.00148862447575723,0.0000000722047772895169,0.000000936530100907226,0.00149505917816692,0.00148862447575723,0.00149345133
2022-11-01,0.0014550228225448,0.0000000710083887019377,0.000000926056032462198,0.00147155688664114,0.0014550228225448,0.0014518789999999999
2022-11-02,0.00142009054530061,0.00000006932693153707,0.000000898645911229153,0.00143808520005775,0.00142009054530061,0.0014165154900000001
2022-11-03,0.00142710609796679,0.0000000708301540093039,0.000000939146675291129,0.00145395235694695,0.00142710609796679,0.0014140679699999998
