time,AdrActCnt,BlkCnt,BlkSizeByte,BlkSizeMeanByte,CapMrktCurUSD,FeeMeanNtv,FeeMeanUSD,FeeMedNtv,FeeMedUSD,FeeTotNtv,FeeTotUSD,IssContNtv,IssContPctAnn,IssContUSD,IssTotNtv,IssTotUSD,NVTAdj,NVTAdj90,PriceBTC,PriceUSD,ROI1yr,ROI30d,SplyCur,TxCnt,TxTfrCnt,TxTfrValAdjNtv,TxTfrValAdjUSD,TxTfrValMeanNtv,TxTfrValMeanUSD,TxTfrValMedNtv,TxTfrValMedUSD,TxTfrValNtv,TxTfrValUSD,VtyDayRet180d,VtyDayRet30d,VtyDayRet60d
2016-11-21,70.0,1481.0,335518.0,226.548278190412,28068337.8529795,0.01363125,0.00382606530358426809375,0.001,0.000280683378529795,1.0905,0.3060852242867414475,0.0,0.0,0.0,0.0,0.0,381.15367593,,0.00038110076978905357,0.280683378529795,,,100000000.0,80.0,79.0,262361.36843129,73640.47528699477928567528555,3327.62950906595,934.01029310007394653469498025,1100.15123645,308.79416594051735241502775,262882.73121621,73786.81315490582774207197695,,,
2016-11-22,71.0,1459.0,332770.0,228.080877313228,27300793.6931327,0.00101030927835052,0.00027582245174505325900507474004,0.001,0.000273007936931327,0.098,0.026754777819270046,0.0,0.0,0.0,0.0,0.0,277.18365378,,0.00036498500593433567,0.273007936931327,,,100000000.0,97.0,97.0,360771.63511317,98493.51980558803273216327659,3750.22303209454,1023.84065302447608808095165458,600.999,164.077497087790595673,363771.63411317,99312.54334337407680083627659,,,
2016-11-23,27.0,1489.0,328830.0,220.839489590329,26171940.6677791,0.001,0.000261719406677791,0.001,0.000261719406677791,0.028,0.007328143386978148,0.0,0.0,0.0,0.0,0.0,1302.11451023,,0.0003530830694749313,0.261719406677791,,,100000000.0,28.0,28.0,76798.16115582,20099.56917164658629088439362,2767.79143413643,724.38473195005870649534502613,432.5005,113.1937742478479463955,77498.16015582,20282.77249460163331309339362,,,
2016-11-24,83.0,1490.0,343846.0,230.769127516779,22051476.0140269,0.00100793650793651,0.00022226487728423984391934632119,0.001,0.000220514760140269,0.127,0.028005374537814163,0.0,0.0,0.0,0.0,0.0,85.52601331,,0.0002990618729432176,0.220514760140269,,,100000000.0,126.0,126.0,1169234.90450415,257833.55451436296707389261635,9279.64209923929,2046.29805170129433453859596901,962.691700945,212.287729522914250399854205,1169234.90450415,257833.55451436296707389261635,,,
2016-11-25,54.0,1482.0,335916.0,226.663967611336,22088556.3273396,0.00105294117647059,0.00023257950485845853097452342364,0.001,0.000220885563273396,0.0895,0.019769257912968942,0.0,0.0,0.0,0.0,0.0,206.09404449,,0.00029862103935706296,0.220885563273396,,,100000000.0,85.0,85.0,485215.37946162,107177.07240129451447534906152,5708.41622896024,1260.90673413287768034793377504,285.0,62.95238553291786,485215.37946162,107177.07240129451447534906152,,,
2016-11-26,76.0,1466.0,337104.0,229.948158253752,21189280.8012712,0.001,0.000211892808012712,0.001,0.000211892808012712,0.116,0.024579565729474592,0.0,0.0,0.0,0.0,0.0,211.61446519,,0.0002884257321314557,0.211892808012712,,,100000000.0,116.0,116.0,472557.48754611,100131.53298357742815856615032,4073.77144436302,863.20287054808186176090271024,906.281039375,192.034434281847959572535,472557.48754611,100131.53298357742815856615032,,,
2016-11-27,59.0,1481.0,334641.0,225.956110735989,21239117.4032496,0.001,0.000212391174032496,0.001,0.000212391174032496,0.078,0.016566511574534688,0.0,0.0,0.0,0.0,0.0,130.72644387,,0.00029184990295309083,0.212391174032496,,,100000000.0,78.0,78.0,764956.17140132,162469.93932732959569553729472,9807.13040258103,2082.94794009397010139149315088,999.9985,212.390855445734951256,764956.17140132,162469.93932732959569553729472,,,
2016-11-28,199.0,1458.0,358010.0,245.548696844993,25552886.9313267,0.00101315789473684,0.00025889109127791471204448565628,0.001,0.000255528869313267,0.2695,0.0688650302799254565,0.0,0.0,0.0,0.0,0.0,71.81196146,,0.0003499999999999997,0.255528869313267,,,100000000.0,266.0,266.0,1392525.67346977,355830.51083142597394098443859,5235.05892281868,1337.70868733618679604755942756,747.5,191.0078298116670825,1392525.67346977,355830.51083142597394098443859,,,
2016-11-29,67.0,1483.0,346542.0,233.676331759946,30363327.0819696,0.0269837662337662,0.0081931692005925009682272190752,0.001,0.000303633270819696,4.1555,1.261748056891246728,0.0,0.0,0.0,0.0,0.0,223.77900134,,0.00041499999999999995,0.303633270819696,,,100000000.0,154.0,149.0,446869.45335684,135684.43375214690950558832064,2999.12384803248,910.63378357145479034643172608,529.49114197,160.77112730640711300824112,446869.45335684,135684.43375214690950558832064,,,
2016-11-30,57.0,1480.0,337932.0,228.332432432432,23862521.2635885,0.010980198019802,0.00262015208725937566584579477,0.001,0.000238625212635885,1.109,0.264635360813196465,0.0,0.0,0.0,0.0,0.0,325.66197684,,0.00032150873282030924,0.238625212635885,,,100000000.0,101.0,98.0,307066.85800287,73273.89428436795935959498995,3133.33528574357,747.69279882008087706189000945,529.684565965,126.396092183344579808654025,307066.85800287,73273.89428436795935959498995,,,
2016-12-01,49.0,1499.0,337050.0,224.849899933289,31125974.7445003,0.00102941176470588,0.00032041444589926706174177071764,0.001,0.000311259747445003,0.07,0.02178818232115021,0.0,0.0,0.0,0.0,0.0,514.33559443,,0.00041298939804051884,0.311259747445003,,,100000000.0,68.0,66.0,194425.58726867,60516.85919009261483780995601,3055.82707982833,951.15596510296701723735633499,999.9995,311.2595918151292774985,201684.58726867,62776.29369679589161480995601,,,
2016-12-02,63.0,1496.0,341528.0,228.294117647059,29347490.5437171,0.0108137254901961,0.0031735570656588260651450192331,0.001,0.000293474905437171,1.103,0.323702820697199613,0.0,0.0,0.0,0.0,0.0,253.27405964,,0.00037999999999999964,0.293474905437171,,,100000000.0,102.0,101.0,394829.22230644,115872.46868021424583312868124,3909.20022085584,1147.25216515063563244696842864,503.0,147.617877434897013,394829.22230644,115872.46868021424583312868124,,,
2016-12-03,36.0,1497.0,333292.0,222.639946559786,29134852.1147867,0.00105434782608696,0.00030718267990590426338616051432,0.001,0.000291348521147867,0.0485,0.0141304032756715495,0.0,0.0,0.0,0.0,0.0,701.72667897,,0.00038029570572563424,0.291348521147867,,,100000000.0,46.0,46.0,142505.62647446,41518.80352858424474355897682,3097.9484016187,902.5826854040065872448523129,733.9985,213.8493774997526561995,142505.62647446,41518.80352858424474355897682,,,
2016-12-04,46.0,1486.0,335756.0,225.946164199192,29134852.1147867,0.00102564102564103,0.00029881899604909562895509218301,0.001,0.000291348521147867,0.08,0.02330788169182936,0.0,0.0,0.0,0.0,0.0,382.82903171,,0.0003801618887071301,0.291348521147867,,,100000000.0,78.0,77.0,261213.20933599,76104.08224432889219567483333,3392.37934202584,988.36470447180258394997488328,150.0,43.70227817218005,261213.20933599,76104.08224432889219567483333,,,
2016-12-05,31.0,1464.0,328221.0,224.194672131148,27439416.8501344,0.001,0.000274394168501344,0.001,0.000274394168501344,0.059,0.016189255941579296,0.0,0.0,0.0,0.0,0.0,920.57469836,,0.00036456070222283825,0.274394168501344,,,100000000.0,59.0,55.0,108627.79541713,29806.83359961749276344562272,1975.050825766,541.942429083954413880829504,499.0,136.922690082170656,108627.79541713,29806.83359961749276344562272,,,
2016-12-06,53.0,1503.0,344034.0,228.898203592814,21782792.3213764,0.53047,0.11555117842720538908,1.0,0.217827923213764,53.047,11.555117842720538908,0.0,0.0,0.0,0.0,0.0,739.02954145,,0.0002869489548161089,0.217827923213764,,,100000000.0,100.0,38.0,135312.588186,29474.860069235677778992104,3560.85758384211,775.65421234830834178995480204,671.9945,146.379166346071732298,135312.588186,29474.860069235677778992104,,,
2016-12-07,103.0,1483.0,360746.0,243.254214430209,21782792.3213764,0.294889140271493,0.064235089003631658480034429652,0.001,0.000217827923213764,65.1705,14.195954669802606762,0.0,0.0,0.0,0.0,0.0,449.88121767,,0.000284746980149027,0.217827923213764,,,100000000.0,221.0,64.0,222280.89565176,48418.98586991826547258282464,3473.13899455875,756.546654217472898009106635,99.9985,21.782465579491579354,222280.89565176,48418.98586991826547258282464,,,
2016-12-08,47.0,1459.0,328039.0,224.838245373544,21782792.3213764,0.235140625,0.0512201940069364755625,0.001,0.000217827923213764,15.049,3.278092416443934436,0.0,0.0,0.0,0.0,0.0,812.63199048,,0.00028375601598146005,0.217827923213764,,,100000000.0,64.0,42.0,123056.93250068,26805.23604367946260671535952,2929.9269643019,638.2199058018909295507313516,809.086089375,176.2415425497020969341575,123056.93250068,26805.23604367946260671535952,,,
2016-12-09,33.0,1457.0,324366.0,222.625943719973,22985748.6380944,0.0918409090909091,0.0211103205105771544532498761904,0.001,0.000229857486380944,4.041,0.928854102465394704,0.0,0.0,0.0,0.0,0.0,1006.2583579,,0.0002977805353062688,0.229857486380944,,,100000000.0,44.0,37.0,99378.05655489,22842.79028113031078278601616,2685.89342040243,617.37271030081865123276329392,886.6887061,203.8120371865176070565584,99378.05655489,22842.79028113031078278601616,,,
2016-12-10,430.0,1487.0,605318.0,407.073301950235,26349892.6645237,0.00645529010238908,0.00170096201316314463392330281196,0.001,0.000263498926645237,9.457,2.491909349284006309,0.0,0.0,0.0,0.0,0.0,516.68848336,,0.00033979054864210036,0.263498926645237,,,100000000.0,1465.0,41.0,193540.21469412,50997.63883458934602370990644,4720.49304132,1243.84484962413039082219284,99.999,26.349629165597054763,193540.21469412,50997.63883458934602370990644,,,
2016-12-11,39.0,1471.0,329182.0,223.781101291638,23010831.2875512,0.0373272727272727,0.0085893157515168325606823761224,0.001,0.000230108312875512,2.053,0.472412366333426136,0.0,0.0,0.0,0.0,0.0,1200.10421456,,0.00029864952956240874,0.230108312875512,,,100000000.0,55.0,48.0,83326.09683956,19174.02756225268411891685472,1735.96035082417,399.45890754693168617181072504,229.999,52.924681853054884488,83326.09683956,19174.02756225268411891685472,,,
2016-12-12,70.0,1485.0,334863.0,225.49696969697,26469224.3682057,0.0150845070422535,0.0039927520138518683093187954495,0.001,0.000264692243682057,1.071,0.283485392983483047,0.0,0.0,0.0,0.0,0.0,286.32592797,,0.0003399999999999998,0.264692243682057,,,100000000.0,71.0,60.0,349252.33878518,92444.38516425519179354351526,5820.87231308633,1540.73975273758564758491298081,333.0,88.142517146124981,349252.33878518,92444.38516425519179354351526,,,
2016-12-13,63.0,1500.0,339921.0,226.614,26491432.9221414,0.0128928571428571,0.0034155026017475048608144619394,0.001,0.000264914329221414,1.083,0.286902218546791362,0.0,0.0,0.0,0.0,0.0,386.46272633,,0.00034009999999999954,0.264914329221414,,,100000000.0,84.0,78.0,258757.16643726,68548.48117796051274807948564,3317.39956970846,878.82668176872411485076896244,119.0005,31.524937634512876707,258757.16643726,68548.48117796051274807948564,,,
2016-12-14,55.0,1438.0,322626.0,224.357440890125,22625082.9006303,0.01765,0.00399332713196124795,0.001,0.000226250829006303,1.059,0.239599627917674877,0.0,0.0,0.0,0.0,0.0,489.53595912,,0.00029119861437847794,0.226250829006303,,,100000000.0,60.0,58.0,204275.0856965,46217.4074841667132636450395,3521.98423614655,796.85185317528776963038170465,999.9995,226.2507158808884968485,204275.0856965,46217.4074841667132636450395,,,
2016-12-15,105.0,1483.0,353791.0,238.564396493594,20788836.5813209,0.02098,0.00436149791476112482,0.001,0.000207888365813209,4.196,0.872299582952224964,0.0,0.0,0.0,0.0,0.0,138.95982592,,0.0002678363623269552,0.207888365813209,,,100000000.0,200.0,192.0,719632.45017399,149603.21405282633179989023391,3748.08567798953,779.18340652513688493063770177,734.499947895,152.693993857778709802745055,719632.45017399,149603.21405282633179989023391,,,
2016-12-16,52.0,1468.0,332654.0,226.603542234332,20829992.7071342,0.191948717948718,0.039982903950155554579483439556,0.001,0.000208299927071342,14.972,3.118666508112132424,0.0,0.0,0.0,0.0,0.0,799.33832181,,0.000266289799138536,0.208299927071342,,,100000000.0,78.0,53.0,125103.47279857,26059.04426031374866078558094,2360.44288299189,491.68008038327894475043741638,125.099,26.058112576697812858,125103.47279857,26059.04426031374866078558094,,,
2016-12-17,201.0,1488.0,375952.0,252.655913978495,23188348.438948,0.004375,0.001014490244203975,0.001,0.00023188348438948,1.295,0.3002891122843766,0.0,0.0,0.0,0.0,0.0,1475.84967918,,0.0002936710021357295,0.23188348438948,,,100000000.0,296.0,109.0,67757.57816692,15711.8633191379646937320016,621.629157494679,144.14553503796300224266357692,24.999,5.79685522625261052,67757.57816692,15711.8633191379646937320016,,,
2016-12-18,111.0,1471.0,352683.0,239.757307953773,31392307.7744968,0.00614948453608247,0.00193046511211209570403647551096,0.001,0.000313923077744968,1.193,0.374510231749746824,0.0,0.0,0.0,0.0,0.0,171.98458511,,0.00039705285642758673,0.313923077744968,,,100000000.0,194.0,121.0,581447.45900495,182529.7758778250128711495916,4805.35090086736,1508.51054444483626998407544448,4.998,1.568987542569350064,581447.45900495,182529.7758778250128711495916,,,
2016-12-19,442.0,1466.0,425937.0,290.543656207367,31574739.0981058,0.00272884283246978,0.00086162500474969338041133742724,0.001,0.000315747390981058,1.58,0.49888087775007164,0.0,0.0,0.0,0.0,0.0,382.89926668,,0.0003995391226702273,0.315747390981058,,,100000000.0,579.0,121.0,261165.29516103,82462.26056189315435178976974,2158.39086909942,681.50628563548014477073878636,54.72127122,17.27809861888185670055076,261165.29516103,82462.26056189315435178976974,,,
2016-12-20,117.0,1442.0,342778.0,237.71012482663,19862788.8582028,0.00102352941176471,0.00020330148596042947670307063188,0.001,0.000198627888582028,0.174,0.034561252613272872,0.0,0.0,0.0,0.0,0.0,326.79847022,,0.0002483539277225924,0.198627888582028,,,100000000.0,170.0,99.0,305998.98443012,60779.93218559959609645388336,3090.89883262747,613.93870894544952263986110916,16.998,3.376276850117311944,305998.98443012,60779.93218559959609645388336,,,
2016-12-21,177.0,1484.0,370812.0,249.873315363881,17269361.8137514,0.00103460207612457,0.00017866917585853568189045411898,0.001,0.000172693618137514,0.299,0.051635391823116686,0.0,0.0,0.0,0.0,0.0,55.41133112,,0.00020844540751056438,0.172693618137514,,-38.473870792750816,100000000.0,289.0,196.0,1804685.03423557,311657.58816076390539013017298,9207.57670528352,1590.08973551410148762571796928,331.66980647,57.27725890627335022691558,1804685.03423557,311657.58816076390539013017298,,0.1562554414508804,
2016-12-22,87.0,1461.0,338400.0,231.622176591376,25894343.4583378,0.00992682926829268,0.00257048726525450768114116707304,0.001,0.000258943434583378,1.221,0.316169933626304538,0.0,0.0,0.0,0.0,0.0,189.74784962,,0.0003016225999646066,0.258943434583378,,-5.151682586974331,100000000.0,123.0,87.0,527015.19516644,136467.12471402724568076743432,6057.64592145333,1568.58764039111690330082074874,333.3395,86.316075012305930831,527015.19516644,136467.12471402724568076743432,,0.17411423854781707,
2016-12-23,116.0,1471.0,349410.0,237.532290958532,19593036.1804793,0.00685057471264368,0.00134223558201904206148112515824,0.001,0.000195930361804793,1.192,0.233548991271313256,0.0,0.0,0.0,0.0,0.0,294.38357162,,0.00021400000000000054,0.195930361804793,,-25.137243625954124,100000000.0,174.0,107.0,339692.86889865,66556.14670582060995220122945,3174.69970933318,622.02006267122112985135793174,44.0,8.620935919410892,339692.86889865,66556.14670582060995220122945,,0.1812248460928016,
2016-12-24,64.0,1463.0,332679.0,227.395078605605,23694681.7359147,0.001,0.000236946817359147,0.001,0.000236946817359147,0.084,0.019903532658168348,0.0,0.0,0.0,0.0,0.0,232.60478867,,0.0002658872418614429,0.236946817359147,,7.451681333451603,100000000.0,84.0,56.0,429913.76305132,101866.69789390471990703242404,7677.03148305929,1819.04817667687101382622482563,678.26104155,160.71179513397266463955785,429913.76305132,101866.69789390471990703242404,,0.18211735110002114,
2016-12-25,41.0,1499.0,335709.0,223.95530353569,23694681.7359147,0.0185263157894737,0.0043897515637063060570550109339,0.001,0.000236946817359147,1.056,0.250215839131259232,0.0,0.0,0.0,0.0,0.0,379.02886396,,0.0002644486050782373,0.236946817359147,,7.271300961336047,100000000.0,57.0,48.0,263832.14976353,62514.18820349026127513250891,5496.50312007354,1302.37892090604671498723167038,405.9995,96.2002893744050024265,263832.14976353,62514.18820349026127513250891,,0.1821178370727387,
2016-12-26,52.0,1457.0,329450.0,226.1153054221,24818366.2181632,0.0277066666666667,0.0068763420001790922194554060544,0.001,0.000248183662181632,2.078,0.515725650013431296,0.0,0.0,0.0,0.0,0.0,631.63855485,,0.0002747822405084884,0.248183662181632,,17.126987229667,100000000.0,75.0,65.0,158318.39147888,39292.03818793372013965193216,2435.66756121354,604.49289519898069166181769728,100.999,25.066301696682650368,158318.39147888,39292.03818793372013965193216,,0.18209420095810847,
2016-12-27,162.0,1438.0,359847.0,250.241307371349,19009661.5164085,0.0189068100358423,0.0035941205913639738285456837955,0.001,0.000190096615164085,5.275,1.002759644990548375,0.0,0.0,0.0,0.0,0.0,195.83640911,,0.00020529882690992476,0.190096615164085,,-10.496932826879105,100000000.0,279.0,169.0,510630.27787098,97069.0874235694738771597533,3021.48093414781,574.37329836431628974279340385,1.01,0.19199758131572585,510630.27787098,97069.0874235694738771597533,,0.18874388109663234,
2016-12-28,111.0,1450.0,345524.0,238.292413793103,19407798.400343,0.001,0.00019407798400343,0.001,0.00019407798400343,0.182,0.03532219308862426,0.0,0.0,0.0,0.0,0.0,122.95934266,,0.0001980466458912785,0.19407798400343,,-24.04850985134716,100000000.0,182.0,131.0,813276.95676095,157839.1522046098858864900585,6208.22104397672,1204.8790244626713587133201496,199.999,38.81540272270199657,813276.95676095,157839.1522046098858864900585,,0.18543802603376114,
2016-12-29,108.0,1439.0,339653.0,236.0340514246,19477911.7305903,0.0421352941176471,0.0082070753956599091320813008313,0.001,0.000194779117305903,7.163,1.395202817262183189,0.0,0.0,0.0,0.0,0.0,71.52443984,,0.00020008896635754323,0.194779117305903,,-35.850535489713494,100000000.0,170.0,155.0,1398123.49770286,272325.26076720477149241798258,9020.15159808297,1756.93716624003122364586477191,1000.0,194.779117305903,1398123.49770286,272325.26076720477149241798258,,0.18226967471866354,
2016-12-30,136.0,1436.0,346492.0,241.289693593315,19485360.8236552,0.0148202764976959,0.0028877843506394158478901605368,0.001,0.000194853608236552,3.216,0.626649204088751232,0.0,0.0,0.0,0.0,0.0,41.64511869,,0.00020272276719073899,0.194853608236552,,-18.343243748565445,100000000.0,217.0,196.0,2401241.8055842,467890.6300665344693881536784,12251.2337019602,2387.1970921761954770676892304,1000.0,194.853608236552,2401241.8055842,467890.6300665344693881536784,,0.17720048992064058,
2016-12-31,154.0,1428.0,351432.0,246.100840336134,22605116.696065,0.0241428571428571,0.005457521030907111740664273115,0.001,0.00022605116696065,6.253,1.41349794700494445,0.0,0.0,0.0,0.0,0.0,57.06033395,,0.00023329001690662295,0.22605116696065,,-27.375393440299778,100000000.0,259.0,226.0,1752530.92795923,396161.6613998147779062142995,7754.56162813819,1752.9277053089158867004922235,1039.999,235.09298758790903935,1752530.92795923,396161.6613998147779062142995,,0.1722068194623309,
2017-01-01,81.0,1468.0,337551.0,229.939373297003,22073946.1825726,0.0186184210526316,0.0041098202432026663576728805416,0.001,0.000220739461825726,2.1225,0.468519507725103435,0.0,0.0,0.0,0.0,0.0,186.31710303,,0.0002213465361372063,0.220739461825726,,-24.78421230022907,100000000.0,114.0,104.0,536719.37987225,118475.1470644378605216435035,5160.7632680024,1139.1841063888247329409497424,1285.9568,283.8614119631327646368,536719.37987225,118475.1470644378605216435035,,0.1719874551512106,
2017-01-02,104.0,1477.0,351398.0,237.913337846987,21460343.3964991,0.208239361702128,0.044688882107954502093722200848,0.001,0.000214603433964991,39.149,8.401509836295432659,0.0,0.0,0.0,0.0,0.0,162.57628939,,0.00021099999999999892,0.214603433964991,,-26.341334042305252,100000000.0,188.0,140.0,615095.84440331,132001.68042654611654982452021,4393.54174573793,942.86914590390113907508080863,202.249,43.403329915985464759,615095.84440331,132001.68042654611654982452021,,0.1720205416094809,
2017-01-03,145.0,1486.0,367670.0,247.422611036339,26647057.0668497,0.0742934362934363,0.0197970143660355974015442862411,0.001,0.000266470570668497,19.242,5.127426720803219274,0.0,0.0,0.0,0.0,0.0,362.31553165,,0.00025805562119228,0.266470570668497,,-8.538897119283408,100000000.0,259.0,124.0,276002.52063416,73546.54917932823370757405752,2225.82677930774,593.11733209135620769868626678,100.124976315,26.680359576827795841648555,276002.52063416,73546.54917932823370757405752,,0.17693279034585077,
2017-01-04,103.0,1420.0,331368.0,233.357746478873,25124498.4423453,0.00106474820143885,0.00026751264528540346537228534905,0.001,0.000251244984423453,0.148,0.037184257694671044,0.0,0.0,0.0,0.0,0.0,213.92313132,,0.0002214594725725625,0.251244984423453,,-8.436470863912557,100000000.0,139.0,116.0,467457.63014806,117446.38500517358819012645118,4029.80715644879,1012.46883625149567018906947187,299.9995,75.3733697045436882735,467457.63014806,117446.38500517358819012645118,,0.1769204787274318,
2017-01-05,238.0,1466.0,384489.0,262.270804911323,21927327.851799,0.00656824512534819,0.0014402406427449038051459289381,0.001,0.00021927327851799,2.358,0.51704639074542042,0.0,0.0,0.0,0.0,0.0,278.97038203,,0.0002191641065360082,0.21927327851799,,0.6635307736958943,100000000.0,359.0,102.0,358460.99242071,78600.9170289014462513835729,3514.323455105,770.59722577354359069983895,405.1995,88.849422818850289005,358460.99242071,78600.9170289014462513835729,,0.1735244889800539,
2017-01-06,63.0,1450.0,332112.0,229.04275862069,20173091.2337814,0.00100970873786408,0.00020368946488478353801377632112,0.001,0.000201730912337814,0.104,0.020980014883132656,0.0,0.0,0.0,0.0,0.0,211.39525516,,0.0002260381621722244,0.201730912337814,,-7.389783017007101,100000000.0,103.0,91.0,473047.51436457,95428.30665189987960539284998,5198.32433367659,1048.66271046043755020670357426,999.999,201.730710606901662186,473047.51436457,95428.30665189987960539284998,,0.17419466014530421,
2017-01-07,52.0,1442.0,326418.0,226.364771151179,16272159.9511981,0.0138205128205128,0.0022488959522296827903261638568,0.001,0.000162721599511981,1.078,0.175413884273915518,0.0,0.0,0.0,0.0,0.0,334.51634254,,0.00018011069577081443,0.162721599511981,,-25.298099017225066,100000000.0,78.0,70.0,298939.05702953,48643.84151644842917550579893,4270.55795756471,694.91202166354829084322779051,747.36475221,121.61238789848653699122801,298939.05702953,48643.84151644842917550579893,,0.1784521436385388,
2017-01-08,79.0,1446.0,335819.0,232.239972337483,21650208.0963763,0.0552093023255814,0.0119529288420458931465213068082,0.001,0.000216502080963763,7.122,1.541927820623920086,0.0,0.0,0.0,0.0,0.0,487.71663841,,0.0002372664555111801,0.216502080963763,,-5.81029821019056,100000000.0,129.0,92.0,205037.0894168,44390.9565334903473516034184,2228.6640154,482.5103971031559494739502,52.670978895,11.403376537165942232781885,205037.0894168,44390.9565334903473516034184,,0.18614794802624343,
2017-01-09,79.0,1466.0,337770.0,230.402455661664,18810262.220849,0.0097008547008547,0.001824756206894325907604596403,0.001,0.00018810262220849,1.135,0.21349647620663615,0.0,0.0,0.0,0.0,0.0,79.62968254,,0.00020819127598860717,0.18810262220849,,-28.613514824011848,100000000.0,117.0,102.0,1255813.11907395,236221.7407016326840926278355,12311.8933242544,2315.899418643455474210599856,749.999,141.07677855374529151,1255813.11907395,236221.7407016326840926278355,,0.18591138178825925,
2017-01-10,80.0,1482.0,342429.0,231.058704453441,21344002.38346,0.0332338709677419,0.00709343821147085210374108974,0.001,0.0002134400238346,4.121,0.8795863382223866,0.0,0.0,0.0,0.0,0.0,141.3002181,,0.00023545534658035345,0.2134400238346,,-7.243670962000186,100000000.0,124.0,103.0,707712.99113735,151054.27769641204256228231,6870.99991395485,1466.54638540205773314826781,499.999,106.7197984772761654,707712.99113735,151054.27769641204256228231,,0.18602332592406295,
2017-01-11,76.0,1444.0,333076.0,230.662049861496,18661627.2712858,0.0188482142857143,0.0035173834972932458623753244694,0.001,0.000186616272712858,2.111,0.393946951696843238,0.0,0.0,0.0,0.0,0.0,552.81700757,,0.00023672815327572906,0.186616272712858,,-29.496886604271754,100000000.0,112.0,77.0,180891.68500828,33757.33202099358752379246424,2349.2426624452,438.4069093635540541597603816,499.008,93.123013013897844864,180891.68500828,33757.33202099358752379246424,,0.18551736168905825,
2017-01-12,58.0,1491.0,337545.0,226.388329979879,18661627.2712858,0.00100625,0.0001877826244173133625,0.001,0.000186616272712858,0.0805,0.015022609953385069,0.0,0.0,0.0,0.0,0.0,401.29019741,,0.00023121546158419405,0.186616272712858,,-29.555991455303616,100000000.0,80.0,69.0,249196.21920892,46504.06960290495797907229336,3611.53940882493,673.97202323050709715708194994,764.37410577,142.64464657702128573099066,249196.21920892,46504.06960290495797907229336,,0.1855154779585812,
2017-01-13,63.0,1414.0,321314.0,227.237623762376,18200842.3822145,0.00122352941176471,0.00022269265973533110238762750295,0.001,0.000182008423822145,0.104,0.01892887607750308,0.0,0.0,0.0,0.0,0.0,441.34157474,,0.00022015010614208393,0.182008423822145,,-19.554582574778316,100000000.0,85.0,79.0,226581.87155564,41239.8093085137459458316478,2868.12495640051,522.02290263941517377562729395,390.13585825,71.00801263658228493094625,226581.87155564,41239.8093085137459458316478,,0.18348290229031,
2017-01-14,68.0,1471.0,337190.0,229.225016995241,22912061.6943039,0.0104433962264151,0.0023927973863768331176638694889,0.001,0.000229120616943039,1.107,0.253636522955944173,0.0,0.0,0.0,0.0,0.0,132.95016921,,0.0002793999999999997,0.229120616943039,,10.213294547183814,100000000.0,106.0,92.0,752161.50978218,172335.70916210074544635724502,8175.66858458891,1873.21423002283349231070109749,447.229778125,102.469562679298447733221875,752161.50978218,172335.70916210074544635724502,,0.1878555781068479,
2017-01-15,129.0,1468.0,353169.0,240.578337874659,26357224.8554354,0.0346298076923077,0.0091274562804664052101711427258,0.001,0.000263572248554354,7.203,1.898510906337011862,0.0,0.0,0.0,0.0,0.0,191.06737151,,0.0003196570089071981,0.263572248554354,,26.5349691956836,100000000.0,208.0,166.0,523375.59894168,137947.28345154037527235607472,3152.86505386554,831.00773163578482160449756116,566.941563935,149.43006280526999961362299,523375.59894168,137947.28345154037527235607472,,0.1895083443092101,
2017-01-16,4157.0,1497.0,1144174.0,764.311289245157,28843297.1520018,0.00600204731574158,0.00173118834248309162867148494844,0.001,0.000288432971520018,26.385,7.61030395355567493,0.0,0.0,0.0,0.0,0.0,107.02585814,,0.00034715908437760043,0.288432971520018,,24.387026648070982,100000000.0,4396.0,225.0,934353.63884579,269498.39650283293110740002422,4161.57172820351,1200.33449975943508888514286318,1000.0,288.432971520018,936353.63884579,270075.26244587296710740002422,,0.18922421639414672,
2017-01-17,90.0,1463.0,337761.0,230.868762816131,31185443.4236225,0.0513823529411765,0.0160238146061966290251304187125,0.001,0.000311854434236225,6.1145,1.9068339381373977625,0.0,0.0,0.0,0.0,0.0,89.19204919,,0.00034420000000000067,0.311854434236225,,-0.6589650953994535,100000000.0,119.0,90.0,1121176.16887573,349643.75982387903597948931925,12457.5129875081,3884.9306647097636013895009225,100.0495,31.2008802181171931375,1121176.16887573,349643.75982387903597948931925,,0.18140196966284994,
2017-01-18,67.0,1459.0,332812.0,228.10966415353,31274015.3957312,0.0227282608695652,0.0071080398035297705610408007424,0.001,0.000312740153957312,2.091,0.653939661924739392,0.0,0.0,0.0,0.0,0.0,297.06026843,,0.0003548784915667653,0.312740153957312,,-0.9524186452981359,100000000.0,92.0,68.0,336632.02598006,105278.35163196581740420319872,4950.470970295,1548.21105341126202065004704,989.9995,309.612596047661901344,336632.02598006,105278.35163196581740420319872,,0.1813993912218584,
2017-01-19,72.0,1462.0,334636.0,228.889192886457,21854399.2723553,0.0615757575757576,0.0134570119155836324495513387528,0.001,0.000218543992723553,6.096,1.332244179642779088,0.0,0.0,0.0,0.0,0.0,385.80176359,,0.00024221738229799957,0.218543992723553,,10.026841791302713,100000000.0,99.0,72.0,259200.47402108,56646.70650840439593073449724,3600.00658362611,786.75981261672747843354276883,379.9995,83.0466079629537782235,259200.47402108,56646.70650840439593073449724,,0.17296245172633917,
2017-01-20,57.0,1469.0,331410.0,225.602450646698,22495050.7388628,0.001,0.000224950507388628,0.001,0.000224950507388628,0.072,0.016196436531981216,0.0,0.0,0.0,0.0,0.0,1207.58815577,,0.00025129234950321415,0.224950507388628,,30.259884421150083,100000000.0,72.0,64.0,82809.68931519,18628.08162814663724051365932,1293.90139554984,291.06377543979036331862321952,200.18725944,45.03222558376691034164832,82809.68931519,18628.08162814663724051365932,,0.1708798644765204,0.16282629724580786
2017-01-21,55.0,1449.0,327135.0,225.766045548654,25778314.1228872,0.0432112676056338,0.0111391362998616794992024190736,0.001,0.000257783141228872,3.068,0.790878677290179296,0.0,0.0,0.0,0.0,0.0,923.36232002,,0.0002788447722034586,0.257783141228872,,-0.4480875741734061,100000000.0,71.0,53.0,108299.84918324,27917.87531706869483910650528,2043.39338081585,526.7523644729944854389352212,408.17330891,105.22019773660252786684952,108299.84918324,27917.87531706869483910650528,,0.15576167428880844,0.1637891158173281
2017-01-22,170.0,1448.0,349806.0,241.578729281768,25782954.8128171,0.0217098445595855,0.0055974394127307610194006331205,0.001,0.000257829548128171,4.19,1.08030580665703649,0.0,0.0,0.0,0.0,0.0,415.06336158,,0.0002795000000000004,0.257829548128171,,31.59244220916034,100000000.0,193.0,62.0,240927.07103464,62118.11785670498716430084344,3885.92050055871,1001.90512672104826324019041941,99.999,25.782696983268971829,240927.07103464,62118.11785670498716430084344,,0.14660762469787195,0.1636994751156936
2017-01-23,93.0,1450.0,334628.0,230.777931034483,22132307.1185599,0.00102564102564103,0.00022699802172882045192107952697,0.001,0.000221323071185599,0.12,0.02655876854227188,0.0,0.0,0.0,0.0,0.0,386.06024755,,0.00024079999999999992,0.221323071185599,,-6.593777602788667,100000000.0,117.0,94.0,259026.92814112,57328.63525596413861558373088,2755.60561852255,609.87909846770289594321675745,123.9965,27.4432861962651264035,259026.92814112,57328.63525596413861558373088,,0.1453720608448797,0.1633868373886317
2017-01-24,77.0,1444.0,330194.0,228.66620498615,25402152.865488,0.0318969072164948,0.008102501130496882497992514624,0.001,0.00025402152865488,3.094,0.78594260965819872,0.0,0.0,0.0,0.0,0.0,963.72647744,,0.00028614303148432517,0.25402152865488,,7.206136586275545,100000000.0,97.0,77.0,103763.88149676,26358.2597969707929638781888,1347.5828765813,342.315062298322316441961744,1.01,0.2565617439414288,103763.88149676,26358.2597969707929638781888,,0.1476061109683491,0.16435181635625773
2017-01-25,70.0,1458.0,334785.0,229.619341563786,26851693.8603156,0.0405643564356436,0.0108922168065062485015938512016,0.001,0.000268516938603156,4.097,1.100113897457130132,0.0,0.0,0.0,0.0,0.0,461.31940888,,0.0002997877933588532,0.268516938603156,,8.192834388366473,100000000.0,101.0,58.0,216769.54855101,58206.29555930539583321298756,3737.40600950017,1003.55681998802341794554453652,1.549,0.415932737896288644,216769.54855101,58206.29555930539583321298756,,0.14770975420968632,0.16439011781048654
2017-01-26,81.0,1475.0,340275.0,230.694915254237,30374794.4822443,0.0513865546218487,0.0156085603578927522469299103741,0.001,0.000303747944822443,6.115,1.857418682589238945,0.0,0.0,0.0,0.0,0.0,385.64405798,,0.00033136110448077306,0.303747944822443,,59.786088016484676,100000000.0,119.0,102.0,259306.47168478,78763.80785341093358416551754,2542.2203106351,772.1941946412842581740635493,18.59673383,5.64871968127249908134669,259306.47168478,78763.80785341093358416551754,,0.14016197555611365,0.16511000708335807
2017-01-27,122.0,1476.0,358700.0,243.021680216802,30330697.98918,0.0103411214953271,0.00313653432944183746736360778,0.001,0.0003033069798918,2.213,0.6712183465005534,0.0,0.0,0.0,0.0,0.0,358.26402277,,0.00032951872355295556,0.3033069798918,,56.28098233256564,100000000.0,214.0,99.0,279123.75690659,84660.183723390764500906962,2819.43188794535,855.15337094333998326731313,50.0,15.16534899459,279123.75690659,84660.183723390764500906962,,0.1401926129966135,0.163431070551141
2017-01-28,67.0,1487.0,339365.0,228.221250840619,22461596.6996376,0.0220736842105263,0.0049581019241200014218531526888,0.001,0.000224615966996376,2.097,0.471019682791400472,0.0,0.0,0.0,0.0,0.0,924.25359197,,0.00024341359433838403,0.224615966996376,,15.318300084302091,100000000.0,95.0,73.0,108195.41397412,24302.41753437017659379778912,1482.12895854959,332.90982923794783995774628584,249.999,56.153767133127003624,108195.41397412,24302.41753437017659379778912,,0.1515588020215841,0.16648456400540834
2017-01-29,65.0,1475.0,334139.0,226.534915254237,29435346.031405,0.002275,0.00066965412221446375,0.001,0.00029435346031405,0.182,0.0535723297771571,0.0,0.0,0.0,0.0,0.0,184.56550597,,0.00032147571608866915,0.29435346031405,,51.063900216158856,100000000.0,80.0,68.0,541813.05154717,159484.5465662242315465887385,7967.83899334074,2345.360978915063613819059397,1108.960201195,326.42627257231333588528975,541813.05154717,159484.5465662242315465887385,,0.1591189689033119,0.16728917133493487
2017-01-30,90.0,1505.0,346166.0,230.010631229236,27568661.4559875,0.0105565217391304,0.0029102917397885838891612327,0.001,0.000275686614559875,1.214,0.33468355007568825,0.0,0.0,0.0,0.0,0.0,219.17769106,,0.00029955736411455295,0.275686614559875,,21.957616174512072,100000000.0,115.0,107.0,456250.8142003,125782.2423570672493845929625,4264.02630093738,1175.5349752996930434686356275,500.0,137.8433072799375,456250.8142003,125782.2423570672493845929625,,0.15765984984488093,0.16392025471964794
2017-01-31,97.0,1465.0,347471.0,237.18156996587,23058892.4350969,0.00656388888888889,0.00151356007844816622009880483441,0.001,0.000230588924350969,1.1815,0.2724408141206698735,0.0,0.0,0.0,0.0,0.0,184.06370468,,0.0002380889388551785,0.230588924350969,,4.462030687117988,100000000.0,180.0,160.0,543290.16236939,125276.69415122093563298243891,3395.56351480869,782.97933844513142417845112061,92.76085153,21.38962497618263702063257,543290.16236939,125276.69415122093563298243891,,0.16118470612999403,0.16534728523736553
2017-02-01,77.0,1454.0,332414.0,228.620357634113,23309289.5452952,0.00102040816326531,0.00023784989331933967933979869512,0.001,0.000233092895452952,0.1,0.0233092895452952,0.0,0.0,0.0,0.0,0.0,622.20915594,,0.00023603564856022237,0.233092895452952,,8.615641020440167,100000000.0,98.0,81.0,160717.66068542,37462.14487958961793368235984,1984.16865043728,462.49561579740176967846685056,150.999,35.196794120500299048,160717.66068542,37462.14487958961793368235984,,0.1610945882512139,0.16535772014312114
2017-02-02,97.0,1473.0,345256.0,234.389680923286,27866815.4779334,0.0107077922077922,0.0029839206963059833220663263948,0.001,0.000278668154779334,1.649,0.459523787231121766,0.0,0.0,0.0,0.0,0.0,385.19582827,,0.0002765376078399737,0.278668154779334,,4.577460122608214,100000000.0,154.0,135.0,259608.21135908,72344.54122499816052963725272,1923.02378784504,535.88549055554275553258640336,589.45739031,164.26300327872937355985354,259608.21135908,72344.54122499816052963725272,,0.15950200142233986,0.16702462278388572
2017-02-03,102.0,1468.0,396542.0,270.123978201635,24301982.5345295,0.0055766590389016,0.001355238705644127507057527972,0.001,0.000243019825345295,2.437,0.592239314366483915,0.0,0.0,0.0,0.0,0.0,83.28454837,,0.00023935717244968349,0.243019825345295,,-3.273760507909345,100000000.0,437.0,156.0,1200702.91496408,291794.6126861573159085220036,7696.81355746205,1870.47828644972607246510855475,860.5034639,209.1194015059993610673505,1200702.91496408,291794.6126861573159085220036,,0.16114779871250484,0.16778036192302753
2017-02-04,103.0,1475.0,435022.0,294.930169491525,24467482.4239796,0.00573259493670886,0.00140262165857718479518367779256,0.001,0.000244674824239796,3.623,0.886456888220780908,0.0,0.0,0.0,0.0,0.0,73.96670826,,0.00023667841374378003,0.244674824239796,,11.584423735298856,100000000.0,632.0,153.0,1351959.58227939,330790.47317351776706962860444,8836.33713908098,2162.02923642822060385058268008,349.998,85.635699134280120408,1351959.58227939,330790.47317351776706962860444,,0.15911895736207732,0.16506983342915832
2017-02-05,100.0,1458.0,439017.0,301.109053497942,24467482.4239796,0.00100297176820208,0.00024540194110232133856170597568,0.001,0.000244674824239796,0.675,0.1651555063618623,0.0,0.0,0.0,0.0,0.0,553.12863986,,0.00024116161184394608,0.244674824239796,,21.287720064473355,100000000.0,673.0,152.0,180789.77075805,44234.7053845788942018973578,1189.40638656612,291.01779858275626923588931152,408.96510631,100.06346550660873607271276,180789.77075805,44234.7053845788942018973578,,0.15827218367880938,0.16506983342915832
2017-02-06,182.0,1458.0,460088.0,315.561042524005,24731386.7173589,0.00225810473815461,0.00055846061527602118636839059529,0.001,0.000247313867173589,1.811,0.447885413451369679,0.0,0.0,0.0,0.0,0.0,121.33738436,,0.00024167853253934774,0.247313867173589,,51.98588750068153,100000000.0,802.0,241.0,824148.30786172,203823.30514185155508464811308,3419.7025222478,845.7398553603796913770733542,128.5361,31.7887599624111530629,824148.30786172,203823.30514185155508464811308,,0.1526533545185958,0.16507350993894118
2017-02-07,660.0,1465.0,603830.0,412.170648464164,25310205.8168264,0.00331741898148148,0.00083964557201942866438583975072,0.001,0.000253102058168264,5.7325,1.45090754844957338,0.0,0.0,0.0,0.0,0.0,394.3280079,,0.00024022037073942207,0.253102058168264,,16.905138759671733,100000000.0,1728.0,1240.0,253595.98607279,64185.66601823356180237193656,204.522567800637,51.765082852199543759352384168,19.999,5.061788061307111736,253607.98407279,64188.70273672746463384393656,,0.1438159191626521,0.16495845454688834
2017-02-08,687.0,1465.0,704581.0,480.942662116041,25446911.162595,0.00101036269430052,0.000257106097238654619735130494,0.001,0.00025446911162595,2.34,0.595457721204723,0.0,0.0,0.0,0.0,0.0,287.49779179,,0.00024180628580656308,0.25446911162595,,35.28206499104537,100000000.0,2316.0,1551.0,347828.75853751,88511.6751829972412601643845,224.275794028053,57.07126206552318924274277535,12.0,3.0536293395114,347851.75653751,88517.5274636264148582643845,,0.14115702851841283,0.16400562502171692
2017-02-09,4639.0,1454.0,1576539.0,1084.27716643741,23492112.8579778,0.00255899035734543,0.00060116090277235781264605871454,0.001,0.000234921128579778,18.046,4.239386686350673788,0.0,0.0,0.0,0.0,0.0,127.72324545,,0.0002390441770189795,0.234921128579778,,10.064234607574935,100000000.0,7052.0,2041.0,782942.83587112,183929.81461629540451904621136,383.609424728623,90.117958991087514097055585694,16.0,3.758738057276448,782946.83587112,183930.75430080972363104621136,,0.14031874944705344,0.1633865490759052
2017-02-10,862.0,1474.0,925855.0,628.124151967436,24389702.814941,0.00545957624756064,0.0013315744217351476329259552224,0.001,0.00024389702814941,19.5835,4.776357450763970735,0.0,0.0,0.0,0.0,0.0,184.51769977,,0.0002447167919296685,0.24389702814941,,30.694405479145185,100000000.0,3587.0,2158.0,541953.4284571,132180.830596070577244575311,251.145703640918,61.25369075051235897269355838,25.999,6.34107883485651059,541972.4284571,132185.464639605416034575311,,0.13800027443461682,0.16243440825540806
2017-02-11,743.0,1426.0,812461.0,569.74824684432,25239957.0982934,0.0043302232589137,0.0010929464928101402158860787958,0.001,0.000252399570982934,12.995,3.27993242492322733,0.0,0.0,0.0,0.0,0.0,208.18748595,,0.0002495607371866627,0.252399570982934,,35.25056915657895,100000000.0,3001.0,1956.0,480336.26778428,121236.66791629597379787347752,245.570689051268,61.981936562523530826679060312,31.0,7.824386700470954,480336.26778428,121236.66791629597379787347752,,0.13806567220236762,0.16249940681259026
2017-02-12,721.0,1489.0,817586.0,549.083948959033,25258041.268346,0.00267879906071788,0.0006766121722521871522048022648,0.001,0.00025258041268346,7.9855,2.01698088548376983,0.0,0.0,0.0,0.0,0.0,288.92423992,,0.0002510000000000006,0.25258041268346,,38.774023410189265,100000000.0,2981.0,2089.0,346111.49285556,87420.9836999457621977810376,165.68477350673,41.8487284676954634736696858,28.0,7.07225155513688,346115.49185556,87421.9937690160833543210376,,0.13792019705174843,0.161187648063939
2017-02-13,704.0,1461.0,764319.0,523.147843942505,25085341.2445149,0.00460816179126038,0.00115597311043701671663432689662,0.001,0.000250853412445149,12.76,3.20088954280010124,0.0,0.0,0.0,0.0,0.0,25.35769981,,0.0002508651567025915,0.250853412445149,,9.485307691674445,100000000.0,2769.0,2312.0,3943575.35432234,989259.33486634656222531532866,1705.74063725015,427.89085960056316394306702235,29.0,7.274748960909321,3943672.35332234,989283.66739650032923316632866,,0.13156876140909846,0.16079265472101387
2017-02-14,3270.0,1471.0,1325960.0,901.400407885792,25406044.5787259,0.0024723040117777,0.0006281146593538712870846003243,0.001,0.000254060445787259,13.4345,3.4131750589289310355,0.0,0.0,0.0,0.0,0.0,95.85293739,,0.00025099492838321063,0.254060445787259,,-3.6088028308236266,100000000.0,5434.0,2257.0,1043264.84641372,265052.33195404599702821879348,462.281278428764,117.447387676715779614530317876,35.999,9.145921987895536741,1043368.84541372,265078.75398634742617695979348,,0.12902389519642593,0.16079731282688425
2017-02-15,4466.0,1447.0,1744300.0,1205.4595715273,25393687.4272928,0.00149844120214491,0.00038050947515444710083034599648,0.001,0.000253936874272928,12.016,3.051305481263502848,0.0,0.0,0.0,0.0,0.0,158.1453905,,0.0002504545935510433,0.253936874272928,,-11.959831452450954,100000000.0,8019.0,2451.0,632329.52715975,160571.783637425446810156248,258.060190599653,65.530998175151920004704093984,31.0,7.872043102460768,632505.52715975,160616.476527297482138156248,,0.12786683311923291,0.16021737943503034
2017-02-16,4959.0,1465.0,1865863.0,1273.62662116041,25393687.4272928,0.00191864874181317,0.00048721566432372244563616486176,0.001,0.000253936874272928,16.698,4.240237926609351744,0.0,0.0,0.0,0.0,0.0,317.58808604,,0.00024492206109412077,0.253936874272928,,-18.57198538964026,100000000.0,8703.0,2795.0,314873.27263359,79957.93464466132455100045152,112.656984126508,28.607762414100307419671575424,31.999,8.125726039859423072,314876.27063359,79958.69594741039478914445152,,0.1269246578603544,0.15525477744347368
2017-02-17,703.0,1466.0,950086.0,648.080491132333,27806394.0088369,0.0033506272869838,0.0009316886251863177268954714222,0.001,0.000278063940088369,12.8195,3.5646406799628463955,0.0,0.0,0.0,0.0,0.0,165.5285063,,0.00026265404801463943,0.278063940088369,,-11.087867493240466,100000000.0,3826.0,2769.0,604125.55053704,167985.53089038442911300768776,218.220133093911,60.679150014701177610715821159,32.999,9.175831958976088631,604251.54853704,168020.56639070768343026968776,,0.1281651854863969,0.15572813063625723
2017-02-18,894.0,1468.0,915242.0,623.461852861035,27923611.0287598,0.00938255033557047,0.00261994686028229538508109603106,0.001,0.000279236110287598,33.552,9.368929972369488096,0.0,0.0,0.0,0.0,0.0,205.44900239,,0.0002632641867120243,0.279236110287598,,27.771121414816207,100000000.0,3576.0,2620.0,486738.79570289,135915.04803814482352445975822,185.812135001103,51.885457821942045831377220594,16.0,4.467777764601568,486827.79370289,135939.89949348819917126375822,,0.10929226426495557,0.14346416538407172
2017-02-19,918.0,1423.0,906099.0,636.752635277583,30415990.9580509,0.0035516458569807,0.0010802682827212391115463091763,0.001,0.000304159909580509,12.516,3.806865428309650644,0.0,0.0,0.0,0.0,0.0,327.83874607,,0.0002872722104097401,0.304159909580509,,35.21192421897389,100000000.0,3524.0,2689.0,305028.00904248,92777.29164988339843556102232,113.435923779279,34.502660319887011402796473011,2.999,0.912175568831946491,305029.19904248,92777.65360017579924127102232,,0.11014760224993954,0.1425353629277439
2017-02-20,1168.0,1458.0,1212038.0,831.301783264746,23443639.4944214,0.00137902005297011,0.00032329248977409161847845944354,0.001,0.000234436394944214,7.2895,1.708924100945847953,0.0,0.0,0.0,0.0,0.0,324.18348053,185.94145708902252,0.00021533837290031716,0.234436394944214,,-9.056738999052572,100000000.0,5286.0,4316.0,308467.29092125,72315.9596417859226024171475,71.5214061448679,16.7672206179437850640228993306,1.999,0.468638353493483786,308686.38892125,72367.3241870454100013891475,,0.11800157197477586,0.1370099815977774
2017-02-21,1398.0,1507.0,1330815.0,883.088918380889,20184051.4460585,0.00183999328408328,0.0003713851910633905607554175188,0.001,0.000201840514460585,10.959,2.211970197973551015,0.0,0.0,0.0,0.0,0.0,128.68035513,158.18190929805297,0.00017880105243182743,0.201840514460585,,-21.715522551260484,100000000.0,5956.0,5189.0,777119.397116668,156854.17891132792460833253078,149.769010043683,30.229454037469498664031734555,1.0,0.201840514460585,777151.39311667,156860.63700042900916702145195,,0.1209903473448657,0.13355230790108993
2017-02-22,1145.0,1498.0,1236849.0,825.666889185581,22685732.2813688,0.00137200223089794,0.00031124875299591407497156300272,0.001,0.000226857322813688,7.38,1.67420704236501744,0.0,0.0,0.0,0.0,0.0,352.3130376,180.8335724104867,0.0002008116873776162,0.226857322813688,,2.500530829634139,100000000.0,5379.0,4454.0,283838.48829391,64390.83956584074337191504008,63.7270963839044,14.4569584763424096904432034272,1.14,0.25861734800760432,283840.48729391,64391.29305362904793422704008,,0.11989097133754686,0.13211727087669475
2017-02-23,1086.0,1449.0,1044471.0,720.821946169772,21694864.0229527,0.00146330169020607,0.00031746131193577545329272862889,0.001,0.000216948640229527,6.32,1.37111540625061064,0.0,0.0,0.0,0.0,0.0,125.77209842,171.94043570980278,0.0001824843248176844,0.216948640229527,,-14.594388366082597,100000000.0,4319.0,3236.0,795088.904877371,172493.456774729376295228333517,245.703926105491,53.305132667642454029455032757,8.0,1.735589121836216,795097.90487737,172495.40931249122508958810399,,0.11730291075837378,0.13223886792218487
2017-02-24,1002.0,1459.0,954991.0,654.551747772447,20408472.2859433,0.00180205827318899,0.00036777256326032342551241324267,0.001,0.000204084722859433,6.7415,1.3758371591568675695,0.0,0.0,0.0,0.0,0.0,310.18599494,162.23582721759516,0.00017215237047625643,0.204084722859433,,-23.995587048960086,100000000.0,3741.0,2703.0,322387.2180919,65794.3060577089959581758927,119.270890896004,24.341366713708646826313405732,5.999,1.224304252433738567,322389.2180919,65794.7142271547148241758927,,0.11715241648436048,0.13230814174802946
2017-02-25,1153.0,1459.0,999101.0,684.784784098698,31406100.8742326,0.00228096212896622,0.00071636126712617454449673822772,0.001,0.000314061008742326,8.914,2.799539831929093964,0.0,0.0,0.0,0.0,0.0,264.75748216,250.63144480632292,0.000272715975095298,0.314061008742326,,3.3952703534871826,100000000.0,3908.0,2568.0,377704.15092417,118622.14664540857330229541942,147.081444674525,46.19254688175993392066144515,5.4995,1.727178517578421837,377705.14992418,118622.46039235944749605684268,,0.14033152048761857,0.13924547889428682
2017-02-26,891.0,1455.0,976220.0,670.941580756014,20718953.702498,0.00178195096504956,0.0003692015954498346535606580088,0.001,0.00020718953702498,6.832,1.41551891695466336,0.0,0.0,0.0,0.0,0.0,74.62789787,166.49886268466884,0.00017533014463128358,0.20718953702498,,-31.689822272177317,100000000.0,3834.0,2887.0,1339981.46603136,277630.1395690914429017833728,464.145640814465,96.1661204325116643602503357,9.0,1.86470583322482,1339988.46503136,277631.5896886610807368033728,,0.15966622080924595,0.14961454018034576
2017-02-27,826.0,1471.0,1049783.0,713.652617267165,28193939.3479497,0.00265030674846626,0.00074722587719719516034950627122,0.001,0.000281939393479497,11.232,3.166743267561710304,0.0,0.0,0.0,0.0,0.0,429.47329885,227.99410761440828,0.00023610000000000037,0.281939393479497,,25.520637401545827,100000000.0,4238.0,3037.0,232843.34618435,65647.71179895219106490727195,76.6691953191801,21.6160664268507277996402004097,9.0,2.537454541315473,232844.34618435,65647.99373834567056190727195,,0.16050704309710234,0.15477510401809685
2017-02-28,1121.0,1483.0,1173138.0,791.057316250843,20593063.6987146,0.00163290493676051,0.00033626515376654718068775040446,0.001,0.000205930636987146,8.0045,1.648371783763610157,0.0,0.0,0.0,0.0,0.0,78.21898929,163.73336802066748,0.00017328395090590292,0.205930636987146,,-30.039675168949742,100000000.0,4902.0,3031.0,1278461.9299362,263274.4795955776857120000852,421.819177148202,86.865491843523017561611011492,13.999,2.882822987183056854,1278533.9259362,263289.3057777182122754160852,,0.16296419897153464,0.16020564110416796
2017-03-01,893.0,1463.0,1088230.0,743.834586466165,22916465.2085471,0.00368533034714446,0.00084454744682338823972870414066,0.001,0.000229164652085471,16.455,3.770904350066425305,0.0,0.0,0.0,0.0,0.0,103.10338785,179.63953382868328,0.00018654634034662127,0.229164652085471,,-16.874944236474754,100000000.0,4465.0,2956.0,969900.23402818,222266.84968868477079598257278,328.112393108315,75.191762411598299632740791365,12.0,2.749975825025652,969900.23402818,222266.84968868477079598257278,,0.16404514236154202,0.1596449806479405
2017-03-02,1127.0,1433.0,1247146.0,870.304256803908,20189186.2723553,0.00172593800978793,0.00034845283974146703762174611529,0.001,0.000201891862723553,9.522,1.922414316853671666,0.0,0.0,0.0,0.0,0.0,94.12516055,156.9128703645358,0.0001598597136400347,0.201891862723553,,-12.445117087990532,100000000.0,5517.0,4047.0,1062415.18655348,214492.98099907313525609011444,262.520925760682,53.000838705735658766802743146,12.0,2.422702352682636,1062422.18655348,214494.39424211220012709011444,,0.1624288016858769,0.16045827762178108
2017-03-03,957.0,1462.0,1179949.0,807.078659370725,14294185.6779994,0.00219432270916335,0.0003136605624223160033887580199,0.001,0.000142941856779994,11.0155,1.574576023360023907,0.0,0.0,0.0,0.0,0.0,22.28441216,105.62405842709846,0.00011086236815573835,0.142941856779994,,-38.676013053840286,100000000.0,5020.0,3570.0,4487441.68295566,641443.24635362319416027706604,1257.01391623408,179.67990318479123823156499552,9.999,1.429275625943160006,4487539.68095566,641457.25436970392001228906604,,0.1738846178287125,0.16646263699907113
2017-03-04,887.0,1461.0,952984.0,652.281998631075,17350381.4399591,0.00153637583892617,0.00026656706840506211726472719647,0.001,0.000173503814399591,5.723,0.992962329808859293,0.0,0.0,0.0,0.0,0.0,298.67211221,128.39709579856114,0.00013673122728768625,0.173503814399591,,-37.738198131400544,100000000.0,3725.0,2769.0,334815.32394047,58091.73582310624406127634777,120.926082679837,20.981136605352034702436746667,6.999,1.214353196982737409,334844.32294047,58096.76726022001780068534777,,0.17449218472319675,0.1659715109548406
2017-03-05,829.0,1444.0,900134.0,623.361495844875,23953786.4923425,0.00157195994277539,0.00037654392843756626252432451075,0.001,0.000239537864923425,5.494,1.31602102988929695,0.0,0.0,0.0,0.0,0.0,168.26691624,175.63850084788643,0.00018768534376793205,0.239537864923425,,-1.432788628221039,100000000.0,3495.0,2790.0,594293.88874458,142355.8892469161689910837865,213.009995607376,51.0239595551389848786051828,9.999,2.395139111369326575,594297.88774458,142356.8471588379977676587865,,0.18342836304525462,0.17117879784681211
2017-03-06,919.0,1439.0,995508.0,691.805420430855,20669449.8208913,0.00124396194193706,0.00025712008937966558547177701578,0.001,0.000206694498208913,5.099,1.053935246367247387,0.0,0.0,0.0,0.0,0.0,256.02768497,150.92620912408861,0.0001611961377091597,0.206694498208913,,-15.522776464185789,100000000.0,4099.0,3373.0,390582.76065079,80731.30772176700862925849127,115.800106626383,23.935244931678855416371551679,5.0,1.033472491044565,390593.75965079,80733.58115455280846334549127,,0.18536940008096706,0.17133720834924146
2017-03-07,874.0,1450.0,1376799.0,949.516551724138,19564640.2520244,0.00116005643517793,0.00022696086826302063437056701492,0.001,0.000195646402520244,7.4,1.4477833786498056,0.0,0.0,0.0,0.0,0.0,242.48575453,142.4860163195298,0.0001584853243717119,0.195646402520244,,-20.03819635791429,100000000.0,6379.0,5032.0,412395.35986277,80683.66857319237584998691588,82.0491563717746,16.0526222739586561524667050024,19.0,3.717281647884636,412871.35486277,80776.79528255999939276691588,,0.18558313371726198,0.17114455916012963
2017-03-08,5015.0,1461.0,1897606.0,1298.84052019165,19564640.2520244,0.00145501926127351,0.00028466928406582520997299593644,0.001,0.000195646402520244,12.842,2.512491101164973448,0.0,0.0,0.0,0.0,0.0,315.40742926,142.08103141753966,0.00016981139985871988,0.195646402520244,,-20.891454750929807,100000000.0,8826.0,3208.0,317050.23637498,62029.73816495784299462509512,98.9243246181359,19.3541882332830991186692931596,15.0,2.93469603780366,317349.23337498,62088.23585237218838989309512,,0.18555722416752246,0.1688147849736054
2017-03-09,929.0,1422.0,1216926.0,855.784810126582,19564640.2520244,0.00256100698272694,0.00050105180299975047619167417336,0.001,0.000195646402520244,13.937,2.726723911924640628,0.0,0.0,0.0,0.0,0.0,249.21508991,141.44574094178276,0.00016393271316847625,0.195646402520244,,-22.700588080490068,100000000.0,5445.0,4370.0,401259.81149785,78505.0385955055926085874754,91.8557909606064,17.9712550520941900106825159616,17.999,3.521439598961871756,401409.80649785,78534.3845776516166073674754,,0.1854722336606319,0.1646906813553116
2017-03-10,995.0,1469.0,1506201.0,1025.32402995235,19861790.7492694,0.00142128914478304,0.00028229347587888800779701510976,0.001,0.000198617907492694,10.121,2.010211841733555974,0.0,0.0,0.0,0.0,0.0,100.66916908,141.9260921933525,0.00018080332858142463,0.198617907492694,,-21.948127132755094,100000000.0,7121.0,5488.0,993352.790240191,197297.652599535723334837664554,181.057359190997,35.961233818668911912528075918,19.0,3.773740242361186,993642.78724019,197355.25119685468349884817186,,0.1855058231561096,0.163688172402381
2017-03-11,1022.0,1445.0,1499545.0,1037.74740484429,21423000.5218702,0.00213569907735983,0.00045753082448837342731589954066,0.001,0.000214230005218702,15.046,3.223304658520590292,0.0,0.0,0.0,0.0,0.0,181.62792822,151.89080722016394,0.00018204098622202482,0.214230005218702,,-8.807689408851708,100000000.0,7045.0,5297.0,550576.11998368,117949.92505739646491107078336,103.974913155311,22.274546187876362763447826322,15.999,3.427465853494013298,550755.11498368,117988.27115718058647556078336,,0.18560805120739635,0.16315953286013227
2017-03-12,3987.0,1469.0,2964106.0,2017.77127297481,34245413.5385155,0.00138421254310895,0.00047402930963966206504937763725,0.001,0.000342454135385155,21.674,7.42235093033784947,0.0,0.0,0.0,0.0,0.0,58.51589386,233.72910634872645,0.00027802280680211736,0.342454135385155,,40.40931043053524,100000000.0,15658.0,12917.0,1708937.40820073,585232.68255272868597410216315,132.312952249031,45.311117662699210816660534805,0.09405406,0.0322092017967634914793,1709086.40420073,585283.70684908453252848216315,,0.20461410561670929,0.1730339886446149
2017-03-13,1002.0,1473.0,1182550.0,802.817379497624,34703096.2969024,0.00178238747553816,0.00061854364201993537360580995584,0.001,0.000347030962969024,9.108,3.160758010721870592,0.0,0.0,0.0,0.0,0.0,124.24469468,233.1267303547336,0.0002800000000000007,0.347030962969024,,37.492691297992955,100000000.0,5110.0,3508.0,804863.34051221,279312.50011641770272252378304,229.437382700174,79.621875859533871121041410176,19.999,6.940272228417510976,804866.33851221,279313.54051524468385647578304,,0.20456878980954632,0.17302931925536552
2017-03-14,1126.0,1469.0,1256381.0,855.262763784888,34453142.828166,0.00209255055565677,0.0007209494316920082354738458382,0.001,0.00034453142828166,11.48601,3.9572914305574295766,0.0,0.0,0.0,0.0,0.0,67.97015362,223.75380872865406,0.00027639095233150364,0.34453142828166,,36.404650155289474,100000000.0,5489.0,3409.0,1471233.98550519,506886.3463626221764687118154,431.613665152593,148.70447252090500911968334438,19.999,6.89028403420491834,1471370.98450519,506933.5468237653356070518154,,0.20458718609052773,0.17298299952171042
2017-03-15,7098.0,1419.0,3962571.0,2792.50951374207,24795133.2205723,0.00159299337879237,0.00039498483046646406980214273351,0.001,0.000247951332205723,32.239,7.993702998980303797,0.0,0.0,0.0,0.0,0.0,24.82669816,151.73327132677724,0.00019699762448564665,0.247951332205723,,-1.1568829027034255,100000000.0,20238.0,5186.0,4027921.85008886,998728.58875007332212735054578,776.721720996695,192.589185474252415456343085485,26.999,6.694438018222315277,4028078.84508886,998767.51586947295960973554578,,0.21376693076848413,0.17598954241910833
2017-03-16,956.0,1454.0,1326999.0,912.654057771664,28138422.3120982,0.00250443069720782,0.00070470728609416173483345647924,0.001,0.000281384223120982,14.979,4.214854278129189378,0.0,0.0,0.0,0.0,0.0,118.77326436,169.75870028570935,0.0002388618562366077,0.281384223120982,,10.754833263814284,100000000.0,5981.0,4097.0,841940.318294241,236908.722377457312747616864662,205.753555112092,57.895804259596161929087114344,23.999,6.752939970680447018,842972.31529424,237199.11005156521542444774368,,0.21501302337088374,0.17581658294972963
2017-03-17,4685.0,1452.0,2002963.0,1379.45110192837,32303506.7355114,0.00259421058212279,0.00083802099012938496653688244806,0.001,0.000323035067355114,24.466,7.903375957910219124,0.0,0.0,0.0,0.0,0.0,113.54133369,191.4372198262421,0.00030131548258222925,0.323035067355114,,27.21077562288972,100000000.0,9431.0,3365.0,880736.52785777,284508.78359864396977427413578,261.784406495623,84.565543384832118740027666022,20.0,6.46070134710228,880904.52785777,284563.05348995962892627413578,,0.21640950590563487,0.17633580942275454
2017-03-18,3654.0,1460.0,2370506.0,1623.63424657534,21031816.551654,0.0022090684394443,0.000464607221684411007420058722,0.001,0.00021031816551654,25.919,5.45123653202320026,0.0,0.0,0.0,0.0,0.0,121.83677949,124.72022680103585,0.00021849670334745609,0.21031816551654,,-17.176988919500985,100000000.0,11733.0,5658.0,820770.21748344,172622.8864517286668264960976,145.080984532246,30.51316651815549379887634884,16.999,3.57519849561566346,820868.21048345,172643.496159724232312371263,,0.23067118407932788,0.18458646695727543
2017-03-19,1147.0,1429.0,1655459.0,1158.47375787264,28864623.22782,0.00289427451971689,0.000835421435295077176643718798,0.001,0.0002886462322782,22.8995,6.6098543960546409,0.0,0.0,0.0,0.0,0.0,113.87904112,169.26219130488357,0.000282925408780891,0.2886462322782,,3.8057046111293578,100000000.0,7912.0,5415.0,878124.71039352,253467.389125475079648117264,162.176935622072,46.8117614297352823227644304,15.0,4.329693484173,878188.10639352,253485.688142016588415317264,,0.23752959114796818,0.18924254811774174
2017-03-20,5036.0,1437.0,5034536.0,3503.50452331246,27738527.370076,0.00123197013077459,0.0003417303719160707374546716884,0.001,0.00027738527370076,31.8415,8.83236319254274954,0.0,0.0,0.0,0.0,0.0,61.37156121,158.6158577410276,0.00026729325703679397,0.27738527370076,,-0.6628213610810323,100000000.0,25847.0,5399.0,1629419.19726066,451976.8900054208229325601016,301.804999492621,83.71626238851840901498209196,15.0,4.1607791055114,1629445.19226066,451984.1006356106741887601016,,0.23764649356876189,0.18343497659950006
2017-03-21,3604.0,1465.0,3456249.0,2359.21433447099,28638470.4783168,0.00140464618411155,0.0004022691827615896924494743904,0.001,0.000286384704783168,24.2765,6.952418285668577952,0.0,0.0,0.0,0.0,0.0,174.67678208,165.31337294320204,0.0002575822993398432,0.286384704783168,,-5.844032772713588,100000000.0,17283.0,4692.0,572485.92977171,163951.21399018861657129057728,122.096957751856,34.966701200688216219229559808,13.4995,3.866050322220376416,572878.92577171,164063.76203362958246261857728,,0.23718102453256107,0.18344238443269212
2017-03-22,3250.0,1470.0,2001394.0,1361.4925170068,28447630.8942139,0.00151954261954262,0.00043227387568775355028022446418,0.001,0.000284476308942139,14.618,4.158474684116187902,0.0,0.0,0.0,0.0,0.0,181.37256259,163.99740741207688,0.00027424622008337916,0.284476308942139,,21.344772005145522,100000000.0,9661.0,5445.0,551351.31010587,156846.38562933055867979425593,101.280680460215,28.811954144470183094326499885,19.0,5.405049869900641,551473.30510587,156881.09031663995492709925593,,0.23212036868380356,0.18262256636152108
2017-03-23,1238.0,1436.0,1654358.0,1152.05988857939,29153656.595675,0.00181174566174566,0.000528190108612369281933060205,0.001,0.00029153656595675,13.9903,4.078684018704719525,0.0,0.0,0.0,0.0,0.0,174.23539155,166.9897186298515,0.0002835482031793104,0.29153656595675,,44.43907197515622,100000000.0,7739.0,5042.0,573936.20842438,167323.391282281274864725565,113.846926700591,33.19054205502013073070543925,12.999,3.78968382087179325,574016.20442438,167346.713041411551037725565,,0.23025070628726846,0.18264628598814428
2017-03-24,1078.0,1472.0,1493908.0,1014.88315217391,26315360.179268,0.00174678816850911,0.0004596735981120111432189113148,0.001,0.00026315360179268,11.693,3.07705506576180724,0.0,0.0,0.0,0.0,0.0,105.7477142,149.33522768058918,0.00028142859053081697,0.26315360179268,,15.999606505451522,100000000.0,6697.0,4363.0,945646.917846031,248850.39245532962004582285308,216.794846629849,57.05034474073641746279770532,12.999,3.42073366970304732,945875.91584603,248910.6541038326770268610604,,0.2302964715940595,0.18203902035846167
2017-03-25,9571.0,1451.0,5477855.0,3775.22742935906,25511941.0830508,0.00110689495603887,0.00028239038903589756761662984596,0.001,0.000255119410830508,31.096,7.933193199185476768,0.0,0.0,0.0,0.0,0.0,117.31925868,143.37522129878596,0.00026340526346907395,0.255119410830508,,17.594381122000637,100000000.0,28093.0,6195.0,852374.97345959,217457.40103568049409987717172,137.608227192831,35.106529846865734499173688148,8.0,2.040955286644064,852482.96745959,217484.95240133372398082917172,,0.23020852411427922,0.18122123542087432
2017-03-26,1394.0,1445.0,1722294.0,1191.89896193772,31249030.0592233,0.00161319367879456,0.00050410737760000222474153865248,0.001,0.000312490300592233,13.1685,4.1150285233488202605,0.0,0.0,0.0,0.0,0.0,79.60445298,171.8269165896814,0.00032451081239041554,0.312490300592233,,53.11792877679839,100000000.0,8163.0,5575.0,1256211.1320754,392553.7942695510560024103682,225.348005394691,70.419065943647134276214035003,7.0,2.187432104145631,1256315.1300754,392586.2926358320470499443682,,0.23261012959035918,0.18297490198854324
2017-03-27,1503.0,1445.0,1494193.0,1034.04359861592,38169494.670076,0.00205344542861432,0.0007837897434278621457824908832,0.001,0.00038169494670076,13.678,5.22082348097299528,0.0,0.0,0.0,0.0,0.0,105.89346542,206.55618332734375,0.0003659870750424271,0.38169494670076,,21.535286481208754,100000000.0,6662.0,4051.0,944345.334261331,360451.84202799012237009631156,233.237801594996,89.02569024840443393592539696,3.0,1.14508484010228,944846.33426133,360643.0711962868214351496108,,0.2219127265615973,0.18409849561187344
2017-03-28,3393.0,1450.0,1719874.0,1186.12,41645860.6849795,0.00188853624476323,0.00078649717347943822397594903785,0.001,0.000416458606849795,14.876,6.19523823549755042,0.0,0.0,0.0,0.0,0.0,111.47737384,222.48262361991542,0.00039846285612589374,0.416458606849795,,101.00368620428179,100000000.0,7877.0,3862.0,897043.01914533,373581.28603759811566458570735,232.378922393408,96.77620228121532562455415136,10.999,4.580628216740895205,897447.39828334,373749.6932100528812482309153,,0.2074237601372513,0.18441079612638164
2017-03-29,3782.0,1467.0,1668906.0,1137.63190184049,50747316.7896744,0.00191035649232371,0.00096945466097162502524190300024,0.001,0.000507473167896744,14.683,7.451228524227892152,0.0,0.0,0.0,0.0,0.0,97.06005453,267.1325136699668,0.0004881011104617156,0.507473167896744,,79.9937077376341,100000000.0,7704.0,3416.0,1030289.963133,522844.511443323094910738952,301.608009992096,153.057972293721775400384135424,25.0,12.6868291974186,1030292.962133,522846.033355353617245994952,,0.2031318962960429,0.18160735681932938
2017-03-30,2932.0,1471.0,1504380.0,1022.69204622706,40516987.5195283,0.0023496866539028,0.0009520222483098195969841004924,0.001,0.000405169875195283,15.95437238,6.46423106602367020148354,0.0,0.0,0.0,0.0,0.0,33.64286549,204.47305005466984,0.00039034170660432366,0.405169875195283,,96.75065406638515,100000000.0,6791.0,3684.0,2972398.4136716,1204326.2942979793424670310628,806.865598513548,326.917633849101563641021194084,20.0,8.10339750390566,2972492.86492391,1204364.56310008982335218591653,,0.198690307983326,0.18099721247086292
2017-03-31,1903.0,1454.0,1521573.0,1046.47386519945,39712126.6472665,0.00337005441976761,0.00133832027925991548131371738065,0.001,0.000397121266472665,22.913,9.099239578688173145,0.0,0.0,0.0,0.0,0.0,82.06661056,199.43007357385642,0.00036711221750634096,0.397121266472665,,73.29080329742635,100000000.0,6799.0,3883.0,1218522.36021739,483901.14291479082340789264435,313.825762868244,124.62688440198730268302255026,11.0,4.368333931199315,1218585.43721739,483926.19213291611969809764435,,0.19818339600112814,0.1807906886057633
2017-04-01,1118.0,1444.0,1370585.0,949.158587257618,42979647.9018118,0.00218964947089947,0.00094110363287647723807988659746,0.001,0.000429796479018118,13.243,5.691794771636936674,0.0,0.0,0.0,0.0,0.0,77.36405804,210.70058989659432,0.0003944806856446951,0.429796479018118,,112.8844982755104,100000000.0,6048.0,3949.0,1292589.89942964,555550.58758924252403542621752,327.336514669445,140.68808145898999285693600451,12.0,5.157557748217416,1292651.89642964,555577.23368155221029707221752,,0.19654482196326076,0.17938374854186834
2017-04-02,3082.0,1482.0,1916591.0,1293.24628879892,44218626.2992122,0.0018883155792277,0.0008349872093285009389519441794,0.001,0.000442186262992122,17.0175,7.524904730468436135,0.0,0.0,0.0,0.0,0.0,69.50460794,210.9801769866268,0.0003999647968390915,0.442186262992122,,209.3469421435485,100000000.0,9012.0,4599.0,1438753.52967666,636197.04665444738341478727252,313.157757485684,138.474058509587827145419781448,16.0,7.074980207873952,1440212.52667666,636842.19508559410043642127252,,0.1836756495279792,0.17939887233252683
2017-04-03,1695.0,1427.0,2454126.0,1719.77995795375,45763697.545024,0.00183860528238856,0.0008414137604791350153486252544,0.001,0.00045763697545024,17.612,8.05990241162962688,0.0,0.0,0.0,0.0,0.0,91.92455241,213.5486801888511,0.00039980000000000197,0.45763697545024,,163.76191038444327,100000000.0,9579.0,6136.0,1087848.6473945,497839.76474125358664039968,178.945834973028,81.89223068647431324855612672,9.999,4.57591211752694976,1098011.6433945,502490.72749220647395943968,,0.18129385031033052,0.17807217472868386
2017-04-04,4844.0,1452.0,3101231.0,2135.83402203857,45619780.6521654,0.00140424388933656,0.00064061298213677490943533387024,0.001,0.000456197806521654,20.912,9.540008529980828448,0.0,0.0,0.0,0.0,0.0,89.70177941,208.64595926890297,0.00039950000000000104,0.456197806521654,,90.44914116918025,100000000.0,14892.0,3253.0,1114805.08694978,508571.63536567140101038053612,342.700918213889,156.339407182132905317482052406,1.0,0.456197806521654,1114806.08694978,508572.09156347792266438053612,,0.17287367513074317,0.17705869656398235
2017-04-05,1472.0,1444.0,1561366.0,1081.2783933518,37300054.3815897,0.00255486003657336,0.00095296418301536577859457470392,0.001,0.000373000543815897,18.1625,6.7746223770562292625,0.0,0.0,0.0,0.0,0.0,65.59894663,166.45021014708945,0.0003283999999999998,0.373000543815897,,80.45983180398586,100000000.0,7109.0,4598.0,1524414.72208446,568607.52033846307036632466062,331.868237478597,123.787033054739931232245856509,10.999,4.102632981431051103,1525930.15592659,569172.77798569457456840700123,,0.1749565675537985,0.17915899812224587
2017-04-06,1321.0,1477.0,1198229.0,811.258632362898,41604152.9704645,0.00264419321685509,0.00110009419077503774432346489305,0.001,0.000416041529704645,12.864,5.35195823812055328,0.0,0.0,0.0,0.0,0.0,128.00590949,183.56742437001452,0.0003482695151469015,0.416041529704645,,112.64972130606704,100000000.0,4869.0,2870.0,781213.932994799,325017.439709738216822791141355,272.206317071359,113.249132549635820760658762555,2.74902809,1.14370985176463850847805,781232.1299948,325025.010417454668289385846,,0.1751092791442415,0.1796404594711805
2017-04-07,3535.0,1471.0,1901778.0,1292.84704282801,39239388.6935564,0.00169413262353894,0.00066476728513478923272942486216,0.001,0.000392393886935564,14.639,5.744254110849721396,0.0,0.0,0.0,0.0,0.0,5.48195457,128.3867298506374,0.0003292636831725393,0.392393886935564,,100.56279179217826,100000000.0,8651.0,3290.0,18241668.8738282,7157919.3535929397926594061048,5544.62055606785,2175.6752115782919270821620174,8.0,3.139151095484512,18241801.62946322,7157971.44609257788954004795608,,0.175723946536382,0.1798504924407507
2017-04-08,1019.0,1460.0,1312270.0,898.815068493151,38774992.4156926,0.00135020876826722,0.00052354334749163102786038176572,0.001,0.000387749924156926,7.761,3.009327161381902686,0.0,0.0,0.0,0.0,0.0,97.46302828,125.25778006881988,0.0003273759903270884,0.387749924156926,,98.1891407979273,100000000.0,5748.0,4163.0,1026030.09331048,397843.09086386232682636038448,247.505505525864,95.970240996075394994487734064,12.0,4.652999089883112,1030365.41950417,399524.11326666115900419138142,,0.17579157492294956,0.17985639321760166
2017-04-09,1186.0,1459.0,1108361.0,759.67169294037,39199549.9935824,0.00211424431564869,0.00082877425749918231769392967056,0.001,0.000391995499935824,9.4845,3.717881319141322728,0.0,0.0,0.0,0.0,0.0,117.10935827,126.18312480913208,0.0003229931386076581,0.391995499935824,,97.36160997982684,100000000.0,4486.0,2638.0,853902.72370267,334726.02507438991678865745008,357.874231502149,140.285088291833711648618085776,11.999,4.703554003729952176,944072.22270267,370072.06291385769902083345008,,0.17579957726449558,0.17985690293656978
2017-04-10,1045.0,1447.0,983136.0,679.430545957153,36948574.7900487,0.00207401448109413,0.00076631879170350507840211984131,0.001,0.000369485747900487,7.734,2.857602774262366458,0.0,0.0,0.0,0.0,0.0,150.46567221,118.53657109708399,0.0003049443202646877,0.369485747900487,,72.4715207485937,100000000.0,3733.0,2119.0,664603.41772059,245561.49085371197124369092733,314.155627529976,116.076026995060005819657498312,12.0,4.433828974805844,665695.77473602,245965.10120253246861165444174,,0.17612057722444005,0.17970615170843676
2017-04-11,1085.0,1440.0,958297.0,665.484027777778,39084294.8226768,0.00341228540772532,0.00133366768894654318038241536576,0.001,0.000390842948226768,12.721,4.971913144392715728,0.0,0.0,0.0,0.0,0.0,148.52597582,124.371311975318,0.0003178140646947137,0.390842948226768,,14.130012705844697,100000000.0,3728.0,2549.0,673282.90186506,263147.87435561376568701592608,264.140815953339,103.237575254227129755478778352,16.0,6.253487171628288,673294.93986506,263152.57932302451952019992608,,0.1544702529705179,0.17977516278492078
2017-04-12,3001.0,1449.0,1802963.0,1244.28088336784,45674630.5675371,0.00557738021542652,0.00254744780874296786248142423892,0.001,0.000456746305675371,45.0485,20.5757359512169504935,0.0,0.0,0.0,0.0,0.0,52.56464021,141.2357271211002,0.00037557841412643134,0.456746305675371,,31.615433322628377,100000000.0,8078.0,3602.0,1902419.56586482,868923.10855329966910778934822,529.465982142923,241.831631324562031975363049433,10.0,4.56746305675371,1907136.46767881,871077.53603107305760975558851,,0.15692538597461567,0.18076001684805315
2017-04-13,1141.0,1450.0,1372899.0,946.826896551724,40003954.6549094,0.00520684210526316,0.00208294275474220449587272957704,0.001,0.000400039546549094,29.679,11.872773702030560826,0.0,0.0,0.0,0.0,0.0,112.13100759,122.3741686579345,0.0003411681389403334,0.400039546549094,,16.111191523014043,100000000.0,5700.0,3431.0,891813.97859365,356760.8596027471692448016531,260.805002100064,104.332314777845110954076542016,3.999,1.599758146649826906,894821.96220532,357964.17200278674209988798008,,0.15903097422672968,0.18169114647764414
2017-04-14,1228.0,1412.0,1783378.0,1263.01558073654,42113417.577294,0.00249802479226263,0.0010520036119498923513117272322,0.001,0.00042113417577294,18.338,7.72275851532417372,0.0,0.0,0.0,0.0,0.0,106.33834601,127.85500163203999,0.0003586155647666588,0.42113417577294,,69.84549831881071,100000000.0,7349.0,4310.0,940394.54014981,396032.2795673631666201441414,218.78434705381,92.1375656685271281685219014,3.999,1.68411556891598706,942960.53580192,397112.9080313514591587360448,,0.14612887906711455,0.1817678243033426
2017-04-15,6375.0,1437.0,2961663.0,2061.00417536534,44004916.2847166,0.00210530679933665,0.0009264384945845393283541324339,0.001,0.000440049162847166,30.468,13.407417893627453688,0.0,0.0,0.0,0.0,0.0,26.28321787,127.01505561975954,0.0003743308239752963,0.440049162847166,,56.38729064705434,100000000.0,14472.0,5725.0,3804709.16807906,1674259.08429012774983258494396,665.069376253827,292.663222255783433846423604282,10.0,4.40049162847166,3807522.17905316,1675496.94741436034579166934456,,0.14477984775928684,0.18182438311740393
2017-04-16,1526.0,1442.0,1742075.0,1208.09639389736,39095659.8642957,0.00231363278171789,0.00090453000284926926257320940073,0.001,0.000390956598642957,17.616,6.887091441694330512,0.0,0.0,0.0,0.0,0.0,266.07374314,113.29037120036602,0.0003330999999999992,0.390956598642957,,21.026055110350153,100000000.0,7614.0,4513.0,375835.65676281,146935.43001673005688562602917,83.5098961151252,32.6487449381960368125621532164,2.999,1.172478839330228043,376880.16116756,147343.78590607870334469087492,,0.14482614130273577,0.18256479127047123
2017-04-17,6996.0,1372.0,2859878.0,2084.45918367347,39780283.4171029,0.00239515062454078,0.00095279770670883244873510506262,0.001,0.000397802834171029,32.598,12.967576788307203342,0.0,0.0,0.0,0.0,0.0,70.05855165,114.47015290561319,0.00033375487304096154,0.397802834171029,,89.1433548757084,100000000.0,13610.0,4229.0,1427377.49553278,567814.81315488516958199583062,340.602622968262,135.492688742861041658146881598,0.999,0.397405031336857971,1440408.49253278,572998.58069355934596790883062,,0.11920404435825026,0.18256695647959773
2017-04-18,1244.0,1427.0,1859075.0,1302.78556412053,48321636.6962595,0.00305049290694879,0.00147404809994095967166151051005,0.001,0.000483216366962595,25.374,12.26113209530888553,0.0,0.0,0.0,0.0,0.0,77.18822781,136.7712067773112,0.0004019663271702085,0.483216366962595,,67.40782069064612,100000000.0,8318.0,4934.0,1295534.34291943,626023.39846079967621390872085,262.572829939082,126.87948894625049865122263779,0.049441755,0.023891065227354716154225,1295534.34291943,626023.39846079967621390872085,,0.11054391752302643,0.18385579881144973
2017-04-19,1448.0,1440.0,2013497.0,1398.26180555556,47160779.8373752,0.00203464023167743,0.00095955220014405346446904281736,0.001,0.000471607798373752,18.267,8.614859652893327784,0.0,0.0,0.0,0.0,0.0,28.57795528,127.11478177060134,0.0003899000000000011,0.471607798373752,,70.01904682312625,100000000.0,8980.0,4782.0,3499200.66093209,1650250.31977016083786251050168,731.745641976598,345.096951182171147491241455696,0.04882767,0.02302750994842009931784,3499207.65993209,1650253.62055314165575275850168,,0.1103047240189688,0.18390582505963027
2017-04-20,1544.0,1467.0,2067648.0,1409.43967280164,43747701.1250918,0.00299382578707309,0.00130972995753466263057479559662,0.001,0.000437477011250918,26.9115,11.773162588279079757,0.0,0.0,0.0,0.0,0.0,78.52596554,116.04393952503956,0.00035400220332159894,0.437477011250918,,52.7585111719382,100000000.0,8989.0,5153.0,1273464.12498287,557111.27933277146511402177466,247.362530561395,108.21542056546294803374911061,3.0,1.312431033752754,1274659.11998287,557634.06217383125586943177466,,0.11155279103315378,0.1839385393461138
2017-04-21,1548.0,1413.0,2349061.0,1662.4635527247,48362548.2038447,0.00219741763134461,0.00106272716119881943502432622067,0.001,0.000483625482038447,24.677,11.934426020262756619,0.0,0.0,0.0,0.0,0.0,60.27192933,125.42220459206219,0.0003877266869553476,0.483625482038447,,70.00553889245447,100000000.0,11234.0,7248.0,1659147.15365752,802405.84196033540354131067144,229.23910701282,110.86587363113820862656189054,9.999,4.835771194902431553,1661525.04762892,803555.85207849004564562908724,,0.11256974287012689,0.1809531063031199
2017-04-22,1350.0,1462.0,1845843.0,1262.54651162791,48375115.9372881,0.00126317013606233,0.00061106001780535197724552767273,0.001,0.000483751159372881,10.862,5.254505093108233422,0.0,0.0,0.0,0.0,0.0,66.08329069,123.0789109528696,0.0003890080870548687,0.483751159372881,,65.93155571594626,100000000.0,8599.0,6129.0,1513241.8340442,732032.4916304265355480353402,246.984771104206,119.479169369105290708861437486,11.999,5.804530161315199119,1513769.66209768,732287.82906324701658376501608,,0.11260612046625167,0.17971215057890785
2017-04-23,3935.0,1435.0,2259005.0,1574.21951219512,57256378.5763017,0.00386881211547563,0.00221514171124255320197341877571,0.001,0.000572563785763017,40.874,23.402972179277556858,0.0,0.0,0.0,0.0,0.0,71.66400406,142.68372654029847,0.00045805048509643665,0.572563785763017,,117.57778797726634,100000000.0,10565.0,5142.0,1395400.68011323,798955.89606191963811350641491,271.401726782036,155.394800148942533530308762612,9.999,5.725065293844406983,1395547.67911323,799040.06236586301584948941491,,0.1135700893556681,0.1803338547383061
2017-04-24,1792.0,1463.0,1614368.0,1103.46411483254,59090253.7860316,0.00290738620097338,0.00171798188469523297834167438808,0.001,0.000590902537860316,20.311,12.001821446480878276,0.0,0.0,0.0,0.0,0.0,16.73939657,134.23158600830502,0.00047000000000000053,0.590902537860316,,131.6180238644758,100000000.0,6986.0,4007.0,5973930.99586692,3530010.98646016796101628514672,1490.94349827931,881.00229693958196027513286196,11.0,6.499927916463476,5974210.59760521,3530176.20383691367790709384636,,0.11306211027772176,0.1801717225842902
2017-04-25,1572.0,1498.0,1659011.0,1107.48397863818,55546136.9641215,0.00271351841517857,0.00150725465544174758225105676255,0.001,0.000555461369641215,19.4505,10.8040013702064523575,0.0,0.0,0.0,0.0,0.0,65.21684206,123.7030570300886,0.00043400006428988736,0.555461369641215,,77.7531554062645,100000000.0,7168.0,4326.0,1533346.24688073,851714.60642658687921299728695,355.374536726937,197.396826905956688764115908455,4.999,2.776751386836433785,1537350.24588073,853938.67319516893443178228695,,0.10920955732127416,0.18017706649976664
2017-04-26,1667.0,1474.0,2062765.0,1399.43351424695,54286663.0040522,0.00200861163621088,0.00109040823000997935565693727936,0.001,0.000542866630040522,19.126,10.382867166155023772,0.0,0.0,0.0,0.0,0.0,124.06941138,119.8342653001758,0.0004187217272051143,0.542866630040522,,42.225259918391565,100000000.0,9525.0,5700.0,806000.43865832,437550.74194562464963691244304,141.41112941374,76.76738327506117128230357228,5.0,2.71433315020261,806043.43765832,437574.08466784976204239044304,,0.10393557022456952,0.17181976521224704
2017-04-27,4278.0,1468.0,2574834.0,1753.97411444142,57313538.7305969,0.00155738284703802,0.00089259122122080826873911594138,0.001,0.000573135387305969,17.614,10.095206712007337966,0.0,0.0,0.0,0.0,0.0,90.05554394,124.82659905306437,0.00042584119518225853,0.573135387305969,,37.621213220041085,100000000.0,12420.0,7803.0,1110425.80644816,636424.32465320915061105706704,143.031890109418,81.976637734966082159654516042,0.02865966,0.01642586533415738751054,1116077.83852379,639663.70424594111053201550251,,0.10328372333927682,0.16257795468287065
2017-04-28,11838.0,1482.0,5384213.0,3633.07219973009,54054204.7364758,0.00235120041083579,0.00127092268383803806691777108882,0.001,0.000540542047364758,54.9405,29.697650353243486899,0.0,0.0,0.0,0.0,0.0,52.53337353,114.93363087283701,0.0004009999999999992,0.540542047364758,,6.516379891585225,100000000.0,26105.0,5505.0,1903551.84303672,1028949.81050002708812822791376,345.899698825925,186.97333138621867851282175115,5.999,3.242711742141183242,1904177.84203672,1029288.18928113537927146991376,,0.09773018239994193,0.1582845579817214
2017-04-29,5678.0,1485.0,3983172.0,2682.27070707071,58395244.1183916,0.00188741912293314,0.00110216300437401275820811137624,0.001,0.000583952441183916,26.254,15.331087390842530664,0.0,0.0,0.0,0.0,0.0,117.2841292,123.17901758449673,0.0004300993449940146,0.583952441183916,,44.12533530595375,100000000.0,18367.0,6114.0,852630.280669371,497895.533824206660084199036836,139.46275378956,81.43961552964499414192071696,2.999,1.751273371110564084,852675.27666937,497921.80934824958761609385292,,0.08865746602764372,0.15262761863301158
2017-04-30,2008.0,1464.0,3026133.0,2067.03073770492,59001263.0014611,0.00178985507246377,0.00105603709864934108987886814347,0.001,0.000590012630014611,16.549,9.764119014111797439,0.0,0.0,0.0,0.0,0.0,99.84967532,123.11523181642147,0.0004269401276640681,0.590012630014611,,48.5724084371652,100000000.0,13449.0,5937.0,1001505.50995051,590900.89990002457194718690161,168.691175669616,99.529924217086894017788759376,1.999,1.179435247399207389,1001519.50995051,590909.16007684477650118690161,,0.08844966426561678,0.15217601271988618
2017-05-01,4863.0,1468.0,4574734.0,3116.3038147139,58804217.3724125,0.00139817396152774,0.0008221852555812433492702947275,0.001,0.000588042173724125,20.061,11.796714047079671625,0.0,0.0,0.0,0.0,0.0,114.36779995,121.60759646544149,0.0004092318153712271,0.588042173724125,,36.818750834702904,100000000.0,20909.0,6305.0,874371.98266809,514167.60133161659330910067125,138.71117853578,81.5680229460152616071616925,0.999,0.587454131550400875,874573.98066809,514286.38467462451911085067125,,0.0876090215784975,0.15104766650670326
2017-05-02,2912.0,1480.0,4202529.0,2839.54662162162,66932108.4576505,0.00217137368912885,0.00145334619262860868632462766925,0.001,0.000669321084576505,20.9125,13.9971771812061608125,0.0,0.0,0.0,0.0,0.0,22.74670347,129.7548115612178,0.0004572430425275629,0.669321084576505,,51.3663224287973,100000000.0,18204.0,5774.0,4396241.42137631,2942497.07621574774175058959655,763.170491405665,510.806101024423985688682900825,9.0,6.023889761188545,4406546.41737631,2949394.42731502428746956959655,,0.09022698373722539,0.14397308145915966
2017-05-03,7347.0,1464.0,5511377.0,3764.60177595628,68703535.4179427,0.002269429241595,0.001559178122784369230161666065,0.001,0.000687035354179427,29.026,19.941888190412048102,0.0,0.0,0.0,0.0,0.0,6.12329039,107.39986879785303,0.0004521727719695332,0.687035354179427,,50.126714193820646,100000000.0,23849.0,3836.0,16331088.9431809,11220035.4762140138133467193443,4278.01589759668,2939.14816739055435148279950236,12.0,8.244424250153124,16410468.98318088,11274572.37011017715507671575576,,0.09017494815015119,0.14227354453513552
2017-05-04,10649.0,1461.0,11242150.0,7694.83230663929,80189060.7317797,0.00145364246316946,0.00116566223761389663713008487962,0.001,0.000801890607317797,60.88,48.81910017350748136,0.0,0.0,0.0,0.0,0.0,9.87870206,110.35455271044952,0.0005207656562561792,0.801890607317797,,75.7769537367853,100000000.0,53270.0,3752.0,10122787.3238152,8117368.0748430677269728991144,2701.86231444968,2166.59801222312250410092495496,0.010942835,0.008774956603928445134495,10137387.40381518,8129075.74186114011078451275846,,0.09369781971228533,0.1378638605562856
2017-05-05,12514.0,1431.0,7687792.0,5372.321453529,78283295.1796903,0.0021780309667935,0.0017050344108400180241491405305,0.001,0.000782832951796903,50.3735002,39.4340358539078836298806,0.0,0.0,0.0,0.0,0.0,20.52919305,102.28517616308133,0.0005117055430945993,0.782832951796903,,109.87448001772573,100000000.0,34317.0,3075.0,4871112.06686883,3813267.03784043933824130123349,1584.11644451019,1240.09855224592693425019394157,0.0094476,0.0073958925953964207828,4871158.06686883,3813303.04815622199577930123349,,0.08447049763488766,0.1362317892265689
2017-05-06,6199.0,1451.0,5678778.0,3913.69951757409,66549977.0566833,0.00217682608642447,0.00144867726107938176841814160351,0.001,0.000665499770566833,28.46200108,18.94145518861295305817964,0.0,0.0,0.0,0.0,0.0,31.62351676,84.42913484505192,0.00042300000000000063,0.665499770566833,,59.95993742242095,100000000.0,24258.0,4156.0,3162203.64563492,2104445.80065564214303457860836,760.876719353927,506.363282159683000558334503191,0.00830246,0.00552528522514030830918,3162203.64563492,2104445.80065564214303457860836,,0.08950599628447706,0.13795811366224225
2017-05-07,13485.0,1460.0,7734239.0,5297.42397260274,79103188.3590298,0.00285502472445672,0.00225841558548387075840111290256,0.001,0.000791031883590298,71.33850279,56.43103023448542908993142,0.0,0.0,0.0,0.0,0.0,42.79755293,98.08123869163808,0.0005182785735577525,0.791031883590298,,101.591286186422,100000000.0,35929.0,3870.0,2336582.19103436,1848311.01173745530270308063928,603.768008019214,477.599744635000998197687985772,0.00590894,0.00467415993822205546412,2336582.19103436,1848311.01173745530270308063928,,0.09279862212047293,0.13932188288598238
2017-05-08,10494.0,1438.0,6417861.0,4463.04659248957,77513978.8306254,0.00203909605107132,0.00158058448136354147970495603528,0.001,0.000775139788306254,34.73600123,26.92525664002797856069242,0.0,0.0,0.0,0.0,0.0,33.85215025,93.251509030911,0.00046000000000000094,0.775139788306254,,99.9071411791038,100000000.0,28653.0,3508.0,2954022.10121162,2289780.06618517075452102347148,843.541077882446,653.862252537428510627258617284,0.007257965,0.00562593745363420081311,2959142.10121162,2293748.78190129877500102347148,,0.0929211458126693,0.13940398184167885
2017-05-09,5690.0,1408.0,6250509.0,4439.28196022727,80208557.3066786,0.00216624721580164,0.00173751563949058806029424832904,0.001,0.000802085573066786,30.9275115,24.806510785007114283039,0.0,0.0,0.0,0.0,0.0,56.71889335,94.81310597050923,0.00046653821758419763,0.802085573066786,,104.61601554051012,100000000.0,25865.0,4591.0,1763080.94335004,1414141.78881004649685549577144,384.138737388377,308.112139315307979300241146322,0.00572525,0.0045921404272006165465,1763580.94335004,1414542.83159657988985549577144,,0.0929129666520046,0.1394075070669784
2017-05-10,2859.0,1413.0,5890875.0,4169.05520169851,126557429.0,0.00182675694076708,0.0023118966183138693263732,0.001,0.00126557429,24.1479,30.560961397491,0.0,0.0,0.0,0.0,0.0,12.99566675,132.9208805310193,0.00071,1.26557429,,242.52316826598008,100000000.0,24828.0,5917.0,7694872.60005455,9738432.9274544910775195,1300.96528192907,1646.4682129920325956103,0.00801108,0.0101386168831332,7697811.57317432,9742152.4162738730802328,,0.12054639423607114,0.15007300783999944
2017-05-11,10541.0,1437.0,7080948.0,4927.59081419624,115690780.164144,0.00189263974587188,0.0021896096876958503571279387072,0.001,0.00115690780164144,32.32250158,37.3941542464697709934752,0.0,0.0,0.0,0.0,0.0,28.87263634,116.25124536343033,0.0006303000000000001,1.15690780164144,,196.00324296249022,100000000.0,31046.0,3177.0,3463486.97909616,4006935.1069998905210156008704,1090.70036362868,1261.8397599351754005786604992,0.00863071,0.0099849357327047926224,3465155.05524833,4008864.9173140680278608187952,,0.12283771551134588,0.13928951538655313
2017-05-12,7068.0,1466.0,8131127.0,5546.47135061392,109950675.850117,0.00365967706706816,0.0040238396691731815223278297472,0.001,0.00109950675850117,66.84400163,73.4954315574482238369071,0.0,0.0,0.0,0.0,0.0,48.93365643,107.92199062336157,0.000645000000000002,1.09950675850117,,140.72592264876164,100000000.0,35395.0,5091.0,2043583.23702178,2246933.5806651455140874454826,401.520180126062,441.47415172321232960077449254,0.00743055,0.0081699399443808687435,2044139.23702178,2247544.9064228721646074454826,,0.12168694988491216,0.13959026956027573
2017-05-13,1232.0,1452.0,6852735.0,4719.51446280992,121150303.085798,0.00240094074808936,0.0029087469932206854938065090928,0.001,0.00121150303085798,32.6720017,39.582229083747075018566,0.0,0.0,0.0,0.0,0.0,55.88115463,116.27654419455718,0.0006806807668850455,1.21150303085798,,202.84581644712486,100000000.0,29264.0,6652.0,1789512.05753136,2167999.2814561425151415562528,269.018649658954,325.91690941914385866500935292,0.005557935,0.0067334550978116470713,1789512.05753136,2167999.2814561425151415562528,,0.11833004352663976,0.13990373781856144
2017-05-14,1931.0,1390.0,3653013.0,2628.06690647482,139406877.614027,0.00351937688387139,0.0049062534252749457942192798753,0.001,0.00139406877614027,53.30800166,74.3150206326396815528482,0.0,0.0,0.0,0.0,0.0,32.52334781,129.2540108613554,0.0007768158844151415,1.39406877614027,,231.02722513118965,100000000.0,16317.0,7294.0,3074714.21982866,4286363.0894176251395355261382,421.722130631843,587.90965452120044089789661761,0.005749415,0.00801507993257251044205,3076041.22082866,4288213.0200776320539657961382,,0.11981061336560751,0.13295599382034543
2017-05-15,10797.0,1456.0,7151697.0,4911.87980769231,131118304.794074,0.0014973685775452,0.001963324295396405631864271448,0.001,0.00131118304794074,50.3595,66.03052270277169603,0.0,0.0,0.0,0.0,0.0,36.25416057,117.51167457348122,0.0007549058653407581,1.31118304794074,,197.96285475405588,100000000.0,33952.0,7327.0,2758304.10727529,3616641.5865246766158867863146,376.477972877752,493.63153596040211407536041648,0.00537022,0.0070413414277123207628,2758454.10727529,3616838.2639818677268867863146,,0.12122059054122974,0.13282710236581932
2017-05-16,2408.0,1429.0,3274813.0,2291.68159552134,131569073.768507,0.144206167519526,0.18973071892250194401326367682,0.001,0.00131569073768507,2141.75,2817.8806374369986725,0.0,0.0,0.0,0.0,0.0,27.49662229,112.72474081075198,0.0007488164815897149,1.31569073768507,,236.531150069328,100000000.0,15144.0,8265.0,3636810.33010723,4784917.6660394643805750700561,440.213353672986,579.18463203282956953143451902,0.00776152,0.0102117599743574245064,3638363.36810723,4786960.9837513373263177300561,,0.11785499566242165,0.13203102681375115
2017-05-17,2475.0,1430.0,4889275.0,3419.07342657343,130229716.658328,0.0018971037582231,0.002470592849048435005830969768,0.001,0.00130229716658328,26.81935583,34.9267711069977716485224,0.0,0.0,0.0,0.0,0.0,31.89449898,107.4812082770043,0.000719999999999996,1.30229716658328,,227.37252093668548,100000000.0,21383.0,6227.0,3135336.91343849,4083140.3786549121571897424472,503.507145244668,655.71592860656716068919795104,0.00594224,0.0077385623151578297472,3135338.99343855,4083143.087433096788242137444,,0.11814870518021964,0.11802820799708719
2017-05-18,10898.0,1408.0,6220383.0,4417.88565340909,138086384.561309,0.00156380129589633,0.0021593966712261399016899309597,0.001,0.00138086384561309,36.202,49.99003293888508418,0.0,0.0,0.0,0.0,0.0,53.16421529,111.48189544674608,0.0007289776110295838,1.38086384561309,,185.76512304269286,100000000.0,29061.0,6639.0,1880964.4694054,2597355.830684726014310756686,283.376094346989,391.30380339480104439590048601,0.00586456,0.0080981588744287030904,1881333.89036966,2597865.9507380841737894348494,,0.114552118591578,0.1119691207103828
2017-05-19,6229.0,1406.0,5726464.0,4072.87624466572,159487896.667291,0.00219702470891638,0.0035039884975114070117400012658,0.001,0.00159487896667291,46.00350038,73.3700151493912225207058,0.0,0.0,0.0,0.0,0.0,58.25592044,125.8234658748415,0.0008105931618936279,1.59487896667291,,238.17909122210042,100000000.0,26601.0,7518.0,1716563.72842906,2737711.3854251369156491587646,229.591211549489,366.17019423323049631214064299,0.00572133,0.0091248288783947201703,1726066.72842906,2752867.5202454295793791587646,,0.11566597781164228,0.11264976136762157
2017-05-20,9634.0,1413.0,5600796.0,3963.76220806794,165907597.468892,0.0015425893242221,0.002559272886628502987068489132,0.001,0.00165907597468892,30.58800371,50.7478220689565510558932,0.0,0.0,0.0,0.0,0.0,93.16388293,128.9795972494346,0.0008100491453756747,1.65907597468892,,279.2372929368271,100000000.0,25364.0,5345.0,1073377.33098547,1780814.5416137101309602899924,201.058434234889,333.57121774767658896998572988,0.00578361,0.0095954483979705846012,1074657.33098548,1782938.1588613285393200368816,0.15560540539128742,0.11358553242784057,0.1126571075576539
2017-05-21,2914.0,1424.0,5009827.0,3518.13693820225,194091614.601064,0.00200135386583041,0.0038844600320710548719322955624,0.001,0.00194091614601064,32.54801792,63.1729735015716472306688,0.0,0.0,0.0,0.0,0.0,66.42657437,147.26548214609375,0.0009490000000000031,1.94091614601064,,301.3262778937571,100000000.0,21855.0,7697.0,1505421.6019145,2921897.09370905524736137028,195.593426388788,379.63043933154221662782470432,0.00630163,0.0122309354131850293432,1505482.6029145,2922015.49153487804241201028,0.155964272490764,0.11500685425635453,0.11374619295635652
2017-05-22,2436.0,1395.0,4183082.0,2998.62508960573,190847013.302683,0.00198879161386384,0.0037955493958733666476906868272,0.001,0.00190847013302683,24.04250182,45.8843966467132023838306,0.0,0.0,0.0,0.0,0.0,37.53966238,139.02881211957796,0.0009180000000000029,1.90847013302683,,294.5148442643337,100000000.0,17589.0,6221.0,2663849.21059787,5083876.6573131330427370508521,430.417099905904,821.43817991444298515570740432,0.00653815,0.0124778640002493685645,2677624.77851463,5110166.9172477521313533375229,0.15592745500184838,0.11528538763692985,0.11391764242076377
2017-05-23,7137.0,1432.0,5109886.0,3568.3561452514,228334413.66593,0.0418988696140642,0.09566953826592599893408372706,0.001,0.0022833441366593,707.83950326,1616.241179464552467859318,0.0,0.0,0.0,0.0,0.0,17.8765642,150.8232526011986,0.0010115429527102371,2.2833441366593,,298.7929717937787,100000000.0,22465.0,5960.0,5593916.08506904,12772835.493806538514035458072,938.708179727478,2143.3938182148612722633342454,0.00552684,0.012619677708254085612,5594700.75117577,12774627.156560575740034905161,0.1558269646888186,0.11569764252801051,0.11411839509584366
2017-05-24,5928.0,1403.0,5693165.0,4057.85103349964,369496105.677616,0.00245815783641033,0.0090827974769453119724167217328,0.001,0.00369496105677616,50.72900327,187.4416915317204762980432,0.0,0.0,0.0,0.0,0.0,25.98586982,221.25593673566746,0.001530000000000003,3.69496105677616,,525.3080364413014,100000000.0,26136.0,7232.0,3848245.24670399,14219116.3234952094404952088784,533.263980047902,1970.38963925845707525849161632,0.00460269,0.0170067603064130638704,3856565.10370643,14249857.8711171716776828627088,0.15968588371183173,0.14027706638696816,0.1274122804173559
2017-05-25,12587.0,1413.0,7100229.0,5024.93205944798,242778585.167348,0.00165130465955361,0.0040090140892667469960882752628,0.001,0.00242778585167348,43.79920479,106.3350897037113147319692,0.0,0.0,0.0,0.0,0.0,39.9287312,139.7832354426271,0.0010466392518994705,2.42778585167348,,337.07555275025544,100000000.0,32072.0,4970.0,2504462.25031053,6080298.0173542303266501657444,504.762524049761,1225.45531434300444042864403828,0.003209295,0.0077914809948464409966,2508669.74452731,6090512.9122847268006350627388,0.1629020830564073,0.16428623681838983,0.1391301953608122
2017-05-26,10662.0,1435.0,6565442.0,4575.22090592334,250644088.085649,0.0017413445349261,0.004364577129994808999686855389,0.001,0.00250644088085649,43.00250329,107.7832322252217092428521,0.0,0.0,0.0,0.0,0.0,35.81524391,138.22826269788587,0.0010995965808347173,2.50644088085649,,361.7047249099466,100000000.0,30267.0,3628.0,2792107.1893474,6998251.603113635768316154626,769.845269696075,1929.57165590023233058799127675,0.00085455,0.0021418790547359135295,2792998.63845736,7000485.9676060426447291442664,0.16290561444052173,0.16376066457175217,0.13741521558507808
2017-05-27,2013.0,1399.0,3480693.0,2487.98641887062,206204638.128463,0.90232213953433,1.8606301025797701523353863479,0.001,0.00206204638128463,7963.89520353,16421.9212853690584167107439,0.0,0.0,0.0,0.0,0.0,43.73070066,110.70973900366668,0.0010086806618995066,2.06204638128463,,259.7834694830672,100000000.0,14401.0,4224.0,2286723.02290325,4715328.9343778967496472020475,548.537647467625,1131.11007095900021651383510375,0.001081945,0.00223102077199899900535,2317023.02290325,4777808.9397308210386472020475,0.1631372714372881,0.16980900445707534,0.14027624499216176
2017-05-28,2677.0,1406.0,5084043.0,3615.96230440967,270086402.263109,0.00208428253193826,0.0056293637035104822223626365034,0.001,0.00270086402263109,36.05600352,97.3823627070279407014368,0.0,0.0,0.0,0.0,0.0,50.62353383,140.5879537205338,0.001213489226305303,2.70086402263109,,399.6584513264601,100000000.0,22891.0,7790.0,1975365.85128998,5335194.5592831429061901534782,253.896005462641,685.73858664379377208952010869,0.00362956,0.0098029480219808990204,1977849.88255397,5341903.5899551443286483249273,0.1638338287944777,0.17360211375479626,0.1420666820191815
2017-05-29,8987.0,1344.0,4794048.0,3567.0,261392694.768622,0.00175804801934505,0.004595409093092411197897310211,0.001,0.00261392694768622,27.80880357,72.6901810345357579758054,0.0,0.0,0.0,0.0,0.0,46.48135354,131.97120732776494,0.001144092823519449,2.61392694768622,,347.626683842043,100000000.0,21379.0,3631.0,2151400.34426809,5623603.3351437713874648787198,593.202872577169,1550.58897407433706129294791118,0.00078238,0.0020450841653307448036,2153919.6303277,5630188.564863916199255374294,0.16276865661635884,0.17424588242113215,0.1383827101214213
2017-05-30,5885.0,1423.0,5409314.0,3801.34504567814,248425274.777555,0.0021221729432717,0.005272013965577647118514266935,0.001,0.00248425274777555,40.51440366,100.648018616842799778513,0.0,0.0,0.0,0.0,0.0,43.82722123,121.70603689538277,0.0011462619228521291,2.48425274777555,,321.05077440698693,100000000.0,24678.0,6512.0,2281686.97861006,5668287.146175734133095852033,362.666919319727,900.95629084732550031848327485,0.00406058,0.010087507022562442819,2361686.97861006,5867027.365997778133095852033,0.16173292397407513,0.17508228232266948,0.13863268747975394
2017-05-31,3122.0,1424.0,4314911.0,3030.13412921348,303498226.32355,0.00348227306403151,0.010568636985078371429686550605,0.001,0.0030349822632355,52.15400368,158.28647612551899570664,0.0,0.0,0.0,0.0,0.0,59.23192264,144.81673684949294,0.001319883109292809,3.0349822632355,,416.1164281831486,100000000.0,18473.0,6115.0,1688278.81228358,5123896.25067696148643432309,276.477320242613,839.1037631232117206903543615,0.00252975,0.007677746380420006125,1690658.81328358,5131119.51149844423966982309,0.16225504815919134,0.17696195147822977,0.14022463882339445
2017-06-01,2568.0,1373.0,3846273.0,2801.36416605972,372157938.854761,0.00381152455898295,0.0141848912376539659271792532495,0.001,0.00372157938854761,38.6755397,143.934091388474815895117,0.0,0.0,0.0,0.0,0.0,43.78685876,170.47617337753513,0.0015507306838106365,3.72157938854761,,456.02303204034575,100000000.0,15857.0,4285.0,2283790.22443874,8499306.6270377350174960184114,535.031114221431,1991.16076691813966592302582991,0.00087917,0.0032719009510294022837,2292608.32443883,8532123.8862442216393819876963,0.16287035456016113,0.17856209576745768,0.14195662018249755
2017-06-02,6189.0,1400.0,5091244.0,3636.60285714286,485387890.736586,0.00226388745738467,0.0109886355780495769633144453662,0.001,0.00485387890736586,37.98350376,184.3673277285158350056336,0.0,0.0,0.0,0.0,0.0,25.96531471,203.08165662665905,0.0019576640035067214,4.85387890736586,,606.4962345588718,100000000.0,22381.0,5668.0,3851291.66063627,18693703.3576764267191172757422,679.65696200358,3298.9725921135367166056897788,0.009,0.04368491016629274,3852295.66063629,18698576.6520995191201354230594,0.16394128815064882,0.18243743158379958,0.14503154859910636
2017-06-03,3208.0,1392.0,4517174.0,3245.09626436782,689235652.524483,0.00239702648880055,0.0165211611612691742113417886565,0.001,0.00689235652524483,31.3555035,216.113309150562105421905,0.0,0.0,0.0,0.0,0.0,21.15445142,250.5817035011293,0.0027033599064874353,6.89235652524483,,759.5133129565792,100000000.0,18658.0,6255.0,4727137.47108302,32581116.7945483967807507557866,755.740863259019,5208.83547027746040530068062177,0.198,1.36468659199847634,4727159.09968516,32581265.8665854883340449177228,0.1657304461906259,0.1891389006497613,0.1503676543916734
2017-06-04,3702.0,1444.0,5369243.0,3718.31232686981,590767786.762304,0.0022573222292157,0.013335532573631093700602449728,0.001,0.00590767786762304,41.24353445,243.653515652813389853728,0.0,0.0,0.0,0.0,0.0,42.04321274,203.30832482259183,0.0023396801168907096,5.90767786762304,,654.6537040964671,100000000.0,23902.0,8809.0,2378505.19681045,14051442.509223478337130932768,270.010126326535,1595.1328473333719434073293664,0.003705,0.0218879464995433632,2378519.20281045,14051525.252159692265429172768,0.16518496445593842,0.19286531371043392,0.1491747073019441
2017-06-05,3354.0,1407.0,4492642.0,3193.06467661692,577017232.574604,0.0229420813603047,0.132379762960244243885469218388,0.001,0.00577017232574604,319.26200421,1842.1967813547577138708284,0.0,0.0,0.0,0.0,0.0,79.60738806,193.2788783134213,0.0021487847457627132,5.77017232574604,,767.043473333034,100000000.0,19535.0,7323.0,1256164.8163367,7248287.459801883421407331668,171.632638855211,990.34990291710300812711661444,0.00372535,0.021495911473718010114,1256865.81433671,7252332.3390619444456785091284,0.16520889349109727,0.18878491330182115,0.14920648540584477
2017-06-06,2858.0,1408.0,4206559.0,2987.61292613636,520086118.018845,0.00315245471318458,0.016395479340103796387304034101,0.001,0.00520086118018845,38.85400434,202.074282866779558317873,0.0,0.0,0.0,0.0,0.0,47.7105962,167.45403076735315,0.0018112999999999977,5.20086118018845,,557.4780723860367,100000000.0,17945.0,5578.0,2095970.45451645,10900851.3717165461085646250025,375.756625047768,1954.2580444095635728364918796,0.000718845,0.00373861305507256634025,2095970.45451645,10900851.3717165461085646250025,0.16545408652462215,0.19044156654263192,0.14984736440805285
2017-06-07,10802.0,1367.0,6136079.0,4488.71909290417,499207748.43303,0.00197005002338445,0.009834642364741893843447683835,0.001,0.0049920774843303,43.80800237,218.692942264765420262811,0.0,0.0,0.0,0.0,0.0,86.29102657,157.5159801359596,0.0018443000000000005,4.9920774843303,,544.0228665384875,100000000.0,27730.0,5912.0,1158869.05021027,5785164.092841928779845132181,198.979879771697,993.3229776430387084589395191,0.000642565,0.0032077342687186992195,1176369.04921027,5872525.443825631545514832181,0.16548917919858935,0.19078967497511504,0.1500749255106227
2017-06-08,2723.0,1392.0,4322918.0,3105.54454022989,552257361.228521,0.013624466676345,0.07524212014824207574890035745,0.001,0.00552257361228521,159.54250478,881.0852269359149831483038,0.0,0.0,0.0,0.0,0.0,49.14191681,167.76116948017614,0.0019705435827001754,5.52257361228521,,588.5267355164572,100000000.0,18114.0,5200.0,2034922.65857632,11238010.1772948506115203922272,391.459847033956,2161.86582149893013654162659076,0.000539085,0.00297713659577877243285,2035591.20457657,11241702.2717944300829281235297,0.16536681242413795,0.19084259727116104,0.15020311304121514
2017-06-09,8097.0,1405.0,6878072.0,4895.42491103203,634826684.435192,0.00187687068344596,0.0119148759308561158646685422432,0.001,0.00634826684435192,46.3831052,294.452328879247131181984,0.0,0.0,0.0,0.0,0.0,55.93991574,185.80066016959682,0.0022632998012857967,6.34826684435192,,401.6115525191271,100000000.0,31477.0,4992.0,1787632.295937,11348366.83418955657041414904,358.101465442368,2273.32365998161963496507014656,0.003,0.01904480053305576,1787642.5154883,11348431.710628238513975842536,0.1652205381469958,0.17665672186020512,0.15007667085764229
2017-06-10,2669.0,1332.0,4152345.0,3117.37612612613,586428475.197671,0.0986869268038409,0.578728240075205866378695345439,0.001,0.00586428475197671,935.25600532,5484.6075311927247682760972,0.0,0.0,0.0,0.0,0.0,53.42570245,166.02511632164382,0.0020108454995179425,5.86428475197671,,406.8930076931251,100000000.0,16498.0,4279.0,1871758.26254901,10976523.4384525787457607535571,437.475639763732,2565.48172362770964256436668172,0.0008299,0.004866769915665471629,1871958.26254901,10977696.2954029740877607535571,0.1651275363071949,0.1763734003954699,0.15095888676111743
2017-06-11,4285.0,1381.0,6237138.0,4516.3924692252,583382800.759214,0.00375793008082388,0.0219231177560833454964662123032,0.001,0.00583382800759214,57.6541633,336.344472613830879356462,0.0,0.0,0.0,0.0,0.0,76.54260504,161.43423254385726,0.001961468445353597,5.83382800759214,,430.58591613795267,100000000.0,25572.0,6300.0,1306461.93635898,7621674.2351840775009484664172,207.398720533186,1209.92846458527553811682275804,0.00096347,0.0056207182704747991258,1306611.93935907,7622549.3268872253892455697098,0.16513150006057262,0.17563131321275585,0.1503881000229239
2017-06-12,19476.0,1358.0,8660360.0,6377.29013254786,506256882.505555,0.00235872031554581,0.0119411839365074074789018197455,0.001,0.00506256882505555,77.4415054,392.05295100341103062497,0.0,0.0,0.0,0.0,0.0,23.68962333,131.64691315742397,0.0018993418001168913,5.06256882505555,,317.87504414828135,100000000.0,39487.0,5079.0,4221257.49311036,21370406.587152651674269280498,831.123024309921,4207.61751265729207681324111155,0.00084658,0.004285869515915527519,4221273.84047009,21370489.3467863927407823634995,0.16504128661184328,0.17906933850170229,0.15057486517068916
2017-06-13,3204.0,1383.0,4686425.0,3388.59363702097,591218109.124965,0.00382724812408877,0.0226273839907583200936268314305,0.001,0.00591218109124965,47.25120534,279.357682749902489353131,0.0,0.0,0.0,0.0,0.0,22.58775405,143.31537998132737,0.002183923196960843,5.91218109124965,,324.09536691716073,100000000.0,18996.0,4923.0,4427177.65383755,26174276.0126213515970475943575,899.489671711873,5317.94582886929074733631209445,0.00073881,0.0043679785120261539165,4428187.65383755,26180247.3155235137435475943575,0.165181775804974,0.1793531912238475,0.15127511266007723
2017-06-14,3419.0,1405.0,4607924.0,3279.66120996441,522978432.593922,0.00607873382417886,0.0317904668752471764067147688892,0.001,0.00522978432593922,44.04650529,230.3537229780409379484738,0.0,0.0,0.0,0.0,0.0,132.72183443,125.52152457067106,0.002139999999999998,5.22978432593922,,298.8599710889173,100000000.0,17829.0,4425.0,753455.52919559,3940409.9168793369432578320398,171.629498123304,897.58525915407003363716958288,0.00068243,0.0035689617175507019046,759460.52919562,3971814.7717567588528876102164,0.16551267225208025,0.18098651330162208,0.15279783462063554
2017-06-15,15079.0,1398.0,8020134.0,5736.86266094421,541597913.351635,0.00197710828547445,0.0107079772188319080678565822575,0.001,0.00541597913351635,56.52750299,306.1517766636230838388865,0.0,0.0,0.0,0.0,0.0,69.69205997,127.44587423832898,0.002247399842197544,5.41597913351635,,311.64530374711387,100000000.0,37011.0,3252.0,1434883.68741933,7771300.1100860880928398610455,441.231147115421,2389.69868583460298132304063335,0.003,0.01624793740054905,1434883.69041935,7771300.1263341338129715813725,0.1653823207487289,0.1808215281412743,0.15135977109008592
2017-06-16,3635.0,1375.0,4075111.0,2963.71709090909,549578374.038309,0.00355560442226321,0.0195408329711083600163302131189,0.001,0.00549578374038309,32.77200596,180.1078574947057181632164,0.0,0.0,0.0,0.0,0.0,104.16684796,127.62092474682085,0.002219299999999999,5.49578374038309,,322.006887629333,100000000.0,17389.0,4741.0,959998.32921028,5275943.2084687896247843661652,206.749489181666,1136.25048097710957072144442794,0.00071597,0.0039348162846020809473,980199.32821028,5386963.5303124846854912761652,0.16399301033014127,0.18060625138948708,0.15136827448724471
2017-06-17,12165.0,1437.0,5683549.0,3955.14892136395,609451823.502813,0.0590459449302929,0.359856588082136845371920639277,0.001,0.00609451823502813,1046.11700633,6375.5791710512226989380629,0.0,0.0,0.0,0.0,0.0,121.30052537,139.80357058893583,0.0022974294272355388,6.09451823502813,,341.35547862955485,100000000.0,25986.0,4421.0,824398.7377123,5024313.139921784870282346999,186.779903802827,1138.33352966312911474431852351,0.00043185,0.0026319176997968979405,825753.9547123,5032572.534640704987536556999,0.16412074305242078,0.1808820873375361,0.15028358063514916
2017-06-18,5644.0,1390.0,5173041.0,3721.61223021583,553964189.851347,0.00234902793009811,0.0130127735423498607778802565417,0.001,0.00553964189851347,26.81650285,148.5538227594658790183895,0.0,0.0,0.0,0.0,0.0,106.46246434,125.55461889286944,0.002208600000000002,5.53964189851347,,247.33932883131325,100000000.0,22313.0,5164.0,939298.18950244,5203375.6057655618385949378668,181.893530112789,1007.62502048132748094053576783,0.000696725,0.00385960700174179738575,939298.18950244,5203375.6057655618385949378668,0.1603573041922355,0.1818468504408503,0.15109610102119994
2017-06-19,2885.0,1395.0,4248740.0,3045.6917562724,568529561.144043,0.00328059911661507,0.0186511757605870089163885452801,0.001,0.00568529561144043,31.78900544,180.7298931200879555059392,0.0,0.0,0.0,0.0,0.0,17.57230619,119.19355402276456,0.0021953981063705416,5.68529561144043,,242.6784365620407,100000000.0,17207.0,4776.0,5690772.67990135,32353724.9427482400793838015805,1191.67288105137,6775.0126009139274135385248891,0.000690465,0.00392549763435321649995,5691429.67990135,32357460.1819649564418938015805,0.15991792807807734,0.18186880645042316,0.15034037119486782
2017-06-20,3670.0,1395.0,3960347.0,2838.95842293907,537602649.006021,0.00373253222371968,0.0200661921097203417795133619328,0.001,0.00537602649006021,36.00400583,193.5584890903622378910243,0.0,0.0,0.0,0.0,0.0,66.4447747,110.66432263051523,0.001966915796900302,5.37602649006021,,176.9839645628224,100000000.0,16541.0,4416.0,1505009.24187704,8090969.5521164009692430165784,340.809384483041,1832.20027904194350479581389861,0.00072552,0.0039004147390684835592,1505014.24187711,8090996.4322492275921473207931,0.15737810023985355,0.18134442231539727,0.15067928878497439
2017-06-21,2791.0,1380.0,4736014.0,3431.89420289855,517427180.649346,0.733488011899951,3.79526634037485594643365582046,0.001,0.00517427180649346,6026.33750577,31181.9082525198298262172642,0.0,0.0,0.0,0.0,0.0,87.23198866,105.12526579175133,0.0019605000000000026,5.17427180649346,,171.12144523252636,100000000.0,18471.0,5357.0,1146368.45420993,5931621.9724719297816480120578,214.087820461077,1107.74857352538441737978505642,0.00086389,0.0044700016709116351594,1146868.45420999,5934209.1083754869679564016654,0.15586707660902172,0.18159303178841213,0.150933851158739
2017-06-22,6963.0,1373.0,5125717.0,3733.22432629279,554379093.701511,0.00302100337269273,0.0167478111182260372207493971503,0.001,0.00554379093701511,44.5175057,246.795744638178500411127,0.0,0.0,0.0,0.0,0.0,40.96769295,109.35366750530243,0.0020634604679133353,5.54379093701511,,142.7926149198904,100000000.0,22702.0,6445.0,2440947.80031516,13532104.2931141524729676820676,378.735112539209,2099.62828442426459889930044799,10.0,55.4379093701511,2440947.8003152,13532104.293114374224605162672,0.1553816024416868,0.1796387853357543,0.15003554618207957
2017-06-23,10355.0,1408.0,5259674.0,3735.56392045455,519545774.278885,0.00272233642897889,0.0141437838784145222970663773765,0.001,0.00519545774278885,42.95030184,223.146478249746190886484,0.0,0.0,0.0,0.0,0.0,101.38990096,101.39224660614879,0.0019343664554430254,5.19545774278885,,40.60926929827694,100000000.0,22894.0,3681.0,986291.52460943,5124235.9381790826888952088555,267.941191146273,1392.07713615297132093130345605,0.11862108,0.616290808543975598958,986291.52460943,5124235.9381790826888952088555,0.1554977079468287,0.1587366510425196,0.15061953331466343
2017-06-24,2382.0,1372.0,3019927.0,2201.11297376093,512412207.857198,0.00586283213919727,0.0300418676074221231313051144946,0.001,0.00512412207857198,27.46150574,140.7161078731651597731652,0.0,0.0,0.0,0.0,0.0,116.06173772,99.13540804977912,0.0019999000000000054,5.12412207857198,,111.06153473297111,100000000.0,11675.0,2535.0,861610.39774143,4414996.8621940467135916831314,340.150453941393,1742.97245107737324602005196814,0.999,5.11899795649340802,862281.40074143,4418435.1634811347478876231314,0.15549929198832643,0.13643164306591848,0.1502165257348636
2017-06-25,2656.0,1384.0,3770093.0,2724.05563583815,449632630.842116,0.00327050974093942,0.0147052789901335866627554061272,0.001,0.00449632630842116,24.99650595,112.392447321591061045902,0.0,0.0,0.0,0.0,0.0,82.56517055,86.04890491191362,0.001800165836224876,4.49632630842116,,79.39087822748469,100000000.0,15023.0,3314.0,1211164.45753155,5445790.614223751027951387598,365.469059605175,1643.268147616689394587215503,0.000924065,0.0041548977701911992154,1211164.46353155,5445790.641201708878478347598,0.15444144856560413,0.1393426687085846,0.15158368201772385
2017-06-26,3391.0,1376.0,4878471.0,3545.40043604651,410532530.019542,0.0386971567419027,0.158864416618160922818812625634,0.001,0.00410532530019542,342.89550589,1407.6975956535246567610238,0.0,0.0,0.0,0.0,0.0,26.65933227,76.13357792184189,0.0016919652292915388,4.10532530019542,,99.08986225798917,100000000.0,18982.0,5536.0,3751031.68258598,15399205.2683548197307049522116,678.244770386743,2784.41541559392941552687731706,0.0027602,0.011331518893599398284,3754763.04886101,15414523.7407279963315614185742,0.15465298695126065,0.13504037812281014,0.15243198577655814
2017-06-27,23437.0,1412.0,13068604.0,9255.38526912181,371670717.855618,0.0014510841757898,0.005393254972847227476075170964,0.001,0.00371670717855618,88.14320609,327.6024868156598023831362,0.0,0.0,0.0,0.0,0.0,58.40490327,68.10692784096514,0.0014688536113641449,3.71670717855618,,37.61178450351936,100000000.0,65480.0,4043.0,1712185.01200125,6363690.325121345079947355225,423.784750406708,1575.08382399925064543122685544,0.00077088,0.0028651352298053880384,1713361.74589432,6368063.9004289687092604628976,0.15489323892566698,0.128426399134408,0.15293806102122076
2017-06-28,9926.0,1366.0,6041941.0,4423.09004392386,436647689.557128,0.00249303294461502,0.0108857707525595193605625686256,0.001,0.00436647689557128,42.22200595,184.361413465348112809116,0.0,0.0,0.0,0.0,0.0,65.24467228,79.1294488383098,0.0017037966582634956,4.36647689557128,,67.04663071920857,100000000.0,26242.0,5601.0,1532692.19547578,6692465.0595674132995345035984,280.790429472558,1226.06492278946150009649293424,0.00067454,0.0029453633251386512112,1572707.1954758,6867189.632543785398272415024,0.15526337368512716,0.13101953030154037,0.1537385833467972
2017-06-29,16684.0,1375.0,8495738.0,6178.71854545455,407615369.647345,0.00205905631107265,0.0083930299936257682324917461425,0.001,0.00407615369647345,66.62900317,271.5900575637367178708365,0.0,0.0,0.0,0.0,0.0,144.21190808,73.52140344918747,0.001604505059054937,4.07615369647345,,64.07966943473527,100000000.0,39945.0,5981.0,693424.012860269,2826502.85324383861479291835805,116.136274448472,473.3893043877942234901410684,0.0008297,0.003381984721964021465,694611.05747631,2831341.4295433930441039189695,0.1550819852188236,0.13138054324277537,0.15427945882765226
2017-06-30,2917.0,1385.0,3625998.0,2618.04909747292,355319564.437856,0.00443015486015085,0.015741206953010508826756105776,0.001,0.00355319564437856,28.19350553,100.1770410489588447734368,0.0,0.0,0.0,0.0,0.0,83.5514156,63.617459263482,0.0014486802980713035,3.55319564437856,,17.07467577061254,100000000.0,13775.0,3159.0,1196867.81219308,4252705.4971813482219273323648,378.944944094074,1346.46552481434066104990865344,0.01,0.0355319564437856,1197087.07839318,4253484.5928885029797044422208,0.15547530003422028,0.12954419333831382,0.15576493722604423
2017-07-01,2907.0,1380.0,3761079.0,2725.41956521739,384676848.275862,0.00486489578415521,0.0187141277743935440638670454102,0.001,0.00384676848275862,24.07150434,92.5975042276993365024108,0.0,0.0,0.0,0.0,0.0,181.29543844,68.67072050482405,0.0015946038631237912,3.84676848275862,,3.3638700438919518,100000000.0,14203.0,3783.0,551585.85820344,2121823.0948723581997283736528,146.453835369672,563.37399807917387686604457264,0.003,0.01154030544827586,554034.85920347,2131243.8347335179459214764114,0.15551341618648318,0.12486830254774992,0.15535645626654354
2017-07-02,3782.0,1398.0,4801474.0,3434.53075822604,354585699.683861,0.00423393896970488,0.0150129421199157043627246894168,0.001,0.00354585699683861,32.42350463,114.9691107543145666977643,0.0,0.0,0.0,0.0,0.0,38.71620229,62.22996350691883,0.0014077161257367086,3.54585699683861,,-26.94797162208352,100000000.0,18749.0,4190.0,2582897.96226823,9158586.8116289914341748403603,616.466819157124,2185.90318402713019785285975764,0.003,0.01063757099051583,2582995.97226835,9158934.3410736770891805609935,0.1549526371248617,0.11522033837175694,0.15601130982160705
2017-07-03,4822.0,1448.0,4632493.0,3199.23549723757,415702257.410313,0.00302652920438733,0.0125813502238205166064358853429,0.001,0.00415702257410313,36.97510729,153.7063556844152072748177,0.0,0.0,0.0,0.0,0.0,89.20184062,72.37005705325551,0.0016289736621842373,4.15702257410313,,-39.686483731985064,100000000.0,19679.0,5283.0,1121053.10056566,4660243.0458197549954701765158,212.434813659996,883.09631590999533508245938748,0.01,0.0415702257410313,1122293.12056576,4665397.8369525100609901868288,0.15522814164819013,0.0986291087593354,0.1560736200304981
2017-07-04,16675.0,1384.0,6917275.0,4998.03106936416,431505633.590449,0.002708260615347,0.01168629712753366521722020803,0.001,0.00431505633590449,66.45800724,286.7700452125484683685076,0.0,0.0,0.0,0.0,0.0,50.1300212,73.97100251388036,0.0016598000000000019,4.31505633590449,,-26.95850328006023,100000000.0,31658.0,5242.0,1994812.64135566,8607728.9270241117570858809134,380.596395718382,1642.29488876701675901328933518,0.001,0.00431505633590449,1995086.30635576,8608909.8069167085649753213624,0.1548189783327855,0.09558568887655143,0.15593155590990745
2017-07-05,4304.0,1379.0,6138504.0,4451.41696881798,446948999.319137,0.00404901808944765,0.0180970458330371111641440467805,0.001,0.00446948999319137,58.93750731,263.4205991456882196039147,0.0,0.0,0.0,0.0,0.0,54.65017851,75.48918397825791,0.001713692577440093,4.46948999319137,,-22.541481590612662,100000000.0,25759.0,8711.0,1829820.18947151,8178363.0261824505932585928687,210.05858288044,938.8547341680866064427498028,0.0006456,0.002885502739604348472,1829820.31547151,8178363.5893381897353712128687,0.15464352285425084,0.09590920472354807,0.15390636065544916
2017-07-06,3552.0,1390.0,4704486.0,3384.52230215827,452929980.468992,0.00566576341060182,0.0256619411090581183402856876544,0.001,0.00452929980468992,64.77100731,293.3673107587523806033152,0.0,0.0,0.0,0.0,0.0,222.22885371,77.2415079674141,0.0017399000000000013,4.52929980468992,,-12.912503376492662,100000000.0,19372.0,5883.0,449986.5716391,2038124.091038062324241647872,76.4896433179058,346.444526540592384348352769536,0.00066339,0.0030046921974332460288,449988.57163924,2038133.1496383058060543044608,0.1536623650656495,0.09426346526063452,0.15280217181375022
2017-07-07,7836.0,1387.0,6075567.0,4380.3655371305,361893563.693156,0.00333689170622909,0.0120759963122538118187060110804,0.001,0.00361893563693156,62.83700772,227.4030865560515528316432,0.0,0.0,0.0,0.0,0.0,149.00970557,61.479811739030694,0.0014500213559322061,3.61893563693156,,-27.506420958186528,100000000.0,26242.0,6098.0,671097.22561324,2428657.6656176535209129098544,110.073498972817,398.34890811447690530972940452,0.00088491,0.0032024323344771067596,671228.19673624,2429131.6416820871676002517344,0.1534114436708665,0.10230810218103409,0.15615488762320345
2017-07-08,2623.0,1372.0,3657482.0,2665.80320699708,391678234.48575,0.00898070490610676,0.0351754664206140898040319867,0.001,0.0039167823448575,60.73650728,237.8916794026130193126,0.0,0.0,0.0,0.0,0.0,118.59337812,66.16904017684895,0.0015338912495242336,3.9167823448575,,-29.076864885160713,100000000.0,13966.0,3402.0,843217.40035768,3302699.0265975992296086306,247.860552721285,970.8158368853506649505418875,0.00093034,0.00364393928671472655,843221.60035781,3302715.477083956812813462075,0.15303481026848212,0.10155884791735047,0.15630388659643882
2017-07-09,3467.0,1381.0,4525500.0,3276.97320782042,397930182.848949,0.00542680063979109,0.0215948777087686186202838606441,0.001,0.00397930182848949,33.25000752,132.3118157216252927409648,0.0,0.0,0.0,0.0,0.0,229.13665442,67.03759601131935,0.0015878000000000005,3.97930182848949,,-37.316720830191755,100000000.0,16950.0,3995.0,436420.79113741,1736650.0521639254252393308209,110.493314427417,439.68624813688461389735234733,0.003,0.01193790548546847,441420.79113753,1756546.5613068503914587495597,0.15281457278142954,0.09766415048933014,0.14577197561421198
2017-07-10,4877.0,1403.0,4623197.0,3295.22238061297,276114619.924731,0.00578394481265109,0.0159703172361077516583236510679,0.001,0.00276114619924731,57.4230041,158.553309520077699043971,0.0,0.0,0.0,0.0,0.0,39.32025455,45.93468939659873,0.001190474091174753,2.76114619924731,,-52.915891433877015,100000000.0,17706.0,4328.0,2543218.53085313,7022198.1803204475016181575803,587.654296426342,1622.59942704894628082325664002,1.0,2.76114619924731,2543367.79493321,7022610.3202678445397337221651,0.15504193327307278,0.11629968473940208,0.15340657517790507
2017-07-11,2457.0,1447.0,3829042.0,2646.19350380097,286950587.427853,0.0061113518013468,0.017536559893747318528332324204,0.001,0.00286950587427853,43.56171564,125.0005989226309140172092,0.0,0.0,0.0,0.0,0.0,35.84588454,47.11586872291407,0.0012372999999999991,2.86950587427853,,-50.812641878640285,100000000.0,13274.0,2563.0,2789720.52941063,8005119.4467392134020973627739,1088.51756902487,3123.5075585722497155868770411,1.009,2.89533142714703677,2789870.52941074,8005549.8726206708272435334122,0.15504771916742452,0.11683002292361627,0.15319469149602022
2017-07-12,3435.0,1403.0,4650440.0,3314.64005702067,306540461.621851,0.00650317832466782,0.0199348728565288915903802853482,0.001,0.00306540461621851,33.77100504,103.5217947439545669512904,0.0,0.0,0.0,0.0,0.0,140.45036101,50.16533069566342,0.0012907584921098743,3.06540461621851,,-39.4496208911318,100000000.0,17138.0,3587.0,711995.32189754,2182553.7464707030928324714654,198.535077194767,608.59034211413699256230053717,0.00107664,0.0033003372260054966064,712145.32189763,2183013.5571634117557479311313,0.1550643947771463,0.115739587382638,0.15296916917942663
2017-07-13,10732.0,1392.0,6488110.0,4660.99856321839,317044984.68627,0.0223189961683858,0.07076125798418794767305322966,0.001,0.0031704498468627,426.27050782,1351.469266240004362816314,0.0,0.0,0.0,0.0,0.0,186.69982616,51.76183936880669,0.0013527319929865578,3.1704498468627,,-46.37427714189712,100000000.0,28542.0,4718.0,535619.13826039,1698153.614874384813977178453,113.537335790719,359.9644288708840013659272813,0.001242175,0.0039382535385266743725,535669.15026061,1698312.175412823610295888247,0.15423527851273877,0.11156982250972768,0.15211049669097335
2017-07-14,2926.0,1397.0,4273729.0,3059.21904080172,236986300.389831,0.0048168360403933,0.011415241527972107222525605323,0.001,0.00236986300389831,36.25150804,85.9111077395181363074124,0.0,0.0,0.0,0.0,0.0,125.27279127,38.67592716207004,0.00107,2.36986300389831,,-54.685263173396635,100000000.0,16790.0,4724.0,798257.93761782,1891761.9539286366594549238842,169.392226187394,401.43636998947951629057990414,0.000481555,0.00114121937884225067205,800208.87650925,1896385.4118303029981347743675,0.15561701653430574,0.12073186994772017,0.15684813626262734
2017-07-15,9626.0,1401.0,5579814.0,3982.73661670236,212870855.023738,0.00279823296130081,0.0059566224302770979092790862778,0.001,0.00212870855023738,43.02283178,91.5830698655104788079364,0.0,0.0,0.0,0.0,0.0,74.65370064,34.57077050654126,0.0010699,2.12870855023738,,-60.695776372843845,100000000.0,24172.0,5154.0,1339518.32460235,2851444.110780672654986605843,260.121910089721,553.72373411206809883164797098,0.000582145,0.0012392170389779395801,1340668.32460242,2853892.1256135946515851224596,0.1557604468270097,0.12103266989250007,0.15757509268280584
2017-07-16,21643.0,1447.0,12555482.0,8676.90532135453,181655626.972685,0.00181133360474451,0.0032903894162655756144417370935,0.001,0.00181655626972685,90.25150819,163.9469430548486518379015,0.0,0.0,0.0,0.0,0.0,81.40020644,29.413030420442315,0.0009507034962799361,1.81655626972685,,-66.94636551327937,100000000.0,60812.0,9985.0,1228498.11292137,2231635.9493749184309454277845,123.109194857707,223.63477977979213209750733295,0.00058323,0.0010594701131927907255,1229245.3106542,2232993.27610121645522880527,0.15619015278533718,0.12289146112685119,0.15902338430976717
2017-07-17,4200.0,1387.0,5515083.0,3976.26748377794,274238263.545847,0.00391368489210562,0.0107328214887666079863923636014,0.001,0.00274238263545847,58.40000596,160.1551622553751553324812,0.0,0.0,0.0,0.0,0.0,153.72736234,44.311373091030006,0.0012376789888953806,2.74238263545847,,-55.00247058583439,100000000.0,23721.0,7889.0,650502.28196285,1783926.1623810293363212578395,82.5456055219812,226.371635216886037440124720764,0.00050664,0.0013894007384286792408,651202.28196291,1785845.8302260148082793853477,0.1590381779772506,0.14580537508632047,0.16734391751317737
2017-07-18,2284.0,1399.0,3684871.0,2633.93209435311,280943306.007949,0.012624712405624,0.03546828440635573391856305176,0.001,0.00280943306007949,65.54750681,184.1513326377995099163269,0.0,0.0,0.0,0.0,0.0,139.38115728,45.36501286470253,0.0012194984124566522,2.80943306007949,,-49.28493372769484,100000000.0,13390.0,3381.0,717457.09358132,2015647.6778959048708079791268,213.215669928533,599.01515202421696110359908817,0.00138819,0.0039000268796717472231,720882.18002837,2025270.2289938773404026551313,0.15659744959746605,0.14549309999671953,0.16644642847029928
2017-07-19,3409.0,1410.0,5405439.0,3833.64468085106,282133154.485681,0.00791735048239675,0.0223374706676732325649043593675,0.001,0.00282133154485681,46.77570665,131.9697767046134608147865,0.0,0.0,0.0,0.0,0.0,191.01135379,45.482073698616475,0.001249999999999999,2.82133154485681,,-50.37493671957023,100000000.0,20063.0,5761.0,523529.08881299,1477049.1329182311625424179619,90.8757314378233,256.390567767466586441416581673,0.00077855,0.0021965476742482694255,523535.0888133,1477066.060908374916181323573,0.15659530182138984,0.145296859366127,0.16640084635511446
2017-07-20,7445.0,1380.0,5859687.0,4246.15,338585361.370427,0.00338537457448212,0.0114623827367528413574700826524,0.001,0.00338585361370427,51.3155078,173.746797523699654078306,0.0,0.0,0.0,0.0,0.0,101.33581354,54.33551956304784,0.0011990000000000032,3.38585361370427,,-37.01940234177772,100000000.0,24224.0,5657.0,986817.95214654,3341221.1293436098436072637258,174.441921892646,590.63481162173346956133179842,0.00619253,0.0209670000784721031031,986817.9521467,3341221.129344151580185456409,0.15683412473228875,0.14989694205140608,0.16681739065949852
2017-07-21,2680.0,1382.0,4176070.0,3021.75832127352,330914179.781133,0.00567800059359296,0.0187893090922560065625488962368,0.001,0.00330914179781133,36.15750778,119.6503202994863514471474,0.0,0.0,0.0,0.0,0.0,46.22716252,52.502840977448734,0.001241173437050597,3.30914179781133,,-36.04623178746586,100000000.0,15258.0,3515.0,2163230.32938653,7158435.9012661374549355833849,616.169083751582,2038.99086956147002379302502406,0.0007758,0.002567232206742029814,2165834.32938681,7167052.9065085647179589705573,0.15685519490981173,0.1498425105463126,0.16683531100152696
2017-07-22,1979.0,1376.0,3895016.0,2830.68023255814,418516678.900777,0.0704471059367903,0.294832888148366870830475560631,0.001,0.00418516678900777,372.24250777,1557.8969809759707748153729,0.0,0.0,0.0,0.0,0.0,53.13601388,65.58359119478689,0.0014789860559296219,4.18516678900777,,-24.50713173427949,100000000.0,13778.0,3271.0,1881962.77259351,7876328.0940073402996824415727,606.191310178517,2537.01173914423711615200007709,0.00059123,0.0024743961606650638571,1982851.77559393,8298565.3987408033442871348361,0.15721139326653144,0.15597928039067177,0.16794535574990105
2017-07-23,3598.0,1378.0,6077155.0,4410.12699564586,357921702.441263,0.00610127018609372,0.0218377701206078578003771316836,0.001,0.00357921702441263,36.06460807,129.0830591829131229079241,0.0,0.0,0.0,0.0,0.0,93.93750158,56.0607142255099,0.001300000000000001,3.57921702441263,,-31.108726090968926,100000000.0,22867.0,6053.0,1064537.57361545,3810211.0066113320084217431335,175.869416754646,629.47481052174879172897357898,0.00047915,0.0017149818372473116645,1064537.57961587,3810211.0280881374260477764381,0.15747063697433475,0.15798438123609385,0.15747041298166067
2017-07-24,2989.0,1404.0,4390485.0,3127.12606837607,355717836.621618,0.00620679974940074,0.0220786937920043197622162919732,0.001,0.00355717836621618,56.9660081,202.638251623015676231058,0.0,0.0,0.0,0.0,0.0,29.02484512,54.63129066712238,0.001291097061690468,3.55717836621618,,-30.579749825017533,100000000.0,16713.0,4014.0,3445324.15524487,12255632.5496390871723632559966,858.353053125339,3053.31491115306334024070978502,0.000815845,0.0029021061841856393721,3445429.15524511,12256006.0533683935940711478798,0.15744846420390426,0.15798820927434074,0.14753627266304348
2017-07-25,2233.0,1393.0,4156579.0,2983.90452261307,333525554.650137,0.00463219833607521,0.0154495651928892613053726880377,0.001,0.00333525554650137,39.42000784,131.4757997914874899707408,0.0,0.0,0.0,0.0,0.0,127.82958095,51.03387419569874,0.001303499696084164,3.33525554650137,,-25.822653479246455,100000000.0,14709.0,2997.0,782291.54202533,2609142.2045210914654054197021,261.381895904428,871.77541807028721410729106636,0.00083644,0.0027897411493156059228,783361.54202557,2612710.9279566483926365800309,0.15734453382030508,0.15673191667499056,0.1477775998678215
2017-07-26,2838.0,1445.0,5016132.0,3471.37162629758,294705880.87678,0.00365044606426781,0.010758079229632196019515304518,0.001,0.0029470588087678,40.78278343,120.189261153450972557554,0.0,0.0,0.0,0.0,0.0,98.53579279,44.91415870503046,0.0011683899664161083,2.9470588087678,,-28.213756687502567,100000000.0,17718.0,4319.0,1014859.64810501,2990851.065610859467243106678,234.998760848648,692.5551682085256918711759344,0.00084603,0.002493300163981821834,1014959.64810531,2991145.771492620364885737018,0.15767230822456288,0.1574285872365239,0.14642128717970188
2017-07-27,8652.0,1369.0,7184383.0,5247.9057706355,313729782.715816,0.00497337620168776,0.0156029623511951123605564561216,0.001,0.00313729782715816,58.93450799,184.8951038616622195136984,0.0,0.0,0.0,0.0,0.0,192.79676253,47.7650713537365,0.001177157276446522,3.13729782715816,,-15.589319350767411,100000000.0,30693.0,7230.0,518680.90878489,1627256.4881192551799674482024,71.7456305373748,225.087410792998091250350798368,0.000761405,0.0023887542520873588148,518720.90878522,1627381.9800333768146504103952,0.15595874302945612,0.15706988970083988,0.14248077913660173
2017-07-28,3777.0,1375.0,5652120.0,4110.63272727273,303242628.451198,0.00283087767492618,0.0085844278696843087437238256364,0.001,0.00303242628451198,44.09941242,133.7282173539420644507916,0.0,0.0,0.0,0.0,0.0,111.43140961,45.99540910693933,0.001085399792414994,3.03242628451198,,-30.552105117339963,100000000.0,23107.0,6807.0,897413.03958719,2721338.8893079849937098095362,132.294261728763,401.17259655640821612658408074,0.00065265,0.001979113014586743747,900527.03958769,2730781.8647594715125720655262,0.15481632134381426,0.15393469367031715,0.14248624007630242
2017-07-29,1951.0,1409.0,3671693.0,2605.88573456352,295910497.645237,0.00465430737857618,0.0137725841258837590619181865466,0.001,0.00295910497645237,27.98169596,82.8007757648131767614252,0.0,0.0,0.0,0.0,0.0,178.19043693,44.802509625921736,0.001093352598250846,2.95910497645237,,-27.404479889644804,100000000.0,12335.0,1925.0,561197.3443744,1660641.854510141489689047328,292.570049025844,865.74548803328884607756505028,2.999,8.87435582438065763,563197.34437475,1666560.0644640819164308056575,0.1547303018322659,0.1535845269498331,0.1423593675679001
2017-07-30,3710.0,1389.0,5308875.0,3822.08423326134,296933528.991935,0.00647240485835173,0.0192187401565492436697256329755,0.001,0.00296933528991935,35.18399281,104.4730714910016758798735,0.0,0.0,0.0,0.0,0.0,135.85102196,44.83133471252383,0.0010800000000000007,2.96933528991935,,-16.43197878458857,100000000.0,20077.0,4019.0,736100.4617781,2185729.078083641976906596235,183.216089768248,544.0300010298903302321107988,0.00240762,0.007149031030715625447,736345.46477859,2186456.5741391330617067067165,0.15406304620992575,0.15172136039319406,0.13998338409539435
2017-07-31,11090.0,1374.0,6552981.0,4769.27292576419,292474894.516303,0.00592369455769899,0.0173253194090981025538072163397,0.001,0.00292474894516303,68.16987697,199.3797757599010316924191,0.0,0.0,0.0,0.0,0.0,131.53648391,44.211489821888385,0.0010217066335476354,2.92474894516303,,-23.968677650555804,100000000.0,25783.0,11276.0,760245.34812321,2223526.7799884589766179769263,67.5375447151969,197.530362664673104657189050607,0.000015725,0.00004599167716268864675,761553.35420856,2227352.3694068532133058215368,0.1540783618492054,0.1508664232217424,0.1373972523303176
2017-08-01,21147.0,1360.0,11568265.0,8506.07720588235,310241012.460666,0.00286916140660929,0.0089013153969953472673855518714,0.001,0.00310241012460666,43.67150577,135.4869216576661711704282,0.0,0.0,0.0,0.0,0.0,120.46074685,47.58802462498935,0.0011375018076199112,3.10241012460666,,-12.506056296892831,100000000.0,48708.0,18334.0,830145.94063502,2575453.1711272053732881212332,45.2790657125128,140.474231899229982204740215248,0.00001922,0.0000596283225949400052,830146.39077321,2575454.5676404835014045155786,0.15362205649546648,0.15072360169287125,0.13304446641880888
2017-08-02,3990.0,1393.0,5527142.0,3967.79755922469,325749739.419508,0.00313620260091884,0.0102161718001609537088902073072,0.001,0.00325749739419508,51.19850746,166.7790046376273640752968,0.0,0.0,0.0,0.0,0.0,87.57981124,50.344272703530635,0.0012109000000000028,3.25749739419508,,-21.638688842148536,100000000.0,22673.0,6966.0,1141815.66031255,3719461.538119266249508472254,165.362718965406,538.66862612682338036773540248,0.000662055,0.0021566424373138236894,1151916.70031302,3752365.6495994575441669439416,0.15323027674005232,0.1479184229391487,0.12472079746313106
2017-08-03,13910.0,1366.0,9772722.0,7154.26207906296,401723468.992636,0.00320630387678402,0.0128804751602621385641674247672,0.001,0.00401723468992636,67.39650749,270.7475878687097492884364,0.0,0.0,0.0,0.0,0.0,108.5959577,62.09808947724148,0.0014400000000000005,4.01723468992636,,-6.901917907769407,100000000.0,42306.0,9052.0,920844.58866072,3699248.8255988140288678245792,101.791792037652,408.92151812342545298222730672,0.00088164,0.0035417547920266760304,921419.30152483,3701557.5820532636549884115188,0.1539182035749091,0.153002353887367,0.12654637415825928
2017-08-04,5532.0,1450.0,5962113.0,4111.80206896552,411850686.699504,0.00353251896112714,0.0145487035991923108560231893856,0.001,0.00411850686699504,41.6201384,171.412825805683956913536,0.0,0.0,0.0,0.0,0.0,112.06233252,63.49225522111286,0.0014398999999999996,4.11850686699504,,-7.852867479980999,100000000.0,19424.0,2617.0,892360.50824144,3675192.8810275546258476024576,340.986055881544,1404.35341269769341172547554176,1.0,4.11850686699504,892360.508242,3675192.88102986098969311968,0.15391534124462408,0.15292693526740953,0.1265898225199953
2017-08-05,2321.0,1378.0,4449911.0,3229.25326560232,450001847.498188,0.00435466039669208,0.0195960522373862824397899395104,0.001,0.00450001847498188,33.70071681,151.6538482651324077614028,0.0,0.0,0.0,0.0,0.0,135.01195591,69.19777627298797,0.0013899999999999987,4.50001847498188,,-0.6464868957828742,100000000.0,14068.0,2356.0,740675.14487193,3333051.8358835654752816706284,314.463134495904,1415.08991493227973982933421952,5.957166475,26.807359196042681768473,740875.14487235,3333951.839580451859041163018,0.15401071698441277,0.1538142582897484,0.1264963169864206
2017-08-06,4129.0,1378.0,5576777.0,4047.00798258345,516786372.263653,0.00624779379752796,0.0322877469127582659506075923788,0.001,0.00516786372263653,53.07500831,274.2844100238813648595643,0.0,0.0,0.0,0.0,0.0,143.20823121,79.28871301958907,0.0015999,5.16786372263653,,42.80065304002705,100000000.0,19963.0,4649.0,698283.88462658,3608635.9554634149400121169674,150.200878603457,776.21767164293881934441248421,0.04309717,0.2227203013912993816201,698283.88462747,3608635.9554680143387252634791,0.15427935582280933,0.1497900745397312,0.12768318304712759
2017-08-07,23815.0,1409.0,14124016.0,10024.1419446416,579924619.843017,0.016716471590959,0.09694293432503491650816483303,0.001,0.00579924619843017,533.23872728,3092.3826620342821847540376,0.0,0.0,0.0,0.0,0.0,66.99242865,87.89065470855148,0.0017093999999999992,5.79924619843017,,48.06148741055863,100000000.0,48251.0,7831.0,1492705.99701326,8656569.5785530647493206740542,190.616724047343,1105.43331228876666093535953831,0.00398478,0.0231087202665805728126,1492719.56601474,8656648.2685333141326710807058,0.15445140580102085,0.1504938451766476,0.12788662483635058
2017-08-08,10508.0,1401.0,10959181.0,7822.39900071378,528242357.524191,0.00234363858144757,0.0123800916944851510037007316587,0.001,0.00528242357524191,67.83661874,358.3417540968731519393934,0.0,0.0,0.0,0.0,0.0,91.16855276,80.59323392981408,0.0015420088252483925,5.28242357524191,,32.747496996152066,100000000.0,36251.0,4502.0,1096869.44649335,5794129.0231190168085274562985,243.951973445811,1288.65765575694043329060113901,0.999,5.27714115166666809,1098271.78445304,5801536.7662177399037950349064,0.15450183910630913,0.15173989282685313,0.1271405877078891
2017-08-09,39304.0,1379.0,14594046.0,10583.0645395214,552195470.431048,0.00190044321768833,0.0104941613661890194596321926984,0.001,0.00552195470431048,102.92800467,568.3637795927975545699416,0.0,0.0,0.0,0.0,0.0,131.5004755,84.22028012715549,0.0016497159555815292,5.52195470431048,,99.9877697825551,100000000.0,62536.0,3891.0,760453.52397206,4199189.9141069990916930851888,195.502012651748,1079.55325846448684731070671904,0.02250647,0.1242797078939226888056,760698.33122795,4200541.728685310216656453916,0.15450768711167667,0.13426591545764463,0.12688575449123848
2017-08-10,56935.0,1374.0,18608523.0,13543.3209606987,573514877.252719,0.00175991661242135,0.0100933835994785158379846115065,0.001,0.00573514877252719,127.82802331,733.1127309809235309287989,0.0,0.0,0.0,0.0,0.0,119.12639558,87.09296401698005,0.001668634017115233,5.73514877252719,,99.86537835435372,100000000.0,90193.0,9270.0,839444.52035071,4814339.2104940502225118108049,90.5549687543463,519.346217897727226085347425897,0.000714785,0.00409939831537084750415,839444.56035279,4814339.4399119302330462673601,0.15451013525247886,0.13426354211943625,0.12698345341225262
2017-08-11,10927.0,1399.0,6869729.0,4910.45675482488,542267233.088837,0.00283838195310319,0.0153916152815855594234109809003,0.001,0.00542267233088837,61.0081817,330.827378862400199376829,0.0,0.0,0.0,0.0,0.0,101.00511229,81.90541277633326,0.0014813937732762231,5.42267233088837,,76.89907238339686,100000000.0,29308.0,7663.0,990048.896860189,5368710.75923030050737405610193,129.198603270337,700.60169114348012286247928069,0.00092771,0.0050306673480884497327,990048.89686059,5368710.7592324749989787423383,0.15460211858593267,0.13476547439283043,0.12584096365338682
2017-08-12,9220.0,1403.0,5320251.0,3792.05345687812,520292055.189356,0.00484140734885362,0.0251894577954390137393862606872,0.001,0.00520292055189356,68.62694917,357.0605642503476893703452,0.0,0.0,0.0,0.0,0.0,114.58683142,78.55271110660549,0.001344047996386463,5.20292055189356,,64.10669788837944,100000000.0,21082.0,3198.0,872700.63028811,4540592.0449764709451488535716,273.031779327289,1420.56265598201916995193135884,1.0,5.20292055189356,873155.63028867,4542959.3738304961504579139652,0.1546533043262464,0.13517969584011577,0.1243130373148065
2017-08-13,6768.0,1349.0,5750060.0,4262.46108228317,470348669.718807,0.00480632114449357,0.0226064675655392461146831957099,0.001,0.00470348669718807,47.83250803,224.9795652122465366952021,0.0,0.0,0.0,0.0,0.0,111.88905509,70.9424875482865,0.0011574106695116297,4.70348669718807,,98.47082677146575,100000000.0,22689.0,4785.0,893742.46589177,4203705.7990340025823439551839,186.794798141791,878.58684816384478594085363337,0.00468102,0.0220171152992712994314,893813.10910847,4204038.0684639976064536199529,0.15490197241677453,0.1242811732278144,0.12398722864439739
2017-08-14,18838.0,1388.0,9092684.0,6550.92507204611,487022888.777079,0.00531353222123855,0.0258781181199768786288023119545,0.001,0.00487022888777079,120.03800641,584.6125664483972606307639,0.0,0.0,0.0,0.0,0.0,125.29166953,73.5681446755396,0.0011313999999999999,4.87022888777079,,128.78796100235013,100000000.0,40209.0,8087.0,798137.660531491,3887113.09073826376874158494789,98.7141907421887,480.760703385523287427148528073,0.00072898,0.0035502994546071504942,798301.66053208,3887911.8082787267431164819432,0.1549030721306694,0.12183305313910046,0.12398649261470786
2017-08-15,30580.0,1431.0,9694064.0,6774.3284416492,461516016.068959,0.00250311620694391,0.0115522821958639726917720508969,0.001,0.00461516016068959,91.12844863,420.5723856226238476907617,0.0,0.0,0.0,0.0,0.0,112.15859207,69.71144635978257,0.0011094053540690425,4.61516016068959,,154.06095245172656,100000000.0,43792.0,5165.0,891594.64429146,4114852.0818181523709905479014,176.818362689611,816.04506316345530782488884949,0.00094747,0.0043727257974485658373,913266.84329184,4214872.7512392429035600199456,0.15498677990587378,0.11774561105157477,0.12414766845579439
2017-08-16,6719.0,1393.0,3900969.0,2800.40847092606,482728124.72633,0.00632534592303138,0.030534223756702749648065022354,0.001,0.0048272812472633,53.41754632,257.861519625354700986056,0.0,0.0,0.0,0.0,0.0,145.08083598,72.82629160264975,0.001105987798349457,4.8272812472633,,76.0250807034547,100000000.0,15718.0,4612.0,689270.91110744,3327304.543473034145072268952,149.451845426639,721.4460907969078298396670487,0.00076374,0.003686787779784872742,689271.91110766,3327309.370755343410246666878,0.15490107587503454,0.09335665313320173,0.12352688698390066
2017-08-17,18795.0,1483.0,10180449.0,6864.76668914363,439813401.214373,0.00381473307332779,0.0167777072770525348084228832567,0.001,0.00439813401214373,73.45650006,323.0715313269239434736238,0.0,0.0,0.0,0.0,0.0,132.98200966,66.28871216434355,0.0010207999999999994,4.39813401214373,,56.54880960286306,100000000.0,45873.0,11551.0,751981.416564498,3307315.04469234113450879129754,65.1113684153978,286.368524004982065672318725794,0.0009123,0.004012417659278724879,752101.41656626,3307842.8207815478942381885498,0.15511162550721067,0.09555557192225173,0.12349764506213269
2017-08-18,7799.0,1412.0,4780886.0,3385.89660056657,369653074.862207,0.00422662353648676,0.0156238438654730639382387987932,0.001,0.00369653074862207,41.81821327,154.5823112049904818888689,0.0,0.0,0.0,0.0,0.0,171.83484941,55.67960439553786,0.000899726008182348,3.69653074862207,,31.02078539336215,100000000.0,18644.0,9519.0,581954.128312752,2151211.32959564133309800963664,61.1885837076374,226.185481139917073801785197418,0.011,0.04066183823484277,582454.128313,2153059.59497086910772366791,0.15565920458681579,0.1015808536622564,0.1253588106116935
2017-08-19,3462.0,1393.0,3335887.0,2394.75017946877,445152946.842108,0.00914094574780059,0.0406911893655726920082699924372,0.001,0.00445152946842108,49.873,222.01112917856452284,0.0,0.0,0.0,0.0,0.0,231.80255639,67.1644742597387,0.001069993687901812,4.45152946842108,,31.474362931801856,100000000.0,12339.0,4590.0,431401.6271368,1920397.055924268264377163744,94.2582269096863,419.593274729589393273019107204,0.00073747,0.0032828694370764938676,432645.26151546,1925933.1310088147942942098968,0.15481818297375957,0.10178601830179171,0.1276304927961807
2017-08-20,5801.0,1418.0,4717141.0,3326.61565585331,474051647.297729,0.00370060916516683,0.0175427987075240945740496512907,0.001,0.00474051647297729,26.7295,126.711635064446473055,0.0,0.0,0.0,0.0,0.0,183.67076117,71.82607528321545,0.001160238977206313,4.74051647297729,,43.255162897905194,100000000.0,19272.0,8831.0,544452.47224567,2580985.9134338094222772108343,61.8788893948896,293.337894506013881238222857184,0.00233378,0.0110633225343049398562,546452.47224627,2590466.9463826083121609972083,0.1543545009554689,0.10206006138688671,0.1278268031351507
2017-08-21,5640.0,1399.0,5152279.0,3682.82987848463,482142251.429948,0.00617047686395512,0.0297504760758372650647889593376,0.001,0.00482142251429948,43.99550004,212.1208944207196729119792,0.0,0.0,0.0,0.0,0.0,170.68875895,74.29621941765686,0.0012075817949743397,4.82142251429948,,15.202637251227822,100000000.0,20548.0,7789.0,585861.66199282,2824686.6073970943048830897336,75.9184041222416,366.034702884662102053911314368,0.00061606,0.0029702855541593376488,591328.44970814,2851044.3007686339691825537672,0.15417493005785046,0.0930033457529216,0.12751688944050998
2017-08-22,4411.0,1283.0,4496616.0,3504.76695245518,465676183.895494,0.00879404741599864,0.0409517844167827650513340612816,0.001,0.00465676183895494,51.5595,240.10031203559722893,0.0,0.0,0.0,0.0,0.0,141.03126288,73.12574145414061,0.0011429514329393438,4.65676183895494,,30.105601509848118,100000000.0,16903.0,6494.0,709062.64298314,3301935.8572724171097016397116,109.189812593745,508.4709524891932331415808503,0.000567605,0.0026432013036000187187,709078.64298378,3302010.3654648207163185708732,0.15415455954574678,0.08826755480301103,0.12732543860571327
2017-08-23,7421.0,1404.0,6734317.0,4796.52207977208,444964016.543899,0.00822111940895522,0.0365810231269571968077485520278,0.001,0.00444964016543899,55.08150004,245.0928549506133343025596,0.0,0.0,0.0,0.0,0.0,152.4460944,70.26084907844412,0.0010730000000000026,4.44964016543899,,25.089037077781796,100000000.0,27615.0,10902.0,655969.57662109,2918828.5754392111345207422991,60.2011951530334,267.873655960368460886741132266,0.000522645,0.00232558218426586092855,656313.42955837,2920358.5972799363963728788463,0.15411468714058854,0.08878759229150843,0.1274416337023305
2017-08-24,11210.0,1375.0,7316152.0,5320.83781818182,462930929.293501,0.00805650121584895,0.0372960359470717511052743267395,0.001,0.00462930929293501,56.323,260.73658730597856823,0.0,0.0,0.0,0.0,0.0,163.96831851,73.6372470533973,0.0010701585168930378,4.62930929293501,,38.7992382709949,100000000.0,29223.0,7033.0,609873.91287543,2823294.9723928647447732158043,87.3027033807948,404.151216059062082673358545948,0.00091782,0.0042488726552416108782,613999.91287713,2842395.5025433844218312053213,0.1509708757755254,0.08791030042183721,0.12642700615139235
2017-08-25,6549.0,1389.0,4792467.0,3450.30021598272,546031815.645301,0.00638772129620043,0.0348789905720047633683988367943,0.001,0.00546031815645301,61.699,336.89616993499426399,0.0,0.0,0.0,0.0,0.0,103.58922419,86.77065705593586,0.0012543424921966021,5.46031815645301,,85.28025773384661,100000000.0,16574.0,3304.0,965351.37492787,5271125.6398755255777637943887,292.206832605333,1595.54227351452517956448990233,0.999,5.45485783829655699,965451.37492802,5271671.6716919899264872623402,0.1478863945893154,0.08846779736956513,0.12760392981189483
2017-08-26,14566.0,1405.0,7654096.0,5447.75516014235,516517325.874869,0.00351395307087559,0.0181501764341844376376060654771,0.001,0.00516517325874869,58.55300002,302.4363899228155107449738,0.0,0.0,0.0,0.0,0.0,78.52772418,81.9008164192994,0.0011895897229515949,5.16517325874869,,64.63764498340372,100000000.0,32263.0,9382.0,1273435.60558838,6577515.5367235442350900042222,135.774579576687,701.29922764734972261951579003,0.000584205,0.00301752004362727844145,1273837.10558848,6579589.3537874483514508790912,0.14638036563765228,0.08916008753698464,0.1271214499883308
2017-08-27,25093.0,1404.0,12705520.0,9049.51566951567,498056281.873886,0.00269069536892791,0.0134011773110351882487364555826,0.001,0.00498056281873886,75.996,378.50285197287840456,0.0,0.0,0.0,0.0,0.0,204.57010817,79.41977643820293,0.0011462999999999988,4.98056281873886,,64.243491892183,100000000.0,59084.0,16112.0,488829.97078182,2434648.3771611359945806155252,30.3619687399218,151.219692609766073530811021148,0.00055105,0.002744539141266048803,489192.04033762,2436451.6873285507695370139132,0.14432854187184024,0.0892080723715856,0.12557083061187882
2017-08-28,16563.0,1400.0,8791799.0,6279.85642857143,544330593.559423,0.00324436218792711,0.0176600559547611205533297765753,0.001,0.00544330593559423,56.97100002,310.1105825656049960418846,0.0,0.0,0.0,0.0,0.0,76.35149952,86.5745514067775,0.0012428309000584441,5.44330593559423,,83.95109260774298,100000000.0,38665.0,11332.0,1309731.97163676,7129271.8152479094016763118948,115.579066505244,629.13221873843492251255114212,0.000607115,0.00330471268308829094645,1309741.98163742,7129326.3027439172818361040866,0.1442724570706965,0.08980859429431048,0.12570935634894567
2017-08-29,33215.0,1379.0,9867783.0,7155.75271936186,568156418.62554,0.00257667343746352,0.014639535521968328309422903008,0.001,0.0056815641862554,110.3615,627.0259459414253271,0.0,0.0,0.0,0.0,0.0,343.24974691,90.92132656548867,0.001234999999999998,5.6815641862554,,91.34128117979284,100000000.0,43970.0,1876.0,291333.0625897,1655227.49468174239666960938,155.294809482916,882.3174278694910187883127464,0.64008424,3.636679694170506154896,291333.06258995,1655227.49468316278771617323,0.1438779735834581,0.08984144430591791,0.12440176935110517
2017-08-30,81602.0,1378.0,19258973.0,13976.0326560232,604130400.908241,0.00162445081079256,0.0098138011957982641866904548696,0.001,0.00604130400908241,144.31458558,871.8482844335205552176478,0.0,0.0,0.0,0.0,0.0,326.20114577,97.83455331642803,0.0013171545131002078,6.04130400908241,,106.55803702651332,100000000.0,94425.0,2001.0,306559.31561122,1852018.0224236232245805006402,153.280220695332,926.01241179974580217349031012,0.01,0.0604130400908241,306713.72161136,1852950.8360112953857402321776,0.14130275561986136,0.08984810890117347,0.12424792891782009
2017-08-31,9779.0,1439.0,7786889.0,5411.31966643502,585433992.887054,0.00766362445006084,0.0448654626178597092699754836536,0.001,0.00585433992887054,81.8705,479.29773714659554507,0.0,0.0,0.0,0.0,0.0,67.04465306,96.53720850556216,0.0012349999999999998,5.85433992887054,,88.70296620156834,100000000.0,30339.0,8050.0,1491543.2540698,8732001.227938326703372323692,185.298029946753,1084.79765545832514884363035662,0.00175207,0.0102572133591762070178,1491649.14107136,8732621.1264395077885303417344,0.14075869723522327,0.09015661436397332,0.12380785010673231
2017-09-01,20339.0,1381.0,9868058.0,7145.5887038378,590883732.866168,0.00672525513296228,0.0397384385744210900963663214304,0.001,0.00590883732866168,54.37368775,321.28527587419431371042,0.0,0.0,0.0,0.0,0.0,121.6556124,102.65010353599561,0.0012014309875770797,5.90883732866168,,81.39192802398972,100000000.0,41236.0,8820.0,821992.49199281,4857019.9205667528277134825208,93.2807814051349,551.180963213391415435696860632,0.00061402,0.0036281442965448447536,822736.49199329,4861416.0955421133595512401272,0.13891645220007984,0.0900278384460365,0.1222183732002738
2017-09-02,19565.0,1392.0,10293400.0,7394.68390804598,567090788.771814,0.00348928306814434,0.0197874028736210899029667563276,0.001,0.00567090788771814,52.89404203,299.9572401612218179534242,0.0,0.0,0.0,0.0,0.0,176.42860227,100.62157358468353,0.0012341421507890131,5.67090788771814,,41.164465744023865,100000000.0,43459.0,9161.0,566801.52033845,3214279.212457949858171004483,61.8713590589401,350.866778111184608745155943414,0.0005908,0.003350372380063877112,566803.52033895,3214290.554276560748394863553,0.13843485156911503,0.08317954999346965,0.12229557259274167
2017-09-03,25766.0,1377.0,11295291.0,8202.825708061,522066590.520041,0.00921125938281902,0.0480889078038406289924238597982,0.001,0.00522066590520041,55.2215,288.293002284024440815,0.0,0.0,0.0,0.0,0.0,194.83512631,93.47467268431727,0.0011287203133140257,5.22066590520041,,26.761131492528772,100000000.0,51429.0,30389.0,513254.4726201,2679530.125899373416548294241,16.8894821439376,88.174343585346151883994534416,0.00000218,0.0000113810516733368938,513254.47287212,2679530.1272150856379769015692,0.13853255927288802,0.08488474774339654,0.12274164086219039
2017-09-04,32864.0,1331.0,13390789.0,10060.69797145,437475349.649328,0.00515456517248502,0.0225499520112313281609133306656,0.001,0.00437475349649328,49.9065,218.32863537274187832,0.0,0.0,0.0,0.0,0.0,89.9816439,79.28132566564253,0.001,4.37475349649328,,-2.783654760197498,100000000.0,56213.0,12134.0,1111337.77589272,4861828.8208717420390414809216,91.6906029292138,401.123785760155052694367383264,0.00028162,0.0012320180796824375136,1112573.77594308,4867236.0164137203192048825024,0.13928716167226754,0.08986695906254615,0.1248945233793202
2017-09-05,4989.0,1401.0,5439714.0,3882.73661670236,450174610.070883,0.00808066260987154,0.0363770913951328427737492436982,0.001,0.00450174610070883,59.7565,269.008590867007199895,0.0,0.0,0.0,0.0,0.0,120.72802345,81.92195459253898,0.0010107079031079949,4.50174610070883,,-12.88961276223168,100000000.0,20174.0,5826.0,828308.1023457,3728832.769920285458955702531,142.174408229657,640.03308786844378987312777131,0.000662435,0.00298211417822305380105,828308.10234598,3728832.7699215459478639010034,0.1392836787185748,0.0861570833871019,0.12143317513522363
2017-09-06,5279.0,1395.0,5714285.0,4096.26164874552,517455413.61579,0.00757155635062612,0.039179428231285004183396184348,0.001,0.0051745541361579,50.79,262.815604575459741,0.0,0.0,0.0,0.0,0.0,154.17243129,95.69057234310128,0.0011230679483583983,5.1745541361579,,-10.771952783128466,100000000.0,22608.0,7853.0,648624.39520474,3356342.047019603725807468446,82.5957462377423,427.39616032355772609809230917,0.00057241,0.002961966533078143539,648624.39520499,3356342.047020897364341507921,0.13957937496669026,0.08741187631353149,0.12231262619463579
2017-09-07,13466.0,1405.0,10806180.0,7691.23131672598,564977915.437505,0.00559008410901229,0.0315827406703008606168877193645,0.001,0.00564977915437505,49.12565915,277.5491250106039375642075,0.0,0.0,0.0,0.0,0.0,160.49306657,106.18665269219504,0.0012189089078665466,5.64977915437505,,6.954299932608439,100000000.0,46792.0,15494.0,623079.87590521,3520263.6943998484454505890105,40.2392910744495,227.343107899254793243195284975,0.000622185,0.00351520784316484048425,623467.57590752,3522454.113791050642182195376,0.1396104266122419,0.08727160101453939,0.12277693944915924
2017-09-08,7908.0,1386.0,8227828.0,5936.38383838384,445409409.774986,0.00575368047982552,0.0256274342655294310665574044272,0.001,0.00445409409774986,42.209,188.00285777192384074,0.0,0.0,0.0,0.0,0.0,174.69747049,85.21354540253745,0.0010250000000000016,4.45409409774986,,-19.338452844009023,100000000.0,33607.0,12882.0,572418.13359032,2549604.2302696351899950773552,44.4595659517885,198.02709029438179456709262461,0.000529855,0.0023600240281632520703,572728.12859094,2550984.9771722286961863822684,0.13676897305543856,0.09721351155859526,0.1172132039793761
2017-09-09,6549.0,1351.0,7786996.0,5763.87564766839,429496612.642522,0.0063768486397663,0.027388348901136998634955226086,0.001,0.00429496612642522,34.926,150.00598693152723372,0.0,0.0,0.0,0.0,0.0,101.02425329,82.76211355298891,0.000990629351256575,4.29496612642522,,-25.111513288038985,100000000.0,33811.0,14792.0,989861.31292157,4251420.8088569380722183299954,66.9241693430057,287.437040367354651812951083754,0.000519185,0.0022298819883480778457,989942.31292174,4251768.7011139086592798222828,0.1368210224831402,0.09697212949171329,0.11728127120737705
2017-09-10,22646.0,1370.0,10256403.0,7486.42554744526,450860426.090856,0.00259169439467622,0.0116849243908100366719242264432,0.001,0.00450860426090856,60.7545,273.91799756936910852,0.0,0.0,0.0,0.0,0.0,225.42680053,90.6378676692265,0.0010578999999999986,4.50860426090856,,-16.856413484051753,100000000.0,45321.0,7937.0,443602.97783951,2000030.2760389403038584652056,55.932591387237,252.17791985215416306040804872,0.00054824,0.0024717972000005089344,443936.9778405,2001536.14986654728111676468,0.13683588346139214,0.09712653237013655,0.11715296899510207
2017-09-11,27004.0,1393.0,10506811.0,7542.57788944724,446150913.493384,0.891661082132437,3.97815406319886065811811296808,0.001,0.00446150913493384,10085.5785,44996.90060884233562644,0.0,0.0,0.0,0.0,0.0,159.62012724,94.63303929470872,0.0010590999999999997,4.46150913493384,,-14.249908480533877,100000000.0,44305.0,6697.0,626487.40937049,2795079.2998274773274221983816,93.5488888115977,417.369221995853238011214196168,0.00004898,0.0002185247174290594832,626496.90837127,2795121.6797062300410936067768,0.13441045215120978,0.09690385521247133,0.11711757473752596
2017-09-12,26726.0,1389.0,11959036.0,8609.81713462923,432806305.239621,0.0273654771140419,0.118439510408478813457233341199,0.001,0.00432806305239621,176.3705,763.342644582645755805,0.0,0.0,0.0,0.0,0.0,167.31529868,92.09632343877004,0.0010393206190669572,4.32806305239621,,-7.981815809456899,100000000.0,48611.0,6491.0,597673.97716622,2586770.6579518128509964680262,92.0888736010907,398.566451369665378180304546247,0.00004285,0.0001854575017951775985,597748.87854468,2587094.8358404991223315476628,0.1341987871895428,0.0953425056217822,0.11057563535850144
2017-09-13,3441.0,1424.0,5432572.0,3815.00842696629,393120093.483343,0.00619210703466846,0.0243424169632773080982453746178,0.001,0.00393120093483343,36.7935,144.642641595793806705,0.0,0.0,0.0,0.0,0.0,162.16884517,84.72264010047657,0.0010113406234098115,3.93120093483343,,-19.28098195333842,100000000.0,19905.0,7460.0,616641.25373031,2424140.6731214529762059922633,82.7151814652467,325.169998701094629268998357181,0.00003878,0.0001524519722528404154,617055.25373074,2425768.1903101644326279706382,0.13413638380357307,0.09655318045693832,0.11038440845347823
2017-09-14,9882.0,1414.0,7650993.0,5410.88613861386,321401981.102937,0.00656435515230071,0.0210979675061271992801888818527,0.001,0.00321401981102937,50.644,162.77081930977141428,0.0,0.0,0.0,0.0,0.0,129.05245726,69.73154098200459,0.0009896999999999992,3.21401981102937,,-30.35951734881643,100000000.0,30304.0,10169.0,774878.6975721,2490475.485141365188220792577,76.2104137647812,244.941779646752170732624823844,0.00008485,0.0002727095809658420445,774983.69757406,2490812.9572278227509004101422,0.13097122059814628,0.10258648580173851,0.11162661525050199
2017-09-15,2806.0,1375.0,4498411.0,3271.57163636364,406766554.910415,0.0066944498381877,0.027230782977001958836194548955,0.001,0.00406766554910415,41.3717,168.286238797872162555,0.0,0.0,0.0,0.0,0.0,182.44771396,88.85090627788676,0.0010996,4.06766554910415,,-15.735890644237777,100000000.0,15700.0,6729.0,548102.23613997,2229496.5833335035587875078755,81.4660141888081,331.376499338644575119911263615,0.00003149,0.0001280907881412896835,548184.80947649,2229832.4640497405463499864335,0.1300654574338031,0.11173326617914082,0.10282769519670167
2017-09-16,3407.0,1406.0,4786953.0,3404.66073968706,385560136.691327,0.00671037337388072,0.0258725247528329154442275651544,0.001,0.00385560136691327,39.7187,153.139474012018097149,0.0,0.0,0.0,0.0,0.0,170.1172571,84.82336470019908,0.0010389000000000012,3.85560136691327,,-12.335518738912185,100000000.0,17217.0,7168.0,587829.83986208,2266437.5340846442574521218016,82.0144865879715,316.215166595272964735265731805,0.00004172,0.0001608556890276216244,587879.83986258,2266630.3141549177216355784366,0.13010166662415854,0.1108965570822085,0.1030913930697211
2017-09-17,7215.0,1370.0,9356516.0,6829.57372262774,389662817.321043,0.00529254923820141,0.0206230964696790131905186527063,0.001,0.00389662817321043,28.4845,110.993505199812493335,0.0,0.0,0.0,0.0,0.0,184.17065467,92.56814086529931,0.0010497788597086048,3.89662817321043,,5.413114030309336,100000000.0,39777.0,14869.0,542974.66758417,2115770.3870480448301211468931,36.6963257505717,142.991936772985064904196902831,0.00025554,0.0009957443633821932822,545637.66758525,2126147.1078775125636382141575,0.1300955309819482,0.10619420332761999,0.10309356398116329
2017-09-18,35946.0,1398.0,13062326.0,9343.58082975679,433077000.169833,0.00179140849277442,0.0077581781612950776889335807186,0.001,0.00433077000169833,72.39440001,313.5234958542572813689833,0.0,0.0,0.0,0.0,0.0,136.47870529,104.23462980156953,0.0010613517825832834,4.33077000169833,,-2.7127635025087926,100000000.0,60334.0,11912.0,732715.03994739,3173220.3147973501240938508587,61.5108328533445,266.389269700744453024820564685,0.00029621,0.0012828173822030623293,732717.04094904,3173228.9806752692929549831032,0.13026259268983803,0.10233879367880623,0.10132064446587531
2017-09-19,31622.0,1382.0,15774868.0,11414.520984081,431830980.926359,0.00377230191071566,0.0162899683445472178485544808194,0.001,0.00431830980926359,49.17950001,212.3723173078618224976359,0.0,0.0,0.0,0.0,0.0,135.94383235,104.70618941311359,0.0010999999999999992,4.31830980926359,,-8.906343140466559,100000000.0,66236.0,16018.0,735597.91769862,3176539.7036718217068897592458,45.9237025657904,198.312775267556180917350291536,0.00033902,0.0014639933915365422818,735605.86769883,3176574.0342357121974902045997,0.13026756712177578,0.10162658026168549,0.10126308526686617
2017-09-20,7748.0,1391.0,9843674.0,7076.688713156,431981932.117095,0.00595458937198068,0.025722750218721334555858377246,0.001,0.00431981932117095,51.7692,223.63359040156314474,0.0,0.0,0.0,0.0,0.0,289.93026198,108.25489766540295,0.0011088466393239717,4.31981932117095,,-10.403634853424784,100000000.0,40064.0,16619.0,344910.52888606,1489951.166757293050478331957,20.7607100914158,89.68251657412669247479933101,0.00023512,0.001015675918793713764,345022.24100924,1490433.742945415043626569578,0.12997501492620142,0.10155895294475338,0.09663882039294065
2017-09-21,11902.0,1391.0,12201162.0,8771.50395398994,371670698.341763,0.00627063273727648,0.0233061044850827019677286163424,0.001,0.00371670698341763,41.02875,152.4918416458960868625,0.0,0.0,0.0,0.0,0.0,96.52305451,93.4723617622396,0.0010274970481108886,3.71670698341763,,-20.186878523044136,100000000.0,51517.0,18862.0,1036021.91735339,3850589.8952010673250666662657,54.927026562408,204.14766320286747299832245304,0.000372745,0.00138538394453400449435,1036033.57502014,3850633.2233324874055732810682,0.1305172546894912,0.10491790957731184,0.09647593238644411
2017-09-22,6280.0,1417.0,8003717.0,5648.35356386733,354731022.213325,0.00536545215100966,0.019032923261643401037866557195,0.001,0.00354731022213325,36.6675,130.070997570070944375,0.0,0.0,0.0,0.0,0.0,270.97939317,89.9932198701453,0.0009801328405126472,3.54731022213325,,-20.2787171491814,100000000.0,33276.0,14620.0,369031.751198599,1309070.10331852446562619131675,25.2475206018536,89.5607879144750995476961922,0.00045763,0.0016233555769548391975,369118.7511991,1309378.719309627260797480075,0.12983299408604465,0.10493249122911964,0.09666561317330068
2017-09-23,6284.0,1342.0,7752341.0,5776.70715350224,382399915.353588,0.00447640767536961,0.0171177791614949049470173966068,0.001,0.00382399915353588,28.461,108.83483990878468068,0.0,0.0,0.0,0.0,0.0,508.45925129,98.31342021655495,0.0010128187710094466,3.82399915353588,,-17.395902680949582,100000000.0,32009.0,11432.0,196672.59420766,752075.8337737974558959808408,17.203690885943,65.78689938553896547823813484,0.000522015,0.0019961849181330323982,196672.5942081,752075.833775480015523536628,0.12916232297809258,0.10568052135139333,0.09676899195067236
2017-09-24,7703.0,1397.0,8994069.0,6438.13099498926,394531042.111017,0.0105077061649319,0.041456162634469403813520447423,0.001,0.00394531042111017,52.4965,207.114988521810039405,0.0,0.0,0.0,0.0,0.0,429.95558544,105.80945221894792,0.0010729999999999993,3.94531042111017,,-27.745777662285153,100000000.0,38055.0,12122.0,232582.16287048,917608.8309372475941555207816,19.1886593534301,75.705217714220910226039494117,0.0005227,0.002062213757114285859,232604.92868228,917698.6491317871670328067876,0.1290496525045319,0.10090921568949818,0.09540695397526865
2017-09-25,5559.0,1418.0,6545618.0,4616.09167842031,404044987.37647,0.00470836203333793,0.019023900783238745481476405071,0.001,0.0040404498737647,34.178,138.0944957855299166,0.0,0.0,0.0,0.0,0.0,146.13830631,109.53569213045489,0.0010310589277075337,4.0404498737647,,-21.775133739782124,100000000.0,26693.0,5566.0,684283.28289983,2764812.304011912621655090001,122.940045257127,496.7330903397852921029960169,0.000101545,0.0004102874824314364615,684284.29190117,2764816.380831249453068234699,0.1283045222042004,0.10073649405446865,0.09514066874658711
2017-09-26,32304.0,1405.0,13709143.0,9757.39715302491,458836226.00488,0.00440418653372885,0.02020800327757659671604696788,0.001,0.0045883622600488,40.08690583,183.933245832502216804504,0.0,0.0,0.0,0.0,0.0,192.82182113,126.02671781240971,0.0011794999999999991,4.5883622600488,,-7.874623269772742,100000000.0,57763.0,10300.0,518613.5024164,2379586.62203913690398192032,50.3682040219961,231.10756644096508346345940968,0.00008477,0.000388955468784336776,518792.50142656,2380407.934341941139695216128,0.12735778183304777,0.10354415008632037,0.09631133990296804
2017-09-27,41413.0,1400.0,18135600.0,12954.0,504934498.246639,0.00673674134997164,0.0340161311336531550745237531796,0.001,0.00504934498246639,47.5075,239.881756754522022925,0.0,0.0,0.0,0.0,0.0,151.41221334,138.47352624853795,0.0011999999999999995,5.04934498246639,,-7.237530974544295,100000000.0,79080.0,15736.0,660448.70352605,3334833.3473256929446186144595,42.03601395057,212.2543361241978020861463423,0.00021109,0.0010658662323488302651,661478.71552617,3340034.2332503790373131904263,0.1274797888584778,0.10376174657677352,0.09689609553052364
2017-09-28,27297.0,1393.0,17326114.0,12437.9856424982,456639460.032735,0.00825846925972397,0.0377114294345729440107326415795,0.001,0.00456639460032735,59.238,270.5040833341915593,0.0,0.0,0.0,0.0,0.0,55.99297677,123.75738646271253,0.0010904120384893918,4.56639460032735,,-19.62786214095444,100000000.0,74683.0,15043.0,1785938.26880875,8155298.8672062513250445443125,121.267839381165,553.75680694351622493042436275,0.00006006,0.000274257659695660641,1824232.10781087,8330163.6468513369697938882945,0.127671378250774,0.10489685066144395,0.09791986104203686
2017-09-29,5109.0,1388.0,8587973.0,6187.30043227666,451355704.769141,0.0043581583409417,0.019670796294712512909670400797,0.001,0.00451355704769141,33.414,150.81599519156077374,0.0,0.0,0.0,0.0,0.0,225.13387738,122.36850493827245,0.0010862926725903064,4.51355704769141,,-25.288364218953497,100000000.0,35198.0,10164.0,444180.15255202,2004832.4579958155043609321482,43.7209910027568,197.337187072545681456385679088,0.000042065,0.00018986277721113916165,444380.15255202,2005735.1694053537863609321482,0.12767948825457873,0.10409243485052411,0.09790742059379845
2017-09-30,3997.0,1361.0,8135392.0,5977.51065393093,500639902.744594,0.00724253318584071,0.0362590110978378759698829762174,0.001,0.00500639902744594,39.2835,196.66887619467258399,0.0,0.0,0.0,0.0,0.0,140.34878352,138.05545203815518,0.0011549999999999991,5.00639902744594,,-14.48397106637077,100000000.0,32812.0,8598.0,712510.62880748,3567112.5191066630321323676312,82.8706721107409,414.883652259004625530168096946,0.000037595,0.0001882155714368301143,712522.03880815,3567169.642122920477656156411,0.12784881135138343,0.10602374963788663,0.09847555741463541
2017-10-01,18970.0,1365.0,13258842.0,9713.43736263736,510995153.177279,0.00263568484094268,0.0134682217902453700374751736772,0.001,0.00510995153177279,33.887,173.16092755718453473,0.0,0.0,0.0,0.0,0.0,133.08209128,141.26615640637763,0.0011660999999999987,5.10995153177279,,-13.520185993508028,100000000.0,55909.0,8782.0,751415.904587389,3839698.85264476504074864734531,85.7322472543327,438.087628179600950104039467233,0.000076945,0.00039318522061225732655,752900.59538755,3847285.5506732567119485947645,0.12784396482190558,0.10609625340453777,0.09834447633513099
2017-10-02,54733.0,1424.0,20967089.0,14724.0793539326,503052771.01271,0.00464448676624664,0.023364219376922329482384347944,0.001,0.0050305277101271,32.80401003,165.021481459202320974813,0.0,0.0,0.0,0.0,0.0,146.73252723,141.3187648391361,0.0011467221860960847,5.0305277101271,,-11.292374876656925,100000000.0,87833.0,6415.0,681512.14924666,3428365.751573598949117850486,106.315221862415,534.8216695871891297183629465,0.00005706,0.000287041911139852326,682012.14824739,3430881.010401807074219143269,0.126846562653089,0.10589796237629913,0.0947307068851332
2017-10-03,25150.0,1416.0,11344772.0,8011.84463276836,460355666.218352,0.00571620535023968,0.0263148752225049601666241460736,0.001,0.00460355666218352,36.9667,170.178298063939528784,0.0,0.0,0.0,0.0,0.0,304.13247359,132.0716687131694,0.0010689626291135509,4.60355666218352,,-11.820508230610493,100000000.0,44483.0,5355.0,328804.08599643,1513668.2406420283605787248336,61.8123409891298,284.556614165667961191052700896,0.00003834,0.0001765003624281161568,331005.08599679,1523800.6688571515684971109008,0.1268783668458225,0.10605654113027986,0.09543337393581922
2017-10-04,36302.0,1391.0,15244020.0,10959.0366642703,494256796.526441,0.162997229381443,0.80562488436757503469424234363,0.001,0.00494256796526441,1264.8585,6251.649102692393735985,0.0,0.0,0.0,0.0,0.0,119.79417103,140.8601437131649,0.0011721454589450333,4.94256796526441,,12.979347732992935,100000000.0,61679.0,8407.0,834765.15712618,4125883.5241307689860194332538,99.7193005978875,492.869420653690884445024933875,0.00001495,0.0000738913910807029295,838340.16012644,4143553.2194355782152336320004,0.12683587837917767,0.10171331972494056,0.09518979743083929
2017-10-05,36833.0,1366.0,15621753.0,11436.1295754026,509005836.929161,0.00835543261382188,0.0425296397050361330738303184268,0.001,0.00509005836929161,46.0635,234.465903693864077235,0.0,0.0,0.0,0.0,0.0,168.03987681,144.788245129154,0.0011784122150789017,5.09005836929161,,13.068535084423033,100000000.0,65211.0,10199.0,595096.84187632,3029077.6605315684689816336752,58.3622846238435,297.067435300573649940410503035,0.00008603,0.0004378977215101572083,595236.94087858,3029790.7726305513861656227138,0.12682598034674988,0.10171998845448739,0.09356079689400584
2017-10-06,18037.0,1381.0,11326592.0,8201.7320782042,507475324.821033,0.00682942143326759,0.0346576286018719498156914922047,0.001,0.00507475324821033,41.5502,210.857012413788853566,0.0,0.0,0.0,0.0,0.0,26.33540333,137.4180659257154,0.0011623571284525751,5.07475324821033,,-1.9286857441532506,100000000.0,45261.0,10986.0,3797169.86795121,19269700.1213917927913562579993,345.69387101325,1754.3110948108932804262168725,0.00002551,0.0001294569553618455183,3797792.86695156,19272861.6875924507423728016148,0.12683230316933106,0.09846405046490012,0.09232339909217574
2017-10-07,3845.0,1388.0,7773071.0,5600.19524495677,510539517.778051,0.00721356027835245,0.0368280758597296316689905207495,0.001,0.00510539517778051,38.3545,195.814879346182570795,0.0,0.0,0.0,0.0,0.0,152.60609971,137.58184013854677,0.0011501601436832252,5.10539517778051,,-9.635491259388123,100000000.0,31658.0,10864.0,655281.80192689,3345472.5516448675118314869139,60.3195693968281,307.955238724363007947992000331,0.000013775,0.00007032681857392652525,655311.80192714,3345625.7135014772759259320414,0.12671467317692145,0.09705076042611897,0.09154916954128682
2017-10-08,9019.0,1404.0,13641741.0,9716.33974358974,457678134.550314,0.0155368392070485,0.07110871585090137258886688229,0.001,0.00457678134550314,141.0745,645.66713992618272393,0.0,0.0,0.0,0.0,0.0,120.92458246,124.54385413378398,0.000994792478565147,4.57678134550314,,2.7544826189293983,100000000.0,56764.0,20918.0,826961.714180641,3784822.94690725720581499271274,40.6686462941992,186.131501706156302970387385488,0.000032215,0.0001474410110453836551,850706.74318206,3893498.7526893827374353216684,0.12701116388610909,0.08883648776255426,0.09241633682784006
2017-10-09,12657.0,1382.0,12092263.0,8749.82850940666,425120787.781713,0.0041438563767778,0.017616394873500532599887043714,0.001,0.00425120787781713,35.546,151.11343522488770298,0.0,0.0,0.0,0.0,0.0,150.50403684,117.5251710434296,0.0008898329751840421,4.25120787781713,,-1.0188263962982842,100000000.0,50950.0,16938.0,664434.0052401,2824647.077366301354969542913,39.2274179527176,166.763908227018174708239332488,0.000014925,0.00006344927757642066525,664434.00528313,2824647.0775492308299520140169,0.12672822661706723,0.0896369530950939,0.09270050508647905
2017-10-10,4607.0,1392.0,9415347.0,6763.89870689655,414131558.246108,0.00786521152115211,0.0325723230318996474633508348788,0.001,0.00414131558246108,52.4295,217.12710533064319386,0.0,0.0,0.0,0.0,0.0,117.50166433,114.0172115882899,0.0008734966302476942,4.14131558246108,,-8.146394254027186,100000000.0,39058.0,15665.0,851051.77507676,3524473.9776065483865267125008,54.5835798964539,226.047829971693879633326764212,0.00001,0.0000414131558246108,855051.77907795,3541039.256506583201914161186,0.12629575749397565,0.08926923774406967,0.09250191646873193
2017-10-11,26920.0,1391.0,13946713.0,10026.3932422717,419077248.465905,0.00705175694532538,0.029552308974972955345660611689,0.001,0.00419077248465905,55.589,232.96085164971193045,0.0,0.0,0.0,0.0,0.0,91.40913598,114.36896978320704,0.0008703636768235888,4.19077248465905,,-6.068275152793219,100000000.0,58867.0,12207.0,1093982.55361337,4584631.9843799549724699714985,89.6356642593307,375.642675422139722346570697835,0.00000671,0.0000281200833720622255,1094182.55361365,4585470.1388780601987656760325,0.126262969637834,0.0892964132323823,0.0923974837307353
2017-10-12,9225.0,1379.0,11499192.0,8338.79042784626,372352366.944193,0.00405604616156548,0.0151027838869381513535267525764,0.001,0.00372352366944193,40.4185,150.499241433338647705,0.0,0.0,0.0,0.0,0.0,137.17790118,101.36459397609512,0.0006903507948568091,3.72352366944193,,-13.967896854450402,100000000.0,45477.0,15121.0,728980.3907358,2714375.739463777929728072094,48.2098003265406,179.510332614943210047769487358,0.00001732,0.0000644914299547342276,728980.39073762,2714375.7394705547428064564066,0.1266172789145407,0.09166473978690443,0.0927326511051626
2017-10-13,49937.0,1445.0,22973461.0,15898.5889273356,425547075.60754,0.0058301063931755,0.0248098472609665682477234327,0.001,0.0042554707560754,60.8255,258.8411364736642427,0.0,0.0,0.0,0.0,0.0,64.18344622,114.53654371709692,0.0007580000000000009,4.2554707560754,,8.248619864955092,100000000.0,89109.0,15438.0,1558034.13321164,6630168.690849418152443997656,100.956997876218,429.6195520834119645206748372,0.000008695,0.000037001318224075603,1558574.13321305,6632466.64506369908221006397,0.12656236655277567,0.09336567532547271,0.09429359049345905
2017-10-14,47192.0,1361.0,20977449.0,15413.2615723733,374071811.761543,0.00527403402347356,0.0197286746245277479215528530308,0.001,0.00374071811761543,39.993,149.60253967779389199,0.0,0.0,0.0,0.0,0.0,179.58775061,100.72669965786739,0.0006465411869569152,3.74071811761543,,16.38752520375324,100000000.0,81975.0,12660.0,556830.85098115,2082947.2527124054411138791445,43.9996722734099,164.590371242285708604382954757,0.000007315,0.00002736335303035687045,557035.85098137,2083714.0999273395622497545391,0.12700482605531832,0.08872476285247646,0.0954811286342964
2017-10-15,17624.0,1396.0,13778508.0,9869.99140401146,378132446.094652,0.00599673445153629,0.0226755986673948870477215292108,0.001,0.00378132446094652,40.4,152.765508222239408,0.0,0.0,0.0,0.0,0.0,154.89542737,101.62027139107336,0.0006645719048393166,3.78132446094652,,-7.039445222350994,100000000.0,56396.0,16811.0,645596.85007439,2441211.1610963140571118116228,38.4032389551847,145.215106840814183663623422244,0.00001634,0.0000617868416918661368,645596.85007561,2441211.1611009272729541663772,0.12626965670303059,0.07735157746193311,0.09528911168506612
2017-10-16,46550.0,1374.0,19883163.0,14471.0065502183,368393523.955582,0.00628735556722689,0.0231622107377246115507527599998,0.001,0.00368393523955582,47.8845,176.40339697851066279,0.0,0.0,0.0,0.0,0.0,239.42388862,99.14421782673206,0.000640000000000001,3.68393523955582,,-4.452382677073357,100000000.0,82850.0,13374.0,417669.26673847,1538666.5302172891617829063954,31.4920192716652,116.014559559658438641559751464,0.000006475,0.0000238534806761239345,421174.26573925,1551578.719550870540813939935,0.12627253486097534,0.07688712088429248,0.09461824925347899
2017-10-17,42945.0,1357.0,17814242.0,13127.6654384672,341350820.766137,0.00503124238733252,0.0171741871838933426357017487524,0.001,0.00341350820766137,41.3065,141.000076779764379905,0.0,0.0,0.0,0.0,0.0,117.90040693,91.47838421769995,0.0006106000000000006,3.41350820766137,,-12.398410730347354,100000000.0,75286.0,14638.0,848173.4932591,2895247.180760753530670470967,57.9432636466403,197.789806036493348304920595211,0.00000775,0.0000264546886093756175,848173.49325952,2895247.1807621872041176887424,0.12627684077275106,0.0780413198092618,0.0924463192864033
2017-10-18,39422.0,1342.0,16268829.0,12122.8233979136,377142677.814188,0.00843218849840256,0.0318013815012153839119050352128,0.001,0.00377142677814188,52.7855,199.07664819760820674,0.0,0.0,0.0,0.0,0.0,342.26074391,101.74866934307657,0.0006754144510111621,3.77142677814188,,-12.915560589389433,100000000.0,72738.0,40577.0,292174.90401589,1101916.2569065610588841944732,7.20210721114449,27.1622199951590645842704002412,0.00000146,0.0000055062830960871448,292239.90430661,1102161.4007435694740256018268,0.12627459181328776,0.07776040116031553,0.09013003073152179
2017-10-19,7740.0,1395.0,11967641.0,8578.9541218638,390930131.575551,0.0068343627175744,0.026717583164164004907090634944,0.001,0.00390930131575551,48.688,190.33606246150427088,0.0,0.0,0.0,0.0,0.0,104.36994472,106.55850074182975,0.0006848435469392671,3.90930131575551,,-9.471494903646779,100000000.0,48641.0,18774.0,958130.23824624,3745619.8010411663021030167824,51.0534381723911,199.583273021171106997919699961,0.00001671,0.0000653244249862745721,958477.24824847,3746976.3676994643635622515697,0.1262849570856482,0.07811177928599737,0.08986369999210043
2017-10-20,5019.0,1406.0,9802033.0,6971.57396870555,352503852.291368,0.0056524302213667,0.019925034278399117432675726456,0.001,0.00352503852291368,46.983,165.61688492205342744,0.0,0.0,0.0,0.0,0.0,163.66030719,97.77901473692535,0.0005874199590882529,3.52503852291368,,-18.398473157479962,100000000.0,38818.0,15243.0,611021.70535291,2153875.0497054196665458668088,40.1057341307079,141.374257800479337790268994072,0.00000962,0.0000339108705904296016,611331.70535438,2154967.8116527047139745499184,0.12602367517109503,0.08021511144710983,0.09074619723537468
2017-10-21,5755.0,1367.0,8777515.0,6421.00585223116,365709111.82934,0.00511392541238346,0.018702091205242464492101587164,0.001,0.0036570911182934,42.7831,156.46169502305836154,0.0,0.0,0.0,0.0,0.0,339.08871422,102.30326185941087,0.0006064618638917179,3.6570911182934,,-1.6039969088284523,100000000.0,35615.0,13638.0,294908.07510156,1078505.702166918053178877704,22.0162998477687,80.51561463095924726374193658,0.00000776,0.000028379027077956784,300258.29732387,1098071.952337023930821483458,0.1260292695985825,0.0758193107252624,0.09082147948065658
2017-10-22,20104.0,1398.0,14983220.0,10717.6108726752,348282419.901952,0.00556342787114846,0.0193764412191355085216283579392,0.001,0.00348282419901952,31.7783,110.678232243702012416,0.0,0.0,0.0,0.0,0.0,335.93099312,100.94846803114174,0.0005807999999999994,3.48282419901952,,-1.8178850756094866,100000000.0,63615.0,27902.0,297680.18447041,1036767.7500421386646524524032,10.6759438247821,37.182435500324108205497646592,0.00000416,0.0000144885486679212032,297880.18459907,1037464.3153300427300983038464,0.12599143847125122,0.07586597185737935,0.09084824279311922
2017-10-23,34592.0,1409.0,15597198.0,11069.6933995742,342752018.795716,0.00413296971177945,0.014165837123339549856083968362,0.001,0.00342752018795716,52.76975728,180.8694083907993122381248,0.0,0.0,0.0,0.0,0.0,257.09636082,99.75542566911442,0.0005820948801870244,3.42752018795716,,-10.368176081109064,100000000.0,67663.0,23281.0,388959.22011481,1333165.5792355839397945615396,16.7114481446566,57.278825885809722388923711256,0.0000024,0.000008226048451097184,389059.22425575,1333508.34544753510291388367,0.12598231662904222,0.07454244061395789,0.09067866608571731
2017-10-24,26114.0,1356.0,15652964.0,11543.4837758112,385471786.181689,0.0678253559010601,0.261447610875903971286463085089,0.001,0.00385471786181689,1036.50708888,3995.4423894055627615151832,0.0,0.0,0.0,0.0,0.0,27.46651591,108.32033934775595,0.0006986000000000002,3.85471786181689,,-2.2962086534064996,100000000.0,65362.0,13868.0,3640796.6819598,14034244.001194107945513941022,262.534372797804,1011.99593616458932417204210956,0.00000876,0.0000337673284695159564,3640826.68195995,14034359.6427305406598932135555,0.1261935912380552,0.07753614355770667,0.0893629738571515
2017-10-25,9878.0,1426.0,10750539.0,7538.94740532959,373853387.587946,0.00623348989467691,0.0233041131362019152380988052686,0.001,0.00373853387587946,43.7965,163.73469889495476989,0.0,0.0,0.0,0.0,0.0,291.72149448,105.16900794549264,0.0006517646920222183,3.73853387587946,,-7.472336183295582,100000000.0,41866.0,13676.0,342792.70432067,1281542.1375071561294381064382,25.0652752501689,93.707380630999439093001040794,0.00001042,0.0000389555229866639732,342792.70432131,1281542.1375095487911186692926,0.12612522953359767,0.07757744113754651,0.08918528325694851
2017-10-26,11029.0,1384.0,12355260.0,8927.21098265896,359919381.475453,0.00559603326472192,0.0201412083135477338734335102976,0.001,0.00359919381475453,41.05250003,147.7559041881861572676359,0.0,0.0,0.0,0.0,0.0,396.6282817,101.82654053103082,0.0006099999999999996,3.59919381475453,,-21.558202888796092,100000000.0,51367.0,17501.0,252125.23819828,907447.5978667619374176682084,14.4177611679898,51.892316818436936309180543794,0.00001725,0.0000620860933045156425,252325.23820099,908167.4366394666586556529847,0.12607822251573875,0.07382098029887031,0.0891948757405165
2017-10-27,5136.0,1390.0,9041823.0,6504.90863309353,342507219.039836,0.00830608801295896,0.0284489510641869067281647313056,0.001,0.00342507219039836,61.5315,210.74982948349668834,0.0,0.0,0.0,0.0,0.0,253.27021501,96.99438310181503,0.0005933999999999994,3.42507219039836,,-32.16799006026009,100000000.0,34996.0,12904.0,394835.21580707,1352339.1174507304189522044052,30.5978933515708,104.799993603240016691583743888,0.00000928,0.0000317846699268967808,394835.21580867,1352339.1174562105344568417812,0.1261566945373889,0.07150448341391062,0.08850311151832246
2017-10-28,7743.0,1400.0,5634575.0,4024.69642857143,350295601.587054,0.00657541841004184,0.0230334014763219645723454233936,0.001,0.00350295601587054,31.4305,110.09965905681900747,0.0,0.0,0.0,0.0,0.0,337.37826519,99.55942712279554,0.0006078999999999994,3.50295601587054,,-23.288363742821865,100000000.0,20809.0,4399.0,296403.20766675,1038287.399419566876403462545,67.3796789422551,236.028051698198045915817254754,0.00005303,0.0001857617575216147362,296403.20766698,1038287.3994203725562871127692,0.12615638248881034,0.06981526323463046,0.08834488486131442
2017-10-29,9299.0,1391.0,12740409.0,9159.17253774263,360070885.939801,0.00554345261502163,0.0199603589425614491929249289563,0.003,0.01080212657819403,42.291,152.27757837280124091,0.0,0.0,0.0,0.0,0.0,272.09043884,102.62946019264223,0.000583136353009936,3.60070885939801,,-20.224585147545724,100000000.0,50839.0,16368.0,367524.8583808,1323350.013620745524391342208,22.4783026870784,80.937823629593288960029673984,0.00002017,0.0000726262976940578617,367924.8583821,1324790.297169185649908559621,0.125845129520399,0.07012651014084931,0.08800111594195142
2017-10-30,22334.0,1417.0,11283323.0,7962.82498235709,356243840.474109,0.00636922591833517,0.0226899750199495469876876911353,0.001,0.00356243840474109,40.4,143.922511551540036,0.0,0.0,0.0,0.0,0.0,112.85206655,101.35207627553547,0.0005821685154529485,3.56243840474109,,-28.84229992033814,100000000.0,48630.0,28911.0,886115.8067732,3156732.981096982561214350788,30.6497806037256,109.187955519600628825557404904,0.00000049,0.0000017455948183231341,886115.80703431,3156732.9820271708530762967979,0.12584762533384816,0.06690991797354791,0.08795070641531572
2017-10-31,3938.0,1385.0,8781238.0,6340.2440433213,320782880.389012,0.268873802743981,0.86250112905361263598321536772,0.001,0.00320782880389012,2077.319,6663.68372306822018828,0.0,0.0,0.0,0.0,0.0,88.76710752,91.29386817512741,0.0004989999999999999,3.20782880389012,,-37.223889816872074,100000000.0,32759.0,11170.0,1126543.40996655,3613758.399323295176619075486,100.870493282616,323.57527381458046746937015392,0.00000673,0.0000215886878501805076,1126723.40996682,3614335.8085088615119961258184,0.12565808765537725,0.06874221405872859,0.0887947127370037
2017-11-01,5509.0,1401.0,11088330.0,7914.58244111349,294455506.684589,0.00492173817391304,0.0144923290776844800793919414056,0.003,0.00883366520053767,49.80799032,146.6623702661670420517848,0.0,0.0,0.0,0.0,0.0,79.29550731,83.79742634436516,0.0004377601519579193,2.94455506684589,,-41.466278758029276,100000000.0,41129.0,14687.0,1261105.4950426,3713394.575254882243013184914,85.8733910970913,252.858928862178928074644359757,0.00002164,0.0000637201716465450596,1261222.49504298,3713739.0881988221430685863522,0.12582875230226048,0.06992419639634258,0.08924258316357203
2017-11-02,41752.0,1409.0,21439440.0,15216.068133428,308968291.980033,0.00397953964194373,0.0122955156603818635017846954309,0.001,0.00308968291980033,56.016,173.07167843553528528,0.0,0.0,0.0,0.0,0.0,87.79431434,87.97092200829901,0.0004386400233781418,3.08968291980033,,-32.88487257730726,100000000.0,87024.0,16341.0,1139025.9238384,3519228.942093296013915186672,69.7213098244416,215.416740110684156124825745728,0.00002722,0.0000841011690769649826,1139315.9238412,3520124.950148689221790627596,0.12521907234196794,0.06960500793185535,0.08905667548023426
2017-11-03,10531.0,1453.0,13119667.0,9029.36476256022,392325450.03609,0.0042086996272593,0.01651179975331229108732788137,0.001,0.0039232545003609,59.8435,234.78128069234751915,0.0,0.0,0.0,0.0,0.0,64.57402748,110.74391856899132,0.0005450000000000003,3.9232545003609,,-20.623155251826276,100000000.0,50947.0,16403.0,1548610.23692248,6075592.081311079245665323032,94.5260157852064,370.84961683049648132568098976,0.00000941,0.000036917824848396069,1550510.23692474,6083046.264870631510836138666,0.1257986111601244,0.08221605528577786,0.09188460824177769
2017-11-04,3996.0,1424.0,10328438.0,7253.11657303371,359202250.662645,0.00474947078746825,0.0170602059631508027352439852125,0.003,0.01077606751987935,44.873,161.18482593984869085,0.0,0.0,0.0,0.0,0.0,292.982974,102.15745196870817,0.00048406757451782646,3.59202250662645,,-29.430622479750525,100000000.0,36936.0,13558.0,341316.76197889,1226017.4909170358624400156405,25.1894646687815,90.481124020134923738197170675,0.000007345,0.00002638340531117127525,341518.76197934,1226743.079464990815467997543,0.1259883418505268,0.08318418167576562,0.09246473982058055
2017-11-05,11596.0,1340.0,13347912.0,9961.12835820895,346770228.740857,0.00919253985451168,0.0318769914805845960125699970976,0.001,0.00346770228740857,59.393,205.95724195605719801,0.0,0.0,0.0,0.0,0.0,33.54448155,98.10064824609206,0.0004704432074047183,3.46770228740857,,-31.667568494458425,100000000.0,55115.0,17749.0,2981116.27840011,10337623.7376389848259175029427,167.969041620904,582.46662984263409914250074728,0.00000939,0.0000325617244787664723,2981282.51972942,10338200.2130768949542693891294,0.12601557740156663,0.0832770836197151,0.09061492080206268
2017-11-06,45991.0,1383.0,19655483.0,14212.2075198843,366512139.77125,0.00481464129856307,0.017646244845673805136234977375,0.001,0.0036651213977125,45.233555,165.7864703251052429375,0.0,0.0,0.0,0.0,0.0,195.99138358,104.98049361049505,0.0005246933372296906,3.6651213977125,,-28.210818749865048,100000000.0,81464.0,15004.0,510226.51186161,1870042.106304197503570567125,34.026027183607,124.7095203097852077072989875,0.0000085,0.00003115353188055625,510526.51186284,1871141.6427280193528897535,0.12151746406966957,0.08414236896928573,0.09013619002153109
2017-11-07,30807.0,1343.0,15711179.0,11698.5696202532,370787170.508314,0.00436343512316949,0.0161790576301661178864207613986,0.001,0.00370787170508314,38.4375,142.52131866413319375,0.0,0.0,0.0,0.0,0.0,73.38992529,105.91742461813801,0.0005208999999999998,3.70787170508314,,-18.9851682836834,100000000.0,65207.0,14720.0,1362584.845325,5052289.7937556543331653205,93.3142218291596,345.997162802192369171994329144,0.00000889,0.0000329629794581891146,1373585.34532523,5093078.2364482742252274896222,0.12130626421916603,0.0821457745836906,0.08492243865195208
2017-11-08,39430.0,1410.0,20917886.0,14835.380141844,463218826.752727,0.00322422159320663,0.0149352014359598337120602698001,0.001,0.00463218826752727,39.8675,184.673765755643436725,0.0,0.0,0.0,0.0,0.0,63.59512765,131.29195329714486,0.0006216690356516654,4.63218826752727,,8.961697490684976,100000000.0,85780.0,22046.0,1572447.50814388,7283872.8985265722814749836076,71.3271118656917,330.400610740862218852707162659,0.00000706,0.0000327032491687425262,1572477.50819104,7284011.8643930520982715696608,0.1222922704158603,0.09116384261013542,0.08964875630536066
2017-11-09,30665.0,1373.0,21638423.0,15759.9584850692,487565056.402981,0.0036453684150448,0.017773542568909633637719685488,0.001,0.00487565056402981,63.8705,311.410239349865979605,0.0,0.0,0.0,0.0,0.0,50.75204502,136.3723549494948,0.0006850000000000004,4.87565056402981,,17.731925204606917,100000000.0,91602.0,38204.0,1970363.95186508,9606806.1132549827033102180348,51.6036004628725,251.601123702773269014888229225,0.00000263,0.0000128229609833984003,1971463.95208358,9612169.3299407451425507315198,0.12215365433440017,0.09140849045444924,0.08967338067087761
2017-11-10,19799.0,1406.0,16070209.0,11429.7361308677,429543217.490107,0.0210682195353248,0.090497108059913416036810317536,0.001,0.00429543217490107,177.7315,763.433603593429522705,0.0,0.0,0.0,0.0,0.0,137.15239842,120.67190126706808,0.0006488012215078899,4.29543217490107,,2.497384208404135,100000000.0,64889.0,20365.0,729115.94072869,3131868.0710392765315844606983,35.8044655408804,153.795653289434312210910702028,0.00000833,0.0000357809500169259131,729157.94074003,3132048.4792393325773878388321,0.1221556317992429,0.09452059007045066,0.09117488141965974
2017-11-11,24803.0,1407.0,16955208.0,12050.6098081023,403071246.934843,0.00222965565356057,0.0089871008451598126651174394051,0.001,0.00403071246934843,44.7425,180.344152659822129275,0.0,0.0,0.0,0.0,0.0,122.09731069,113.55499918949091,0.0006350857685564,4.03071246934843,,8.2499488972643,100000000.0,70842.0,19567.0,819018.85826207,3301229.5246284399595350830501,41.8777859824414,168.797314148131443011678657002,0.00000986,0.0000397428249477755198,819422.63831843,3302857.0459364844233729605649,0.1221628960471409,0.09265663970610984,0.0914591864289238
2017-11-12,50935.0,1420.0,23109537.0,16274.3218309859,370439166.943104,0.00164943352808945,0.006110147820734807894739726528,0.001,0.00370439166943104,85.11571835,315.301957993378705387584,0.0,0.0,0.0,0.0,0.0,132.84914179,104.72190693259917,0.0006355000000000006,3.70439166943104,,-12.949897161379903,100000000.0,101489.0,20507.0,752733.50400141,2788419.7215244596178180577664,36.7065150437885,135.97530854205526584248109504,0.00001,0.0000370439166943104,752740.50400297,2788445.6522719244861023701888,0.12234954110774325,0.09056080475966037,0.09126470458259019
2017-11-13,21489.0,1412.0,16385219.0,11604.2627478754,454405328.496873,0.00309893340803758,0.0140817185326925071547809648734,0.001,0.00454405328496873,48.81130011,221.8011486084400319955603,0.0,0.0,0.0,0.0,0.0,203.9129626,129.22456540392616,0.0006969999999999994,4.54405328496873,,21.47542643136652,100000000.0,68113.0,34341.0,490405.3117808,2228427.867963658465828614384,14.2833729933118,64.904407970692126745762140014,0.00000236,0.0000107239657525262028,490505.31196332,2228882.2741215359444011069836,0.12323468958266136,0.09511016498112701,0.09119296874400314
2017-11-14,7522.0,1440.0,13312968.0,9245.11666666667,506594905.866758,0.00420307641415812,0.0212925710038122356296146377496,0.001,0.00506594905866758,63.5295,321.83721072262202361,0.0,0.0,0.0,0.0,0.0,84.8406545,142.87277285716738,0.000768455908825248,5.06594905866758,,33.97287408125511,100000000.0,51093.0,22264.0,1178680.20451485,5971133.872532115035441323563,52.9410799764687,268.196814271636679102175574746,0.00000899,0.0000455428820374215442,1178680.2045961,5971133.872943723396458064438,0.12340861619103902,0.09692631396493982,0.08715730680496363
2017-11-15,15569.0,1392.0,13630142.0,9791.76867816092,497202638.764851,0.00438559365143962,0.0218052873604615725161480479662,0.003,0.01491607916294553,43.106,214.32416946597667206,0.0,0.0,0.0,0.0,0.0,76.67888313,138.84171471487278,0.0006850999999999995,4.97202638764851,,34.96508663512766,100000000.0,55058.0,26659.0,1304140.01771419,6484218.5812633479472193593569,48.9193149707502,243.228124900258792537208612202,0.00000446,0.0000221752376889123546,1304140.01780523,6484218.5817160012295508797073,0.12299581296987584,0.09684155122700094,0.08688544964441006
2017-11-16,41530.0,1398.0,22457337.0,16063.9034334764,479380653.80694,0.003779460995086,0.0181180048286215472653269684,0.001,0.0047938065380694,49.2237,235.96889488796672478,0.0,0.0,0.0,0.0,0.0,66.98471497,131.817834730669,0.0006119463120981874,4.7938065380694,,40.43635598444002,100000000.0,93906.0,23539.0,1492877.89072839,7156567.793113011289830370266,63.4214661086146,304.03023888542353735019265324,0.00001933,0.000092664280380881502,1492877.89073068,7156567.793123989106802549192,0.12301177257430901,0.0958884158934628,0.08703967573320112
2017-11-17,10766.0,1389.0,11682331.0,8410.60547156228,476370179.525228,0.00595202416918429,0.0283536682201281626162023626812,0.001,0.00476370179525228,49.253,234.62660452156054684,0.0,0.0,0.0,0.0,0.0,111.85602679,130.0608200624573,0.0006163386323787264,4.76370179525228,,26.310334933753577,100000000.0,47470.0,18922.0,894006.3657871,4258779.729666974783805269588,47.2717665040033,225.188598959867116149553452524,0.000008395,0.0000399912765711428906,894476.36578875,4261018.66951860346336743585,0.12249290939851065,0.09446135695162698,0.08600590439477769
2017-11-18,11456.0,1405.0,11918130.0,8482.65480427046,537613874.858116,0.00381410622501428,0.0205051642675038835350507389648,0.001,0.00537613874858116,40.071,215.42725579439566236,0.0,0.0,0.0,0.0,0.0,159.55716405,146.431629213493,0.000689588556399767,5.37613874858116,,37.52172867601457,100000000.0,47865.0,18592.0,626734.62888946,3369412.3234502592117214785736,33.709909040987,181.22914820639658160253600492,0.00000871,0.0000468261685001419036,626734.62889003,3369412.3234533236108081698348,0.12278589071728198,0.09658636010355784,0.08737165646931287
2017-11-19,11441.0,1401.0,15590182.0,11127.8957887223,485687253.174822,0.003898823021272,0.01893608643816358284040813584,0.003,0.01457061759524466,36.107,175.36709650383297954,0.0,0.0,0.0,0.0,0.0,105.75925972,131.58426989790496,0.0006057219111630624,4.85687253174822,,37.78211217203068,100000000.0,62105.0,23042.0,945543.683482629,4592385.14387481390061937167038,41.0356602501766,199.304971091235018151361735652,0.000015595,0.0000757429271326134909,945543.68348457,4592385.1438842410902034949654,0.1223517323838115,0.0965099001786947,0.08842150052808216
2017-11-20,30143.0,1394.0,19440951.0,13946.1628407461,521496163.331147,0.00534711637487127,0.0278850067438051847012650644669,0.001,0.00521496163331147,51.9205,270.763415482348178135,0.0,0.0,0.0,0.0,0.0,118.96445154,140.8271987168621,0.0006305974517825826,5.21496163331147,,42.59862455232064,100000000.0,83595.0,43879.0,840587.24016492,4383630.2069112321002085276324,19.1610619758477,99.924203057549024124911383119,0.00000172,0.0000089697340092957284,840768.23843822,4384574.1059621872240396123834,0.11712354462288792,0.09703271508983186,0.0865582969804116
2017-11-21,40605.0,1410.0,21695519.0,15386.8929078014,543296751.33135,0.00288091592469605,0.015651922627461161191815861675,0.001,0.0054329675133135,53.78958123,292.237047377327614705605,0.0,0.0,0.0,0.0,0.0,274.09359799,147.12782802646714,0.0006713999999999995,5.4329675133135,1835.621390112625,55.99315965597636,100000000.0,93148.0,20363.0,364838.87523386,1982157.75673939864497599511,17.9621801912542,97.5879414473673388147627917,0.00000802,0.00004357239945677427,365763.87523451,1987183.251692745061359648885,0.11280696789048966,0.09648045223438009,0.08639995781916361
2017-11-22,9024.0,1400.0,13560600.0,9686.14285714286,547461735.559381,0.0835780337443219,0.457557754083069778664290287439,0.001,0.00547461735559381,772.7625,4230.578994252061600125,0.0,0.0,0.0,0.0,0.0,168.28275769,148.0641875546206,0.0006636223728813563,5.47461735559381,1905.2960427194123,59.725313211262,100000000.0,54617.0,24254.0,594237.944370491,3253225.36360307901221794626071,25.4043846116624,139.079284903187288067203249744,0.00000789,0.0000431947309356351609,616157.94437126,3373228.9760419053081643979006,0.11278853063076298,0.09631637464024467,0.08593773088033191
2017-11-23,21799.0,1398.0,17052253.0,12197.6058655222,522682795.531607,0.00629645225078516,0.0329104726437166646500534655212,0.001,0.00522682795531607,54.1306,282.931333318032058742,0.0,0.0,0.0,0.0,0.0,113.21481457,141.64111540018575,0.0006475522501461136,5.22682795531607,1897.1113421294517,35.59560369101688,100000000.0,71229.0,25485.0,883276.6310945,4616734.987682132091537538615,34.6722251788715,181.225755837939281765068415005,0.0000094,0.000049132182779971058,883621.65868354,4618538.3875298816680208064878,0.11185947515602304,0.09497652534395128,0.08613446441767587
2017-11-24,38958.0,1383.0,19980061.0,14446.8987707881,517280074.675172,0.00421881690140845,0.021823099218014407651830460034,0.001,0.00517280074675172,37.442,193.68000555987790024,0.0,0.0,0.0,0.0,0.0,194.58010389,141.85091841451415,0.0006283449193233571,5.17280074675172,2245.78435632214,38.36442087969204,100000000.0,84579.0,22779.0,513927.15905772,2658442.7921497639970659892784,22.5614451494447,116.705860316845515193486769884,0.00000741,0.0000383304535334302452,513927.1590592,2658442.792157419742171181824,0.1100909136851148,0.09474885738305922,0.08611886674418275
2017-11-25,10207.0,1373.0,12826967.0,9342.2920611799,545252376.88377,0.00393076299641079,0.021432578667597531328750038783,0.001,0.0054525237688377,33.95,185.113181952039915,0.0,0.0,0.0,0.0,0.0,80.92708448,147.58663836747502,0.0006224224650609198,5.4525237688377,2368.483538731304,51.49291895550698,100000000.0,51153.0,21404.0,1235680.25025807,6737575.935215444154448945239,57.7353755764362,314.80350763329000535598220474,0.00000698,0.000038058615906487146,1235767.97883804,6738054.277382936958407346108,0.11011745167057044,0.09458394415864753,0.08484224519416425
2017-11-26,16336.0,1405.0,14706472.0,10467.2398576512,555352132.74504,0.00402299394407103,0.022341782668602266780266401912,0.001,0.0055535213274504,48.48110002,269.240822939326013989008,0.0,0.0,0.0,0.0,0.0,119.24515017,151.44635445180975,0.0005958775686732906,5.5535213274504,2520.9107234622284,62.14319052949616,100000000.0,60993.0,25888.0,838608.52922978,4657230.352459395395083152912,32.3939075762002,179.90025660388490429398597008,0.00000771,0.000042817649434642584,838613.47933267,4657257.842961368083944524568,0.11004527742707114,0.09382306695103708,0.08399062400105844
2017-11-27,36466.0,1411.0,22598172.0,16015.7136782424,551828996.814407,0.00611303282425348,0.0337334877090133904120788388636,0.001,0.00551828996814407,107.2715,591.955242317766605005,0.0,0.0,0.0,0.0,0.0,136.68365603,149.40721029371093,0.000567099361889276,5.51828996814407,2498.172919981961,57.53237960005294,100000000.0,92916.0,28729.0,731616.36807529,4037271.2644798722458393270303,25.4662316240666,140.530050497519986133948075062,0.00000439,0.0000242252929601524673,731619.36832781,4037287.8207432552608050675867,0.1090650953639078,0.09390328814243758,0.08292306239418004
2017-11-28,67653.0,1375.0,26923374.0,19580.6356363636,596362665.071809,0.00446969865738739,0.0266556140338743042868268108851,0.001,0.00596362665071809,51.70100437,308.3254875298244347280533,0.0,0.0,0.0,0.0,0.0,163.88383657,160.60132887659776,0.0006004339567504379,5.96362665071809,2233.8367468009847,65.62368365753201,100000000.0,102942.0,13440.0,610188.30223717,3638935.2211780117505339894053,47.9846207021882,286.162362844168539115564324538,0.00003734,0.0002226818191378134806,644913.30223741,3846022.1566256286961801617469,0.10816967114415016,0.09457377122447175,0.08345198058607121
2017-11-29,36361.0,1378.0,21044768.0,15271.9651669086,502247454.21228,0.00465577151646508,0.023383493915386326874215271824,0.003,0.0150674236263684,66.5915,334.4541134717704362,0.0,0.0,0.0,0.0,0.0,54.37502402,135.05200126403278,0.0005124959614260661,5.0224745421228,1554.1252309287456,40.984179135240986,100000000.0,79167.0,20796.0,1839079.64742551,9236730.710130798797070272628,88.4394906436709,444.18509027614465812727058652,0.0000096,0.00004821575560437888,1839187.64742578,9237273.137382704127596645784,0.10713618191777767,0.10057091733589256,0.08546421899302781
2017-11-30,31485.0,1387.0,25413213.0,18322.4318673396,498243746.906913,0.00445250067585834,0.0221843061984522183238635470442,0.003,0.01494731240720739,82.349,410.29874314037378637,0.0,0.0,0.0,0.0,0.0,99.52274424,133.91568336236176,0.0004984074751607242,4.98243746906913,1987.9761254196405,55.3211774589389,100000000.0,97761.0,29473.0,1004795.44408632,5006330.4693656367473737673016,34.0964762355193,169.883560759076518394813149209,0.00000938,0.0000467352634598684394,1004925.44408946,5006978.1862522605879266443698,0.10386743899276858,0.09823630970478327,0.0854279625836477
2017-12-01,56604.0,1409.0,30125513.0,21380.7757274663,565130423.54926,0.00421002121165089,0.023792110704916362447378378414,0.003,0.0169539127064778,81.3755,459.8777078153280713,0.0,0.0,0.0,0.0,0.0,211.38910062,152.13892012746203,0.0005228352318162028,5.6513042354926,1715.6232156203037,91.92387668762774,100000000.0,116030.0,21573.0,473061.28701589,2673413.254960479659278177414,22.859735163668,129.1873181526760920756028568,0.00000619,0.000034981573217699194,493153.06668581,2786958.014507682668054780006,0.10367029889791406,0.09838186184543479,0.0869429555160683
2017-12-02,15216.0,1339.0,17530242.0,13092.0403286034,633076856.811529,0.00702828290955906,0.0444944325316583745242691440274,0.003,0.01899230570434587,87.3475,552.976807503450293275,0.0,0.0,0.0,0.0,0.0,133.75381671,169.39026135606153,0.0005789528696668612,6.33076856811529,2057.1754350460546,104.90026751756179,100000000.0,66078.0,21022.0,747642.21655627,4733149.8447704789904681323683,35.5647520006032,225.152214098234115858367142928,0.00000804,0.0000508993792876469316,747642.21655668,4733149.8447730746055810596372,0.10400115003484213,0.09970304095096509,0.08728900845027347
2017-12-03,25765.0,1409.0,23017266.0,16335.8878637331,605298411.522037,0.0030188885357909,0.018273284352763199128185740633,0.001,0.00605298411522037,75.9975,460.011660296460069075,0.0,0.0,0.0,0.0,0.0,97.67117083,161.31719256634807,0.0005397730576293544,6.05298411522037,1977.575026422846,54.2847682877457,100000000.0,89664.0,25610.0,1023843.56766846,6197308.8515677403735199985302,39.9788976052565,241.991632148639284665767874905,0.00001,0.0000605298411522037,1023859.56767062,6197405.6993266583451288745294,0.10376298309604859,0.09175080640385964,0.08709184919898048
2017-12-04,23409.0,1408.0,20889186.0,14836.0696022727,652970872.940457,0.0041594584224086,0.027160051970396796718623247302,0.001,0.00652970872940457,75.881,495.48082809594817617,0.0,0.0,0.0,0.0,0.0,120.4854724,173.15542330107328,0.0005647497077732336,6.52970872940457,2141.2019473030277,81.7836251682379,100000000.0,83828.0,28785.0,829975.58135701,5419498.7987795010832898955357,28.9173806273253,188.822072713760612012940696621,0.00000592,0.0000386558756780750544,832386.80135756,5435243.3630656073103664680492,0.10386511943657688,0.09029775457198913,0.0875318551624199
2017-12-05,30447.0,1392.0,20021258.0,14383.0876436782,728859095.092842,0.00266358495479743,0.0194137811985656329249915299606,0.001,0.00728859095092842,71.5945,521.82302483624476569,0.0,0.0,0.0,0.0,0.0,36.10167767,184.1464479168853,0.0006210056808883667,7.28859095092842,2556.248487617812,110.1850259001103,100000000.0,79581.0,28391.0,2769954.37472394,20189064.3900974988729242003748,97.7603597936311,712.535273751366176338147985862,0.00000253,0.0000184401351058489026,2775514.37490098,20229588.9570750330300765678516,0.10391518375392836,0.0911266942738377,0.08858364687266392
2017-12-06,15208.0,1381.0,23235157.0,16824.8783490224,851879615.676301,0.00568746718011553,0.0484503735556839309330026305453,0.001,0.00851879615676301,64.985,553.59396824724420485,0.0,0.0,0.0,0.0,0.0,104.92590902,212.48458464138233,0.0006088275862068959,8.51879615676301,3810.79161527108,132.42875835108265,100000000.0,94204.0,32544.0,953053.453923931,8118868.10047689583508773459231,29.2952376471546,249.560157880039650094873031346,0.00000493,0.0000419976650528416393,953384.213989,8121685.77804801631539974689,0.10404566554113598,0.09409432042904567,0.09067367860530681
2017-12-07,15506.0,1395.0,27100805.0,19427.1003584229,844321333.286126,0.00317027960249284,0.0267673470086656421329858633784,0.001,0.00844321333286126,37.6439,317.835478380895985314,0.0,0.0,0.0,0.0,0.0,33.44615795,198.1371152268812,0.0004957179368790173,8.44321333286126,3776.093206184392,127.71050361010113,100000000.0,110478.0,28844.0,2989880.03796624,25244195.0002122878154104838624,103.971009321102,877.84941213097074681975630852,0.00002075,0.000175196676656871145,2998939.79285787,25320688.4435057532511196091162,0.10387190710359474,0.09429275197262883,0.08937945752978192
2017-12-08,7156.0,1412.0,9954638.0,7050.0269121813,858502368.86927,0.00536068598596332,0.046021616177138084881600951764,0.001,0.0085850236886927,47.3563,406.55495730883810901,0.0,0.0,0.0,0.0,0.0,33.72038064,190.90799517340133,0.000526737451782584,8.5850236886927,3841.1952159447637,85.33408386864882,100000000.0,38503.0,12952.0,2965565.57454805,25459450.707866586417697834235,229.052983370619,1966.4252882024991998036997813,0.00004644,0.000398688500102888988,2966694.24061626,25469140.332798792918441763302,0.10387618601765743,0.08679448600842485,0.08869888002972191
2017-12-09,5714.0,1396.0,10880924.0,7794.35816618911,885475718.483259,0.00513766977732606,0.0454928183740751825753189442954,0.001,0.00885475718483259,55.605,492.36877326261616695,0.0,0.0,0.0,0.0,0.0,104.41997582,193.80322855117942,0.0005883551008647088,8.85475718483259,3752.2813958548013,81.61180889702602,100000000.0,42733.0,13471.0,957671.165982827,8479945.63769344123496480993193,71.1019349793965,629.590369614310810403951731935,0.00005418,0.0004797507442742297262,957814.16610745,8481211.8690743786999802017955,0.10333542459490601,0.08662624820538102,0.08859165789340055
2017-12-10,11323.0,1313.0,16260196.0,12384.0030464585,967475472.861898,0.00528545504536706,0.0511354811930680091944409827988,0.001,0.00967475472861898,57.6696,557.939235297565129008,0.0,0.0,0.0,0.0,0.0,26.33736599,195.60605167092697,0.0006251861075394498,9.67475472861898,3571.6486293868784,125.23355822378461,100000000.0,65050.0,18717.0,3796886.90378439,36733949.5264195053008003817222,202.85878638601,1962.6090028299578121524924698,0.00006679,0.0006461768683244616742,3796907.90478694,36734152.7059682316525573401212,0.10290646707887213,0.08290036753139508,0.08913163737901278
2017-12-11,28534.0,1390.0,18305820.0,13169.654676259,1132814167.09186,0.00844842976547919,0.095705009280153867339416483934,0.001,0.0113281416709186,104.11,1179.372829359335446,0.0,0.0,0.0,0.0,0.0,63.12571238,221.39582309078733,0.0006713570485096413,11.3281416709186,4822.960639430308,181.0456403691283,100000000.0,76226.0,36348.0,1584140.53838673,17945368.445490142186601150178,43.6287701854372,494.23288958858216078046661192,0.00000263,0.000029793012594515918,1585818.53870027,17964377.070765769136900968022,0.10312009482287168,0.08439027370727997,0.08931691084971721
2017-12-12,38855.0,1389.0,22620337.0,16285.339812815,1534800209.02061,0.00288562045835662,0.044288508826398888101803099382,0.001,0.0153480020902061,61.9485,950.78570748513258585,0.0,0.0,0.0,0.0,0.0,47.11328697,281.5258040486584,0.0008803523611922828,15.3480020902061,5698.43288065585,314.3190963541771,100000000.0,91781.0,16369.0,2122543.47820523,32576801.740047195699788797903,129.700852721928,1990.6489586776644785755093608,0.00006249,0.000959096650616979189,2123073.25820524,32584932.804594698567467699964,0.10548478345089439,0.09466356627172395,0.09551634781114691
2017-12-13,39042.0,1395.0,22372804.0,16037.8523297491,1368015433.89085,0.0110011322514057,0.15049718710197392210332867845,0.001,0.0136801543389085,142.82770002,1953.90498014492465222817,0.0,0.0,0.0,0.0,0.0,101.11906995,245.41171816487815,0.0008283395675043843,13.6801543389085,5063.991838083888,201.05620425185307,100000000.0,92040.0,20420.0,988933.146310211,13528758.0723860674687681446935,48.4296353248462,662.5248858209511058054383727,0.00004647,0.000635716772129077995,988933.15333336,13528758.16846382973391903756,0.10586613830285152,0.09436405249445416,0.09516208536835083
2017-12-14,13131.0,1387.0,17939576.0,12934.085075703,1618682547.41142,0.00417184703199052,0.067528959811531866993559797384,0.001,0.0161868254741142,63.37870011,1025.899957456792449692562,0.0,0.0,0.0,0.0,0.0,14.57686694,238.623171017236,0.0009749400701344217,16.1868254741142,7054.371785158524,219.52207348827108,100000000.0,72014.0,25240.0,6860184.73156341,111044612.969999889930650881422,271.800191209872,4399.5822589450665517154953824,0.00006459,0.001045507057373036178,6860236.82613718,111045456.215773653288068185956,0.1063120276584228,0.09653097953848833,0.09701186040011317
2017-12-15,10374.0,1378.0,16708158.0,12124.9332365747,1681557001.63035,0.00487615079602984,0.08199525512069382111187249644,0.001,0.0168155700163035,73.20077575,1230.912769871856347440125,0.0,0.0,0.0,0.0,0.0,40.5583989,232.93775646027194,0.0009499247516072438,16.8155700163035,7988.749916583864,238.2035553567591,100000000.0,67920.0,25717.0,2465580.56287181,41460142.585807914788480554335,95.9259463744636,1613.0494676399675449680673026,0.00005537,0.000931078111802724795,2466927.56291208,41482793.15929703860753709628,0.10606978518296617,0.09592068264072946,0.09680117479492953
2017-12-16,9582.0,1358.0,16554097.0,12190.0567010309,1632864548.80207,0.00397778288868445,0.064951806617643290854057368115,0.001,0.0163286454880207,51.8862,847.23136552053964434,0.0,0.0,0.0,0.0,0.0,86.8598859,220.52986147967331,0.0008313756750438332,16.3286454880207,7739.006819444636,240.61961738232145,100000000.0,66661.0,24581.0,1151279.43082035,18798833.683515747650298781245,46.8444099269135,764.90576279208821082677510945,0.00005119,0.000835863362531779633,1151482.44041346,18802148.555192308169985038622,0.10609231405018556,0.09573195364549167,0.09615491404062275
2017-12-17,13977.0,1354.0,19960161.0,14741.6255539143,1616783839.87402,0.00439599731157093,0.071073774134775168964594942386,0.001,0.0161678383987402,58.84921601,951.464614342234541670602,0.0,0.0,0.0,0.0,0.0,66.44658504,211.638175382465,0.0008398673056691974,16.1678383987402,6872.3975561726975,239.39652592976742,100000000.0,81546.0,27892.0,1504968.23787991,24332083.265279184500462889382,53.9813223117478,872.76129568664718210718012156,0.00005618,0.000908309161241224436,1505647.04191927,24343058.059291969062558103654,0.10599796026859762,0.09579528312029477,0.09577285835176493
2017-12-18,31763.0,1406.0,24032225.0,17092.6209103841,1702677671.06929,0.0117047592609228,0.19929432238814737183988140812,0.001,0.0170267767106929,171.98973258,2928.430773171443897504682,0.0,0.0,0.0,0.0,0.0,49.28739196,213.15642394253987,0.0008969947457627135,17.0267767106929,5323.86906786302,216.71014285460012,100000000.0,102529.0,51392.0,2028916.44323366,34545907.243592755379575203014,39.5106718848877,672.73938787343463587450568733,0.00001036,0.000176397406722778444,2030532.44950815,34573422.621591575309450697135,0.10599980589167948,0.09462329986952404,0.09582740684864233
2017-12-19,50752.0,1409.0,30062022.0,21335.7146912704,1664206484.81216,0.00959076673564118,0.159610161957748027654294607488,0.001,0.0166420648481216,171.4925,2853.989305966493488,0.0,0.0,0.0,0.0,0.0,49.32292184,199.39521168045627,0.0009427155406195216,16.6420648481216,5170.689583978217,242.64981712689354,100000000.0,126406.0,32644.0,2027454.90881409,33741036.069126551073020113344,62.1490975405205,1034.2893115215767989343112928,0.00004336,0.000721599931814552576,2028795.14011275,33763340.2853103330206497104,0.10591894224894015,0.09165178831477455,0.09455921074724871
2017-12-20,44865.0,1400.0,27542453.0,19673.1807142857,1605678077.24076,0.00417541447499834,0.067043714858985719383927803384,0.001,0.0160567807724076,62.71055,1006.92955346710542018,0.0,0.0,0.0,0.0,0.0,86.8119378,188.7035347141401,0.0009758809117475122,16.0567807724076,7983.850101329843,207.8983490471365,100000000.0,116471.0,34772.0,1151915.30725049,18496051.556901660698813579724,33.2145205122078,533.31827432515603286919749928,0.00003732,0.000599239058426251632,1154935.30725049,18544543.034834331650813579724,0.10583215782704146,0.09251683525400202,0.09488097387188589
2017-12-21,20385.0,1418.0,23354167.0,16469.793370945,1620483147.70375,0.00367392266650865,0.059535297670440917312770124375,0.001,0.0162048314770375,62.00111892,1004.7176834863612867995,0.0,0.0,0.0,0.0,0.0,120.64921082,187.47584041144177,0.001036523212367848,16.2048314770375,9283.572856834684,198.26851416518733,100000000.0,97418.0,46640.0,828849.18453366,13431361.35524791697843583225,17.7712948442536,287.98083807987497340722671,0.00002636,0.0004271593577347085,828853.19153599,13431426.288045402725039829625,0.10582164610244575,0.09265755840458971,0.0944139330290033
2017-12-22,43557.0,1347.0,30467162.0,22618.5315515961,1293672423.75192,0.00308230716830853,0.039874957851736132226627398776,0.003,0.0388101727125576,117.6455,1521.9473912850650436,0.0,0.0,0.0,0.0,0.0,111.77542816,147.61323437833087,0.0009043044135741471,12.9367242375192,4895.965338273007,136.30371580765953,100000000.0,103026.0,21138.0,894651.01267657,11573853.439814080166808765144,42.3437813585457,547.78982260931183554348782744,0.00008864,0.001146711236413701888,895062.85035694,11579181.270315646431060103248,0.1067365565221476,0.10418984237167477,0.09969404958180948
2017-12-23,14084.0,1359.0,20979298.0,15437.3053715968,1427425393.65028,0.0100852061983563,0.14395879427732985368193034764,0.001,0.0142742539365028,272.42158983,3888.614951019228646246524,0.0,0.0,0.0,0.0,0.0,73.49089983,159.14125422302374,0.0009573060005046257,14.2742539365028,7185.371090532847,173.09592086314666,100000000.0,84559.0,29172.0,1360712.69001723,19423158.471927759575857943244,46.6470793433971,665.85225594384450177984566188,0.00001929,0.000275350358435139012,1360788.59860558,19424242.010393828933941765624,0.10670987868636651,0.10394809722285729,0.0994149622225853
2017-12-24,12142.0,1398.0,20951602.0,14986.8397711016,1342649400.40578,0.00304890359468474,0.040936085832984934508071737972,0.001,0.0134264940040578,57.59074,773.241725299251704772,0.0,0.0,0.0,0.0,0.0,68.48004556,146.63060956267256,0.0009572338494245068,13.4264940040578,5566.458893054842,159.55946616519142,100000000.0,83767.0,29425.0,1460279.40230211,19606432.639258387861001501958,49.6513985489723,666.64420491086073714821979894,0.00001395,0.00018729959135660631,1460992.40230351,19616005.729502078164007182878,0.10653492360272297,0.1050961185470244,0.09976664889420558
2017-12-25,23270.0,1350.0,12027764.0,8909.45481481482,1431648881.72618,0.00324398301776303,0.046442446597191606105085871254,0.001,0.0143164888172618,66.4757,951.69861566965023826,0.0,0.0,0.0,0.0,0.0,30.46065744,148.31957975243265,0.0010167280394187649,14.3164888172618,5942.068417218659,162.56627984060316,100000000.0,44163.0,6846.0,3282923.23279994,46999933.750309297910618004292,479.538888811063,6865.3131391057331464732072934,13.617559455,194.955637655905191800319,3282923.23280054,46999933.750317887803908361372,0.10599583313815034,0.10519597889837809,0.09960925322866013
2017-12-26,50066.0,1394.0,22175118.0,15907.5451936872,1404579737.23305,0.00201028208952777,0.028236014890732218817609367985,0.001,0.0140457973723305,122.6453,1722.65103246868587165,0.0,0.0,0.0,0.0,0.0,76.81554244,143.0533253689966,0.0008930926079917347,14.0457973723305,5559.436744893849,152.91696104422581,100000000.0,91323.0,10470.0,1301819.87683214,18285098.20525648716642910227,124.365971066888,1746.819229618626460055942484,0.002,0.028091594744661,1302111.71707032,18289197.33410705611769078076,0.10586295552168282,0.10558703542842364,0.09930986589698837
2017-12-27,150166.0,1389.0,75269855.0,54189.9604031677,1349421747.68378,0.00131043524623985,0.01768329820207402980691834633,0.001,0.0134942174768378,196.9060001,2657.09238784364559448378,0.0,0.0,0.0,0.0,0.0,22.86611845,129.9561282489165,0.0008768741941367479,13.4942174768378,6998.610075297787,144.53621601505333,100000000.0,342270.0,44573.0,4373282.69049806,59014027.713271156634195834668,98.2846721956065,1326.2747412472274210846731257,0.00000129,0.000017407540545120762,4380842.69377477,59116044.041612687750725022306,0.10537004255237434,0.10617506243286169,0.09964861262044802
2017-12-28,44356.0,1380.0,25088921.0,18180.3775362319,1266771065.13784,0.00213365157334909,0.027028480762044548889512885656,0.001,0.0126677106513784,115.5415,1463.6462902262374036,0.0,0.0,0.0,0.0,0.0,113.39821111,120.81149356401282,0.0008865077866968892,12.6677106513784,6427.123989063345,112.4162257852453,100000000.0,108456.0,20112.0,881848.1263879,11170996.90354208631854808136,43.9199545739141,556.36527636402712213984819544,0.00002567,0.000325180132420883528,883318.12639056,11189618.438233308676880747904,0.10536192868857841,0.10709745359015758,0.1002572754077284
2017-12-29,25496.0,1380.0,11261594.0,8160.57536231884,1384298873.85158,0.00339579194981704,0.047007909719659895368211149232,0.001,0.0138429887385158,64.9615,899.2613129370941417,0.0,0.0,0.0,0.0,0.0,85.80910807,130.2853457186265,0.0009499883308772225,13.8429887385158,7007.018929947822,175.62088413622737,100000000.0,40609.0,5562.0,1165377.45530194,16132306.989864955500996460652,209.61065359635,2901.63791720720942303129733,5.3962441,74.70014630658232850678,1165854.4553029,16138910.09550651680678543582,0.10533070878028387,0.10097002132306454,0.10054633042768295
2017-12-30,31449.0,1369.0,21581826.0,15764.6647187728,1180969348.61974,0.00481177679882526,0.056825609118122450214344466324,0.001,0.0118096934861974,65.5364,773.96479618882728536,0.0,0.0,0.0,0.0,0.0,61.40136782,109.38776124393465,0.0009120358800882195,11.8096934861974,5960.803078309152,137.0264265133629,100000000.0,85266.0,12217.0,1628628.21373911,19233600.007232074279829560314,133.333815645424,1574.6314941176087937164706976,0.00002624,0.000309886357077819776,1628939.22574015,19237272.96363488558682400561,0.10544197780490576,0.106716356278873,0.10193895108595258
2017-12-31,44414.0,1412.0,39956161.0,28297.5644475921,1269065398.38957,0.00496158369266954,0.062965741855808636217301926978,0.003,0.0380719619516871,50.628,642.5024298966714996,0.0,0.0,0.0,0.0,0.0,147.18682604,116.92270841557198,0.0009115879489227246,12.6906539838957,5514.062583496786,124.56150748694404,100000000.0,173835.0,46400.0,679408.631151672,8622139.8516180904548321286104,14.642642973142,185.8247153818668996356292894,0.00000136,0.000017259289418098152,679418.63395379,8622266.793718639371877979703,0.10553136153202658,0.1054681216739593,0.10115301633985528
2018-01-01,6848.0,1388.0,17567432.0,12656.65129683,1246864912.57869,0.00499066628137456,0.062226866766355066638073641264,0.003,0.0374059473773607,46.32835509,577.652004192073578870321,0.0,0.0,0.0,0.0,0.0,200.47215174,114.32654446358619,0.0009260282132335462,12.4686491257869,5548.581827036847,96.95316598027048,100000000.0,70095.0,19104.0,498822.4006809,6219641.49017282653630830021,26.1108878079282,325.56749843984377660888370058,0.0000088,0.00010972411230692472,498822.40068266,6219641.490194771358769685154,0.10552322167725774,0.10446988921802215,0.10124739373154666
2018-01-02,22475.0,1378.0,25805547.0,18726.8120464441,1308051244.86903,0.00356552693424266,0.046638919449501674825339388198,0.001,0.0130805124486903,77.3755,1012.11119097363630765,0.0,0.0,0.0,0.0,0.0,60.04699909,117.81729288258008,0.0008865546154597074,13.0805124486903,5995.201836716261,116.10022758525082,100000000.0,104661.0,23709.0,1665362.15832467,21783790.443543592258383679701,70.2424454352807,918.80718194263833480812786721,0.00000868,0.000113538848054631804,1665378.13882507,21783999.476678010758702305821,0.10556866420772358,0.10377483692047326,0.09727887211662664
2018-01-03,17020.0,1418.0,24617334.0,17360.6022566996,1286928915.64385,0.00444807692307692,0.05724358811315813444064874942,0.001,0.0128692891564385,77.2542,994.2066383493311667,0.0,0.0,0.0,0.0,0.0,87.08027641,114.56760652435004,0.0008573646777710293,12.8692891564385,4729.53488040094,97.08825752802028,100000000.0,100655.0,26737.0,1148365.67044099,14778649.870232460691392814115,42.9718078518861,553.01662082083657862018365485,0.00000955,0.000122901711443987675,1148937.22653588,14786005.39088672490275326338,0.10416283344386512,0.10360288262661052,0.09636080810621832
2018-01-04,24397.0,1418.0,27063982.0,19086.023977433,1248453441.7058,0.00463211645848463,0.05782981734977217765510281854,0.001,0.012484534417058,76.54109236,955.57990188763513747688,0.0,0.0,0.0,0.0,0.0,53.58650192,110.7012723543333,0.0008284197232593766,12.484534417058,4869.068117203221,71.28872372056662,100000000.0,120921.0,76846.0,1866141.59191329,23297908.93134487409703290082,24.3102255408957,303.5018474517548007386788506,0.00000001,0.00000012484534417058,1868143.59191567,23322902.96927753740494549886,0.10405932898139937,0.10268732227829125,0.09631445666184543
2018-01-05,15855.0,1130.0,8308833.0,7352.94955752212,1183625463.60797,0.00471273917421954,0.055781180899490447318972737338,0.001,0.0118362546360797,65.5165,775.46997686471566505,0.0,0.0,0.0,0.0,0.0,70.54989672,103.58219578072547,0.0006963638452318747,11.8362546360797,5297.946670053829,38.94280856436485,100000000.0,26837.0,4335.0,1417436.51864587,16777139.565170848920289395839,327.437605224277,3875.6348728626832381345468769,4.0,47.3450185443188,1419442.01864724,16800877.173859722427490825028,0.1041520801751285,0.10006260110535195,0.09668522198936756
2018-01-06,17248.0,1426.0,13795737.0,9674.42987377279,1291311912.54341,0.00396533484524922,0.051204841228937970029655186402,0.001,0.0129131191254341,80.58750006,1040.635988295707681276046,0.0,0.0,0.0,0.0,0.0,107.75096985,112.11227383385959,0.0007549946923006353,12.9131191254341,6301.160325795823,52.940813128288745,100000000.0,48509.0,5765.0,928065.89248394,11984225.425897432773279778354,162.406919771849,2097.1799018087048023850846509,2.9083714,37.55614634920554902474,936275.89248471,12090242.133927189836006362611,0.10053300913591814,0.1009360176735656,0.09707041527472399
2018-01-07,32118.0,1429.0,24093696.0,16860.5290412876,1268353789.0384,0.00539598208732429,0.06844014326041097805388062736,0.001,0.012683537890384,86.7566,1100.3806233408885344,0.0,0.0,0.0,0.0,0.0,67.79135808,108.45706194894588,0.0007814056320575721,12.683537890384,7694.624640135821,47.74027830685472,100000000.0,99074.0,38289.0,1475114.27463553,18709667.79498605457669174352,38.5331890341153,488.7371631515306547678172752,0.00000166,0.00002105467289803744,1475397.27492724,18713257.23990894808669566016,0.10052716253290465,0.1011040276301494,0.09349707589289649
2018-01-08,8804.0,1383.0,25186914.0,18211.7960954447,1332715464.44417,0.00574488873609179,0.076563020601006506863504503643,0.003,0.0399814639333251,99.13380003,1321.171483490969238793251,0.0,0.0,0.0,0.0,0.0,115.70932069,113.10167949071675,0.0008921995247946161,13.3271546444417,6055.670460586626,50.50841447431138,100000000.0,95142.0,21740.0,864234.61311597,11517788.338075775324678003949,39.753800051787,529.8050409943798110317023179,0.00000504,0.000067168859407986168,864247.61312585,11517961.591217825354665087945,0.10048159625765643,0.101274182249984,0.09348656949428943
2018-01-09,15994.0,1335.0,29725598.0,22266.3655430712,1263467846.92203,0.00358299512987013,0.045269991422691324104341359639,0.001,0.0126346784692203,114.7705,1450.08836525164844115,0.0,0.0,0.0,0.0,0.0,74.12165134,105.97964360888282,0.0008787149360982365,12.6346784692203,6616.907144024935,30.59430263224701,100000000.0,119042.0,35166.0,1349133.46098898,17045867.491662131153727492294,38.4216447986578,485.44512828963183410805251334,0.000006495,0.0000820622366575858485,1351135.5609896,17071163.38143319061700840888,0.10056749275610317,0.10096732620863565,0.09204737821775412
2018-01-10,56335.0,1373.0,45517391.0,33151.7778587036,1225528730.39682,0.00210438978225832,0.025789901381110793949293465424,0.001,0.0122552873039682,133.17841176,1632.139698804977221546032,0.0,0.0,0.0,0.0,0.0,96.70278968,101.85196535214105,0.000835449830421921,12.2552873039682,5641.79438504239,8.184445957537353,100000000.0,204921.0,70114.0,1034096.33094612,12673147.635724082480736393384,14.7492559395649,180.75636905912728391515143618,0.00000001,0.000000122552873039682,1034129.33094665,12673552.06021160873360749653,0.09808839305058067,0.09717463852483849,0.0916482263658321
2018-01-11,11615.0,1391.0,12979842.0,9331.30265995687,1051627071.23714,0.00668062643790059,0.070255276149188046043556359126,0.001,0.0105162707123714,110.48420003,1161.881756955272353251142,0.0,0.0,0.0,0.0,0.0,77.34418247,86.8405883025371,0.000797487384731771,10.5162707123714,5535.237784730882,-31.481174874988678,100000000.0,44193.0,11864.0,1292922.06344592,13596718.429195125546258854688,108.98706306146,1146.137459300606649180546244,0.007373555,0.077542300492559698327,1293022.51616116,13597774.817142382142448174824,0.09845011511067414,0.08314400995836463,0.09336651638530902
2018-01-12,6569.0,1380.0,10356536.0,7504.73623188406,1127972474.05147,0.00787683836589698,0.088848568592843546304212375606,0.001,0.0112797247405147,110.8665,1250.54360294427298755,0.0,0.0,0.0,0.0,0.0,159.49302252,92.72053373015503,0.0008179970864243297,11.2797247405147,5944.341458834377,-17.5468020237652,100000000.0,33846.0,7218.0,626986.67578223,7072237.118793888625395313781,86.875405622703,979.9306621446529060462252341,1.0,11.2797247405147,627066.67778467,7073139.519360101810791569649,0.09775015199023881,0.08214285756810855,0.09037229512022872
2018-01-13,9591.0,1415.0,12802569.0,9047.7519434629,1171028114.32537,0.00625217391304348,0.073214714278255762104836770876,0.001,0.0117102811432537,85.9924,1006.99518018312947188,0.0,0.0,0.0,0.0,0.0,117.99274056,95.60629392811985,0.0008228582634391478,11.7102811432537,6333.922615964608,-27.655480304148227,100000000.0,44653.0,11065.0,847509.76649415,9924577.637299791192573015855,76.5937431085133,896.93426561484133238133172421,0.00108503,0.012706006348864562111,847509.7674957,9924577.64902822327159875909,0.0930229127837708,0.07577603414888104,0.0895866000363852
2018-01-14,6387.0,1359.0,9975055.0,7339.99632082414,1093487538.87527,0.00688815343387963,0.075321099458082764531227637501,0.001,0.0109348753887527,97.50870001,1066.245483928619152377527,0.0,0.0,0.0,0.0,0.0,104.01562132,88.55474188309584,0.0007992707453829028,10.9348753887527,4672.5410024848115,-34.97172336024997,100000000.0,32796.0,5715.0,961394.055379629,10512724.1950638554541552987483,168.228531212633,1839.5580256430360018203528591,2.4525277,26.81808478696426519979,961426.0558802,10513074.11654997704877862654,0.09318963060171029,0.07590368307381368,0.09012352037455708
2018-01-15,10596.0,1385.0,11535061.0,8328.56389891697,1065372050.5581,0.00575421631530706,0.06130381235193557017245870186,0.001,0.010653720505581,87.8899,936.3544298634635319,0.0,0.0,0.0,0.0,0.0,116.5442072,85.79564033746207,0.0007838403942689864,10.653720505581,3942.049405434269,-34.75441356481796,100000000.0,40020.0,5761.0,858043.50469689,9141355.68066984407895834309,148.948707723956,1586.857901758501116105398436,2.999,31.950507796237419,858093.50519771,9141888.37203071943256341951,0.09322297657023036,0.07588333027602212,0.0900359878400758
2018-01-16,14588.0,1371.0,12638529.0,9218.47483588621,832111840.835769,0.00442381241270804,0.0368110669025061182355018588276,0.001,0.00832111840835769,116.68690001,970.9655116874041213445769,0.0,0.0,0.0,0.0,0.0,151.82220604,66.74938830757854,0.0007279406188568294,8.32111840835769,2784.940083134768,-48.5328947312705,100000000.0,42828.0,5628.0,658665.17557134,5480830.9173908271378768326046,117.40319413145,976.9258798872001152404783505,3.249605135,27.04034910874217634073815,660745.1765718,5498138.852005157255902367142,0.09420990720606577,0.08696573357058068,0.09608885085573568
2018-01-17,6819.0,1419.0,14040504.0,9894.64693446089,814598192.098147,0.00440847218647166,0.0359113347301477941492435401402,0.001,0.00814598192098147,84.40020001,687.5225034086800835038147,0.0,0.0,0.0,0.0,0.0,129.35457169,65.19621620284305,0.00072995229670063,8.14598192098147,2512.1103395345704,-52.15781554317469,100000000.0,48141.0,8645.0,773068.92746756,6297405.5068232791067567861132,90.0253247378693,733.344667745169212593532581871,0.02,0.1629196384196294,778268.93235888,6339764.6526569870404918699536,0.09420726369215761,0.08584052095002953,0.09503636626308762
2018-01-18,45652.0,1360.0,29221081.0,21486.0889705882,831875927.090307,0.00253828811543037,0.0211154077924594723254316042359,0.001,0.00831875927090307,132.2905,1100.492823327402581835,0.0,0.0,0.0,0.0,0.0,133.1487716,66.33753111886533,0.000739705662652845,8.31875927090307,2559.9588078602,-50.01365908124067,100000000.0,123222.0,20704.0,751039.59874867,6247717.6249058202931128614169,36.2802163714321,301.806386290220120049116186547,0.00007481,0.0006223263810562586667,751145.59975413,6248599.4217527157150550621791,0.09262754989722134,0.08624309578332208,0.09397597356413522
2018-01-19,8108.0,1401.0,21342655.0,15233.8722341185,870354779.689379,0.00576359861324801,0.0501637560125148206414208988579,0.001,0.00870354779689379,84.66150003,736.8554120678300359918137,0.0,0.0,0.0,0.0,0.0,121.95968592,69.0354526842149,0.0007607826372395341,8.70354779689379,3882.5152311110805,-45.79518821200948,100000000.0,82193.0,19448.0,819943.07582966,7136413.7512155550861751518114,43.1891750478774,375.899049337613592014252741346,0.00000487,0.0000423862777708727573,839943.07633112,7310484.7115179119644055117448,0.09189542197427422,0.08709639681325014,0.0937446421282144
2018-01-20,9324.0,1368.0,24023090.0,17560.7383040936,970880174.271415,0.00525072164948454,0.050978215501022418220048064241,0.001,0.00970880174271415,76.398,741.7330355398756317,0.0,0.0,0.0,0.0,0.0,27.08235257,74.71663099897064,0.0007603770445719231,9.70880174271415,4215.972368953617,-40.08699345950203,100000000.0,94813.0,30743.0,3692441.40590956,35849181.556564622252483832274,120.156211378694,1166.5728344313940872410423201,0.00000376,0.000036505094552605204,3693962.4064152,35863948.64892444898781981508,0.09221992652744401,0.09013476022273924,0.09455698430206265
2018-01-21,14040.0,1375.0,29815876.0,21684.2734545455,834172056.191618,0.00820627444098827,0.0684544482411190575361641032086,0.001,0.00834172056191618,92.33700001,770.2494516090715182791618,0.0,0.0,0.0,0.0,0.0,103.63111457,63.82932852493532,0.0007302952754766919,8.34172056191618,3135.9449582895754,-35.519066428551916,100000000.0,124215.0,42942.0,964961.15488836,8049436.3071826163824555776648,22.4783494683895,187.50810995840232592245859211,0.00000428,0.0000357025640050012504,965265.28287158,8051973.2578336967554176641644,0.09281815642164837,0.0851434321941085,0.09682723961262923
2018-01-22,9703.0,1384.0,36314530.0,26238.8222543353,827812133.713633,0.0130229946992045,0.107805930292898093243759049485,0.001,0.00827812133713633,157.16150003,1301.0019667746949674090899,0.0,0.0,0.0,0.0,0.0,104.22931153,63.67246724733793,0.0007709649859555879,8.27812133713633,3110.695359486551,-42.00662693853915,100000000.0,160330.0,89838.0,959423.0119037,7942220.106179622098459731421,10.7151095516885,88.700977009585867112706193205,0.00000001,0.0000000827812133713633,962624.01190459,7968718.3725871630187797827547,0.09231994046185119,0.08244838329585934,0.09659463501886797
2018-01-23,9529.0,1397.0,35790179.0,25619.3120973515,814850320.336897,0.00818405769141419,0.0666878203150449845810516636843,0.001,0.00814850320336897,84.54950001,688.9518716747297610486897,0.0,0.0,0.0,0.0,0.0,181.16209145,62.503679105098044,0.0007510562153172932,8.14850320336897,3581.7233556892625,-39.310268183888496,100000000.0,150320.0,41343.0,551991.86099815,4497907.4475770244890269374055,13.4220608325158,109.369705689568180633480754726,0.00000025,0.0000020371258008422425,554908.2609987,4521671.742323811429896790339,0.09223521010256887,0.08204634163764248,0.09661422018236397
2018-01-24,44484.0,1362.0,41293994.0,30318.644640235,898921415.925824,0.00246307389858097,0.0221410987644234497355237796928,0.001,0.00898921415925824,118.03050122,1061.0014527911709706150528,0.0,0.0,0.0,0.0,0.0,141.41147506,68.63365163381796,0.0008007569301661699,8.98921415925824,3438.7607526255038,-37.2107625410241,100000000.0,181741.0,52578.0,707156.19052817,6356778.4407029434670010246208,13.4523411032862,120.925975120831923035818428288,0.00000005,0.000000449460707962912,707297.19052858,6358045.9199030844566463204992,0.09244655362079733,0.08342503416206883,0.09715163471687406
2018-01-25,16419.0,1395.0,26295621.0,18849.9075268817,898548520.808335,0.00578378415531055,0.0519701069742898000806895343425,0.001,0.00898548520808335,84.46060002,758.919472145554295171667,0.0,0.0,0.0,0.0,0.0,125.9337872,68.27026251641232,0.00080728749881944,8.98548520808335,3246.3383184787062,-36.02723312964563,100000000.0,106644.0,29563.0,794068.07515546,7135086.943520603704499887591,26.8663895970703,241.407546319079574359038209505,0.00000618,0.000055530298585955103,794251.07565819,7136731.2918309559362096301365,0.09241957817721247,0.08346708870386611,0.09714903708199017
2018-01-26,6395.0,1388.0,8982321.0,6471.41282420749,885092363.670988,0.00597491958880292,0.0528835570159766414915165368496,0.001,0.00885092363670988,68.72950003,608.3195563547794065612964,0.0,0.0,0.0,0.0,0.0,153.8224985,66.98123238317943,0.0008020370474890242,8.85092363670988,2813.904040366008,-34.4095079844231,100000000.0,30349.0,5181.0,650099.9592259,5753985.095336647532427681892,125.484030443484,1110.64957108185470131904442192,0.1,0.885092363670988,650132.76172769,5754275.4277750838615760925772,0.09243295609917908,0.08333181195234497,0.09717745619747707
2018-01-27,5814.0,1379.0,8939793.0,6482.80855692531,901604669.403411,0.00669919991999179,0.0604002992913155524459131799569,0.001,0.00901604669403411,65.31050002,588.8425177910356750356822,0.0,0.0,0.0,0.0,0.0,142.30863929,67.94448060434948,0.0007964023000222791,9.01604669403411,2872.5813422593974,-28.82655009922369,100000000.0,29189.0,5107.0,702698.02663496,6335558.2199464240825107584856,137.621817956099,1240.80473681005050629718853689,0.01893215,0.1706931484184578756365,702834.6243018,6336789.790888949637284134398,0.09242384657218845,0.08300449955076326,0.0967571782144307
2018-01-28,11638.0,1371.0,15329123.0,11180.9795769511,926414958.081587,0.00585894158856386,0.0542781112617185510960403964582,0.001,0.00926414958081587,61.888,573.33968925753256256,0.0,0.0,0.0,0.0,0.0,107.06457021,69.49435433811733,0.0007975363731122476,9.26414958081587,4024.43946202869,-33.07695501449103,100000000.0,60327.0,12408.0,934015.79813198,8652862.0647397827707903385226,79.3141435472074,734.778089695631175178752101438,0.000390125,0.00361417635521579128375,984129.89313375,9117126.5369433970022360326125,0.0923528515832689,0.08118636419264309,0.09389790310253177
2018-01-29,8551.0,1386.0,24565114.0,17723.7474747475,872462037.9801,0.00689500646114085,0.06015631388972903167475597085,0.001,0.008724620379801,74.7005,651.7335046813246005,0.0,0.0,0.0,0.0,0.0,216.57164523,65.42449770457841,0.0007837033742512741,8.724620379801,2863.9945018796707,-26.12322758420517,100000000.0,97907.0,20809.0,461740.96287752,4028514.61491014798424497352,22.1980214167144,193.6693100435255206175458344,0.00000396,0.00003454949670401196,461918.62766041,4030064.67269572299825137841,0.09242775337260879,0.07697538887659061,0.09430787985634975
2018-01-30,7953.0,1429.0,27113583.0,18973.8159552134,755231198.686545,0.00671705847904292,0.050729321267752052785126815114,0.001,0.00755231198686545,80.289,606.36757711344011505,0.0,0.0,0.0,0.0,0.0,50.69386652,56.11065637610263,0.0007582987662691055,7.55231198686545,2639.4554497767253,-40.489182066982124,100000000.0,109000.0,25787.0,1972625.22778862,14897881.153421183603788981179,76.4970371392333,577.729490546323163232483259485,0.00000298,0.000022505889720859041,1972629.09670941,14897910.3727180421537354188845,0.09182294386274271,0.07912292568095572,0.09509385120015176
2018-01-31,50363.0,1340.0,24871755.0,18561.0111940299,760844990.332701,0.0016171039235249,0.012303654190612753977116577549,0.001,0.00760844990332701,141.33650002,1075.3516799137469469315402,0.0,0.0,0.0,0.0,0.0,165.76438564,56.477819811846835,0.0007570524756043464,7.60844990332701,3199.573006267435,-38.979356732465284,100000000.0,109826.0,6737.0,603265.8922267,4589918.319392718048427153167,89.5906029738504,681.645614535400610494990019304,0.001,0.00760844990332701,603571.89223483,4592246.5051249928112012017583,0.0918094353373798,0.07925124418071491,0.09401859296010366
2018-02-01,11379.0,1366.0,13336309.0,9763.03733528551,657802006.340485,0.00564757778041025,0.0371498799491780547352448397125,0.001,0.00657802006340485,90.58150002,595.846924504866821543097,0.0,0.0,0.0,0.0,0.0,169.98051344,48.91789250403668,0.0007276679473371923,6.57802006340485,2722.0594414180987,-49.71129694491838,100000000.0,45350.0,10908.0,588302.72940655,3869867.1573921203436128917675,53.939863348888,354.8175033263011864167413068,0.001491915,0.00981384680289464678775,588376.02940967,3870349.3262832913417157148995,0.09225322020784289,0.08166537055296409,0.09577007976110119
2018-02-02,7010.0,1391.0,12225121.0,8788.72825305536,618557508.086182,0.00794468097687895,0.049142420675979374256059816689,0.003,0.01855672524258546,134.3525,831.04747605148767155,0.0,0.0,0.0,0.0,0.0,104.65657091,45.82208980859134,0.0007040201005987366,6.18557508086182,2119.6921229696754,-51.93537882574362,100000000.0,38027.0,5380.0,955506.17726381,5910355.1996925600555442967342,177.764106867569,1099.57322971169232916112831558,0.33364034,2.0637573730742651178188,956370.89494752,5915703.9758488971844852716864,0.09180573002197197,0.08195574273934986,0.09560207944341376
2018-02-03,6557.0,1396.0,15965308.0,11436.4670487106,657026546.955073,0.00457673082661892,0.0300703365135626590662173178116,0.003,0.01971079640865219,61.3465,403.062790627793857945,0.0,0.0,0.0,0.0,0.0,184.27265734,48.94465918800492,0.0007194692609199403,6.57026546955073,2603.592375731223,-47.37276337214806,100000000.0,55886.0,8232.0,542674.10826099,3565512.9547264171483968850227,66.8453767547036,439.191870690538100750106313628,0.000016295,0.00010706247582632914535,550271.14144472,3615427.4795245094141015306456,0.09151458720923535,0.08338933501606734,0.09483856162964699
2018-02-04,15339.0,1376.0,28475674.0,20694.5305232558,575707428.538455,0.00373317766928465,0.0214921811626104863329486621575,0.001,0.00575707428538455,52.761,303.74899637117424255,0.0,0.0,0.0,0.0,0.0,219.67427069,42.86022602109289,0.0006977826213982187,5.75707428538455,2252.949186035696,-51.36067563268174,100000000.0,113761.0,24582.0,455219.44689974,2620732.171953470765491195017,18.5834532138199,106.986320630929419844645942545,0.00000794,0.000045711169825953327,456818.44690212,2629937.733749502497740410246,0.09178247664193472,0.08564036374649493,0.09400857690255561
2018-02-05,25889.0,1377.0,31056446.0,22553.7007988381,438732443.194318,0.00380926921461571,0.0167124998931325132972522553578,0.001,0.00438732443194318,90.6987,397.924622455484899866,0.0,0.0,0.0,0.0,0.0,80.67354548,32.652294017537656,0.0006405280927807592,4.38732443194318,1693.1245871227595,-66.02428592715633,100000000.0,121516.0,21744.0,1239563.7182908,5438368.186207560110352316744,57.0329156682855,250.22190433642397143306401789,0.00000376,0.0000164963398641063568,1240123.7182912,5440825.087891203220925094016,0.0939364731940673,0.09421316287968225,0.10004934094010562
2018-02-06,10411.0,1377.0,24121333.0,17517.3079157589,502869740.35702,0.00485569787526933,0.024417835297888216625028561966,0.001,0.0050286974035702,81.1290001,407.97319215711649615702,0.0,0.0,0.0,0.0,0.0,86.24068904,37.47067690683091,0.0006498163541022862,5.0286974035702,1933.326097335484,-60.35256529345258,100000000.0,93314.0,25152.0,1159545.46649345,5831003.27667720835650491519,46.4185936106027,233.42506116701807283155375954,0.00000318,0.000015991257743353236,1167520.46649388,5871107.138472843041388450376,0.09445184607200004,0.0993110714619098,0.10178874243704343
2018-02-07,47236.0,1387.0,29740357.0,21442.2184571017,499333547.220317,0.00250140399198741,0.0124903492835013483794596020897,0.001,0.00499333547220317,139.8585,698.360409139127051445,0.0,0.0,0.0,0.0,0.0,116.09652946,37.371347664442624,0.0006548984197974012,4.99333547220317,1872.8545505874813,-62.53262151283193,100000000.0,121826.0,24303.0,861352.19082844,4301020.4485235634430342941548,35.4726655490133,177.126919179487446949370632161,0.00000284,0.0000141810727410570028,862092.19083767,4304715.5168190822752427294139,0.09436217150877842,0.0982647545202456,0.10165472597879371
2018-02-08,16475.0,1385.0,28748547.0,20757.0736462094,621091988.704108,0.0048175666416309,0.029921520461651064561346497372,0.003,0.01863275966112324,103.26935853,641.3977126159523913584124,0.0,0.0,0.0,0.0,0.0,152.29773459,46.44749830318644,0.0007557168322618354,6.21091988704108,2340.736263570824,-50.84227982396482,100000000.0,109962.0,33523.0,656608.58493287,4078143.3181614643236547322996,19.5871072378862,121.653953873393677788191765096,0.00000459,0.0000285081222815185572,656618.59593566,4078205.4956977819583914569128,0.09570733034769421,0.10829459204750276,0.10509497680061942
2018-02-09,8857.0,1405.0,18921935.0,13467.5693950178,600587557.396114,0.00570340195285777,0.0342539224771507461392219270578,0.003,0.01801762672188342,91.705,550.7688195101063437,0.0,0.0,0.0,0.0,0.0,118.39818521,44.84809156533618,0.000693482806212528,6.00587557396114,2456.5497706697656,-50.99359627402234,100000000.0,66691.0,19031.0,844607.54040256,5072607.7964871317820493965184,44.3885125398571,266.591883227595520743176553094,0.00000423,0.0000254048536778556222,844757.78214602,5073510.1297043675319012856628,0.0954380112440138,0.10830274606074178,0.10287814638828865
2018-02-10,41372.0,1410.0,25417906.0,18026.8836879433,563890222.850144,0.00534505686262711,0.0301402530541349258253968180384,0.003,0.01691670668550432,88.8295,500.90086550666866448,0.0,0.0,0.0,0.0,0.0,56.90549,41.86044612285399,0.0006610443929115037,5.63890222850144,2212.0012044784235,-46.37925950434308,100000000.0,88143.0,5614.0,1757299.69115511,9909241.1445994420297178983584,314.500301238985,1773.4364495208867080118566384,0.680281555,3.8360411764979249229392,1765604.69115566,9956072.2276102478851435741504,0.09552502012422319,0.10581694661834551,0.09443823661155795
2018-02-11,23193.0,1339.0,17408597.0,13001.1926811053,546952255.727417,0.00662467480488293,0.0362338082799130464705067629181,0.001,0.00546952255727417,66.207,362.12067994945097319,0.0,0.0,0.0,0.0,0.0,175.15878409,40.57312972741528,0.0006755225360351576,5.46952255727417,2067.0094509170112,-51.51014157616232,100000000.0,69298.0,12098.0,570910.56277221,3122608.2012686935967362268157,47.1907391944288,258.110812518370615295378144096,0.00028103,0.0015370999242707599951,570913.5627742,3122624.609847249769135202414,0.0954663831387159,0.10442317293229857,0.09357268117726027
2018-02-12,20449.0,1361.0,9460068.0,6950.82145481264,573147331.670598,0.00742832644446399,0.0425752548042267645111535276602,0.001,0.00573147331670598,84.4675,484.12322237886236565,0.0,0.0,0.0,0.0,0.0,159.65365878,42.599898923638634,0.0006434312453699921,5.73147331670598,2169.167769509033,-51.056057095538776,100000000.0,34193.0,4838.0,626355.83026351,3589941.7279185275025485927898,129.585069158303,742.71336612431269146712675194,0.02,0.1146294663341196,626932.56458787,3593247.2653094252942246644626,0.09547123041115031,0.10462640677612767,0.09080777059630532
2018-02-13,19812.0,1372.0,9418554.0,6864.83527696793,559537356.030342,0.00601618612196741,0.0336628087607208122888069515422,0.001,0.00559537356030342,81.5855,456.50134960413467241,0.0,0.0,0.0,0.0,0.0,90.6678363,41.59907086246087,0.0006564283513766378,5.59537356030342,2130.5351582677354,-48.83001990074197,100000000.0,33546.0,3701.0,1102926.94827845,6171288.285343376742428647299,298.115902264099,1668.06983743453800888741291858,1.11715295,6.250888079244968548089,1103326.95427943,6173526.4683452229383382646506,0.09522957881770111,0.10428582513554167,0.09051898626385484
2018-02-14,57502.0,1394.0,20683759.0,14837.7037302726,643049260.746751,0.00177973307112801,0.0114445603571541164637051259551,0.001,0.00643049260746751,123.081,791.47146061970859831,0.0,0.0,0.0,0.0,0.0,268.1472385,47.99646608129033,0.0006792318724456589,6.43049260746751,2431.087665984878,-39.640873776453326,100000000.0,91018.0,3620.0,372929.44189945,2398120.0192413975057485618695,103.22537621547,663.7900186566323696647843797,1.5,9.645738911201265,373675.8619,2402919.867537000175496869,0.09487015251085622,0.10836271949049021,0.09275656178693142
2018-02-15,31548.0,1391.0,18947160.0,13621.2508986341,785612426.710669,0.00419014209591474,0.0329182770023410767372087236106,0.001,0.00785612426710669,94.362,741.31959809272148178,0.0,0.0,0.0,0.0,0.0,81.34269282,58.37582741083375,0.0007773158944775761,7.85612426710669,2993.731184019786,-5.588120712042284,100000000.0,71380.0,13160.0,1229366.72649552,9658057.7731949676748336470288,93.4169249618792,733.894971151503884766729291848,0.001,0.00785612426710669,1229366.73249833,9658057.8203537889866643568277,0.09503095221581062,0.1063420132417242,0.0968498269212045
2018-02-16,51624.0,1331.0,20734159.0,15577.8805409467,773821249.17513,0.00220359336836652,0.017051873729834129027855086476,0.001,0.0077382124917513,119.091,921.5514638551540683,0.0,0.0,0.0,0.0,0.0,106.59952557,57.31560405841799,0.0007594437275946112,7.7382124917513,2947.297685264241,-5.005773805854942,100000000.0,86615.0,8092.0,938090.47898008,7259143.462836615373037014104,115.928460205421,897.0790589110822602660437973,0.002,0.0154764249835026,938093.09998227,7259163.744708502938551249451,0.09493481943707316,0.10630934121375837,0.09648737792466042
2018-02-17,20961.0,1371.0,11066779.0,8072.04886943837,780421586.89834,0.0123278024378215,0.0962088314149387945689156631,0.001,0.0078042158689834,174.9685,1365.4919442722220229,0.0,0.0,0.0,0.0,0.0,157.24011206,57.786842408375605,0.0007039959032668573,7.8042158689834,2706.626370360433,-6.185338283792081,100000000.0,38410.0,5035.0,635970.0377412,4963247.46073784485247629608,126.508448409519,987.2992406380359502134129846,0.499,3.8943037186227166,636970.03774193,4971051.676612525330060653962,0.09492985423615438,0.10624179486153831,0.09651877200085208
2018-02-18,11968.0,1426.0,14513678.0,10177.8948106592,744739659.781486,0.00536306889556774,0.0399409010466978855792231086164,0.001,0.00744739659781486,81.19150001,604.6653009459591716681486,0.0,0.0,0.0,0.0,0.0,184.15668065,55.16016065543669,0.0007125268906986261,7.44739659781486,2567.0607143698026,-14.432634006183525,100000000.0,55221.0,13193.0,543015.86914241,4044054.5364106634535081542126,41.1601507726976,306.535966830134787208707566336,0.00029759,0.0022162707535437241874,543025.8691442,4044129.010389972442018242812,0.0949606395681533,0.10615601679060961,0.09657396488085127
2018-02-19,48197.0,1374.0,20400184.0,14847.2954876274,799906231.802944,0.00481883874366126,0.0385461914110811128350140674944,0.001,0.00799906231802944,76.02200002,608.1047157012153340405888,0.0,0.0,0.0,0.0,0.0,118.82842554,59.01548001483154,0.000718090211993109,7.99906231802944,2529.887130444502,-17.61020020794805,100000000.0,70310.0,4951.0,841549.48236693,6731606.7531584904291046224192,169.976465838833,1359.65234284322741854918924352,1.0,7.99906231802944,841553.48236806,6731638.7494168014872839956864,0.09502975043325967,0.10496674127232218,0.09714726614441446
2018-02-20,22190.0,1390.0,11556100.0,8313.74100719424,789844873.627943,0.00605025404426794,0.0477876214101176212259136304742,0.001,0.00789844873627943,103.5985,818.267441405444528855,0.0,0.0,0.0,0.0,0.0,47.50288,57.641224986003216,0.0007023382777857898,7.89844873627943,3269.122246637058,-5.313913626650257,100000000.0,39978.0,4622.0,2105135.52003156,16627304.9878902157804705788108,455.623798955143,3598.72121907608230719128360849,3.25510632,25.7102903996591858789976,2105893.19877067,16633289.4745696449519056083181,0.09499795794019084,0.10133623991271788,0.09301857094653924
2018-02-21,54559.0,1412.0,20079048.0,14220.2889518414,714124150.499754,0.00217023282505329,0.0154981567257786196120518189066,0.001,0.00714124150499754,132.3625,945.23257870523688825,0.0,0.0,0.0,0.0,0.0,87.28619845,51.965081544618094,0.0006827931562688984,7.14124150499754,3438.0614858629215,-13.733548782845864,100000000.0,83526.0,5659.0,1145656.49292901,8181409.6977745669155874446354,202.602727640645,1446.8350076530863962607290133,1.499,10.70472101599131246,1146528.83571841,8187639.3083088155236711827114,0.09452881921368551,0.1029348420395127,0.09270277912629606
2018-02-22,43003.0,1390.0,21276983.0,15307.1820143885,651525466.453067,0.00330901360544218,0.0215590663278526132773275216606,0.001,0.00651525466453067,139.11755,906.3862665555787102585,0.0,0.0,0.0,0.0,0.0,61.94405072,47.11055611915721,0.0006595616351496284,6.51525466453067,2771.961364844933,-20.043540489289352,100000000.0,85972.0,16278.0,1614360.03679394,10517966.7599536216326616001398,99.1867266739188,646.226783621778089101331689596,0.001,0.00651525466453067,1614561.53679805,10519279.5837953022593378211935,0.09468910962450265,0.10413828407203747,0.09306295113224625
2018-02-23,24580.0,1410.0,15444679.0,10953.6730496454,671453246.297646,0.00409734628959867,0.0275117646735664174249670573082,0.001,0.00671453246297646,94.03,631.3674874936765338,0.0,0.0,0.0,0.0,0.0,148.27498582,48.63782178762456,0.000660939964272884,6.71453246297646,2994.987115785851,-25.304566739452117,100000000.0,59476.0,11313.0,674422.590221109,4528432.37580430682058766209414,59.6206137693724,400.324546617032305688090173704,0.001,0.00671453246297646,674488.00357291,4528871.5958784867347732236986,0.09467101923839899,0.10248556690778486,0.09269325131706904
2018-02-24,37087.0,1370.0,21989084.0,16050.4262773723,649160490.604208,0.00587577605011466,0.0381432166337288813747107848928,0.001,0.00649160490604208,105.053,681.96257019443863024,0.0,0.0,0.0,0.0,0.0,142.05280354,47.02631646003244,0.0006701632887889205,6.49160490604208,3080.8382396723,-27.75454240131377,100000000.0,87874.0,9410.0,703963.57910254,4569853.4237769905284698748832,74.8107803135675,485.6420285083910389977499204,0.001,0.00649160490604208,703969.44275067,4569891.4882639585409379681936,0.09448111816563746,0.10256193943505967,0.0927299683178013
2018-02-25,51529.0,1417.0,37793864.0,26671.7459421313,648956812.598144,0.00213808394434887,0.0138752414159191017381105049728,0.001,0.00648956812598144,128.0135,830.75232929532506944,0.0,0.0,0.0,0.0,0.0,120.46920461,46.96054675358224,0.0006757694890792955,6.48956812598144,1966.339961133431,-26.679198778018353,100000000.0,154235.0,25592.0,830087.658684019,5386910.41156637038103321860736,32.4367483681381,210.500488320349501676487956864,0.00000937,0.0000608072533404460928,830121.26423739,5387128.4970943827907668940416,0.09442903867293433,0.10257629055681464,0.09267433273712146
2018-02-26,17216.0,1342.0,21877193.0,16301.9321907601,669021498.868776,0.00464278194800439,0.0310612093777479263803568192664,0.001,0.00669021498868776,101.4355,678.62530248503727948,0.0,0.0,0.0,0.0,0.0,134.9792348,48.36125879271572,0.0006487565680717007,6.69021498868776,3129.0312941242532,-25.79658007855422,100000000.0,91025.0,29200.0,740854.696271561,4956477.19343571534626399679336,25.3750546668637,169.764571071022820290817778312,0.00000805,0.000053856230658936468,740951.59627242,4957125.4752738660848832795792,0.09434613030467895,0.10271542360042099,0.09258939049289112
2018-02-27,22097.0,1357.0,21296133.0,15693.5394252027,657364358.144947,0.00343535853055457,0.0225828225543577320494435325779,0.001,0.00657364358144947,97.255,639.31970651386820485,0.0,0.0,0.0,0.0,0.0,107.89000356,47.63889552980332,0.0006170055734864669,6.57364358144947,2231.580379854762,-29.042126056965657,100000000.0,87886.0,23253.0,926869.929559779,6092912.56328916360636783286713,39.9079659209706,262.340744025092571422217255582,0.00000434,0.0000285296131434906998,927979.93156033,6100209.3208154817585801515251,0.09432551981435582,0.10248281499117629,0.09166831895111711
2018-02-28,44044.0,1353.0,16952770.0,12529.763488544,624703266.560022,0.00212582018791483,0.0132800681550963410411121892626,0.001,0.00624703266560022,123.3082,770.310353336365047804,0.0,0.0,0.0,0.0,0.0,80.90849743,45.17321310791507,0.0006060946476765796,6.24703266560022,2933.561570535109,-28.397656360348034,100000000.0,68275.0,7426.0,1235964.12215133,7721108.2445892589685921212926,166.526001905708,1040.29337357676236281566405576,0.005,0.0312351633280011,1236622.09015179,7725218.5921810522491712573938,0.09440155509239773,0.10234827059388414,0.08978574196696675
2018-03-01,23693.0,1419.0,14269127.0,10055.762508809,661849214.995603,0.0389894179904905,0.258051156901415784190533132715,0.001,0.00661849214995603,1090.61200003,7218.2069608464005548586809,0.0,0.0,0.0,0.0,0.0,24.12900742,46.92590541381375,0.0006058875692252703,6.61849214995603,2788.0946907499274,-12.364688303839497,100000000.0,54124.0,12733.0,4144389.29272617,27429608.0002699794473643303051,325.83297665354,2156.5229981782608837275438462,0.001,0.00661849214995603,4148831.29172953,27459007.3358038301162921525659,0.09444686647784024,0.09990235020013594,0.08958312829183143
2018-03-02,7178.0,1384.0,9023794.0,6520.0823699422,666416330.204244,0.00435208773455946,0.0290030233679201730723916234824,0.001,0.00666416330204244,70.0425,466.7746580833076037,0.0,0.0,0.0,0.0,0.0,179.99340713,47.28811625455841,0.0006050597354141238,6.66416330204244,3200.8578018657263,-12.411024759085995,100000000.0,28001.0,6333.0,555575.90465978,3702448.5553327353127873210632,87.7273778265277,584.629571895957570341423235588,0.008,0.05331330641633952,555577.4837754,3702459.078817099798782227976,0.09423977640139451,0.09990024177813565,0.08960753146499396
2018-03-03,17235.0,1377.0,10695473.0,7767.22803195352,689108249.113027,0.00424379266750948,0.0292443253470616010753111399596,0.001,0.00689108249113027,83.921,578.30653373814338867,0.0,0.0,0.0,0.0,0.0,276.28489729,49.041492101195914,0.0006031222780691801,6.89108249113027,4720.898962951444,4.759219715170277,100000000.0,34211.0,3534.0,361945.22747814,2494194.4198227732440303172978,102.445547122929,705.96071607307703795984296083,0.45056269,3.1048646642155555916263,362042.56353243,2494865.1706022467684344996561,0.09331807705039803,0.09646840104566388,0.08946759670551044
2018-03-04,23073.0,1437.0,19771004.0,13758.5274878219,683020727.516169,0.0031485575351422,0.021505300582793412867362142318,0.001,0.00683020727516169,77.0515,526.277715862120957035,0.0,0.0,0.0,0.0,0.0,118.79023644,48.595571368714644,0.0005958698102731653,6.83020727516169,3836.632343673587,10.421540210454518,100000000.0,78146.0,14948.0,841820.02658187,5749805.2699362957372022725603,56.3165658672659,384.653817898722060074500723371,0.000171855,0.00117380527127291223495,841820.02658389,5749805.2699500927558980991741,0.09330135382562903,0.09575789671922223,0.08946485131479985
2018-03-05,18145.0,1400.0,15405902.0,11004.2157142857,673576818.842475,0.00402660253094721,0.0271222612353848020503753074475,0.003,0.02020730456527425,116.7755,786.572698087394393625,0.0,0.0,0.0,0.0,0.0,154.93875046,48.53143390501718,0.0005836552531666513,6.73576818842475,2711.9847317575563,2.5189654762205045,100000000.0,47108.0,8834.0,645416.331967258,4347374.7971548444809915968355,73.0607129237605,492.120025935498983045341272375,0.005,0.03367884094212375,645418.3379685,4347388.309114196285130120375,0.09274198498448087,0.09519096279877638,0.08942837295215177
2018-03-06,17835.0,1396.0,13382887.0,9586.5952722063,612562878.650345,0.0036658657800008,0.02245573294943082370997020276,0.003,0.01837688635951035,91.24706513,558.9456488442831671196985,0.0,0.0,0.0,0.0,0.0,9.66831868,42.26626084805185,0.0005737200125367169,6.12562878650345,2863.614822641323,6.401767336137157,100000000.0,40986.0,4476.0,10343059.9822076,63357745.96754273593601601622,2312.16822658806,14163.484248026451993570918807,0.572348,3.5059913846976766006,10349264.98220818,63395755.494166542707962188221,0.09279153443959715,0.09362971125390414,0.08992800442305281
2018-03-07,18843.0,1345.0,14908312.0,11084.2468401487,618092929.804968,0.00344929731848877,0.0213198628535314366677659820936,0.003,0.01854278789414904,94.49350004,584.0576428724946090019872,0.0,0.0,0.0,0.0,0.0,66.61340345,43.17630555715614,0.000624141796966097,6.18092929804968,3059.234833060692,40.88151888307239,100000000.0,43790.0,4106.0,1501199.38071555,9278807.234478778784417848524,366.379050345058,2264.56300646938771293042648144,1.579069095,9.7601144329302934626396,1504352.38071681,9298295.7045633173963733911208,0.09105874561282074,0.07805748279680214,0.08904559714501023
2018-03-08,22650.0,1353.0,17201784.0,12713.8093126386,583705624.766201,0.00388332372833814,0.0226671790301902701567577120614,0.003,0.01751116874298603,101.06350003,589.9133342607012350648603,0.0,0.0,0.0,0.0,0.0,65.19467729,41.30336533159619,0.0006255904403902146,5.83705624766201,2883.4723115126208,16.074915215974286,100000000.0,55646.0,11282.0,1533867.55118203,8953271.1727130961031994256803,135.961013223299,793.61208167351458426280917099,0.00154766,0.0090337784722565863966,1533912.15118526,8953531.5054405955205253739726,0.09112089416050674,0.0753226967767369,0.08923230320766529
2018-03-09,20236.0,1398.0,18373575.0,13142.7575107296,588073483.560853,0.00383933508167881,0.0225781115604024988256003562493,0.003,0.01764220450682559,106.93700003,628.8681412918914176782559,0.0,0.0,0.0,0.0,0.0,117.82306994,41.72689398417517,0.0006338269688279029,5.88073483560853,2905.7975816856824,17.771675232824286,100000000.0,57444.0,5712.0,848730.21937573,4991157.3671165251649512629769,148.595579022782,873.85119797669423371370353046,0.00163054,0.0095887733788531325062,848777.94737813,4991438.0428428728524765634489,0.0910543409785128,0.07528939442605456,0.08889816947730832
2018-03-10,28568.0,1393.0,17539342.0,12591.0567121321,551723305.012813,0.00385253345075674,0.0212553248812392585493024610962,0.001,0.00551723305012813,87.81850001,484.5151306678495149062813,0.0,0.0,0.0,0.0,0.0,185.95825846,40.21833649207372,0.0006279172718821107,5.51723305012813,2677.8124942390086,-11.168826027853125,100000000.0,63954.0,6972.0,537755.089917809,2966920.15496916015805861886717,77.1331700973408,425.561675322203451958012276704,0.005,0.02758616525064065,537772.46191866,2967016.0003464021492586379058,0.09118010526659905,0.06466582699545374,0.08898747478890999
2018-03-11,25367.0,1327.0,21453175.0,16166.6729464959,584116883.406362,0.00292306333050608,0.0170741064261463212325975168096,0.001,0.00584116883406362,82.711,483.12891543423607382,0.0,0.0,0.0,0.0,0.0,216.15291757,43.11196075372593,0.0006139850842629079,5.84116883406362,2626.587635611789,-2.742426776399042,100000000.0,85848.0,13028.0,462635.439407739,2702331.71020181333186144635518,35.5110176857699,207.425849772001156120465281038,0.00029865,0.001744465072293100113,462637.53841021,2702343.9708296295595887975602,0.09124393512847162,0.06534744989480419,0.08942597263594712
2018-03-12,19976.0,1332.0,12860924.0,9655.34834834835,559967005.396565,0.00493129432624113,0.0276136211659431720840146371845,0.001,0.00559967005396565,61.1875,342.629811427023209375,0.0,0.0,0.0,0.0,0.0,351.75081763,42.40709398878375,0.0006121269433080066,5.59967005396565,1535.1591280005287,-0.6957413508163562,100000000.0,47084.0,5480.0,284292.16078218,1591942.299309161127114852117,52.8462723241186,295.92168859708063691007092609,0.000594625,0.00332970380583932463125,289597.57233617,1621650.8535120022934434325605,0.09100904907192253,0.06477286105336846,0.08759684176877952
2018-03-13,18740.0,1338.0,13292998.0,9934.97608370703,556248761.869176,0.0036364466663462,0.020227689557583663147263247312,0.001,0.00556248761869176,75.649,420.79662586641295224,0.0,0.0,0.0,0.0,0.0,47.40833254,42.189251497798736,0.00060722248228129,5.56248761869176,1502.8793428407332,1.6996924401372313,100000000.0,44771.0,7122.0,2109333.8372139,11733143.353189899142721287464,296.238976609177,1647.82563956246496212955028152,0.005,0.0278124380934588,2109813.99141056,11735814.2049638832811442489856,0.08972617846200329,0.06453456475542159,0.08695815814716262
2018-03-14,20635.0,1320.0,13918992.0,10544.6909090909,497269846.415627,0.00295063682809239,0.0146726272233379558202149577853,0.001,0.00497269846415627,82.01,407.8110010454557027,0.0,0.0,0.0,0.0,0.0,112.56760197,41.43962698651396,0.0006047946376388078,4.97269846415627,1343.322163367636,-13.238740034574507,100000000.0,49772.0,10366.0,888355.070676981,4417521.89558085810575187582087,85.7034584871416,426.177456391889677528288017832,0.005,0.02486349232078135,888402.05067771,4417755.5129583292644968457417,0.08842566115271983,0.06707892730974908,0.0876630748735218
2018-03-15,13640.0,1333.0,13873676.0,10407.8589647412,521458755.318004,0.00328965610415916,0.0171541997749910969519282951664,0.001,0.00521458755318004,73.08300001,381.0977022012027388518004,0.0,0.0,0.0,0.0,0.0,112.08452997,44.98868133247874,0.000630650220486388,5.21458755318004,2003.0689800261061,-6.8053723852305374,100000000.0,46317.0,14146.0,892183.783348891,4652370.45180020443330785733564,63.0927991200622,329.002924986764928259372598488,0.001288245,0.0067176663424464206298,892510.7363524,4654075.376862777294650086096,0.08839744660738356,0.06763823017919807,0.08772590075136048
2018-03-16,7337.0,1312.0,11311302.0,8621.41920731707,505535986.770077,0.00368955334071613,0.0186520198883976289361283524201,0.001,0.00505535986770077,79.96,404.2265750213535692,0.0,0.0,0.0,0.0,0.0,104.27968315,44.20613978283435,0.0006034878240236476,5.05535986770077,1696.6038790764762,-21.38456295198669,100000000.0,36978.0,10502.0,958959.56888969,4847885.7193125706731620580613,91.3441742422415,461.777672612494072205616075955,1.0,5.05535986770077,959296.51789202,4849589.1177764115684045308554,0.08842839516723469,0.0622892886825065,0.08774138158927129
2018-03-17,55020.0,1357.0,20832179.0,15351.6425939573,460791128.617243,0.0016583937426534,0.007641731243690338279318125762,0.001,0.00460791128617243,126.9765753,585.096794404393406678979,0.0,0.0,0.0,0.0,0.0,234.73136992,41.18865058293906,0.0005846370134424315,4.60791128617243,1326.4430558267939,-41.346252560367596,100000000.0,89342.0,13517.0,426018.899970699,1963057.29729774743033086162857,31.6870352868114,146.011047523442292507965289702,1.0,4.60791128617243,428313.65597183,1973631.3293743708787726026469,0.08835840603706313,0.05032715850897213,0.08286996806915695
2018-03-18,13334.0,1369.0,25500157.0,18626.8495252009,436977043.782589,0.00313895348837209,0.0137165061591988124344149554101,0.001,0.00436977043782589,102.0411,445.896182223235424079,0.0,0.0,0.0,0.0,0.0,61.18574269,40.152840815726826,0.0005336135689644491,4.36977043782589,1977.695203880161,-43.529976173645615,100000000.0,94528.0,22982.0,1634367.67456834,7141811.5488669767869138263226,71.2892412514694,311.517618955708938387303862766,0.002,0.00873954087565178,1638369.34244127,7159297.9188401039109638104803,0.08844776637146372,0.050733071251108944,0.08304568917831115
2018-03-19,23213.0,1407.0,26583976.0,18894.0838663824,481017673.514764,0.00286623873490903,0.0137871148800384199342390191892,0.001,0.00481017673514764,101.1381,486.492135657035529084,0.0,0.0,0.0,0.0,0.0,142.14105198,45.61336188430945,0.0005634494473698944,4.81017673514764,1566.4609467382706,-38.36438130491862,100000000.0,105186.0,27947.0,703526.522481042,3384086.91099763136273697104088,25.2020274620618,121.226206176561592826721804152,0.001,0.00481017673514764,704321.06148224,3387908.7840163614252036379136,0.08873648251966168,0.05473103975387901,0.08408455209734618
2018-03-20,20262.0,1321.0,22974366.0,17391.6472369417,506935476.757019,0.00365652753148716,0.0185362352744960925784703837604,0.001,0.00506935476757019,90.57950001,459.1796202198175727807019,0.0,0.0,0.0,0.0,0.0,169.0889617,48.86905583961375,0.0005698755417160439,5.06935476757019,1727.5500713995912,-31.931182917563582,100000000.0,86450.0,21907.0,591404.660564051,2998040.03559360186908813323969,27.0254141859775,137.001412249244085094445010725,0.00001272,0.0000644821926434928168,592045.74857221,3001289.9381441947726034584199,0.08809421068476299,0.05580367075550962,0.08416929187698795
2018-03-21,17742.0,1323.0,24848515.0,18781.9463340892,498680007.331368,0.00339209218771419,0.0169156855703798838725780571192,0.001,0.00498680007331368,79.18500003,394.8797639549477529994104,0.0,0.0,0.0,0.0,0.0,97.08839388,48.50417876596903,0.0005616022454653364,4.98680007331368,1641.2941368811448,-37.657691926293516,100000000.0,97880.0,23054.0,1029989.22938873,5136350.3646280195308519468264,44.7056342668851,222.938060239637181519448818168,0.00000824,0.0000410912326041047232,1030643.69238877,5139614.0407646000938087193736,0.08803026992525159,0.053485282116492894,0.08272660324010322
2018-03-22,37435.0,1359.0,28047027.0,20637.9889624724,482054989.3798,0.00378376557763557,0.01823983075342767508744719486,0.001,0.004820549893798,101.106,487.386517562340588,0.0,0.0,0.0,0.0,0.0,142.34266115,47.30571357112139,0.0005534077971888444,4.820549893798,1594.534744114131,-38.968396773203295,100000000.0,105233.0,29247.0,702530.072091301,3386581.264409622319309651198,24.0447905458765,115.909112512320116521823947,0.00026903,0.00129687253792847594,703237.98909525,3389993.8136478264696062595,0.08789864943834041,0.0535835118526299,0.08070464495051534
2018-03-23,25107.0,1405.0,31995004.0,22772.2448398577,467914936.645116,0.00170390968298807,0.0079728479136436246186405176612,0.001,0.00467914936645116,173.717,812.84779049179616172,0.0,0.0,0.0,0.0,0.0,89.01658349,46.63852359525352,0.0005334341867500326,4.67914936645116,1504.995706488949,-34.47708828812712,100000000.0,153112.0,100318.0,1123386.1835912,5256491.749230749993768205792,11.2711374787402,52.739335792831131693621628632,2.0,9.35829873290232,1130697.96959226,5290704.6880652363534684040216,0.08790015209594383,0.05124780848845655,0.0807482443979981
2018-03-24,39861.0,1350.0,49977032.0,37020.0237037037,476742998.223433,0.00142184763718446,0.0067785590556822342253011545118,0.001,0.00476742998223433,213.5345,1018.010777541416539385,0.0,0.0,0.0,0.0,0.0,55.63618179,48.10648728986913,0.0005536449123319695,4.76742998223433,1711.6529470838286,-26.826651793238003,100000000.0,243703.0,149671.0,1797391.49569024,8568938.1063666567099607739392,12.0768655631262,57.575610977061131437135762446,2.999,14.29752251672075567,1807556.54569866,8617399.2705477095465776869978,0.0878935150943657,0.04941130461956057,0.08082545548652897
2018-03-25,33046.0,1354.0,46828097.0,34585.0051698671,473172016.061738,0.00143590520706646,0.0067943016170118423985722910748,0.001,0.00473172016061738,146.87300001,694.9619351976736543461738,0.0,0.0,0.0,0.0,0.0,133.19913171,50.19109611098252,0.0005605897729476577,4.73172016061738,1754.7080150482795,-29.530161828722868,100000000.0,224236.0,114535.0,750755.644712611,3552365.61978396039487043177918,6.61344502304483,31.2929711466758953831002171454,2.0,9.46344032123476,757470.92571444,3584140.4502845255512279809672,0.08738456722175955,0.04882076047000299,0.07959351227080608
2018-03-26,24408.0,1358.0,33344269.0,24553.9536082474,437478170.989615,0.00157008556517518,0.006868781613500337024014357557,0.001,0.00437478170989615,155.2375,679.130175690003585625,0.0,0.0,0.0,0.0,0.0,84.58194446,47.13335367904712,0.0005353913851548801,4.37478170989615,1299.9735996941488,-32.60862647656961,100000000.0,152355.0,92544.0,1182285.42313682,5172240.645015790622369441243,12.8560104721829,56.242239475939118007222805835,2.999,13.11997034797855385,1189746.63313769,5204881.8100612909357985508935,0.08728469319575942,0.05018015586446985,0.08005862366015147
2018-03-27,26701.0,1400.0,25188978.0,17992.1271428571,415209017.330595,0.00180458368320738,0.007492794177953619996954037911,0.001,0.00415209017330595,135.3925,562.161868789325835375,0.0,0.0,0.0,0.0,0.0,29.62664167,47.281065295238875,0.0005297881345200877,4.15209017330595,987.8032861569668,-36.01900630825082,100000000.0,111925.0,62349.0,3375340.38151223,14014717.6296396864520394567685,54.2108259077105,225.088237538204374165380527475,2.999,12.45211842974454405,3379990.78451984,14034026.522269496368056165048,0.08705032470777181,0.05061572646282808,0.08022648089947136
2018-03-28,21824.0,1347.0,37262702.0,27663.4758723088,424926294.097235,0.00122426452057326,0.005202221857219234879563809361,0.001,0.00424926294097235,218.601,928.89312815949668235,0.0,0.0,0.0,0.0,0.0,76.28450595,48.73293768219729,0.00053560049094097,4.24926294097235,920.3326023479065,-36.48540520510517,100000000.0,202992.0,167846.0,1310882.18710671,5570283.0976533249229606094685,7.87196144804041,33.4500340539211515494074926635,2.999,12.74353955997607765,1321277.24120779,5614454.4158144468117909946065,0.08706411337312032,0.05040694931575464,0.08025926832636973
2018-03-29,31721.0,1351.0,29315939.0,21699.4367135455,366768111.220606,0.00136761737383881,0.0050159844107534576056099451886,0.001,0.00366768111220606,136.1805,499.46664770077735383,0.0,0.0,0.0,0.0,0.0,73.39398959,42.66846288626578,0.0005159519696084161,3.66768111220606,622.7339974263084,-44.20626754763381,100000000.0,144794.0,95611.0,1362509.39021428,4997249.9556923110736269145368,14.3307893361334,52.560765371140492742944448404,2.999,10.99937565550597394,1370181.09921705,5025387.337900111790664265323,0.0873973522675623,0.055880965222485826,0.08193634169434655
2018-03-30,22541.0,1358.0,21136452.0,15564.3976435935,356082242.385037,0.00178986844011935,0.0063734036773190647016093416595,0.001,0.00356082242385037,131.96700009,469.9110531287357959365333,0.0,0.0,0.0,0.0,0.0,162.7308425,42.35861094147741,0.0005211862898887637,3.56082242385037,778.8467854709413,-42.99977902375443,100000000.0,100131.0,64880.0,614511.659031837,2188166.89519805793997195422969,9.55579822802266,34.0265006081327188192688093842,3.0,10.68246727155111,619980.18903411,2207639.3594556501531974661207,0.08740592399947114,0.05560077262547935,0.08174980124440365
2018-03-31,28765.0,1367.0,17983464.0,13155.4235552304,361574172.994271,0.00190411062906725,0.0068847722599459203034032372475,0.001,0.00361574172994271,87.7795,317.388001183506112445,0.0,0.0,0.0,0.0,0.0,289.38646394,43.435185639297046,0.0005223338340151955,3.61574172994271,810.4880637742406,-45.36910148081491,100000000.0,79357.0,37348.0,345558.664487858,1249450.88333202019302583061518,9.31582238643676,33.6836077513738756734758380196,2.999,10.84360944809818729,347927.33448864,1258015.3822983111019543458144,0.08740936994402664,0.054106785282535395,0.08004818004942849
2018-04-01,29442.0,1338.0,30397781.0,22718.8198804185,349046268.61068,0.00152259357500737,0.005314556059669180153806607116,0.001,0.0034904626861068,129.154,450.8072177614376472,0.0,0.0,0.0,0.0,0.0,165.0407158,42.1612269242894,0.0005129619992601988,3.4904626861068,712.1198884832326,-47.623392046274745,100000000.0,142736.0,78534.0,605911.089957356,2114910.0505944517536256616208,7.78586950823274,27.176286997383079637018896632,2.0,6.9809253722136,611455.47595955,2134262.52305248276518377994,0.0872032224934747,0.05392758130859456,0.08005989674644197
2018-04-02,29189.0,1341.0,32851097.0,24497.4623415362,374616034.749746,0.00144934963067267,0.0054294961160860447578909164182,0.001,0.00374616034749746,175.49450003,657.4305372162778043949238,0.0,0.0,0.0,0.0,0.0,73.20987127,46.28512843555725,0.0005326350164000959,3.74616034749746,747.1905757877878,-45.637563440587726,100000000.0,156384.0,99471.0,1365936.01742583,5117015.3456992438907916633918,13.8551719275643,51.903695682801330779898236678,2.999,11.23473488214488254,1378187.80680675,5162912.513263936848316335855,0.08720155825690479,0.05563815028468918,0.07885010476112837
2018-04-03,23551.0,1358.0,19309693.0,14219.2142857143,402322836.129864,0.00194055921299615,0.007807312862505479067179320236,0.001,0.00402322836129864,119.09600002,479.1504049976873966659728,0.0,0.0,0.0,0.0,0.0,113.47948899,50.48697513654088,0.0005421555737688574,4.02322836129864,779.1309656175489,-41.096540716571454,100000000.0,84188.0,46799.0,881216.516631044,3545335.28215481089436557898016,18.9100839682835,76.07958613573690916463168444,3.0,12.06968508389592,884973.0196317,3560448.551566353557226510888,0.08734066371218906,0.0580815030062352,0.07922608641773815
2018-04-04,36791.0,1366.0,26568172.0,19449.6134699854,357813349.812977,0.00185999520587498,0.0066553111525020439159464361546,0.001,0.00357813349812977,170.7085,610.817802265485842045,0.0,0.0,0.0,0.0,0.0,138.9096282,46.23748261659653,0.0005277059935710113,3.57813349812977,684.3381636162974,-46.878612831737534,100000000.0,123888.0,70544.0,719892.503461288,2575871.48168733598919959534376,10.287690114849,36.81072861831970765800595473,2.999,10.73082236089118023,725734.81146191,2596776.0396507531285445920607,0.08776708625804643,0.06085059799953795,0.07997496776188792
2018-04-05,24198.0,1382.0,20173989.0,14597.6765557164,353249955.239931,0.00178956895429092,0.0063216515300203761568057472652,0.001,0.00353249955239931,137.421,485.43962099026557951,0.0,0.0,0.0,0.0,0.0,165.46100094,46.62806689165802,0.0005196057602795454,3.53249955239931,847.0494375855003,-42.33245801341344,100000000.0,96962.0,63925.0,604372.023802295,2134943.90356427221689633441645,9.52922025507579,33.6619662857696668411003937049,2.0,7.06499910479862,609155.40480572,2151841.1948178263917304120532,0.08776878347626285,0.0592389873888396,0.07835715741853765
2018-04-06,18361.0,1371.0,24754323.0,18055.6695842451,338875757.563166,0.00140023250551886,0.0047450485107227369948005431076,0.001,0.00338875757563166,166.81950001,565.3108444219732811263166,0.0,0.0,0.0,0.0,0.0,94.93393172,45.28963954671054,0.0005126331589713623,3.38875757563166,714.5238717003558,-45.173979312448324,100000000.0,128163.0,99591.0,1053364.14688328,3569595.7326494957378662926448,10.650915784399,36.09337155179693553679847234,2.999,10.16288396931934834,1060735.35388408,3594574.9662150058655404179728,0.08745092688812062,0.0591532220177412,0.07047234004368494
2018-04-07,22936.0,1381.0,22115098.0,16013.8291093411,353964266.479762,0.00141689183687464,0.0050152907972049454305689103568,0.001,0.00353964266479762,138.43600003,490.0139720501126022639286,0.0,0.0,0.0,0.0,0.0,152.836454,48.486528038664495,0.0005139996160902545,3.53964266479762,802.063661705024,-39.35911331648727,100000000.0,110210.0,74922.0,654294.16464388,2315967.5405015961260995715656,8.81707444590614,31.2092928874262082031006153868,3.0,10.61892799439286,660592.85163618,2338262.6417117470043055698916,0.08734762098409789,0.059825970951061784,0.06831541874841396
2018-04-08,32012.0,1336.0,25544631.0,19120.2327844311,364051957.004003,0.00147709311659604,0.0053773863977393034419601394812,0.001,0.00364051957004003,128.96500001,469.4996063866176646504003,0.0,0.0,0.0,0.0,0.0,211.52179819,50.62318135751104,0.0005193326095850378,3.64051957004003,838.8833738537826,-38.094138372023465,100000000.0,125411.0,68243.0,472764.513431376,1721108.46316737694350097798128,7.00089247884003,25.4868860769631858403150664009,2.0,7.28103914008006,477761.90543348,1739301.5665501980822781022044,0.08735394848214377,0.06023046996461953,0.0684555449335986
2018-04-09,23276.0,1383.0,20638907.0,14923.287780188,346472121.710452,0.00158421034608712,0.0054888471984445392597980657824,0.001,0.00346472121710452,138.7895,480.86692536132777854,0.0,0.0,0.0,0.0,0.0,159.43499899,49.31176459774287,0.0005142906838106365,3.46472121710452,783.8675999269765,-37.201833135831436,100000000.0,99925.0,64475.0,627214.856412906,2173124.62069696042761887893512,9.81087602038015,33.991950306193062872292683278,2.999,10.39069893009645548,632556.23141401,2191630.9959917971353575623252,0.08742426725133118,0.05989440326999787,0.06206965646786267
2018-04-10,25179.0,1360.0,22524638.0,16562.2338235294,361476655.934852,0.00156035123945142,0.0056403054812070081350373888984,0.001,0.00361476655934852,157.35050004,568.7853256413599586339408,0.0,0.0,0.0,0.0,0.0,91.5185475,52.16693802155768,0.0005302795616598482,3.61476655934852,878.3236782172391,-38.115698038576,100000000.0,109919.0,74094.0,1092674.68437489,3949763.9093250511723018466628,14.8180429775091,53.563766230089068136708371532,2.999,10.84068491148621148,1097928.07637556,3968753.6950522221060764501712,0.08704061534149875,0.059339217904243756,0.06234921411755369
2018-04-11,12416.0,1328.0,19533774.0,14709.1671686747,380580698.887812,0.0017125261586846,0.006517544023358451038448920952,0.001,0.00380580698887812,143.21000002,545.0296189533517049775624,0.0,0.0,0.0,0.0,0.0,88.43816157,55.75482119591874,0.0005480092643874175,3.80580698887812,873.7432915560706,-32.03515649671409,100000000.0,91455.0,67427.0,1130733.59083378,4303353.8025544524512375988936,16.9582091036939,64.539670725694803811108887468,3.0,11.41742096663436,1143441.16523477,4351716.3780214288825887162324,0.08655003532383253,0.060369102818644646,0.062403162727331395
2018-04-12,23507.0,1323.0,20854827.0,15763.2857142857,417162998.16975,0.0018694918750986,0.0077988283567011976740078735,0.001,0.0041716299816975,154.048,642.63125542053648,0.0,0.0,0.0,0.0,0.0,114.09184431,61.45581254798821,0.0005277651409310554,4.1716299816975,813.3363378887304,-25.00423789386115,100000000.0,89594.0,65134.0,876486.839251278,3656378.777183908467743484405,13.5241085493639,56.41757670025792943226722025,2.0,8.343259963395,880879.28625427,3674702.440794607223431223325,0.08628512109769677,0.06332150107811525,0.06359320293700904
2018-04-13,13745.0,1394.0,21493593.0,15418.6463414634,434721269.565633,0.00189656947505973,0.0082447909001739195828383025909,0.001,0.00434721269565633,143.686,624.63360338807543238,0.0,0.0,0.0,0.0,0.0,132.52343967,64.74663994368323,0.0005489553202675622,4.34721269565633,986.6957362483729,-12.57839728285371,100000000.0,85617.0,52953.0,754583.492914928,3280334.94033247334051581469424,14.3258890682753,62.277686834170616687114627649,2.999,13.03729087427333367,758598.80383238,3297790.3509298281409834059654,0.0863349988033956,0.06090506648419705,0.0635212812234628
2018-04-14,18791.0,1331.0,21513007.0,16163.0405709992,469475787.003037,0.0018446023902301,0.008659961588609593660478288137,0.001,0.00469475787003037,169.471,795.62531099191683427,0.0,0.0,0.0,0.0,0.0,131.15402294,70.73448728993964,0.0005863743191116298,4.69475787003037,1014.7890957587849,-9.968759328485339,100000000.0,100010.0,73854.0,762462.315368173,3579575.95567630811978924141401,10.4058361005367,48.852880927240808791202299579,2.999,14.07957885222107963,768512.61936904,3607980.6680004547025950377448,0.08649713544931682,0.06199765232290085,0.06432971333563783
2018-04-15,23730.0,1374.0,32146212.0,23396.0786026201,493242517.300172,0.00162054151921653,0.0079931997832780631411227424316,0.001,0.00493242517300172,196.912,971.25370566611468864,0.0,0.0,0.0,0.0,0.0,96.65373439,74.82115405629777,0.0005912568787380178,4.93242517300172,1020.880480964534,-2.431769407446005,100000000.0,158933.0,108328.0,1034621.17253841,5103191.5159490093418116960652,9.62997864393444,47.4991490788111991809256872368,2.0,9.86485034600344,1043196.32654013,5145487.8214094595043741390236,0.08637433294049945,0.06250298608713303,0.06197159924005893
2018-04-16,74087.0,1343.0,24636014.0,18344.016381236,483606592.383643,0.00258834670685044,0.0125174153080736543775670335292,0.001,0.00483606592383643,202.25600002,978.1233495881823045567286,0.0,0.0,0.0,0.0,0.0,116.79947454,73.52555977522678,0.0006009788320114462,4.83606592383643,1136.9828110390818,4.9513678431408525,100000000.0,87776.0,50520.0,856168.235275806,4140486.02768849669999068041258,17.0340412465645,82.377746417734802391397444735,2.0,9.67213184767286,860559.76377644,4161723.7490239692774696477092,0.0860781082007104,0.06018223208471859,0.055864454540532696
2018-04-17,12730.0,1359.0,22488407.0,16547.7608535688,469723297.763609,0.00156154838476097,0.0073349565690735978585702954073,0.001,0.00469723297763609,165.83800001,778.9797225921862231963609,0.0,0.0,0.0,0.0,0.0,81.79750276,71.4818057003211,0.0005955107792241034,4.69723297763609,1080.7942463317368,7.4938156241709475,100000000.0,111977.0,89745.0,1222531.20963128,5742513.9140693883038549208952,13.6883002577525,64.297135378499633815146287725,2.999,14.08700169993063391,1228456.506632,5770346.41454345850276754888,0.08606887299613018,0.05958811039838085,0.05592358054652055
2018-04-18,17592.0,1305.0,16863254.0,12922.0337164751,494379684.150671,0.00207013345167528,0.0102343192198896327430888611288,0.001,0.00494379684150671,130.613,645.72413685971591323,0.0,0.0,0.0,0.0,0.0,16.72333812,72.38059622511962,0.0006056470485096441,4.94379684150671,923.1021090163946,2.7778627213989315,100000000.0,74304.0,47045.0,5979667.4146013,29562260.877566501490145924723,127.185362346729,628.77859265564527183780005159,2.0,9.88759368301342,5983435.37160186,29580888.8914848031148686384806,0.08579138265466572,0.05769044872243327,0.05641015106810885
2018-04-19,17964.0,1373.0,29124371.0,21212.2148579752,512714016.941472,0.00146014923608648,0.0074863898016792090570049049856,0.001,0.00512714016941472,209.968,1076.53536709166992896,0.0,0.0,0.0,0.0,0.0,84.14154861,75.19244063158393,0.0006197462136182417,5.12714016941472,987.1618720247351,1.1398965843581588,100000000.0,154901.0,134981.0,1188473.49079045,6093470.174916251482686665424,8.87380827518599,45.4972588633908410429174437728,2.999,15.37629336807474528,1197795.51479288,6141265.4986393585190916231936,0.0857905636162977,0.057268297485343594,0.05645320959766507
2018-04-20,16531.0,1381.0,22297634.0,16146.0057929037,531409459.696977,0.00155969199631277,0.0082883508105426854900551549629,0.001,0.00531409459696977,155.6635,827.210564295403792395,0.0,0.0,0.0,0.0,0.0,124.14955759,82.16071130805913,0.0006011758489039774,5.31409459696977,1114.7140216064597,6.563217270481153,100000000.0,110212.0,82024.0,805480.115582321,4280397.53018259787092558343617,9.90300314573369,52.6254955105180378447774005513,2.999,15.93696969631234023,812283.93002566,4316553.6437547305341543442982,0.08574305589050156,0.05753342769152061,0.05580571169468521
2018-04-21,50997.0,1324.0,40379724.0,30498.2809667674,509313845.872868,0.00131021384148318,0.0066731005052166264401484036024,0.001,0.00509313845872868,177.8065,905.59312336194104042,0.0,0.0,0.0,0.0,0.0,96.85747126,79.12390381925894,0.0005746166861484513,5.09313845872868,953.1162330945556,5.654719294190597,100000000.0,204007.0,124269.0,1032444.87700546,5258384.7095939101349570185928,8.3779625884672,42.670123465112377370541879296,2.999,15.27432223772731132,1041121.03290623,5302573.5728860475950514516764,0.08579736814996188,0.0577391653392808,0.05599099861507504
2018-04-22,34453.0,1347.0,27350067.0,20304.429844098,515408576.789723,0.00163005930997563,0.0084014654903737738145476445049,0.001,0.00515408576789723,115.7065,596.361224903200842995,0.0,0.0,0.0,0.0,0.0,176.13943945,80.7700945455065,0.0005856277386246964,5.15408576789723,965.4415329110149,10.150058573707792,100000000.0,130773.0,68538.0,567732.021368168,2926139.53131320075719701737464,8.35581897122253,43.0666076387037159182805005919,2.0,10.30817153579446,572691.12064965,2951699.1543414765127120354695,0.08536480469134337,0.057453131491542936,0.05467714723364335
2018-04-23,37289.0,1345.0,30537242.0,22704.2691449814,558921479.981271,0.00144159270216963,0.0080573712662684922093346499973,0.001,0.00558921479981271,146.1775,817.017446399622416025,0.0,0.0,0.0,0.0,0.0,110.93783648,87.5067202883888,0.0006258369257744012,5.58921479981271,876.1732996026533,17.23748058473295,100000000.0,137695.0,61392.0,901405.716720952,5038150.17253252811180493289992,14.7631139028328,82.514214717033864082578444888,2.999,16.76205518463831729,906337.08872271,5065712.6699081359547611236441,0.08553487691727395,0.059135465174404676,0.05460475777867786
2018-04-24,36458.0,1350.0,30026011.0,22241.4896296296,595091037.586518,0.00180121006938625,0.010718839691023475935175345775,0.001,0.00595091037586518,161.2065,959.32543350691013967,0.0,0.0,0.0,0.0,0.0,92.82732423,93.1608102112228,0.0006165332126003719,5.95091037586518,907.0883089136303,25.766321207988007,100000000.0,118155.0,58648.0,1077269.01348897,6410731.3499695581261541370646,18.4747386695171,109.941514039826981032005304578,2.0,11.90182075173036,1083506.47348984,6447849.9154077794438239397712,0.08559961019868546,0.05999414654621892,0.05509501228231237
2018-04-25,28287.0,1322.0,27571019.0,20855.5363086233,511842566.902584,0.00202090657028272,0.0103438600640380468609157854848,0.001,0.00511842566902584,163.265,835.6597668535037676,0.0,0.0,0.0,0.0,0.0,134.23268547,80.59406119300981,0.0005779933943580495,5.11842566902584,821.4728419965455,16.99842434303637,100000000.0,102247.0,49828.0,744975.038318564,3813099.35891324673180946769376,15.0284046865058,76.921772311919518614479509872,2.999,15.35015858140849416,748835.34871921,3832858.0707583206428123943864,0.08627435710356346,0.06482552313538369,0.05821691463445195
2018-04-26,38216.0,1335.0,39058350.0,29257.191011236,558626355.673956,0.00170138070648521,0.0095043610367781345912949619076,0.001,0.00558626355673956,215.1515,1201.89298362785144334,0.0,0.0,0.0,0.0,0.0,114.98899623,88.09866241215049,0.0006029603785745291,5.58626355673956,929.0305661857639,34.540997993107204,100000000.0,162768.0,104110.0,869648.429701,4858085.33001448146942567156,8.42735160602939,47.0774071565925833756659356684,2.999,16.75320440666194044,877371.57570372,4901228.8590728550121557631632,0.08649523606729079,0.06556799289172886,0.05940098082652612
2018-04-27,42088.0,1329.0,40730990.0,30647.8480060196,549460603.088506,0.0014475666966782,0.007953808701676402070108007692,0.001,0.00549460603088506,183.288,1007.09535018886087728,0.0,0.0,0.0,0.0,0.0,70.52957714,86.43281104375869,0.0006117808328462888,5.49460603088506,858.6925101087429,29.307272983858727,100000000.0,191336.0,109894.0,1417844.88230166,7790499.0411542191065397071996,12.9774963082863,71.306229481298505829000872678,2.999,16.47832348662429494,1426148.97930281,7836126.7826177924375660450186,0.08648664141106882,0.06569169311657887,0.05926885175783727
2018-04-28,34293.0,1358.0,43462714.0,32004.9440353461,650193073.200399,0.00134993722145556,0.0087771983064579815857835276844,0.001,0.00650193073200399,238.6851,1551.913986961445553549,0.0,0.0,0.0,0.0,0.0,36.69142963,100.68281144646467,0.0006960022213499305,6.50193073200399,1102.8538323155617,77.27633709390747,100000000.0,205596.0,150384.0,2725432.09704323,17720570.7097554579436115624877,18.2061521707358,118.375140310448251619766835842,2.999,19.49929026527996601,2737913.98804393,17801727.1004464333098690552807,0.08736080653222844,0.06515072634989072,0.0632356109640037
2018-04-29,42921.0,1357.0,36790597.0,27111.7148120855,701197929.440567,0.00177335677479114,0.0124347409864294924974846817638,0.001,0.00701197929440567,197.1955,1382.730762949973298485,0.0,0.0,0.0,0.0,0.0,12.18483264,99.42567704823297,0.0007461935791286558,7.01197929440567,1100.7791730760562,96.92021841469739,100000000.0,162795.0,95588.0,8206924.37747298,57546783.8055936788166855837966,85.9257708444068,602.509726016826884771249706556,3.0,21.03593788321701,8213472.58347516,57592699.6904964679062754081572,0.08714705754491707,0.06526966091173446,0.06362119471181878
2018-04-30,32294.0,1321.0,28187032.0,21337.6472369417,669129603.969029,0.00157859945001058,0.0105628762481130638764404232682,0.001,0.00669129603969029,164.1775,1098.560255556252586475,0.0,0.0,0.0,0.0,0.0,48.89930904,95.06040514973556,0.0007250508563186404,6.69129603969029,1034.0936955069228,85.06012153131054,100000000.0,132318.0,86241.0,2045018.67117854,13683825.3355496641023308943766,23.8259115601517,159.426227664454168939973416993,2.999,20.06719682303117971,2054770.43885904,13749077.3000101735175825667216,0.08697097628310158,0.06648267761435617,0.06349792393112756
2018-05-01,75129.0,1351.0,32491921.0,24050.274611399,680536462.57847,0.00171009982293221,0.011637852841543541038126155187,0.001,0.0068053646257847,221.1655,1505.11187014398606785,0.0,0.0,0.0,0.0,0.0,75.05782962,96.00249487278138,0.0007501364676659975,6.8053646257847,1057.2919307276384,94.97027293465446,100000000.0,149962.0,112156.0,1332306.04328221,9066828.417671931377984800187,11.9559764202351,81.36477899698393842029598297,2.999,20.4092885127283153,1340934.49138789,9125548.153185745054783327283,0.08691476215946584,0.06565043617841831,0.06352902768341318
2018-05-02,31131.0,1315.0,39114395.0,29744.7870722433,745710105.869613,0.00141075125188978,0.0105201146540241692063652725514,0.001,0.00745710105869613,231.41963536,1725.7196078461283616431568,0.0,0.0,0.0,0.0,0.0,57.93283802,103.73277643075126,0.000810190965391865,7.45710105869613,1014.1291123996806,99.05984706921804,100000000.0,188136.0,141909.0,1726136.7372606,12871976.090880303848624021478,12.2310024329731,91.207821191838645819205364103,2.999,22.36384607502969387,1735689.32426078,12943210.6975126330152028967814,0.08537408137501082,0.06628493542391103,0.0644752909934796
2018-05-03,27224.0,1368.0,29071030.0,21250.7529239766,786639298.640431,0.00202761550967937,0.0159500204244663965036172860847,0.001,0.00786639298640431,214.5055,1687.384560745149718705,0.0,0.0,0.0,0.0,0.0,59.8704379,108.21718535653864,0.000806751604324956,7.86639298640431,1044.9764467797552,95.52439682705834,100000000.0,110032.0,75183.0,1670273.40214086,13139026.9759785267272275311066,22.2866601777536,175.315627312657151852717158016,2.0,15.73278597280862,1675577.97214405,13180754.8082475112315508608555,0.08517598939140758,0.06591338039705129,0.06480929272583577
2018-05-04,29401.0,1316.0,28721132.0,21824.5683890577,767518239.86976,0.00187099479869769,0.014360226347019269582832128544,0.001,0.0076751823986976,188.4915,1446.7066431041086704,0.0,0.0,0.0,0.0,0.0,63.38464738,104.22564344674592,0.0007915298593482209,7.6751823986976,857.135839808615,114.5024047512282,100000000.0,103993.0,61652.0,1577669.1065706,12108898.15771963723304245056,25.671458810289,197.0331288096205637590796064,2.999,23.0178720136941024,1582696.77857194,12147486.457370746737443905344,0.08515210423936206,0.06114572942263711,0.06486942564585306
2018-05-05,15789.0,1391.0,18678328.0,13427.9856218548,724603003.697976,0.00162479868293905,0.011773340060621509814902163628,0.001,0.00724603003697976,136.1955,986.87668390147690308,0.0,0.0,0.0,0.0,0.0,81.01043896,97.46793550531477,0.0007396983404717729,7.24603003697976,825.6163809082553,105.12472625957396,100000000.0,84657.0,65664.0,1234408.81554765,8944563.355370880070336365564,18.8914940080977,136.888333026099091591891002552,2.999,21.73084408090230024,1240491.06254773,8988635.4998257897870600439448,0.0851905021918145,0.06263711301720457,0.06409519204466484
2018-05-06,22821.0,1342.0,24779868.0,18464.8792846498,687466419.518149,0.00170584287649304,0.0117270969456321026783575218296,0.001,0.00687466419518149,138.5315,952.357542954784581935,0.0,0.0,0.0,0.0,0.0,144.55504594,92.56705294058759,0.0007164775394506135,6.87466419518149,933.0077483461881,102.86680418265273,100000000.0,112378.0,71832.0,691777.996070319,4755741.42059902352003500719531,9.70336718344833,66.7073909487512949936683874117,2.0,13.74932839036298,697012.27152146,4791725.3066306999932831297754,0.0852919817185784,0.06306729770071912,0.06448652727134951
2018-05-07,21868.0,1354.0,25324820.0,18703.7075332349,663901129.114718,0.00156390766275888,0.0103828006313678004603189319584,0.001,0.00663901129114718,172.621,1146.03276808911735878,0.0,0.0,0.0,0.0,0.0,91.98339338,89.20893071802105,0.000710852142022209,6.63901129114718,739.2849174440796,87.5616247135152,100000000.0,114386.0,84208.0,1087152.76016529,7217619.4499391824795305173822,12.9957054337607,86.278635111160047817804599826,2.999,19.91039486215039282,1094342.36316612,7265351.3054405584976717095416,0.08374114490210226,0.0638316937535578,0.06420366690463386
2018-05-08,17813.0,1315.0,20248241.0,15397.9019011407,649096748.062386,0.00189679303873822,0.0123120219319234995582328259292,0.001,0.00649096748062386,169.8085,1102.22145143351673081,0.0,0.0,0.0,0.0,0.0,134.03486034,87.14916777496299,0.000704592600818235,6.49096748062386,737.3931487644536,78.29783237650574,100000000.0,90588.0,64656.0,746074.564072599,4842745.73351586254562285161214,11.6271946930427,75.471742643422489632597618822,2.999,19.46641147439095614,751767.90007337,4879700.9923531322061473726082,0.08367939506429573,0.06430457416484413,0.06427843132884963
2018-05-09,26697.0,1362.0,29661770.0,21778.0983847283,668012452.012794,0.00153731380390541,0.0102694476365996850297248581554,0.001,0.00668012452012794,216.4215,1445.72256883286896671,0.0,0.0,0.0,0.0,0.0,104.97029165,89.38405181268928,0.0007188307470804823,6.68012452012794,732.8443677881384,92.80409884494384,100000000.0,141489.0,116879.0,952650.492121295,6363823.9115314116476153984823,8.22611017666895,54.951440296440233353657025463,2.999,20.03369343586369206,961459.53133889,6422669.3904076366510222975866,0.08314840560187822,0.06299240219915883,0.06378965575245124
2018-05-10,34931.0,1335.0,29506857.0,22102.5146067416,650872004.863098,0.0017292846841221,0.011255429893336003599848162658,0.001,0.00650872004863098,232.613,1514.01289667219815074,0.0,0.0,0.0,0.0,0.0,90.38909602,86.81587022390929,0.000720187892268444,6.50872004863098,414.2898445440908,80.05920829930524,100000000.0,136661.0,122210.0,1106328.1347283,7200780.110870602169409262734,9.12073670453653,59.3643218471013678051818996994,2.0,13.01744009726196,1114645.23266141,7254913.7729342625118523764818,0.083028628610167,0.06346023618148648,0.06350137719761359
2018-05-11,31988.0,1334.0,28292355.0,21208.6619190405,596298599.216305,0.00178631206144352,0.010651753800019611240790205936,0.001,0.00596298599216305,215.3685,1284.239348653167833925,0.0,0.0,0.0,0.0,0.0,78.95580127,79.81545605596457,0.0007082134161309173,5.96298599216305,415.42447753422243,56.68125077254184,100000000.0,123240.0,98490.0,1266531.38072489,7552308.8818974458173680733145,12.9357855622474,77.13590810530627007434523857,2.999,17.88299499049698695,1274045.52002575,7597115.5892916358513341985375,0.08304740023908354,0.06607552546482896,0.06429913248867773
2018-05-12,24118.0,1372.0,34454214.0,25112.4008746356,625973760.160798,0.00152446670466535,0.009542761553593098783927789493,0.001,0.00625973760160798,251.412,1573.77314989546546776,0.0,0.0,0.0,0.0,0.0,89.17940412,83.30474812072738,0.0007376742141754002,6.25973760160798,469.3223396044562,50.054957632191446,100000000.0,165446.0,140809.0,1121335.1444747,7019263.767872796324332428106,8.03631170220149,50.3052025405128982199299518902,2.999,18.77295306722233202,1131585.01447529,7083425.2645270831554799768142,0.08173567465617325,0.06480209492949159,0.06458158927116317
2018-05-13,27210.0,1368.0,29537314.0,21591.6038011696,658026870.302908,0.00199436346957497,0.0131234475213086638928591501276,0.001,0.00658026870302908,195.667,1287.54143631559099636,0.0,0.0,0.0,0.0,0.0,110.95693316,87.26835983730277,0.0007567151567935555,6.58026870302908,443.14917382988045,51.36753510137625,100000000.0,123249.0,79480.0,901250.576738272,5930470.96369775943067276494976,11.409059747613,75.07467878820667831339958604,2.0,13.16053740605816,906792.06874028,5966935.4700866586328158073424,0.08142283035016318,0.06494980988180668,0.0631022865890058
2018-05-14,31185.0,1300.0,27690826.0,21300.6353846154,656305384.250531,0.00180023243567161,0.0118150224043372533128948412491,0.001,0.00656305384250531,198.274,1301.28293756889783494,0.0,0.0,0.0,0.0,0.0,126.14162111,87.16443353493895,0.0007568905201636468,6.56305384250531,370.7840785786986,39.795363769481355,100000000.0,117268.0,87273.0,792759.74990337,5202924.9227868610364712118947,9.16393221161814,60.1433805139186173497466423234,2.999,19.68259847367342469,799763.85590455,5248893.2475912199368082281605,0.08140939633740661,0.06390035429603924,0.06285697567876133
2018-05-15,48098.0,1330.0,23985844.0,18034.4691729323,611997385.932179,0.00209106570375695,0.0127972674451168561223819989405,0.001,0.00611997385932179,183.284,1121.69328883193495836,0.0,0.0,0.0,0.0,0.0,106.97908843,80.88327641046384,0.0007209754646405619,6.11997385932179,366.752057916965,24.076364965864546,100000000.0,89996.0,63271.0,934762.124682022,5720719.76773807043136432585938,14.8504125536617,90.884136628553752985143098443,2.999,18.35380160410604821,939600.45268273,5750330.2086252280504238456867,0.08153454242805878,0.06513940748966586,0.06342030484793303
2018-05-16,54174.0,1336.0,19735097.0,14771.7791916168,612535674.401898,0.00217444371858627,0.0133192434961321180320836474046,0.001,0.00612535674401898,163.0985,999.03649691437960953,0.0,0.0,0.0,0.0,0.0,30.34509249,79.72195478952808,0.0007355350704227201,6.12535674401898,365.56204802326226,26.659909945143195,100000000.0,76922.0,53295.0,3295425.77717241,20185658.5086170100254837723418,62.4332905933465,382.42617758725172915925771657,2.999,18.36994487531292102,3327382.2221724,20381403.134512570385242432152,0.08153253203756465,0.06495412644616916,0.062161131326627615
2018-05-17,63479.0,1257.0,24341600.0,19364.8369132856,569329741.245928,0.00214556988995302,0.0122153675027200709066418630256,0.001,0.00569329741245928,201.4025,1146.6443321128301402,0.0,0.0,0.0,0.0,0.0,69.36832298,73.99720593028891,0.00070719656270521,5.69329741245928,337.17344693272065,21.205344498889765,100000000.0,97076.0,73061.0,1441580.18671539,8207344.7468792956157253243192,19.8068680528634,112.766390634289572768839902352,2.0,11.38659482491856,1447109.58681025,8238825.26613181415110321162,0.08122552207623132,0.06630212713931442,0.06253066304274374
2018-05-18,63596.0,1333.0,26686466.0,20019.8544636159,605152422.744333,0.00194617808927983,0.0117773438581962593597618370339,0.001,0.00605152422744333,206.869,1251.87276540697423377,0.0,0.0,0.0,0.0,0.0,63.79072784,78.14272193664691,0.0007350249824663938,6.05152422744333,338.2419198437709,22.40640992033604,100000000.0,111045.0,79085.0,1567625.9446968,9486526.383901422979436032344,19.9536592109558,120.750052141246783264159634814,2.999,18.14852115810254667,1578035.13869844,9549517.8735905052251450594052,0.08098980052951993,0.0665555744837213,0.06182071589337815
2018-05-19,85003.0,1341.0,33923338.0,25297.0454884415,590167980.344615,0.00204691537979452,0.012080239156296624270774885098,0.001,0.00590167980344615,290.6845,1715.526842824842389675,0.0,0.0,0.0,0.0,0.0,38.00331573,74.97234451669145,0.0007171385917621935,5.90167980344615,270.0393526260925,15.106660017836923,100000000.0,143795.0,117926.0,2631349.34623995,15529381.2925155434175548036925,22.3882896073813,132.128516609585553338217066995,2.999,17.69913773053500385,2640161.44024005,15581387.4497020025832732483075,0.08084315142086855,0.06655696985012442,0.06159655948780287
2018-05-20,90883.0,1341.0,33686259.0,25120.2527964206,599535392.209317,0.00277592055019717,0.0166426261580436335504626103289,0.001,0.00599535392209317,266.7965,1599.539442675730429905,0.0,0.0,0.0,0.0,0.0,104.63538594,76.27019428696573,0.0007043870017533604,5.99535392209317,261.36705091020985,12.819856942551816,100000000.0,123224.0,84127.0,955699.633533563,5729757.54624845218554040806471,11.4174745389191,68.451800757307533928501292547,1.999,11.98471249026424683,960517.88053565,5758644.6423100281392488065105,0.08079482973377633,0.0663338403026978,0.061568783230696006
2018-05-21,102763.0,1327.0,36188698.0,27271.0610399397,569428464.162862,0.00230244213403209,0.0131107608820575546624249424158,0.001,0.00569428464162862,326.8685,1861.28227938218457647,0.0,0.0,0.0,0.0,0.0,71.03627924,73.33273944023739,0.0006780021624780831,5.69428464162862,193.38128045009339,11.803059896588698,100000000.0,146849.0,118945.0,1407731.38833509,8016023.2241350376536878942758,11.9353262964933,67.963145222947995165906918246,2.999,17.07715964024423138,1419647.38633639,8083876.3085435175763847714818,0.08088610132654288,0.0665727959922299,0.06178969594887943
2018-05-22,111242.0,1365.0,33798625.0,24760.8974358974,518981432.147563,0.00303618079466579,0.0157572145707457760221454796977,0.001,0.00518981432147563,333.318,1729.85853000561404034,0.0,0.0,0.0,0.0,0.0,32.29693555,66.0900826369017,0.0006481170309760375,5.18981432147563,171.93584178572365,0.6932083629833975,100000000.0,113240.0,86761.0,3096268.98955314,16069061.1451237637820190999782,39.3654662360036,204.299460443176845793385992268,2.999,15.56425315010541437,3415387.21610191,17725225.4875104749350476614533,0.08110916925428557,0.0688334719519809,0.06287769441869295
2018-05-23,108055.0,1335.0,38465028.0,28812.7550561798,452235916.394185,0.00331076688579471,0.0149724769656489270968134776135,0.001,0.00452235916394185,354.0501,1601.141714229528386685,0.0,0.0,0.0,0.0,0.0,25.28281942,56.99602955032367,0.0006013081677381639,4.52235916394185,98.0585883369466,-19.08775515134272,100000000.0,110944.0,74224.0,3955255.08221545,17887084.0667846156468529715825,53.37488326169,241.3803924428302321654927265,2.0,9.0447183278837,3961697.33521568,17916218.248676637664448728208,0.08175212000573236,0.07150886896967741,0.06535394124180631
2018-05-24,159627.0,1341.0,47744864.0,35603.9254287845,470613930.411503,0.00313038212484259,0.0147320143546208354679780031277,0.001,0.00470613930411503,454.904,2140.84159399914360712,0.0,0.0,0.0,0.0,0.0,54.75768625,58.97643480448824,0.0006212213016667903,4.70613930411503,27.366411493958196,-20.917321773127483,100000000.0,150104.0,115350.0,1826227.63770763,8594481.6640770209688550286789,15.9118129599852,74.883208370713264823087897556,2.0,9.41227860823006,1835427.62493429,8637778.0855617618260303513787,0.0817108742549577,0.07085839029132873,0.06555800569350308
2018-05-25,122983.0,1360.0,32900591.0,24191.6110294118,440565082.3549,0.00427369573376705,0.01882841112906865168062026045,0.001,0.004405650823549,341.5965,1504.9549015464559785,0.0,0.0,0.0,0.0,0.0,100.5147436,55.22513238570662,0.0005933236265341905,4.405650823549,81.46785147924692,-13.925665655168112,100000000.0,85825.0,53282.0,994878.924432951,4383089.152759573910982363099,20.7367649568986,91.3589456101023605788851314,2.999,13.212546819823451,1104896.31043347,4867787.33999746866667378503,0.08184200698149538,0.06652359649928132,0.06532509052328368
2018-05-26,82822.0,1366.0,26341374.0,19283.5827232796,435387109.011649,0.00275135569852941,0.0119790480344544591390785909709,0.001,0.00435387109011649,239.478,1042.65634091891679222,0.0,0.0,0.0,0.0,0.0,115.79719974,54.70002353110374,0.0005942794038573936,4.35387109011649,73.70731236352577,-22.061122861563653,100000000.0,91093.0,68128.0,863578.741310314,3759910.51583016313099749847786,12.7513849710941,55.517886384592496494851751709,2.0,8.70774218023298,868726.3553107,3782322.563609522630793143443,0.08184491017632296,0.06419393075864249,0.06498347025338333
2018-05-27,94896.0,1353.0,31051046.0,22949.7753141168,419100124.865052,0.00263104708704296,0.0110267216270553587406772663392,0.001,0.00419100124865052,243.50867,1020.5451400272274200084,0.0,0.0,0.0,0.0,0.0,125.60330135,52.773129061870925,0.0005711216948480597,4.19100124865052,103.24476145098038,-23.72517292244442,100000000.0,115678.0,79969.0,796157.417254761,3336696.72983707640801429512572,10.0338533338667,42.051891851011522636388565684,2.0,8.38200249730104,802397.21725599,3362847.7394335566632448866148,0.08167582851973855,0.06440997321794159,0.06510760166068533
2018-05-28,65708.0,1331.0,42803427.0,32158.8482344102,380854150.071109,0.00199552596021159,0.0076000434352121878510318595331,0.001,0.00380854150071109,277.6495,1057.439643401683782955,0.0,0.0,0.0,0.0,0.0,57.1364492,47.91879064488763,0.0005355977822120296,3.80854150071109,41.01196760734878,-41.424452863445964,100000000.0,175164.0,115721.0,1750196.26521452,6665695.1104590528848113930268,15.2105854012299,57.930145750694320363810569591,2.0,7.61708300142218,1760184.15321572,6703734.3964160774218901663348,0.0809862904768235,0.05694567416496274,0.06345611245768559
2018-05-29,104175.0,1293.0,34237462.0,26479.0889404486,427947988.711594,0.00295582478093043,0.0126493926998306546563624840542,0.001,0.00427947988711594,323.1485,1382.90750630168533709,0.0,0.0,0.0,0.0,0.0,38.22299189,53.583793250424606,0.0005741467913500877,4.27947988711594,63.71841955659948,-38.96901705727775,100000000.0,113016.0,84704.0,2616226.38751823,11196088.2055262584182088735862,30.971871181038,132.54349978559793552743554572,2.999,12.83416018146070406,2623441.37651864,11226964.6058392757537872511216,0.08146172642699052,0.05969410654686676,0.06506219080773809
2018-05-30,63167.0,1295.0,38204681.0,29501.6841698842,397838083.834517,0.00190523332339939,0.0075797437463888195831265874463,0.001,0.00397838083834517,306.8645,1220.823846768371419465,0.0,0.0,0.0,0.0,0.0,57.09374892,51.273280884381975,0.000539465677966101,3.97838083834517,60.14396449425254,-40.54394223859042,100000000.0,164518.0,132307.0,1751505.23288447,6968154.8567688699770205925099,13.3166071476532,52.978534707993820838537055044,2.0,7.95676167669034,1761880.34188455,7009430.9916105307658611901235,0.08108018155124841,0.060339851488231316,0.06577461104838933
2018-05-31,52753.0,1324.0,29626880.0,22376.7975830816,416766625.336658,0.0026914334911752,0.011216996534351480039720604816,0.001,0.00416766625336658,250.088,1042.28331797194125904,0.0,0.0,0.0,0.0,0.0,62.72624042,53.48746556230831,0.0005572683651157847,4.16766625336658,37.320942657620705,-38.75910428699443,100000000.0,97829.0,66508.0,1594229.13500982,6644214.9661142201539163598156,24.0642092080915,100.29159263051625689765168207,2.0,8.33533250673316,1600462.42601175,6670193.242670377372600137315,0.0806997680282434,0.061154659257195904,0.06584482566586113
2018-06-01,63864.0,1331.0,31811896.0,23900.7483095417,412135631.215985,0.00235654307524537,0.0097121536780390900088534123945,0.001,0.00412135631215985,259.314,1068.7253907314193429,0.0,0.0,0.0,0.0,0.0,154.77785903,52.880417115339405,0.0005480646727060192,4.12135631215985,10.74213074272905,-44.732459977142014,100000000.0,118500.0,75660.0,646087.241596327,2662755.73135896828303519687095,8.62399320113019,35.5425488155015394034599408715,2.0,8.2427126243197,652491.32559751,2689149.2433808457483798819735,0.08063957822840208,0.05768868224639013,0.06526294945955367
2018-06-02,50378.0,1360.0,33441249.0,24589.1536764706,431857628.878751,0.002094397063268,0.00904481349673537922047818268,0.001,0.00431857628878751,284.128,1227.02844378061764128,0.0,0.0,0.0,0.0,0.0,102.7587698,55.53340396397463,0.0005654475350523654,4.31857628878751,-11.028347200133434,-45.1009338555623,100000000.0,139542.0,111868.0,973152.950282913,4202635.25645539865324424081663,8.78069545610443,37.9201031957968217283926396693,2.0,8.63715257757502,982278.83928349,4242046.1043073972326092612099,0.08051161687529394,0.05740824055978789,0.064893364296536
2018-06-03,54790.0,1283.0,31261824.0,24366.1917381138,437370929.920593,0.0024827747561271,0.010858935038706832301432153703,0.001,0.00437370929920593,225.5005,986.273633825586817965,0.0,0.0,0.0,0.0,0.0,103.62830353,56.25256139309748,0.0005678550527276577,4.37370929920593,-36.542613789837766,-43.014913887282944,100000000.0,114775.0,73607.0,964987.330629929,4220574.06159202783600639227897,13.813855144647,60.41778670402626116239015671,2.0,8.74741859841186,1016796.43563203,4447172.0259232534432366739379,0.08007931099489428,0.057707774394193195,0.06301526933726678
2018-06-04,38122.0,1342.0,22330396.0,16639.6393442623,409007315.241297,0.00266917784811067,0.0109171326555728756676661033899,0.001,0.00409007315241297,179.633,734.71211058739904001,0.0,0.0,0.0,0.0,0.0,144.99045441,57.58640492769043,0.0005463152951490364,4.09007315241297,-30.766821684226077,-43.55428929304072,100000000.0,73044.0,44415.0,689700.576547589,2820925.81134104026632738582933,15.6082630315929,63.838937581317992467977719913,2.0,8.18014630482594,693241.0025482,2835406.412674244142748730154,0.07933034362143124,0.057953819801838176,0.06363682931074133
2018-06-05,33725.0,1368.0,20520533.0,15000.389619883,430793610.883098,0.00245232594770556,0.0105644635007439354923848462488,0.001,0.00430793610883098,163.4745,704.23770142309004001,0.0,0.0,0.0,0.0,0.0,97.49031352,61.1184969127344,0.0005660033230449073,4.30793610883098,-25.341291981708775,-37.33605036518803,100000000.0,71091.0,44219.0,1025742.93166856,4418835.0137131381737224199888,23.2791412054646,100.285052981596098014693773308,2.0,8.61587221766196,1029380.34496444,4434504.7577932015310580703512,0.07943903451755452,0.058999236221293,0.063685478583202
2018-06-06,46160.0,1335.0,24288808.0,18193.863670412,429236304.352244,0.00230525470372164,0.0098949900961610393627628536016,0.001,0.00429236304352244,195.179,837.77912647166631676,0.0,0.0,0.0,0.0,0.0,55.09658338,61.00937247814205,0.0005610363120981882,4.29236304352244,-17.46822507254637,-35.34635120675106,100000000.0,88627.0,59767.0,1814994.57630922,7790615.6435433650346034488968,30.4551637744837,130.724619470017216048240364228,2.0,8.58472608704488,1820213.77330957,7813018.3318645305499493617508,0.07942432765377341,0.05892259928564922,0.06347965918581921
2018-06-07,27533.0,1317.0,28442094.0,21596.1230068337,454131196.784676,0.00201317914900895,0.009142474562813900401319468502,0.001,0.00454131196784676,211.871,962.17230793966088796,0.0,0.0,0.0,0.0,0.0,76.9724892,64.4552956228357,0.000592400578415441,4.54131196784676,-9.029617787353141,-30.036439384375324,100000000.0,112830.0,86160.0,1299165.46852432,5899915.6904227375986650932032,15.1587109392656,68.840435405616469546367739456,2.0,9.08262393569352,1306074.53452712,5931291.9145478964149012241312,0.07950917726061084,0.060298541363524756,0.06377186355787368
2018-06-08,38945.0,1324.0,31591235.0,23860.4493957704,460815495.939226,0.00192251280266494,0.0088592369060955565484108093644,0.001,0.00460815495939226,232.005,1069.1149913538012813,0.0,0.0,0.0,0.0,0.0,26.1157738,63.92430700705993,0.0006045382875511398,4.60815495939226,-16.557835478349897,-31.016930215785816,100000000.0,128583.0,95886.0,3829103.46715825,17645102.132211387501289245145,40.0039208034482,184.344266045545025103984390932,2.0,9.21630991878452,3835815.95015943,17676034.2940431113597229080118,0.07922024400542935,0.060025039706049485,0.06340174211571303
2018-06-09,40721.0,1324.0,22460542.0,16964.1555891239,438533132.875361,0.00292420053451295,0.0128235882155576916215119042495,0.001,0.00438533132875361,222.1135,974.041290089114954735,0.0,0.0,0.0,0.0,0.0,96.27103554,60.660060901294045,0.0005803641717152399,4.38533132875361,-30.920809785189512,-32.623752504518855,100000000.0,79641.0,52768.0,1038734.02248171,4555192.8510312995166933214731,21.7162919284792,95.233135338318985916598809912,2.999,13.15160865493207639,1145925.29248199,5025262.0855324143824500724839,0.07835580579592814,0.0603626900584436,0.06358757677956832
2018-06-10,40012.0,1315.0,31780840.0,24167.9391634981,374064768.188119,0.00215761214292868,0.0080708668608448736346184035292,0.001,0.00374064768188119,193.8895,725.272308716102988505,0.0,0.0,0.0,0.0,0.0,82.32837958,51.50881048905156,0.0005546025511229296,3.74064768188119,-36.21306194893917,-37.26888362982244,100000000.0,123980.0,69303.0,1214647.98063425,4543570.1530611758257293447575,17.6055745008959,65.856251444962836951852358121,2.0,7.48129536376238,1220119.12963559,4564035.7938902648844103755521,0.07570812600258998,0.06465548415602482,0.0666139270149247
2018-06-11,31647.0,1364.0,20992157.0,15390.1444281525,380836725.111326,0.00201095924881137,0.0076584713464965434289642457662,0.001,0.00380836725111326,151.8415,578.26819595991406829,0.0,0.0,0.0,0.0,0.0,144.91229895,53.182181925593575,0.000556010447106955,3.80836725111326,-34.719240160027795,-39.160912269949144,100000000.0,83566.0,57881.0,690072.552309733,2628049.70910852918302858335958,12.0261722034967,45.800080376045424230339736242,2.0,7.61673450222652,696086.87331059,2650954.4522458757067592474234,0.07530398453217951,0.06384503284503554,0.06555793065291918
2018-06-12,28154.0,1342.0,16161089.0,12042.5402384501,342418155.893314,0.0046351585728444,0.015871624507864645954239223416,0.003,0.01027254467679942,130.9525,448.40513559619201585,0.0,0.0,0.0,0.0,0.0,170.88786315,47.99695687570706,0.000524642120338377,3.42418155893314,-32.36276528259213,-47.96289158591814,100000000.0,31507.0,2956.0,585179.06512779,2003759.3634843134241301659606,197.966192533163,677.87218576426422090834972182,0.0076245,0.02610767229608572593,585188.06512803,2003790.1811191656259643099142,0.07450891064693123,0.06460280943249831,0.06668540601939821
2018-06-13,36693.0,1415.0,16603671.0,11734.0431095406,321333891.188849,0.00492328201026461,0.0158201736577838595525397133389,0.003,0.00964001673566547,147.728,474.70013077546285072,0.0,0.0,0.0,0.0,0.0,67.65966863,45.034766601038804,0.0005095270280537699,3.21333891188849,-45.64884156467388,-51.03896769705817,100000000.0,31836.0,9469.0,1477985.36440007,4749267.8826284343185395881943,156.488962083883,502.85207114518376779332220667,0.00160096,0.0051444270643769969504,1481793.98197229,4761506.2616737511158187499421,0.07453794712846648,0.06493682309419484,0.06626177884774655
2018-06-14,33180.0,1331.0,17612764.0,13232.7302779865,349919658.193001,0.00520993584728525,0.0182305897088951773690640053525,0.003,0.01049758974579003,166.4835,582.558494147744819835,0.0,0.0,0.0,0.0,0.0,134.58518279,49.21331546641611,0.0005278005898212287,3.49919658193001,-33.09099641883249,-42.82334104090785,100000000.0,33429.0,2120.0,743023.84504775,2599986.4988835801878756079775,350.484832569698,1226.41532814619908494068283698,5.0,17.49598290965005,743027.84504776,2600000.4956699428998814272776,0.07485334306609664,0.06727383421667146,0.06693057640886249
2018-06-15,32112.0,1350.0,13103392.0,9706.2162962963,329210833.74846,0.00509417569904264,0.016770578291429715606245743344,0.003,0.0098763250124538,120.788,397.6471818680898648,0.0,0.0,0.0,0.0,0.0,175.46942113,46.30707732562607,0.0005144181271706411,3.2921083374846,-39.21489990403299,-46.25442280240846,100000000.0,28936.0,3257.0,569899.86835112,1876172.108130098071490392752,175.007642110298,576.1441177148330227210764108,0.99335241,3.270223751021420747886,569999.89035324,1876501.391397209225827060104,0.074955314281601,0.06760283993548574,0.06728815943375323
2018-06-16,32465.0,1354.0,11758012.0,8683.90841949778,337420906.01844,0.00462689075630252,0.015612096710399413740293384688,0.003,0.0101226271805532,96.355,325.121913994067862,0.0,0.0,0.0,0.0,0.0,106.71263857,47.758979038087986,0.000519483489187609,3.3742090601844,-38.60367839093325,-40.73365897238671,100000000.0,25501.0,2615.0,937096.12416655,3161958.23242645848423931182,358.428384002562,1209.4123007286979576217924328,0.01,0.033742090601844,937290.2241667,3162613.16640554640763833948,0.07485998260878902,0.06734348642908279,0.06733843395460733
2018-06-17,32329.0,1397.0,16564004.0,11856.838940587,338082830.970815,0.00400043353260622,0.013524778938140890131597074693,0.003,0.01014248492912445,87.6615,296.368480871480991225,0.0,0.0,0.0,0.0,0.0,263.99509876,48.011493115285504,0.0005241030382082526,3.38082830970815,-44.5267340365494,-44.1326154760105,100000000.0,52220.0,9771.0,378794.91123106,1280640.559463353304465815139,38.9903706101924,131.81974876495110080425934806,0.00046202,0.001562010295651359463,380974.91123219,1288010.7651823374074557853485,0.07485716139007915,0.06581675354146369,0.06693495832428839
2018-06-18,32049.0,1377.0,12710007.0,9230.21568627451,364605147.02337,0.00580331043386048,0.021159168539599574527298794176,0.003,0.0109381544107011,125.868,458.9212064553753516,0.0,0.0,0.0,0.0,0.0,222.29162203,51.88912814583508,0.0005438772969023968,3.6460514702337,-34.18254217457457,-38.22010695828208,100000000.0,28195.0,3773.0,449859.50925706,1640210.925125314388191574922,119.23390120815,434.732940801675046192844655,0.00122563,0.004468710063462529731,449869.50925835,1640247.385644720131588176395,0.0750927970787537,0.06804304952509004,0.06754594375313525
2018-06-19,48001.0,1360.0,13035355.0,9584.81985294118,356994075.309364,0.00577140556499955,0.020603575929123318388767707862,0.003,0.01070982225928092,129.014,460.57233631962287096,0.0,0.0,0.0,0.0,0.0,256.7129828,51.108670754328664,0.0005302541525423732,3.56994075309364,-37.20747350568887,-40.45487890317476,100000000.0,26553.0,3007.0,389540.09614396,1390635.0641883374934048004144,129.554406433229,462.50155526884105509984456356,0.00194406,0.0069401790204592217784,389570.10014472,1390742.1766934064699517115808,0.0750874785563483,0.06778127249352713,0.06735266207595911
2018-06-20,76405.0,1360.0,17959257.0,13205.3360294118,368698111.982231,0.00639996512033485,0.0235965505661959102257997005035,0.003,0.01106094335946693,183.487,676.51310473283619497,0.0,0.0,0.0,0.0,0.0,99.47100304,52.757410910110096,0.0005459600475611981,3.68698111982231,-31.418099843086576,-35.251197439828054,100000000.0,33188.0,4435.0,1005318.10218802,3706588.8621828254566046107262,226.678489783224,835.75931210058127988129892744,0.00771685,0.0284518802545007929235,1005319.1021886,3706592.549166083727964107666,0.0733664880378619,0.06804728586031161,0.0673696369119977
2018-06-21,36316.0,1368.0,15979289.0,11680.7668128655,351667290.387014,0.00521976910467022,0.0183562205748522633137864052308,0.003,0.01055001871161042,149.656,526.29120010158967184,0.0,0.0,0.0,0.0,0.0,125.96329658,50.51841261329163,0.0005232853565166564,3.51667290387014,-32.03540449002145,-32.23894563398875,100000000.0,34224.0,10814.0,793882.04911752,2791823.4910004861727796788528,73.6688652784779,259.069302383683006447758459906,0.001,0.00351667290387014,796655.10912146,2801575.4359771479944493272044,0.07300032919238887,0.06673739805572722,0.06754542546662723
2018-06-22,26703.0,1383.0,17194230.0,12432.5596529284,286600037.420994,0.00485527788138754,0.0139152282249499343173584601476,0.003,0.00859800112262982,143.187,410.37399558199867878,0.0,0.0,0.0,0.0,0.0,118.15673725,41.57895375629982,0.0004729704587960263,2.86600037420994,-48.30251705427671,-36.625989437958935,100000000.0,38239.0,5112.0,846333.457771819,2425592.00668042570678492168086,166.458476187993,477.07005504520432480028925042,0.00553,0.0158489820693809682,850935.73027302,2438782.1213910838893229978188,0.07435627588797829,0.07196393837566299,0.07124465803680478
2018-06-23,32858.0,1367.0,15298111.0,11191.0102414045,292614080.989531,0.00527323863636364,0.0154302387741803416513074905284,0.003,0.00877842242968593,139.2135,407.358303638360738685,0.0,0.0,0.0,0.0,0.0,182.17999632,42.58504740295434,0.00047392837814143855,2.92614080989531,-43.678864216406886,-37.82290279132401,100000000.0,30795.0,3140.0,548907.68481918,1606181.1774145549232120800458,175.674421917102,514.04809522639924390211859162,0.001,0.00292614080989531,551617.6848197,1614111.019010892806533225607,0.07418916203394174,0.07154406623350615,0.07071170200152739
2018-06-24,67898.0,1332.0,24664458.0,18516.8603603604,268064295.626601,0.00500330203577684,0.0134120663602765745084760372084,0.003,0.00804192886879803,174.25,467.1020351293522425,0.0,0.0,0.0,0.0,0.0,124.79237017,39.20395391719851,0.0004361260133240979,2.68064295626601,-47.68581007318492,-39.15443906862775,100000000.0,62504.0,13158.0,801331.041801021,2148082.41284121056768756559621,60.9138958659226,163.288405891706643570499670826,0.00096086,0.0025757225909577583686,801505.04180381,2148548.8447230771666325914981,0.07441769124755054,0.07217362297838184,0.06906194011232757
2018-06-25,25238.0,1356.0,17850288.0,13163.9292035398,274069700.144903,0.00423208058333573,0.0115988505646388969314809728419,0.003,0.00822209100434709,146.8405,402.445318041276289715,0.0,0.0,0.0,0.0,0.0,196.76711543,40.92154656492117,0.0004389655552308597,2.74069700144903,-39.045860699300576,-37.05148947403261,100000000.0,41709.0,8134.0,508215.00218236,1392863.3325726062895323051108,62.9641015716265,172.565524376288905770833947295,0.007233075,0.01982366696375594266725,512150.00218361,1403647.9752767340938341163983,0.07441804372009625,0.07251633948659601,0.0679936934288236
2018-06-26,45129.0,1384.0,19488195.0,14081.0657514451,253828479.70873,0.0045230077955825,0.01148068192463440208980685225,0.003,0.0076148543912619,167.098,424.1423130236936554,0.0,0.0,0.0,0.0,0.0,197.15459226,38.17052593100314,0.00041637650621048,2.5382847970873,-38.17092163277601,-39.43488330134441,100000000.0,42962.0,6953.0,507216.184293589,1287459.1294290471161552633197,73.0625894282123,185.45365998146256803548603379,0.00125993,0.003198061164394201889,508004.18429436,1289459.297851108926133817628,0.07447999613962676,0.07327140106596895,0.06850577103021308
2018-06-27,38200.0,1398.0,21043262.0,15052.4048640916,278977137.433489,0.00438493528162605,0.0122329669269914534391564478845,0.003,0.00836931412300467,173.4505,483.887239764073837945,0.0,0.0,0.0,0.0,0.0,140.30303823,42.16434005810625,0.00045442013006329675,2.78977137433489,-24.939704950912336,-26.749613367373993,100000000.0,41193.0,4581.0,712742.940293753,1988389.85209079375370159694217,155.666697291823,434.27449604198234993086060447,0.008,0.02231817099467912,713109.14029384,1989411.4663683179005291640776,0.07452332240874429,0.07441996541125469,0.06580481171553072
2018-06-28,28967.0,1375.0,16605126.0,12076.4552727273,253088147.922268,0.00445626611331195,0.011278281372668850942486355026,0.003,0.00759264443766804,141.736,358.71701733910577248,0.0,0.0,0.0,0.0,0.0,227.05582272,38.32058626202815,0.00043199160607323446,2.53088147922268,-42.03836319872347,-40.86006837320805,100000000.0,36269.0,12301.0,440420.32837005,1114651.652144930602025392734,35.818756229031,90.65302674884656065392962308,0.001,0.00253088147922268,440606.52037331,1115122.8820375607048822186708,0.0739711229275412,0.07204834288256046,0.06559927959981851
2018-06-29,31728.0,1355.0,15855937.0,11701.7985239852,262614535.88532,0.00408598509397278,0.010730390790879972457532815896,0.003,0.0078784360765596,126.0935,331.1398598065559742,0.0,0.0,0.0,0.0,0.0,27.43844724,39.21400462371821,0.00042214785144627145,2.6261453588532,-35.57295542792579,-33.989593617046474,100000000.0,33233.0,5391.0,3644521.10328095,9571042.18062381081764940654,676.050844608004,1775.4077879160956148649810128,0.001,0.0026261453588532,3644590.10328175,9571223.3846556726047364891,0.07380415510481954,0.07192585993210449,0.06584455864048727
2018-06-30,33446.0,1364.0,16901334.0,12391.0073313783,289328464.570699,0.00400429992781143,0.0115855794979424188804557528957,0.003,0.00867985393712097,127.581,369.12814838394349119,0.0,0.0,0.0,0.0,0.0,195.80914422,43.248699308145774,0.000453810043834015,2.89328464570699,-18.572323753565385,-30.57782293940075,100000000.0,34462.0,4379.0,510701.3791341,1477604.458790075693928517359,116.625126544024,337.42968793345935392683952776,0.00387752,0.0112187690794217678648,510701.42913628,1477604.6034606153398056585972,0.0742195008472307,0.07394351103079384,0.06730660545160631
2018-07-01,60547.0,1334.0,12659395.0,9489.80134932534,286908538.20955,0.00543230100841006,0.01558573541437194695404608073,0.003,0.0086072561462865,136.291,391.0305158111777905,0.0,0.0,0.0,0.0,0.0,468.11647176,43.210217341279765,0.00045101459380479295,2.8690853820955,-25.415699048308664,-30.38492271026384,100000000.0,25271.0,2054.0,213622.04928326,612899.89889188574901187133,104.177942564255,298.8954121478886097352963525,0.09488999,0.272247483216188174045,213981.49402698,613931.17655176386428593659,0.07410062866082982,0.07394652947660582,0.06586759967653887
2018-07-02,52083.0,1407.0,19987900.0,14206.0412224591,312880058.477186,0.00419953169749981,0.0131394972309053674039212433466,0.003,0.00938640175431558,108.5075,339.49832945213259895,0.0,0.0,0.0,0.0,0.0,272.34219093,47.31142282818691,0.00047346046464056136,3.12880058477186,-11.761794467136896,-27.55018377479429,100000000.0,55587.0,10620.0,367185.11979116,1148849.0175221068725994447576,34.6666779466064,108.465122231439847178005215904,0.000556435,0.0017409741533875299191,368160.11979296,1151899.5980978912771520341056,0.07443614129149026,0.0753862712651584,0.06659612342660308
2018-07-03,47200.0,1393.0,14623625.0,10497.936109117,299804653.461373,0.00656302956302956,0.0196762680380082350312631718588,0.003,0.00899413960384119,177.379,531.79049626324881367,0.0,0.0,0.0,0.0,0.0,305.47989467,45.4560283123557,0.0004613580334446338,2.99804653461373,-27.879955396668656,-31.45299951329547,100000000.0,29408.0,1776.0,327353.78577892,981421.8830471764352093765716,184.490870371059,553.11221458382431073233604007,1.0,2.99804653461373,327655.785779,982327.29310086962539214567,0.07446264280093151,0.07547072493561821,0.06667950948836122
2018-07-04,277616.0,1358.0,23726964.0,17471.9911634757,300720391.57518,0.0107160360426358,0.03222530554875180057601059444,0.003,0.0090216117472554,292.5585,879.7830667864729803,0.0,0.0,0.0,0.0,0.0,228.70409358,45.657948321900086,0.00045706817753665696,3.0072039157518,-30.30904624049475,-26.475546923221238,100000000.0,32200.0,2427.0,437246.21817115,1314888.53943194812687332057,180.179329283589,541.8359845591418058063372102,0.02044113,0.061470646178391591534,437295.23217127,1315035.934525035650068410786,0.07438914898896881,0.07480870293864979,0.06649317710977581
2018-07-05,63165.0,1389.0,14832258.0,10678.3714902808,289867670.0188,0.00542128203048978,0.01571454390692861589585807864,0.003,0.008696030100564,133.7105,387.583510920487574,0.0,0.0,0.0,0.0,0.0,379.59737453,44.219514286044316,0.00044354159849771253,2.898676700188,-35.14524689385769,-32.71309910455945,100000000.0,30663.0,11761.0,263437.01698162,763618.74309165238144654456,22.5814998711666,65.4564675318489472139993208,0.00208115,0.0060325810145962562,265581.01998479,769833.51464207435915014052,0.07408053643129212,0.0740158627087536,0.06637118502163145
2018-07-06,27810.0,1384.0,14141137.0,10217.5845375723,298061348.279235,0.00470136891751984,0.014012963583140510768279725224,0.003,0.00894184044837705,122.607,365.44407728472165645,0.0,0.0,0.0,0.0,0.0,143.003919,45.487328405423334,0.0004517135651665689,2.98061348279235,-34.19262112642584,-30.560079551277408,100000000.0,31914.0,4112.0,699281.53505414,2084287.971650101008215627829,170.132912221561,507.10045203431210068415585835,0.00328048,0.009777842918030648328,699586.53505506,2085197.058765094839369796791,0.07412592247615458,0.07437900292463848,0.06653712638548044
2018-07-07,33027.0,1405.0,12742186.0,9069.17153024911,300420445.111116,0.00431118895528539,0.0129516930490496403775404139524,0.003,0.00901261335333348,104.611,314.27283183518955876,0.0,0.0,0.0,0.0,0.0,527.4431974,45.937049177995,0.00044586948953495527,3.00420445111116,-16.986518896523428,-33.8472126032868,100000000.0,28251.0,3838.0,189593.87568746,569578.7652436832721058780536,49.7269350411829,149.389879590837182584265791164,0.001,0.00300420445111116,190851.97668806,573358.3578696331962837047496,0.07401024996419424,0.07335811236282436,0.06658176522382521
2018-07-08,40053.0,1394.0,18793440.0,13481.6642754663,301019065.593808,0.00487340061988397,0.0146698650086175733318011045776,0.003,0.00903057196781424,122.644,369.18182280686988352,0.0,0.0,0.0,0.0,0.0,509.11168318,46.15262207690418,0.00044895251022523817,3.01019065593808,-23.1463382209563,-34.67687865394451,100000000.0,58505.0,13406.0,196420.55624171,591263.3230329555586192733168,14.6699803256288,44.159437699003285902729864704,0.000674905,0.0020315927246458898824,196665.75624538,592001.4217928389755425660704,0.07393684431857897,0.0732257850906906,0.06638806564503513
2018-07-09,34225.0,1392.0,16545147.0,11885.8814655172,295556547.679201,0.00494930867729192,0.0146280058605911258912558935592,0.003,0.00886669643037603,145.3315,429.536764090398001315,0.0,0.0,0.0,0.0,0.0,254.53825849,45.531403503459785,0.0004435106229086497,2.95556547679201,-25.72653183450731,-32.60337121135988,100000000.0,36877.0,5124.0,392868.24932729,1161147.8346394541307897469529,76.8676325778181,227.187321129731993445873313381,0.00100317,0.0029649346193534406717,393869.74932874,1164107.8334687468987460953674,0.07392169654711406,0.07292697323399869,0.06637054904268223
2018-07-10,38961.0,1381.0,15816540.0,11452.961622013,268465576.151725,0.00471528288023512,0.01265891135160686801232793582,0.003,0.00805396728455175,141.185,379.03312368981294125,0.0,0.0,0.0,0.0,0.0,198.59587565,41.56796268920313,0.00042552227229441896,2.68465576151725,-2.7702422186449693,-28.230189265856666,100000000.0,33122.0,9569.0,503535.12968509,1351818.4870354125301331028025,52.8502591373654,141.88475269080770801087165315,0.00378521,0.0101619858350527098725,505724.12968545,1357695.1984983402664572490125,0.073417566646335,0.06940966710190256,0.06654232157698992
2018-07-11,27776.0,1368.0,13013507.0,9512.79751461988,271776810.028935,0.00474277176233166,0.012889753802618088177476665821,0.003,0.00815330430086805,122.207,332.13028623206059545,0.0,0.0,0.0,0.0,0.0,334.24638716,42.28751026970901,0.0004261176088423901,2.71776810028935,-5.28794087335092,-28.63692178072129,100000000.0,28437.0,3732.0,299180.49631334,813103.209109130933062264929,80.2075556507288,217.98553614973353061881837828,0.093034055,0.25284498691956490381425,299334.59768852,813522.020910805858053173262,0.0732020121790184,0.06933550660640268,0.06613400371227691
2018-07-12,32453.0,1418.0,13935886.0,9827.84626234133,261110124.995243,0.00471841855160616,0.0123202685778975787132000949688,0.003,0.00783330374985729,124.118,324.08466494159570674,0.0,0.0,0.0,0.0,0.0,151.4729796,40.737436387709145,0.00042391677513838147,2.61110124995243,-14.82033933995016,-23.7452452501975,100000000.0,29714.0,9841.0,660183.752007259,1723806.62006443904289076468937,67.1129714470166,175.238763633326788979015420338,0.00121963,0.0031845774174794822009,660458.75201009,1724524.6729155679887793800187,0.0731615891109781,0.06722453760107328,0.06568037796303021
2018-07-13,42715.0,1381.0,18481181.0,13382.4627081825,268020043.235374,0.00484661360948637,0.0129898958915968892703315485238,0.003,0.00804060129706122,151.636,406.41487276039171864,0.0,0.0,0.0,0.0,0.0,267.12104226,42.00307775056228,0.0004316647866744596,2.68020043235374,-15.463086886363566,-16.591417654772762,100000000.0,39011.0,8484.0,374362.12120886,1003365.5191208497909839421364,44.1261340417999,118.266883536931176693503096626,0.00000001,0.0000000268020043235374,374366.12121063,1003376.2399273231607092082562,0.07306671789179113,0.06670857079434564,0.06587968829012467
2018-07-14,31152.0,1407.0,14404433.0,10237.6922530206,271447961.773274,0.00474772986287269,0.0128876159432689736506810648706,0.003,0.00814343885319822,129.143,350.55604127285924182,0.0,0.0,0.0,0.0,0.0,603.09747912,42.88778218729025,0.0004339617595990888,2.71447961773274,14.541625961819399,-22.425632450876854,100000000.0,28306.0,4581.0,165810.674828521,450089.69722453133863030747754,36.1966394915215,98.25504013015508168828296391,0.001,0.00271447961773274,165816.80551066,450106.3388362404522871010084,0.07306978222804714,0.06456679016369174,0.06557385288565662
2018-07-15,32109.0,1365.0,20038578.0,14680.2769230769,274395102.799652,0.00431052415210689,0.0118278671783775285573335880228,0.003,0.00823185308398956,104.8535,287.71286911403310982,0.0,0.0,0.0,0.0,0.0,449.46714214,43.62375434594513,0.00043228136311445367,2.74395102799652,28.90214715821627,-16.650646129917785,100000000.0,61347.0,11368.0,222485.67386601,610489.7935191366236132262852,19.5765898897942,53.717203952767075265621116184,0.00069885,0.001917610175915368002,222546.67386718,610657.1745350548340359822136,0.07084156148841352,0.06387917322249524,0.06562333193200982
2018-07-16,30490.0,1411.0,13518554.0,9580.83203401843,289447543.676222,0.00453521796674663,0.0131270770051108192093942963186,0.003,0.00868342631028666,109.6525,317.38646782956932855,0.0,0.0,0.0,0.0,0.0,302.21202977,46.40906754310383,0.00043131552555116453,2.89447543676222,59.33860596553133,-14.217661527942274,100000000.0,28904.0,3410.0,330893.51233272,957763.1436310347520361658384,97.1236106549296,281.121905370351158022706039712,0.01,0.0289447543676222,331191.51233331,958625.6973128976341038555482,0.070971134368816,0.06456832698896035,0.06570363055602811
2018-07-17,35520.0,1401.0,16913838.0,12072.6895074946,310336139.82658,0.00518359438075246,0.016086566705494697943943083868,0.003,0.0093100841947974,160.51,498.120538035643558,0.0,0.0,0.0,0.0,0.0,39.32656637,51.7564533636951,0.00042392202699806847,3.1033613982658,13.162961219924066,-8.207068979089991,100000000.0,33529.0,2482.0,2542810.35014528,7891259.483751604634970055424,1025.30772094737,3181.900402531950839851070946,1.6863062,5.23321756673628778796,2544813.76339138,7897476.799084325756258668804,0.07116615068085295,0.06599222297375235,0.06587445402193678
2018-07-18,36408.0,1350.0,19524506.0,14462.597037037,308374059.57502,0.0041466997336113,0.01278734630692370590087869726,0.003,0.0092512217872506,143.210422,441.6237920559175485844,0.0,0.0,0.0,0.0,0.0,114.49022724,51.7553076275066,0.0004180754564859254,3.0837405957502,9.763803934981409,-15.422461231669274,100000000.0,42228.0,4157.0,873436.99465413,2693453.118244991098796878326,210.430116587501,648.9118930893243767670382502,0.00861,0.026551006529409222,874757.99465424,2697526.739572316324462410848,0.07106465304637154,0.06431061377284399,0.06585163785314746
2018-07-19,40259.0,1410.0,19447911.0,13792.8446808511,288939255.594787,0.00490141290261403,0.0141621059544398205685474106161,0.003,0.00866817766784361,155.066,448.04654608061240942,0.0,0.0,0.0,0.0,0.0,127.40850026,48.67619401522879,0.0003869531651534246,2.88939255594787,2.412371960152384,-19.063291079999587,100000000.0,43044.0,13310.0,784876.988533931,2267817.72800472194740536217697,58.9739457954087,170.398879976127084963322544469,0.00113695,0.0032850948664849307965,784943.21853689,2268009.0924822520874085119243,0.07067488674065998,0.06517258275696089,0.06612537644145784
2018-07-20,31067.0,1390.0,19734656.0,14197.5942446043,286545344.857719,0.00446303517219722,0.0127886195252938170560550734118,0.003,0.00859636034573157,170.5415,488.678729300526848385,0.0,0.0,0.0,0.0,0.0,138.90284363,48.56337971627935,0.00039106770413150217,2.86545344857719,-15.369836516875864,-22.28185186054635,100000000.0,39706.0,4516.0,719927.66587017,2062919.2128938055963097634223,159.852230263893,458.04912447242725553908040067,0.01,0.0286545344857719,721892.67187174,2068549.8461174792280371696106,0.06983414759086815,0.06474832456980555,0.06592447305497198
2018-07-21,26670.0,1400.0,14386818.0,10276.2985714286,293843302.702465,0.00451239995490926,0.013259385058649911031018533259,0.003,0.00881529908107395,120.0885,352.872014565849681525,0.0,0.0,0.0,0.0,0.0,562.31524395,50.02665886414084,0.00039651939913151475,2.93843302702465,-11.20256530052195,-16.442810936699008,100000000.0,28064.0,2438.0,177836.18900012,522559.731158150377022092958,73.0004876949303,214.507044031689756004698131895,0.091992735,0.27031449077032646591775,177975.18900024,522968.173349259415335335916,0.06987243313989763,0.06459861125290979,0.0652129204531789
2018-07-22,39243.0,1363.0,13547026.0,9939.12399119589,274451480.817195,0.00461404052535741,0.0126633025473488955058624866495,0.003,0.00823354442451585,119.093,326.85250204962204135,0.0,0.0,0.0,0.0,0.0,25.5889935,46.227878893541394,0.00037090625536004876,2.74451480817195,-34.422809256244086,-4.238853809343259,100000000.0,27282.0,1634.0,3907930.18172962,10725372.253059041736961368159,2393.11761427769,6567.9467300822490028085687955,11.44668704,31.415602085789946156528,3910354.18172974,10732024.956954379885538348793,0.07002388784603353,0.05408497957829691,0.06349374953983658
2018-07-23,38653.0,1328.0,16001091.0,12049.0143072289,271014420.44685,0.00467683611852268,0.01267490030186319596607459558,0.003,0.0081304326134055,133.215,361.0318601982712275,0.0,0.0,0.0,0.0,0.0,167.02451831,46.06171354476311,0.000351229716149301,2.7101442044685,-24.28108756793673,-7.3816203477418405,100000000.0,30029.0,11224.0,598714.494198808,1622602.616584188865440973548,53.3423462402513,144.56545051576914141202293405,0.00060334,0.00163513840432402479,598714.49420058,1622602.61658899124097129173,0.06958810160571012,0.05395542465610297,0.06317975600606406
2018-07-24,35146.0,1386.0,17177306.0,12393.4386724387,268563899.780936,0.00400554196724357,0.0107574397145913536361075458152,0.003,0.00805691699342808,129.375,347.45454534158595,0.0,0.0,0.0,0.0,0.0,141.35210269,45.81072978493032,0.0003198096734821775,2.68563899780936,-24.50086216322879,0.18637474758328448,100000000.0,33830.0,2274.0,707453.21857002,1899963.9529173946240517713872,311.105637014151,835.51743120352702482032025336,33.983500005,91.2674128954825805490468,707454.21857018,1899966.6385568221356514208848,0.06958675414227958,0.051536468665298506,0.06273850243427011
2018-07-25,52327.0,1422.0,18840407.0,13249.2313642757,271827324.652366,0.00562876107630887,0.0153005106448041227787119228642,0.003,0.00815481973957098,173.4165,471.39343245577028439,0.0,0.0,0.0,0.0,0.0,270.68357041,46.70856280612478,0.00033138679797664844,2.71827324652366,-18.498801407433817,-0.8181770882923008,100000000.0,32349.0,1849.0,369435.05602069,1004225.4291090112108955345254,203.345560351915,552.7487965039728254999738089,7.66960418,20.8480798539200332048988,375985.94109069,1022032.5247358434845912907254,0.0695979389622155,0.051420208621453516,0.06279128548790947
2018-07-26,59947.0,1427.0,17946729.0,12576.5444989488,260582680.941172,0.0056657002373686,0.014763833572625443596526799992,0.003,0.00781748042823516,167.0815,435.38545205672429518,0.0,0.0,0.0,0.0,0.0,109.94922638,45.24461211545255,0.0003292708620335499,2.60582680941172,-11.578730575069633,2.660931208425652,100000000.0,30959.0,9507.0,909510.71958287,2370027.4165363876966284892364,95.6675625945935,249.29309940006558962858753582,0.00156855,0.004087369641902753406,909511.5175868,2370029.495996422506542037296,0.0696230602287013,0.05001883372161679,0.06282720697508118
2018-07-27,62994.0,1407.0,17702780.0,12581.9331911869,266374991.346194,0.00540994879537846,0.0144107506355228993736111058124,0.003,0.00799124974038582,164.8195,439.03792886184021983,0.0,0.0,0.0,0.0,0.0,193.19132274,47.75590573253982,0.0003258898171435839,2.66374991346194,-15.094133224997993,-4.517268405300595,100000000.0,32335.0,2826.0,517621.59180867,1378814.4703863763432658070198,183.269494624674,488.18410044668884550028390756,1.996,5.31684482727003224,517919.59180933,1379608.2678623460763286919002,0.0696100236012036,0.04700144640328987,0.06187021854575097
2018-07-28,53898.0,1469.0,15797665.0,10754.0265486726,267294834.930812,0.00564719839386749,0.0150946696251035738893924610188,0.003,0.00801884504792436,154.705,413.5184743797127046,0.0,0.0,0.0,0.0,0.0,501.72150778,54.060609932797405,0.0003263529723731949,2.67294834930812,-11.85446574711088,5.613335561216147,100000000.0,28900.0,2227.0,199313.75962546,532755.3847852687209813367352,89.6860168951549,239.726090815924451579995227788,1.996,5.33520490521900752,199730.75962551,533870.0042470638544388021412,0.06950030292104663,0.04337623114924956,0.059760211085940144
2018-07-29,40080.0,1459.0,15061783.0,10323.3605209047,266301219.139195,0.00514732931135962,0.013707400709259798568714823059,0.003,0.00798903657417585,139.925,372.62198088051860375,0.0,0.0,0.0,0.0,0.0,240.35741909,55.42604191775877,0.00032358927554853385,2.66301219139195,-10.006160221304537,1.403838230601561,100000000.0,28699.0,9088.0,416047.07014145,1107938.4199795830935588913275,45.8867814857835,122.197058520379877690001342825,0.0004362,0.00116160591788516859,417019.0701428,1110526.86783321113541727046,0.06872961125170893,0.04287309987010045,0.0591469226647681
2018-07-30,42126.0,1461.0,15594486.0,10673.8439425051,254982994.158645,0.00455201309647303,0.0116068592878805814734178384435,0.003,0.00764948982475935,140.4205,358.048395312540102225,0.0,0.0,0.0,0.0,0.0,167.37170072,54.012581189149046,0.0003120264336528398,2.54982994158645,-14.127921146429173,-11.870754045238954,100000000.0,32331.0,3040.0,597472.56897135,1523453.4456397235892635982075,196.554463477589,501.18045612761677979868106905,0.03057812,0.077969005933423458474,597525.56897187,1523588.5866279535826832231615,0.06877951209001994,0.03951456714033786,0.058915493728533094
2018-07-31,25204.0,1460.0,16090613.0,11020.9678082192,234340784.157519,0.00364576554660179,0.0085435155704512934753852735901,0.003,0.00703022352472557,119.891,280.95350953429110429,0.0,0.0,0.0,0.0,0.0,134.70889071,50.97562537268746,0.0003033485417884279,2.34340784157519,-19.876615548464972,-18.322129546955818,100000000.0,34359.0,3727.0,742341.50002902,1739608.8922946946029475120138,199.181620614172,466.76377164490517688371759268,50.199,117.63673023923296281,742349.90002902,1739628.5769205638345435120138,0.06823602679298364,0.04214254267378823,0.05973160614150419
2018-08-01,31588.0,1470.0,17991393.0,12239.0428571429,224287631.554907,0.00368083715718707,0.0082556624812478485851437545249,0.003,0.00672862894664721,137.9725,309.455252447094060575,0.0,0.0,0.0,0.0,0.0,91.39119237,50.08216161447908,0.0002952435797779072,2.24287631554907,-27.705357271761947,-28.315140106233017,100000000.0,38997.0,4736.0,1094197.34445963,2454149.3084251915365858990441,231.543087911712,519.32250790627501918096370784,57.0,127.84394998629699,1096588.06434987,2459511.3974441229048216331209,0.06816801852439505,0.03876922557377165,0.05943234545285331
2018-08-02,45517.0,1466.0,30183223.0,20588.8287858117,188928795.603072,0.00369946521357716,0.0069893550717659436360460503552,0.003,0.00566786386809216,219.2895,414.30101123399857344,0.0,0.0,0.0,0.0,0.0,40.54954684,42.981155640311286,0.0002504791776307176,1.88928795603072,-42.001858254822686,-36.98270076137638,100000000.0,60966.0,11982.0,2466118.80508278,4659208.5565837670066898230016,206.527117358996,390.18919542009418409744435712,0.004308325,0.008139666533166051744,2474607.92019549,4675246.9395235683778268454528,0.0690991918085639,0.048346863139036834,0.06285335969451915
2018-08-03,56651.0,1446.0,52664176.0,36420.59197787,184011971.619009,0.00309695954820068,0.0056987763248872246331243472612,0.003,0.00552035914857027,330.1235,607.466761127679176115,0.0,0.0,0.0,0.0,0.0,99.63562706,42.627376073014275,0.00024828420514319153,1.84011971619009,-54.1943685589397,-38.809612924767,100000000.0,108517.0,5604.0,1003657.05472545,1846849.1346935766815049607905,179.098867724126,329.56335764648520523389511134,24.0,44.16287318856216,1003670.054726,1846873.05625089921851886534,0.06847548916257609,0.04825818060906344,0.062489675611289285
2018-08-04,52985.0,1442.0,35049607.0,24306.246185853,181335773.912267,0.00366949841985043,0.0066541133583341858341408222481,0.003,0.00544007321736801,234.547,425.31761763800488049,0.0,0.0,0.0,0.0,0.0,172.75518471,42.41199864474397,0.0002589693950905898,1.81335773912267,-55.970505873024344,-37.44187687419364,100000000.0,65409.0,3373.0,578853.82814751,1049669.0690920712911787450517,173.182279320362,314.04142648448236318574680654,24.99,45.3158099006755233,584143.82814758,1059261.7315321571505204836386,0.06552712198101979,0.04810473083797671,0.06190047755209298
2018-08-05,26020.0,1450.0,32619550.0,22496.2413793103,186034182.876088,0.00344421081686665,0.006407409449687708019573696652,0.003,0.00558102548628264,212.1255,394.62594059681605044,0.0,0.0,0.0,0.0,0.0,215.62195491,44.24152319735639,0.0002645692402104036,1.86034182876088,-58.65924019860006,-37.58527096851074,100000000.0,63088.0,10360.0,463774.66544875,862779.4092538928827616449,44.7658943484585,83.27986575832762856399310348,0.000840285,0.0015632173335803360508,463774.66545003,862779.4092562741203024588264,0.06470700299330528,0.04803493072905324,0.062101302822726294
2018-08-06,57522.0,1473.0,39263604.0,26655.5356415479,182563875.45139,0.00360516886643246,0.006581735999126044980014481194,0.003,0.0054769162635417,257.5785,470.24529192955859115,0.0,0.0,0.0,0.0,0.0,184.83538535,43.86304470283706,0.00026344028186792986,1.8256387545139,-64.67324115925992,-39.23054225425124,100000000.0,72946.0,3663.0,541021.94668985,987710.632919543356850813915,147.71306215949,269.670690826285615519221911,6.848,12.5019741909111872,541072.94669021,987803.740496680795702438919,0.06471451074098437,0.04782959993961492,0.061413228186973846
2018-08-07,29508.0,1468.0,40077376.0,27300.6648501362,175060725.126968,0.00348475949095493,0.0061004452337965393117181555224,0.003,0.00525182175380904,259.862,454.91630152944158416,0.0,0.0,0.0,0.0,0.0,153.82366028,42.65539351527049,0.0002604071144386346,1.75060725126968,-69.813193105277,-41.843974307197826,100000000.0,76047.0,2686.0,650095.04921447,1138061.1071693706689941282696,242.04432212006,423.7245454320312413443977808,18.483668235,32.3576436422540476346148,650131.04921448,1138124.1290304338835466409664,0.06255765700628214,0.04791360011483334,0.06138227487509758
2018-08-08,25609.0,1462.0,34252731.0,23428.6805745554,167174779.773854,0.00318425667241277,0.0053232740795402998450114171558,0.003,0.00501524339321562,214.275,358.2137593604256585,0.0,0.0,0.0,0.0,0.0,205.91271406,41.45087308593358,0.000266737533733152,1.67174779773854,-68.35263636233522,-43.437294458011266,100000000.0,68808.0,3436.0,485642.66881606,811872.0620811154398472329524,141.34536345064,236.2938000691609429629156656,1.0005,1.67258367163740927,485662.6688164,811905.497037638604898464056,0.06259428323770039,0.048186168527243826,0.06135187553678213
2018-08-09,31890.0,1453.0,29083850.0,20016.4143152099,177935404.97662,0.00317647107962709,0.005652066679499676142797686358,0.003,0.0053380621492986,190.1245,338.2987990347738919,0.0,0.0,0.0,0.0,0.0,142.39674316,44.8985810554889,0.00027132170730956724,1.7793540497662,-67.77673586534091,-33.72133309335023,100000000.0,61356.0,10792.0,702263.252497209,1249574.9623328922994126025358,65.0744303650723,115.79045120631997372846109626,0.00334965,0.00596021329279935183,702283.25249986,1249610.549418604690998532732,0.06266613832758623,0.04812642553161004,0.05923057195175105
2018-08-10,27856.0,1473.0,26644593.0,18088.6578411405,175176627.161196,0.00315013486236893,0.0055183000029268752627353204028,0.003,0.00525529881483588,176.354,308.93098906385559384,0.0,0.0,0.0,0.0,0.0,85.59638307,44.82743595589996,0.00028550148571726016,1.75176627161196,-69.4556088936461,-35.54393874056229,100000000.0,57872.0,4018.0,1168273.66318307,2046542.3991766532751534815172,290.759995814642,509.34355380212451057871031832,9.00166681,15.7688163060468255310476,1168273.66318323,2046542.3991769335577569394308,0.06264399918139053,0.047876212106923104,0.059097662732748135
2018-08-11,41808.0,1450.0,29064901.0,20044.7593103448,182726956.308308,0.00333346951448695,0.006091147383287335942966425806,0.003,0.00548180868924924,203.985,372.7355818255020738,0.0,0.0,0.0,0.0,0.0,94.99548625,47.29842448710989,0.0002894111680465842,1.82726956308308,-66.30315365590738,-30.019199251029814,100000000.0,62697.0,4590.0,1052681.59514774,1923533.0384312105771624942392,229.353288703237,419.09028364043138090089592996,4.265152555,7.7935834456575323392694,1052731.59514786,1923624.4019095840035100642088,0.06262322151354191,0.048718683007622714,0.05822365843692316
2018-08-12,27336.0,1454.0,16269373.0,11189.3899587345,205924893.585325,0.00370963953252327,0.0076390712597476915413429301275,0.003,0.00617774680755975,127.9195,263.418094249879813375,0.0,0.0,0.0,0.0,0.0,68.59303289,53.64269494723148,0.0003261044320312789,2.05924893585325,-60.4212880955139,-23.168099258724954,100000000.0,36150.0,10764.0,1457874.01113159,3002125.5060308358523546791675,135.480433148276,278.987937789524729669826497,0.0012329,0.002538848013013471925,1458311.38240804,3003026.16236643829247706013,0.0633071132940163,0.05393675699324448,0.06015931304116153
2018-08-13,28802.0,1475.0,10889761.0,7382.88881355932,198348498.894337,0.00477198559487818,0.0094651617948948677694020686666,0.003,0.00595045496683011,107.3315,212.890419090775317155,0.0,0.0,0.0,0.0,0.0,58.54371148,52.02029761433672,0.00031655491404635025,1.98348498894337,-57.829475947509835,-26.929457271074693,100000000.0,23995.0,2898.0,1708125.38991711,3388041.0701336284984307840607,589.612872918023,1169.48828272067347106339935751,1.0895,2.161006895453801615,1708698.10571643,3389177.0433245104219425485691,0.062414776317511765,0.054025479149397926,0.059031833550931806
2018-08-14,16540.0,1425.0,11498445.0,8069.08421052632,184033534.501967,0.00407094391135022,0.0074919019676504320062621588274,0.003,0.00552100603505901,101.395,186.60080230826943965,0.0,0.0,0.0,0.0,0.0,38.11275179,50.52711757830228,0.00029755637860677585,1.84033534501967,-62.21254919577236,-32.93118841252133,100000000.0,26404.0,3103.0,2623793.75144748,4828660.3788305523782715719316,845.659503423506,1556.29707400206071805191036302,1.796,3.30524227965532732,2624081.43912314,4829189.8206283960312908521638,0.06066718781724697,0.05511769418063553,0.059264404108040895
2018-08-15,37641.0,1477.0,16239278.0,10994.7718348003,194515536.960835,0.00255479930954618,0.004969481595235457140402838603,0.001,0.00194515536960835,116.9255,227.438264169141127925,0.0,0.0,0.0,0.0,0.0,171.99186964,54.5832931330979,0.0003102214887479392,1.94515536960835,-57.85291730119052,-32.79765497736564,100000000.0,47280.0,2249.0,581422.83242999,1130957.7445140909452250944165,259.178935662592,504.1432983934679067667858432,79.6970831,155.023209134087884403885,582893.42630517,1133818.2780869104738504801695,0.06084875521472099,0.05520185044936011,0.059697855336887665
2018-08-16,27739.0,1477.0,22083697.0,14951.7244414353,194530034.474086,0.00347103065912705,0.006752197137805944878826066263,0.003,0.00583590103422258,157.1405,305.68546882275111083,0.0,0.0,0.0,0.0,0.0,59.25865038,55.664063263361264,0.0003092318410286392,1.94530034474086,-59.70194722249305,-37.31634524332487,100000000.0,46760.0,11026.0,1687517.33899816,3282728.0613092993591372168176,153.099038527173,297.82361242640384393075338878,0.00197409,0.0038401979575494843174,1688069.99880061,3283803.1506135297597212599246,0.060839495731926437,0.05301547897538273,0.0596923884025759
2018-08-17,23207.0,1461.0,23569734.0,16132.6036960986,214570202.305496,0.00337603240052745,0.007243959551710842472764338652,0.003,0.00643710606916488,161.2967,346.094655502088966632,0.0,0.0,0.0,0.0,0.0,284.46486594,64.4249072258996,0.0003269353081987113,2.14570202305496,-51.213355092626976,-30.418854750233542,100000000.0,49315.0,3346.0,351537.26162235,754294.213442277144912814356,105.068219253649,225.44509061133675876210754904,0.02040934,0.0437923621272165173264,351558.26162271,754339.2731855337518011141416,0.06127607428693495,0.05692389427409859,0.060302099268225676
2018-08-18,33726.0,1481.0,24772173.0,16726.6529372046,210258553.91413,0.00349300092663788,0.007344333236555967408551252444,0.003,0.0063077566174239,177.1685,372.51192609135540905,0.0,0.0,0.0,0.0,0.0,36.67037422,63.12949102931699,0.0003285655718103224,2.1025855391413,-43.12003112850972,-27.23087990196807,100000000.0,52217.0,2961.0,2726996.98667042,5733744.429455125525272910346,920.971774289233,1936.4219345778466209086556229,0.001,0.0021025855391413,2726997.42367042,5733745.348285006130021010346,0.06100149309534717,0.05606653598069155,0.06029944132243163
2018-08-19,26516.0,1437.0,23862264.0,16605.611691023,217694231.695376,0.00312813341403853,0.0068097660020975129364088683728,0.003,0.00653082695086128,149.872,326.26269892649391872,0.0,0.0,0.0,0.0,0.0,287.70664317,66.98424290400601,0.00033539324079485597,2.17694231695376,-51.09675601617655,-24.027999197310386,100000000.0,49823.0,10256.0,347576.26343742,756653.4762455875528807936992,33.8900414819374,73.776665425347841686831014624,0.00030212,0.0006576978127980699712,347576.26543875,756653.4806023675200698622,0.06108106980461055,0.05667505203486801,0.06032909899703042
2018-08-20,35426.0,1493.0,22977884.0,15390.4112525117,206720634.837886,0.00327507461725108,0.0067702550401958976553475841688,0.003,0.00620161904513658,152.5235,315.29754747696305321,0.0,0.0,0.0,0.0,0.0,171.60424653,67.01326919960405,0.0003295427907313185,2.06720634837886,-56.39280318584048,-29.649363134471784,100000000.0,48035.0,2843.0,582736.16198212,1204635.8934793701488263059832,204.982893707619,423.74193918145907187548053434,0.02106625,0.043548285736536159475,582766.36681076,1204698.3330928864524344045336,0.06076966317128117,0.05680797465948227,0.060379725409492574
2018-08-21,29862.0,1469.0,9430750.0,6419.84343090538,216289396.632605,0.00371068138240658,0.008025810372965598105429945409,0.001,0.00216289396632605,79.3455,171.615903205123600275,0.0,0.0,0.0,0.0,0.0,46.86868674,73.63540118524595,0.00033413696257299355,2.16289396632605,-55.13992063729549,-21.192118917124834,100000000.0,22905.0,1921.0,2133620.69544586,4614795.328608241301430882653,1111.24513037278,2403.505387592490667403524919,0.12495793,0.2702707528415929130765,2134701.89544611,4617133.8495651737501824641655,0.060558493043136215,0.05669202380230483,0.05502983525951139
2018-08-22,13820.0,1475.0,7250450.0,4915.5593220339,205371029.772793,0.00410328167730173,0.0084269518351528959082720583189,0.003,0.00616113089318379,67.5195,138.665492447440969635,0.0,0.0,0.0,0.0,0.0,29.12602419,70.32885179298422,0.0003226562648037125,2.05371029772793,-55.89831799968496,-24.221364518472424,100000000.0,18010.0,1005.0,3433355.65952295,7051117.8737247511080526909935,3416.27428808254,7016.0376852982653264383033422,3.57206349,7.3359835735509687062757,3433355.65952295,7051117.8737247511080526909935,0.060592357142735816,0.057252122339549585,0.055257786688643507
2018-08-23,42640.0,1468.0,9023681.0,6146.92166212534,221650533.439281,0.00647476722532588,0.0143513560938865462220241789228,0.003,0.00664951600317843,104.3085,231.200346672512421885,0.0,0.0,0.0,0.0,0.0,495.85332926,77.05780242004046,0.0003401421435863108,2.21650533439281,-50.18686338709514,-17.468232469040554,100000000.0,17654.0,9039.0,201672.53923387,447008.2590124161185990364747,22.4487825243257,49.757846215792005066664178217,0.00097694,0.0021653927213817118014,202914.54523738,449761.1719445439286996152378,0.06087109926920775,0.05934370980600265,0.05520057593642953
2018-08-24,34301.0,1451.0,8331829.0,5742.1288766368,233402740.025547,0.00471755185417976,0.0110108952897815573376113032872,0.001,0.00233402740025547,90.0675,210.220012872509544225,0.0,0.0,0.0,0.0,0.0,13.8694285,77.24407407407628,0.0003484802680246245,2.33402740025547,-49.58151956237768,-14.135659347697796,100000000.0,20613.0,6056.0,7210102.42296001,16828576.6138370173102675937547,1190.5718910189,2778.827415612081918858598383,22.331882225,52.12322501242809095202075,7210103.37201048,16828578.8289468185155995173256,0.06102118164140717,0.06020260616721666,0.055560297333227836
2018-08-25,71407.0,1455.0,8884249.0,6106.01305841924,233323010.130086,0.00875993171942893,0.0204389363731117790633293178798,0.003,0.00699969030390258,112.898,263.41701197666449228,0.0,0.0,0.0,0.0,0.0,604.34811896,78.06469087642985,0.00034589744601138685,2.33323010130086,-57.26933789483593,-10.461044729691766,100000000.0,14397.0,1490.0,165467.54571202,386073.8584436611073169383372,111.052044102121,259.10997211005935313278512406,0.2,0.466646020260172,165467.54571216,386073.8584439877595311204576,0.060962458826395616,0.05979528540408348,0.054703383282809055
2018-08-26,36843.0,1446.0,8623035.0,5963.37136929461,221443164.195107,0.00515423920147347,0.0114137103779274680674096431129,0.003,0.00664329492585321,86.751,192.10415937089727357,0.0,0.0,0.0,0.0,0.0,33.03263413,74.07947319284366,0.00033101268973697277,2.21443164195107,-57.127640622697406,-16.86788497824535,100000000.0,18426.0,9194.0,3027309.28464453,6703769.4698891057109206031471,329.304577434226,729.22247610967635520523532182,0.000259725,0.00057514325820574165575,3027626.28493027,6704471.4453523558974817018889,0.061054456084825785,0.060231083961122596,0.053613562984595006
2018-08-27,14891.0,1480.0,6644116.0,4489.26756756757,224401932.766302,0.00484269302355433,0.0108670967427947850830129018766,0.001,0.00224401932766302,75.454,169.32023434948551108,0.0,0.0,0.0,0.0,0.0,57.18392,77.15473205719593,0.0003281133459964931,2.24401932766302,-54.944462918525474,-16.047037413054625,100000000.0,17227.0,2916.0,1748743.35299167,3924213.8832355425679066270434,599.706225991852,1345.75236204556285448072171304,0.003177205,0.0071297094279475854591,1748743.35499224,3924213.8877248603142494349648,0.06097812918554933,0.06031177571621262,0.05222657213149585
2018-08-28,40130.0,1463.0,10061492.0,6877.3014354067,227726710.257055,0.00355493700179995,0.0080955410859098102266218614725,0.001,0.00227726710257055,82.9509,188.901355698619435995,0.0,0.0,0.0,0.0,0.0,102.06166428,79.74087421195766,0.0003210595674138821,2.27726710257055,-58.16389654530878,-14.485291883691001,100000000.0,24839.0,2349.0,979799.81718521,2231265.8907805177596564415655,417.113589924342,949.8790563698068643282173281,5.0,11.38633551285275,979799.82273228,2231265.903412677786312462354,0.06081207313595739,0.06042774104057244,0.05202393304261905
2018-08-29,510494.0,1460.0,25613434.0,17543.4479452055,217592719.44136,0.0140901968998743,0.03065924260907868998950221048,0.003,0.0065277815832408,336.333,731.8361210787093288,0.0,0.0,0.0,0.0,0.0,194.39739158,77.86612741420609,0.00030936936773206446,2.1759271944136,-61.701969333066565,-14.663830754933235,100000000.0,25366.0,1721.0,514410.19444533,1119319.131177181349726608488,298.903076958425,650.39133364773807753945458,3.0,6.5277815832408,514412.19544545,1119323.48520775848260353812,0.06087581768313259,0.06047450484995266,0.05064929651400651
2018-08-30,814783.0,1480.0,47618707.0,32174.802027027,207202398.157728,0.019902875449289,0.04123923523327248933887455392,0.003,0.00621607194473184,636.7925,1319.4493312885500744,0.0,0.0,0.0,0.0,0.0,306.21970929,74.73813440113125,0.00029740702805377016,2.07202398157728,-65.70237189748721,-11.58073533693953,100000000.0,33497.0,9346.0,326562.912078281,676646.18531991101914121105568,34.9414628805671,72.399549039927377771318875488,0.001,0.00207202398157728,326562.91208178,676646.1853271610310527499584,0.060885462819784485,0.05920689783747906,0.05096806827633419
2018-08-31,814655.0,1459.0,48716568.0,33390.3824537354,213855396.167831,0.0201656880189798,0.043125412002958082309141988138,0.003,0.00641566188503493,679.987,1454.18889273974898197,0.0,0.0,0.0,0.0,0.0,331.1593026,78.25339097126452,0.0003044143923338694,2.13855396167831,-63.470622005871554,-4.6512753800791415,100000000.0,35667.0,3817.0,301969.47273853,645778.0122308937618706022843,79.5219988837176,170.062085753352418948228085256,0.02168827,0.0463815357304488404237,303535.46973915,649126.9813205460137519128365,0.060952015320598484,0.05906274570424978,0.049763610183813874
2018-09-01,816889.0,1443.0,57685446.0,39976.0540540541,222220395.464337,0.02035117764576,0.0452244674460576204969926112,0.003,0.00666661186393011,774.1995,1720.429190582919732315,0.0,0.0,0.0,0.0,0.0,468.47957418,82.5719613352117,0.00030896760691534724,2.22220395464337,-62.391857635608886,17.621241777885803,100000000.0,39132.0,9620.0,213456.478173393,474343.82994116011655833785441,22.202233074158,49.33789013930773351365303246,0.002,0.00444440790928674,213585.4821734,474630.503140140485289500358,0.06104075978651599,0.04996588944400565,0.04986033458059428
2018-09-02,804524.0,1467.0,38690240.0,26373.715064758,215362056.413312,0.0134350623294634,0.028934026513142596822655767808,0.001,0.00215362056413312,502.2295,1081.61177911429479104,0.0,0.0,0.0,0.0,0.0,206.27871304,80.6149630402751,0.00029555629896782526,2.15362056413312,-62.02335487061325,17.036981082520196,100000000.0,37661.0,32599.0,484780.996178399,1044034.32247073954520830447488,14.8715375764925,32.0276491450126700739526816,0.00144452,0.0031109479773015745024,484797.25345608,1044069.3344782701692091933696,0.060707089350188884,0.05008323630234104,0.049963969254468686
2018-09-03,878173.0,1433.0,43497059.0,30353.8443824145,222654643.350811,0.0119724390615147,0.026657191492808738873611334217,0.001,0.00222654643350811,550.6005,1225.937579562782120055,0.0,0.0,0.0,0.0,0.0,327.93101312,84.66162741959936,0.0003067937405021118,2.22654643350811,-57.351294376255666,22.785834558234885,100000000.0,46040.0,70666.0,304942.186005992,678967.93667780817835804059512,4.31650566054609,9.6109002837064652127770437899,0.001,0.00222654643350811,305030.18900815,679163.8794484010797658810965,0.06076721307803278,0.05019148361772963,0.05004121806146506
2018-09-04,575118.0,1480.0,31337626.0,21174.0716216216,230682925.232259,0.0101643666768324,0.023447458381449934067644163916,0.001,0.00230682925232259,399.9475,922.610592393289064025,0.0,0.0,0.0,0.0,0.0,122.75529652,89.96104554716402,0.00031347850925632234,2.30682925232259,-47.269503203513054,24.000289444607198,100000000.0,39533.0,9960.0,814628.800815837,1879209.54750644536131910485783,81.7967671501948,188.691175207488861253270940532,0.001,0.00230682925232259,814695.80081594,1879364.1050665885782620940846,0.060720383247773804,0.05035010097771132,0.05013311706177542
2018-09-05,904913.0,1504.0,60193378.0,40022.1928191489,202192525.737642,0.00947407032633443,0.0191558620829760457979373161406,0.001,0.00202192525737642,749.02,1514.4624562800861084,0.0,0.0,0.0,0.0,0.0,186.55843832,80.53101282086178,0.00029774051345200943,2.02192525737642,-55.08575534595222,10.751661706194668,100000000.0,79072.0,45190.0,536025.070215763,1083802.62805622020615670850846,11.8671403013001,23.994470708028291078841083642,0.001,0.00202192525737642,536276.07021575,1084310.131295795402548362615,0.061441902693370146,0.05624350643610424,0.05273585266738587
2018-09-06,492389.0,1449.0,26306102.0,18154.6597653554,196566660.13874,0.0132093584643312,0.02596519475908979511133310688,0.003,0.0058969998041622,342.0035,672.2648575075956559,0.0,0.0,0.0,0.0,0.0,92.397839,84.06312191026785,0.0003029660288367326,1.9656666013874,-62.012831450500485,12.28484287162308,100000000.0,27243.0,13263.0,1082276.39389748,2127394.560954270529061363752,81.6602873331923,160.51689947055465813325099702,0.00162646,0.003197078100492550604,1083060.39090013,2128935.637677967462992840362,0.06131175599017787,0.055916125262850905,0.05279662569516083
2018-09-07,667399.0,1445.0,38750955.0,26817.2698961938,185595958.633712,0.00664001648464867,0.0123236022481202032859553796304,0.001,0.00185595958633712,451.136,837.29018394178296832,0.0,0.0,0.0,0.0,0.0,182.7137528,80.72916033516732,0.00028960210610190837,1.85595958633712,-67.14987372736665,11.019113579678285,100000000.0,69897.0,27461.0,547304.176438696,1015774.43290374036650086919552,19.9556197676286,37.036823809028831193822553632,0.001,0.00185595958633712,548001.27443885,1017068.218619742617954925112,0.06125055459340926,0.05630233938163033,0.05317753066185632
2018-09-08,593063.0,1471.0,32416142.0,22036.8062542488,193853705.323911,0.0100646862074248,0.019510767142317585630171743928,0.001,0.00193853705323911,394.1935,764.158705896011107785,0.0,0.0,0.0,0.0,0.0,112.48529956,85.48624118158702,0.00031328420904145205,1.93853705323911,-56.47741132773937,8.946111848500642,100000000.0,40698.0,6534.0,889005.055695407,1723369.24098244515028289976777,136.225628358658,264.07842817403901635171271438,0.002,0.00387707410647822,890098.25569547,1725488.4496891682731692538317,0.06130360628320821,0.05572463595956902,0.0522926610807327
2018-09-09,842768.0,1465.0,45556260.0,31096.4232081911,186021710.779499,0.00859187861314191,0.0159827595842644735793160570309,0.001,0.00186021710779499,584.0845,1086.523979297882836655,0.0,0.0,0.0,0.0,0.0,99.50080301,82.33847423175014,0.0002976706334515313,1.86021710779499,-56.688433551319214,6.190942133121137,100000000.0,69539.0,31964.0,1005017.01466267,1869549.8443005470447823660233,31.4544273139601,58.512063805322593105755839899,0.001,0.00186021710779499,1005409.31466342,1870279.6074733301821902122658,0.06136018052948514,0.05621168891448102,0.05244188777486655
2018-09-10,782234.0,1449.0,41952093.0,28952.4451345756,232107806.283745,0.011955836611472,0.0277504300817564920975412264,0.003,0.00696323418851235,522.757,1213.35980489471684965,0.0,0.0,0.0,0.0,0.0,32.57020952,100.21277020857183,0.0003686949621965058,2.32107806283745,-48.518922297923886,27.02439255438515,100000000.0,44991.0,12449.0,3070290.35068545,7126383.5795174993117794301025,250.655663160546,581.7913610879164896556512477,0.00131,0.0030406122623170595,3120412.35068564,7242720.654183478985511369218,0.06314903767527101,0.06874637057368624,0.05991675620864046
2018-09-11,838764.0,1489.0,47162672.0,31674.0577568838,221238795.434375,0.0129337624405019,0.028614500227710026113035128125,0.003,0.00663716386303125,597.7985,1322.562200524762234375,0.0,0.0,0.0,0.0,0.0,24.19216055,93.54737041152546,0.0003523794711749482,2.21238795434375,-50.411668172532885,7.4366442941511846,100000000.0,47697.0,12355.0,4133570.45194519,9145061.4763147890670974190625,334.906714038452,740.943579967518080557925875,0.001,0.00221238795434375,4137772.45194507,9154357.9304986760180428978125,0.0631129925636995,0.06612608467285688,0.06009127410949009
2018-09-12,805919.0,1467.0,45774401.0,31202.7273346967,222641149.349461,0.0120348072436396,0.026794433169231392600699382556,0.003,0.00667923448048383,541.6265,1205.883464781258383165,0.0,0.0,0.0,0.0,0.0,137.77371873,94.5775627364867,0.00035186071887784946,2.22641149349461,-48.5587093685715,12.247458685364208,100000000.0,46556.0,6436.0,725827.835092981,1615991.43434932332754597233241,112.780505763359,251.09581427367758184060199499,0.002,0.00445282298698922,725855.33509298,1616052.6606653922029094788378,0.06308758854119323,0.06569742696333747,0.060068264614066155
2018-09-13,804432.0,1476.0,46531900.0,31525.6775067751,247796146.549536,0.0128465862206646,0.031833345617970550439907416256,0.003,0.00743388439648608,579.1498,1435.110887149344644928,0.0,0.0,0.0,0.0,0.0,31.09836751,102.32121959547419,0.0003817585794840229,2.47796146549536,-36.96680717745213,34.647278943005624,100000000.0,46638.0,15567.0,3215602.87550563,7968140.0138390245709584188768,206.580270797728,511.89795056836639649388254208,0.002,0.00495592293099072,3215835.07550823,7968715.3964977552933607068128,0.063285120710727,0.06656883706597855,0.06171382131859982
2018-09-14,108159.0,1441.0,15127652.0,10498.0235947259,228564857.899483,0.00645228763242656,0.0147476620583216828587985946848,0.003,0.00685694573698449,166.269,380.03250358089138927,0.0,0.0,0.0,0.0,0.0,69.80937574,94.3315929798704,0.0003519254422935544,2.28564857899483,-28.88505008116941,17.504679302560657,100000000.0,28786.0,6049.0,1432472.34261374,3274128.3743444900948641469642,237.395187901342,542.60197388691300137156806186,0.00548799,0.0125436165450378370917,1436003.49161522,3282199.3400419418697207293126,0.06344008961737048,0.067988708907622,0.06211324925678538
2018-09-15,800222.0,1455.0,63201540.0,43437.4845360825,230795521.891221,0.0249324466684224,0.057542970408635821083484797504,0.003,0.00692386565673663,852.0165,1966.415927774314971465,0.0,0.0,0.0,0.0,0.0,311.30485117,95.48834728093954,0.0003537548456852294,2.30795521891221,-43.260939449151444,18.642616043933323,100000000.0,38167.0,5214.0,321228.53089386,741381.0643399862693281680306,61.747896028809,142.51137889653825811180185789,0.002,0.00461591043782442,321953.52989421,743054.3295665501869925773041,0.063007599317857,0.06798555979747406,0.06138680217366991
2018-09-16,794035.0,1495.0,37008582.0,24754.9043478261,224147611.323807,0.0172802668866808,0.038733305456873804193442498056,0.003,0.00672442833971421,481.722,1079.76835622126955654,0.0,0.0,0.0,0.0,0.0,402.45615423,93.20199879524726,0.00034498022152973384,2.24147611323807,-41.864422694907425,4.463531709158328,100000000.0,30702.0,12900.0,248474.272165141,556949.14581237861275128811787,19.3172304004674,43.299110516563954176655473918,0.001042055,0.00233574139118029703385,249192.27216603,558558.5256636762192759567621,0.0628920653693407,0.06596496620181456,0.06146673596940433
2018-09-17,794685.0,1468.0,38652642.0,26330.1376021798,209341613.248023,0.0142068654407974,0.029740881305741131094290935402,0.003,0.00628024839744069,496.0185,1038.373129908644964255,0.0,0.0,0.0,0.0,0.0,100.24286782,86.76588403443674,0.0003344866019155246,2.09341613248023,-46.27621524494945,-0.4361014803143247,100000000.0,38006.0,6102.0,997577.206008249,2088344.21645222228331420941727,163.531826943371,342.34016469721799111398705533,0.002,0.00418683226496046,997871.20800845,2088959.6849824245125372979435,0.06306569210629355,0.06708481541020901,0.06152154907846894
2018-09-18,787569.0,1455.0,35835863.0,24629.4591065292,214859148.346995,0.0183436962638737,0.039413109567918572466904545315,0.003,0.00644577445040985,469.3785,1008.502647623899926075,0.0,0.0,0.0,0.0,0.0,102.83822938,89.72098170518282,0.0003388759662044584,2.14859148346995,-50.3877720907051,-1.3023235968641542,100000000.0,27951.0,3917.0,972401.028319598,2089292.5679649099280426290801,248.369422598884,533.6444261503110978553175358,0.02450807,0.0526578304782853774965,972863.02831983,2090285.2172307715181667941085,0.06306946164913284,0.06694689061346971,0.06165319914124373
2018-09-19,785719.0,1436.0,40991447.0,28545.5759052925,225368556.583249,0.0136145749314406,0.030682971007932542359613985094,0.003,0.00676105669749747,506.3805,1141.222423669039202445,0.0,0.0,0.0,0.0,0.0,44.66273031,93.13540820936429,0.00035302358314673126,2.25368556583249,-47.810933782520436,9.020832274430193,100000000.0,39674.0,10641.0,2239003.28774042,5046009.3914320738680483222458,210.454401629581,474.29804721850036151087488669,0.002,0.00450737113166498,2239445.28774037,5047005.5204520591443500306213,0.06316049072947376,0.06678244916731524,0.06190784457395247
2018-09-20,779536.0,1461.0,38824331.0,26573.8062970568,222827907.996143,0.0175576851820662,0.039123422583746904717623706666,0.003,0.00668483723988429,521.235,1161.45704624369596605,0.0,0.0,0.0,0.0,0.0,18.38659754,88.16140320051758,0.0003428856433209906,2.22827907996143,-48.417308357299014,3.02303832981906,100000000.0,33167.0,13121.0,5438744.16155329,12119039.8364515640498620896047,414.626260998092,923.90302338467618862866359156,0.00551145,0.0122810487352534233735,5440311.17055596,12122531.5698303248354684566228,0.06313972014020404,0.06634214274481398,0.06134636673243463
2018-09-21,787613.0,1463.0,37352753.0,25531.6151742994,224646246.206236,0.0165917990142388,0.037272853663570732290453531568,0.003,0.00673938738618708,484.746,1088.96369263488076056,0.0,0.0,0.0,0.0,0.0,67.32049921,88.20966543753873,0.0003332465274445401,2.24646246206236,-39.55771945205466,9.385557668366202,100000000.0,31241.0,14572.0,1485431.64665904,3336966.4341790125904421377344,101.992395804244,229.12208859004069209108065584,0.001,0.00224646246206236,1486233.19165944,3338767.0749340649497731626784,0.06314593032321025,0.06559576741905374,0.06135245180134622
2018-09-22,776881.0,1467.0,35694882.0,24331.8895705521,212567528.562568,0.0181074275640043,0.038490511259061151421971710424,0.003,0.00637702585687704,472.459,1004.29441977142314712,0.0,0.0,0.0,0.0,0.0,110.61657327,83.54936689917379,0.00031700587242637185,2.12567528562568,-40.07641980781257,-4.097894435792633,100000000.0,26879.0,1974.0,904023.66519296,1921660.7627214193548315312128,458.156771627665,973.8925263909762416315224372,1.0,2.12567528562568,904401.46719301,1922463.8470957855917511724968,0.0630171448274536,0.06492077130607181,0.061717071012869947
2018-09-23,815452.0,1459.0,41752350.0,28617.1007539411,228855809.820943,0.0140260260795212,0.032099375569984904864511724916,0.003,0.00686567429462829,524.91,1201.2870313311119013,0.0,0.0,0.0,0.0,0.0,83.09766277,89.4198856347918,0.00034141598919900344,2.28855809820943,-40.15275615076162,-1.948104895472226,100000000.0,37828.0,31124.0,1203403.28073064,2754058.3235279022778061379352,38.6680144175334,88.493997536925058014937219962,0.00123,0.0028149264607975989,1203503.28073131,2754287.1793392565547319382533,0.06317848421745884,0.06566741167022647,0.06249799085577428
2018-09-24,780339.0,1436.0,38254405.0,26639.5577994429,221314597.694991,0.0151566575154427,0.033543895604309629904069375157,0.003,0.00663943793084973,485.8315,1075.216029700540200165,0.0,0.0,0.0,0.0,0.0,174.74100668,86.48119706435375,0.0003365210723667463,2.21314597694991,-43.904389243796096,-5.146690173592335,100000000.0,33783.0,6159.0,572275.517350212,1266529.25893055010723305188092,92.9950507144829,205.811622365010683680004851539,0.00185554,0.0041065808860696360014,572756.5173505,1267593.782146100399984413455,0.0631870977627595,0.06594054160151219,0.06241478412406078
2018-09-25,783152.0,1473.0,37530402.0,25478.8879837067,216646676.709844,0.0177478678808904,0.038450165950802866083531650976,0.003,0.00649940030129532,491.119,1063.99299219061875436,0.0,0.0,0.0,0.0,0.0,27.32501723,82.52867547267107,0.0003376428999921119,2.16646676709844,-46.38055576024685,-2.1660128921554502,100000000.0,29520.0,8540.0,3659650.02568022,7928510.1598471491477767008568,428.664658504267,928.68773687909613217794904348,0.001111,0.00240694457824636684,3660796.18362644,7930993.2729474805788356667536,0.06227942513932401,0.06536294555403,0.062374592631923687
2018-09-26,779874.0,1464.0,41295140.0,28207.0628415301,236378791.145516,0.01356218352213,0.0320581254625472584223626908,0.003,0.00709136373436548,508.35132496,1201.6347167126617476287936,0.0,0.0,0.0,0.0,0.0,48.22382946,88.62478000820047,0.00036572742255990573,2.36378791145516,-48.482971101980525,5.337234947832208,100000000.0,38851.0,4155.0,2073663.60390766,4901700.9593414677942528705256,499.140217546989,1179.86161235867133406866651324,0.03825808,0.0904339870194844276928,2073927.60390774,4902324.9993502810595257869384,0.06260736884658825,0.06727325568612894,0.06345837731154015
2018-09-27,799285.0,1475.0,44821237.0,30387.2793220339,231256909.409045,0.0123477026214392,0.02855491546535992542219397564,0.003,0.00693770728227135,554.3995,1282.087149479198434775,0.0,0.0,0.0,0.0,0.0,72.61450897,89.07422282437413,0.00034630182016596333,2.31256909409045,-54.200612116606486,1.5501910812329196,100000000.0,45103.0,26701.0,1377135.25057374,3184720.418859338775405954783,51.5806617945343,119.283844318772071162239827435,0.00111199,0.0025715537069376394955,1377255.25057586,3184997.927155532275885426537,0.06261042625595753,0.06736182477077579,0.06350990635651949
2018-09-28,791368.0,1452.0,59844851.0,41215.4621212121,220780023.723809,0.0257058942143633,0.056753479344888538897599858097,0.003,0.00662340071171427,828.6295,1829.448406682479897655,0.0,0.0,0.0,0.0,0.0,194.47480098,85.16357071780119,0.0003333471511719996,2.20780023723809,-51.65112894361299,1.4648028163037585,100000000.0,33152.0,15178.0,514205.436891147,1135262.88555739006227125218923,33.8963918758315,74.836462024976052213782221835,0.001145,0.00252793127163761305,514479.43589137,1135867.8206150854011460662833,0.0626483459391219,0.0673818197642923,0.06354315997978838
2018-09-29,772700.0,1485.0,35108419.0,23642.032996633,221172232.41187,0.0214576377952756,0.04745833653466420785879361372,0.003,0.0066351669723561,476.896,1054.7615294829115552,0.0,0.0,0.0,0.0,0.0,214.542827,85.16228887912051,0.00033589833859017424,2.2117223241187,-50.998241503340495,6.742119964995659,100000000.0,23795.0,2347.0,466107.40333832,1030900.149400361417431938584,198.898684421998,439.9086605739732871242431626,0.55280764,1.222656998331373626868,466815.21233843,1032465.626367116839815891641,0.06240836152538718,0.06673241324968572,0.06262514133128008
2018-09-30,769884.0,1454.0,34890027.0,23995.8920220083,218481184.507611,0.0210928380245208,0.046083882362244820190922278088,0.003,0.00655443553522833,488.5945,1067.487051039039427395,0.0,0.0,0.0,0.0,0.0,297.08710762,84.27516972079326,0.00033080729772253946,2.18481184507611,-56.35961430364228,2.1630449465720947,100000000.0,23806.0,10388.0,336601.614262522,735411.19391249775403461054942,32.4155665116635,70.821913679534894221360208985,0.001150375,0.00251335292627943004125,336732.90492316,735698.0393030075242239017076,0.062163064422073915,0.06654553011159958,0.062390808561516346
2018-10-01,774852.0,1463.0,42391011.0,28975.4005468216,213605824.600251,0.0129776113748864,0.027720933790742065837805364864,0.003,0.00640817473800753,513.8615,1097.638094378218792365,0.0,0.0,0.0,0.0,0.0,134.73761701,82.18187085375361,0.0003255286267800464,2.13605824600251,-58.198072276794186,-3.8765887559895456,100000000.0,39983.0,4732.0,742183.23152369,1585346.6117409680487588644619,156.888838022842,335.12369616444378143856933342,0.11531215,0.2463134688717783334965,742397.98152409,1585805.3302501515110797654659,0.06159227548089419,0.06628599104287111,0.058295161681154964
2018-10-02,774728.0,1481.0,46368483.0,31308.9014179608,210835601.571846,0.0119174388189395,0.02512620382586779383994777317,0.003,0.00632506804715538,537.6195,1133.49330699255060597,0.0,0.0,0.0,0.0,0.0,178.22904255,81.16184357720981,0.00032392785550296925,2.10835601571846,-58.088770458930824,-2.10178845654178,100000000.0,46730.0,6304.0,561075.78524545,1182947.507096203267549196007,89.9919857269416,189.735144473847111979102461936,0.00101,0.0021294395758756446,567309.47802264,1196090.3507631325177597459344,0.061592474845978316,0.06608402340023467,0.058210436055178096
2018-10-03,777682.0,1471.0,48303867.0,32837.4350781781,212378386.630064,0.0115347997848929,0.024497421684163633765281601456,0.003,0.00637135159890192,557.6845,1184.40134358593926808,0.0,0.0,0.0,0.0,0.0,72.01810683,80.9986283601378,0.0003285324533311673,2.12378386630064,-53.86645539205105,-4.615334567514907,100000000.0,50069.0,3690.0,1388539.69366697,2948958.1991279438366100578608,377.725310875485,802.2069211307487153866158104,2.759,5.85951968712346576,1393806.39713054,2960143.5389724635031009655456,0.061528685693205194,0.06579242201176615,0.05817125674650141
2018-10-04,77015.0,1481.0,22001865.0,14856.0871033086,213093160.292262,0.00419204483996263,0.0089329608303450651762795816906,0.003,0.00639279480876786,170.524,363.37498065677685288,0.0,0.0,0.0,0.0,0.0,157.20600578,81.52300503369847,0.0003255673947778969,2.13093160292262,-56.88614465398408,-7.625083183892797,100000000.0,42710.0,10997.0,636108.01318276,1355502.6681634618607041980312,57.8504149481786,123.275277455260920919605739932,0.00524812,0.0111833847639302604744,636181.01318512,1355658.2261755042105470954144,0.06143308896696234,0.06543012209300242,0.05809337521773046
2018-10-05,226482.0,1448.0,29845573.0,20611.5835635359,218676710.845688,0.00518896854717923,0.0113470657457888222946020866024,0.003,0.00656030132537064,259.8376,568.204317220375402688,0.0,0.0,0.0,0.0,0.0,64.94935806,82.67602691735954,0.00033207554087642013,2.18676710845688,-57.03846695256629,8.152717341013533,100000000.0,52136.0,4168.0,1539661.09894652,3366880.2493468237499508460576,369.417490150389,807.83001674956410150492172632,0.54802412,1.1984011202570262199456,1539732.09894682,3367035.5098121802185633831216,0.06142702851785274,0.060869660318691995,0.058104869734503975
2018-10-06,427108.0,1452.0,37163476.0,25594.6804407713,211282600.00529,0.00665117569977796,0.014052776949410915309478254084,0.003,0.0063384780001587,365.4555,772.14388226233259595,0.0,0.0,0.0,0.0,0.0,124.85666357,79.51276982242608,0.0003225453009935705,2.1128260000529,-58.36593629851831,7.486488225502354,100000000.0,57142.0,5146.0,800918.406303028,1692201.2327579700208214301812,155.640629213387,328.8415680666369909473881723,0.022610055,0.0477711120666260719095,800926.67793209,1692218.709270915007602607561,0.06137324464013986,0.06098792410383404,0.05801371090037513
2018-10-07,764701.0,1447.0,55995279.0,38697.4975812025,211417001.970308,0.0124063752106347,0.026229186523511366984152344876,0.003,0.00634251005910924,662.6245,1400.90085222074353346,0.0,0.0,0.0,0.0,0.0,199.29241932,79.59673615130936,0.0003220577402719748,2.11417001970308,-58.589493152179806,13.912503012824667,100000000.0,55097.0,11177.0,501775.23229336,1060838.1527441704550946555488,44.8990294115845,94.92418189573877078380233026,0.001,0.00211417001970308,501836.45173328,1060967.5810486723330169545024,0.06128050407296246,0.05993579132075755,0.05765419339078904
2018-10-08,795718.0,1462.0,44205404.0,30236.2544459644,213500214.189183,0.0119720460363955,0.025560343930531986239404098765,0.003,0.00640500642567549,519.072,1108.21983179607598176,0.0,0.0,0.0,0.0,0.0,142.44656982,80.33165246168615,0.0003232556970218304,2.13500214189183,-53.351449835165276,10.134708971615765,100000000.0,45472.0,4981.0,702017.606505012,1498809.09353397650924005685196,140.943305863379,300.91425990362948696257629357,0.0155821,0.033267816875172684243,702038.60650549,1498853.9285799767686938811467,0.06115208624778052,0.059490008330519706,0.05714782356165334
2018-10-09,716107.0,1492.0,43125702.0,28904.6260053619,211236734.044721,0.0132907744224709,0.028074997819278658489879211189,0.003,0.00633710202134163,535.6315,1131.450487114749763115,0.0,0.0,0.0,0.0,0.0,224.0409649,79.43690635395278,0.00032052047925189997,2.11236734044721,-50.31136088475993,13.55488193263131,100000000.0,41961.0,3937.0,446346.943936351,942848.70687956970797411553071,113.384796529512,239.51034109219330979404306152,0.003,0.00633710202134163,446395.94393669,942952.2128799677137925271349,0.06073839937630955,0.05896159296190414,0.05712392145036275
2018-10-10,766707.0,1468.0,47531533.0,32378.4284741144,210159314.334682,0.0121594487349063,0.025554214088156244837741102966,0.003,0.00630477943004046,569.962,1197.82823116824022084,0.0,0.0,0.0,0.0,0.0,48.77335871,78.18719339124002,0.00032188086554720837,2.10159314334682,-49.253006647276656,-9.456162763535666,100000000.0,48609.0,2487.0,2050299.64406965,4308895.673783201976966186013,825.316018524186,1734.47848562472637880115618852,11.76509123,24.7254350598178048303886,2052560.93806965,4313647.993748693280951266013,0.06064469696663413,0.042370574415341235,0.05690145426478569
2018-10-11,772466.0,1468.0,45392017.0,30920.992506812,184774758.055458,0.01215038021948,0.0224508356533623967205192184,0.003,0.00554324274166374,533.669,986.08560356698215402,0.0,0.0,0.0,0.0,0.0,34.61610348,67.53314955524776,0.00029999546824370266,1.84774758055458,-55.9091411590933,-16.48175552001373,100000000.0,45739.0,18005.0,2888828.89586991,5337826.6029797849263893346878,160.45277079953,296.4762190381101202674033474,0.001,0.00184774758055458,2888952.13824553,5338054.3237811585801456060274,0.06104684474852552,0.04755441472785118,0.0572602424019342
2018-10-12,765391.0,1447.0,42366062.0,29278.5501036628,186307648.564947,0.012616706960173,0.02350589006382832050132855831,0.003,0.00558922945694841,495.7735,923.663950058137515045,0.0,0.0,0.0,0.0,0.0,152.96635695,67.88172642021333,0.0003009001306867478,1.86307648564947,-49.9646933645328,-16.319310644360893,100000000.0,41641.0,4422.0,653738.521278942,1217964.86675805252329390446074,148.525719195054,276.71477494648123455080172138,0.02389103,0.0445108162109460572541,656780.73028053,1223632.7348133422772323458191,0.0609183161055397,0.047573096383414774,0.05708139139046529
2018-10-13,358290.0,1450.0,29739759.0,20510.1786206897,187440832.069878,0.00706956010580974,0.0132512422860099242037745301172,0.003,0.00562322496209634,288.636,541.02172005321306408,0.0,0.0,0.0,0.0,0.0,54.8712331,67.5276408867819,0.0003024368147282288,1.87440832069878,-55.95297375683413,-24.35684142795683,100000000.0,42904.0,6989.0,1822448.56456342,3416012.7534632222236000266276,260.78093519649,488.8099548119101926934032822,0.001,0.00187440832069878,1822597.95608827,3416292.7741804429421617613106,0.060914778770566086,0.04261762088806182,0.05625670765775361
2018-10-14,435665.0,1473.0,33794114.0,22942.372029871,185322892.581781,0.00768522472157415,0.0142424807554313399418393056115,0.003,0.00555968677745343,349.1705,647.092870642267626605,0.0,0.0,0.0,0.0,0.0,150.83236535,66.69230818885664,0.00029973557991930553,1.85322892581781,-50.45793701774098,-18.918903682349413,100000000.0,48020.0,13908.0,662987.6801821,1228667.946374314941972223201,47.6709578080766,88.345197931367939740678124246,0.002452865,0.00454572036912610252565,663007.68119473,1228705.0128294665053231121413,0.06089028776487862,0.04043110374579418,0.0558070812602016
2018-10-15,763141.0,1437.0,47962065.0,33376.5240083507,196527299.010494,0.0105959338178092,0.020823902537079939028348897448,0.003,0.00589581897031482,558.4375,1097.48213541172743125,0.0,0.0,0.0,0.0,0.0,174.13616375,72.69005926453389,0.00030503799466423414,1.96527299010494,-48.02686174111058,-14.847871657093226,100000000.0,55339.0,6107.0,574263.25381764,1128584.0619375854633992231416,94.0642004441264,184.861832468658715260542624416,0.05314351,0.1044415048023717799394,574450.07211228,1128951.2108860989218846626632,0.06093184288384844,0.04208450178944156,0.056333539692550026
2018-10-16,761534.0,1466.0,47173517.0,32178.3881309686,196998935.825018,0.0119213045766884,0.023484843152535314861043103912,0.003,0.00590996807475054,576.33546976,1135.3747422093184219045568,0.0,0.0,0.0,0.0,0.0,49.93624935,72.49164315714472,0.0003048604945695081,1.96998935825018,-46.52486457694338,-12.111962888406437,100000000.0,50791.0,7307.0,2002553.28147506,3945008.6538348455223709105108,274.094422353427,539.96309519198144741424636686,0.001,0.00196998935825018,2002807.94413649,3945510.3365678062909374870682,0.06085499041814252,0.041861468096719326,0.05485057285474621
2018-10-17,752250.0,1459.0,47442975.0,32517.4605894448,200774806.631873,0.0110198756384632,0.022125134004197369974418575736,0.003,0.00602324419895619,545.8475,1095.924262629912973675,0.0,0.0,0.0,0.0,0.0,177.8978118,74.22682839923387,0.00031162998420283014,2.00774806631873,-41.182269261503876,-4.092261678522675,100000000.0,51355.0,5581.0,562120.46111679,1128596.2688454279771998944767,100.723971173103,202.22835835474105080080111919,0.00152553,0.0030628799076112121769,562140.48311709,1128636.4679778141352318500957,0.06080435601626189,0.040260774184894856,0.054855912700232656
2018-10-18,760210.0,1479.0,48517938.0,32804.5557809331,197093880.549313,0.0111484502130957,0.021972913146098469562222382541,0.003,0.00591281641647939,575.483,1134.24177660160293179,0.0,0.0,0.0,0.0,0.0,151.10761093,73.0937534125697,0.0003081286681723486,1.97093880549313,-47.7402340961216,-8.268332037224356,100000000.0,53465.0,15202.0,661780.034688521,1304327.95106819571546335536073,43.5324331463531,85.799761785682717779506604203,0.001,0.00197093880549313,661780.04869086,1304327.9786659490182332237918,0.06074896544283054,0.04003553929281686,0.05470203962961205
2018-10-19,1103775.0,1479.0,147214774.0,99536.6964164976,191828755.789475,0.025614671370603,0.04913630538979059769571803425,0.003,0.00575486267368425,1982.1145,3802.265583672773448875,0.0,0.0,0.0,0.0,0.0,125.94149006,70.84902428160473,0.00030052705073217186,1.91828755789475,-50.93016877047701,-14.882200650464178,100000000.0,79463.0,9352.0,794019.508228508,1523157.743360454964062413533,85.0227342145135,163.098053181893507296955454125,0.001,0.00191828755789475,795132.61037413,1525292.9933570675968326628175,0.060756879002743285,0.03909227463246338,0.05441147418321444
2018-10-20,1134760.0,1472.0,156695640.0,106450.842391304,194084714.796,0.0217951767616145,0.04230110665706357112998142,0.003,0.00582254144388,2088.1305,4052.74212549328878,0.0,0.0,0.0,0.0,0.0,159.39989631,74.59262709778214,0.0003028668226399655,1.94084714796,-44.94110815118809,-12.899278846454246,100000000.0,98082.0,32077.0,627352.9802305,1217596.24244457218840478,19.5591275644378,37.961276950024925250816888,0.001,0.00194084714796,627398.13488447,1217683.8807259469835961812,0.06042399811347858,0.03919704324745286,0.05409701346050446
2018-10-21,1122081.0,1440.0,242923480.0,168696.861111111,195033805.232098,0.0305274405028776,0.059538828852726896631048852048,0.051,0.09946724066836998,3336.3745,6507.05814414338348701,0.0,0.0,0.0,0.0,0.0,60.02903344,74.44038594534028,0.0003040116189362943,1.95033805232098,-46.66968939972392,-13.181809834005588,100000000.0,111343.0,29016.0,1665860.57234345,3248991.264102637274470200581,57.4126949043435,111.97416355823595493925817663,0.001,0.00195033805232098,1665886.75534443,3249042.3298057725259808151414,0.060210677750372775,0.039165131419792915,0.05370264762155076
2018-10-22,766494.0,1432.0,48074134.0,33571.3226256983,192480498.957889,0.0096112574117807,0.018499796222322579537018029423,0.003,0.00577441496873667,565.709,1088.87950584968428301,0.0,0.0,0.0,0.0,0.0,89.16407799,73.38531110747093,0.00030037373382181103,1.92480498957889,-44.7343627013744,-9.44971686904029,100000000.0,63776.0,14120.0,1121527.88714699,2158722.4731323966069236310411,79.4303744438435,152.887981053629518597018063715,0.001,0.00192480498957889,1121556.88714707,2158778.2924772483791327973523,0.05923142567138973,0.03802907084840388,0.052758089184158315
2018-10-23,350049.0,1475.0,36514153.0,24755.3579661017,195105857.140959,0.00605442581508606,0.0118125393814871507352213593154,0.003,0.00585317571422877,325.716,635.49099364524601644,0.0,0.0,0.0,0.0,0.0,32.27148985,72.83080019048637,0.0003050441422078248,1.95105857140959,-43.07667163377256,-14.74725623369142,100000000.0,60800.0,12430.0,3098710.36190787,6045765.4119160624529876144733,249.67006193949,487.1209143714052085385857091,0.000024,0.00004682540571383016,3103398.86990786,6054912.9656365653763936203774,0.05883870531606274,0.03530766871116142,0.05232435724303136
2018-10-24,770886.0,1471.0,64050605.0,43542.219578518,193919184.42155,0.0131151423663526,0.0254327771125561351281433853,0.003,0.0058175755326465,755.865,1465.7672433279489075,0.0,0.0,0.0,0.0,0.0,65.8669706,72.21587783367225,0.00030234661874823987,1.9391918442155,-49.69302777190863,-12.378493582785051,100000000.0,63901.0,13641.0,1518211.61795703,2944103.587335491122133059965,111.297897438389,215.8279749908571381972888295,0.000048,0.000093081208522344,1518214.61895707,2944109.406850293180522328585,0.05883324450356556,0.034905433898190064,0.05232470454191064
2018-10-25,757722.0,1504.0,49218879.0,32725.3184840426,192531592.628481,0.0112771300091528,0.021712038009406251005399608968,0.003,0.00577594777885443,566.766,1091.20360627673662446,0.0,0.0,0.0,0.0,0.0,88.93473413,71.46668952878036,0.0003007213736638499,1.92531592628481,-48.50077623459023,-11.131065773817735,100000000.0,58847.0,18115.0,1124420.07029122,2164863.8691659714041893623682,101.258348641519,194.95431130881638580818502639,0.00537825,0.0103548303805412793825,1834294.98564111,3531597.3493591959581783045391,0.05736754821325988,0.03476438002416358,0.05192879358718456
2018-10-26,25910.0,1437.0,19852922.0,13815.5337508699,189706787.954132,0.00444488386063276,0.0084322464002980261425537656432,0.003,0.00569120363862396,177.582,336.88510818470668824,0.0,0.0,0.0,0.0,0.0,30.31487937,68.79373800503244,0.00029622669010778306,1.89706787954132,-47.29186653509787,-19.74458155285703,100000000.0,47496.0,10515.0,3298710.14116417,6257877.0527197603463104185044,533.717685478334,1012.49867786408423933671776088,50.0,94.853393977066,5612041.46280468,10646423.5977408419635191493776,0.05703787093124472,0.030240447755971393,0.051912202680506114
2018-10-27,755718.0,1449.0,43186761.0,29804.5279503106,188573365.299659,0.0129328271592997,0.024387867402679735262190888023,0.003,0.00565720095898977,534.85,1008.5846443052261615,0.0,0.0,0.0,0.0,0.0,48.64141156,67.62823203697558,0.0002942135122708427,1.88573365299659,-44.94324358234137,-18.457197330215873,100000000.0,44939.0,4704.0,2055861.39037017,3876807.0097173892089898477203,437.259673797183,824.55528197765922421185060597,9.90698154,18.6819284895939828129486,2056869.50554195,3878708.0464229111932294519505,0.056960843023280645,0.030115291926598998,0.051862644100758165
2018-10-28,386758.0,1485.0,43487555.0,29284.5488215488,187577991.529383,0.00408165995354717,0.0076562957619229286352413149611,0.001,0.00187577991529383,416.4885,781.240763250854315955,0.0,0.0,0.0,0.0,0.0,70.8979293,66.97175575370773,0.000292787153751223,1.87577991529383,-46.45151389867883,-15.038512830291662,100000000.0,106131.0,44477.0,1410478.42980915,2645747.1095911817302530725445,31.712535238649,59.48573666370562016400723567,0.002,0.00375155983058766,1410478.42980939,2645747.1095916319174327430637,0.056932746345353905,0.02917366072765065,0.05156469324608798
2018-10-29,47913.0,1461.0,24727236.0,16924.8706365503,176077110.331846,0.00423655252545964,0.0074595992645201784220407969544,0.003,0.00528231330995538,185.955,327.4241905175842293,0.0,0.0,0.0,0.0,0.0,56.03391325,62.517658195209044,0.00028113673481924844,1.76077110331846,-51.09932038179734,-20.38914270035816,100000000.0,53874.0,30258.0,1784633.52285079,3142331.1370490956044084325834,58.9826861959713,103.855009449966886303312920198,0.00000012,0.0000002112925323982152,1784698.1189177,3142444.875937098758173630742,0.05660261527242756,0.030980798074067395,0.051816352601777055
2018-10-30,725222.0,1468.0,49910671.0,33999.0946866485,175208693.45512,0.00985883776365212,0.017273540835554850948725128544,0.003,0.0052562608036536,545.943,956.5395973096857816,0.0,0.0,0.0,0.0,0.0,14.46028363,59.925033654757186,0.000279343125131299,1.7520869345512,-50.81776200763427,-19.80604927148019,100000000.0,61946.0,21351.0,6915493.6754009,12116546.11464137421572157608,323.895587132485,567.493226373616743078415732,0.00000012,0.000000210250432146144,6915494.68086569,12116547.876303095925987628328,0.056415479061852895,0.030971748290066135,0.051620551161455704
2018-10-31,99063.0,1463.0,26554306.0,18150.5850991114,182064138.720058,0.00410725324127965,0.007477835238787460486010422197,0.003,0.00546192416160174,204.648,372.59061860782429584,0.0,0.0,0.0,0.0,0.0,52.4073675,62.551470934974425,0.00028870121927372866,1.82064138720058,-43.24381073601259,-14.766304214419792,100000000.0,51731.0,32152.0,1908128.66159039,3474018.0133951137224127304262,59.42854818644,108.1980744094766343875161352,0.01,0.0182064138720058,1910746.68129042,3478784.4884134947879457724436,0.05650930788048848,0.031923981417869625,0.05162071058028807
2018-11-01,79181.0,1441.0,23372633.0,16219.7314365024,185014110.55896,0.00478147583754704,0.008846404992429239228896934784,0.003,0.0055504233167688,207.0905,383.1466466271030588,0.0,0.0,0.0,0.0,0.0,87.89164135,63.50240190641545,0.0002916833782587319,1.8501411055896,-37.16737966896269,-12.247215755014157,100000000.0,47172.0,17685.0,1137764.62094799,2105025.093701446386639884904,64.4675476930065,119.2740599633893128019791324,0.0014,0.00259019754782544,1140108.58095082,2109361.750452540084784703472,0.05641503328961851,0.03212314017359337,0.051547299981557194
2018-11-02,749416.0,1475.0,45115146.0,30586.5396610169,184061696.296626,0.0111892690182745,0.02059515835822887575366691837,0.003,0.00552185088889878,526.567,969.20815233825462942,0.0,0.0,0.0,0.0,0.0,107.8424624,63.01758619509208,0.0002899445625912092,1.84061696296626,-40.42699491360073,-13.333131860899789,100000000.0,49616.0,6452.0,927278.529940664,1706764.59160320316428323399664,144.259185191741,265.52590332760958719421365866,0.0021,0.003865295622229146,930760.26285711,1713173.1282697316598881311086,0.05631423187601162,0.03204783421861407,0.05133284470726924
2018-11-03,47838.0,1499.0,18266623.0,12185.8725817211,183914515.035166,0.00378493207832503,0.0069610394762619082627682800498,0.003,0.00551743545105498,145.1635,266.97674703307319641,0.0,0.0,0.0,0.0,0.0,133.51549328,62.84414794604745,0.0002904325748574437,1.83914515035166,-53.12195142623358,-13.692905589779066,100000000.0,40416.0,6253.0,748976.748243667,1377476.95425849634455241793722,119.77930645194,220.2915305735707499978892204,0.0028,0.005149606420984648,748980.00324398,1377482.9406765363916377780068,0.05627833702796816,0.03202043314374214,0.05108364700927658
2018-11-04,79191.0,1441.0,23348281.0,16202.8320610687,181279521.382164,0.00437171841798615,0.007925030224301204541254090286,0.003,0.00543838564146492,191.337,346.85479782699113268,0.0,0.0,0.0,0.0,0.0,105.81346083,61.773609546483755,0.0002823482963797597,1.81279521382164,-49.53274344808663,-17.10158769029309,100000000.0,45854.0,25065.0,945059.345184573,1713199.05772800709622650155972,37.707857298689,68.35662323453281424665182996,0.00005416,0.0000981809887805800224,945147.44319164,1713358.7613735653788432990896,0.05626916096781237,0.03152638195708372,0.048266641549930094
2018-11-05,48159.0,1479.0,19709057.0,13325.9344151454,180766520.045262,0.00391473069595982,0.0070765224482302326198693337284,0.003,0.00542299560135786,158.2295,286.02596083501783629,0.0,0.0,0.0,0.0,0.0,88.07187187,61.3862610865568,0.00028231769619685345,1.80766520045262,-47.87138425878259,-14.443252761592277,100000000.0,43550.0,4871.0,1135436.29626286,2052488.6800851832508864956932,233.10907334559,421.3831597965804452456809458,0.0201149,0.036361004740584406038,1135474.29626637,2052557.3713691453553000843894,0.056206085401977184,0.03107817869239681,0.0481424142540469
2018-11-06,764077.0,1467.0,47985536.0,32709.9768234492,182267620.813005,0.010915486453202,0.0198953974584171498312549201,0.003,0.00546802862439015,531.8025,969.303764174080915125,0.0,0.0,0.0,0.0,0.0,122.73515826,61.739198289097466,0.0002829739349437598,1.82267620813005,-50.26969067743211,-13.787623930736107,100000000.0,55479.0,7622.0,814762.464286289,1485048.15893202851939254388445,106.896741576211,194.83814759758612972987424055,0.0049,0.008931113419837245,814766.96429388,1485056.360988801039713459094,0.05620031083465616,0.03115875507628136,0.04759034858804095
2018-11-07,759358.0,1453.0,48233530.0,33195.8224363386,181840276.282391,0.0105971302003082,0.019269850834245125674584329062,0.003,0.00545520828847173,550.203,1000.49065531400375373,0.0,0.0,0.0,0.0,0.0,192.57030996,61.66529945495174,0.00027971684056826056,1.81840276282391,-50.95831497268224,-14.828995852312385,100000000.0,54010.0,2729.0,519290.85029902,944279.9168929154183631055682,190.2974900331,346.037481634644516435371421,1.999,3.63498712288499609,519321.85030033,944336.2873809450671924048903,0.055876395179029544,0.03103914081203036,0.04724142429271456
2018-11-08,732010.0,1484.0,45207902.0,30463.5458221024,180387997.872903,0.0107153366710943,0.019329181286327981013253277529,0.003,0.00541163993618709,524.355,945.87348624646052565,0.0,0.0,0.0,0.0,0.0,89.78725491,61.18144658441379,0.00028155916051965217,1.80387997872903,-61.057714528257556,-14.603869119320406,100000000.0,51447.0,15874.0,1113743.81703646,2009060.1729853181449319704338,70.1652902254781,126.569762239451651600562099243,0.00032449,0.0005853410142977829447,1113803.81703924,2009168.4057890566730728371372,0.05572326802104617,0.031027313725588857,0.04695640920334004
2018-11-09,20416.0,1485.0,20390897.0,13731.2437710438,173547461.415926,0.0035572974472808,0.006173599414769366921065140208,0.003,0.00520642384247778,153.846,266.99582748994551396,0.0,0.0,0.0,0.0,0.0,117.26435978,58.95992654709532,0.000274106901197994,1.73547461415926,-64.4052708173397,-17.420999414021235,100000000.0,47360.0,6137.0,852774.024324275,1479967.6708292105575687340365,140.862642060422,244.46353937926481950165080772,0.001,0.00173547461415926,864474.03432481,1500272.7411705485200799092406,0.05560948058608023,0.03162056068127474,0.03709811675051154
2018-11-10,738034.0,1473.0,43176597.0,29312.0142566191,173719894.887608,0.0111799153339605,0.01942173716667974949933011484,0.003,0.00521159684662824,499.1385,867.10287754358325708,0.0,0.0,0.0,0.0,0.0,339.13822843,59.57847842973413,0.00027344059858389785,1.73719894887608,-59.55706252267643,-5.9828860198166325,100000000.0,50583.0,5342.0,294865.018501521,512239.20020116816300872051768,55.2487320295975,95.9780392085529910199197778,0.02240497,0.0389218903336001061176,295138.72650211,512714.6854520903472942485288,0.05561186903474345,0.02159213798685857,0.036669695992671295
2018-11-11,740442.0,1439.0,47036665.0,32687.0500347464,170736559.411849,0.011273844407759,0.01924857405525286106772136391,0.003,0.00512209678235547,546.3305,932.785898717551700945,0.0,0.0,0.0,0.0,0.0,108.1461252,58.961835617265415,0.00026949549613463936,1.70736559411849,-57.6410967762608,-8.35772941853748,100000000.0,54170.0,12270.0,924674.830598269,1578757.99151082764723437489381,75.3606218912461,128.668132968486281014577150389,0.001,0.00170736559411849,924674.83060559,1578757.9915233272707489163591,0.05541943385932811,0.021675632537265708,0.036683624490765815
2018-11-12,739630.0,1442.0,68628885.0,47592.846740638,171592471.600086,0.0183726674565227,0.031526114187511956839065809522,0.003,0.00514777414800258,868.4025,1490.11331318693682615,0.0,0.0,0.0,0.0,0.0,149.37256526,60.10612078159233,0.0002714788941849574,1.71592471600086,-53.67863689574678,-8.45512703650597,100000000.0,50801.0,6848.0,669466.97894114,1148754.9357115293768181293804,97.8047574388902,167.825600631860665881580645572,0.004,0.00686369886400344,669766.97894152,1149269.7131269816862102097072,0.055423596851568085,0.02166131771609304,0.033669760354579095
2018-11-13,760319.0,1473.0,46550702.0,31602.6490156144,168143594.653266,0.0141061596940221,0.023718603977058907281024411786,0.003,0.00504430783959798,597.4805,1004.62519005230696313,0.0,0.0,0.0,0.0,0.0,192.37528259,58.956987208274214,0.000268259824663939,1.68143594653266,-62.99700199170902,-9.269927578393458,100000000.0,49471.0,10850.0,519817.300090874,874039.49400235049322320894484,48.2394470130286,81.111540248563842212015414076,0.00100001,0.0016814527608921253266,523398.00009136,880060.2116969171667552238176,0.055211177807642044,0.02184188520665787,0.032272995944363336
2018-11-14,748597.0,1474.0,45400728.0,30801.0366350068,146354224.658635,0.0117362566627518,0.01717650744271778800674731793,0.003,0.00439062673975905,519.6345,760.507043533774689075,0.0,0.0,0.0,0.0,0.0,143.95003846,51.77395327880381,0.0002625537165621743,1.46354224658635,-71.11020601199485,-25.52982440835352,100000000.0,47299.0,3097.0,694685.46915296,1016701.532195015620785998096,224.312389135683,328.29065793278906593372572705,0.45438654,0.665013897570198387729,694695.46915321,1016716.1676178473698476446835,0.055845470887834,0.03055263180165808,0.03652998254122739
2018-11-15,30619.0,1443.0,15026384.0,10413.2945252945,148414837.322538,0.00403432830775472,0.0059875417950112678850723187936,0.003,0.00445244511967614,119.3435,177.12346138002313803,0.0,0.0,0.0,0.0,0.0,103.51201227,52.36305631916127,0.0002679664407981295,1.48414837322538,-70.15003023893244,-24.66211215761808,100000000.0,34673.0,13893.0,966071.452068961,1433793.37400762913581775543018,69.5437597404456,103.213257886759012105310429328,0.001,0.00148414837322538,966171.45407401,1433941.7918207418854049303738,0.055854188379357475,0.03078476364519425,0.036522136659779623
2018-11-16,804476.0,1458.0,45071891.0,30913.5054869684,147436335.639969,0.0123369893062791,0.018189204961472737004486293479,0.003,0.00442309006919907,539.916,796.03236593389502604,0.0,0.0,0.0,0.0,0.0,83.16416039,52.83826919792356,0.00026826037158387775,1.47436335639969,-69.24441266681869,-26.566316704118048,100000000.0,46348.0,5653.0,1202441.04588099,1772835.0162778500546306128931,212.712932758005,313.61615349071381975882701845,0.002,0.00294872671279938,1202466.208881,1772872.11568300188366364689,0.055826675447584725,0.030320979426506463,0.035619611164160375
2018-11-17,807767.0,1488.0,48732313.0,32750.2103494624,148030118.754636,0.0113190326994388,0.016755577546855336579520982768,0.003,0.00444090356263908,570.8075,844.9670201103688857,0.0,0.0,0.0,0.0,0.0,17.28125231,51.451115212752626,0.00026909222676797215,1.48030118754636,-68.9254019002261,-24.893599769781392,100000000.0,52972.0,4415.0,5786617.67026722,8565937.0091733168035173383192,1310.67530470386,1940.1942100408112009598209496,0.01,0.0148030118754636,5786631.47026755,8565957.437330193442677228618,0.055737050193479264,0.030389428792389914,0.03539867479680956
2018-11-18,806927.0,1457.0,48368240.0,33197.1448181194,150068596.947944,0.0119837849392317,0.017983897919564035681282546248,0.003,0.00450205790843832,588.6555,883.38704970690449292,0.0,0.0,0.0,0.0,0.0,112.38860138,52.133332857913466,0.000270132188724415,1.50068596947944,-72.08617486154924,-21.769498879178066,100000000.0,51205.0,11493.0,889769.9479699,1335265.276982880268187788856,77.4185197930062,116.180886431230723799566692528,0.00158978,0.0023857605405590241232,889771.04798102,1335266.9277541343235524002288,0.055390782806710774,0.030489276976792004,0.034786251224493525
2018-11-19,45603.0,1500.0,28575484.0,19050.3226666667,126876886.947931,0.00429459894401852,0.0054488534470694161553113968212,0.003,0.00380630660843793,237.5085,301.343391036726699135,0.0,0.0,0.0,0.0,0.0,29.72258935,44.13557070252795,0.00026475707675230835,1.26876886947931,-73.87683409054551,-34.62808903767115,100000000.0,59091.0,7054.0,3364444.42404577,4268702.3483225198640235080187,477.381269357267,605.68649343301762473665464577,0.009998915,0.01268631208056971494865,3367447.47404616,4272512.5246765045257781049496,0.05583325003906993,0.04193173875062783,0.04053001441427098
2018-11-20,806342.0,1446.0,57049660.0,39453.4301521438,103511454.843161,0.00938255075158841,0.0097120147843671000290817536401,0.003,0.00310534364529483,605.456,626.71631403520886416,0.0,0.0,0.0,0.0,0.0,50.14251858,36.71530846078688,0.0002397468894907454,1.03511454843161,-80.15106109660259,-46.92640349195964,100000000.0,69523.0,7724.0,1994315.4596604,2064344.946456553675043225244,258.300810416995,267.37092673430668372733921195,0.004,0.00414045819372644,1995115.45966087,2065173.0380957854668809881007,0.05760973342895122,0.05415130267917948,0.04757839248964404
2018-11-21,811140.0,1475.0,56246247.0,38133.0488135593,113965484.433665,0.010908431119245,0.01243184636916022920907382925,0.003,0.00341896453300995,607.9705,692.876525538775268825,0.0,0.0,0.0,0.0,0.0,59.31433831,40.18980372776444,0.0002505109204948883,1.13965484433665,-79.02334513239913,-40.79115284369745,100000000.0,70076.0,6894.0,1685932.99433475,1921381.7042205917375717935875,259.057324388571,295.23593470032592664333642715,0.005,0.00569827422168325,1785941.19433481,2035356.5338240486773924537865,0.05797159652562412,0.058233449570043304,0.049281459311437036
2018-11-22,31406.0,1477.0,21341726.0,14449.3744075829,109785718.577539,0.00402668116050678,0.0044207208468887549692596521442,0.003,0.00329357155732617,161.1357,176.903986129947510423,0.0,0.0,0.0,0.0,0.0,127.31891878,41.2995572317339,0.00025510112913212766,1.09785718577539,-79.94641242545234,-43.73017797296489,100000000.0,45327.0,24038.0,785429.227318973,862289.12113014676344186347447,32.6963237091746,35.895893932555587470357893094,0.00000012,0.0000001317428622930468,785954.22932114,862865.4983507722712642187446,0.05801345346788772,0.05803989176331349,0.04813810726990195
2018-11-23,806302.0,1471.0,48460201.0,32943.7124405167,109640761.741823,0.0121808244212806,0.013355148681926052932042385338,0.003,0.00328922285225469,539.8785,591.926899880327885055,0.0,0.0,0.0,0.0,0.0,109.84978535,41.1397853850252,0.00025557925452013714,1.09640761741823,-79.0234607530347,-43.46059051925408,100000000.0,53988.0,3097.0,910334.05008086,998097.1869038433796759380778,293.940605128276,322.27871853116584776109087148,0.078,0.08551979415862194,910334.05408227,998097.1912910197840894177821,0.05797029815820779,0.05808353858637656,0.04807642389678574
2018-11-24,11684.0,1483.0,21607015.0,14569.8010788941,97561491.5434783,0.00409286022433132,0.00399305548164738774055324430356,0.003,0.002926844746304349,113.847,111.070831277503740201,0.0,0.0,0.0,0.0,0.0,273.08140511,37.602299446374275,0.00025631468285079777,0.975614915434783,-81.13952260683104,-49.32702201672531,100000000.0,58450.0,2905.0,366191.17277039,357261.57005534805103747847537,126.061845000193,122.987816249416015833313913119,0.03217787,0.03139320991892144085221,366209.65972556,357279.60620455287721185815348,0.05817001791687804,0.06069888462565589,0.04994137930891503
2018-11-25,807669.0,1465.0,42677912.0,29131.6805460751,103188537.261036,0.0135765703684071,0.014009464373374532921002157556,0.003,0.00309565611783108,512.244,528.57709080742124784,0.0,0.0,0.0,0.0,0.0,119.36028524,40.29912549561015,0.00026144523962594936,1.03188537261036,-81.07508712739964,-45.60630203386011,100000000.0,39687.0,10546.0,837799.606455111,864513.15907974518333223354996,79.4461982235359,81.979369856369862874572171924,0.0006,0.000619131223566216,837839.60646541,864554.4345052769851847476476,0.0576207840231417,0.06237150315980588,0.04903432887048024
2018-11-26,806562.0,1470.0,42967363.0,29229.4986394558,96814108.8078622,0.0116569159651392,0.0112855393061309252064607741824,0.001,0.000968141088078622,549.7285,532.214748137828754127,0.0,0.0,0.0,0.0,0.0,107.32466379,38.02900831022214,0.00026163953002283447,0.968141088078622,-82.56707715709643,-48.65971201499406,100000000.0,50840.0,3540.0,931752.27825594,902067.66449044072168375851468,263.206858264534,254.821374149981588183466192148,0.02,0.01936282176157244,931752.27825645,902067.6644909344736386786119,0.05756685798986832,0.06280497421308026,0.049447442476185446
2018-11-27,805466.0,1465.0,67199056.0,45869.6627986348,98998633.8809297,0.0163711792489056,0.0162072438066147917042943553632,0.003,0.002969959016427891,852.6765,844.1380864237255334205,0.0,0.0,0.0,0.0,0.0,80.52832117,38.8684312255266,0.00026213999305957516,0.989986338809297,-82.05990724437679,-47.222681577000394,100000000.0,55690.0,2607.0,1241799.14037929,1229364.18452062555705155825913,476.340291668592,471.570381376342072722612499824,0.255699,0.253138516847198433603,1241819.14038002,1229383.98424812443301888904594,0.05746752509390852,0.06326215932205864,0.049492511188344884
2018-11-28,804541.0,1454.0,58753802.0,40408.3920220083,113683716.386891,0.0132336906003984,0.015044551289675569825331373744,0.003,0.00341051149160673,697.614,793.07352123524578074,0.0,0.0,0.0,0.0,0.0,40.88075636,44.22803919846615,0.00027013041331260874,1.13683716386891,-80.93715065593481,-35.43526687106829,100000000.0,56685.0,4283.0,2446138.69484502,2780861.3762776096348160463282,571.171560785669,649.32905724615867789932265079,5.00579999,5.6907794635266180393109,2446327.79484502,2781076.3521852972456970463282,0.05849221688536797,0.06908827490023314,0.05320067019768487
2018-11-29,806248.0,1496.0,105307448.0,70392.679144385,119004403.250023,0.0202121086819234,0.024053299321169031577107342382,0.003,0.00357013209750069,1344.2265,1599.688724653670422095,0.0,0.0,0.0,0.0,0.0,52.73552032,45.97786861339795,0.0002807343587578633,1.19004403250023,-76.30562340297607,-32.07848257797426,100000000.0,69257.0,9950.0,1896255.11201214,2256627.0801481024132303127922,190.588453468731,226.80865171391108724205530813,0.00512713,0.0061015104603529042399,1896355.11201387,2256746.0845534112124065381901,0.058487100352206806,0.069946508717303,0.05370366407073363
2018-11-30,805290.0,1452.0,51084615.0,35182.2417355372,120462610.521669,0.0114352304200646,0.013775177083177833026106798174,0.003,0.00361387831565007,594.5405,716.199006908583480945,0.0,0.0,0.0,0.0,0.0,46.11062597,46.11795496699345,0.00030317765618442707,1.20462610521669,-75.82255446867153,-33.83506968009091,100000000.0,54352.0,3235.0,2168697.51602638,2612469.6421239682813976562822,670.420787249481,807.60638180064944069059503789,30.84552131,37.1573201990437135626639,2168811.24675207,2612606.6451250996938460560483,0.05848615189626624,0.06944596738348695,0.053754542716984634
2018-12-01,802626.0,1477.0,49553211.0,33549.9058903182,138929085.302358,0.0106811475096518,0.014839220534954836413262989444,0.003,0.00416787255907074,558.859,776.41769682990489522,0.0,0.0,0.0,0.0,0.0,33.86061364,52.50447699034834,0.00033492433956750373,1.38929085302358,-75.41645618195105,-24.908924577358498,100000000.0,55100.0,5241.0,2953283.74894247,4102970.0987889604250269734426,563.497757861059,782.86228069566539072369077122,0.43951208,0.6106101125373679348464,2953291.74894981,4102981.2131259820085281665198,0.059368119949104334,0.07494677442295075,0.05722735109387253
2018-12-02,25035.0,1487.0,23224949.0,15618.661062542,156145586.143012,0.00372569992523054,0.0058175159861809865110350998648,0.003,0.00468436758429036,179.385,280.1017597026420762,0.0,0.0,0.0,0.0,0.0,31.34852128,57.963888263962666,0.00038095933986214466,1.56145586143012,-75.33544553667083,-15.166713507097967,100000000.0,50461.0,12059.0,3189943.12677406,4980955.3929300803474537186872,264.551217080566,413.08504855892185938801904792,0.00368519,0.0057542615259836639228,3190223.12677455,4981392.600572045894425819446,0.05991657007860971,0.07842164971190879,0.059395423959342025
2018-12-03,815973.0,1455.0,52152271.0,35843.4852233677,146678935.544534,0.00995657153082222,0.0146041931381401462590044674548,0.003,0.00440036806633602,556.423,816.15533352496241882,0.0,0.0,0.0,0.0,0.0,35.153527,53.93948915693196,0.0003815812329000074,1.46678935544534,-75.76750033496596,-20.246134180063084,100000000.0,65237.0,4645.0,2844664.77553584,4172524.0125662775441203309856,612.414613248622,898.28323583225344188295132148,0.695,1.0194186020345113,2844665.87853985,4172525.630440818425645686799,0.06006625605800033,0.0791017548115338,0.05984349723708923
2018-12-04,26906.0,1448.0,30501804.0,21064.7817679558,210403023.175308,0.0037441002209279,0.007877700055545687465721282932,0.003,0.00631209069525924,223.7025,470.6768229187433787,0.0,0.0,0.0,0.0,0.0,8.77538817,70.75493271902799,0.0005404717095265922,2.10403023175308,-67.77757907824868,16.065522222859006,100000000.0,72532.0,7146.0,11395507.3039257,23976491.873622706418277066156,1594.89884388557,3355.7153841232752060200150556,66.759055405,140.4630708153988579993974,11397147.13840627,23979942.1349448968069393638116,0.06583896341591068,0.10378602810462817,0.07625623181742504
2018-12-05,19423.0,1449.0,23925338.0,16511.6204278813,182083165.758393,0.00425452563607263,0.0077467749661634510099198008359,0.003,0.00546249497275179,154.1755,280.727631223831199715,0.0,0.0,0.0,0.0,0.0,21.99875497,59.85609055260305,0.0004908535973115128,1.82083165758393,-75.01805671572235,0.7283681252487136,100000000.0,58867.0,5451.0,4545711.7973784,8276975.946919337817851969112,833.924105554652,1518.43541141627320817489194236,1.74510438,3.1775413008923764606134,4545720.29937841,8276991.4276301088047414049513,0.06664785742083902,0.10731884766754603,0.07837941428211632
2018-12-06,51494.0,1474.0,22483957.0,15253.7021709634,149895829.740031,0.00463276700401425,0.0069443245405895353031091944175,0.003,0.00449687489220093,163.8795,245.648536298814102645,0.0,0.0,0.0,0.0,0.0,21.16959862,48.20725643463559,0.0004268142188208619,1.49895829740031,-82.40410652143264,-17.76058244935638,100000000.0,50816.0,11352.0,4723755.12565727,7080711.9404912088592210517537,416.369318321161,624.12024448041519343996095991,0.003,0.00449687489220093,4726624.50158182,7085013.0153416737675887583642,0.0680485017859692,0.11303047980012322,0.08220407241130427
2018-12-07,8664.0,1454.0,14833160.0,10201.6231086657,147642740.962485,0.00358650538231051,0.0052952148512102886009053121735,0.003,0.00442928222887455,96.954,143.1455430727677069,0.0,0.0,0.0,0.0,0.0,31.83456243,46.99324329147962,0.00043771992145553355,1.47642740962485,-82.51344184472342,-18.80635908559583,100000000.0,36276.0,2420.0,3141239.97170713,4637812.7944375950490473701805,1298.05167066399,1916.4790656776436517163041515,1.8995,2.804473864582402575,3141285.04300685,4637879.3389398890738744802225,0.06707889311932899,0.11303834705388383,0.08218725085151629
2018-12-08,9855.0,1482.0,12584925.0,8491.85222672065,154946208.010925,0.0039183107746425,0.006071273963392054758529693125,0.003,0.00464838624032775,102.4795,158.788099238555885375,0.0,0.0,0.0,0.0,0.0,124.130565,49.42646819182086,0.0004546608773488153,1.54946208010925,-81.95156896130595,-14.103926071569168,100000000.0,28529.0,3706.0,805603.35805897,1248251.8549210485857255424725,217.413210485642,336.8735253623130567009163885,0.001,0.00154946208010925,805733.35805979,1248453.2849927333471312320575,0.06717533245852308,0.11348637731157411,0.08248413066112897
2018-12-09,17195.0,1427.0,11707943.0,8204.58514365802,162439777.486488,0.00375836567926456,0.0061050808465258845297717726528,0.003,0.00487319332459464,91.986,149.42185371872085168,0.0,0.0,0.0,0.0,0.0,35.00123803,52.27737008077873,0.0004588124553476445,1.62439777486488,-81.65508391752032,-6.400372462272556,100000000.0,26536.0,12125.0,2857041.79671977,4640972.3372875531989389746776,235.636729983636,382.76777986185486985451110368,0.00087759,0.0014255552432436700392,2857095.35105159,4641059.3308249959823781591592,0.06685548080186543,0.11369291607198088,0.08276101787056002
2018-12-10,15814.0,1476.0,11072844.0,7501.92682926829,153166734.501682,0.00445127355649256,0.0068178703502165373086734048592,0.003,0.00459500203505046,103.4565,158.46094267973263833,0.0,0.0,0.0,0.0,0.0,17.81448519,49.38970066591241,0.0004486965879067075,1.53166734501682,-84.16841162405926,-11.831207012428449,100000000.0,26130.0,4005.0,5613409.47669387,8597875.9896599567880731408934,1401.62360891258,2146.8211117760250548020095956,0.00524,0.0080259368878881368,5613502.55369489,8598018.5526629912193201980498,0.06683273463430985,0.11415774857400078,0.08146090799197499
2018-12-11,16623.0,1483.0,15618654.0,10531.7963587323,162614705.951454,0.00317187118809466,0.0051579290056790217737271663564,0.003,0.00487844117854362,104.012,169.13880795422633448,0.0,0.0,0.0,0.0,0.0,18.71035103,51.13990409289843,0.00048504576271186456,1.62614705951454,-85.64506777233237,-4.756950408496606,100000000.0,36719.0,3403.0,5344635.16058939,8691162.7505704578306336747306,1570.59519769922,2554.0187624262442226181366588,0.3,0.487844117854362,5344735.45777046,8691325.8485365324085183524884,0.06666984624457144,0.11472002169215663,0.08185453519938536
2018-12-12,14072.0,1441.0,26291950.0,18245.6280360861,195913072.696173,0.00440851845014666,0.0086368639560600252613347073218,0.003,0.00587739218088519,214.9285,421.073028449794186305,0.0,0.0,0.0,0.0,0.0,11.77084363,59.798903647538836,0.000572341026446562,1.95913072696173,-87.23527195626397,14.173466276987185,100000000.0,61829.0,4633.0,8495567.78606997,16643927.8926759154197952922481,1833.71007685563,3592.4777559072201913017450399,36.0,70.52870617062228,8495578.78607212,16643949.4431181241298882599676,0.06802803737423829,0.11974561488283868,0.08539556294994854
2018-12-13,25336.0,1435.0,28207849.0,19657.037630662,204607404.583493,0.00350547489810867,0.0071724612073459954331480218431,0.003,0.00613822213750479,186.642,381.88335206272300506,0.0,0.0,0.0,0.0,0.0,11.59238464,59.54931632055136,0.0006275643192955833,2.04607404583493,-85.04348711903363,21.686112994919686,100000000.0,62931.0,12485.0,8626352.82756705,17650156.6306997022685378070565,690.940314999668,1413.71504574183167561973280324,0.00249949,0.0051141416168239491857,8626389.83277085,17650232.3460867582806636157905,0.06808488683104041,0.11985711146288952,0.08555673216703823
2018-12-14,24625.0,1477.0,37689823.0,25517.8219363575,231920795.814822,0.00380196003950467,0.0088175359801807515592192421874,0.003,0.00695762387444466,250.226,580.32613053559649772,0.0,0.0,0.0,0.0,0.0,14.75461264,64.38051014350036,0.0007249909469335708,2.31920795814822,-85.67224955963681,58.46539200065279,100000000.0,97109.0,5157.0,6777541.53718781,15718528.2697260890992339571982,1315.01678052895,3049.797382501192076594100969,91.43822545,212.064260142591104876199,6781541.53718781,15727805.1015586819792339571982,0.068750288572674,0.11850567018545335,0.08673342518630175
2018-12-15,36805.0,1483.0,22589160.0,15232.0701281187,243302046.407846,0.00332220043771658,0.0080829816507348564184363628668,0.003,0.00729906139223538,145.725,354.5519071278335835,0.0,0.0,0.0,0.0,0.0,18.22473348,64.97600085683581,0.0007638819162739845,2.43302046407846,-85.53114487513935,63.93377562318604,100000000.0,52580.0,4967.0,5487048.6911054,13350101.752854366821209729684,1104.8849800897,2688.207767011161931158637862,2.599,6.32342018613991754,5487963.69610554,13352327.9787444415553670006684,0.0686067725222688,0.11865398730048816,0.08692898040741598
2018-12-16,21551.0,1461.0,19365385.0,13254.8836413415,239553858.919832,0.00325219681084508,0.0077907629600470985123189162656,0.003,0.00718661576759496,133.3856,319.530352043371432192,0.0,0.0,0.0,0.0,0.0,23.86878202,62.50098443053363,0.0007496800642898896,2.39553858919832,-85.32922653654416,62.4795257424253,100000000.0,43542.0,12539.0,4189572.80307307,10036283.3220173130500036812424,334.140771439354,800.44711220746837802335868528,0.00079233,0.0018980570903795048856,4189791.13307806,10036806.3399694464567693808592,0.06859947890657182,0.1187249145523781,0.08693907801003149
2018-12-17,16468.0,1486.0,21298247.0,14332.6022880215,253738783.002625,0.00383965057743559,0.0097426826467383295025273842375,0.003,0.00761216349007875,168.5645,427.713510874459818125,0.0,0.0,0.0,0.0,0.0,19.55775878,64.17689296821935,0.0007251427145840516,2.53738783002625,-84.30595502349922,71.41024079241873,100000000.0,49346.0,5579.0,5113060.3021556,12973816.9848799600392795845,916.484488271527,2325.47658694800806313353758375,0.5427034,1.37704900247386796425,5113066.96006685,12973833.8785829391841372548125,0.06869620676184093,0.11893766545882063,0.0871749525192386
2018-12-18,15011.0,1471.0,29312262.0,19926.7586675731,344161183.84497,0.00313704959091668,0.010796507009902634360693070996,0.003,0.0103248355153491,187.8779,646.60280482306889163,0.0,0.0,0.0,0.0,0.0,6.15514777,76.15963957528461,0.0009404525452951476,3.4416118384497,-79.78706189123659,129.33591093968383,100000000.0,69081.0,7167.0,16246563.6521317,55914365.79930305232942822549,2266.91777791338,7801.851061258776471320086986,67.448,232.1298352797553656,16246999.71430517,55915866.556041566788125494949,0.07231888271455808,0.12994342786346536,0.0953060343546385
2018-12-19,13077.0,1453.0,28155996.0,19377.8362009635,378487022.877154,0.0031641459657862,0.011975881865391760171696284748,0.003,0.01135461068631462,193.1015,730.86411848112753131,0.0,0.0,0.0,0.0,0.0,6.54817925,75.29810541828218,0.0010235671712448837,3.78487022877154,-77.25720778453318,198.31045825744548,100000000.0,66645.0,8076.0,15271420.6722125,57800345.45330335004488883225,1890.97847600474,7157.1081370781183462574170996,46.38917858,175.5770209446084230816132,15271542.17221429,57800805.3150429207047083333066,0.07102305049043109,0.1250758817664688,0.09594072055743193
2018-12-20,16847.0,1465.0,26766461.0,18270.6218430034,411344611.087149,0.00332167772017589,0.0136635422996259921526439863761,0.003,0.01234033833261447,186.58195922,767.4948345122919458406378,0.0,0.0,0.0,0.0,0.0,17.03744046,78.23662200662301,0.0010112368118059614,4.11344611087149,-74.3818753635838,297.3904257363711,100000000.0,58782.0,12696.0,5869426.2352789,24143568.520555082239862208561,463.172719253806,1905.23602067634078649715939094,0.00860152,0.0353818889915833386648,5880440.84364632,24188876.5185068186106445314168,0.0712697862831824,0.11678767369652433,0.09638660133035627
2018-12-21,11890.0,1471.0,17907936.0,12173.9877634262,318493599.03355,0.00304235537190083,0.009689707119357498405144428465,0.003,0.0095548079710065,116.3275,370.49564141575287625,0.0,0.0,0.0,0.0,0.0,26.03702494,59.28482177430271,0.000829608070775355,3.1849359903355,-80.34576296057998,179.46496311252295,100000000.0,41817.0,3824.0,3840684.57175114,12232334.52009649278335110747,1004.36548312937,3198.839774669432958616203635,11.8598721,37.77293349206586608955,3840693.60748673,12232363.298335972529724497915,0.07351732273312306,0.12865133081911254,0.10238360204936399
2018-12-22,8985.0,1445.0,18025977.0,12474.724567474,382128961.598279,0.00302704131732004,0.0115672015530259344196335621116,0.003,0.01146386884794837,120.225,459.41454408153092775,0.0,0.0,0.0,0.0,0.0,16.99457275,68.34106279082683,0.0009637683599954466,3.82128961598279,-70.46169071997181,248.0680060661902,100000000.0,42992.0,5050.0,5884231.48204195,22485352.6603659263875852580405,1165.35478685297,4453.1581459370918238777803863,20.0,76.4257923196558,5885041.67360749,22488448.6369822812296210550971,0.07473228953434345,0.13066432707221196,0.10481255913561109
2018-12-23,17169.0,1439.0,16568132.0,11513.6428075052,371641826.884145,0.00390504475183076,0.014512779656347262814751673002,0.003,0.01114925480652435,119.9825,445.905154941269274625,0.0,0.0,0.0,0.0,0.0,18.90659558,64.1222320474315,0.0009426153090529455,3.71641826884145,-73.96418555131874,238.96319304974364,100000000.0,34429.0,13737.0,5289159.51926982,19656729.064231020346561350039,385.031360867703,1430.93758360561639900053268935,0.00184026,0.006839175883418166777,5289175.80423963,19656789.5859903297620382766635,0.07453370103797294,0.13105342396540434,0.10491084231700429
2018-12-24,11810.0,1490.0,24251486.0,16276.1651006711,370942835.905879,0.00378705935072695,0.0140478253530253168148042873905,0.003,0.01112828507717637,152.1186,564.273048780320452494,0.0,0.0,0.0,0.0,0.0,20.84657101,62.81364202458921,0.0009181649298655743,3.70942835905879,-72.3723232741346,280.2143961078827,100000000.0,44748.0,8790.0,4796951.97504785,17793949.6932855679785912131015,545.753353247906,2024.43296558921211340369839374,0.327528,1.21494165158580737112,4797171.97504909,17794765.7675291606035564460011,0.07421203070254628,0.12793690715348532,0.1048976434816768
2018-12-25,19395.0,1455.0,11963194.0,8222.1264604811,328678581.743996,0.0040187745743694,0.013208851274525655700539361224,0.003,0.00986035745231988,90.97300004,299.0087663014369137775984,0.0,0.0,0.0,0.0,0.0,39.53056246,55.30171327239263,0.000873777059874867,3.28678581743996,-77.0419558916081,218.52237706649325,100000000.0,25130.0,5751.0,2529688.26564703,8314543.5140729481815275773188,439.87885161675,1445.78757088571051919205533,1.0,3.28678581743996,2529743.27564793,8314724.3201637236609628732828,0.07440823089566771,0.13142129503069996,0.10622612631493843
2018-12-26,33112.0,1468.0,14521095.0,9891.75408719346,323514530.024159,0.00416233776480335,0.0134657674578216423573538413265,0.003,0.00970543590072477,105.5111,341.343739288320426649,0.0,0.0,0.0,0.0,0.0,29.66704639,53.65839931692312,0.0008496418965517256,3.23514530024159,-76.96716523467255,234.16052061813394,100000000.0,29765.0,4281.0,3370743.37194937,10904844.5780824940846902482983,787.37310720623,2547.2664073148525841889531057,0.10799711,0.3493863428561740218049,3370744.27194987,10904847.4897148818747713690933,0.07437155730643667,0.13042128206947967,0.10625752261448877
2018-12-27,28518.0,1456.0,12876004.0,8843.40934065934,299845585.226495,0.00409083110414168,0.012266176464841107534153698116,0.003,0.00899536755679485,88.6974,265.95523811068517613,0.0,0.0,0.0,0.0,0.0,35.22606809,49.06561801932485,0.0008362819286966693,2.99845585226495,-77.77969817507639,202.87850798742673,100000000.0,27323.0,9993.0,2838806.75349229,8512036.7234582202367188622355,284.080395326329,851.80252387997174046901886855,0.00175995,0.0052771323771936987525,2838815.39049601,8512062.6211325705048624378495,0.07424458155309221,0.13211013753195286,0.10680902313038869
2018-12-28,24111.0,1471.0,12916790.0,8780.95853161115,322310138.547852,0.00412801877167925,0.01330502302228072899338520471,0.003,0.00966930415643556,101.1571,326.039589160989195492,0.0,0.0,0.0,0.0,0.0,46.87852722,52.187072502857156,0.0008304704471069559,3.22310138547852,-74.5565597906374,183.5147801211554,100000000.0,28259.0,2388.0,2133172.81775775,6875432.26438012247623718853,893.481915727835,2879.7828004823872378655586042,8.47055547,27.3014590711296561535044,2133634.81475807,6876921.3275519407884849816564,0.07443549437459665,0.13090714564184985,0.10671306208837318
2018-12-29,30024.0,1449.0,12549851.0,8661.04278812975,309734441.837811,0.00397333858790343,0.0123067980975690502870259059173,0.003,0.00929203325513433,95.7813,296.667674939999267343,0.0,0.0,0.0,0.0,0.0,47.27435681,49.63151858002049,0.0008101575601418047,3.09734441837811,-77.62517562583673,160.27141297206677,100000000.0,29192.0,4791.0,2115311.6985315,6551848.882576460828498745465,441.517783246057,1367.53264155185085848299261227,0.002,0.00619468883675622,2115311.69953186,6551848.8856749202908674715846,0.07421561241067408,0.1315890007295241,0.10689093707333433
2018-12-30,29815.0,1461.0,13425337.0,9189.14236824093,306785666.833551,0.00436904945030086,0.0134036174903930877382049215386,0.003,0.00920357000500653,96.5691,296.260157390158698741,0.0,0.0,0.0,0.0,0.0,37.05202191,48.57997864070368,0.0008019686002337817,3.06785666833551,-74.02255467577483,154.67293586366858,100000000.0,30917.0,10379.0,2698908.04456062,8279863.0417296498352446936162,260.045288040602,797.78167098458929502463837702,0.00020254,0.0006213636896046741954,2699010.04457341,8280175.9631490579440527047891,0.07415035012695304,0.13176106706222157,0.10685054685167111
2018-12-31,10514.0,1490.0,12792747.0,8585.73624161074,317109662.502128,0.00377928246749553,0.0119844698776771705164945548784,0.003,0.00951328987506384,93.01570009,294.9617726293905703479152,0.0,0.0,0.0,0.0,0.0,17.46285678,48.7584393810839,0.0008600283891686271,3.17109662502128,-75.01234665254157,128.25289737709502,100000000.0,29914.0,4035.0,5726439.90954435,18159094.270543252214093853768,1419.19279071773,4500.3974688995253532477232944,0.02,0.0634219325004256,5726442.91054604,18159103.7870095830562514197312,0.07419077842267714,0.13007266948515916,0.10689306596660855
2019-01-01,20263.0,1452.0,13988904.0,9634.23140495868,312550449.763454,0.00317541965144873,0.0099247884024801089655690871342,0.001,0.00312550449763454,89.0991,278.479637785189642914,0.0,0.0,0.0,0.0,0.0,10.93151477,46.0404400908621,0.0008207478433664523,3.12550449763454,-74.93309446674088,100.16604854727854,100000000.0,39131.0,4839.0,9147863.04549615,28591687.092443017438075677021,1890.4625014461,5908.649050879228628779308294,0.01,0.0312550449763454,9147948.04449768,28591952.7572045938982225178672,0.07414719678342306,0.1291696730124374,0.10692073463100914
2019-01-02,59138.0,1447.0,17641826.0,12192.00138217,311935904.607644,0.00403195453515398,0.0125771138526014951205702502312,0.003,0.00935807713822932,111.02390008,346.3234070452347906021152,0.0,0.0,0.0,0.0,0.0,32.23881287,45.33257274468541,0.0008002054938632387,3.11935904607644,-76.15262354351592,112.66578152452944,100000000.0,42092.0,5591.0,3101851.18763945,9675787.561746067248747859558,554.829402189222,1730.71211474813300890555612968,0.01,0.0311935904607644,3102051.18763994,9676411.4335568110226804370136,0.0741188204296588,0.12825443581142146,0.10692262336931761
2019-01-03,34372.0,1445.0,12680269.0,8775.27266435986,306671156.937436,0.0053820902090209,0.016505318311420861483441164124,0.003,0.00920013470812308,122.308,375.08335862703922288,0.0,0.0,0.0,0.0,0.0,45.05972912,44.321344615107854,0.0008103585190066147,3.06671156937436,-76.1703111019144,45.75415899890244,100000000.0,27186.0,9992.0,2219276.54565512,6805881.0582017215557147307232,222.106640228055,681.1370032222449087040696698,0.00126421,0.0038769674331187596556,2219289.54915873,6805920.9361966847439704321628,0.07412774152333573,0.11163396509926733,0.10693268896445653
2019-01-04,38657.0,1467.0,13968943.0,9522.11520109066,306349906.141167,0.00409270545194967,0.0125379993106822387176639906489,0.003,0.00919049718423501,91.7339,281.026716549631994613,0.0,0.0,0.0,0.0,0.0,35.60786941,43.78893735891162,0.0008003865124478726,3.06349906141167,-75.46164751465687,68.24724288222455,100000000.0,31977.0,3800.0,2808367.9720407,8603432.646445279546832694969,739.044203168732,2264.06122274914603367912390244,0.01,0.0306349906141167,2808367.97204118,8603432.6464467500263821725706,0.0741276578648758,0.1076735373157576,0.10692965508006537
2019-01-05,29898.0,1476.0,15241259.0,10326.0562330623,304420350.552708,0.00354389012989162,0.0107883227566188884837913750696,0.003,0.00913261051658124,85.67,260.7969143185049436,0.0,0.0,0.0,0.0,0.0,13.55719266,42.083252747706936,0.0008013984947121115,3.04420350552708,-74.2806859169147,103.08793852415621,100000000.0,34244.0,3116.0,7376158.36415517,22454527.1494840604284497570036,2367.2823713593,7206.489293464439866642559844,0.01,0.0304420350552708,7376451.86915557,22455420.6384351678354673678356,0.07411640518867356,0.10012172494641372,0.10694744662193656
2019-01-06,48713.0,1478.0,15126132.0,10234.1894451962,318318421.413627,0.00539151226158038,0.0171621767213848056840068783826,0.003,0.00954955264240881,118.7211,377.911131404893524297,0.0,0.0,0.0,0.0,0.0,58.68106794,43.74077508795223,0.0007867496568621796,3.18318421413627,-75.34922288553378,115.60045508401222,100000000.0,33964.0,10933.0,1704127.13169268,5424550.5844854594795892815036,155.871456298017,496.16755912227919725336877659,0.00028273,0.0008999816728627476171,1704142.63170622,5424599.9238838789060336865994,0.07383676929731242,0.09991841894871267,0.10703831564245189
2019-01-07,40470.0,1461.0,18777292.0,12852.3559206023,292130415.209151,0.00476946622545141,0.0139330614876714259615453785291,0.003,0.00876391245627453,132.6007,387.366975480240690057,0.0,0.0,0.0,0.0,0.0,17.93791512,39.22340545959281,0.0007301401665692589,2.92130415209151,-76.96775002890722,88.53666634329856,100000000.0,47740.0,4662.0,5574783.8763757,16285639.285069135594433540307,1195.7925517755,3493.273746541870098288976005,0.01,0.0292130415209151,5574784.87637739,16285642.2063782246899605749589,0.07411439666566524,0.1018512448020174,0.10772161456164471
2019-01-08,18390.0,1482.0,11431614.0,7713.63967611336,285895476.162703,0.00436364193996892,0.0124754549023095544316468319076,0.003,0.00857686428488109,106.7085,305.074774181077930755,0.0,0.0,0.0,0.0,0.0,25.17069389,37.986767737175015,0.0007160593205262571,2.85895476162703,-78.54789834813388,76.00090358809084,100000000.0,25822.0,3738.0,3972874.18599368,11358267.5713917422527540971704,1062.83419658001,3038.5948871324584332091736703,0.1,0.285895476162703,3972874.22681606,11358267.6881010799347021341018,0.07407087622802296,0.10201796504123395,0.10761862506631817
2019-01-09,26873.0,1450.0,12095506.0,8341.72827586207,282935254.34356,0.0042775626924769,0.01210273288366475029259963764,0.003,0.0084880576303068,116.6748,330.11414213483994288,0.0,0.0,0.0,0.0,0.0,85.69655422,37.70679684929588,0.0007065857923387665,2.8293525434356,-77.60645393289376,84.72369686803827,100000000.0,29605.0,13176.0,1166908.06197037,3301594.293091373101945203172,88.6290271683819,250.76276344108422219471885564,0.001,0.0028293525434356,1167776.0619706,3304050.17109972595383019336,0.07405033945166954,0.10112717618059519,0.10764184372109807
2019-01-10,40955.0,1453.0,17035878.0,11724.6235375086,258718056.7164,0.0038345009319365,0.009920546295878360630833086,0.003,0.007761541701492,119.322,308.707559635142808,0.0,0.0,0.0,0.0,0.0,34.28661123,34.15929558029061,0.0007131337982942082,2.587180567164,-78.88927037780434,59.09880671778609,100000000.0,36286.0,22455.0,2916590.36608405,7545745.9175103908686941342,130.443737612452,337.481503059175564588726128,0.00000014,0.00000036220527940296,2929114.12808762,7578147.15119381405428690968,0.07434580761275746,0.10278275564356765,0.10833189085437617
2019-01-11,33871.0,1441.0,14543939.0,10092.9486467731,255751153.701091,0.00465955776527542,0.0119168727420606604077396948322,0.003,0.00767253461103273,106.839,273.24197510270861349,0.0,0.0,0.0,0.0,0.0,26.88252053,33.46817902323849,0.0007056836712961659,2.55751153701091,-75.68043266514394,30.543179268958948,100000000.0,37833.0,10638.0,3719889.2828604,9513659.757318713352510806964,349.686903822449,894.32829086753780121481591859,0.00000866,0.0000221480499105144806,3719969.28286321,9513864.3582488608327298076211,0.07434587273963617,0.09766482046776323,0.10835790148139668
2019-01-12,74769.0,1444.0,13395937.0,9276.96468144044,258148557.971534,0.00662128515739615,0.017092752153001376539612611941,0.003,0.00774445673914602,157.964,407.78178811415396776,0.0,0.0,0.0,0.0,0.0,45.22357723,33.563295618551514,0.0007137046785505575,2.58148557971534,-77.11393106568357,26.167749645733252,100000000.0,25974.0,2873.0,2211235.95546169,5708273.7323724245503484753246,769.679065597776,1986.91540884943598125701708384,0.16554265,0.427345963802863629251,2211287.95546241,5708407.9696244284176458703694,0.0742402103129226,0.0974471942114486,0.10830047681761415
2019-01-13,16359.0,1462.0,9864908.0,6747.54309165527,262633397.075399,0.00391674394641937,0.0102866776812262370651596407863,0.003,0.00787900191226197,76.024,199.66441379260133576,0.0,0.0,0.0,0.0,0.0,29.292523,33.76412025748094,0.0007485269033053385,2.62633397075399,-77.57240890610878,13.242711225042358,100000000.0,25450.0,11346.0,3413840.45299685,8965885.1524398170211495949315,300.909748635052,790.28949497128114168978285748,0.00045723,0.0012008386814478468477,3414122.0080133,8966624.609944155854622948067,0.07406539004829162,0.09491629812191621,0.10659680565137811
2019-01-14,10610.0,1480.0,14162997.0,9569.59256756757,272136828.563458,0.00353049754103596,0.0096077840406861307181191994968,0.003,0.00816410485690374,110.554,300.85814945004535732,0.0,0.0,0.0,0.0,0.0,11.94827409,34.06943460643535,0.0007421349766218575,2.72136828563458,-75.11294652306964,11.85143428973729,100000000.0,33906.0,4980.0,8369409.61032522,22776245.8830243221941678781076,1680.64731131063,4573.6602923377754361810495854,0.020413415,0.0555524201824972198907,8369623.61032693,22776828.2558421015340563132394,0.07411407065968935,0.09474644177161627,0.10664767153795533
2019-01-15,9188.0,1479.0,7729197.0,5225.96146044625,256245822.64967,0.00361586048246705,0.009265491439162018948094683735,0.003,0.0076873746794901,58.1575,149.02616430748183025,0.0,0.0,0.0,0.0,0.0,51.51992371,31.90933062326462,0.0007155120274757846,2.5624582264967,-75.9477618625874,6.967937734379827,100000000.0,18073.0,3692.0,1940996.66294339,4973722.866561932120310121813,525.735959898464,1347.1764354069582528464310688,0.9985,2.55861453915695495,1941017.16394513,4973775.399522492206470926071,0.0740910482556002,0.09540761594733199,0.10701344142634478
2019-01-16,20856.0,1446.0,3094750.0,2140.21438450899,256218390.335141,0.00736820551005212,0.0188786975544407076533117754892,0.003,0.00768655171005423,29.6865,76.062272446841632965,0.0,0.0,0.0,0.0,0.0,50.47228359,31.740257179998874,0.0007103391846873173,2.56218390335141,-69.20865949007569,0.977228353968416,100000000.0,4633.0,500.0,1981285.42795483,5076417.6314505751493390968103,3962.57085590984,10152.8352629016114917807968744,1.093483865,2.80170675747748625999965,1981285.42795492,5076417.6314508057458903984372,0.07408883808654874,0.09483461475435515,0.10701816113268407
2019-01-17,7927.0,1460.0,2927571.0,2005.18561643836,258773559.264507,0.00427289489858636,0.0110571222127034705699562232452,0.003,0.00776320677793521,20.856,53.96981352020557992,0.0,0.0,0.0,0.0,0.0,204.60519694,32.06819703902936,0.0007108911524247237,2.58773559264507,-68.23298139196845,-24.81035880528773,100000000.0,5472.0,5139.0,488746.13889263,1264745.7793803095893024288341,95.1074048405682,246.112816630042350283879728774,0.00041388,0.0010710120070839415716,488756.95347568,1264773.7646617876903811168976,0.074067938491543,0.07549827822864967,0.10701656337191355
2019-01-18,5553.0,1462.0,2364977.0,1617.63132694938,252147354.027239,0.00878245476003147,0.0221447272960586540243887721133,0.003,0.00756442062081717,33.4875,84.437845179871660125,0.0,0.0,0.0,0.0,0.0,338.13459591,31.267369156501804,0.0006985800584453526,2.52147354027239,-69.6893075258005,-33.38018510899415,100000000.0,4426.0,482.0,295740.22063915,745701.1411359352917908980685,613.568922488029,1547.09780318700612904917421931,1.137039645,2.86701537910821152890155,295740.22063923,745701.1411361370096741198597,0.07391926215798765,0.07290649399080111,0.10457965144252904
2019-01-19,5106.0,1475.0,1633647.0,1107.55728813559,257259276.781382,0.0120547169811321,0.031011877723702885705105625622,0.003,0.00771777830344146,28.7505,73.96332837103123191,0.0,0.0,0.0,0.0,0.0,303.12018566,32.00712309843715,0.0006976897457627125,2.57259276781382,-70.44202171519122,-37.45894078897315,100000000.0,2881.0,396.0,329902.14684393,848703.8770569471609988371126,833.086229403864,2143.19160872966548346514060048,6.65047685,17.108968646823235020067,329902.14684393,848703.8770569471609988371126,0.07392942106906583,0.0708991269216714,0.1007010419661558
2019-01-20,10955.0,1463.0,2503946.0,1711.51469583049,250148041.339009,0.00881472868217054,0.0220498711477974456472609259486,0.003,0.00750444124017027,34.113,85.33300134197614017,0.0,0.0,0.0,0.0,0.0,428.22122957,31.190264072711734,0.0007069696497378632,2.50148041339009,-74.23492126340622,-21.459005110913235,100000000.0,4130.0,5124.0,233524.15315924,584156.0951813463668720079316,45.5765326228415,114.008803666272478264383740735,0.00008568,0.0002143268418192629112,233534.15315944,584181.1099859805638546859496,0.07395549833362305,0.054617549281793736,0.10028292143968362
2019-01-21,6354.0,1436.0,2588416.0,1802.51810584958,250733621.446309,0.0041348433530906,0.010367442480336054811371125954,0.003,0.00752200864338927,19.533,48.97579827710753697,0.0,0.0,0.0,0.0,0.0,691.65184449,31.51138817463563,0.0007091638264967147,2.50733621446309,-69.94221760543932,-34.38507764562008,100000000.0,5006.0,978.0,144581.41158205,362514.2091978672032482315345,147.833754174233,370.66892556108839979440755997,0.002884095,0.00723139583945192555355,144581.4115824,362514.209198744770923293616,0.07394988439676722,0.041256346963530324,0.10007503935993214
2019-01-22,10922.0,1456.0,4965894.0,3410.64148351648,275767974.676986,0.00485633192279905,0.013392208187094871507127376633,0.003,0.00827303924030958,47.053,129.75710512476222258,0.0,0.0,0.0,0.0,0.0,348.53442636,34.762129955119214,0.0007708811981297479,2.75767974676986,-66.68713063677042,-25.797379431418666,100000000.0,10143.0,634.0,286915.70312177,791221.6235291390238757458522,452.548427636861,1247.98363332671715521781980946,6.987,19.26790839068101182,286915.70312177,791221.6235291390238757458522,0.0742247646073673,0.04571050157975672,0.10060239954154783
2019-01-23,3532.0,1456.0,5033213.0,3456.87706043956,302298607.275754,0.00324478449124188,0.0098089383261238632665907337752,0.003,0.00906895821827262,32.9735,99.67843127007074519,0.0,0.0,0.0,0.0,0.0,153.11179897,38.11663801902117,0.0008510913402734094,3.02298607275754,-62.90133295268636,-18.505338824643708,100000000.0,10535.0,974.0,653117.53029747,1974365.1979630524807393854238,670.551879155513,2027.06899174851279155040331802,14.42415668,43.6040247549126366113672,653117.53029747,1974365.1979630524807393854238,0.0745208344848271,0.04934034304690671,0.0995586998664984
2019-01-24,8393.0,1441.0,4944100.0,3431.02012491325,272074967.331898,0.00402465197215777,0.0109500705384708413179880954746,0.003,0.00816224901995694,34.6925,94.38960804161871365,0.0,0.0,0.0,0.0,0.0,123.99413833,34.502183082349404,0.000762629810751293,2.72074967331898,-69.73317550214547,-17.221570724734924,100000000.0,9041.0,13446.0,806489.7368892,2194256.688176401033504517016,59.9799745568496,163.190496181229281394324685408,0.0007274,0.001979073312372226052,806490.7378914,2194259.411652809675084798772,0.07493840345107637,0.04816192019787288,0.10070988959869505
2019-01-25,2826.0,1452.0,4218610.0,2905.37878787879,278775090.912267,0.00333694725301498,0.0093025777382869068051441675966,0.003,0.00836325272736801,27.393,76.36486065359729931,0.0,0.0,0.0,0.0,0.0,237.8356617,35.48707309478803,0.0007827791481697505,2.78775090912267,-68.97495411138392,-13.829190023876517,100000000.0,8665.0,656.0,420458.39250498,1172133.2659540144130354058966,640.942671501509,1786.78851517384454713477110903,18.0729095,50.382769889116739308365,420458.39250499,1172133.2659540422905444971233,0.07495957502012665,0.04844509733795396,0.10016562773760715
2019-01-26,3885.0,1463.0,3865099.0,2641.8995215311,266982745.011489,0.00311764705882353,0.0083235796974170115704867353617,0.003,0.00800948235034467,25.175,67.21290605664235575,0.0,0.0,0.0,0.0,0.0,418.82158506,34.0827626450176,0.0007505756229120256,2.66982745011489,-69.83560631975654,-10.959921317561614,100000000.0,8574.0,690.0,238765.15338998,637461.7606514608874239748022,346.036454188449,923.85762413274474134676090561,14.38772204,38.4127352470150033851756,238765.15339003,637461.7606515943787964805467,0.07495889320107746,0.04714095344852161,0.10047050194965615
2019-01-27,11167.0,1449.0,5012895.0,3459.55486542443,267741909.732556,0.00326427125506073,0.0087398221971504725465583812588,0.003,0.00803225729197668,32.251,86.34944330784663556,0.0,0.0,0.0,0.0,0.0,212.61492554,34.27121469485452,0.0007568431712625087,2.67741909732556,-70.30384615136033,-16.930348223344666,100000000.0,10638.0,8496.0,470333.866470859,1259280.87620804777416257585604,55.3594475619821,148.220442119843787460442592476,0.000161015,0.0004311046359558750434,470333.8664866,1259280.876250193028173577496,0.07468989691650403,0.0449277542400247,0.09920159302712966
2019-01-28,4523.0,1467.0,4549431.0,3101.1799591002,287702870.650832,0.00331906077348066,0.0095490331239495673282016490912,0.003,0.00863108611952496,31.239,89.87549976261340848,0.0,0.0,0.0,0.0,0.0,152.64159696,37.37004091660599,0.0008375501378101489,2.87702870650832,-68.94449208305046,-7.11305176662129,100000000.0,9831.0,799.0,655129.41421521,1884826.1311751390156521355472,820.154895250613,2359.60917741933780145056960016,2.12747937,6.1208192199942355333584,655303.76130524,1885327.7327580515161661195968,0.07480208007095175,0.04664182551633868,0.0993995558178421
2019-01-29,8376.0,1470.0,6104086.0,4152.43945578231,292211440.937451,0.00349420337860219,0.0102104620418985557852760161769,0.003,0.00876634322812353,42.196,123.30153961796682396,0.0,0.0,0.0,0.0,0.0,199.97013378,38.06624112390543,0.0008605023738151884,2.92211440937451,-66.50726011942355,-4.750621515837428,100000000.0,12469.0,2226.0,500074.67671291,1461275.4185860940344959419241,226.897878128836,663.02155913677315833595437036,0.00300925,0.0087933727864102442175,505074.67671479,1475885.9906384601595855660029,0.07367696970384538,0.046735179571896976,0.0993990519497956
2019-01-30,11932.0,1463.0,5011316.0,3425.36978810663,285993054.664115,0.00361724379503603,0.0103450660240717012267597306345,0.003,0.00857979163992345,36.1435,103.367899712524405025,0.0,0.0,0.0,0.0,0.0,76.16034731,37.167402653956415,0.0008318839947399186,2.85993054664115,-62.13172136406736,-9.812570071971297,100000000.0,10862.0,1152.0,1313019.22235674,3755143.782345049109394063851,1139.77363051812,3259.673422174855057700212638,1.0,2.85993054664115,1313019.22235687,3755143.7823454209003651272005,0.0736672506557823,0.04639847136341035,0.09807039415638209
2019-01-31,11699.0,1485.0,4800204.0,3232.46060606061,276300763.11497,0.00389437533802055,0.010760188777511972072918726335,0.003,0.0082890228934491,36.0035,99.47794524809822395,0.0,0.0,0.0,0.0,0.0,214.06162704,35.92938443706654,0.0008102348947983633,2.7630076311497,-63.68501250246129,-11.59802735075847,100000000.0,9625.0,5951.0,467155.18976162,1290753.354242542262829534514,78.5002839462342,216.89688359086338081993145974,0.00067833,0.001874230966437776001,467155.18976404,1290753.354249228741296916788,0.07370777462679658,0.04670512771736036,0.09727217931811895
2019-02-01,35343.0,1449.0,5332689.0,3680.25465838509,270260262.086993,0.00652778453307393,0.0176420075875597954705536039249,0.003,0.00810780786260979,53.6845,145.087870400091757085,0.0,0.0,0.0,0.0,0.0,304.30761087,35.168760802481664,0.0007844886739380872,2.70260262086993,-58.91464916768534,-13.360322394778843,100000000.0,9427.0,623.0,328614.85032634,888115.3557487462557551929562,527.471669865859,1425.54631741410901171698671987,4.0,10.81041048347972,328614.85032643,888115.3557489894899910712499,0.07370947140200744,0.04681785436876259,0.09690386898376263
2019-02-02,5776.0,1453.0,3505932.0,2412.89194769443,268155126.25222,0.00488317443265745,0.01309448256500871274993562039,0.003,0.0080446537875666,36.365,97.514611661619803,0.0,0.0,0.0,0.0,0.0,149.60824893,34.89082647357007,0.0007745816058152745,2.6815512625222,-56.648311151877785,-12.559391326479922,100000000.0,7795.0,832.0,668412.34165877,1792381.958660494791681949694,803.380218339868,2154.3052387746337303304950696,0.35,0.93854294188277,668412.34165877,1792381.958660494791681949694,0.07369659344670387,0.04676500276723712,0.08528869057172227
2019-02-03,8583.0,1484.0,4644066.0,3129.42452830189,278657227.342112,0.00393244194229416,0.0109580336832352022165645966592,0.003,0.00835971682026336,39.116,108.99956104714052992,0.0,0.0,0.0,0.0,0.0,87.55017755,36.198147209544665,0.000816453156964442,2.78657227342112,-57.58813268146889,-9.039558440828815,100000000.0,10301.0,1101.0,1142202.13820191,3182828.8089557606460810183392,1037.42246884849,2890.8526875172878219992461088,1.1,3.065229500763232,1142202.13820219,3182828.8089565408863175762528,0.0736713960077115,0.0474152392078416,0.08312906275121662
2019-02-04,7145.0,1474.0,4347918.0,2949.7408412483,268195303.049164,0.0041430714523836,0.011111523037263596391157873104,0.003,0.00804585909147492,37.2835,99.99259581233505994,0.0,0.0,0.0,0.0,0.0,114.08142558,34.7956359123943,0.0007861764949011429,2.68195303049164,-53.41465304173166,-11.899679977955989,100000000.0,9512.0,1407.0,876566.886222,2350911.21693171349660218408,623.004183526951,1670.86795801907609790072018964,0.1,0.268195303049164,876566.88622242,2350911.2169328399168749905688,0.07364481351747831,0.04784549845792251,0.07905350536317814
2019-02-05,5953.0,1447.0,4570383.0,3158.52315134762,262744293.275129,0.00362189944134078,0.0095163340902866778456518746062,0.003,0.00788232879825387,32.416,85.17119010806581664,0.0,0.0,0.0,0.0,0.0,330.51904381,34.09576233686976,0.0007668086275540811,2.62744293275129,-40.11286437762765,-17.458659128710707,100000000.0,10121.0,705.0,302554.42726103,794944.4916796075081968992287,429.155215973092,1127.58083926185409979416828868,7.56216589,19.8691593239733690914981,302554.42726103,794944.4916796075081968992287,0.07352818592328957,0.047022788428717426,0.07908526242916354
2019-02-06,5312.0,1444.0,5120232.0,3545.86703601108,247428557.542554,0.00320895390852208,0.0079398683680615903592284859232,0.003,0.00742285672627662,36.412,90.09368637239476248,0.0,0.0,0.0,0.0,0.0,280.53140193,32.160535322332294,0.0007347530508474582,2.47428557542554,-50.79668994064181,-15.302021062953225,100000000.0,11663.0,958.0,356466.3325142,881999.504664729225803092668,372.094292812338,920.66754140373510078771231252,1.1,2.721714132968094,356466.33251422,881999.5046647787115146011788,0.07366271363318617,0.04573818688206646,0.07942335581213072
2019-02-07,8401.0,1452.0,4734642.0,3260.77272727273,246080778.347238,0.00419770617149099,0.0103297480195350733476640838562,0.003,0.00738242335041714,38.43,94.5688431188435634,0.0,0.0,0.0,0.0,0.0,145.89481851,31.975805365504,0.0007326288742027932,2.46080778347238,-50.71815628709167,-13.926312633504734,100000000.0,10846.0,4030.0,685425.30174155,1686699.917514510898520323389,170.081960730313,418.53901279339791103586425494,0.002,0.00492161556694476,685430.30174316,1686712.2215573901609517139208,0.07360275253539535,0.04563785551622807,0.0792711621436791
2019-02-08,5630.0,1443.0,4648283.0,3221.26334026334,260378508.20025,0.00391271306047118,0.01018786389701120415758793795,0.003,0.0078113552460075,36.04,93.8404143553701,0.0,0.0,0.0,0.0,0.0,269.55279193,33.811507139287826,0.0007207750233781426,2.6037850820025,-58.07730369481615,-7.972405628858114,100000000.0,10363.0,857.0,370984.84228209,965964.797983156239887085225,432.888964156464,1127.14982703411589948043916,1.1,2.86416359020275,370985.84228209,965967.401768238242387085225,0.07318758773748972,0.046978515922778324,0.07904819937672282
2019-02-09,7777.0,1463.0,4754475.0,3249.81203007519,256950740.056594,0.00397025618758141,0.0102016026561331478842338231754,0.003,0.00770852220169782,36.574,93.97716366829868956,0.0,0.0,0.0,0.0,0.0,252.21331976,33.393373792211136,0.0007095601084266683,2.56950740056594,-57.21677265998974,-0.6831052622443159,100000000.0,10543.0,967.0,396489.76547389,1018783.3866338142796582933066,410.020439993971,1053.55055494781140769558794774,0.02128142,0.0546827661845520068348,396489.76547417,1018783.3866345337417304517698,0.07313810681499848,0.04410022068054679,0.07881164512004236
2019-02-10,6825.0,1429.0,4747826.0,3322.48145556333,269109648.499086,0.0039807779799818,0.010712657629458038033235966348,0.003,0.00807328945497258,34.999,94.18568587819510914,0.0,0.0,0.0,0.0,0.0,195.66889723,34.962109350347546,0.0007389016924161236,2.69109648499086,-52.27623434595302,5.22323931082154,100000000.0,10300.0,1187.0,511067.42776805,1375331.758459919594014450023,430.553856586538,1158.66197005929124786972904268,0.04,0.1076438593996344,511067.42776822,1375331.7584603770804168984692,0.0729888727242801,0.04484448645510685,0.0754319509240251
2019-02-11,18041.0,1455.0,5636690.0,3874.01374570447,285258004.236335,0.00406642512077295,0.0115998031432818923510967513825,0.003,0.00855774012709005,43.771,124.86028103428619285,0.0,0.0,0.0,0.0,0.0,170.65650591,37.01745203663231,0.0007944536729157793,2.85258004236335,-47.84590405300418,10.50149048974751,100000000.0,11735.0,1535.0,585972.38626105,1671533.1344242992985120525175,381.742271180026,1088.9503840946000108743544471,0.03997594,0.114034568618714737799,585974.38626134,1671538.839585211273424337889,0.07300093755684364,0.046007032043391634,0.07558343122910298
2019-02-12,44383.0,1446.0,7196991.0,4977.17219917012,281514991.453726,0.00503855764259866,0.0141842951169526759145777960716,0.003,0.00844544974361178,58.4775,164.62292912735262165,0.0,0.0,0.0,0.0,0.0,207.6684121,36.513885210648105,0.0007846227542035849,2.81514991453726,-50.88261326574235,7.189334863191954,100000000.0,13857.0,1096.0,481536.88367922,1355598.5169360946927125777372,439.358470510255,1236.8599607081656312344096013,0.3960051,1.114813723421319100026,481536.88367924,1355598.5169361509957108684824,0.07300973706973696,0.04602558693189318,0.07396134942671341
2019-02-13,9480.0,1472.0,5469934.0,3715.98777173913,270900364.271051,0.00346577964966019,0.0093888096957614098712920415969,0.003,0.00812701092813153,36.207,98.08489489161943557,0.0,0.0,0.0,0.0,0.0,861.90640129,35.19389641700405,0.000757533269053126,2.70900364271051,-51.584936849799725,-0.45435389944608556,100000000.0,12067.0,762.0,116021.87876794,314303.6922164666379208890494,152.264932766325,412.48625752104531733545157575,0.1,0.270900364271051,116025.87876794,314314.5282310374799608890494,0.07271532583387573,0.046165359949063484,0.07391728663964264
2019-02-14,8414.0,1472.0,6012461.0,4084.55230978261,262488383.949196,0.0047815042885419,0.012550893335455135034145173124,0.003,0.00787465151847588,43.483,114.13782399262889668,0.0,0.0,0.0,0.0,0.0,287.79155056,34.14348106862944,0.0007369302243376295,2.62488383949196,-59.180672465997816,2.4361611966883103,100000000.0,11892.0,1757.0,347473.717715881,912078.14628060720071466381676,197.765348728532,519.11106788901548595483660272,0.03052714,0.0801301964519085917944,347473.71771603,912078.1462809983084067481188,0.07273880906771153,0.0451672121788719,0.07400976225927972
2019-02-15,22541.0,1463.0,6387754.0,4366.2023239918,262458255.432178,0.0043424132573796,0.011397022078974111653458007688,0.003,0.00787374766296534,41.926,110.03824817249494828,0.0,0.0,0.0,0.0,0.0,119.47137207,34.45674367639351,0.0007362068603156048,2.62458255432178,-66.59189105102611,2.4353697206804843,100000000.0,13350.0,1305.0,837020.6039332,2196829.674690956991326425096,641.39509879941,1683.3943867364259463848141498,0.079,0.20734202179142062,837020.60393323,2196829.6746910357288030547494,0.07269545639285292,0.04516721756516868,0.07364369040922276
2019-02-16,8269.0,1446.0,5236037.0,3621.04910096819,258507430.227777,0.00351573338695084,0.0090884320322666038842070148268,0.003,0.00775522290683331,34.971,90.40263342495589467,0.0,0.0,0.0,0.0,0.0,89.04072217,33.86061331571,0.0007211338018702519,2.58507430227777,-66.59339214277999,-0.10284243780020548,100000000.0,11687.0,855.0,1123081.63687207,2903249.4788380422048190948839,1313.5457741194,3395.613425541621229335945738,4.183085,10.81358553774360552045,1123081.63687209,2903249.4788380939063051404393,0.07259823048472716,0.04522476376564115,0.06188538960278651
2019-02-17,8947.0,1481.0,4664851.0,3149.79810938555,258185265.189601,0.00383357487922705,0.0098977254681742853009457790705,0.003,0.00774555795568803,31.742,81.95316687648314942,0.0,0.0,0.0,0.0,0.0,645.24542208,34.00989952129501,0.0007126761044601866,2.58185265189601,-66.91720609424493,2.394596281073712,100000000.0,10358.0,948.0,154979.78998178,400134.9817547453763203546978,163.480791120084,422.08331408744655839419046484,0.001,0.00258185265189601,154979.78998184,400134.9817549002874794684584,0.07252345467528681,0.044960961291302566,0.06048501142114545
2019-02-18,9081.0,1464.0,4804501.0,3281.76297814208,271119534.301559,0.00293563656147987,0.0079590841742705233062388811733,0.003,0.00813358602904677,26.9785,73.143983561546094815,0.0,0.0,0.0,0.0,0.0,144.42474365,35.72347153165833,0.000701268682641729,2.71119534301559,-63.595394613319215,5.387660920758722,100000000.0,11213.0,1851.0,692402.129123421,1877237.42797349823662143713339,374.069221568703,1014.17473148253446731438507977,0.00273632,0.0074186980410004192288,692402.12912367,1877237.4279741733242618480153,0.07250234328678955,0.045688858875345,0.05978051532505552
2019-02-19,15629.0,1472.0,6495446.0,4412.66711956522,276934686.987966,0.00340343612334802,0.0094252951750292036046136992732,0.003,0.00830804060963898,38.629,106.97710023658138614,0.0,0.0,0.0,0.0,0.0,112.79342428,36.46119496977309,0.0007109210447316006,2.76934686987966,-65.37910620301449,10.708317165136155,100000000.0,14560.0,2150.0,886576.506045739,2455237.87192661275974938576874,412.361166532907,1141.97110579783120967051997162,0.000158,0.00043755680544098628,886576.50804575,2455237.877465336962324274445,0.07230111658533478,0.04546621152330937,0.05015591599213163
2019-02-20,17429.0,1457.0,5365795.0,3682.7693891558,276004589.781511,0.00365614089135346,0.0100911166690141970517047387806,0.003,0.00828013769344533,35.6035,98.267294122860268885,0.0,0.0,0.0,0.0,0.0,457.28582091,36.35249697650214,0.0007020134778811403,2.76004589781511,-65.05584843340729,10.078811205865119,100000000.0,11178.0,1521.0,218681.61099109,603571.2833435576259926773699,144.17002629263,397.9158896568699829704956393,0.00095391,0.0026328353823848115801,219282.60999109,605230.0681680986092875673699,0.07220297819514764,0.04548268151994044,0.043920894483248166
2019-02-21,22352.0,1452.0,5942554.0,4092.66804407714,281838703.821415,0.00430828917486752,0.012142426367324953862003639408,0.003,0.00845516111464245,45.53,128.3211618498902495,0.0,0.0,0.0,0.0,0.0,230.15494872,37.108608317021705,0.0007241000701344228,2.81838703821415,-60.53365459994872,2.2013901909892857,100000000.0,11606.0,2867.0,434489.89716041,1224560.6943918985622424818015,151.548621263603,427.12266982856401362151458245,0.01,0.0281838703821415,434489.89716275,1224560.6943984935879119029125,0.07221826983219451,0.04220784789465292,0.04395024948151931
2019-02-22,43564.0,1488.0,7136576.0,4796.08602150538,288322388.64198,0.00589116835326587,0.016985557315056554967271832226,0.003,0.0086496716592594,64.037,184.6330080146647326,0.0,0.0,0.0,0.0,0.0,324.39032469,37.93279198971332,0.0007302442857977788,2.8832238864198,-55.746566559919806,-4.623315588425794,100000000.0,12753.0,2419.0,308270.59991664,888813.157160618054708045472,127.437205422344,367.4299946922890777450840112,0.016,0.0461315821827168,308270.59991665,888813.15716064688694690967,0.07212529411021443,0.03881190951723044,0.044090921073256024
2019-02-23,24839.0,1471.0,6244723.0,4245.22297756628,288468543.841056,0.00417136722943301,0.0120330823050084054732243965856,0.003,0.00865405631523168,42.744,123.30299437942097664,0.0,0.0,0.0,0.0,0.0,240.97530561,37.93357878540085,0.0007018441301292915,2.88468543841056,-57.038178692015464,6.025389498314203,100000000.0,12225.0,817.0,414980.28084463,1197087.5733800288056015112928,507.931824779278,1465.22353864608730073514437568,2.28,6.5770827995760768,414980.30084467,1197087.6310738529612302477152,0.0721198958799324,0.033502127366925795,0.041341479694033845
2019-02-24,23888.0,1460.0,8270999.0,5665.06780821918,264502536.07579,0.00487639311043566,0.012898183446127419686736786714,0.003,0.0079350760822737,86.634,229.1491271038999086,0.0,0.0,0.0,0.0,0.0,181.4619795,34.75384118007546,0.0007045540412490409,2.6450253607579,-59.25467740194671,-5.119738205365236,100000000.0,20089.0,5194.0,551079.62712341,1457619.589538426549074432439,106.099754933302,280.6365425687819028026695858,0.0001766,0.00046711147870984514,551082.12712357,1457626.202102251647882153703,0.07241105519381166,0.036907426283322255,0.04272854647759349
2019-02-25,29152.0,1463.0,9449460.0,6458.96103896104,266775171.604612,0.00510816938622487,0.0136273276459556524764696110044,0.005,0.0133387585802306,143.0645,381.66056538028013474,0.0,0.0,0.0,0.0,0.0,137.61722337,35.01619679666204,0.0006979954646405616,2.66775171604612,-58.891691030014925,-0.07774787350697493,100000000.0,30507.0,1682.0,726653.2309942,1938530.403955234683060652504,432.017379307128,1152.51510500833825456529274336,0.02313764,0.0617254788152573479568,726653.23199459,1938530.4066240268222760304908,0.07232980105115344,0.036103178411378306,0.04167410914992497
2019-02-26,22689.0,1447.0,6001800.0,4147.75397373877,263121824.615846,0.00456255519576097,0.0120050784801913486149789033062,0.003,0.00789365473847538,61.996,163.12500638883988616,0.0,0.0,0.0,0.0,0.0,342.22580651,34.6383088231923,0.0006931235253279784,2.63121824615846,-60.670647346796926,-1.725574125218185,100000000.0,15308.0,1180.0,292204.73177901,768854.4218707699136141619246,247.631976084017,651.57377380454092230445533382,0.10368,0.2728047077617091328,292205.73177914,768857.0530893581304461625244,0.07224129693469487,0.03618522423820504,0.04054275955862393
2019-02-27,20673.0,1477.0,7858338.0,5320.47257955315,263609788.376999,0.00449376574047314,0.0118460063586193264548695330686,0.005,0.01318048941884995,108.8435,286.922120012118906565,0.0,0.0,0.0,0.0,0.0,205.12807875,34.751930768925334,0.0006938228082992409,2.63609788376999,-59.89898370503474,-8.3742933184262,100000000.0,27646.0,1151.0,487500.30034988,1285098.5100895531835704441012,423.545004648028,1116.50609043401718905365907972,1.976,5.20892941832950024,487500.30034988,1285098.5100895531835704441012,0.07220566434408192,0.033507598894345084,0.040264268578224544
2019-02-28,19572.0,1473.0,6554459.0,4449.73455532926,263016560.675514,0.00412636929278766,0.0108530345946606337009776335724,0.003,0.00789049682026542,47.086,123.84397775967252204,0.0,0.0,0.0,0.0,0.0,85.65661288,34.65047268306269,0.000693435765230193,2.63016560675514,-57.897361074508936,-9.991012045345018,100000000.0,14264.0,4506.0,1167452.18658886,3070592.5886971038789298717404,259.088368084849,681.44531484708591977908687386,0.00434623,0.0114313046650473921222,1167452.18659033,3070592.5887009702223718017962,0.07215218510334459,0.03332646584150049,0.04025416107618824
2019-03-01,14221.0,1471.0,6763374.0,4597.80693405846,267468228.515051,0.00463189744406402,0.0123888540402719595841917756502,0.003,0.00802404685545153,58.172,155.59161789177546772,0.0,0.0,0.0,0.0,0.0,143.60280038,35.352887693406714,0.0007018997895967259,2.67468228515051,-59.587739555326365,-6.477369239200756,100000000.0,17272.0,1134.0,696365.25009942,1862555.7984353230965671637042,614.078703791376,1642.46543071898070868180000176,2.84,7.5960976898274484,696365.25009942,1862555.7984353230965671637042,0.0721210492691655,0.033346559813519125,0.040063826702647506
2019-03-02,14109.0,1457.0,5255685.0,3607.19629375429,265192474.900264,0.00429549769460266,0.0113913366456005778891460910224,0.003,0.00795577424700792,47.5125,125.999574636987933,0.0,0.0,0.0,0.0,0.0,430.41160056,35.27823063143162,0.0006961083956750439,2.65192474900264,-60.2061860010262,-4.020361033199097,100000000.0,12581.0,1303.0,232335.74529647,616136.9130296825017036126808,178.308323328158,472.86025558710698275592833712,0.07970705,0.211377098564990876612,232335.74529659,616136.9130300007326734929976,0.07208444175423885,0.03281372286872486,0.04004190603146769
2019-03-03,17038.0,1455.0,5991700.0,4118.00687285223,262649494.774501,0.0171913511091194,0.045152996833012678209476844194,0.003,0.00787948484323503,153.45,403.0356497314717845,0.0,0.0,0.0,0.0,0.0,316.44904686,35.113422169429235,0.0006944023733834397,2.62649494774501,-61.88559705785477,-2.81608818615079,100000000.0,13208.0,1247.0,316006.63990538,829989.8431653572349107671538,253.413504334747,665.58928882557118688783886247,1.816,4.76971482510493816,316006.63990543,829989.8431654885596581544043,0.07204236038940581,0.032620402997592036,0.04005163931723679
2019-03-04,12086.0,1461.0,6352874.0,4348.30527036277,258412519.489094,0.00392890038259884,0.0101527704668903161460475705096,0.003,0.00775237558467282,55.4525,143.29620236968985035,0.0,0.0,0.0,0.0,0.0,162.67761428,35.73539851893763,0.0006987593556399778,2.58412519489094,-62.16622584371326,-3.6331980295474056,100000000.0,16155.0,1618.0,614712.72763562,1588494.6471033378513699592828,379.921339700748,981.76430599742244583809642312,0.109249755,0.2823150444311624467197,614712.72763581,1588494.6471038288351569885614,0.07136632830468276,0.03271797846011772,0.04004721507925897
2019-03-05,18367.0,1484.0,5789569.0,3901.32681940701,261347942.964417,0.00458283764870539,0.0119771519242903917745888610763,0.003,0.00784043828893251,52.391,136.92280079848771047,0.0,0.0,0.0,0.0,0.0,268.65965752,36.55155646150044,0.0006805709070718877,2.61347942964417,-61.19997962317989,-6.211676094962404,100000000.0,13511.0,2778.0,372218.1473935,972784.471553173982317970895,133.98781403707,350.1743958088708186012893819,0.00659078,0.0172248679553102027526,372218.14739498,972784.4715570419318738442666,0.07133559272077038,0.031950294833176185,0.04008833111552086
2019-03-06,18278.0,1455.0,5025843.0,3454.18762886598,254426455.039334,0.0041069033903107,0.010449048707857736875229810738,0.003,0.00763279365118002,43.488,110.64497676750556992,0.0,0.0,0.0,0.0,0.0,175.99124391,35.897879450681565,0.0006605050857659313,2.54426455039334,-58.465250849037766,-5.133888570489238,100000000.0,11851.0,1149.0,568210.08691208,1445676.7813063238663499975472,494.525750141062,1258.20433534057830451258532708,0.0761829,0.193829451816160781886,568210.08691208,1445676.7813063238663499975472,0.0712305846452272,0.03157060193773909,0.0402075520329159
2019-03-07,24126.0,1472.0,6497514.0,4414.07201086957,255749298.817957,0.00477097331541563,0.0122017308009673097088516246791,0.003,0.00767247896453871,49.704,127.11763148447734728,0.0,0.0,0.0,0.0,0.0,387.43345423,36.310953835905266,0.0006632634719462305,2.55749298817957,-58.622840274413804,-2.662282164144767,100000000.0,16619.0,1021.0,258108.84142403,660111.5521291092643561530671,252.800528329119,646.53557860981258958963189883,0.02110871,0.0539853778145159710547,258109.33942403,660112.8257606173777820130671,0.07116224393234027,0.03139181963528851,0.039735184955064916
2019-03-08,9961.0,1451.0,6671083.0,4597.57615437629,262885091.137568,0.00442310021192855,0.011627671023234332022026367664,0.005,0.0131442545568784,87.657,230.43718433845798176,0.0,0.0,0.0,0.0,0.0,110.44745869,37.25755479374009,0.0006847332612507306,2.62885091137568,-54.962727788880784,6.246867276973761,100000000.0,24389.0,10467.0,905407.88522428,2380182.3442385755516401375104,86.5011832639992,227.398714458639014951890419456,0.00000001,0.0000000262885091137568,905407.88522428,2380182.3442385755516401375104,0.07111585514098442,0.02972866073369154,0.0384341443787969
2019-03-09,19320.0,1436.0,7826469.0,5450.18732590529,271328766.425308,0.00405710071639275,0.01100808132642078220334067717,0.003,0.00813986299275924,48.1375,130.6108849379826385,0.0,0.0,0.0,0.0,0.0,112.12056762,38.5892046538454,0.0006938713711279953,2.71328766425308,-53.86141800130472,10.260040726319245,100000000.0,20390.0,1059.0,891897.01871073,2419973.1786519221909300315484,842.206816535581,2285.14936605584884550160883948,0.08003837,0.2171671219879237906796,891897.01871118,2419973.1786531431703789454344,0.0692265334134766,0.03017422541140749,0.03858244730937764
2019-03-10,17688.0,1503.0,4734550.0,3150.06653359947,272132871.179582,0.0044284918535023,0.012051382030889697281389500386,0.003,0.00816398613538746,31.801,86.54097436381887182,0.0,0.0,0.0,0.0,0.0,545.55189346,39.20533958869445,0.0006970773793103447,2.72132871179582,-50.67584263578243,4.514336863122361,100000000.0,11731.0,924.0,183300.61942557,498821.2385327622674915271174,199.329674703052,542.44156688233634864815484264,0.01,0.0272132871179582,184180.61942562,501216.0077992786555271169084,0.06912986484904653,0.02845213500021078,0.0385650362288816
2019-03-11,27451.0,1477.0,7256742.0,4913.16316858497,261977329.948268,0.00431693750681645,0.011309397615893065599758714086,0.001,0.00261977329948268,39.582,103.69586674012343976,0.0,0.0,0.0,0.0,0.0,255.43730897,38.21113553774829,0.000680183414279336,2.61977329948268,-55.14984459608334,1.9562465126844362,100000000.0,19894.0,1456.0,391485.48974139,1025603.2331593941533339841252,268.87739680079,704.3978249731194059940153172,0.01,0.0261977329948268,391485.48974195,1025603.233160861226381694426,0.06919035305789747,0.029243050666847764,0.037100651922110935
2019-03-12,18139.0,1465.0,6843429.0,4671.28259385666,276443616.252257,0.00433921081913892,0.0119954713052368135473824654244,0.003,0.00829330848756771,50.695,140.14309125908168615,0.0,0.0,0.0,0.0,0.0,599.52786029,41.407097175374346,0.0007163765692577443,2.76443616252257,-50.63215982583091,2.72527120230545,100000000.0,13806.0,2674.0,166797.91986811,461102.2015169451435792982427,62.3782415371877,172.440666659969143341695576389,0.00276372,0.0076401275110868771604,166799.41787044,461106.3426487577386478358308,0.06884678300024233,0.029675980749556595,0.03770282617653323
2019-03-13,22334.0,1468.0,7187676.0,4896.23705722071,267559713.652183,0.00366981921660529,0.0098189577875018993282505784807,0.003,0.00802679140956549,43.847,117.31690764507268001,0.0,0.0,0.0,0.0,0.0,84.71923499,41.06690020750855,0.0006946071341298166,2.67559713652183,-51.899270255794235,-6.204309895363715,100000000.0,14614.0,829.0,1180369.48768612,3158193.2212907221487115679996,1423.84739166008,3809.6420039697866179208595464,14.81075303,39.6276083968000173336449,1180369.48768621,3158193.2212909629524538549643,0.06862201446402441,0.028221751365264554,0.037940204635563274
2019-03-14,16368.0,1464.0,5731203.0,3914.75614754098,270336127.934916,0.00387060935921894,0.0104636554691989460432891450904,0.003,0.00811008383804748,34.491,93.24163388603187756,0.0,0.0,0.0,0.0,0.0,133.11042144,42.48476450086871,0.0007014824377556973,2.70336127934916,-45.63592989127995,-3.97096561752646,100000000.0,11755.0,827.0,751255.97921794,2030916.3250973162358489959304,908.411099417098,2455.76339189518302322081593768,89.665,242.3968891128424314,751255.97921794,2030916.3250973162358489959304,0.0686224693094356,0.028230385505306373,0.037899384986683896
2019-03-15,15400.0,1465.0,6882270.0,4697.795221843,275461042.586655,0.00408701086019652,0.011258122726127150801624294406,0.003,0.00826383127759965,47.4175,130.616739868527134625,0.0,0.0,0.0,0.0,0.0,146.090446,44.1745041472619,0.0007059638628132405,2.75461042586655,-47.17491272753315,1.6835260919179746,100000000.0,14637.0,1448.0,684507.4591473,1885551.383550574129326592815,472.7261458202,1302.17636985603393724549431,0.02399855,0.0661066560356796935025,684507.45914765,1885551.3835515382429756461075,0.0685980947873036,0.02756346642060987,0.03769774853032744
2019-03-16,8223.0,1461.0,4622939.0,3164.22929500342,277454036.177629,0.00277482594356907,0.0076988665773363627379675033503,0.003,0.00832362108532887,22.7175,63.030620668652868075,0.0,0.0,0.0,0.0,0.0,246.08418262,45.21180779472574,0.0006954090656089136,2.77454036177629,-45.11685746640665,5.701453147477012,100000000.0,10551.0,687.0,406365.00459791,1127476.1068703089606648215539,591.506556911077,1641.15881640510724954329696433,10.56828668,29.3221379484827467468172,406365.00459791,1127476.1068703089606648215539,0.06840143095773776,0.02690746107520635,0.036863232692786935
2019-03-17,15012.0,1454.0,4768059.0,3279.27028885832,272214463.692504,0.0038205982077985,0.01040022092120410630998792444,0.003,0.00816643391077512,31.5505,85.88502436730347452,0.0,0.0,0.0,0.0,0.0,135.08178517,45.255953275444455,0.0006861724665958975,2.72214463692504,-40.92454329375351,3.7172419073886305,100000000.0,10604.0,1085.0,740292.25980628,2015182.6047887834531252812512,682.297013646553,1857.31115648793507834331538712,0.02997416,0.0815939988903330569664,740292.25980651,2015182.6047894095463917740104,0.0683939364989651,0.02717622956136493,0.036956846702381925
2019-03-18,10190.0,1432.0,5967843.0,4167.48812849162,273443342.225334,0.00323156853043048,0.0088365089959112141310018178032,0.003,0.00820330026676002,32.655,89.2929234036828177,0.0,0.0,0.0,0.0,0.0,221.49933387,50.56794756699936,0.0006888713072376271,2.73443342225334,-37.42386559752979,5.7777495928827305,100000000.0,14687.0,981.0,451468.62635275,1234510.900997764623410705685,460.213686394343,1258.42368545510870624288885562,0.02877337,0.0786788645988615855558,451469.62635285,1234513.635431460320092931019,0.06830578980914762,0.02700405001059087,0.036941311665248444
2019-03-19,12367.0,1462.0,6453199.0,4413.95280437757,272621311.64799,0.00324865671641791,0.008856530551239029137516515009,0.003,0.0081786393494397,32.649,89.0081320399522551,0.0,0.0,0.0,0.0,0.0,428.3400252,57.12589355003657,0.0006822068497291409,2.7262131164799,-43.32405509012501,5.591351794529299,100000000.0,14726.0,2774.0,233459.3876729,636460.04483922585790062471,84.1598369412401,229.43765135001838767325272399,0.00280264,0.007640593928771226936,233459.387675,636460.0448449509054452325,0.06830015665053857,0.027012993782764703,0.03677698664344495
2019-03-20,15831.0,1454.0,6496367.0,4467.92778541953,278200282.811874,0.00404247595700547,0.0112461795449912275466039895078,0.003,0.00834600848435622,42.8745,119.27698025417691813,0.0,0.0,0.0,0.0,0.0,214.61515349,61.57010958232027,0.0006902110544603023,2.78200282811874,-45.12116520398529,2.611670357341078,100000000.0,15334.0,925.0,465950.32258064,1296275.1151821796793531451936,504.273855762973,1402.89129287893246132093941402,2.0,5.56400565623748,466453.31658075,1297674.445913012457171798255,0.06831309202102502,0.025770035027148048,0.03677861055085528
2019-03-21,18340.0,1459.0,6492146.0,4449.72309801234,271624463.838576,0.00434317551607271,0.0117971272091008047427091886096,0.003,0.00814873391515728,42.2895,114.86862763501459752,0.0,0.0,0.0,0.0,0.0,155.02439621,61.70500584518674,0.0006831130703751382,2.71624463838576,-45.5313106911695,-1.917500190079387,100000000.0,13676.0,1005.0,645059.76118349,1752140.1177530535001007631024,641.850508640428,1743.42300273973547723819550528,1.005,2.7298258615776888,645059.76118363,1752140.1177534337743501371088,0.06820824472440164,0.025857864338245995,0.03672682953556354
2019-03-22,21698.0,1471.0,4562992.0,3101.96600951734,275497531.185959,0.00417674869681173,0.0115068395435580319774904249907,0.003,0.00826492593557877,34.454,94.91991939481031386,0.0,0.0,0.0,0.0,0.0,772.7166895,66.28737777600183,0.000691529369496497,2.75497531185959,-42.84935593335372,-0.18371382735098563,100000000.0,8792.0,708.0,129413.53714659,356531.0998592794202353272981,182.787481845466,503.57499980124183880947011894,0.4,1.101990124743836,129413.53714659,356531.0998592794202353272981,0.06799873758594364,0.025991885146252072,0.036763777912249405
2019-03-23,12476.0,1447.0,3669368.0,2535.84519695923,277314673.407702,0.00335068135691505,0.009291931061861728701056297151,0.003,0.00831944020223106,23.113,64.09574046472216326,0.0,0.0,0.0,0.0,0.0,1586.15248697,70.39081359436769,0.0006964597483833304,2.77314673407702,-40.733955749305835,-1.605184225009637,100000000.0,7571.0,489.0,63045.64083304,174834.8129739376905483207408,128.927690865133,357.53540485473522417605454366,3.59231321,9.9620116460932361034342,63045.64083305,174834.812973965422015661511,0.06795061639670559,0.02572321478098929,0.03465970461387251
2019-03-24,8841.0,1454.0,3234463.0,2224.52751031637,272735996.150386,0.00320082799562568,0.0087298101189301319692744351248,0.003,0.00818207988451158,20.4885,55.87951457127183561,0.0,0.0,0.0,0.0,0.0,2686.0184539,72.8644346472025,0.0006868770334388503,2.72735996150386,-42.791819247114766,-5.405890456515385,100000000.0,6946.0,4424.0,37229.82612237,101539.1371399024446175873482,8.41542181790009,22.9518845253067330014636293474,0.000082505,0.0002250208336238759693,37229.82612239,101539.1371399569918168174254,0.06794284335532534,0.02549812485734263,0.03255768632548332
2019-03-25,18144.0,1443.0,4438043.0,3075.56687456687,267239545.978365,0.00446967550862735,0.0119447405359619066755394728275,0.003,0.00801718637935095,34.7115,92.762855002280166975,0.0,0.0,0.0,0.0,0.0,651.74728243,73.11149898528173,0.0006837850935125674,2.67239545978365,-43.52169255430008,-7.359207205062888,100000000.0,9055.0,1625.0,153433.70459129,410035.5355275491695550744085,94.4207412871631,252.329560325221297342048263315,0.00400538,0.010703959326708236037,153433.70459164,410035.535528484507965998686,0.06765556325434939,0.025715206145789815,0.029696141167262262
2019-03-26,16391.0,1432.0,4573855.0,3194.03282122905,266621651.554304,0.00417338463417613,0.0111271470373539460165299556352,0.003,0.00799864954662912,34.1675,91.0979527948168192,0.0,0.0,0.0,0.0,0.0,547.50525366,75.32794444419466,0.0006805455669199299,2.66621651554304,-39.054867366026095,0.8011701929038652,100000000.0,8615.0,2544.0,182646.64919801,486975.5126003302035156373504,71.7950665093121,191.421192061638915226548342784,0.001484785,0.0039587582890305726464,182646.64919969,486975.5126048094472617496576,0.06763477732034735,0.020215984535602975,0.0295203329870208
2019-03-27,19511.0,1467.0,5143699.0,3506.27062031356,274173683.043232,0.00435492773986351,0.0119400657782551669005710926432,0.003,0.00822521049129696,43.3925,118.9708154145344456,0.0,0.0,0.0,0.0,0.0,445.85792265,79.43073131978363,0.0006808372087514497,2.74173683043232,-33.96731005364192,2.77331334626048,100000000.0,10578.0,1274.0,224286.6951995,614935.09280441697165364784,176.049211302865,482.6806065976268500484045968,0.020079015,0.0550513749443030097648,224286.69519985,614935.092805376579544299152,0.06757207781261253,0.020791268336731266,0.029212536481974864
2019-03-28,10930.0,1461.0,4461285.0,3053.58316221766,274912614.705728,0.00417660153351472,0.0114820044816248492972235631616,0.003,0.00824737844117184,33.772,92.84348823841846016,0.0,0.0,0.0,0.0,0.0,748.29670973,81.34901773874756,0.0006854073824624667,2.74912614705728,-35.303458852838055,4.481114444647988,100000000.0,9224.0,7116.0,133636.82974982,367384.5028750723481516096896,18.7797680935132,51.627951501549184326036836096,0.00065352,0.0017966089196248736256,133636.82975344,367384.5028850241848039570432,0.06757215566595515,0.020606346050928658,0.029212336988443364
2019-03-29,6978.0,1451.0,3730563.0,2571.02894555479,282293813.524586,0.00365216661068189,0.0103098404015655273177773994754,0.001,0.00282293813524586,21.745,61.3847897509212257,0.0,0.0,0.0,0.0,0.0,504.54366815,85.2120321784695,0.0006902958868197584,2.82293813524586,-23.03207261255324,7.08775848674717,100000000.0,9354.0,716.0,198198.89994373,559503.2330149339526837154578,276.814106066676,781.42909638961204920681296136,0.151055275,0.4264196963275505749115,198198.89994374,559503.2330149621820650679164,0.06759076239329768,0.021107545959526835,0.027887672429856968
2019-03-30,6220.0,1438.0,2856841.0,1986.67663421419,278053883.795423,0.00326235899137359,0.0090711158788634557914532507857,0.003,0.00834161651386269,19.6655,54.680686517788910065,0.0,0.0,0.0,0.0,0.0,872.27183491,86.23475063365545,0.000679524164231445,2.78053883795423,-21.913015955802923,5.717253347579379,100000000.0,6448.0,624.0,114643.16053594,318769.7603760028473799900262,183.72301367976,510.8489749625689721827573848,0.028511435,0.07927715234330756162005,114643.16053617,318769.7603766423713127194991,0.06757829120957978,0.021332786750574966,0.02787312368001117
2019-03-31,6846.0,1469.0,3092109.0,2104.90742001361,278415478.068743,0.00436875664187035,0.0121632946901232974710939347005,0.001,0.00278415478068743,28.777,80.11962212384217311,0.0,0.0,0.0,0.0,0.0,258.61151755,91.74769094225243,0.0006800045591654283,2.78415478068743,-22.999069385092845,4.092915863117532,100000000.0,7064.0,873.0,386680.38046247,1076578.0298626201550479157521,442.93285276354,1233.1936195451314316964403022,0.03032533,0.0844304124954239416019,386680.38046257,1076578.0298628985705259844951,0.06756953164677972,0.021145587211725065,0.027741495013437124
2019-04-01,8848.0,1461.0,4028131.0,2757.1054072553,289402726.38039,0.00388419721871049,0.011240972648939437908210232911,0.003,0.0086820817914117,30.724,88.9160936531110236,0.0,0.0,0.0,0.0,0.0,34.76651875,103.01291439905937,0.0006993076577258314,2.8940272638039,-17.087574798519153,9.129313148584325,100000000.0,8420.0,1053.0,2876330.54966887,8324179.030453767531281614593,2731.56083963261,7905.211542635846002827085179,0.02294418,0.066401082465624166302,2876333.56413314,8324187.754395550674002451246,0.06762500187117498,0.022121299155331363,0.027828604173098175
2019-04-02,7940.0,1478.0,7927178.0,5363.44925575101,311771897.347653,0.00433807677413545,0.0135249042671199518620716159885,0.003,0.00935315692042959,48.1700045,150.180536982099830744385,0.0,0.0,0.0,0.0,0.0,272.54428066,114.85068560225643,0.0006357865692751328,3.11771897347653,-16.775613314062927,18.702644989028542,100000000.0,11835.0,3288.0,366912.85452167,1143931.1681546443812101214051,111.697751611946,348.24219949523270722709862738,0.0020251,0.006313692693187320903,367262.20730008,1145020.3519403299800625471224,0.06784189626509704,0.025539765613646608,0.029239373061343304
2019-04-03,9594.0,1452.0,7470355.0,5144.87258953168,288364285.528961,0.00351205354094106,0.0101275081007292634711182403866,0.003,0.00865092856586883,51.427,148.29710111897877347,0.0,0.0,0.0,0.0,0.0,171.62682761,108.50420538156698,0.0005813529310011246,2.88364285528961,-28.325150940256066,11.590679158689547,100000000.0,16174.0,2544.0,582659.4909127,1680181.878037088798921727047,229.077185609595,660.57678959296048491811980795,9.092939885,26.22079113295817799509485,582772.36019081,1680507.3527244923963974104841,0.06808035646528585,0.029549460345779457,0.031006841208465006
2019-04-04,12130.0,1433.0,5662516.0,3951.51151430565,279577716.170295,0.00301466866622926,0.008428341807145258436856718317,0.003,0.00838733148510885,32.1635,89.921978740432832325,0.0,0.0,0.0,0.0,0.0,508.09554024,108.86336256572966,0.00056925750998883,2.79577716170295,-21.864928651648817,6.975288574725845,100000000.0,13518.0,4361.0,196813.37874474,550246.349412136905471754983,45.1303322051319,126.174352079174900036133369105,0.00121341,0.0033924239657819765595,196813.37874658,550246.349417281135449288411,0.06807065858195142,0.030172638797939355,0.030888956643099288
2019-04-05,5049.0,1456.0,3610561.0,2479.78090659341,289981498.48966,0.00422233712512927,0.012243996466735087549372583482,0.003,0.0086994449546898,32.664,94.7195566666625424,0.0,0.0,0.0,0.0,0.0,756.96762868,124.83521563308051,0.0005761345273108057,2.8998149848966,-17.91039342306453,13.97458587583954,100000000.0,8469.0,1407.0,132106.04550553,383083.090352368029261778198,93.8920010702203,272.26943166535243028053472098,0.01696849,0.049205481573068108134,132106.0455058,383083.09035315097930770028,0.06812052476747747,0.030284274136878505,0.030825540735737542
2019-04-06,6454.0,1496.0,3839481.0,2566.49799465241,298294190.07847,0.00307423435419441,0.009170262467958298032515353527,0.001,0.0029829419007847,18.47,55.094936907493409,0.0,0.0,0.0,0.0,0.0,529.40843884,131.47072591968234,0.0005913423637319994,2.9829419007847,-11.975352789032618,16.63538921011727,100000000.0,10385.0,830.0,188890.07553149,563448.120945268332700560203,227.578404254952,678.8531577658153771076608344,0.0507093,0.15126289572946158771,188890.07553161,563448.120945626285728654367,0.06814659748467748,0.03059743970669592,0.030883336963383974
2019-04-07,8333.0,1453.0,3650230.0,2512.20233998624,296832523.92007,0.00368680777036822,0.010943644556865246069017481754,0.001,0.0029683252392007,25.4316,75.48926015325652212,0.0,0.0,0.0,0.0,0.0,232.72322062,141.20611070658506,0.0005720295234732601,2.9683252392007,-16.140539588325513,12.913411192549235,100000000.0,9042.0,1051.0,429694.98158554,1275474.458998238402248277878,408.843940614301,1213.5817878197018015242292107,0.57724,1.713436061076212068,429694.98158563,1275474.458998505551519805941,0.06814204714953614,0.030351026453959994,0.029803335118830328
2019-04-08,5764.0,1453.0,4436258.0,3053.17136958018,288935430.078959,0.00342310368823939,0.0098905593636631893670739399501,0.003,0.00866806290236877,24.595,71.06366902791996605,0.0,0.0,0.0,0.0,0.0,224.81559433,145.1791279182865,0.0005468716563496226,2.88935430078959,-20.633463295520215,6.489051598035339,100000000.0,8294.0,1162.0,444809.00133356,1285210.8010330440596709656404,382.796042456024,1106.03339159554743246605199016,0.1160364,0.335270271388141181076,444809.0013339,1285210.801034026440133234101,0.06817405035114885,0.03040072542592265,0.030035610190582485
2019-04-09,7163.0,1464.0,4782045.0,3266.42418032787,281221710.29045,0.00354800759013283,0.009977767626206523842933804735,0.003,0.0084366513087135,28.047,78.8742530851625115,0.0,0.0,0.0,0.0,0.0,85.39522518,141.309914889815,0.0005412712795871361,2.8122171029045,-18.832802794601758,3.3398534588900306,100000000.0,10322.0,3233.0,1171025.66082417,3293178.391309774999170801765,362.23497087112,1018.68338035387703304716804,0.00462554,0.01300802269816888093,1171105.66082633,3293403.368684081748113075485,0.0675047163833475,0.0308618639999648,0.029429464375897305
2019-04-10,4541.0,1473.0,4004092.0,2718.3245078072,280042298.857354,0.00372193494578816,0.0104229921841603756110294212864,0.003,0.00840126896572062,22.313,62.48583814404139802,0.0,0.0,0.0,0.0,0.0,191.45559398,145.66443597229255,0.0005272137083716575,2.80042298857354,-22.528247880044205,6.895622958159496,100000000.0,9165.0,917.0,522314.32847253,1462701.0527158240984717748562,569.590325488255,1595.0938415663944612864737727,4.44731102,12.4543520177444385224108,522314.32847273,1462701.0527163841830694895642,0.06750499408169695,0.029988582023385817,0.02937685108028265
2019-04-11,7088.0,1429.0,5742153.0,4018.30160951714,263992225.089051,0.00349613713182038,0.0092295302064571492427123665938,0.003,0.00791976675267153,36.2025,95.571785287863688275,0.0,0.0,0.0,0.0,0.0,69.213784,141.99323059142773,0.0005226879477676512,2.63992225089051,-30.634363261056773,-4.504134091432229,100000000.0,12898.0,2440.0,1444798.91461557,3814156.8027561013208868112407,592.130702711299,1563.17901752299186857418887249,4.46242324,11.7804504041669225194524,1444798.91461557,3814156.8027561013208868112407,0.0676586623214581,0.030372451759858574,0.029795943429023104
2019-04-12,7314.0,1476.0,6666000.0,4516.26016260163,266723397.885316,0.00257636175133583,0.0068717596049805614566014167228,0.003,0.00800170193655948,32.305,86.1649936868513338,0.0,0.0,0.0,0.0,0.0,298.34068319,147.7121457484485,0.0005247504805160387,2.66723397885316,-36.062546521256394,-0.31257163324453296,100000000.0,17118.0,1410.0,335187.27291834,894022.8836069240411195309544,237.722179374709,634.06067435524969321772873044,0.78549258,2.0950924995130340895528,335188.27291834,894025.5508409028942795309544,0.067654194988503,0.029862648165406378,0.028824707099539982
2019-04-13,5365.0,1451.0,4442849.0,3061.92212267402,265987501.86185,0.00220538916786227,0.005866059553928693638093673995,0.001,0.0026598750186185,24.5945,65.41829614541269825,0.0,0.0,0.0,0.0,0.0,678.96060498,155.50922935173676,0.0005241349209749523,2.6598750186185,-38.81424248516279,-1.6085996741482245,100000000.0,12154.0,1395.0,147283.95030082,391756.90004859982617581717,105.579892689204,280.829319032435721533944674,0.02092406,0.05565538448207461111,147283.95030144,391756.90005024894868736064,0.06752150712014461,0.029800588704407965,0.028781970173489296
2019-04-14,6316.0,1458.0,4021670.0,2758.34705075446,277771774.733049,0.00325681646048978,0.0090465168821005314901529273922,0.003,0.00833315324199147,25.8005,71.666506740000307245,0.0,0.0,0.0,0.0,0.0,706.53680841,190.0297381200867,0.0005386510182374091,2.77771774733049,-40.83363137719132,0.8388598709623616,100000000.0,10043.0,1334.0,141535.44275326,393145.5112120088925807448974,106.106778675952,294.73468224026026180475937648,0.02127605,0.0590988616780908717645,141546.44275372,393176.0661085072781345169228,0.06759289235356243,0.030674706484683574,0.02891276955340575
2019-04-15,16841.0,1461.0,4638625.0,3174.96577686516,261810745.247904,0.00348470768144924,0.0091233391505132117714579239296,0.001,0.00261810745247904,29.6235,77.55750611851284144,0.0,0.0,0.0,0.0,0.0,456.784907,185.3090819008477,0.0005191672701418083,2.61810745247904,-46.92048311630561,-5.638155834831671,100000000.0,11058.0,9911.0,218921.41895792,573159.7984810165429574419968,22.0887316087075,57.8306728405664398281252408,0.00011244,0.0002943800019567432576,218921.4189739,573159.798522853900048057056,0.06773350189947694,0.032497910145066915,0.029641438758777595
2019-04-16,24551.0,1463.0,4470023.0,3055.38140806562,268613359.552748,0.00381170679634682,0.0102387536819676155743549206136,0.001,0.00268613359552748,32.1365,86.32293229266886102,0.0,0.0,0.0,0.0,0.0,697.16842624,197.40688705592663,0.0005159724756939668,2.68613359552748,-44.45622458767928,-1.3228922853356628,100000000.0,10769.0,5098.0,143437.36210181,385291.9171955119910684127388,28.1360125743154,75.577088620052213978562887192,0.0001,0.000268613359552748,143437.39210386,385291.9977850264307636440728,0.06774069919650878,0.032709887422645724,0.029826447429438976
2019-04-17,7371.0,1459.0,3100287.0,2124.93968471556,266685866.771521,0.00403330751355538,0.0107562611020860470042484033298,0.003,0.00800057600314563,26.035,69.43166541396549235,0.0,0.0,0.0,0.0,0.0,1157.95855398,197.65996422371006,0.0005102715159459079,2.66685866771521,-43.22490111918352,-2.471252508406076,100000000.0,7173.0,1626.0,86358.87671141,230306.9188919729485032375461,53.1189227376384,141.660659522565518883199160064,0.0001,0.000266685866771521,86371.3683714,230340.232383691431296708994,0.06770968861533042,0.03271864387978276,0.029773721379944083
2019-04-18,13775.0,1475.0,3897355.0,2642.27457627119,270026013.684495,0.00420750193348801,0.0113613497466957255956700540495,0.003,0.00810078041053485,27.2015,73.451126112387907425,0.0,0.0,0.0,0.0,0.0,846.09400413,200.84110016546512,0.0005115580070134437,2.70026013684495,-45.3808434405246,-0.9519791199765197,100000000.0,7254.0,6711.0,118190.17687336,319144.223177787918326105532,17.6114106506437,47.555390133539767278804594315,0.00065904,0.001779579440586295848,118190.17687647,319144.2231861857273516933265,0.06771032647009538,0.03280478397849478,0.029812413842758533
2019-04-19,4615.0,1467.0,3115927.0,2124.01295160191,267210264.258935,0.00399026654687032,0.010662401784528062492783463092,0.001,0.00267210264258935,26.647,71.20351911707840945,0.0,0.0,0.0,0.0,0.0,1134.29109284,199.75898178711768,0.0005051280308475302,2.67210264258935,-47.88317552678925,-3.9503980520288486,100000000.0,8170.0,819.0,88160.79102746,235574.682677243322741353551,107.667595189915,287.69886562821226048060640525,0.07017539,0.1875158450637382460965,88179.76046054,235625.370949504812574099249,0.06771614853935154,0.03261947373677433,0.02916592211582205
2019-04-20,2864.0,1457.0,2871972.0,1971.1544269046,265816134.205527,0.00728215727744665,0.0193571489616751383301287763455,0.003,0.00797448402616581,37.8745,100.676531749672323615,0.0,0.0,0.0,0.0,0.0,997.137249,199.24235158972482,0.0005002210607644448,2.65816134205527,-49.97903606061096,-2.138367638527883,100000000.0,5521.0,2186.0,100287.09698721,266579.2843183491582863030967,45.8776756576715,121.950263896572466168752503805,0.00101868,0.0027078157959248624436,100288.59898767,266583.2768779076795191885209,0.0677089520316175,0.032350774484635816,0.02903561100618127
2019-04-21,6662.0,1458.0,2992020.0,2052.13991769547,260638820.808348,0.00788943894389439,0.0205629406317609220563894236772,0.003,0.00781916462425044,40.6385,105.91970719420050198,0.0,0.0,0.0,0.0,0.0,1118.73216746,195.57268832256145,0.0004921675243983745,2.60638820808348,-48.82549867426789,-5.393409630078123,100000000.0,5697.0,4674.0,89386.89966085,232976.961233180657640487758,19.1274924392062,49.853670743752959629314533576,0.000078835,0.0002054746143842611458,89401.89966085,233016.057056301909840487758,0.06772200189931374,0.03240377770996737,0.029137253922137347
2019-04-22,6145.0,1453.0,3864399.0,2659.60013764625,263412461.865043,0.00560600070667414,0.0147669044736220601176205808802,0.003,0.00790237385595129,39.98199704,105.3175627058726210547272,0.0,0.0,0.0,0.0,0.0,1173.3650479,198.59226286352057,0.0004892686635309118,2.63412461865043,-48.89249544395721,-5.013153963988158,100000000.0,9282.0,1343.0,85224.96914201,224493.1893406917556812175643,63.4586516324051,167.157996531279571240017049193,0.0204764,0.053937389341333664852,85224.96914232,224493.1893415083343129991976,0.06772281010769737,0.03244797529413248,0.02903615528833818
2019-04-23,9474.0,1442.0,6318149.0,4381.51803051318,260846422.80006,0.00437936068848932,0.011423405697436470196458053592,0.001,0.0026084642280006,56.993,148.6642017464381958,0.0,0.0,0.0,0.0,0.0,688.1984365,199.321399771589,0.00047042900132030993,2.6084642280006,-53.33039932392637,-4.359370790121201,100000000.0,16721.0,7702.0,145306.92703693,379027.921256525124096262158,18.8661291922046,49.21162311870355523456412276,0.00073332,0.001912838987677399992,145306.92703836,379027.921260255227942303016,0.06772500013463881,0.03236316941926017,0.02888620621657968
2019-04-24,4066.0,1432.0,4349630.0,3037.45111731844,237551083.994994,0.00542059630738523,0.0128766852871862308697454953862,0.003,0.00712653251984982,43.4515,103.21950926208481791,0.0,0.0,0.0,0.0,0.0,634.33294052,184.3692549410306,0.00043732209422737034,2.37551083994994,-60.08155576356544,-11.109307147892888,100000000.0,9058.0,858.0,157645.92000909,374489.5918554744387799449546,183.736503507179,436.46805577580388295479061926,0.040523275,0.0962634790327724048535,157645.92000916,374489.5918556407245387414504,0.06808552043327926,0.03634830456395365,0.031223665437602906
2019-04-25,15798.0,1482.0,5675217.0,3829.43117408907,216208412.513851,0.00618505845451953,0.0133726166975704027619967501003,0.003,0.00648625237541553,65.073,140.69330027513826123,0.0,0.0,0.0,0.0,0.0,311.69630271,168.49995320563852,0.000421650143166218,2.16208412513851,-57.75880583316145,-18.90815646312398,100000000.0,10876.0,9158.0,320825.108067991,693650.87309965024746137243341,35.032224074074,75.74261553885053283174998974,0.00680745,0.0147182795776741498995,320825.10807037,693650.8731047938455950769487,0.06845390454275108,0.03990063943061593,0.03157197647549074
2019-04-26,3796.0,1499.0,7222298.0,4818.07738492328,214353739.904668,0.00464122057174888,0.0099486298727685392926523577184,0.003,0.00643061219714004,66.2395,141.98684554415255986,0.0,0.0,0.0,0.0,0.0,274.74037533,166.84829745263085,0.0004162075468028568,2.14353739904668,-61.628423412629644,-21.818265879709376,100000000.0,14839.0,1270.0,363979.9933972,780204.728351661847974581296,286.598419997795,614.3344317729614942807020706,3.0,6.43061219714004,363979.9933972,780204.728351661847974581296,0.06845599371595883,0.039351937797895226,0.03153994337678975
2019-04-27,5897.0,1437.0,5791154.0,4030.03061934586,211706179.932294,0.00385421092564492,0.0081596027172159684467388504648,0.003,0.00635118539796882,50.7985,107.54356381290636759,0.0,0.0,0.0,0.0,0.0,293.90417941,165.55920705751112,0.0004085566072472241,2.11706179932294,-61.47018025636448,-22.991463975231348,100000000.0,13986.0,1489.0,340246.94783593,720323.8155996724719722052342,228.507016679617,483.76347588966702861749851398,0.02194901,0.0464674106039572032894,340246.94783595,720323.815599714813208191693,0.06829508829038479,0.039304370796319835,0.03153301449279228
2019-04-28,13682.0,1488.0,7045237.0,4734.70228494624,203033012.602918,0.00392961970393058,0.0079784252687281234896137743244,0.001,0.00203033012602918,61.585,125.0378808115070503,0.0,0.0,0.0,0.0,0.0,594.33308976,160.93458958146564,0.00039434072832031646,2.03033012602918,-68.77342731389876,-28.077413363068572,100000000.0,17951.0,1994.0,168255.81769281,341614.8555413856613543361958,84.3810520024122,171.321391946532353427367587996,0.0001,0.000203033012602918,168255.81769281,341614.8555413856613543361958,0.06836839709433562,0.03917351024546749,0.03190651599770476
2019-04-29,21077.0,1447.0,8318770.0,5748.97719419489,194257894.859105,0.00429773846975723,0.0083486962779003079913440507915,0.003,0.00582773684577315,72.404,140.6504861937863842,0.0,0.0,0.0,0.0,0.0,459.89906196,155.40084318233866,0.0003772876713958685,1.94257894859105,-72.29628230447162,-30.136600788489808,100000000.0,17890.0,1673.0,217439.01710535,422392.4572311821392319171175,129.969526064363,252.47606529098734521046575115,0.03196908,0.062102461813823164734,217439.01710568,422392.457231823190284952164,0.06839193732791977,0.03963584078613321,0.032316303512986456
2019-04-30,16170.0,1487.0,7819563.0,5258.61667787492,221861517.244141,0.00479362803385326,0.0106352158869473276080838874966,0.003,0.00665584551732423,68.5345,152.051681535685813645,0.0,0.0,0.0,0.0,0.0,473.55939271,182.8239084106287,0.0004212599218570126,2.21861517244141,-66.84326684574398,-20.312793389539348,100000000.0,16201.0,1310.0,211166.75445312,468497.7653449017118197916992,161.19599576687,357.6318819451790814430940867,0.02547494,0.0565190884010345732654,211166.7544546,468497.765348185262275004986,0.06909228476300507,0.04762622660790604,0.03680827861524891
2019-05-01,9019.0,1475.0,6664253.0,4518.13762711864,212295364.022824,0.00513113924050633,0.0108931707291508799367943647592,0.003,0.00636886092068472,60.804,129.08407314043790496,0.0,0.0,0.0,0.0,0.0,362.88246439,176.07873201853965,0.000399413661601403,2.12295364022824,-68.80470398037708,-26.643619886364277,100000000.0,13814.0,928.0,275571.32078322,585025.1385992409481763621328,296.951954615086,630.41523302298793673438722864,0.5462912,1.159750891664653503488,275571.4138828,585025.336245333212896610272,0.06917253204599601,0.04724934644868751,0.03718101473920227
2019-05-02,9673.0,1462.0,5117638.0,3500.43638850889,211760657.464881,0.00572887215369713,0.0121314973379915304349728549153,0.003,0.00635281972394643,53.22695118,112.7137417672792355150958,0.0,0.0,0.0,0.0,0.0,450.57833087,176.3146574370535,0.0003926489477370978,2.11760657464881,-71.60281779768353,-32.078336993680566,100000000.0,10257.0,1181.0,221936.99330092,469975.2361718170928716499052,187.922940982997,397.94685535293475276145628357,0.21923364,0.4642505974481903379684,221936.99330092,469975.2361718170928716499052,0.06917287261421688,0.044496494758646955,0.03717313402225272
2019-05-03,5783.0,1427.0,5038921.0,3531.12894183602,216322168.257873,0.00381089520946064,0.0082438111471406673581676361872,0.001,0.00216322168257873,43.66523731,94.4575881239377382084163,0.0,0.0,0.0,0.0,0.0,539.07521709,182.4607916592299,0.00038230066186289465,2.16322168257873,-72.50046258409054,-24.98302351795665,100000000.0,13261.0,1102.0,185502.87015503,401283.8308999476734052805119,168.332913026407,364.14140735036316771234652311,0.128239,0.27740938535221375647,185502.8701551,401283.830900099098923061023,0.06918025666940555,0.04315737374120845,0.03727238303349705
2019-05-04,3577.0,1443.0,3954684.0,2740.59875259875,212342015.785401,0.00407262641752943,0.0086478970303907534895548185143,0.003,0.00637026047356203,28.71608887,60.9763219612851796458687,0.0,0.0,0.0,0.0,0.0,728.14610478,184.09181615559024,0.00036771011268058203,2.12342015785401,-72.33394533771168,-24.049019823861677,100000000.0,8597.0,748.0,137335.07512156,291620.0668935152567894834556,183.603041606471,389.86639959048901659828929871,0.123364435,0.26195452804127075613435,137335.07512164,291620.0668936851304021117764,0.06919504763956624,0.043005031610052084,0.03727816205330986
2019-05-05,10862.0,1458.0,5095246.0,3494.6817558299,205892290.465631,0.00554191801058722,0.0114103819277253579572153783582,0.003,0.00617676871396893,45.017,92.68653239891310727,0.0,0.0,0.0,0.0,0.0,386.5470377,181.68236036296042,0.00035942676212741124,2.05892290465631,-71.58550414297625,-28.99812866062123,100000000.0,10496.0,8220.0,258700.7278439,532644.854009064121376830009,31.4802082372591,64.815321783043002640621919921,0.00021502,0.0004427096029591997762,258767.31171027,532781.9450566138893726473037,0.06923316507796176,0.04228922691090029,0.0373242835483402
2019-05-06,4938.0,1441.0,5676018.0,3938.94378903539,212516721.899638,0.00529196393182719,0.0112463082720303380514513955722,0.003,0.00637550165698914,53.4065,113.49774308133016847,0.0,0.0,0.0,0.0,0.0,576.30539661,188.3147471813181,0.00037338081063705366,2.12516721899638,-69.08696688798375,-28.755996942571084,100000000.0,12239.0,960.0,173519.11085235,368757.126252813229933364493,180.74907380476,384.1220065138332465152667688,0.024182655,0.0513921856742989037889,173519.11085257,368757.1262532807667215436966,0.0692712749213235,0.04240378597030012,0.03758473186978153
2019-05-07,8702.0,1476.0,8114167.0,5497.40311653117,214089629.560212,0.00485939271255061,0.0104034558571755384890709232932,0.003,0.00642268888680636,60.0135,128.48267983611782862,0.0,0.0,0.0,0.0,0.0,192.78673756,189.28268801096172,0.0003674888507661921,2.14089629560212,-67.75278423675967,-27.87527905201477,100000000.0,17584.0,1143.0,518707.88035544,1110499.7795525891680144175328,453.871103670595,971.6909645292226048876636614,0.03282722,0.0702796736929158257064,518774.67149549,1110642.7724569012554104144388,0.0692697466326616,0.042526780328688445,0.037396198075612355
2019-05-08,9441.0,1440.0,7158795.0,4971.38541666667,218481204.510736,0.00452109022556391,0.0098777323818291817319124913776,0.003,0.00655443613532208,60.1305,131.37384067832811048,0.0,0.0,0.0,0.0,0.0,302.47609187,195.0129239240235,0.00036832189655172437,2.18481204510736,-66.34073346339775,-24.384072783656052,100000000.0,16026.0,618.0,330604.64177999,722309.0035293261063210497264,534.958967281537,1168.78479535489613844051081232,0.19703316,0.4304804212535656800576,330604.64177999,722309.0035293261063210497264,0.06922078511069954,0.042785662747599866,0.03724480951874519
2019-05-09,11603.0,1448.0,8667694.0,5985.97651933702,234645615.253529,0.00376805547880864,0.0088415769613448413760047569056,0.003,0.00703936845760587,68.1905,160.006018269457692745,0.0,0.0,0.0,0.0,0.0,257.34048439,209.55357382352128,0.0003815288729757406,2.34645615253529,-64.87406566351925,-16.562055251287855,100000000.0,19994.0,547.0,388590.23770719,911809.9540831868184751617351,710.402628349525,1666.92861806798396545701723725,0.21878655,0.5133730463394698523495,388590.23770719,911809.9540831868184751617351,0.0694176725732628,0.04509046488652972,0.03847632578352006
2019-05-10,4730.0,1452.0,6361139.0,4380.94972451791,224467397.433815,0.00380512289225493,0.0085412603254029498502078245795,0.003,0.00673402192301445,53.2565,119.543479514339685475,0.0,0.0,0.0,0.0,0.0,220.06910815,200.46138085778523,0.00035307697426938876,2.24467397433815,-65.5128203768683,-19.845181120958937,100000000.0,15459.0,616.0,454402.71395162,1019985.945875824386860620303,737.666743427955,1655.82134070750814183333298325,0.103490225,0.23230181465589936958375,454402.71395162,1019985.945875824386860620303,0.06948816371375527,0.04562665423559201,0.038583711322196304
2019-05-11,5481.0,1469.0,5924070.0,4032.72294077604,250613067.498752,0.00476125137211855,0.011932318114992717474397210496,0.003,0.00751839202496256,52.05,130.444101633100416,0.0,0.0,0.0,0.0,0.0,282.83839375,224.90274366899507,0.0003421300103736356,2.50613067498752,-57.971883913843804,-5.068011978680775,100000000.0,12059.0,1080.0,353558.78907935,886064.526723201630373539712,327.369249147944,820.43011733729450335283365888,0.020179985,0.0505736794292880287872,353558.78907978,886064.5267242792665637843456,0.06995823279172948,0.049329647962029675,0.040614284114381546
2019-05-12,8704.0,1463.0,5779966.0,3950.76281613124,240810263.819932,0.00542221888755502,0.0130572596080154257008102265864,0.003,0.00722430791459796,54.2005,130.52036704172224366,0.0,0.0,0.0,0.0,0.0,916.25839162,219.1844034739985,0.0003468577478089273,2.40810263819932,-61.530294215835255,-9.71535840906089,100000000.0,11713.0,5706.0,109139.51884572,262819.1632641827359056889104,19.1271501658272,46.060140775563041343206277504,0.000131115,0.0003157383774075038418,109139.51884621,262819.1632653627061984065772,0.07000853090619803,0.04975704371559208,0.040718604807304326
2019-05-13,6537.0,1485.0,8990202.0,6054.00808080808,235067286.07167,0.00409850125870851,0.009634235678459328960154989117,0.003,0.0070520185821501,70.0065,164.56237962376365855,0.0,0.0,0.0,0.0,0.0,555.35094009,215.99373977666235,0.00030141060044683104,2.3506728607167,-64.27694723720597,-11.624687466044744,100000000.0,17688.0,987.0,180066.31983738,423277.011170862310934250246,182.438014019939,428.8520883197234308036302813,0.04418948,0.103875011365183400316,180066.31983768,423277.011171567512792465256,0.069237813013177,0.04990033510516557,0.04078832145968539
2019-05-14,5126.0,1475.0,8026994.0,5442.02983050847,236330812.088351,0.003486552595071,0.00823979806181877035979117921,0.003,0.00708992436265053,64.08632325,151.4557281742906974546075,0.0,0.0,0.0,0.0,0.0,590.87517105,216.96498737194122,0.00029706379052807754,2.36330812088351,-63.99072478153912,-14.919068967509249,100000000.0,19029.0,1279.0,169240.4841157,399967.410492890489605062107,132.322505172705,312.71885105030398540973659455,29.999,70.89688031838441649,169240.48411589,399967.4104933395181480299739,0.06923290027730647,0.04913024426403815,0.04070731733406059
2019-05-15,5917.0,1490.0,8718685.0,5851.46644295302,261409879.872457,0.00439500612745098,0.0114889802381567312116891965786,0.003,0.00784229639617371,71.7265,187.500157486717870105,0.0,0.0,0.0,0.0,0.0,102.06746266,236.0187828277882,0.00031820243240937546,2.61409879872457,-57.285784893625966,-0.153112652067608,100000000.0,18301.0,2022.0,979744.15544352,2561148.0198023240115986712864,484.542114462671,1266.64095934833135684567552647,30.0,78.4229639617371,979744.15544352,2561148.0198023240115986712864,0.06961548390767987,0.05170867111604356,0.042828061914650974
2019-05-16,9709.0,1469.0,6989170.0,4757.77399591559,251656678.374834,0.00494721739787057,0.0124500029754629720627987723538,0.003,0.00754970035124502,65.516,164.87538940405624344,0.0,0.0,0.0,0.0,0.0,59.99143666,222.7481250354887,0.00032008952742175847,2.51656678374834,-58.91558828462347,-6.312672313152092,100000000.0,13988.0,7940.0,1666904.57125586,4194876.6757007652369519902724,209.937603433125,528.3219994595338430400197625,0.00181416,0.0045654547964048884944,1666904.57125901,4194876.6757086924223207975434,0.06968315603012128,0.05192368070524781,0.04303310344247612
2019-05-17,4044.0,1457.0,5191903.0,3563.42004118051,239841248.380219,0.00494111825828798,0.0118508397146208250964703746762,0.003,0.00719523745140657,49.93,119.7527353162433467,0.0,0.0,0.0,0.0,0.0,220.75999305,216.152156537695,0.00032734249324317113,2.39841248380219,-57.87305123822488,-10.066007140266171,100000000.0,11660.0,1578.0,452980.62668406,1086434.3899595889300406660914,287.059966213042,688.48820656519480449972616198,30.0,71.9523745140657,452980.62668418,1086434.3899598767395387223542,0.06978203472425074,0.05259250227150394,0.04344634133057379
2019-05-18,2553.0,1462.0,3421928.0,2340.58002735978,239103824.332344,0.00628377180017736,0.0150247386865414450938278453184,0.003,0.00717311472997032,42.516,101.65738195313937504,0.0,0.0,0.0,0.0,0.0,115.0067588,211.92468729752795,0.00032853013590505473,2.39103824332344,-60.48866114622473,-11.451559399858878,100000000.0,7347.0,1170.0,869514.11417621,2079041.5001048221958881833624,743.174456560863,1776.95854709813803631375452872,27.38142238,65.4700280671723255945872,869514.11417621,2079041.5001048221958881833624,0.06860396556083294,0.052506115883794675,0.043446364332400206
2019-05-19,8662.0,1483.0,5199771.0,3506.25151719488,257805987.96928,0.00616373346897253,0.015890473965477805493428038784,0.003,0.0077341796390784,60.5895,156.2033590806469056,0.0,0.0,0.0,0.0,0.0,157.93761371,229.05341225397547,0.0003136424029935096,2.5780598796928,-56.3165070699464,-3.519429283802494,100000000.0,10332.0,5002.0,633161.396158251,1632327.9928058658531700652928,126.581646574246,326.3350645385171720228716288,0.00111065,0.00286332220538080832,633161.39616438,1632327.992821666782172702464,0.06703263571951022,0.05444445660728512,0.04449699528725917
2019-05-20,9290.0,1443.0,5341275.0,3701.50727650728,246192900.912193,0.00511284572169404,0.0125874632014035069772525142972,0.003,0.00738578702736579,47.3245,116.509559392190776285,0.0,0.0,0.0,0.0,0.0,223.80104475,221.7014915208798,0.0003084683642553852,2.46192900912193,-58.93605213114105,-7.382258173298648,100000000.0,12046.0,1514.0,446825.4386955,1100052.509538083993499642315,295.1290876457,726.586862310637433767940201,4.32,10.6355333194067376,446825.43869559,1100052.5095383055671104632887,0.06679041685343833,0.055056590681750485,0.044779454840578124
2019-05-21,6630.0,1467.0,5230624.0,3565.52419904567,248367719.399225,0.00512304651590366,0.012723993795311375032631786635,0.003,0.00745103158197675,55.7285,138.411604505397104125,0.0,0.0,0.0,0.0,0.0,124.13966298,220.57641617076945,0.0003110892753788591,2.48367719399225,-56.3829813523004,-4.708086604698907,100000000.0,11985.0,5353.0,805544.31678945,2000712.0483600252963481817625,150.484647261638,373.7552864496985956674943055,4.32,10.72948547804652,805544.31679155,2000712.0483652410184555654875,0.06671820671862061,0.054996743156935986,0.04475273284813432
2019-05-22,10938.0,1456.0,5864292.0,4027.67307692308,236281931.099513,0.00592918526785714,0.0140095934493606828489760757282,0.003,0.00708845793298539,53.1255,125.525957306271778815,0.0,0.0,0.0,0.0,0.0,136.98537434,208.8120794183214,0.00030814416715371117,2.36281931099513,-54.47198753878916,-10.299638283411992,100000000.0,12838.0,1035.0,730004.94016134,1724869.7697350584835781542742,705.31878276458,1666.5408403237286883323164954,22.65,53.5178573940396945,730004.94016134,1724869.7697350584835781542742,0.06684010213653065,0.05563884114603292,0.04516685687347314
2019-05-23,15088.0,1442.0,6547740.0,4540.73509015257,302576550.15789,0.00526607187526057,0.015933898608998337100183913973,0.003,0.0090772965047367,63.156,191.0952460177170084,0.0,0.0,0.0,0.0,0.0,49.67951515,254.4049100224482,0.00038313092749032984,3.0257655015789,-33.09320662312158,15.997968041837535,100000000.0,12530.0,7518.0,2012902.09241758,6090569.709293096271208117062,267.744359193972,810.1316452914698542973623908,0.00126945,0.003841058015979334605,2012902.09242028,6090569.709301265838062380092,0.06864184605370091,0.0720392994945424,0.055463330736655096
2019-05-24,3911.0,1473.0,6757433.0,4587.53088934148,269294748.937385,0.00425222641509434,0.011451022448777469446395279009,0.003,0.00807884246812155,56.342,151.7260474463014567,0.0,0.0,0.0,0.0,0.0,60.28086614,219.70934888166266,0.0003371620945557077,2.69294748937385,-42.77799029410058,13.36287943146576,100000000.0,14594.0,2438.0,1658901.18054901,4467333.7692787723272841373885,680.451596517404,1832.4204184819710759565874854,7.099314835,19.11808206118777816606475,1658940.99230943,4467440.9802590429194961504055,0.06914620328345863,0.07323490511599078,0.05746592626862187
2019-05-25,4346.0,1451.0,6459767.0,4451.94141971054,274077523.18134,0.00541595578962985,0.01484391748481387797753026999,0.003,0.0082223256954402,73.0125,200.1108516127758675,0.0,0.0,0.0,0.0,0.0,89.9701882,220.4367674213857,0.0003399794126472872,2.7407752318134,-37.78954934050922,26.76542970490649,100000000.0,14994.0,1802.0,1111479.27994784,3046314.881154832090260613056,616.812615507986,1690.5447392543298929489618124,18.21699171,49.928679676918036066914,1111496.33314539,3046361.620136300351215550226,0.0689576921596468,0.07086514718273136,0.05750909853246032
2019-05-26,5428.0,1474.0,4208876.0,2855.41112618725,274095393.317204,0.00530347708563706,0.0145365863773646876153699798024,0.003,0.00822286179951612,43.165,118.3132765253711066,0.0,0.0,0.0,0.0,0.0,135.3643432,220.28117384457056,0.00031391468810132423,2.74095393317204,-37.04558824917565,27.87059065967572,100000000.0,8953.0,963.0,738746.98194161,2024871.4457718299366253645844,767.130822369273,2102.67024483056039438111872692,3.85991006,10.5798356606473249067224,738746.98194161,2024871.4457718299366253645844,0.06894783246326595,0.07081306805886411,0.057395892366511
2019-05-27,6238.0,1441.0,4887107.0,3391.46911866759,273364429.431442,0.00491334537653833,0.0134313385545701413300802017186,0.003,0.00820093288294326,43.5175,118.96136557782777235,0.0,0.0,0.0,0.0,0.0,87.87233834,215.19320967316082,0.0003100499518405179,2.73364429431442,-34.77347936380026,29.12444479366025,100000000.0,11067.0,1083.0,1138014.55481998,3110926.9946304030605206181116,1050.79829623282,2872.5087669721620888306032644,4.32,11.8093433514382944,1138014.55482014,3110926.9946308404436077084188,0.06822948560015969,0.0707374436244761,0.05739579736675795
2019-05-28,14626.0,1442.0,7072680.0,4904.77115117892,275104655.275769,0.00707583587816146,0.0194659539004952667188100766274,0.003,0.00825313965827307,90.3655,248.599697263225035695,0.0,0.0,0.0,0.0,0.0,156.5030024,215.6713660399219,0.0003155186197115444,2.75104655275769,-27.76640211892022,35.4974995193541,100000000.0,14194.0,1685.0,638965.37743888,1757823.4989347470915734249872,379.207939132955,1043.21869373006378572280867395,6.80198491,18.7125771385653262664579,638965.37743903,1757823.4989351597485563386407,0.06816081629623524,0.07009892798732184,0.05729644775941465
2019-05-29,15241.0,1440.0,15390183.0,10687.6270833333,268420910.469851,0.00569179874677479,0.0152779780182044602982978185629,0.003,0.00805262731409553,154.4185,414.491543633886866435,0.0,0.0,0.0,0.0,0.0,19.82895817,192.84985388626552,0.0003101164195175581,2.68420910469851,-37.277211822405064,38.17760697166842,100000000.0,34404.0,3339.0,5043129.3034605,13536813.592520529054152193855,1510.85034545088,4055.4382530961411556124141888,19.643,52.72591944359283193,5044729.3034605,13541108.327088046670152193855,0.06819324475659266,0.06966554398550359,0.05735059726776995
2019-05-30,14275.0,1481.0,6251427.0,4221.08507765024,254886002.853713,0.00562024345825745,0.0143252139013997022069424241185,0.003,0.00764658008561139,58.636,149.45495663330315468,0.0,0.0,0.0,0.0,0.0,88.15773837,181.6339859461252,0.00030814513040891046,2.54886002853713,-35.932226397979974,14.885179737246268,100000000.0,11861.0,3285.0,1134330.37014353,2891249.3396145711115340342689,345.306048750198,880.13678527147327725073785174,0.01032096,0.0263066824001305772448,1134330.3701444,2891249.339616788619758861572,0.06752871616028679,0.0665951625156407,0.05772854004689032
2019-05-31,41984.0,1460.0,6618554.0,4533.25616438356,264004934.921162,0.00817777444210948,0.0215897280938905514881677281576,0.003,0.00792014804763486,81.7205,215.74615284224819221,0.0,0.0,0.0,0.0,0.0,82.58688879,184.36517133141635,0.0003085531548801869,2.64004934921162,-36.65401237253519,24.357371691253068,100000000.0,10563.0,1597.0,1210845.95220935,3196693.068125818799619692647,758.200346405429,2001.68633109967767882203788498,19.72803794,52.0829937247191484488628,1210845.95320947,3196693.0707661849547532180414,0.06703471838394859,0.06616683296707027,0.05768843451493676
2019-06-01,4974.0,1462.0,4306661.0,2945.73255814,261358332.115483,0.00659162759544541,0.0172277679427200408426094228303,0.003,0.00784074996346449,49.2065,128.605287692405142395,0.0,0.0,0.0,0.0,0.0,190.2692706,181.75027795323402,0.0003055104832229251,2.61358332115483,-36.584388167468404,23.421571903094137,100000000.0,8072.0,1141.0,525570.94315104,1373623.4511031714769319155232,460.62308778,1203.8768195606451900609774,0.0263594,0.068892488195648625902,525570.94315138,1373623.4511040600952611081654,0.06686233812822596,0.06621971492285868,0.05682709660868536
2019-06-02,13881.0,1475.0,5859786.0,3972.73627119,266293701.545495,0.00703945945945946,0.018745637163389090006992981327,0.003,0.00798881104636485,52.092,138.7177150090792554,0.0,0.0,0.0,0.0,0.0,88.30952895,183.16285339297454,0.0003045321693251868,2.66293701545495,-38.33761783093102,23.100514242281456,100000000.0,12567.0,19708.0,1132380.62970767,3015458.2944327396398905544665,57.45791707,153.0068141966438254209965,0.00036624,0.000975274052540220888,1132380.62970808,3015458.294433831444066890996,0.061269918890612216,0.06620202751603178,0.0560268150656613
2019-06-03,5374.0,1492.0,6770578.0,4537.92091153,243176255.261484,0.00442520240659586,0.0107610415001008815939061185624,0.003,0.00729528765784452,59.5765,144.87590171585801526,0.0,0.0,0.0,0.0,0.0,89.18842797,165.04997277134976,0.00029752149345447777,2.43176255261484,-44.40045311067337,14.521026072976987,100000000.0,14383.0,1637.0,1121221.69071355,2726544.920656708993297919082,684.92467362,1665.5741726710573645685208,0.18270275,0.44428970570975095881,1121221.69071402,2726544.9206578519216976480568,0.06068320907077892,0.06843766999492464,0.05708633220042878
2019-06-04,5191.0,1445.0,7166220.0,4959.32179931,230121545.575173,0.00441573998364677,0.0101615690989488386027371364121,0.003,0.00690364636725519,54.0045,124.275990080144302785,0.0,0.0,0.0,0.0,0.0,64.18318675,153.70909424432884,0.00030081486347673325,2.30121545575173,-43.736569738511626,11.76792732488765,100000000.0,15164.0,1297.0,1558040.4319284,3585386.722639735267315536132,1201.26478946,2764.3690999556998844807658,86.11866242,198.1775969895696832009866,1558040.4319284,3585386.722639735267315536132,0.05903358541453526,0.06901305122036697,0.05725577836184492
2019-06-05,4667.0,1462.0,7029144.0,4807.89603283,230875002.752963,0.00490168041316581,0.0113167547888380119902018779503,0.003,0.00692625008258889,63.5895,146.812259875595406885,0.0,0.0,0.0,0.0,0.0,97.55405003,152.28365910876238,0.0002960488380208218,2.30875002752963,-46.40705040177251,8.638511214188025,100000000.0,13418.0,1086.0,1025072.76706958,2366636.7791917668255017216554,943.89947244,2179.2279329810532334683972,25.857,59.69734946183364291,1025074.82706958,2366641.5352168235365395216554,0.05901899675615246,0.06881079489722984,0.05710888584689413
2019-06-06,10435.0,1468.0,10428457.0,7103.85354223,230076502.935522,0.00448215584415584,0.0103123874223538820970803974848,0.003,0.00690229508806566,86.2815,198.51345788031241443,0.0,0.0,0.0,0.0,0.0,84.49592315,151.3767250701563,0.00029585313652054476,2.30076502935522,-46.39863855814152,7.467374019073533,100000000.0,19871.0,4287.0,1183489.05219809,2722930.2239221200337164155298,276.06462613,635.1598376419272842638986,0.00586926,0.0135037881561934185372,1183489.05219979,2722930.2239260313342663194038,0.05892061186030954,0.06881419745147901,0.057108915768840134
2019-06-07,6428.0,1486.0,9466406.0,6370.39434724,237579712.004837,0.00441848694725626,0.0104974285642627366236099852962,0.003,0.00712739136014511,66.348,157.62938732096925276,0.0,0.0,0.0,0.0,0.0,103.9002152,156.46593354323466,0.0002960882224464062,2.37579712004837,-47.68478499452568,8.741487642779127,100000000.0,20513.0,1073.0,962461.91417674,2286614.2438573403457775289138,896.98221265,2131.0477575484845976258805,26.702,63.43853469953157574,962461.91417688,2286614.2438576729573743356856,0.05886675409413745,0.068953445741658,0.05721952782892438
2019-06-08,3380.0,1477.0,5726462.0,3877.09004739,236932408.384902,0.00512367782629791,0.0121396532717308338436499815482,0.003,0.00710797225154706,52.7995,125.09912696518633149,0.0,0.0,0.0,0.0,0.0,238.09366698,155.47498738308096,0.00029841085991798153,2.36932408384902,-48.58410568377468,0.9745731361321893,100000000.0,11687.0,1163.0,420002.77145973,995122.6817028741067023299646,361.13737873,855.6514890030938118793446,24.75,58.640771075263245,420002.77145981,995122.6817030636526290378862,0.05869083113619893,0.06772830473325482,0.0571341641740715
2019-06-09,9091.0,1435.0,6237939.0,4346.99581882,226870035.394267,0.0050570822656181,0.011473004325924982972519514327,0.003,0.00680610106182801,57.231,129.83998995649294677,0.0,0.0,0.0,0.0,0.0,216.5085245,148.847909157631,0.0002971811388611053,2.26870035394267,-48.266158612296344,1.0703727970831125,100000000.0,11754.0,8668.0,461875.5784754,1047857.288364615433377605318,53.28513827,120.8880120530331106029809,0.0003571,0.000810152896392927457,461875.57848273,1047857.2883812450069720050891,0.05863091891642651,0.06770695586552097,0.057373389188891497
2019-06-10,5362.0,1463.0,9178978.0,6274.07928913,237648191.154933,0.00448546729472219,0.0106596318907533920543148306327,0.003,0.00712944573464799,83.7975,199.143242983054980675,0.0,0.0,0.0,0.0,0.0,120.68758667,154.22395035891142,0.00029730914100660493,2.37648191154933,-36.468705057136376,-5.173264296716516,100000000.0,19385.0,1834.0,828585.62975053,1969118.7612718449316536886449,451.79151022,1073.6743518293842607291526,4.32,10.2664018578931056,828585.62975086,1969118.7612726291706844999238,0.05707917396454471,0.06509069166640932,0.057258879481709206
2019-06-11,4979.0,1444.0,11464580.0,7939.4598338,238018893.397045,0.00614346060492905,0.0146225969481355314042570465725,0.003,0.00714056680191135,131.6175,313.274517016855702875,0.0,0.0,0.0,0.0,0.0,136.5088448,156.05630086526526,0.0003004346927045794,2.38018893397045,-37.50106602049279,-1.1591575785051629,100000000.0,22139.0,2953.0,732553.26530035,1743615.1756118123073372746575,248.07086532,590.455528475137874809794,0.01512821,0.0360079980327811013945,732553.26530156,1743615.175614692335947378902,0.05699087447772206,0.06469211431652591,0.05723883861481335
2019-06-12,3299.0,1463.0,6850137.0,4682.25358852,244641497.463902,0.00573171991734223,0.0140221654362227574161320518146,0.003,0.00733924492391706,72.1165,176.42688551855488583,0.0,0.0,0.0,0.0,0.0,200.73911697,161.35310588663236,0.00030029313963502016,2.44641497463902,-28.554752937772353,4.072966320508294,100000000.0,13304.0,986.0,498159.01109613,1218703.6644969381567212689926,505.23226277,1236.0077733112842385352854,15.585227445,38.1279338046030334719039,498159.01109613,1218703.6644969381567212689926,0.056258998796560496,0.06472460689500215,0.05736380517912774
2019-06-13,9366.0,1481.0,8124153.0,5485.58609048,248086503.60738,0.00595834138797603,0.014781840822421169227519711014,0.003,0.0074425951082214,92.4675,229.3993877231541015,0.0,0.0,0.0,0.0,0.0,206.24328809,164.447959999657,0.0003013399893137592,2.4808650360738,-22.79479058697274,4.97425258058785,100000000.0,15788.0,711.0,484864.26357844,1202882.798753423022075928872,681.94692486,1691.818282343220878014668,13.08,32.449714671845304,484864.26357846,1202882.798753472639376650348,0.056155338176482675,0.06476225577023796,0.05710023523439132
2019-06-14,6295.0,1466.0,8053792.0,5493.71896317,238868140.676225,0.00492847263386683,0.0117725509442542709663279711675,0.003,0.00716604422028675,74.829,178.74264098661240525,0.0,0.0,0.0,0.0,0.0,141.78028115,157.6901686186087,0.00027462406121427644,2.38868140676225,-31.736290007326375,-8.623139724952317,100000000.0,15492.0,1113.0,705316.69980658,1684776.886706889096879045605,633.70772669,1513.7258640659766408094525,13.998,33.4367623318579755,705316.69980679,1684776.8867073907199744656775,0.05621474098239762,0.06233931280861374,0.05680330148447166
2019-06-15,6066.0,1457.0,8242855.0,5657.41592313,242872068.857902,0.00585256012680036,0.0142142338611126869424676244472,0.003,0.00728616206573706,84.9265,206.26274755860614203,0.0,0.0,0.0,0.0,0.0,121.57520771,160.35393549822203,0.00027441358272557904,2.42872068857902,-26.2259792326661,-3.4907118593720186,100000000.0,17287.0,2038.0,822536.1229697,1997710.498960087253075515694,403.5996678,980.230863089479726049556,1.61131441,3.9134326433724973496782,822536.12297025,1997710.498961423049454234155,0.05606329977030431,0.062078652158474884,0.05674200915076021
2019-06-16,7926.0,1467.0,9841360.0,6708.4935242,244100734.664361,0.0048765385445908,0.011903666413536880336700884788,0.003,0.00732302203993083,90.333,220.50351664435722213,0.0,0.0,0.0,0.0,0.0,84.96765779,159.25111387287177,0.00027063614878985293,2.44100734664361,-27.656902607267337,1.7759606877085186,100000000.0,18840.0,11895.0,1176918.40169091,2872866.4649275665839371465851,98.94227841,241.5188284924674396674601,0.00171677,0.0041906481824973503397,1176918.40169896,2872866.4649472166930776276456,0.05119184424606161,0.06144908773413835,0.05674383538102868
2019-06-17,4826.0,1454.0,7696539.0,5293.35557084,244280367.969447,0.00538158514431811,0.0131461559931293744895012878517,0.003,0.00732841103908341,79.9865,195.391316525881724655,0.0,0.0,0.0,0.0,0.0,105.48543547,157.45162574591473,0.0002615261281989971,2.44280367969447,-27.745408642021662,2.1649773488808073,100000000.0,15812.0,2060.0,947998.17200336,2315773.4229134388988726134192,460.19328738,1124.1618557825587033067886,0.11981243,0.2926782448771361082621,947998.17200373,2315773.4229143427362341003731,0.05067371121370845,0.06144518650258268,0.05671527083049322
2019-06-18,6561.0,1420.0,11684687.0,8228.6528169,237755972.98472,0.00473329318236569,0.011253687259952963479398222568,0.003,0.0071326791895416,98.2395,233.5702790803240044,0.0,0.0,0.0,0.0,0.0,190.19059462,153.297009454172,0.00026279704266510864,2.3775597298472,-34.79083470824381,-7.777171951083281,100000000.0,21044.0,3514.0,525788.3556308,1250093.22077036836694361376,149.62673752,355.746505635969104106944,0.006630065,0.015763375550269376068,525788.35563247,1250093.220774338891692458584,0.05029736845188087,0.05998505008992331,0.05679933438820892
2019-06-19,4035.0,1484.0,8892275.0,5992.0990566,243246827.659946,0.0052043802481514,0.012659489852989105928543238244,0.003,0.00729740482979838,83.0515,202.02013907400005219,0.0,0.0,0.0,0.0,0.0,191.85897481,157.38337574801483,0.0002619767033534651,2.43246827659946,-31.862502914326207,-1.196652397908805,100000000.0,16225.0,775.0,521216.16983518,1267841.7983747517439190770028,672.53699334,1635.9249011391323078675964,5.24133868,12.7493900660136885651128,521216.16983518,1267841.7983747517439190770028,0.04662805855246363,0.05958432856413554,0.05688730359052836
2019-06-20,19030.0,1452.0,9992191.0,6881.67424242,237219017.083698,0.00617601789120568,0.0146506889364314469987469300464,0.003,0.00711657051251094,93.894,222.73442390056740012,0.0,0.0,0.0,0.0,0.0,120.57383551,151.7262235459736,0.0002484822248846061,2.37219017083698,-35.660365655701945,-4.488788777581291,100000000.0,16257.0,7089.0,829367.32976356,1967417.0276784293238707044488,116.99355759,277.5309673662481581316782,0.00177599,0.0042129860215047681102,829367.32976618,1967417.0276846444621182973364,0.044581676134492876,0.059725029525689595,0.05692099705634605
2019-06-21,7321.0,1455.0,8622161.0,5925.8838488,234348302.922581,0.00304709328526363,0.0071408114024832368306806502903,0.003,0.00703044908767743,47.3305,110.918223514772200205,0.0,0.0,0.0,0.0,0.0,179.70548888,148.69679104176254,0.00023240801408609557,2.34348302922581,-33.360790346842336,-0.8183563457154998,100000000.0,15984.0,1026.0,556466.03019937,1304068.6981128806757710497397,542.36455185,1271.0221229141368931032485,0.101891565,0.23878115339875851929265,556466.03019957,1304068.6981133493723768949017,0.0445475420967584,0.05906545511337319,0.05691446371817606
2019-06-22,4813.0,1484.0,11553468.0,7785.35579515,240002831.379246,0.00307125800223555,0.007371106164326986411578733953,0.003,0.00720008494137738,60.4485,145.07811152628351831,0.0,0.0,0.0,0.0,0.0,95.48698132,149.7384486663085,0.00022461038852983486,2.40002831379246,-16.25861826853156,-20.680293547530997,100000000.0,21891.0,1121.0,1047263.18303028,2513461.2912650873183418156888,934.22228638,2242.1599386879280700046948,6.75927498,16.2224513327089637906508,1047263.18303039,2513461.2912653513214563328594,0.044590976777935276,0.03657445595312385,0.057001479392592924
2019-06-23,6661.0,1458.0,9772362.0,6702.58024691,234854566.156702,0.00325114380031274,0.0076354596673549995276744698348,0.003,0.00704563698470106,56.1375,131.84148207621858525,0.0,0.0,0.0,0.0,0.0,83.1250756,144.11349106662706,0.00021757018784380826,2.34854566156702,-19.7391440075283,-12.789028719119532,100000000.0,17754.0,4407.0,1203006.42473737,2825315.5196542020810061535374,272.97627065,641.097236145802154633963,0.00118949,0.0027935715789773546198,1203006.42474454,2825315.5196710411533995890708,0.043721960718919865,0.0304277448119061,0.0557739296720913
2019-06-24,3442.0,1458.0,8406946.0,5766.08093278,235364840.861435,0.00407795347621537,0.0095980687096976621837438725595,0.003,0.00706094522584305,62.409,146.88884353321296915,0.0,0.0,0.0,0.0,0.0,192.2180406,143.70402406029723,0.0002138862371434741,2.35364840861435,-12.198362593843742,-14.124719849533681,100000000.0,15967.0,807.0,520242.53127763,1224468.0058350950546034519905,644.66360753,1517.3114739545703995260555,1.37,3.2244983198016595,520243.53127765,1224470.3594835507419216242775,0.043710419076868276,0.030169425780953617,0.05439304426240425
2019-06-25,5250.0,1458.0,9885046.0,6779.86694102,229520575.747592,0.00558270870286662,0.0128134651571303913529996217904,0.003,0.00688561727242776,97.569,223.94093055116803848,0.0,0.0,0.0,0.0,0.0,59.27493344,137.10615110151878,0.0001957320584453537,2.29520575747592,-16.254669660220564,-16.262519785593998,100000000.0,18374.0,3385.0,1687053.77138034,3872135.5292436208354927114128,502.63036082,1153.6400980362630820614544,0.006,0.01377123454485552,1701403.7713819,3905071.731866980808474373848,0.04339133726905225,0.0303716961550907,0.05448648092035604
2019-06-26,4641.0,1496.0,15976164.0,10679.2540107,213994572.840991,0.00427358023818779,0.0091452297757269669476966769989,0.003,0.00641983718522973,120.9295,258.782566963746211345,0.0,0.0,0.0,0.0,0.0,56.70474817,125.00522140565978,0.00016635847699279695,2.13994572840991,-15.693237777513655,-21.71820844209014,100000000.0,29338.0,1399.0,1763520.74952497,3773838.6949082023712659404527,1262.70246571,2702.1147477487753545991861,8.32022013,17.8048195266236460734883,1766520.74952497,3780258.5320934321012659404527,0.04333666661609783,0.032537012008752565,0.055232208252889554
2019-06-27,9354.0,1470.0,9530798.0,6483.53605442,183072594.007785,0.0050942055393586,0.00932609422499206388332306701,0.003,0.00549217782023355,83.871,153.54481532026935735,0.0,0.0,0.0,0.0,0.0,106.27640878,106.1408255329671,0.00016478481122150725,1.83072594007785,-34.377205353814574,-33.45347288861022,100000000.0,16801.0,707.0,940942.59627555,1722608.0191258491538870515675,1330.89476135,2436.5035631171645761710975,67.998,124.4857024734136443,940942.59627556,1722608.019125867461146452346,0.04474277546082485,0.042135869529703204,0.05857286109183887
2019-06-28,6116.0,1441.0,7295675.0,5062.92505205,200146809.597347,0.00576813150503882,0.0115447311807146329426580401054,0.003,0.00600440428792041,69.829,139.76051567373143663,0.0,0.0,0.0,0.0,0.0,108.29673961,114.90794000570237,0.00016195455706371765,2.00146809597347,-20.918142062180287,-25.43546281584218,100000000.0,14635.0,704.0,923388.83294766,1848133.2893229176221172585802,1311.63186498,2625.1893314196520847020806,14.20075,28.4223480638952541025,923388.8329478,1848133.289323197827650694866,0.04526305205263223,0.0460475791045453,0.059457804739070856
2019-06-29,6459.0,1496.0,5874445.0,3926.76804813,196146013.449588,0.00654822942643392,0.0128440909714829558733253322496,0.003,0.00588438040348764,65.646,128.76201198911653848,0.0,0.0,0.0,0.0,0.0,106.7441969,112.06701376338214,0.00016421654425707028,1.96146013449588,-25.310298309137718,-23.04559243994175,100000000.0,10301.0,1331.0,936819.07682089,1837533.2724194090372132029332,703.8785889,1380.629791652564227263732,0.00210209,0.0041231657341224443892,936862.40182142,1837618.2526807756450854857496,0.04520398823263055,0.045412220378458504,0.05691126806383272
2019-06-30,6351.0,1479.0,6899394.0,4664.90466531,182077158.11992,0.00563947103858944,0.010268188600059589309591656448,0.003,0.0054623147435976,72.924,132.7779467873704608,0.0,0.0,0.0,0.0,0.0,188.20961437,109.12529807109698,0.00016792732139595646,1.8207715811992,-37.0690476686823,-31.03266869829821,100000000.0,13466.0,1118.0,531322.48495647,967416.881060880037082398824,475.24372536,865.310269278725544251712,1.00790007,1.835155804144684363944,531322.48495662,967416.881061153152819578704,0.04551129049461412,0.046161598271955616,0.05742374513763022
2019-07-01,3341.0,1435.0,9793010.0,6824.39721254,187420496.458016,0.00470031982942431,0.0088093627594216126165136476896,0.003,0.00562261489374048,88.178,165.26364536674934848,0.0,0.0,0.0,0.0,0.0,152.55799924,112.26451180442939,0.00017732114026884827,1.87420496458016,-34.675873493479195,-28.289832988678953,100000000.0,19017.0,777.0,655488.40768337,1228519.6279049159488502639392,843.6144243,1581.106342214493569601888,5.09390509,9.5470222087781467370144,655488.40768354,1228519.6279052345636942425664,0.04557341589899147,0.046773955565529324,0.05756741389270001
2019-07-02,12925.0,1459.0,6900101.0,4729.33584647,181684233.878862,0.00594070763500931,0.0107933291536497262872878220522,0.003,0.00545052701636586,79.754,144.90044388774759948,0.0,0.0,0.0,0.0,0.0,197.59218909,109.38228277852758,0.00016875610985209747,1.81684233878862,-41.93166711770168,-31.77298868714621,100000000.0,13770.0,4541.0,506092.87979064,919490.9713630942949768145168,111.45278183,202.4921328045150113467746,1.332741,2.42138027543948420742,506107.08229209,919516.7750690453617436080158,0.045609919722798827,0.04656329591494817,0.057604650097271115
2019-07-03,3610.0,1473.0,5853670.0,3973.97827563,194806101.553767,0.00557488090082287,0.0108602081491585606813584825129,0.003,0.00584418304661301,64.362,125.38110308203551654,0.0,0.0,0.0,0.0,0.0,283.49828802,117.17494200526555,0.00016299004000527574,1.94806101553767,-35.02232226730065,-19.890985514068902,100000000.0,12513.0,1089.0,352735.81613912,687150.8922044829546703206504,323.9080038,630.992554823407473403146,0.02020652,0.0393635338716822396084,352735.81613964,687150.8922054959463984002388,0.045930059030798144,0.04650727639797026,0.05832131299750374
2019-07-04,9379.0,1458.0,5841770.0,4006.70096022,182525149.278408,0.00684174908901614,0.0124879127379808289727966550512,0.003,0.00547575447835224,65.715,119.9464018483058172,0.0,0.0,0.0,0.0,0.0,447.19158228,109.76961169972876,0.000163304088564994,1.82525149278408,-39.3040331178284,-20.683155146468835,100000000.0,12156.0,972.0,223617.80490181,408158.7322101278644679311848,230.05947006,419.9163911561293588046448,0.05757509,0.1050890189696777565672,223617.80490231,408158.7322110404902143232248,0.04616574329773659,0.04689317631800742,0.0587802408663997
2019-07-05,7855.0,1456.0,7305396.0,5017.44230769,178509130.592113,0.0056243678324667,0.010040010119038776813563551371,0.003,0.00535527391776339,78.9605,140.951702061185385365,0.0,0.0,0.0,0.0,0.0,137.78731842,106.83178325784635,0.00016230464903253385,1.78509130592113,-38.41702643812075,-22.681481986545617,100000000.0,14642.0,818.0,725756.19548289,1295541.0747749030196166044657,887.23251282,1583.7910449655395146338866,0.30338533,0.5415705149270129790229,725756.19548298,1295541.0747750636778341373674,0.046050455115073746,0.046918321136409515,0.0586687181769715
2019-07-06,5277.0,1455.0,6997523.0,4809.29415808,193402760.109339,0.00577210494110448,0.0111634102725036006252022273872,0.003,0.00580208280328017,75.4645,145.950425902712129655,0.0,0.0,0.0,0.0,0.0,117.52965179,115.46097964961646,0.00017255430699062894,1.93402760109339,-35.113102981688165,-15.939803655856458,100000000.0,14774.0,1318.0,850849.11323044,1645565.6693535060320590307916,645.56078394,1248.5323743234464495521566,0.105878375,0.20477169960891635644125,850849.11323068,1645565.6693539701986832932052,0.04604831938235242,0.0496362163058581,0.059628944511858566
2019-07-07,9346.0,1445.0,9100945.0,6298.23183391,204270840.104208,0.00521087095091847,0.0106442898681872907846811192176,0.003,0.00612812520312624,89.924,183.68851025530800192,0.0,0.0,0.0,0.0,0.0,36.70196733,118.58222536671764,0.000178306185695546,2.04270840104208,-32.00501383031548,-14.02008261545111,100000000.0,18540.0,5269.0,2724649.58364314,5565664.5944036475184988433312,517.11891889,1056.3231599544009589968912,0.00240179,0.0049061566105388573232,2724699.58365164,5565766.7298410626439077010112,0.04622031402137124,0.05039582009581888,0.06000769612305131
2019-07-08,6847.0,1451.0,5606893.0,3864.15782219,189744153.783554,0.00623567126481446,0.0118318216741464357708280939084,0.003,0.00569232461350662,64.19,121.7967723136633126,0.0,0.0,0.0,0.0,0.0,23.04809493,106.74830875429346,0.00015401782643543555,1.89744153783554,-36.96606777738364,-19.91633602301025,100000000.0,12772.0,3428.0,4338753.39007473,8232530.9047525582436030499042,1265.68068555,2401.555106398732530354447,0.004319185,0.0081954010285961968349,4338753.39007635,8232530.904755632098894343479,0.04652599100864101,0.05192944830893762,0.059961206575490325
2019-07-09,2708.0,1465.0,5138183.0,3507.29215017,183440785.116372,0.00609894351889476,0.0111879498748646336196742101072,0.003,0.00550322355349116,60.038,110.13417856816742136,0.0,0.0,0.0,0.0,0.0,301.27739618,103.75586411816217,0.00014582972871846672,1.83440785116372,-37.93377729006368,-19.142788161698515,100000000.0,10985.0,927.0,331920.02210515,608876.694508122653551705158,358.05827627,656.8249131638362967609244,0.06779306,0.1243601215184131397832,331920.02210515,608876.694508122653551705158,0.04612591675892008,0.05172895841649977,0.05985479511046292
2019-07-10,3242.0,1440.0,4864692.0,3378.25833333,171396193.696891,0.005614060334719113,0.00962228572555549813259546377683,0.003,0.00514188581090673,52.6655,90.266662391436129605,0.0,0.0,0.0,0.0,0.0,411.41598048,99.05843488752735,0.00014157038634383847,1.71396193696891,-36.15710581827989,-27.87818292917259,100000000.0,10118.0,818.0,243062.99401291995,416600.7200238468520440814687545,297.14302447,509.2918337774014217592277,0.19545577,0.3350037501409497701107,243062.99401292,416600.7200238469377421783172,0.046382347664163937,0.05186304741253733,0.05852988831444382
2019-07-11,2823.0,1471.0,4770648.0,3243.13256288,148564324.809432,0.005188227821300021,0.00770785563228948042901322598072,0.003,0.00445692974428296,49.008,72.80840430260643456,0.0,0.0,0.0,0.0,0.0,23.35285889,82.95023011266716,0.00013153480288378603,1.48564324809432,-45.33590824264405,-37.582969700809294,100000000.0,9977.0,574.0,4282130.95663376,6361718.9431786169446821762432,7460.15846103,11083.1340473429327714843496,6.969047359999999,10.35351815603354434135195190568,4282130.95663376,6361718.9431786169446821762432,0.047544806012318176,0.057112614008508006,0.06099212789023432
2019-07-12,5825.0,1463.0,5405992.0,3695.14149009,163021014.251351,0.005920492662473795,0.00965164718704159560533580847045,0.003,0.00489063042754053,56.4815,92.076714164376815065,0.0,0.0,0.0,0.0,0.0,47.6250251,89.34194576769549,0.00013799758490658717,1.63021014251351,-37.56618428553049,-33.36330265252504,100000000.0,11963.0,951.0,2099736.426385301,3423011.61889838974223585791651,2208.03094257,3599.5544375612795142591207,1.190111,1.94013102291689589961,2099837.42638534,3423176.2701228471849414159434,0.04805665379811217,0.059993273058892474,0.062324791711310966
2019-07-13,19151.0,1482.0,12173629.0,8214.3245614,154097499.837514,0.008114946265345929,0.01250492930805579135206501380506,0.003,0.00462292499512542,212.1815,326.96638661773476791,0.0,0.0,0.0,0.0,0.0,214.79754293,84.28508354507704,0.00013580656690971896,1.54097499837514,-42.50523282611881,-37.88557716892667,100000000.0,27887.0,1984.0,465554.67364152987,717408.1124582953244100737754318,234.73028913,361.7135069106978924042282,0.35805784,0.5517581794122061380976,465704.89364191,717639.5977231370087670061174,0.048136333956517306,0.06025337831667264,0.0626400949924238
2019-07-14,13085.0,1435.0,14842579.0,10343.26062718,148878222.035958,0.005832172221176175,0.0086828343089621293148990290065,0.003,0.00446634666107874,185.848,276.68719808938722384,0.0,0.0,0.0,0.0,0.0,74.96180099,80.73709123980397,0.00014477985486924572,1.48878222035958,-45.15404681494421,-37.673470553883654,100000000.0,32397.0,2293.0,1334012.7729032605,1986054.49803095632530886441059,581.77617658,866.1380279210794851746364,4.32,6.4315391919533856,1334012.77290354,1986054.4980313724399394549132,0.04800418990857121,0.06021367339621087,0.06110344007904059
2019-07-15,11819.0,1462.0,18793121.0,12854.39192886,150448990.753927,0.005506923238303923,0.00828511043362172644672531755621,0.003,0.00451346972261781,236.2415,355.422952491938453705,0.0,0.0,0.0,0.0,0.0,25.52756848,78.96792103621702,0.00013769335038652552,1.50448990753927,-45.17067206415252,-38.05422275957524,100000000.0,43680.0,3480.0,3917333.5313934004,5893588.762446539001684281833708,1125.670555,1693.55998921162874519485,0.22120868500000002,0.3328062340425335326497481507854,3917333.53139825,5893588.7624538351759398842775,0.0480142838287209,0.060110341514343586,0.06103899583534586
2019-07-16,11926.0,1460.0,14441768.0,9891.62191781,147108319.336871,0.004958439664600802,0.00729427725592702316525574770542,0.003,0.00441324958010613,149.611,220.09022764308607181,0.0,0.0,0.0,0.0,0.0,42.13987774,75.77354290073637,0.00015532270234124362,1.47108319336871,-49.176172833089446,-39.73458558445339,100000000.0,32687.0,1295.0,2373049.1247621505,3490952.684475926665877599010855,1832.47036661,2695.7163586661695346027731,33.2025,48.843639727824593775,2373049.12476215,3490952.6844759259303360023265,0.04802640577421242,0.05998846264910925,0.06084714292528534
2019-07-17,5728.0,1437.0,9323071.0,6487.87125957,140113192.616803,0.006572349706049687,0.00920872900308728371911469090661,0.005,0.00700565963084015,138.624,194.23051213311699072,0.0,0.0,0.0,0.0,0.0,69.41234293,71.47527104763212,0.0001448215967270599,1.40113192616803,-54.851151820377694,-42.64246702202142,100000000.0,21943.0,1141.0,1440665.96492519,2018563.0784003550127023196757,1262.63450037,1769.1175095496262877171711,191.31244645,268.0539765944065930769935,1440665.9649252,2018563.078400369024021581356,0.0481167505907201,0.06016691583153219,0.06106759065459379
2019-07-18,10461.0,1475.0,13583735.0,9209.31186441,150321755.280043,0.005704803674413787,0.00857556101865919393430045152841,0.003,0.00450965265840129,165.194,248.32252041731423342,0.0,0.0,0.0,0.0,0.0,45.1493725,75.36136710585531,0.00014075214779646412,1.50321755280043,-51.25343698260284,-36.77477230416255,100000000.0,29447.0,1848.0,2214870.2066286206,3329431.771778857790960517986858,1198.76605913,1802.0061817856141664694259,12.97100053,19.4982356740796805142279,2215319.67727112,3330107.4239381313759763625816,0.048397900306187805,0.06228076376855058,0.0609544219257711
2019-07-19,5026.0,1469.0,9330081.0,6351.31449966,146478064.761268,0.006577941109126712,0.00963524083778469576708241790816,0.005,0.0073239032380634,143.6425,210.4047541747043869,0.0,0.0,0.0,0.0,0.0,44.8006244,72.22621722518477,0.00013907638176815097,1.46478064761268,-49.30489300952199,-39.782127409266245,100000000.0,22894.0,1321.0,2232111.74718257,3269554.0905819555369866069876,1689.71366176,2475.0598717528057250071168,5.897,8.63781147897197396,2232111.74718267,3269554.0905821020150513682556,0.04839200439685397,0.06188667306203722,0.060801671354685664
2019-07-20,5621.0,1465.0,9994281.0,6822.03481229,150893581.134617,0.0061723828971495245,0.009313729594849541127178120396165,0.005,0.00754467905673085,148.1125,223.492255358009604125,0.0,0.0,0.0,0.0,0.0,61.36485621,73.5069869021574,0.00013891048805352184,1.50893581134617,-47.34041789806721,-36.39060519276276,100000000.0,25764.0,1529.0,1629597.2348645504,2458957.625757815507767435811968,1065.79289396,1608.2130651745151276621332,0.0796508,0.120187944522371517436,1629597.33486476,2458957.7766517129153304939692,0.04845171657400711,0.062442764967150316,0.06096302897887522
2019-07-21,8968.0,1423.0,10244747.0,7199.40056219,146508388.610514,0.006125531836854461,0.00897441798799949015564232402954,0.005,0.0073254194305257,167.0065,244.67853202481806341,0.0,0.0,0.0,0.0,0.0,58.69300779,70.50384851332959,0.0001383498104865057,1.46508388610514,-50.140640517213676,-37.48263299396953,100000000.0,27496.0,5389.0,1703780.4632736396,2496181.302202959664440076067544,316.15892805,463.199350934329351995177,0.00215409,0.0031559225482202210226,1703780.46328791,2496181.3022238669975283508574,0.04793138709159728,0.062495002485750996,0.060783874182458356
2019-07-22,3306.0,1479.0,14387531.0,9727.87762001,142702808.742451,0.005156613982248994,0.00735863298867526806709899844294,0.005,0.00713514043712255,193.471,276.08855110210737421,0.0,0.0,0.0,0.0,0.0,29.44044859,67.07012578015637,0.00013829720033350942,1.42702808742451,-48.00435825030158,-40.54119781738913,100000000.0,37802.0,1456.0,3396687.3733724197,4847168.286002626579922439786847,2332.88967951,3329.0990975235333952187901,0.02909877,0.0415247620995057088527,3396687.37337258,4847168.2860028553325248539358,0.047424446380845066,0.06207134086429298,0.05074196474453726
2019-07-23,7165.0,1502.0,17462719.0,11626.31091877,136896014.33353,0.005167713583749145,0.0070743939283250063799588233185,0.005,0.0068448007166765,204.0265,279.30414668419958545,0.0,0.0,0.0,0.0,0.0,143.03467708,64.14578178811244,0.00013874620974218833,1.3689601433353,-49.48755342693015,-41.7103032852302,100000000.0,41784.0,819.0,699131.16205256,957082.695813647389752303368,853.64122351,1168.600811693170464172903,1.05060471,1.438235974390341289263,699132.16205256,957084.064773790725052303368,0.04689964475699236,0.06222507863829363,0.049031634852103344
2019-07-24,10321.0,1437.0,13063848.0,9091.05636743,137361416.505259,0.00567733771985322,0.0077984715117777559035483808398,0.005,0.00686807082526295,179.472,246.52528143031843248,0.0,0.0,0.0,0.0,0.0,200.43754856,64.3666525982268,0.00014026794310903134,1.37361416505259,-48.85335794672967,-41.638939782800016,100000000.0,31980.0,885.0,498908.51648169,685307.8053046229460206220771,563.7384367,774.359102035722859886053,3.034697,4.16850278584259971523,498908.51648169,685307.8053046229460206220771,0.046855400533869405,0.062239148572026705,0.04892396686041408
2019-07-25,10486.0,1434.0,11868364.0,8276.40446304,141176001.506593,0.007060433775531691,0.00996763809331662111795616938763,0.005,0.00705880007532965,201.18,284.0178798309637974,0.0,0.0,0.0,0.0,0.0,74.14714224,65.76931685973796,0.00014264255546418746,1.41176001506593,-48.06408749115275,-38.49091697040406,100000000.0,30228.0,4665.0,1348669.6450443405,1903997.878406760609642880869165,289.10388961,408.1453115514325635919873,0.00612746,0.0086505030219158834378,1348669.64504463,1903997.8784071693141672424559,0.046820205668878824,0.06276662727688688,0.04916020441792681
2019-07-26,3417.0,1490.0,11754893.0,7889.18993289,142792973.915752,0.006254063454911905,0.0089303631978469348500605182756,0.005,0.0071396486957876,192.3875,274.715832692167379,0.0,0.0,0.0,0.0,0.0,170.15574602,66.48170649641465,0.00014516354116757973,1.42792973915752,-45.20243118229782,-33.27261901083139,100000000.0,31095.0,740.0,587696.8738388598,839189.843764413013838689395696,794.18496465,1134.040329415498741981668,0.1504247,0.214795902633848198744,587696.87383894,839189.8437645275338037698288,0.04683104788105716,0.06211526722356754,0.0492343083347734
2019-07-27,5475.0,1420.0,12091159.0,8514.90070423,134765321.603423,0.006252938693336796,0.00842679293974020899200885452708,0.005,0.00673826608017115,192.5655,259.511515372239517065,0.0,0.0,0.0,0.0,0.0,487.19758812,62.765289021074956,0.0001426590452812681,1.34765321603423,-49.407667393116725,-26.38694921333106,100000000.0,32801.0,821.0,205255.53171611996,276613.2774260449599864341462308,250.01644423,336.9354651280022065659929,0.0890642,0.120027655563515867566,205263.50071612,276624.0168745235906714327876,0.046662402395215026,0.05669299474225011,0.0495515547603445
2019-07-28,8900.0,1453.0,12524445.0,8619.71438403,135033081.701927,0.006380015519415436,0.00861513156892786795535034745172,0.005,0.00675165408509635,197.3275,266.457404295370000925,0.0,0.0,0.0,0.0,0.0,883.80718704,62.977860326636254,0.0001416957758982142,1.35033081701927,-49.481597077294936,-32.53298317690651,100000000.0,33602.0,1374.0,113146.85088097997,152785.6795932711924672119740219,82.46873723,111.3600773223333894764221,0.020046755,0.02706975105773513596885,113312.04495855,153008.7462470030757417012585,0.04664125626508648,0.05357166739077401,0.049554890558435906
2019-07-29,5625.0,1484.0,14833567.0,9995.66509434,137592030.920299,0.006025723928276999,0.00829091593056674400187363902701,0.005,0.00687960154601495,233.8945,321.820192760878744555,0.0,0.0,0.0,0.0,0.0,132.41630952,63.98213922900127,0.0001447703391083976,1.37592030920299,-48.332181367754096,-29.852241959706266,100000000.0,39099.0,1108.0,755193.9814716799,1039086.736494750909056025402901,681.58301577,937.8039138057648093011523,0.1,0.137592030920299,755193.98147176,1039086.7364948611202727925624,0.046654804489806856,0.05386578533395764,0.04941915610802783
2019-07-30,4443.0,1474.0,12101107.0,8209.70624152,136859148.501731,0.006554113180838401,0.00896990349113515246877579772131,0.005,0.00684295742508655,203.7215,278.811510214953919165,0.0,0.0,0.0,0.0,0.0,223.90082986,63.63271724993408,0.00014272352682751104,1.36859148501731,-46.32616620048781,-24.834531736489115,100000000.0,31689.0,939.0,446626.30354409,611248.9560151979973879981979,475.64047236,650.9575004015071911765516,0.06876004,0.0941044052534496362924,446626.40354409,611249.0928743464991189981979,0.046599209398798545,0.05255769246182517,0.04906349352335268
2019-07-31,3557.0,1447.0,11381638.0,7865.67933656,137960488.963991,0.00671557605290637,0.0092648415593383149832582452267,0.005,0.00689802444819955,192.9385,266.178897999789775535,0.0,0.0,0.0,0.0,0.0,262.93576988,64.12665882189573,0.0001371512415180234,1.37960488963991,-41.12826349882962,-26.389860462836047,100000000.0,29018.0,807.0,380321.01925271004,524692.7377938731211133872416964,471.27759511,650.1768745914937386768401,0.15,0.2069407334459865,380321.01925272,524692.7377938868619780880552,0.046587561149886055,0.05216754790947881,0.04912450810638345
2019-08-01,6041.0,1463.0,12520504.0,8558.10252905,136650806.420287,0.006411127029608405,0.00876085678658887753517457712235,0.005,0.00683254032101435,201.3735,275.178511666756641945,0.0,0.0,0.0,0.0,0.0,342.88357963,63.51879551916012,0.00013139112742669817,1.36650806420287,-39.073409678039226,-24.786645762890487,100000000.0,31786.0,1046.0,291644.17878315994,398534.1221850116199614958170278,278.81853995,381.0077832909450739996565,0.031224165,0.04266807327050100635355,291644.19278337,398534.1413164115674856422719,0.046588579026496574,0.0520183967634026,0.048973526061682184
2019-08-02,2700.0,1480.0,11869382.0,8019.8527027,135329514.911439,0.0060649705104153595,0.008207695171266931963127478473205,0.005,0.00676647574557195,193.32699999,261.6284912793047240388561,0.0,0.0,0.0,0.0,0.0,295.39634313,62.85057567369781,0.0001285217871205441,1.35329514911439,-28.370096003915595,-30.53117236469737,100000000.0,32239.0,731.0,338528.22597697,458128.6060529335304880355983,463.17322295,626.8100758179128545232505,0.23555181,0.3187711218381144615459,338579.62597699,458198.1654236250760370178861,0.046483244741896385,0.04982170275319715,0.04784282566806146
2019-08-03,3953.0,1472.0,12297666.0,8354.39266304,136767261.230472,0.005874925524308865,0.0080349747389271821950727773428,0.005,0.0068383630615236,197.2095,269.71803203630767884,0.0,0.0,0.0,0.0,0.0,371.71980569,63.57233742337177,0.0001265142706019873,1.36767261230472,-25.67480255380105,-25.069360703899978,100000000.0,33887.0,685.0,269019.8328667199,367931.057578605976976525687928,392.72968302,537.1256315055680372498544,0.13,0.1777974395996136,269019.83286676,367931.0575786608206482791072,0.046424676650682666,0.04895546986841118,0.04753706300430366
2019-08-04,4104.0,1440.0,10517360.0,7303.72222222,136685453.150076,0.006185214567728127,0.00845428856020370481302897387652,0.005,0.0068342726575038,167.6255,229.11967427008064538,0.0,0.0,0.0,0.0,0.0,228.66701859,63.45925996047495,0.00012441208943813324,1.36685453150076,-24.623007252718647,-23.429433163059095,100000000.0,27368.0,648.0,437317.11120770004,597748.8751570665983712491120304,674.8720852,922.451967838986986584752,0.09943895,0.135918579415177498602,437317.1112077,597748.875157066543697067852,0.04640816773397037,0.04892246085846714,0.047523218211735184
2019-08-05,7252.0,1498.0,12476546.0,8328.8024032,140855525.42574,0.005951918347270044,0.0083836058609582408155984853256,0.005,0.007042776271287,193.604,272.7019314452496696,0.0,0.0,0.0,0.0,0.0,133.09476634,65.41291950569054,0.00011947009282717961,1.4085552542574,-24.285137683777283,-27.169847345452435,100000000.0,32812.0,1196.0,751344.3447030699,1058310.02448809221190082479226,628.21446045,884.87477906732510641983,0.06203301,0.087376922172901836774,751344.49470314,1058310.235771479090234148236,0.046281911299484196,0.046577847661384064,0.047782520537665615
2019-08-06,3322.0,1457.0,10887418.0,7472.49004804,135228918.71134,0.0059699916206968785,0.0080731551158259912499898055219,0.005,0.006761445935567,170.9925,231.2313088274880495,0.0,0.0,0.0,0.0,0.0,224.39544887,62.8387420719907,0.00011837786510609109,1.3522891871134,-25.92788777243806,-33.799205680872774,100000000.0,28999.0,1484.0,445641.83678544,602636.637210305135328748896,300.29773368,406.089378170123481159312,0.00191184,0.002585360559490882656,445641.83678558,602636.637210494455814944772,0.04636657607642933,0.04520734750060699,0.04766743260756456
2019-08-07,5237.0,1476.0,10166166.0,6887.64634146,136172381.163068,0.0049777299094270495,0.00677829334553304137090309607866,0.005,0.0068086190581534,146.7385,199.81730953296853718,0.0,0.0,0.0,0.0,0.0,202.96056608,63.355949961204765,0.00011378730554155961,1.36172381163068,-22.21420249213241,-28.233688128065694,100000000.0,29746.0,1110.0,492706.5485319499,670930.239282323439117199062932,443.87977345,604.441657008096713469446,0.03518444,0.0479114897468909626192,492706.54853209,670930.2392825142166232085212,0.046156190000799284,0.04389496690217345,0.04770673935832004
2019-08-08,3974.0,1487.0,10760728.0,7236.53530599,133480893.012623,0.0051748076118105415,0.006907379411929900227174439653545,0.005,0.00667404465063115,160.714,214.52248239630692822,0.0,0.0,0.0,0.0,0.0,298.48558176,62.28814187803407,0.00011180957433277199,1.33480893012623,-20.154886285365812,-27.23488785335018,100000000.0,31376.0,1012.0,335024.55766681005,447193.7713852481692680279326115,331.05341667,441.8930569199157358862541,0.09,0.1201328037113607,335026.05766697,447195.7735988568613014016231,0.046166738892388176,0.043720397937670706,0.04751783138114974
2019-08-09,4179.0,1450.0,10611496.0,7318.27310345,128260427.21831,0.005008438676707907,0.0064238448437126335360839217717,0.005,0.0064130213609155,148.971,191.0708410313885901,0.0,0.0,0.0,0.0,0.0,218.22325851,59.944759106145206,0.0001081605143191117,1.2826042721831,-27.917421923330604,-25.167283793282664,100000000.0,30937.0,617.0,458246.29640755,587748.657484406779925822405,743.15631244,953.175461235382664487764,2.1,2.69346897158451,458527.44477455,588109.259581038282015820105,0.04609323073058143,0.04274211042300082,0.047121541148305246
2019-08-10,3886.0,1456.0,7168549.0,4923.45398352,130407605.594364,0.005917478078433482,0.00771684147365648480040648095448,0.005,0.0065203802797182,110.0,143.4483661538004,0.0,0.0,0.0,0.0,0.0,219.79341677,60.843855682866,0.00011536687368857288,1.30407605594364,-25.556503908273072,-12.221453056349958,100000000.0,19629.0,715.0,454972.68057584,593318.9788474469758097856576,636.32542738,829.8167536343615121928632,2.01,2.6211928724467164,454972.68057584,593318.9788474469758097856576,0.04588227219166425,0.03476680043025695,0.0472255010984822
2019-08-11,3817.0,1447.0,6472386.0,4472.96890117,132295785.564695,0.007410542582417582,0.0098038355240155755207016646749,0.005,0.00661478927823475,107.8975,142.743845229666787625,0.0,0.0,0.0,0.0,0.0,150.13802309,61.57864813770159,0.00011473854760052612,1.32295785564695,-27.599195960185796,-18.84740370912113,100000000.0,15319.0,964.0,666053.7946689798,881161.09994078745370742548161,690.92717289,914.0675310547638854511855,0.02646008,0.035005570697046748756,666053.7946691,881161.099940946473241674245,0.04589857617330132,0.029797741185370142,0.047079658858413635
2019-08-12,5360.0,1456.0,12259513.0,8419.99519231,131251257.644716,0.006084848012470772,0.00798643954213739371968510240752,0.005,0.0065625628822358,195.1715,256.16504831405688794,0.0,0.0,0.0,0.0,0.0,133.05552667,60.90771994906252,0.00011528744799329533,1.31251257644716,-36.262558955587366,-14.825835731850233,100000000.0,32827.0,1067.0,751565.9251541301,986439.728793940713682058415516,704.37293829,924.4983400146643381257564,0.10863247,0.1425814830855188152852,751565.92515413,986439.7287939405824308007708,0.04582770828300722,0.0283077507525114,0.04697339134492309
2019-08-13,3726.0,1469.0,11974892.0,8151.73042886,128507767.107423,0.0059633365200764815,0.007663350607051788057779863721745,0.005,0.00642538835537115,187.1295,240.475942049285122785,0.0,0.0,0.0,0.0,0.0,272.23516005,60.28395418550221,0.00011825445805325179,1.28507767107423,-35.21112192743094,-13.682629097770254,100000000.0,32922.0,592.0,367329.48081682005,472046.9137249851548411361023115,620.48898787,797.3765434591857483395901,3.05257248,3.9227927333836865351904,367329.48081682,472046.9137249850905872525486,0.045799325261288965,0.0279372439499686,0.04685833369465144
2019-08-14,4976.0,1476.0,13486596.0,9137.2601626,120621076.75153,0.005529846764871514,0.0066701607104976675963295291642,0.005,0.0060310538375765,186.5715,225.04455221148079395,0.0,0.0,0.0,0.0,0.0,168.58988712,57.62939988330573,0.00012032772267661571,1.2062107675153,-34.4570123711661,-19.825931601750163,100000000.0,34850.0,1561.0,593155.38856507,715470.416496909085836270571,379.99427133,458.353181672376458126349,0.02431978,0.029334780499603242634,593171.05755013,715489.316595404494205291989,0.04601153234567344,0.029728356352212656,0.04721438869042621
2019-08-15,4385.0,1479.0,16779118.0,11344.90736984,121104270.989615,0.0057719182169637525,0.006990039478770737092537589302875,0.005,0.00605521354948075,222.4555,269.403111551302996325,0.0,0.0,0.0,0.0,0.0,357.49520155,58.09082504487137,0.00011746194214144568,1.21104270989615,-37.74056670136385,-17.676803368073276,100000000.0,38776.0,888.0,279724.03423936997,338757.7524483300562056601286155,315.11026266,381.611986407854007822759,0.198,0.2397864565594377,279817.91323936,338871.443926880322775692464,0.04600846290734801,0.029657586092033568,0.047208293811758346
2019-08-16,3602.0,1474.0,16708717.0,11335.62890095,120189287.122376,0.0057264461084874894,0.006882574755238155683783228028144,0.005,0.0060094643561188,219.4775,263.7884426440127854,0.0,0.0,0.0,0.0,0.0,217.55618316,58.12485143565211,0.00011586383633758782,1.20189287122376,-38.21556272926749,-14.21986404158036,100000000.0,39003.0,850.0,459651.38083786005,552451.717877181593966983114788,540.7663304,649.943197505592452490304,0.21204411,0.2548543041939868000536,459651.38083787,552451.7178771935528010517912,0.04600860548935275,0.0285685154567785,0.04718341368048222
2019-08-17,3742.0,1481.0,17710196.0,11958.26873734,119684284.474026,0.0052095573320606135,0.00623502141714090395235598374951,0.005,0.0059842142237013,218.3065,261.27857248528956969,0.0,0.0,0.0,0.0,0.0,404.64704337,58.299327130969125,0.00011725527621386027,1.19684284474026,-44.22138619992325,-20.381262012900727,100000000.0,42302.0,699.0,247128.95259656,295774.5186433477334657695056,353.54642718,423.1395116538663781042668,0.09259608,0.1108229557989966941808,247128.95259657,295774.5186433597018942169082,0.04583595037340346,0.024770003440288884,0.047150464126208165
2019-08-18,4412.0,1414.0,20288738.0,14348.47100424,126058718.905046,0.004901891628537536,0.00617926178904811413880230806656,0.003,0.00378176156715138,231.4085,291.71059053738337291,0.0,0.0,0.0,0.0,0.0,257.77978023,61.608118975908596,0.00012201620045998866,1.26058718905046,-40.04585470680606,-13.940207285986281,100000000.0,48006.0,1244.0,387928.02101117,489017.0935603785758413536382,311.83930878,393.1006376904186309410388,0.05261412,0.0663246856351635884952,387928.1001252,489017.193290511267995117592,0.04598900291514954,0.026778174618231832,0.04765499555492743
2019-08-19,6040.0,1456.0,14556717.0,9997.74519231,126479171.748823,0.00515400980613165,0.0065187489146484289391907054795,0.005,0.00632395858744115,182.9055,231.337361483043452265,0.0,0.0,0.0,0.0,0.0,222.31773361,62.297976931901296,0.00011619979215671993,1.26479171748823,-41.90054060513285,-16.17988598468819,100000000.0,35901.0,2273.0,449806.6725381799,568911.753897230415509203872577,197.89118897,250.2911367731541766808231,0.01032776,0.0130624653082062422648,449806.67253907,568911.7538983562066169401461,0.04599252918522176,0.026021874969719687,0.047653348943699034
2019-08-20,5235.0,1480.0,19094126.0,12901.43648649,124222925.044633,0.004833965184620216,0.00600489294797442613736954100728,0.005,0.00621114625223165,215.4885,267.686117834803982205,0.0,0.0,0.0,0.0,0.0,163.10633583,61.5109228241206,0.00011532671048412071,1.24222925044633,-39.907825291824004,-15.211049535959283,100000000.0,46773.0,904.0,613096.9682428101,761606.987311183378251238431933,678.20461089,842.4856054351295964785337,0.06347681,0.0788527501070241046073,613096.96824285,761606.9873112329431983312405,0.04596462042486559,0.025745459891477803,0.0476627892114483
2019-08-21,6944.0,1470.0,17794389.0,12105.02653061,121347686.453161,0.004861626081046242,0.00589947077335309262209008070962,0.005,0.00606738432265805,207.431,251.71271948665639391,0.0,0.0,0.0,0.0,0.0,103.55153579,61.758510259088226,0.00012018394264625147,1.21347686453161,-43.89568404997427,-14.964752605417575,100000000.0,43193.0,1315.0,965702.7222114397,1171857.911418778216235924258917,734.37475654,891.1467769573236548842294,0.089,0.10799944094331329,965702.80485607,1171858.0117061250630540153727,0.04594024774665502,0.025669916523710517,0.047474444725721265
2019-08-22,5777.0,1449.0,15318477.0,10571.75776398,128644893.747561,0.0057076988387379495,0.007342663106525208200526837661695,0.005,0.00643224468737805,208.3995,268.095315345448386195,0.0,0.0,0.0,0.0,0.0,127.27233087,66.77759800205789,0.00012712304623988774,1.28644893747561,-37.35976593685877,-6.027290587048191,100000000.0,37526.0,1036.0,785716.73292226,1010784.4562246490159827760786,758.41398464,975.6608647067716029146304,0.97652136,1.2562448659942376440296,785716.88808373,1010784.6558319572346365128253,0.046179665184221425,0.027254107817738182,0.04829798396739385
2019-08-23,4428.0,1445.0,15970429.0,11052.2,130545157.369074,0.005968082835183603,0.00779104312910712781773224093622,0.005,0.0065272578684537,223.636,291.94596813390233064,0.0,0.0,0.0,0.0,0.0,177.06546389,68.67863466266463,0.00012535370665664472,1.30545157369074,-41.10316120451135,-4.962280755108574,100000000.0,38159.0,804.0,564762.8724653999,737270.580622058994055793026926,702.44138366,917.0032097244478585293084,0.2753769,0.359491207463077539906,564762.8724654,737270.580622059124600950396,0.045787534967321464,0.02740926867069315,0.04837834253741023
2019-08-24,5200.0,1436.0,14577622.0,10151.54735376,130307663.864005,0.0060211410074853325,0.007846008184811751210253122066625,0.005,0.00651538319320025,208.3375,271.479729202671416875,0.0,0.0,0.0,0.0,0.0,133.21805456,68.97572254576909,0.0001284187884415027,1.30307663864005,-44.17046524400603,-7.698431409449171,100000000.0,35554.0,1313.0,750649.00422509,978153.1812241309676016888545,571.70525836,744.975766356590144293318,0.03204087,0.0417517091787028188435,750649.00422522,978153.181224300367564712061,0.04577826794405891,0.026853503364368154,0.0483468465520641
2019-08-25,5654.0,1463.0,14269481.0,9753.57552973,125536051.547914,0.006011721860163369,0.00754687825329190130405371162266,0.005,0.0062768025773957,203.8635,255.92218844738165739,0.0,0.0,0.0,0.0,0.0,228.47121097,67.46635439064072,0.00012428872989584476,1.25536051547914,-46.19645465831976,-12.085274152227967,100000000.0,34608.0,1964.0,437691.9068944301,549461.137860039521236898738114,222.8573864,279.766363469437884119696,0.01628978,0.0204495466178417851892,437691.90689499,549461.1378607423975895155086,0.04583993128456456,0.027439656041953465,0.04783327544077016
2019-08-26,2911.0,1452.0,17685051.0,12179.78719008,126036353.759101,0.005383382963019521,0.00678501959547845685257994410621,0.005,0.00630181768795505,211.5185,266.590204925944048685,0.0,0.0,0.0,0.0,0.0,156.44659519,68.12257450107509,0.00012162567794147463,1.26036353759101,-43.084107284497556,-6.477161736020587,100000000.0,39464.0,841.0,639195.7579964398,805619.026761559984669048486198,760.04251843,957.9298772480152157273143,0.099,0.12477599022150999,639195.75799648,805619.0267616106512832596448,0.045841749050071254,0.025533324750080386,0.04377725136073018
2019-08-27,2256.0,1477.0,13146077.0,8900.52606635,123535226.986173,0.006343080401022213,0.00783593877131824342292416860849,0.005,0.00617676134930865,193.6035,239.168523178175444055,0.0,0.0,0.0,0.0,0.0,208.32959941,72.39861051231257,0.00012149147824488085,1.23535226986173,-44.94912523109781,-8.514842859866329,100000000.0,30798.0,522.0,480008.6031231699,592979.717421366236006832297927,919.55671288,1135.9764725228991309100824,7.778,9.60856995498453594,480008.60412317,592979.7186567186294037892841,0.045856922743238396,0.025723914436705582,0.04197726958572378
2019-08-28,5307.0,1477.0,15809607.0,10703.86391334,117074215.688611,0.005607166629687153,0.00656454635405975753095395114483,0.005,0.00585371078443055,202.172,236.69128334197863092,0.0,0.0,0.0,0.0,0.0,182.90311396,69.63283903236476,0.00012038727372538654,1.17074215688611,-48.590037788514515,-14.912066559707265,100000000.0,38016.0,718.0,546737.54774194,640088.6958940213756522504534,761.47290772,891.4884343944506025797692,0.10498598,0.1229115126680020067378,546737.54774196,640088.6958940447904953881756,0.045977638403655256,0.02698520901956833,0.042363108769209935
2019-08-29,8536.0,1464.0,18768994.0,12820.3510929,111748767.749106,0.006401458213688232,0.00715355067177053205033080720592,0.005,0.0055874383874553,256.372,286.49255085373803432,0.0,0.0,0.0,0.0,0.0,58.48206594,67.03504716784363,0.00011784970888187264,1.11748767749106,-48.64314944176169,-18.34760849203106,100000000.0,40412.0,1027.0,1709925.91315781,1910821.1373765010502226441786,1664.97170143,1860.5853597193492818142158,0.2,0.223497535498212,1709925.93736974,1910821.1644330344734987645244,0.046083069437280966,0.028012532161475773,0.0417777784182814
2019-08-30,3125.0,1436.0,21627918.0,15061.22423398,111496255.131971,0.006024131670521105,0.00671668121685007786652115747955,0.005,0.00557481275659855,278.7185,310.760689860002591635,0.0,0.0,0.0,0.0,0.0,171.7169427,67.2080374768464,0.00011641260600476518,1.11496255131971,-46.189688863013515,-19.182473207185737,100000000.0,46518.0,723.0,582353.7178460505,649302.587020150997887386305355,805.49141165,898.0927593993987783686215,0.11,0.1226458806451681,582370.2906224,649321.065045152087357287504,0.04608202524177578,0.02788822105040453,0.04150197035781058
2019-08-31,4508.0,1473.0,21217971.0,14404.59674134,110507258.895637,0.005450437984584773,0.00602312961457123457981986335401,0.003,0.00331521776686911,238.3095,263.349296137898056515,0.0,0.0,0.0,0.0,0.0,386.23845113,67.85222891634855,0.00011505151219493078,1.10507258895637,-48.32617699816548,-19.131645256627454,100000000.0,44732.0,697.0,258907.41770587,286111.4903842340707629228919,371.45970976,410.4899431574649815031712,0.11442225,0.1264448920417130072325,258907.41770587,286111.4903842340707629228919,0.04607502960030988,0.027886560933173182,0.041397459952164616
2019-09-01,9642.0,1448.0,19129120.0,13210.71823204,111515798.011838,0.006139689635029082,0.00684672389195278478336910272716,0.005,0.0055757899005919,241.738,269.57605979785694444,0.0,0.0,0.0,0.0,0.0,264.59883986,69.56546780738249,0.00011422362253605254,1.11515798011838,-49.81747837374604,-17.596839030410287,100000000.0,41541.0,4599.0,377930.60639926983,421452.3316571242422832889624754,82.17669198,91.6399938412270771965924,0.00558574,0.0062289825358664399012,377930.60639935,421452.331657213644498555053,0.04607103194098887,0.028036097018049124,0.040182722618621554
2019-09-02,3056.0,1470.0,18547460.0,12617.31972789,114633650.611692,0.005999379376566196,0.00687730759340279883705929563632,0.005,0.0057316825305846,256.1675,293.6541569307061041,0.0,0.0,0.0,0.0,0.0,253.47327057,73.09788297804671,0.00011046536825101092,1.14633650611692,-46.771658610236855,-16.18341291596223,100000000.0,42852.0,756.0,394518.91622873,452251.4360266761967028431116,521.85041829,598.2161852182118456464668,0.10390396,0.1191089024781122110032,394518.9162289,452251.436026871073908882988,0.04610366706242484,0.028559174837700912,0.03978011410548506
2019-09-03,4876.0,1462.0,17255196.0,11802.45964432,114772432.049601,0.006002070287539935,0.00688872204233606325404188315935,0.005,0.00573862160248005,234.831,269.52124990639852431,0.0,0.0,0.0,0.0,0.0,239.88333769,74.17875082045353,0.00010808437106124756,1.14772432049601,-48.45271119328627,-16.031714125727234,100000000.0,39953.0,496.0,416869.30390150007,478451.0385559938582488854497207,840.46230625,964.6190293432907085230625,0.98374156,1.1290641134946848511756,416869.30390157,478451.0385560741186106177357,0.046099986969682816,0.02857262152179814,0.03975049649246574
2019-09-04,3697.0,1483.0,13942391.0,9401.47741065,112597462.193945,0.0070395047345939,0.007926303682175334864326139355,0.005,0.00562987310969725,235.6615,265.348868368183696175,0.0,0.0,0.0,0.0,0.0,200.743495,73.92073910956833,0.00010645258182215484,1.12597462193945,-51.18951171588524,-20.061735701445983,100000000.0,33637.0,860.0,498148.14671758027,560902.1711701651149841584546515,579.24203107,652.2118269454824005587115,0.07982312,0.089878807364027350084,498148.14671765,560902.1711702436291945462925,0.04605035389046774,0.02784486796322088,0.03807768171689024
2019-09-05,6149.0,1460.0,14040844.0,9617.01643836,111180404.990166,0.005635250611427056,0.00626529445199540659524906331296,0.005,0.0055590202495083,191.2435,212.62529781736811421,0.0,0.0,0.0,0.0,0.0,283.5339573,74.01324969493069,0.0001050836144613477,1.11180404990166,-45.012603910774715,-17.78355839146213,100000000.0,34085.0,425.0,352691.44110114005,392123.772581900290889316387483,832.21515553,925.2601803077938581051798,2.0,2.22360809980332,353691.44110115,393235.576631813013339612909,0.04597343015631034,0.027149955183468164,0.037149785105821675
2019-09-06,4677.0,1456.0,11111067.0,7631.22733516,104635343.420759,0.007320213159952265,0.00765953017904764680870250069135,0.005,0.00523176717103795,177.8885,186.134242881036873715,0.0,0.0,0.0,0.0,0.0,362.98401334,70.022281913626,0.0001012843533137962,1.04635343420759,-46.76851946972816,-23.159643293997362,100000000.0,24399.0,490.0,275494.22653358005,288264.3300377752481174975825795,562.2346664,588.296174018198711997976,2.39587926,2.5069364916477394155834,275494.98653358,288265.1252663851935682258722,0.04615650559926972,0.028752262908726928,0.036806443658689375
2019-09-07,7356.0,1473.0,12712988.0,8630.67752885,107028531.401247,0.006910768085634282,0.00739649359060044367756240749654,0.005,0.00535142657006235,194.9735,208.677273671610319545,0.0,0.0,0.0,0.0,0.0,1026.53053992,72.12988691289254,0.00010198528788334778,1.07028531401247,-42.33250972211303,-19.817339406677824,100000000.0,30842.0,1106.0,97415.51382137995,104262.3938000017511564069079765,88.07912642,94.2697954783737425864574,0.00001,0.0000107028531401247,97415.51382138,104262.3938000018046706726086,0.046137654402159174,0.02922817174566062,0.03690667631444504
2019-09-08,6900.0,1485.0,14908176.0,10039.17575758,106410852.682585,0.0062162752058691,0.006614791451661425428713596235,0.005,0.00532054263412925,220.72750001,234.8780148655938911432585,0.0,0.0,0.0,0.0,0.0,542.99569915,72.67860860532195,0.00010224669590036934,1.06410852682585,-45.10765089334627,-17.03532025395111,100000000.0,35583.0,1224.0,184163.52128883003,195969.9733337179875442160602755,150.46039321,160.1061873643312241924785,0.00934132,0.009940178263808849122,184163.52128891,195969.9733338030843031063235,0.04592725477227489,0.02857510903812062,0.03608762562652182
2019-09-09,5859.0,1474.0,15541706.0,10543.89823609,106867207.964392,0.005473810840707965,0.0058497088147168150649579078228,0.005,0.0053433603982196,197.933,211.52547074016001736,0.0,0.0,0.0,0.0,0.0,179.6604935,73.6322259409158,0.00010342857559279963,1.06867207964392,-42.55121753445912,-18.051399320370145,100000000.0,36372.0,1187.0,556605.39527566,594828.6453102656964230429872,468.91777193,501.1193305104264741711656,0.04531821,0.0484303057264398917832,556605.39527575,594828.64531036187691021094,0.0458868327870787,0.0283231145711747,0.031460404556725954
2019-09-10,8205.0,1449.0,14580903.0,10062.73498965,103591138.50894,0.006182723962126729,0.0064047541432321229061237945726,0.005,0.005179556925447,212.222,219.8431859664426468,0.0,0.0,0.0,0.0,0.0,387.1636364,71.89852631968387,0.00010270834055754532,1.0359113850894,-55.36938624877491,-21.69732537830384,100000000.0,34773.0,1192.0,258288.71980433998,267564.225485481769243180294212,216.68516762,224.466632117563007685228,0.02050212,0.021238379526469089528,258288.71980452,267564.225485668254010724088,0.045913032443083465,0.028377669478889613,0.02885499343334404
2019-09-11,4473.0,1476.0,13950307.0,9451.42750678,101705205.862016,0.006118448106320212,0.00622278024209359119921183867392,0.005,0.0050852602931008,205.329,208.83028214441883264,0.0,0.0,0.0,0.0,0.0,704.85096779,71.17058401947261,0.00010027974868497879,1.01705205862016,-54.02921731591858,-22.51106184649156,100000000.0,33699.0,928.0,141873.96282307003,144293.2059538034206739768498048,152.89513802,155.5023148762544939544832,0.02210082,0.0224776844781936045312,141886.68808307,144306.1482056828669396566912,0.04588754838498563,0.028438826284667738,0.028176744855038807
2019-09-12,8933.0,1454.0,13382874.0,9204.17744154,102809202.015832,0.006551804644119132,0.00673585807225510124978358097824,0.005,0.0051404601007916,207.666,213.49975745819768112,0.0,0.0,0.0,0.0,0.0,137.3502493,72.47069236236014,0.00009882307476105768,1.02809202015832,-53.82291085173071,-19.997674592002603,100000000.0,31861.0,676.0,728065.6606852199,748518.495901769666534882014568,1077.02020811,1107.2758815071441215479752,0.21970166,0.2258735234615363668112,728065.66068522,748518.4959017697693440840304,0.04589389291897588,0.028547196280707347,0.02803258763064159
2019-09-13,4641.0,1447.0,13023558.0,9000.38562543,103194545.211084,0.006411875139211506,0.00661670538941187272320091532504,0.005,0.0051597272605542,201.506,207.94320027304692504,0.0,0.0,0.0,0.0,0.0,447.28117333,73.76317491986514,0.0000997497981800656,1.03194545211084,-58.35506457706163,-14.44733541580241,100000000.0,31601.0,1619.0,223573.01394019995,230715.154950302771238259162458,138.11184427,142.5238895770670768588868,0.0003,0.000309583635633252,223603.0758684,230746.177220390495446053456,0.045887757559504486,0.02657695687479706,0.027978034329137234
2019-09-14,3657.0,1486.0,11803490.0,7943.12920592,103122336.351703,0.006742775862068966,0.00695330800392420066041817549098,0.005,0.00515611681758515,195.5405,201.645932113801804715,0.0,0.0,0.0,0.0,0.0,242.14766291,75.17250402000086,0.00009950577030976039,1.03122336351703,-54.88268087255409,-14.848307570799049,100000000.0,29255.0,564.0,412971.1548691101,425865.503359636018341242295003,732.2183597,755.080679718756529615691,0.11682147,0.1204690292244038146341,412971.15486911,425865.5033596359152189059433,0.04588312879537854,0.026534691674869788,0.027905781446167194
2019-09-15,3781.0,1448.0,11040999.0,7624.99930939,107302154.221915,0.007158613050987459,0.00768134601612069792896567963985,0.005,0.00536510771109575,190.6625,204.584969793358686875,0.0,0.0,0.0,0.0,0.0,810.42148165,79.6276114964399,0.00010411448451198153,1.07302154221915,-53.50769662138901,-10.72236403843497,100000000.0,26863.0,1070.0,123392.58307416999,132402.8997886504676206289333085,115.3201711,123.741027842698251696565,0.02212735,0.0237431232222229087525,123392.58307417,132402.8997886504783508443555,0.04600609763581388,0.02777507006615122,0.027942871890791223
2019-09-16,5002.0,1471.0,12524360.0,8514.18082937,106054014.935199,0.006684823821664379,0.00708952405421968106964011576421,0.005,0.00530270074675995,204.5155,216.896898914796910845,0.0,0.0,0.0,0.0,0.0,230.17640457,79.21696286897243,0.00010338842598528789,1.06054014935199,-52.68563679583818,-11.388520722438756,100000000.0,30781.0,2863.0,434449.3962573805,460751.027592684200808329862195,151.74620896,160.9329471140366831318304,0.00358745,0.0038046347587927965255,434449.39625775,460751.0275930760703935154225,0.045969031203018006,0.027812702123113025,0.02617306931940665
2019-09-17,3590.0,1462.0,12595008.0,8614.91655267,110569255.260679,0.006648953825127721,0.00735169872707015024998324182559,0.005,0.00552846276303395,204.329,225.92505358159279391,0.0,0.0,0.0,0.0,0.0,340.33958449,83.24106743984593,0.00010844789321190615,1.10569255260679,-47.18238120689403,-12.287498856810117,100000000.0,30952.0,523.0,293824.18195271015,324879.2097608940044368877919185,561.80531922,621.1839574764342990895038,1.0,1.10569255260679,293824.18195271,324879.2097608938385830049009,0.04608102487688545,0.027160386717381788,0.02674233320006648
2019-09-18,4840.0,1463.0,10349735.0,7074.32330827,115005286.209849,0.006974809322033898,0.00802139942339631302604319461402,0.005,0.00575026431049245,164.6055,189.305026392152995695,0.0,0.0,0.0,0.0,0.0,288.10471868,87.7315697865664,0.00011317948754618754,1.15005286209849,-46.474103106786586,-9.071758915183416,100000000.0,23923.0,523.0,347096.0158504501,399178.766451792988094297030349,663.66351023,763.2481194103419973825527,0.34939171,0.4018189360789856095179,347096.01585045,399178.7664517928730890108205,0.04617759473155186,0.02828466130278643,0.026980239932302818
2019-09-19,6716.0,1464.0,12972287.0,8860.85177596,107827766.253282,0.006612228076413356,0.00712981783436887821692823634392,0.005,0.0053913883126641,204.5625,220.57517434186999125,0.0,0.0,0.0,0.0,0.0,320.20813268,82.93621782474895,0.00010500939158386924,1.07827766253282,-52.154919972852795,-13.19817480184132,100000000.0,31660.0,3969.0,312296.87754478975,336742.747135294214204979374595,78.68402055,84.843221757338373929451,0.00559258,0.0060303540899277984756,312296.87754518,336742.7471357150120627828076,0.0463823425150525,0.030321941864027414,0.02789033967644287
2019-09-20,2883.0,1461.0,9485688.0,6492.59958932,104281081.394712,0.007148310841409293,0.00745433584687704706320077858616,0.005,0.0052140540697356,157.849,164.60664417073894488,0.0,0.0,0.0,0.0,0.0,253.97495651,81.67610521226058,0.00010253667502016382,1.04281081394712,-53.201067885752884,-14.064219563869932,100000000.0,22303.0,588.0,393739.60872201994,410595.9218546301628464107455728,669.6251849,698.292384105059728822488,0.12460406,0.1299384612297157773072,393739.60872202,410595.9218546302254150595824,0.0464222863220218,0.03058927041295424,0.027997168093567844
2019-09-21,3499.0,1455.0,6304029.0,4332.66597938,101686702.310912,0.00870864898989899,0.0088555379736608308097845477888,0.005,0.0050843351155456,110.356,112.21737720223004672,0.0,0.0,0.0,0.0,0.0,361.22847745,81.44716031487788,0.00010182512228116808,1.01686702310912,-54.734742276726614,-20.955508338752168,100000000.0,12903.0,374.0,276833.10215717,281502.4524886243641123003904,740.19546031,752.6803542443144857590272,2.4497032,2.491022400484885213184,276833.10215717,281502.4524886243641123003904,0.04643242116027967,0.02833449803345616,0.027715887375518947
2019-09-22,2504.0,1471.0,13290098.0,9034.73691366,109022556.612957,0.006334470889353064,0.00690600211147622496636770050248,0.005,0.00545112783064785,215.315,234.74191777118836455,0.0,0.0,0.0,0.0,0.0,113.58832116,87.52906460425255,0.00010851240210403314,1.09022556612957,-48.711565990255735,-16.48670941907776,100000000.0,34310.0,631.0,880372.1982832898,959804.278278133676278592659386,1395.20158207,1521.0844346771374706088099,9.40216208,10.2504774765099754207056,880372.19828329,959804.2782781338943237058853,0.04676754766958435,0.031448417199983314,0.029327594903661675
2019-09-23,4859.0,1489.0,6580376.0,4419.32572196,99941801.347688,0.0076125706684403065,0.00760814025490497563170679786372,0.003,0.00299825404043064,91.564,91.51071098599704032,0.0,0.0,0.0,0.0,0.0,73.67787934,82.08054201799798,0.0001031099467668966,0.99941801347688,-56.32979498056765,-23.303205364811237,100000000.0,13252.0,1362.0,1357259.47735039,1356469.5706261951781339239832,996.51944005,995.939479165863811221044,0.02376578,0.0237519486363285651664,1357259.4773506,1356469.570626405055916754128,0.04709893812226515,0.03472882380334889,0.030934734939032094
2019-09-24,2544.0,1430.0,10422344.0,7288.35244755,84135949.7983491,0.006392598394360682,0.005378473375889374031565135500862,0.005,0.004206797489917455,163.235,137.339317653335153385,0.0,0.0,0.0,0.0,0.0,116.02511523,71.07684403472688,0.00009767722422991988,0.841359497983491,-61.98355161628214,-32.978655325767924,100000000.0,25704.0,431.0,861882.3588833302,725152.9087909057217774347017282,1999.72705077,1682.48934753985421957883807,2.349,1.976353460763220359,861882.35888333,725152.90879090555350553510503,0.04870254497465474,0.04557325717717148,0.037573222193050565
2019-09-25,3822.0,1497.0,7058479.0,4715.08283233,85642926.1234614,0.007042206745340814,0.006031151920373648820509843735796,0.005,0.00428214630617307,109.2035,93.525072829234169949,0.0,0.0,0.0,0.0,0.0,44.04418034,72.19955458368058,0.00010166348935789826,0.856429261234614,-60.46884843834304,-32.04902905462133,100000000.0,15633.0,766.0,2270447.5194432796,1944477.6917487698535710412000744,2964.03070424,2538.48262630897586628456336,0.0111058,0.0095113320894193761612,2270447.51944402,1944477.69174940395379605930828,0.0486737290021698,0.045822457694349,0.03716620440267137
2019-09-26,1751.0,1463.0,13117105.0,8965.89542037,83045473.7944437,0.00602066908161091,0.00499989316441936244581003300767,0.005,0.004152273689722185,197.785,164.251490344340472045,0.0,0.0,0.0,0.0,0.0,235.5420736,71.00452140158255,0.00010263050043696216,0.830454737944437,-64.86762903220006,-32.77587630632777,100000000.0,33257.0,486.0,424552.60103321995,352571.71903467178670241429991815,873.5650227,725.4562120037546592437199,0.15211262,0.12632264598014172649494,424552.60103323,352571.71903468013277253064151,0.04870301942321199,0.04592239695302292,0.0372644135423467
2019-09-27,1776.0,1450.0,10527628.0,7260.43310345,84138604.6620277,0.006260917666239665,0.005267848763412442649976730687205,0.005,0.004206930233101385,161.2875,135.7050519942679266375,0.0,0.0,0.0,0.0,0.0,432.57935626,73.07985395650144,0.00010277375032592905,0.841386046620277,-63.61682560013628,-28.1322499859269,100000000.0,25847.0,461.0,231171.45687385,194504.43819053851005244105645,501.4565225,421.9185210182269824067325,0.07650186,0.06436759754449790421522,231171.45687385,194504.43819053851005244105645,0.04872175264790108,0.04550946580790587,0.03720198905709111
2019-09-28,1456.0,1465.0,3755246.0,2563.30784983,84383985.6264021,0.009781362815884476,0.008253903792622195932488091237996,0.003,0.002531519568792063,65.0265,54.8719524133523615565,0.0,0.0,0.0,0.0,0.0,432.41555296,73.84333593820968,0.00010288246956996972,0.843839856264021,-61.779157279208995,-24.487770804007656,100000000.0,6719.0,356.0,231259.02691329003,195145.58403026802294610942701063,649.60400818,548.16175289114312192369178,0.171604,0.144806294694331059684,231259.02691329,195145.58403026799763091373909,0.04860852917854591,0.04507128336033035,0.03722797679195628
2019-09-29,9411.0,1452.0,9688157.0,6672.28443526,81879574.0956037,0.007054066813542557,0.005775839863347968854525965566609,0.005,0.004093978704780185,156.8895,128.4604544007221669115,0.0,0.0,0.0,0.0,0.0,62.96382874,71.60169925698906,0.0001015307734364523,0.818795740956037,-62.97927040717912,-26.56293792227543,100000000.0,23392.0,7534.0,1588213.4552729703,1300422.4129065794459253267067011,210.80613954,172.60716922273602882740298,0.00071516,0.00058556996210211942092,1588213.45527309,1300422.41290667745577551914433,0.04825507736366477,0.04520684546035072,0.037274472120047746
2019-09-30,2559.0,1467.0,11116227.0,7577.52351738,84519740.6708692,0.0063558656781508936,0.0053719611885619173064821146871712,0.005,0.00422598703354346,174.888,147.814884064469726496,0.0,0.0,0.0,0.0,0.0,210.64124811,74.28451586869201,0.00010204782817066038,0.845197406708692,-61.314865231369666,-23.516571204892877,100000000.0,27602.0,1082.0,474740.8254459401,401249.7145256523908183147813492,438.76231557,370.84077128126475436593444,0.00909457,0.00768670697913066900244,474740.82544613,401249.71452581289380584876196,0.048050870511513036,0.045854114512566636,0.03763773374247968
2019-10-01,1244.0,1462.0,9368595.0,6408.06771546,82824095.5036636,0.006158615270080238,0.005100817392994466276781949599368,0.005,0.00414120477518318,148.903,123.327562927820210308,0.0,0.0,0.0,0.0,0.0,555.26831117,73.1786759145776,0.00009961342665108123,0.828240955036636,-61.22573171463684,-25.728823197883248,100000000.0,24257.0,569.0,180093.11532631994,149160.49383339425511423775732184,316.50811129,262.14498037167147311522044,0.04255674,0.03524723498084580872664,180093.11532633,149160.49383340258721824542588,0.048027503979399894,0.04576938424924876,0.037670480723895505
2019-10-02,1824.0,1446.0,7681126.0,5311.98201936,83244721.3405999,0.007326756066411239,0.006099137670789534453633803622761,0.005,0.004162236067029995,114.737,95.512495924564107263,0.0,0.0,0.0,0.0,0.0,79.99457578,73.09645678755355,0.00009954489137943377,0.832447213405999,-60.516762482244836,-27.381950329243544,100000000.0,15875.0,813.0,1250084.7591655098,1040629.5742886380008706252132902,1537.61962997,1279.98717624688980575819003,0.05441846,0.04530049538484582034154,1250084.75916552,1040629.57428864649183220195448,0.047926187294670575,0.04531585922060062,0.03763073541309414
2019-10-03,5780.0,1462.0,9505143.0,6501.46580027,85185133.231702,0.006002379588495939,0.00511313504953275189088573058178,0.005,0.0042592566615851,146.30200009,124.6275536973112799485318,0.0,0.0,0.0,0.0,0.0,309.53947769,75.55244236800735,0.00010320041839511131,0.85185133231702,-59.889923554187455,-25.77909894347477,100000000.0,24870.0,2387.0,323060.56967726,275199.5766986694029094049652,135.34167142,115.2909831171393481135684,0.00987912,0.0084155415341197186224,323060.5696773,275199.576698703476962697646,0.04790634304732608,0.04568692912428991,0.037835679747907205
2019-10-04,2109.0,1475.0,8350006.0,5661.02101695,88967258.8416649,0.006297465405581698,0.005602682347848171568864632890002,0.005,0.004448362942083245,135.1625,120.2503712318653204625,0.0,0.0,0.0,0.0,0.0,44.15512132,78.62074938249965,0.00010895258180841806,0.889672588416649,-58.249594346602066,-20.986444003132096,100000000.0,21876.0,510.0,2264742.95635545,2014879.72807912713742714188705,4440.67246344,3950.74456485920192393981256,0.0786353,0.0699596708919197191097,2264742.95635546,2014879.72807913603415302605354,0.04805324912356471,0.04667046154332101,0.03810174764111992
2019-10-05,4764.0,1464.0,7330805.0,5007.38046448,91896958.9602734,0.0066571485509309344,0.0061177170717734361276507674146496,0.005,0.00459484794801367,116.9195,107.445464931556857913,0.0,0.0,0.0,0.0,0.0,1182.07430083,85.8350056147529,0.0001128728731735826,0.918969589602734,-57.9758820201381,-17.34428475197426,100000000.0,17596.0,553.0,84597.05107318002,77742.11730632177088395386617468,152.97839254,140.58249061056974450920436,0.03305764,0.03037896586403492358776,84597.05107318,77742.11730632175250456207412,0.04811702123390003,0.04723204825499963,0.03819487947343555
2019-10-06,2006.0,1475.0,10547708.0,7150.98847458,87187894.0919741,0.006148911427155222,0.005361106382917388117747851037502,0.005,0.004359394704598705,161.2675,140.6057371047743317175,0.0,0.0,0.0,0.0,0.0,1083.05554856,88.9631336943291,0.00011100219637638804,0.871878940919741,-58.73399225028889,-16.674527705830062,100000000.0,26280.0,508.0,92331.36761360004,80501.77500861687683945771438964,181.75466066,158.46806104346771375008906,0.08962243,0.07813990935105362339063,92331.3676136,80501.7750086168419643000776,0.04821595912326189,0.04693402283374314,0.03861254169285577
2019-10-07,7261.0,1456.0,9172143.0,6299.54876374,91653039.5776295,0.006481460444404053,0.005940455506318047571379579323635,0.005,0.004582651978881475,142.6375,130.7316043275412780625,0.0,0.0,0.0,0.0,0.0,83.75229556,93.00730035703874,0.0001114184032729398,0.916530395776295,-56.648217161597294,-14.36578790937082,100000000.0,22394.0,2788.0,1193997.1236139496,1094334.656261651051473983004732,428.26295682,392.5160173105609359645819,0.0059901,0.0054901087237395846795,1193997.12361441,1094334.65626207302206819841095,0.04839897445523063,0.04776805114894515,0.03927698701042152
2019-10-08,1214.0,1476.0,7352122.0,4981.11246612,90213567.3455339,0.006383287686865228,0.005758591536249335554127970052292,0.005,0.004510678367276695,111.8735,100.9250752643058676165,0.0,0.0,0.0,0.0,0.0,1593.30034417,91.91964938393774,0.00011014932759247178,0.902135673455339,-57.745444102648314,-15.221459962703532,100000000.0,17584.0,749.0,62762.80574842,56620.56603179749859333981438,83.82884613,75.62499255847153845798807,0.04779405,0.04311671748390814493295,62787.80574842,56643.11942363388206833981438,0.04824247632762773,0.047807705040893274,0.03904996534427905
2019-10-09,1887.0,1455.0,4986576.0,3427.2,93187048.7141449,0.007543831168831169,0.007029873626211548051809303023881,0.005,0.004659352435707245,81.3225,75.7820376905604863025,0.0,0.0,0.0,0.0,0.0,507.91393514,102.09010068419187,0.00010837805468905083,0.931870487141449,-55.885017283775916,-12.801082306562462,100000000.0,10839.0,453.0,196883.74955223998,183470.15560548091159388505293102,434.62196369,405.01138102617345917198681,0.08478726,0.07901074527958869313974,196883.74955224,183470.15560548093023129479576,0.0483123167796031,0.04828025769401308,0.0392572035525553
2019-10-10,1779.0,1458.0,4813221.0,3301.24897119,90218547.2862548,0.006924712598373679,0.006247375110001001023293508074092,0.005,0.00451092736431274,74.08750009,66.84066630190071750762932,0.0,0.0,0.0,0.0,0.0,299.94975512,102.74282163897841,0.00010517323005112494,0.902185472862548,-57.07135438090536,-12.909010765946094,100000000.0,10766.0,660.0,333389.17032762006,300778.86627927646055551634751288,505.13510656,455.72555497130717221311488,0.3,0.2706556418587644,333389.17032762,300778.86627927640642438797576,0.0483521692768377,0.04830428328423124,0.03931788387109278
2019-10-11,1398.0,1462.0,6474999.0,4428.86388509,85001405.4190156,0.00697757606426719,0.00593103771880794666516505178164,0.005,0.00425007027095078,110.3085,93.763775296634823126,0.0,0.0,0.0,0.0,0.0,58.67091399,95.9137939697391,0.00010253667329047338,0.850014054190156,-53.99728495734065,-16.423741834476527,100000000.0,15887.0,645.0,1704422.0585786595,1448782.704063577920451696575882,2642.5148195,2246.174734980763301016842,0.997,0.847464012027585532,1704422.05857866,1448782.70406357834545872367096,0.04837375557564033,0.04928465640227555,0.039913019613927035
2019-10-12,4087.0,1429.0,6203388.0,4341.06927922,84598594.9874594,0.007408502030916452,0.006267488627772713410160291420488,0.005,0.00422992974937297,100.64450009,85.14383300829231132171346,0.0,0.0,0.0,0.0,0.0,157.30051858,97.22461391871735,0.00010163519269947263,0.845985949874594,-54.59199037769603,-17.713012718033035,100000000.0,14938.0,1657.0,635725.8126186802,537815.1054480123254859317908388,383.66071975,324.5715784272741562790315,0.01107202,0.00936677335673050225988,635725.81261924,537815.10544848590842067158856,0.04821297072478733,0.049183800841603155,0.03987244186884389
2019-10-13,2424.0,1465.0,7619683.0,5201.14880546,83856958.4047275,0.0069481603452191685,0.0058265159305842087981911401908375,0.005,0.004192847920236375,122.371,102.616598569449089025,0.0,0.0,0.0,0.0,0.0,362.65580896,103.88358685525156,0.00010113909460721138,0.838569584047275,-55.262171278952934,-18.738962187198506,100000000.0,18117.0,1020.0,275743.5494741101,231230.1535862237016285869549775,271.12112694,227.3539306445042442360885,0.05132026,0.0430356090813980052915,276543.5494742,231901.009253536909034192805,0.04815386525265533,0.04914705715383817,0.03918132834878075
2019-10-14,2294.0,1460.0,5479687.0,3753.21027397,87765704.0538633,0.007111071229161682,0.006241081730045461134918324260706,0.005,0.004388285202693165,89.1515,78.2444416495799398995,0.0,0.0,0.0,0.0,0.0,322.90868905,113.76688981255506,0.00010515436111008142,0.877657040538633,-52.64173636015678,-14.8916644454847,100000000.0,12612.0,1403.0,309685.07008391,271797.28210884360058090669503,220.73062729,193.72578910357742156909457,0.04793584,0.04207122747013342530672,309685.07008404,271797.28210895769599617671732,0.048309693959094444,0.05006589647768629,0.03972571980821965
2019-10-15,2154.0,1468.0,6415601.0,4370.30040872,85503981.4912656,0.006402312565704716,0.005474232151193132124528627285696,0.005,0.00427519907456328,99.38950027,84.98197991512217353841712,0.0,0.0,0.0,0.0,0.0,394.74215454,113.78829918196523,0.00010477514084106223,0.855039814912656,-56.49256773904986,-20.314757787218237,100000000.0,16089.0,636.0,253329.92397413,216607.17130667733110635358928,398.31749053,340.57731337924480905714768,0.41201,0.35228495414216339856,253329.92397413,216607.17130667733110635358928,0.04831214143216576,0.049459803804882956,0.03981512564487617
2019-10-16,3238.0,1470.0,5857401.0,3984.62653061,82097026.0754297,0.007399721880778772,0.006074951601972225466826505383284,0.005,0.004104851303771485,98.43850018,80.81508116103651217027346,0.0,0.0,0.0,0.0,0.0,490.94367711,114.61347757571674,0.00010257184395090588,0.820970260754297,-58.32615758475394,-22.589421885071925,100000000.0,14051.0,584.0,203689.35310163,167222.90132871925550030020411,348.82937175,286.37854028435510362290975,0.3145955,0.2582735496671284418635,203716.35310176,167245.06752586634765319826272,0.048378746926609824,0.049824495028604705,0.04006967356099383
2019-10-17,7480.0,1461.0,6043584.0,4136.60780287,84131979.7317086,0.007161736711085078,0.006025310878208431919460289042708,0.005,0.00420659898658543,97.815,82.29369597457076709,0.0,0.0,0.0,0.0,0.0,249.95716164,123.05283323002811,0.00010422061367621277,0.841319797317086,-58.09634627816265,-23.91015067130701,100000000.0,13733.0,641.0,400068.55311713996,336585.59402145204560148956135656,624.13190814,525.09453045547093780448004,0.08357834,0.07031611206889850151724,400068.55311715,336585.5940214604924522546249,0.04843396485365573,0.04932281908327957,0.03954811713225342
2019-10-18,5350.0,1438.0,4937752.0,3433.7635605,80577860.9269705,0.007100322176481116,0.00572128772873179855785548339078,0.005,0.004028893046348525,79.339,63.929669080849124995,0.0,0.0,0.0,0.0,0.0,168.28191083,121.77314249702485,0.00010123696434833432,0.805778609269705,-59.117015352077416,-29.93551550322576,100000000.0,11239.0,1020.0,594240.9347782198,478826.633996723425254617971159,582.78523018,469.5958722773653101256969,0.02794715,0.02251921566005183609075,594440.93477854,478987.7897188353765653061307,0.048501554514035025,0.04882602057130089,0.03980214099682661
2019-10-19,1892.0,1475.0,3545911.0,2404.00745763,79877670.3037796,0.007143130014007386,0.005705765841959145348737781161256,0.005,0.00399388351518898,56.095,44.80737915690516662,0.0,0.0,0.0,0.0,0.0,293.21359973,125.39739317113902,0.0001004943046508322,0.798776703037796,-58.35990804661091,-25.92105625544448,100000000.0,7903.0,606.0,341048.30094432,272421.43740494597775945151872,562.78597516,449.54032575421575619714736,0.0457975,0.03658197605737346231,341048.30094432,272421.43740494597775945151872,0.048484857880518296,0.04780587027085403,0.03977873229592056
2019-10-20,2359.0,1468.0,3982103.0,2712.60422343,80915247.6472367,0.0059146341463414635,0.0047858408669402195202935040891045,0.005,0.004045762382361835,54.32,43.95316252197897544,0.0,0.0,0.0,0.0,0.0,1141.06821691,138.57088866641143,0.00009851243483343073,0.809152476472367,-58.30931470709289,-22.406589416764678,100000000.0,9237.0,754.0,87637.17937108998,70911.84071917049164377414058266,116.22968086,94.04753410746187501879562,0.09616576,0.07781276285584729155392,87637.17937109,70911.84071917050782682367003,0.04850609847771187,0.04777105754774643,0.03980659713520044
2019-10-21,4011.0,1487.0,4077773.0,2742.28177539,80806509.0156041,0.0062710744704083865,0.0050674363573057999053142800378465,0.005,0.004040325450780205,57.4305,46.4075821602065126505,0.0,0.0,0.0,0.0,0.0,560.00525903,140.55853589738572,0.0000984046618590674,0.808065090156041,-58.567947274862874,-20.533848399828813,100000000.0,9371.0,564.0,178569.75160118,144295.98242674936341579972838,316.79033972,255.98721442640465620024852,0.08021538,0.06481924827160108811058,178669.75160118,144376.78893576496751579972838,0.04806658452092748,0.04768127889325914,0.03888587554403
2019-10-22,2571.0,1447.0,3767871.0,2603.91914305,79467390.4893444,0.00715991129727732,0.00568979466929805224414191789008,0.005,0.00397336952446722,58.117,46.184063330692284948,0.0,0.0,0.0,0.0,0.0,203.60741235,139.02187609605818,0.00009897292048070598,0.794673904893444,-58.71405627084834,-27.109221285772016,100000000.0,8459.0,408.0,491141.2548520401,390297.1388475368559315765151044,1203.77758542,956.61063442891274070798648,0.12337098,0.09803969842713098185512,491141.25485204,390297.13884753677646418602576,0.04761767645542227,0.0454049028102254,0.03879020074104991
2019-10-23,1649.0,1447.0,3656688.0,2527.08223912,71595976.4254666,0.007288801333418075,0.00521848848437310017071054748795,0.005,0.00357979882127333,57.34100009,41.05384890656318188891994,0.0,0.0,0.0,0.0,0.0,713.74730406,129.80234599782568,0.00009599843417231942,0.715959764254666,-63.30403531979035,-28.36233141687028,100000000.0,7925.0,885.0,140105.60800918002,100309.97808100917172198111897332,158.31142148,113.34460800164186718262568,0.0266964,0.0191135482504482654024,140105.60800926,100309.97808106643418392620716,0.048182796210388325,0.04650839044536162,0.04071024837441742
2019-10-24,2386.0,1467.0,5007484.0,3413.41785958,71878383.7720997,0.006495566638958159,0.004668908316922823268464998764523,0.005,0.003593919188604985,70.3275,50.5502703473234165175,0.0,0.0,0.0,0.0,0.0,289.44410959,131.88408122991473,0.00009642447691408523,0.718783837720997,-62.933845876822936,-14.568761695360235,100000000.0,10882.0,521.0,345489.84307624993,248332.51529997194864482838078021,663.12829765,476.64590268625859627075705,0.07546217,0.05424098815535428818349,345489.84307625,248332.51529997199895969702125,0.04818621323568109,0.035227541884115594,0.040589067117995294
2019-10-25,2707.0,1441.0,6049776.0,4198.31783484,77082479.8031017,0.006174122910289617,0.004759167045342668915830819050489,0.005,0.003854123990155085,78.6645,60.6365473247109367965,0.0,0.0,0.0,0.0,0.0,653.15750487,141.8914555830925,0.00008904418418206567,0.770824798031017,-59.96372400458762,-9.995508920397125,100000000.0,13441.0,671.0,153102.42821215,118015.14830468880291155625655,228.17053385,175.87950567155557774842545,0.06406539,0.04938319130752833620163,153102.42821215,118015.14830468880291155625655,0.048441063071438736,0.037607815179959966,0.041827737573035456
2019-10-26,2445.0,1467.0,5154355.0,3513.53442399,74980360.7220637,0.007263641910739191,0.005446304906231245608321699884667,0.005,0.003749018036103185,83.3285,62.4800098842848502545,0.0,0.0,0.0,0.0,0.0,493.16379121,138.0240351539676,0.00008106294506136765,0.749803607220637,-60.47565744448073,-9.711682893571032,100000000.0,11544.0,1918.0,202772.38877297996,152039.46854672576968841969943452,105.72074493,79.26979590656687050912041,0.02216818,0.01662178132951638073066,202772.38877354,152039.46854714568970060754498,0.048382721197587096,0.03753335775899542,0.04187575344527918
2019-10-27,1855.0,1459.0,5333451.0,3655.55243317,79570619.1209722,0.007895197978096041,0.006282257911997498926652088910602,0.005,0.00397853095604861,93.716,74.570401415410306952,0.0,0.0,0.0,0.0,0.0,712.40721582,149.30587696562918,0.00008324892244340759,0.795706191209722,-57.80389293338018,-5.429119676282283,100000000.0,11995.0,769.0,140369.15654241,111692.60691568229130869731002,182.5346639,145.2439621756157396824358,0.05738948,0.04566516454630651652456,140369.15654241,111692.60691568229130869731002,0.04751295328537555,0.039153739155668756,0.04234157209933744
2019-10-28,6434.0,1440.0,5502597.0,3821.24791667,80985809.3084118,0.007649409066854825,0.00619493584010341107423441916935,0.005,0.00404929046542059,86.729,70.238182555092470022,0.0,0.0,0.0,0.0,0.0,375.44539551,153.2249179835674,0.0000869023084195338,0.809858093084118,-56.825526999138454,-4.027039363885029,100000000.0,13111.0,3467.0,266350.31670784997,215705.95958137027077513813377646,76.82443516,62.21689056094206771678888,0.01426469,0.01155237464183608719342,266350.31670818,215705.95958163754824159868524,0.047457073030284604,0.03930749373953053,0.04212102531357209
2019-10-29,1913.0,1459.0,4424083.0,3032.27073338,82406838.7977764,0.007460373678267119,0.006147858110761326518624224341916,0.005,0.00412034193988882,72.6715,59.886285856926076526,0.0,0.0,0.0,0.0,0.0,223.9112848,156.42867162521583,0.00008737676706188508,0.824068387977764,-53.19843752406699,0.6439514469836658,100000000.0,10333.0,902.0,446605.44952638005,368033.4328532886525031908132082,495.12799282,408.01932688584330811165448,0.057105,0.04705842529547021322,446605.44952638,368033.43285328861129977141432,0.04748692099593595,0.03906541965919522,0.04222190060014506
2019-10-30,5384.0,1460.0,4588961.0,3143.1239726,78294881.6549248,0.00633407279971025,0.004959254802469922197659255392,0.005,0.00391474408274624,69.9535,54.770010038477819968,0.0,0.0,0.0,0.0,0.0,480.46366063,149.36530769704987,0.00008526202482702975,0.782948816549248,-55.313357967034804,-7.364976473584807,100000000.0,11153.0,881.0,208132.28594227,162956.92696418998264153991296,236.2455005,184.968135031559776658624,0.0327536,0.0256443923577274492928,208132.28594227,162956.92696418998264153991296,0.04756781306571309,0.03968682035987927,0.042638301694061895
2019-10-31,2004.0,1468.0,4150471.0,2827.29632153,78043907.1687634,0.006103881066808264,0.004763707273471566644776377807376,0.005,0.00390219535843817,63.22400009,49.34247993861848846788706,0.0,0.0,0.0,0.0,0.0,527.75018698,149.872124246214,0.0000852447223845704,0.780439071687634,-57.13383881228592,-5.771494763487937,100000000.0,10439.0,959.0,189483.58990098996,147880.39700236894522070449015464,197.58455673,154.20270803417385691247682,0.0286334,0.0223466241152606993756,189483.58990108,147880.39700243921595471924472,0.047558274247200376,0.03954619776958875,0.04259535176101805
2019-11-01,2266.0,1474.0,4537114.0,3078.0963365,79322199.5337119,0.005885736058812982,0.004668695300599264368350063678858,0.005,0.003966109976685595,65.6495,52.0746273828841937905,0.0,0.0,0.0,0.0,0.0,939.54961228,153.25397069975497,0.00008574092561706097,0.793221995337119,-57.126405497361446,-4.712036683790206,100000000.0,11387.0,1333.0,106433.97505840003,84425.77006748522854237260971357,79.84544265,63.33516133740850253072535,0.02003756,0.01589423332488724218964,106433.97505856,84425.77006761212026496668864,0.0475479319122197,0.03966740221707159,0.042469156203119474
2019-11-02,1852.0,1422.0,3977861.0,2797.37060478,80230039.0272542,0.004375655875655875,0.00351059041673705002195425348425,0.005,0.00401150195136271,44.1985,35.460473799460947587,0.0,0.0,0.0,0.0,0.0,765.43115512,156.66576997482417,0.00008626708895430782,0.802300390272542,-56.41133345964667,-5.816853265897985,100000000.0,10473.0,979.0,130645.32235349999,104816.79311149509728686369427458,133.44772457,107.06516150349369204975694,0.02102939,0.01687188780419349200938,130645.3223535,104816.793111495105309867597,0.04748381780459358,0.03947416497759059,0.042519241619500436
2019-11-03,1968.0,1450.0,4128357.0,2847.14275862,79284472.2843147,0.004615184247418774,0.003659124475514795842269225041778,0.005,0.003964223614215735,48.7225001,38.6293770880097019918147,0.0,0.0,0.0,0.0,0.0,560.84937889,157.961964621761,0.00008608858056291135,0.792844722843147,-56.89058459080577,-10.883539274355593,100000000.0,10963.0,1097.0,178300.99089559002,141364.99970927254600351847859294,162.53508742,128.86508633779656859291074,0.03048914,0.02417315375302590692358,178300.99089559,141364.99970927253014662402173,0.047476522255923415,0.03855968162168819,0.042491424871420186
2019-11-04,3497.0,1443.0,4103518.0,2843.74081774,80875133.670641,0.005414161430642822,0.00437871029417667140753058788902,0.005,0.00404375668353205,56.0095,45.297757993257670895,0.0,0.0,0.0,0.0,0.0,696.6648505,162.88551409152822,0.00008586965517241373,0.80875133670641,-55.38650308980887,-11.993677934867337,100000000.0,10441.0,1757.0,143541.04405867006,116089.0112546831023416852770846,81.69666708,66.0722887054085614719828,0.02131322,0.0172370951645177917402,143541.04405905,116089.0112549903793245535105,0.04747519316494,0.0382198472051686,0.042610304131897224
2019-11-05,1778.0,1484.0,4219111.0,2843.06671159,82627381.9646842,0.005598757296177745,0.00462610657638841083093235993129,0.005,0.00413136909823421,59.47,49.13850405439769374,0.0,0.0,0.0,0.0,0.0,213.31147153,167.47739988222827,0.00008855349499481191,0.826273819646842,-54.29055007310248,-5.2306712701181235,100000000.0,10703.0,1354.0,468798.04110880004,387355.54806992546606505119547368,346.23193583,286.08238410197439260614886,0.01112392,0.00919140386784589866064,468798.04110894,387355.54807004111134884896748,0.04716822159348685,0.037371510851079266,0.04211758409567615
2019-11-06,3146.0,1458.0,7084619.0,4859.1351166,81429143.9158343,0.0053567090207623175,0.0043619222976690257705244501399025,0.005,0.004071457195791715,86.43050005,70.37961627288973661941715,0.0,0.0,0.0,0.0,0.0,303.10942939,165.7150473234565,0.00008704406604324957,0.814291439158343,-55.324405095858786,-11.154999014665117,100000000.0,16331.0,2858.0,329913.8538925801,268646.0268844643504186767107743,115.4352183,93.9979100390644924712769,0.00676956,0.00551239475486875243908,329913.85389258,268646.02688446426898953279494,0.04708445729297968,0.036127687119951894,0.04199384117794041
2019-11-07,3584.0,1462.0,5363806.0,3668.81395349,80818916.2472943,0.005590777033870164,0.004518405408576492322692224972652,0.005,0.004040945812364715,67.34650015,54.42871155171243012044145,0.0,0.0,0.0,0.0,0.0,362.81033077,165.8419064815349,0.00008774413793103455,0.808189162472943,-55.55499700089236,-10.413789604679327,100000000.0,13226.0,1884.0,275626.1096211,222758.0346903523856807318973,146.29835967,118.23674877286268165740881,0.02038046,0.01647126689821331589378,275626.10962116,222758.03469040087703048027388,0.0462774786179967,0.03606520815531683,0.04199530030866422
2019-11-08,2485.0,1469.0,4409888.0,3001.96596324,77377683.088661,0.004598183665692875,0.00355796798467440819092620990375,0.003,0.00232133049265983,36.2015,28.011881943341611915,0.0,0.0,0.0,0.0,0.0,242.74474886,159.78065412530933,0.00008801586159870772,0.77377683088661,-57.10486063314511,-16.965196176541426,100000000.0,8363.0,1351.0,411955.35833957006,318761.5116427503248471560108966,304.926246,235.94486428403083896606,0.02246344,0.0173816894140115105384,411955.35833966,318761.5116428199183353259526,0.04629291507174319,0.03610951212482097,0.04227661735400073
2019-11-09,1872.0,1442.0,2538310.0,1760.2704577,76986295.9717283,0.0062382887189292545,0.0048026274167258136282137979555235,0.003,0.002309588879151849,26.101,20.094193111580803583,0.0,0.0,0.0,0.0,0.0,688.64059558,161.82910361663312,0.00008737734469661298,0.769862959717283,-55.639630021886646,-14.66688581511054,100000000.0,4603.0,765.0,145213.62905644006,111794.59425667859008822803555698,189.82173733,146.13672451955046468727439,0.02568773,0.01977603184621844203759,145213.62905644,111794.59425667854389645045252,0.04627369839721513,0.03576947697665065,0.042141196983286215
2019-11-10,2910.0,1469.0,2715203.0,1848.33424098,79747218.2337949,0.005961170512099044,0.004753867657572253632187367820756,0.005,0.003987360911689745,31.779,25.342868482517681271,0.0,0.0,0.0,0.0,0.0,885.16103184,171.21716297980586,0.0000881877495535521,0.797472182337949,-54.09436651720911,-6.181294484861874,100000000.0,5845.0,2049.0,112973.79392309001,90093.45798684431113961616578949,55.13606341,43.96947681309623811334609,0.00582749,0.00464726116785257441801,112973.79392312,90093.45798686822733036448088,0.046368873069650526,0.03498780924478103,0.04241908378160227
2019-11-11,2185.0,1476.0,4291585.0,2907.57791328,77956055.5002492,0.0048963564483384975,0.00381700635035678965923537203577,0.005,0.00389780277501246,45.825,35.7233624329891959,0.0,0.0,0.0,0.0,0.0,2795.57848163,169.1639514379484,0.00008946883413129612,0.779560555002492,-54.3413222283551,-7.85183192249808,100000000.0,9464.0,1566.0,35770.771830260004,27885.482740864995275943227929968,22.84212761,17.80682167708934613200412,0.00932654,0.00727060269865294173768,35770.77183056,27885.48274109886032420175552,0.04568720434592826,0.035187454799064,0.04244086761140212
2019-11-12,2506.0,1422.0,3941305.0,2771.66315049,77464678.8306972,0.004986989912883998,0.003863155719334855134836250634056,0.005,0.00387323394153486,43.5065,33.702170495477277318,0.0,0.0,0.0,0.0,0.0,1095.42533572,170.752124462862,0.00008813863665145594,0.774646788306972,-54.855432695650755,-7.622837383605761,100000000.0,9043.0,927.0,91288.74122155001,70716.53019585999909812952966972,98.4776065,76.285361595382789822518,0.03360741,0.02603387221981561386252,91288.74122155,70716.5301958599913516616466,0.04562692781818761,0.03517558372232467,0.04242717976115549
2019-11-13,2691.0,1466.0,6306796.0,4302.04365621,78730190.2496336,0.004285065702052266,0.003373640379547546695503745497376,0.003,0.002361905707489008,58.0455,45.699332581351071288,0.0,0.0,0.0,0.0,0.0,548.11005966,174.37493931037756,0.00008980565771272716,0.787301902496336,-53.17681270464956,-10.29503939110937,100000000.0,13697.0,2421.0,182445.10976880012,143639.38202212919073603541636032,75.35940098,59.33059976253824760480928,0.01811759,0.01426401307564859215024,182445.1097688,143639.3820221290962598071168,0.045551492091805125,0.03418281002463467,0.042510778458430494
2019-11-14,5535.0,1471.0,5688978.0,3867.42216179,76919051.2139301,0.00517636393604747,0.00398161002698776137825998861847,0.005,0.003845952560696505,62.81,48.31285606746949581,0.0,0.0,0.0,0.0,0.0,589.78663804,172.1515123530551,0.00008897070426651088,0.769190512139301,-47.44323138376051,-10.040386573357953,100000000.0,13522.0,1186.0,169552.84089182,130418.43652025244270091141782,142.96192318,109.96495490724360702089718,0.00329954,0.00253797486242410922154,169552.84089213,130418.43652049089175967460113,0.045568655693805055,0.03412237179495009,0.04217654137457663
2019-11-15,2031.0,1453.0,4658852.0,3206.36751549,77081174.9466049,0.00596052517549181,0.00459444283825727079878847255869,0.005,0.003854058747330245,68.7785,53.0152759106506511465,0.0,0.0,0.0,0.0,0.0,281.15252591,172.60712991008236,0.00009104924021040327,0.770811749466049,-48.06370014132037,-6.1096623941241175,100000000.0,11679.0,1476.0,355678.82478479994,274161.41718039995097862628723706,240.97481354,185.74621760202235233550346,0.03306626,0.02548786171889923740674,355678.8247848,274161.4171803999972273312552,0.04516107659002179,0.03340326404389553,0.042180068977362435
2019-11-16,3481.0,1464.0,5486107.0,3747.34084699,76872916.0572626,0.00518208024931827,0.00398361620007841815459932367702,0.005,0.00384364580286313,66.512,51.129713928006500512,0.0,0.0,0.0,0.0,0.0,679.57492688,173.76596199474164,0.00009067672190804937,0.768729160572626,-47.86026407697638,-8.628185973508147,100000000.0,12916.0,1387.0,147150.80860717993,113119.11757818057648725381459618,106.0928685,81.556681744746994917681,0.02008359,0.01543884128198478580734,147150.80860735,113119.1175783113142555924011,0.045065378443136565,0.03302373675466529,0.041728380738459525
2019-11-17,2097.0,1450.0,5005608.0,3452.14344828,76953168.3978481,0.005594712914632093,0.004305308850572990139524643990733,0.005,0.003847658419892405,66.454,51.138458527105976374,0.0,0.0,0.0,0.0,0.0,1008.53712259,176.12646445209225,0.00009047820068052855,0.769531683978481,-48.01519512025786,-4.498372738397134,100000000.0,11964.0,1561.0,99153.51429333998,76301.77082653830031984793697038,63.51922761,48.88005818773572498106041,0.03345353,0.02574355127592463348793,99153.51429334,76301.77082653831571048161654,0.04505441551130297,0.03214476574700203,0.04131310188474074
2019-11-18,2179.0,1484.0,4505677.0,3036.17048518,73054013.3717763,0.005594047937271674,0.004086676528118025010692570545262,0.005,0.003652700668588815,62.782,45.864770675068596666,0.0,0.0,0.0,0.0,0.0,464.54786009,169.81210605962875,0.00008926952415353323,0.730540133717763,-51.3195866040399,-8.542633887609037,100000000.0,11294.0,1005.0,215263.07317576002,157258.31426231632657873569923526,214.19211261,156.47593458739955045329143,0.02295775,0.01677155775485897351325,215263.07317576,157258.31426231631196793302488,0.04506605538123619,0.03342398762715533,0.041048660981839694
2019-11-19,2223.0,1495.0,4203918.0,2811.98528428,71854010.5955925,0.00531503448275862,0.0038190654404007738423861338235,0.005,0.003592700529779625,57.801,41.532336664358420925,0.0,0.0,0.0,0.0,0.0,750.1256402,171.79734791539147,0.00008852482208735588,0.718540105955925,-43.36713933950739,-11.198429610137449,100000000.0,11016.0,1143.0,133311.00103874004,95789.300811466696077261772737,116.63254684,83.805162564322985538027,0.06496226,0.0466779891835363483905,133311.00103878,95789.3008114954089398957715,0.040858411247894036,0.033374110354860105,0.04091840756338379
2019-11-20,1924.0,1447.0,3827775.0,2645.3178991,70637586.7081914,0.0061665098285236305,0.004355873726992524310518828168777,0.005,0.00353187933540957,58.9765,41.659576324956501021,0.0,0.0,0.0,0.0,0.0,614.12183491,173.00593389771967,0.00008746004909409703,0.706375867081914,-31.75867654916027,-12.584286131515759,100000000.0,9670.0,1525.0,162834.1386266199,115022.1058629152167734142424886,106.77648435,75.4243317166896703890459,0.02265621,0.01600379998353993078594,162834.13862662,115022.10586291528741100095068,0.04004682375677619,0.03345508225569257,0.040867949258470614
2019-11-21,2250.0,1472.0,3987955.0,2709.20855978,64945651.5687616,0.005691361697907369,0.003696291937840874028827308442304,0.005,0.00324728257843808,57.386,37.269711609249531776,0.0,0.0,0.0,0.0,0.0,185.35197718,160.75772423460074,0.00008531697861905643,0.649456515687616,-43.01287631821194,-18.273833872184326,100000000.0,10179.0,1390.0,539514.0721998002,350390.9294953191298580408143232,424.10940446,275.44061609094146915716736,0.049458,0.032120820352878112128,589512.07219984,382862.45636669440299536518144,0.04040649635194315,0.03642768488538626,0.04085672155528466
2019-11-22,2256.0,1485.0,5193876.0,3497.55959596,63018016.2857882,0.005930098882546829,0.003737030679566704761363336756178,0.005,0.00315090081428941,73.7645,46.484924623130236789,0.0,0.0,0.0,0.0,0.0,153.09444971,158.45522251720737,0.00008659265695283102,0.630180162857882,-42.599076544477775,-11.981064534552848,100000000.0,12574.0,1703.0,653191.54409418,411628.35363466176388776332676,383.55346101,241.70778252398609385818082,0.33414923,0.21057421618023586973086,653191.54409443,411628.35363481930892847779726,0.04043549815559319,0.03179921316013394,0.0396508452761437
2019-11-23,2607.0,1453.0,4941000.0,3400.550585,63111955.4485982,0.005863852465301741,0.003700791955472762004135784694662,0.005,0.00315559777242991,76.4705,48.262027891320286531,0.0,0.0,0.0,0.0,0.0,412.98779749,160.46967498482704,0.00008616159311987071,0.631119554485982,-42.437507323041665,-12.196195661962381,100000000.0,13189.0,913.0,242137.90481600995,152817.9666116493149618564475209,265.21128676,167.38002914462521660219832,0.08033884,0.05070341290872059014088,242137.90481605,152817.9666116745913000136111,0.04043984583982809,0.031780611302758076,0.03326603810424691
2019-11-24,3955.0,1438.0,5404351.0,3758.24130737,57881510.1718507,0.006007067137809187,0.003476981176400925280118752523809,0.005,0.002894075508592535,83.3,48.2152979731516331,0.0,0.0,0.0,0.0,0.0,603.49023935,150.18181717749022,0.00008336214452166638,0.578815101718507,-40.67176582057912,-24.909641828204876,100000000.0,14038.0,2595.0,165702.76282744002,95911.26152100233575859746645014,63.85462922,36.96002370717184929697454,0.01200688,0.00694976346852190732816,165702.76282744,95911.26152100232418229543208,0.04084423125992189,0.03201117757896951,0.03475821119308153
2019-11-25,3844.0,1472.0,7037651.0,4781.01290761,59367899.0178631,0.005204306641803234,0.003089687511685686239585613492654,0.005,0.002968394950893155,95.58750009,56.74829052713099982857679,0.0,0.0,0.0,0.0,0.0,184.64543701,155.2534628066416,0.00008315944447652759,0.593678990178631,-42.466575654929436,-20.822068010679068,100000000.0,18767.0,1363.0,541578.5064483101,321523.7808106839375601670814731,397.3437318,235.8946254488327901551658,0.2,0.1187357980357262,541579.50644831,321524.37448967405682326806361,0.04090500063067527,0.03243764416349028,0.0348495632117395
2019-11-26,2407.0,1462.0,4405966.0,3013.65663475,60308987.4367526,0.005424862028408577,0.003271679359174090965302188670502,0.005,0.00301544937183763,59.961,36.161871956951226486,0.0,0.0,0.0,0.0,0.0,280.33717519,159.6863035302185,0.00008416650832361728,0.603089874367526,-37.70640645317291,-24.20696470255673,100000000.0,11253.0,1305.0,356713.30401342,215130.18170267857587991619892,273.38277735,164.8743848462568325283361,0.0498442,0.0300605323159498394492,356764.52444115,215161.0722240033125248580949,0.0408144949751769,0.030221547858951963,0.03487530013219773
2019-11-27,5641.0,1469.0,3959221.0,2695.18107556,61019001.8873074,0.006171343085106383,0.003765691953573278567371064231342,0.005,0.00305095009436537,46.4085,28.318003490871054729,0.0,0.0,0.0,0.0,0.0,774.96699781,170.7708214122904,0.00008106829534130818,0.610190018873074,-38.36379402901881,-24.654698880721686,100000000.0,7914.0,675.0,129037.75294015999,78737.54890189528433145706310926,191.16704139,116.64822059367381851453286,0.04185158,0.02553741639006796635692,129037.75294025,78737.5489019502075350558285,0.0407132722756695,0.030058836032492448,0.034929884501061284
2019-11-28,3004.0,1448.0,2878275.0,1987.7589779,61256806.5669046,0.006142219947353028,0.003762527792063873920747573971288,0.005,0.00306284032834523,42.0005,25.728165042132766523,0.0,0.0,0.0,0.0,0.0,6238.68613351,174.91461022666243,0.00008237498066601242,0.612568065669046,-46.11646371725389,-25.665384741639308,100000000.0,6903.0,749.0,16029.016023549999,9818.863340124166372673967630954,21.40055544,13.10929685012397961491024,0.02913819,0.01784912468539713946674,16029.01602364,9818.86334017929811115224744,0.040722863943126554,0.029742623582647426,0.03479759000940844
2019-11-29,1979.0,1476.0,3047223.0,2064.51422764,62980176.5983937,0.005555042782679517,0.003498575754647883366408840918429,0.005,0.003149008829919685,40.92400018,25.77400758449095566510866,0.0,0.0,0.0,0.0,0.0,1537.63636627,181.2452927650344,0.00008128846930075133,0.629801765983937,-47.07744009599785,-19.56028891394051,100000000.0,7473.0,422.0,65034.88223455,40959.08368187696090196642335,154.11109534,97.05944000285088391555358,0.04678548,0.02946557792640616483476,65034.88223455,40959.08368187696090196642335,0.04076160408482526,0.029452987168391603,0.03473025398494974
2019-11-30,1893.0,1473.0,4201505.0,2852.34555329,60483298.6931395,0.005470015500871925,0.003308445813953397088752656585375,0.005,0.003024164934656975,56.4615,34.1497776916269587925,0.0,0.0,0.0,0.0,0.0,2745.61966583,176.3115648727564,0.00008004466392030074,0.604832986931395,-49.79081191150206,-22.50093455425106,100000000.0,10646.0,715.0,36421.65054557,22029.01568844857538191117015,50.93937139,30.80981215022134635578905,0.0576473,0.0348669886475302069835,36421.65054557,22029.01568844857538191117015,0.040360943906653124,0.03005532028465746,0.03497849705255995
2019-12-01,2112.0,1483.0,4494501.0,3030.68172623,60867762.0626123,0.005235720761559383,0.003186866055408757923498305562109,0.005,0.003043388103130615,57.75,35.15113259115860325,0.0,0.0,0.0,0.0,0.0,2231.13966364,179.90865187360595,0.00008205715898154755,0.608677620626123,-56.187891160340634,-23.265161051486572,100000000.0,11361.0,900.0,44820.14354804,27281.01833094226560352944892,49.8001595,30.3122425912614152666185,0.0867,0.0527723497082848641,44820.14354804,27281.01833094226560352944892,0.040217112900091154,0.029827589403013173,0.03498522617677598
2019-12-02,2635.0,1437.0,4019368.0,2797.05497564,59425839.2051394,0.00576191433742208,0.00342406594929431851155283037952,0.005,0.00297129196025697,57.308,34.055759931681287352,0.0,0.0,0.0,0.0,0.0,294.90648078,177.2589280423324,0.0000812015598242341,0.594258392051394,-61.94203072079672,-25.930686404187835,100000000.0,10113.0,821.0,339090.5474015498,201507.4034586719820490768504212,413.02137321,245.44141712663329877475474,0.10554384,0.06272031264932960011296,339090.54740159,201507.40345869587123643731646,0.04022804388931267,0.02969983122256183,0.03486786704727705
2019-12-03,1705.0,1469.0,4924022.0,3351.95507148,58092318.4947159,0.0054183028286189676,0.0031476177362095312698367511330484,0.005,0.002904615924735795,65.128,37.834365189238571352,0.0,0.0,0.0,0.0,0.0,145.02999218,174.2070301025235,0.00007950830901874446,0.580923184947159,-60.39491404880138,-26.72926132825048,100000000.0,12166.0,664.0,689512.55182459,400553.82766698385136818683981,1038.42251781,603.24371636703314058640179,0.12237267,0.07108912120688765574453,689512.55182459,400553.82766698385136818683981,0.04024269528352713,0.029788922592966085,0.03431940887218024
2019-12-04,2791.0,1461.0,5490825.0,3758.26488706,56005280.0941801,0.005527924379677038,0.003095929532232592936310614065438,0.005,0.002800264004709005,70.177,39.302825411692768777,0.0,0.0,0.0,0.0,0.0,319.10933271,169.16944626825466,0.00007762317695241149,0.560052800941801,-73.38190333533542,-30.75092732179194,100000000.0,12957.0,819.0,313372.21995902003,175504.98952539932318720902327403,382.6278632,214.2918065035362641896232,0.08675203,0.04858571738888714860603,313372.21995902,175504.98952539930638562499502,0.040189371162983774,0.029595776097173634,0.034128601882113266
2019-12-05,3770.0,1478.0,5402379.0,3655.19553451,56078182.8191712,0.00515431855759389,0.00289044818380996963514435983968,0.005,0.00280390914095856,65.465,36.71158238257042608,0.0,0.0,0.0,0.0,0.0,353.33780763,170.1294015974949,0.00007573949951159424,0.560781828191712,-69.20188498173323,-32.13123605545242,100000000.0,12985.0,743.0,283015.2840709601,158709.8284075097127328747026912,380.90886147,213.60676770957016681013664,0.06541556,0.03668385732898462783872,283015.28407096,158709.82840750965665469188352,0.040193461325299926,0.029028461159295717,0.03364746918779918
2019-12-06,1475.0,1430.0,4796659.0,3354.30699301,56765096.9816468,0.005695282161447574,0.003232932442324145459591983848632,0.005,0.00283825484908234,68.93,39.12818134944913924,0.0,0.0,0.0,0.0,0.0,342.40599052,171.85696025407933,0.0000753431472822911,0.567650969816468,-62.13030270415376,-30.288967497534326,100000000.0,12193.0,715.0,292050.9651398999,165783.0135974996662038468915532,408.46288831,231.86435468320714988268908,0.12,0.06811811637797616,292050.9651399,165783.0135974997229689438732,0.04013347683838508,0.02938441704657234,0.03290235764573569
2019-12-07,4136.0,1434.0,5077039.0,3540.4735007,57216915.9218798,0.0050570124481327805,0.002893466560607128348643155607839,0.005,0.00286084579609399,60.937,34.866272055315893726,0.0,0.0,0.0,0.0,0.0,1447.40033541,174.14125828401478,0.00007616673088141644,0.572169159218798,-61.246373815006436,-29.203559539447138,100000000.0,12570.0,874.0,69089.38567543,39530.81571285404947038273314,79.04964036,45.22976626132956045148728,0.05857636,0.03351558665129763041528,69089.38567546,39530.81571287121454515929708,0.03994566710699806,0.02960069087161816,0.03294926744737857
2019-12-08,1867.0,1473.0,3741538.0,2540.08010862,58401237.6560286,0.005089908868637475,0.00297256977484824833776401631785,0.005,0.00292006188280143,45.799,26.747182834084538514,0.0,0.0,0.0,0.0,0.0,3997.99683467,181.30318150348631,0.00007756900116890706,0.584012376560286,-62.30870157731718,-24.524442546165123,100000000.0,9043.0,606.0,25012.52605625001,14607.62478588664616407585310286,41.27479547,24.10499139447442677470442,0.04608558,0.02691454910095918527588,25012.52605628,14607.62478590416069524889608,0.039995620066735016,0.02952101817994107,0.032738843925376564
2019-12-09,2389.0,1454.0,3947363.0,2714.8301238,56387821.6935445,0.005140785879386426,0.00289877717531533151443865126957,0.005,0.002819391084677225,48.93,27.59056115465132385,0.0,0.0,0.0,0.0,0.0,375.29233716,175.76389682667505,0.0000768202647776648,0.563878216935445,-65.28693737084505,-26.756027184043486,100000000.0,9953.0,1186.0,266458.944394,150250.39445138960834264533,224.67027352,126.6866732308563243329164,0.08997866,0.0507370063630406476037,266458.944394,150250.39445138960834264533,0.039959276907734084,0.02987641092953288,0.032775188962752264
2019-12-10,2141.0,1472.0,5841687.0,3968.53736413,52661022.470934,0.0054561777908602544,0.002873279012499028876449798456096,0.003,0.00157983067412802,74.144,39.04498850084930496,0.0,0.0,0.0,0.0,0.0,393.71293139,164.20719463098186,0.00007281575517230528,0.52661022470934,-65.61849892389283,-33.96506657254464,100000000.0,13654.0,712.0,253992.16542499998,133754.8713088710972903650058132,356.73056942,187.8579653229570121923828,0.54750192,0.2883201091199950919328,253992.165425,133754.8713088711078225695,0.04017534422990608,0.03040574878680458,0.033029646425719636
2019-12-11,2761.0,1451.0,4403598.0,3034.87112336,58212444.0618398,0.006300259884908112,0.003667535261252667261764686644576,0.005,0.00291062220309199,67.879,39.514024904736237842,0.0,0.0,0.0,0.0,0.0,161.9166643,183.99740733758216,0.00008084540170767224,0.582124440618398,-64.20222653219433,-25.326591131007508,100000000.0,10942.0,1346.0,617601.65597574,359521.01850987392993768566452,459.01242043,267.20234847971067196907114,0.0436603,0.0254157277147314421994,617830.71790314,359654.36105622862703146596972,0.04092502325509903,0.0367831117983868,0.035862352635845536
2019-12-12,2763.0,1444.0,5757346.0,3987.08171745,62054951.3982179,0.006390894819466248,0.003965866674131005799225763994392,0.003,0.001861648541946537,85.491,53.051398499850464889,0.0,0.0,0.0,0.0,0.0,235.02417944,195.91350643830074,0.00008627311818858425,0.620549513982179,-68.32526255435015,-19.892585453246387,100000000.0,13496.0,1049.0,425488.13588533987,264036.45592883099198371053817673,405.61309427,251.70300851405625382701433,0.11966369,0.07425724467081413338051,425488.13588534,264036.45592883107265514735586,0.041233671841757115,0.03916631977742011,0.03698530126924019
2019-12-13,2760.0,1491.0,8132357.0,5454.29711603,62171967.934053,0.004850164250113276,0.00301544256232932810044947787628,0.003,0.00186515903802159,85.6345,53.240653880486616285,0.0,0.0,0.0,0.0,0.0,209.10739036,197.1720276346299,0.00008581476074281319,0.62171967934053,-69.61401858324105,-21.031604601841625,100000000.0,17776.0,985.0,478223.1743647701,297320.758619275233047233062153,485.50576078,301.8484859101216663384134,3.41229312,2.1214897843822966561536,478223.17436477,297320.7586192751708752651281,0.04122893541527626,0.03895549353289529,0.03639815134731245
2019-12-14,4799.0,1436.0,5659877.0,3941.41852368,68765775.804309,0.005110118615463464,0.00351401271044386479629403266376,0.003,0.00206297327412927,69.79400005,47.9943855992423113621545,0.0,0.0,0.0,0.0,0.0,251.03210176,217.0013901188786,0.00009724895257018418,0.68765775804309,-70.34945677781509,-10.599812765429082,100000000.0,14421.0,2042.0,398355.4266537299,273932.199597002480706073421391,195.08101207,134.1489713968331798700963,0.0380586,0.026171291550258745074,398355.42665373,273932.1995970025494718492257,0.04200919080611885,0.043576232706032184,0.03880288161025253
2019-12-15,5987.0,1446.0,5022113.0,3473.10719225,71735754.2443694,0.005441627725848995,0.00390359269230850248856313398753,0.005,0.00358678771221847,66.01782757,47.35838654308674692584358,0.0,0.0,0.0,0.0,0.0,182.41198181,226.91058131740277,0.0001008759139853127,0.717357542443694,-70.51576207290952,-6.934794008963076,100000000.0,12227.0,4530.0,548209.6022862301,393262.2930400849162592007779894,121.02710354,86.81970556453289835807676,0.02696581,0.01934412719160358810214,548252.77903019,393293.26620302271073200112186,0.04214230336924746,0.0443720531103683,0.03893853388824447
2019-12-16,2886.0,1437.0,8065041.0,5612.41544885,77651120.861794,0.00443859418537406,0.0034466181354493721533745266364,0.003,0.00232953362585382,84.4265,65.55812355438251141,0.0,0.0,0.0,0.0,0.0,71.75594257,239.25393015211677,0.00011282571239879452,0.77651120861794,-67.58510958164929,1.012326375067803,100000000.0,19243.0,1521.0,1393612.79938807,1082155.9591982609897424239758,916.24773135,711.476633264034093910419,3.53383212,2.7440602505540971802328,1393612.79938807,1082155.9591982609897424239758,0.04257033318786834,0.04680753777054816,0.040196879300233884
2019-12-17,4597.0,1475.0,7708508.0,5226.10711864,87565258.524468,0.004597055648298217,0.00402542366294599214296655273556,0.003,0.00262695775573404,85.09150005,74.510592001130317482234,0.0,0.0,0.0,0.0,0.0,75.20984826,262.9142262249745,0.0001324947227592256,0.87565258524468,-65.48999822247823,13.790322539749583,100000000.0,18798.0,1686.0,1329613.1067458105,1164279.15429717963720370741314,788.63544884,690.5706695923445730221712,4.12829982,3.6149564100481470999576,1329639.36674581,1164302.1489340677246742147908,0.043577693804712075,0.05166918332684855,0.0427643108235795
2019-12-18,2125.0,1410.0,6123755.0,4343.08865248,86426442.2713089,0.005186542443064182,0.004482544110431799529314998478198,0.005,0.004321322113565445,75.153,64.952064160156777617,0.0,0.0,0.0,0.0,0.0,126.64264339,256.5363186691487,0.00011864225891291652,0.864264422713089,-74.8878007375055,18.304851824470607,100000000.0,14671.0,802.0,789623.44217436,682443.44841154545937659219804,984.68430072,851.02760871641252715612408,10.0,8.64264422713089,789716.80917436,682524.14218790091235725519804,0.043578526182142786,0.05068614052305408,0.04278550405957161
2019-12-19,2655.0,1447.0,5803026.0,4010.38424326,89006514.5690315,0.006025391780011827,0.005362991212517453227088779355505,0.005,0.004450325728451575,81.5115,72.5505451229361111225,0.0,0.0,0.0,0.0,0.0,192.72000633,263.7488644383793,0.00012455139465275748,0.890065145690315,-76.48360202882823,23.87132441357579,100000000.0,13746.0,1270.0,518887.48815632996,461843.6677427454249018811163374,408.57282532,363.6564312935494213107758,0.11199515,0.09968297950135868197225,518887.48815634,461843.6677427543611559438471,0.043601495752739555,0.05068792845338187,0.042914219884752663
2019-12-20,2339.0,1443.0,5524536.0,3828.50727651,86028467.4904963,0.005226944913303668,0.004496660605487596037962259304284,0.005,0.004301423374524815,68.128,58.609474331925319264,0.0,0.0,0.0,0.0,0.0,24.23296744,230.15543662932487,0.00011974644067796608,0.860284674904963,-79.0860351219552,21.788514443288744,100000000.0,14322.0,744.0,4126609.76275931,3550059.13821503949455089345553,5546.51849833,4771.58486319018761422421179,0.16992888,0.14618721128776446903144,4126609.76275931,3550059.13821503949455089345553,0.0436367803328781,0.05106039191332835,0.043158859601185186
2019-12-21,3935.0,1504.0,6604799.0,4391.48869681,90039252.1185943,0.005338368119126084,0.004806626729798595272792425437212,0.005,0.004501962605929715,87.4745,78.7613855944797709535,0.0,0.0,0.0,0.0,0.0,100.92569598,241.37118466987513,0.00012610013192216067,0.900392521185943,-71.72965095945003,38.63784555808899,100000000.0,16507.0,1198.0,990827.94556294,892134.07196690383145354975242,827.06840197,744.68620364299724623750771,0.15814958,0.14239669906069798735394,990827.94556294,892134.07196690383145354975242,0.04379941938670087,0.048552741147895255,0.04347238469797215
2019-12-22,2160.0,1469.0,5830698.0,3969.16133424,86619864.1579546,0.005314377685979971,0.004603306732436501963818359273166,0.005,0.00433099320789773,74.29500005,64.3542281194623021489773,0.0,0.0,0.0,0.0,0.0,60.61283222,231.7036796942117,0.00011581120981881943,0.866198641579546,-77.3322954126111,37.45254018332067,100000000.0,14106.0,1327.0,1649815.6632758006,1429068.0863861561562958217345276,1243.33198061,1076.97247263678842704460306,0.12079708,0.10463426660277574452568,1649901.53826374,1429142.47118405492447193746204,0.043845364918749144,0.048827419115036255,0.041533140311891
2019-12-23,2559.0,1470.0,7424985.0,5051.01020408,86525680.711184,0.004593013765710866,0.00397413642593971265992196525344,0.005,0.0043262840355592,84.415,73.0406533723459736,0.0,0.0,0.0,0.0,0.0,53.63828197,225.5002877252426,0.00011817624992972576,0.86525680711184,-76.717991772719,37.09871623555574,100000000.0,18486.0,1456.0,1864340.1003583893,1613132.962606667278205047359312,1280.45336563,1107.9209908006232478220592,0.1134015,0.09812141981169332376,1864340.10035839,1613132.9626066678838848123376,0.04357796222039784,0.04884627301517124,0.041536643557617055
2019-12-24,2822.0,1487.0,7061449.0,4748.78883658,85097615.8051933,0.004789974098174238,0.004076153755232585592658086702054,0.003,0.002552928474155799,75.8205,64.5214377915765860265,0.0,0.0,0.0,0.0,0.0,88.65050599,228.2870124021075,0.00011760914610119387,0.850976158051933,-77.05910249017843,47.02037931031472,100000000.0,15952.0,1481.0,1128025.1464543203,959922.5053156665413262196161399,761.66451482,648.15834254601318480814706,0.05073682,0.04317582415537247527306,1128025.14645442,959922.50531575138364917739386,0.04209211203149661,0.04561946097641342,0.04067093275548828
2019-12-25,3147.0,1481.0,6356723.0,4292.18298447,84660868.9705773,0.005098983448455624,0.004316843696128439754683807117352,0.005,0.004233043448528865,78.249,66.246283360787031477,0.0,0.0,0.0,0.0,0.0,84.02224851,222.7659616268842,0.00011772885348052704,0.846608689705773,-74.24204871477794,42.6037814562106,100000000.0,15428.0,1266.0,1190160.9606594606,1007600.6114428699857006628860438,940.09554554,795.89305800785325052240242,0.08741692,0.07400792409931438187916,1190160.96065954,1007600.61144293720643062552442,0.0415055875648369,0.04567092049682391,0.040499566808934365
2019-12-26,2861.0,1460.0,8794379.0,6023.54726027,88488360.9019012,0.0038776981809242874,0.0034313115610227411880809591520488,0.003,0.002654650827057036,82.81600005,73.2825210087626782429506,0.0,0.0,0.0,0.0,0.0,60.2543502,224.4755687743147,0.00012299206614127935,0.884883609019012,-72.64779393516169,46.724998483353644,100000000.0,22072.0,1021.0,1659631.2078706203,1468580.4528611366046566989331436,1625.49579615,1438.3745865424442314264038,2.16437,1.91521553685247900244,1659631.20787062,1468580.45286113633919161622744,0.041649371429559184,0.04604939712256605,0.04018072833360662
2019-12-27,2485.0,1473.0,6417653.0,4356.85879158,89743558.7145681,0.004205130620447124,0.003773833867385246563319145471444,0.003,0.002692306761437043,66.9625,60.0945305042426639625,0.0,0.0,0.0,0.0,0.0,179.17086383,225.714603111665,0.00012400399766218594,0.897435587145681,-70.07007501985453,47.074773330954315,100000000.0,16529.0,712.0,558126.4602066,500882.5475170506331235576946,783.88547782,703.48672404236440063429542,8.3215367,7.4680431743188326879927,558126.4602066,500882.5475170506331235576946,0.04133958167569907,0.04604953148503449,0.04015962106659505
2019-12-28,3259.0,1461.0,6457699.0,4420.05407255,104051099.104842,0.0037788000798769303,0.003931883016086593404358568265126,0.003,0.00312153297314526,63.86550015,66.452754854879516167263,0.0,0.0,0.0,0.0,0.0,55.73486111,257.6213376380692,0.0001424061565817175,1.04051099104842,-67.71708777960332,69.86046928711104,100000000.0,17019.0,923.0,1794209.1899427602,1866894.382375524257954386648884,1943.88861316,2022.6374673668503282092072,86.48251322,89.9860055389002843101124,1794209.18994276,1866894.3823755240498521884392,0.04279392280862655,0.052182462384778396,0.04434144432006781
2019-12-29,7709.0,1446.0,5923965.0,4096.79460581,100232327.253137,0.004402607411213153,0.00441283586807803050449294910961,0.005,0.00501161636265685,68.553,68.71226730184300761,0.0,0.0,0.0,0.0,0.0,159.48630039,246.62477987979057,0.0001356034126716881,1.00232327253137,-67.63926973751839,59.14900952451983,100000000.0,15670.0,4986.0,627013.1023984895,628469.824716100995719129365615,125.75473373,126.0468962485646574221101,0.03345072,0.0335284351389305490864,627013.1023985,628469.824716111520113490945,0.04281939828996049,0.05309549665933167,0.04408607414473776
2019-12-30,2896.0,1471.0,5593689.0,3802.64377974,103182838.744136,0.004284533482768282,0.00442090327446331040877574294352,0.003,0.00309548516232408,61.166,63.11281514623822576,0.0,0.0,0.0,0.0,0.0,59.62913854,243.3639468270073,0.00014272675481467203,1.03182838744136,-66.36647343758771,70.5972408476455,100000000.0,14496.0,2148.0,1677032.4449286598,1730409.683337580411399455889328,780.7413617,805.591100251682585299912,0.0784474,0.080944254240967344464,1677032.44492866,1730409.6833375806177651333776,0.04253799495102201,0.05207665447500883,0.04419143590491933
2019-12-31,4059.0,1450.0,5009676.0,3454.94896552,100648771.311775,0.004117397825271841,0.00414411032115385244531539227775,0.005,0.00503243856558875,54.9055,55.261711132586622625,0.0,0.0,0.0,0.0,0.0,185.23360032,240.5215467005859,0.00014042587375803623,1.00648771311775,-68.26057884278453,65.35645126601096,100000000.0,13501.0,924.0,539858.85837644,543361.30777366236925554581,584.34536458,588.136429667082072219295,3.15332,3.17377783552846343,539935.11687271,543438.0610131789600239916025,0.04231766191158401,0.05262231373986565,0.04432716140849593
2020-01-01,2949.0,1474.0,4082716.0,2769.82089552,104249257.039889,0.0049269943019943025,0.005136354954226725295704932324225,0.005,0.00521246285199445,55.34,57.6915388458745726,0.0,0.0,0.0,0.0,0.0,206.70051302,247.6190404655804,0.00014538364114552964,1.04249257039889,-66.64562245269924,75.42748816725687,100000000.0,11371.0,1214.0,483791.7358685501,504349.290263345661443362949389,398.51049083,415.4442259162899827871787,0.02500621,0.0260687881388344271069,483791.73586864,504349.2902634393815254418096,0.04239031992608783,0.05214895671735855,0.04450037767129422
2020-01-02,10645.0,1449.0,5142761.0,3549.17943409,94882843.6332219,0.0041455080252741664,0.0039333758974235523071643086872416,0.003,0.002846485308996657,57.0795,54.1586527316248944105,0.0,0.0,0.0,0.0,0.0,84.36939406,230.7940549377882,0.00013658446838257177,0.948828436332219,-69.58258339880224,63.331135840020714,100000000.0,14460.0,7974.0,1185263.9350747294,1124612.1261579282389718099265386,148.64107538,141.03487912754489510166822,0.03346025,0.03174803668678513079475,1185263.93507488,1124612.12615807113253432155872,0.04247134599574097,0.05562201500266119,0.04624260470141755
2020-01-03,3063.0,1461.0,5688533.0,3893.58863792,95144263.8146574,0.003878152309612984,0.003689839464592406552641005516816,0.005,0.00475721319073287,62.128,59.111228222770349472,0.0,0.0,0.0,0.0,0.0,98.70514175,226.01668931639136,0.00013006184581994582,0.951442638146574,-68.97515085382881,69.8844531348831,100000000.0,16182.0,1938.0,1013118.44778261,963924.08871324853229046827814,522.79073673,497.40539775298222318546302,0.07276764,0.06923423537330016406536,1013168.44778284,963971.66084537469279724199016,0.04224666049447565,0.05478834581757937,0.046189529602435865
2020-01-04,6210.0,1466.0,7782593.0,5308.72646658,94469603.339747,0.004230986408155107,0.00399699607714273859923994137929,0.005,0.00472348016698735,84.6705,79.987885495780483635,0.0,0.0,0.0,0.0,0.0,240.27475067,222.5771284326188,0.000128649722161911,0.94469603339747,-69.16284240798328,68.46052883769818,100000000.0,20869.0,3561.0,416190.21442094,393173.2447023045346569110218,116.91510675,110.4492375909667702299225,0.02254073,0.0212941382208833539531,416334.69513382,393309.7350586647094108994354,0.041924743505148715,0.05489647995377208,0.04614037757711862
2020-01-05,7325.0,1463.0,6929241.0,4736.32330827,88551075.3795967,0.00473067726702134,0.00418906559268551184266819493578,0.003,0.002656532261387901,79.1395,70.0788783000359303965,0.0,0.0,0.0,0.0,0.0,281.17842201,212.97820636996096,0.0001205509568944225,0.885510753795967,-70.91157827693758,55.99563832019329,100000000.0,16834.0,5474.0,355646.06730416004,314928.41714307797030680047455868,64.97918657,57.53976848064947540656319,0.00533154,0.00472113600429334989918,355696.06730416,314972.69268076773323637032272,0.042110860980452795,0.05690541935494794,0.04689719521476074
2020-01-06,2338.0,1464.0,6316272.0,4314.39344262,89235994.7026574,0.0043499123178327385,0.003881687525511464252658946692899,0.005,0.00446179973513287,71.9345,64.191466609383087403,0.0,0.0,0.0,0.0,0.0,110.0601775,210.38535166298334,0.00011490898649652525,0.892359947026574,-71.96643715862645,55.960860988198554,100000000.0,16668.0,987.0,908593.84631306,810792.75656459333987974325644,920.56114115,821.4718911513365108149201,0.28656,0.25571466641993504544,908593.84631308,810792.75656461118707868378792,0.04184650814005484,0.05690636533897776,0.04688930871577356
2020-01-07,5052.0,1475.0,6609215.0,4480.82372881,88705646.5777544,0.0041025879179049035,0.003639227138998376524915577787004,0.005,0.00443528232888772,66.26500005,58.7807967491017764488772,0.0,0.0,0.0,0.0,0.0,46.91784659,200.1825621622813,0.00010902740875487164,0.887056465777544,-69.63491579120732,51.8900114758057,100000000.0,17351.0,960.0,2131385.1181759504,1890658.9501400115201663371778176,2220.19283143,1969.43640639293430987140792,1.16820994,1.03626818066259672958736,2131385.11817595,1890658.9501400111653437508668,0.04052308919859687,0.05702020712276154,0.04652546177313256
2020-01-08,2611.0,1443.0,6864526.0,4757.12127512,84999776.9790529,0.003995340217103522,0.003396030274092401648529048143138,0.003,0.002549993309371587,75.452,64.134031726234994108,0.0,0.0,0.0,0.0,0.0,32.8160094,181.40574009318672,0.00010546271194671817,0.849997769790529,-70.2689325064103,50.74137362675246,100000000.0,18970.0,998.0,3047293.12986602,2590192.36428411785956923492458,3053.39992973,2595.38313054905796541952717,0.16201754,0.13771454766694782387866,3047293.12986602,2590192.36428411785956923492458,0.039990146419508876,0.057261558363813456,0.046878063544192265
2020-01-09,6950.0,1483.0,7303507.0,4924.81928523,82139713.2941604,0.004453194243887865,0.00365784098436154635342496923546,0.003,0.002464191398824812,89.4335,73.460420488932941334,0.0,0.0,0.0,0.0,0.0,190.85713221,179.6400889415538,0.00010507647853975407,0.821397132941604,-70.9687244579212,55.97819685232472,100000000.0,20318.0,5862.0,523952.1250345601,430372.7733020484837626751284004,89.39817896,73.43140788794442562145184,0.03313941,0.02722061636137632101364,524052.12503469,430454.91301544934365024424276,0.03986137991119314,0.05589721386804498,0.046892321338481036
2020-01-10,2901.0,1450.0,9029662.0,6227.35310345,82200239.7850116,0.0031005871755521454,0.0025486900930471820846242114388664,0.001,0.000822002397850116,92.937,76.394436848996230692,0.0,0.0,0.0,0.0,0.0,352.03590086,181.1117621498476,0.00010110957046590372,0.822002397850116,-68.22786904467307,41.20733308790346,100000000.0,30098.0,5977.0,284061.93730537,233499.59360296345886618192292,47.52783442,39.06799385786327722579272,0.01262473,0.01037755833221029496868,284073.86635036,233509.39930654930077922264176,0.03979492221639996,0.05355781548945591,0.04679322005050979
2020-01-11,3937.0,1478.0,7178162.0,4856.67253045,85582655.2565319,0.004360348325169462,0.003731701875113743233991499088378,0.003,0.002567479657695957,88.127,75.421426597923867513,0.0,0.0,0.0,0.0,0.0,193.87464346,187.59885390389655,0.00010655203773138024,0.855826552565319,-66.53674713954308,37.91430551179141,100000000.0,20357.0,4016.0,515797.2090297201,441432.9472267185811195675372119,128.43556002,109.91856255871271339494638,1.03399999,0.88492464679427432034681,515797.20903002,441432.94722697524350268187638,0.03991461819449166,0.05293103854002759,0.047058222022334006
2020-01-12,6029.0,1491.0,6742124.0,4521.88061704,84353362.8852832,0.005082428170988087,0.004287199078457442753809748212384,0.005,0.00421766814426416,87.0315,73.413997019505248208,0.0,0.0,0.0,0.0,0.0,40.91419241,177.18008957897234,0.00010331661016949156,0.843533628852832,-67.32371331139304,35.67748567128909,100000000.0,17213.0,5083.0,2444139.65211594,2061713.99017245725262366134208,480.84588867,405.60967738876995568621344,0.04179248,0.03525336231315940430336,2444139.65211596,2061713.99017247412329623839872,0.03989745556564107,0.05310901102394037,0.04706415497582548
2020-01-13,4345.0,1461.0,6998453.0,4790.18001369,86205191.019494,0.005441871308672676,0.00469117555667631830352381145944,0.005,0.0043102595509747,87.5325,75.45755882913858555,0.0,0.0,0.0,0.0,0.0,297.03222314,180.7592118186146,0.00010613885739333732,0.86205191019494,-67.1766074004878,25.36060272891185,100000000.0,17248.0,1716.0,336663.8102204,290221.680694002584128364776,196.1910316,169.126853553895835700104,0.06396858,0.0551442365814578349852,336663.8102204,290221.680694002584128364776,0.03979270355865382,0.05034610019244768,0.047026821009182734
2020-01-14,22381.0,1468.0,10844572.0,7387.3106267,86702637.6463581,0.005085040771555114,0.004408864474331002661605155303234,0.003,0.002601079129390743,122.8495,106.5137568353626940595,0.0,0.0,0.0,0.0,0.0,142.54546858,179.9532473944241,0.00009818911586822145,0.867026376463581,-68.14005729983715,20.863910276880475,100000000.0,24510.0,1548.0,701530.5431940398,608245.4848440560233382009645238,453.18510542,392.92343981956856227570902,0.1725,0.1495620499399677225,701530.5431942,608245.4848441949209637104302,0.03942000650078702,0.04991660741316566,0.0470294504052031
2020-01-15,12025.0,1459.0,10589191.0,7257.84167238,89548675.3454269,0.004822334055293668,0.004318336267246886087744203268692,0.003,0.002686460260362807,113.5515,101.6838640848624263535,0.0,0.0,0.0,0.0,0.0,61.84453284,181.21572067705162,0.00010162764767758193,0.895486753454269,-65.05360578390594,15.321806500138685,100000000.0,23638.0,2028.0,1616957.8037123897,1447964.2941189530028582676566293,797.31647126,713.98633832423137486280894,0.06131216,0.05490422710566869361104,1616957.80371239,1447964.29411895327150429369291,0.039470233416602135,0.0482602880937764,0.047187430531589955
2020-01-16,3936.0,1506.0,8192818.0,5440.11819389,87822077.7495081,0.004412975949545818,0.003875567169477221627137679121258,0.005,0.004391103887475405,93.7625,82.3441756498825322625,0.0,0.0,0.0,0.0,0.0,31.77163602,169.03561498780763,0.00010072855897857587,0.878220777495081,-65.72374151807202,0.2932889474292281,100000000.0,21364.0,3768.0,3147461.463018999,2764166.053188350436115132043919,835.31355176,733.58971687884478603889256,0.02283966,0.02005826396292330171246,3147461.4630191,2764166.0531884391364136590471,0.03941462229029807,0.043215882304040984,0.04727271767004706
2020-01-17,1969.0,1445.0,6462749.0,4472.49065744,89737623.6805685,0.004387758530595182,0.00393747023819754649461753120967,0.005,0.004486881184028425,83.968535,75.351367948386449121475,0.0,0.0,0.0,0.0,0.0,286.48850391,172.57194298783065,0.00010068690239625943,0.897376236805685,-65.32195022720902,3.8312133673918654,100000000.0,19257.0,2426.0,349054.1457563501,313232.8957602565152599285303185,143.88052175,129.11496115765351116614875,0.001,0.000897376236805685,349054.14575635,313232.89576025642552230484975,0.03940671470904477,0.043314464283126845,0.046794797537144266
2020-01-18,3057.0,1477.0,5741446.0,3887.23493568,87924428.3636187,0.005380955040491483,0.004731173959855463582286844095321,0.005,0.004396221418180935,77.0768,67.7693358009696581616,0.0,0.0,0.0,0.0,0.0,295.21854722,168.2691622866616,0.00009847966877111816,0.879244283636187,-65.12974379492383,-1.2157382082112203,100000000.0,14515.0,518.0,338732.1052235899,297828.2672018928181374216877113,653.92298306,574.95804479382814680399222,0.72677988,0.63901705495179395151756,338732.10522359,297828.26720189290606185005133,0.0393894138135454,0.04315235399585145,0.04682530220917978
2020-01-19,2894.0,1458.0,6405248.0,4393.17421125,89080380.2080124,0.005679122764028425,0.0050589841506763038584168635247,0.005,0.00445401901040062,92.706,82.582857275639975544,0.0,0.0,0.0,0.0,0.0,286.83234443,169.88077981259002,0.00010254028053769726,0.890803802080124,-65.37330691335474,3.5475614137299996,100000000.0,16438.0,1572.0,348635.71679238003,310566.02205958146352514671752372,221.7784458,197.5610827380607077912792,0.06204314,0.05526826500498942454936,348635.71679254,310566.02205972396540936547496,0.03929868519785976,0.04274164297951146,0.04676394317655361
2020-01-20,2773.0,1475.0,5625729.0,3814.05355932,86628620.3835362,0.005519525781028303,0.004781489035818420136894874250686,0.005,0.00433143101917681,77.7370011,67.3424915804643600128982,0.0,0.0,0.0,0.0,0.0,168.10979964,164.76868633540806,0.00010030804139622598,0.866286203835362,-65.36905909003933,-3.7879387653795935,100000000.0,14496.0,1479.0,594849.3199886602,515309.7592670229653595877619924,402.19697092,348.41768713236828278167304,0.03486932,0.03020681085312046489384,594849.31998891,515309.75926723936365330583542,0.039342196399209155,0.0422112541559109,0.04552142267354764
2020-01-21,1833.0,1457.0,4024883.0,2762.44543583,87131400.1330221,0.024939631534915265,0.021730250144388380808216518723565,0.005,0.004356570006651105,232.83640001,202.87361534803700885770221,0.0,0.0,0.0,0.0,0.0,196.38220093,164.5310340601964,0.00009979695549412163,0.871314001330221,-65.24941504437209,0.5905527329559137,100000000.0,10072.0,810.0,509211.11753199995,443682.77633864032640883450548895,628.65570066,547.75651400111825478764586,0.06049978,0.05271430539139807785138,509211.117532,443682.776338640369974534572,0.03928321682512654,0.04162847929952789,0.045289849894047135
2020-01-22,2466.0,1467.0,4346493.0,2962.84458078,88335500.7346886,0.005983912847144118,0.005285919377052117877793260516548,0.003,0.002650065022040658,53.0055,46.822673841925365873,0.0,0.0,0.0,0.0,0.0,229.15926895,166.32615386861053,0.00010214675920514318,0.883355007346886,-67.96745494535462,2.0916564985436317,100000000.0,9611.0,755.0,436377.72304643,385476.44674769655681169391698,577.98373913,510.56483012556179124184918,0.06035617,0.05331592499377990038662,436377.72304643,385476.44674769655681169391698,0.0392882769972901,0.041700506524189565,0.045299488523011446
2020-01-23,3099.0,1473.0,3283016.0,2228.79565513,87183175.5186542,0.005306155974407854,0.004626075276461555386381759900868,0.003,0.002615495265559626,30.6855,26.752593323776634541,0.0,0.0,0.0,0.0,0.0,154.57003899,162.638831292025,0.0001042065115833833,0.871831755186542,-71.1599149250706,2.4507851292040748,100000000.0,6473.0,2077.0,646955.9084940003,564036.7052306281376018143039626,311.48575277,271.56317055307038664322134,0.05088132,0.04435995052180810319544,646955.90849402,564036.70523064531268739147884,0.03907812672552829,0.04165508174344895,0.04373387125929065
2020-01-24,2255.0,1457.0,3359199.0,2305.55868222,85289106.5151271,0.005224727789623214,0.004456123649617188734647003204994,0.003,0.002558673195453813,36.75596,31.34882987505751082516,0.0,0.0,0.0,0.0,0.0,194.03904913,158.16293163596987,0.00010125269851398084,0.852891065151271,-68.65235072836198,0.7420636619831278,100000000.0,7537.0,968.0,515360.18367936,439546.09599484401926376046656,532.39688397,454.07654545239093708502587,0.998,0.851185283020968458,515360.18367936,439546.09599484401926376046656,0.03910380979255089,0.0418506858166864,0.043820658043486005
2020-01-25,4007.0,1465.0,4043947.0,2760.37337884,84891079.4101915,0.006005920277296598,0.00509849055191264854673949478517,0.005,0.004244553970509575,51.98124,44.1274357268022280746,0.0,0.0,0.0,0.0,0.0,398.23971009,157.09635439856697,0.00010172962577791388,0.848910794101915,-69.5485421124273,-4.065259492937917,100000000.0,9022.0,2182.0,251105.04419222,213165.7824682139394015301013,115.0802219,97.6928425585535894149385,0.02489758,0.0211358244090159568657,251105.04419266,213165.7824685874601509349439,0.039071413678934255,0.041023129104639046,0.0438233673998434
2020-01-26,3402.0,1472.0,4046167.0,2748.75475543,86739844.4168776,0.005308146528157709,0.004604278039943886711641141494184,0.005,0.00433699222084388,48.543,42.106122675284893368,0.0,0.0,0.0,0.0,0.0,113.11604366,158.71901693726522,0.0001011676124777423,0.867398444168776,-67.51106727397497,-3.346997088943056,100000000.0,9677.0,1393.0,884047.8924779902,766821.7665060940708281140739952,634.63596014,550.48224443899334096858864,0.02859331,0.02480179260763550448856,884047.89247812,766821.76650620665914616718112,0.03911256283124208,0.04114254624341113,0.04386461833906252
2020-01-27,3876.0,1448.0,5981868.0,4131.12430939,86665026.5954907,0.007146096004861057,0.006193166003152133434943962356699,0.003,0.002599950797864721,94.0855,81.5392235975004025485,0.0,0.0,0.0,0.0,0.0,355.01395536,158.98265292409226,0.0000973550022216574,0.866650265954907,-67.63113153183255,-16.70916757143822,100000000.0,13743.0,896.0,281679.06779617,244117.23901948101007708730619,314.37395959,272.45227568797068598020813,0.0485987,0.0421180762800627388209,281679.06779617,244117.23901948101007708730619,0.03910478334689621,0.030018173628905406,0.043872530896422374
2020-01-28,3016.0,1450.0,6170911.0,4255.80068966,88485296.417332,0.0042653343581861665,0.00377419375003133484228333237778,0.003,0.00265455889251996,55.492,49.10226068790587344,0.0,0.0,0.0,0.0,0.0,150.17556073,160.92369833602532,0.00009517220685442201,0.88485296417332,-69.24420802018295,-11.719802540489594,100000000.0,13239.0,1046.0,665887.3089259701,589212.359108539887943425537732,636.60354582,563.3005345220729370415224,0.11437507,0.1012051197170309671324,665887.30892597,589212.3591085397994581291204,0.039139955423034986,0.029805036579330372,0.043822656592840036
2020-01-29,6184.0,1464.0,5608975.0,3831.2670765,87143533.4401295,0.004965277904121008,0.00432691861077305177943091190536,0.003,0.002614306003203885,54.5833,47.5658162882262053735,0.0,0.0,0.0,0.0,0.0,318.70874873,158.0824560653065,0.00009358250036595947,0.871435334401295,-70.17791871510502,-15.544547425933311,100000000.0,14648.0,835.0,313766.09646847,273426.86319979014060129466865,376.96538499,328.50095632647356082956205,0.09256345,0.08066306100408754966775,314766.09646859,274298.29853429600784142282405,0.03914794994755882,0.029196237189041272,0.04349289224221746
2020-01-30,7060.0,1442.0,5546814.0,3846.61165049,86693526.8437452,0.006384596320656021,0.005535031725112695931112245698492,0.003,0.002600805805312356,66.9808,58.0680178281552849216,0.0,0.0,0.0,0.0,0.0,180.55934434,156.02169088657016,0.00009117073026840323,0.866935268437452,-69.68684189007227,-13.865290441352041,100000000.0,15240.0,1084.0,553834.53216946,480138.68881626145028187461592,510.9174651,442.9323697558510137429252,0.08277197,0.07175794003104672382044,553834.53216946,480138.68881626145028187461592,0.0391362992650022,0.028969379555251588,0.043517164157058044
2020-01-31,6026.0,1462.0,3864204.0,2643.09439124,88141713.1149382,0.0052772358753484455,0.004651446105648224507451161985681,0.003,0.002644251393448146,41.6585,36.718515557986530047,0.0,0.0,0.0,0.0,0.0,183.48158581,157.44555353162264,0.00009419582193399516,0.881417131149382,-68.09935950909335,-15.450991577606695,100000000.0,11158.0,670.0,545013.82009973,480384.51774906940494876786686,813.45346284,716.99181753996321722596488,0.11592082,0.10217459660488390393324,545013.82009973,480384.51774906940494876786686,0.039161943259396315,0.02827220580702815,0.043359984302660304
2020-02-01,5764.0,1497.0,3987860.0,2663.9011356,90992009.1968748,0.005297962648556939,0.004820722660421921673425686542372,0.003,0.002729760275906244,43.687,39.751679057838693876,0.0,0.0,0.0,0.0,0.0,411.56046705,162.28018918954854,0.00009698690531852717,0.909920091968748,-66.33170985100809,-4.100672247332161,100000000.0,11746.0,519.0,242977.66186820003,221090.25643346392528329777266244,468.16505177,425.99278696311206864208396,0.56766783,0.51653236408129960497684,242977.6618682,221090.2564334638979856950136,0.03917038474524351,0.023643154861185532,0.04330753387476579
2020-02-02,9192.0,1472.0,4293127.0,2916.52649457,95975176.9453087,0.005183923662387893,0.004975279907686507491353060275691,0.003,0.002879255308359261,45.63408,43.79738902736372840496,0.0,0.0,0.0,0.0,0.0,171.86367573,169.68008865254484,0.00010276389263733578,0.959751769453087,-64.20908364248952,0.8733192074195173,100000000.0,11968.0,4000.0,581856.5183953703,558437.8230977693111852638431161,145.4641296,139.6094557755531684880752,0.02421984,0.02324503429587065464608,581856.51839538,558437.82309777862077742753806,0.03928350458170676,0.025665024886820882,0.04331235512813495
2020-02-03,12879.0,1430.0,4140032.0,2895.12727273,98099691.9082137,0.004683977503889029,0.004594967500365175827138584174973,0.003,0.002942990757246411,39.144,38.400143400551170728,0.0,0.0,0.0,0.0,0.0,312.96988135,173.68831036376488,0.00010571301057144274,0.980996919082137,-64.79556879112447,3.84259956656279,100000000.0,11233.0,2158.0,319519.5638956299,313447.7077680809478839734530963,148.06281923,145.24916949524538815309451,0.03499945,0.03433435261956929982465,319519.56389575,313447.70776819876561395521775,0.03931809830608605,0.02592161623084308,0.043332084662424254
2020-02-04,5292.0,1476.0,4423036.0,2996.63685637,96414774.7830018,0.004292678132678157,0.004138775953780812265991537516826,0.003,0.002892443243490054,43.678,42.112045329719526204,0.0,0.0,0.0,0.0,0.0,277.60754717,170.44136826370726,0.0001052376097632409,0.964147747830018,-64.05053567797658,8.880410960223074,100000000.0,11854.0,884.0,360220.75414657,347306.02883204608319301773826,407.48954089,392.88012311338152858043602,0.07709072,0.07432684406659452523296,360220.75414657,347306.02883204608319301773826,0.03931178854539688,0.023048911445829087,0.043466299238063666
2020-02-05,4562.0,1457.0,5586662.0,3834.3596431,99275596.083751,0.0040077313549395505,0.003978699192051629285671402939255,0.003,0.00297826788251253,51.319,50.94724315422017569,0.0,0.0,0.0,0.0,0.0,221.52281021,174.72516590911968,0.00010310987306769144,0.99275596083751,-62.21588874632723,11.250618558740218,100000000.0,13913.0,1177.0,451420.78102434,448150.6712078378583820949934,383.53507309,380.7567300003475754636059,0.02664703,0.0264539978711159540953,451420.78102434,448150.6712078378583820949934,0.03927529724731118,0.023535988418806608,0.04354582090591929
2020-02-06,7548.0,1463.0,6697516.0,4577.93301435,102583099.197867,0.004199295166858516,0.00430776712662970602601877985372,0.003,0.00307749297593601,58.387,59.89519412865860529,0.0,0.0,0.0,0.0,0.0,214.82801269,179.98760927625187,0.00010532923850691506,1.02583099197867,-58.54031554937864,15.644384721268434,100000000.0,14663.0,1187.0,465488.64251017,477512.6759010121884438980739,392.15555393,402.2853208979567205946731,0.05688589,0.0583553089682895039663,465488.64251021,477512.6759010532216835772207,0.03933520924479268,0.024052801294412812,0.0436286805204865
2020-02-07,4521.0,1466.0,4557155.0,3108.56412005,108927846.500255,0.0039373573189663115,0.004288878536570179438595211594325,0.003,0.00326783539500765,43.118,46.9675088539799509,0.0,0.0,0.0,0.0,0.0,125.23576536,188.33675918294998,0.00011114769493429327,1.08927846500255,-55.734922803864904,28.150743886185563,100000000.0,11316.0,786.0,798493.94229341,869782.2557752003839684981955,1015.89560088,1106.593200729409582982244,4.20098138,4.576038549110694202519,798493.94229341,869782.2557752003839684981955,0.0395833243888621,0.024361787781344946,0.04371293831326422
2020-02-08,4986.0,1489.0,4642274.0,3117.71255876,106012709.235477,0.004315072746628834,0.00457452552418293695009223943818,0.003,0.00318038127706431,48.6395,51.564051708589835415,0.0,0.0,0.0,0.0,0.0,192.14779494,181.68520233406656,0.00010696152849784146,1.06012709235477,-59.285153767781196,29.063890028228066,100000000.0,11393.0,726.0,520432.72228071996,551724.8286377371757446873402092,716.85085714,759.9530148318528154675578,0.30814772,0.3266757464193518066244,520433.72228078,551725.8887648931805453123206,0.03962772282437129,0.023965985368854307,0.04275770714245503
2020-02-09,4297.0,1451.0,4630751.0,3191.42039972,110606335.614915,0.004086715211793042,0.0045201659427815963858078842143,0.003,0.00331819006844745,46.0205,50.901588681661957575,0.0,0.0,0.0,0.0,0.0,256.18151874,188.11111729886738,0.00010896013105834958,1.10606335614915,-56.95426462264569,34.55719339042971,100000000.0,11388.0,1404.0,390348.22063572984,431749.862983204237447562145636,278.02579817,307.5141474199564063170555,0.0281663,0.031153712308303803645,390348.22063599,431749.8629834919908902979085,0.039732009589934406,0.024697185133811344,0.04135667734149966
2020-02-10,13429.0,1460.0,6641293.0,4548.83082192,147284732.085401,0.003008168266285292,0.00443057257167634445870774222092,0.001,0.00147284732085401,58.924,86.78605553400168524,0.0,0.0,0.0,0.0,0.0,57.20589852,239.17413149301697,0.0001491889519238202,1.47284732085401,-45.26962042912361,72.09647403894942,100000000.0,19744.0,5034.0,1748071.4854687536,2574642.404033943212805522261936,348.24622278,512.9135162190517063163478,0.00880307,0.0129655780647903098107,1753071.48546887,2582006.6406383847022336696687,0.04487641040500611,0.05607707187804683,0.05419062174547193
2020-02-11,5337.0,1466.0,6002040.0,4094.16098226,143107688.878258,0.00413782744936544,0.0059215492325570524552751260352,0.003,0.00429323066634774,61.28950018,87.7099872326337768908644,0.0,0.0,0.0,0.0,0.0,77.29475356,225.44413307655864,0.00013931521450187724,1.43107688878258,-49.83219164651593,69.65261844139877,100000000.0,15644.0,1386.0,1293748.8689549603,1851454.106250046388154319231574,933.4479574,1335.835798716446273702092,0.2875645,0.41152690998431822641,1293758.86895515,1851468.417019205689240121287,0.044931058207391364,0.05642319218892616,0.05445453669426886
2020-02-12,7524.0,1473.0,5050109.0,3428.45145961,143557160.511253,0.004484571223537708,0.00643792310961549005136603828124,0.003,0.00430671481533759,62.4925,89.712458532494781025,0.0,0.0,0.0,0.0,0.0,79.15447137,219.67983936780251,0.00013856687912121838,1.43557160511253,-49.00550064139295,66.52960084363102,100000000.0,14720.0,1217.0,1263352.5088836602,1813632.989001057889413299282306,1038.08751757,1490.2489638452465882021521,0.10385694,0.1490940740578757214582,1263352.50888366,1813632.9890010576022989782598,0.04492681767783448,0.0564786223057772,0.053259269526087866
2020-02-13,11494.0,1460.0,5311635.0,3638.10616438,140391256.113342,0.004660156902019684,0.00654245281159803877071819023928,0.003,0.00421173768340026,55.838,78.39166958856790596,0.0,0.0,0.0,0.0,0.0,79.07037151,209.48749146730515,0.00013716114780578902,1.40391256113342,-48.17605487865912,61.922704919276526,100000000.0,14989.0,1079.0,1264696.2205221797,1775522.910009049829671280915574,1172.10029705,1645.526329936707866682411,0.12275927,0.1723432811485690118034,1264696.22052225,1775522.910009148524724328595,0.044958730153955954,0.05690191232235367,0.053294966255150254
2020-02-14,10240.0,1469.0,5175053.0,3522.84070796,153972276.861848,0.0038462132921177968,0.005922102178836812667866557364864,0.001,0.00153972276861848,32.3505,49.81080142619213724,0.0,0.0,0.0,0.0,0.0,126.3708924,225.61811999459957,0.00014859871420222053,1.53972276861848,-41.3412987861402,71.94255109627493,100000000.0,14326.0,801.0,791321.4673264701,1218415.680539150603153312027448,987.91693799,1521.1182029270540241280552,0.83616624,1.2874641980781044161152,791321.46732647,1218415.6805391504491810351656,0.04531476329278577,0.058525298414378764,0.05360445791531224
2020-02-15,10391.0,1485.0,4686369.0,3155.8040404,147471471.547414,0.003782039480413317,0.00557742927626968906110282512238,0.001,0.00147471471547414,36.977,54.53052603408727478,0.0,0.0,0.0,0.0,0.0,115.49698102,211.94954063861445,0.00014878488008960135,1.47471471547414,-43.81145630013448,67.92072714112028,100000000.0,14520.0,1241.0,865823.4970374402,1276842.652084393521757874896428,697.68210881,1028.8820725851371342211734,0.15868212,0.2340108574466333403768,865823.49703744,1276842.6520843932268149318016,0.04543425685782024,0.059204336331308435,0.05211418060017872
2020-02-16,9154.0,1449.0,4771463.0,3292.93512767,139741500.797445,0.0037633319763891063,0.005258936583796285659330608734035,0.001,0.00139741500797445,36.9785,51.674310872383199325,0.0,0.0,0.0,0.0,0.0,152.13827928,198.42762612152598,0.00014041483752191678,1.39741500797445,-45.94294613724818,55.722310293028386,100000000.0,14295.0,1514.0,657296.7728538102,918516.37507908743091706674939,434.15043303,606.6883308347283706760835,0.04996727,0.0698250130055114962515,657303.75561132,918526.132889228671734690774,0.04559558965094521,0.060600192124159284,0.052665423454813357
2020-02-17,10026.0,1470.0,4760356.0,3238.33741497,133799407.346085,0.00364441616912992,0.004876207235520727718507683632,0.001,0.00133799407346085,37.235,49.82020932531474975,0.0,0.0,0.0,0.0,0.0,154.01481265,187.7010315773903,0.00013817856765660331,1.33799407346085,-48.1769777807312,52.175464585048594,100000000.0,14675.0,1230.0,649288.1968812101,868743.759395140664400442974585,527.87658283,706.2957393453054897872055,0.07922424,0.106001563594440011004,649288.19688125,868743.7593951940503639740625,0.04567905708459199,0.06120434497195033,0.053002495783144865
2020-02-18,11206.0,1422.0,5221570.0,3671.99015471,147568579.16895,0.0040322017546071875,0.00595026283849929849002446828125,0.001,0.0014756857916895,41.57200009,61.347209864927615252055,0.0,0.0,0.0,0.0,0.0,101.26656256,202.77484804779382,0.00014474171854186402,1.4756857916895,-45.570657773108515,65.6577787660552,100000000.0,15636.0,1168.0,987492.7860958993,1457229.07383759723638996886735,845.45615248,1247.62763171120742881496,0.0685376,0.1011399625164982752,987492.78609602,1457229.07383777535166502579,0.046052550217891966,0.06309289319228839,0.05400867264851905
2020-02-19,11416.0,1474.0,5027341.0,3410.67910448,137295860.461477,0.003514155251141632,0.00482478969000708170074606910464,0.001,0.00137295860461477,38.48,52.8314471055763496,0.0,0.0,0.0,0.0,0.0,181.1794708,187.49282219885907,0.00014248217902628564,1.37295860461477,-50.423017804395485,58.487876008666206,100000000.0,15601.0,2987.0,551938.9120664201,757789.278543306380744613484877,184.78035222,253.6957745441969180142894,0.01534544,0.0210686538895996761488,551938.91206673,757789.2785437318606161836021,0.046359760921954554,0.06467204580693267,0.05479015594302942
2020-02-20,16250.0,1483.0,5662107.0,3818.00876601,148461272.467946,0.003790567601160028,0.00562752489443987379128046462488,0.001,0.00148461272467946,54.895,81.4978155212789567,0.0,0.0,0.0,0.0,0.0,152.22038478,201.0211203082897,0.00015442147629783016,1.48461272467946,-46.21057838731234,70.38779618058769,100000000.0,18548.0,7628.0,656942.2363842101,975304.803515380039082927794546,86.12247462,127.8585217017358414853052,0.009,0.01336151452211514,656942.23638434,975304.8035155728902758636564,0.046721632466705805,0.06564635745544696,0.05521268673577112
2020-02-21,10268.0,1468.0,5666475.0,3859.99659401,145223499.820621,0.003989347286004665,0.00579346974873493340811269196965,0.003,0.00435670499461863,52.9905,76.954658672446171005,0.0,0.0,0.0,0.0,0.0,358.4136496,195.89331023907206,0.0001496872097983675,1.45223499820621,-48.472832917709994,64.39992824265835,100000000.0,17756.0,960.0,279007.23120403,405184.0659071041257885230263,290.6325325,422.066735313803769526825,0.05031804,0.0730736187291400030284,279007.23120403,405184.0659071041257885230263,0.04666606572484396,0.06604597276243172,0.05534363973612876
2020-02-22,9004.0,1465.0,5676673.0,3874.86211604,141275995.069526,0.004043667804984294,0.00571273192879762142031868024644,0.001,0.00141275995069526,55.653,78.62432953604330478,0.0,0.0,0.0,0.0,0.0,418.05699922,189.8797115829438,0.0001460179414802864,1.41275995069526,-51.00068512370943,62.045020990658685,100000000.0,18094.0,1066.0,239201.83177274003,337934.7680614720817041137332578,224.39196226,317.0119775388502426808876,0.03891023,0.0549708146163412265098,239201.83177274,337934.7680614720393213152124,0.04671327958392165,0.0663216648552621,0.055445979153904895
2020-02-23,12637.0,1442.0,5784297.0,4011.30166436,144995110.43142,0.003911860983423704,0.0056720071528388320355609437968,0.001,0.0014499511043142,56.1665,81.4386787004635143,0.0,0.0,0.0,0.0,0.0,334.51904121,194.5531566821889,0.00014538995431811303,1.4499511043142,-49.736249054832406,70.00425535669467,100000000.0,18136.0,4273.0,298936.6453910601,433443.51910474999770722148342,69.97534192,101.460824291667732111264,0.02160222,0.031322162744638297524,299004.63602067,433542.102193235889957374514,0.046725434085513,0.06594967562786813,0.055462263878258596
2020-02-24,9395.0,1467.0,5497008.0,3747.10838446,136708121.580895,0.004128974739970283,0.00564464380756301766343280543285,0.003,0.00410124364742685,55.576,75.9769056497982052,0.0,0.0,0.0,0.0,0.0,443.33526124,183.17913187150475,0.0001416956984666535,1.36708121580895,-48.315005364741396,61.039443167314325,100000000.0,17548.0,1586.0,225562.92887767,308362.8430515128212846411465,142.2237887,194.431469972951204368865,0.03186356,0.043560074344801426862,225566.92887786,308368.311376635802515644847,0.0467605050255449,0.06731085312179243,0.05594602956275126
2020-02-25,7985.0,1456.0,4409967.0,3028.82348901,132837966.552654,0.006027081186305105,0.0080062520903652772955269149867,0.005,0.0066418983276327,52.6345,69.91859950515666963,0.0,0.0,0.0,0.0,0.0,445.9106714,177.4145053432975,0.0001421595511365297,1.32837966552654,-50.20602338903809,53.14526725944503,100000000.0,11084.0,846.0,224260.16333479993,297902.6407616087602577290051422,265.08293538,352.1307810368778164949852,0.06660146,0.0884720251583792327484,224260.1633348,297902.640761608853244305592,0.04667828820179894,0.06778890539817752,0.056129986631394034
2020-02-26,2223.0,1487.0,4063162.0,2732.45595158,116479260.988538,0.005920516087926333,0.00689617338592409334880101371154,0.005,0.0058239630494269,55.7535,64.94126477524453383,0.0,0.0,0.0,0.0,0.0,100.98511651,152.97026587265552,0.00013237951026475172,1.16479260988538,-55.73181314070165,34.40169069837749,100000000.0,9670.0,1007.0,990244.9336803199,1153429.980727274847657500733062,983.36140385,1145.412096050992664390713,0.09307979,0.1084186515216830944702,990244.93368032,1153429.9807272749641367617216,0.04770937914257903,0.07279537981465299,0.05578764733653338
2020-02-27,3163.0,1467.0,5757518.0,3924.68847989,121473270.969878,0.0050425427872862845,0.00612534166377230717812962038291,0.003,0.00364419812909634,61.872,75.15794221448291616,0.0,0.0,0.0,0.0,0.0,159.12703338,157.86468677502194,0.0001383675396244803,1.21473270969878,-53.91928664039054,37.28074142054239,100000000.0,12438.0,1778.0,628428.7331599997,763372.937884017996177731890366,353.44698153,429.3436096087915465235334,0.03036472,0.0368850186048447390416,628428.73316002,763372.9378840426552517387756,0.04780553011621778,0.07300766467855971,0.05578168764199563
2020-02-28,2661.0,1450.0,5195407.0,3583.03931034,116513750.259694,0.00503622735790162,0.0058678973662958790475790330428,0.003,0.00349541250779082,56.441,65.76152578407389054,0.0,0.0,0.0,0.0,0.0,284.20680074,150.5758978435366,0.00013314954120397462,1.16513750259694,-55.700983253507715,33.70326593394657,100000000.0,11318.0,836.0,351856.46416281,409961.1619272461624179678014,420.88093799,490.3841649803261681037506,0.04139623,0.0482323000391285255362,351856.46416281,409961.1619272461624179678014,0.04790441765666994,0.07348754367025397,0.05597363085350082
2020-02-29,5629.0,1459.0,4949692.0,3392.52364633,113649215.160617,0.005825909537856782,0.00662110046574176168968072754494,0.003,0.00340947645481851,59.2495,67.336591736589769415,0.0,0.0,0.0,0.0,0.0,249.22526026,145.97526665713383,0.00013242603048031407,1.13649215160617,-57.50926538393636,31.093080761907665,100000000.0,10893.0,1653.0,401243.43694656,456010.0169732505806244562752,242.73650148,275.8681288403594685821316,0.0397102,0.045130330638711331934,401243.43694656,456010.0169732505806244562752,0.04789680890458309,0.07371281489021725,0.05597385118865843
2020-03-01,2247.0,1448.0,5259010.0,3631.91298343,111806157.080962,0.004965257466986058,0.00555146356301262692601231227796,0.003,0.00335418471242886,56.023,62.63716338146734126,0.0,0.0,0.0,0.0,0.0,152.17595936,142.52341365349739,0.00013089337000657796,1.11806157080962,-57.83961927162109,26.848177928156424,100000000.0,11337.0,1437.0,657134.0205143801,734716.295208748867871609416562,457.29576932,511.2848261705128331568584,0.03059497,0.0342070602170731996114,657134.02051444,734716.2952088158397597009128,0.047912113061208336,0.07384155057731406,0.05585203449516459
2020-03-02,3637.0,1441.0,5925258.0,4111.90700902,118576480.061606,0.004439678984696192,0.00526441506608759180295353604352,0.003,0.00355729440184818,59.4695,70.51683981023678017,0.0,0.0,0.0,0.0,0.0,180.42389334,150.60630604895084,0.00013313903078254654,1.18576480061606,-54.85371857904756,30.315267360508624,100000000.0,13474.0,1753.0,554250.3165678502,657210.516116465028857749794212,316.17245668,374.9061700554500676622808,0.02234241,0.0264928433389322651046,554250.31656785,657210.516116464791704789671,0.048091304869413654,0.07430516125429384,0.05491051774294192
2020-03-03,5501.0,1476.0,11749604.0,7960.43631436,116488198.511763,0.004171161731207292,0.00485891115769544050587653375796,0.003,0.00349464595535289,91.557,106.65309991141484991,0.0,0.0,0.0,0.0,0.0,290.26154992,147.4839338103773,0.00013284378422211027,1.16488198511763,-54.92161187001652,21.373257356059476,100000000.0,22029.0,1244.0,344516.86772319,401321.4927798975168824288397,276.94281971,322.6057015878587082324873,0.00872916,0.0101684412292094110908,344516.86772348,401321.4927802353326581129524,0.0481004866303172,0.07397011616779602,0.054980477923197636
2020-03-04,1452.0,1436.0,5413783.0,3770.04387187,119998194.4484,0.0051,0.0061199079168684,0.003,0.003599945833452,55.545,66.65299710636378,0.0,0.0,0.0,0.0,0.0,214.38357332,151.075596460639,0.000137041034,1.199981944484,-54.0848904003,22.3227026651,100000000.0,10897.0,512.0,466453.6487114701,559735.9563924465516722259284,911.04228264,1093.23428982948911695776,0.37231253,0.44676831370515758452,466453.64871147,559735.95639244643167403148,0.04793224411851129,0.07403984135505134,0.05506669610284113
2020-03-05,3345.0,1469.0,3979646.0,2709.0850919,133146397.597384,0.005446875000000196,0.00725231784413277071693929087264,0.005,0.0066573198798692,46.1895,61.49965531824368268,0.0,0.0,0.0,0.0,0.0,162.23447799,166.10716331772528,0.00014691828550982661,1.33146397597384,-47.6680215597864,38.09750413985108,100000000.0,8540.0,4344.0,616391.7882241504,820703.461106552461626046625536,141.89497887,188.9280527369742144727608,0.02336856,0.0311143958103832384704,616391.78822419,820703.4611066051875994951896,0.04851946492759111,0.07596854825488587,0.055801323246997665
2020-03-06,3672.0,1452.0,4493930.0,3094.99311295,137808475.41701,0.005789265470004917,0.0079780984820571744791832543817,0.003,0.0041342542625103,49.0235,67.55853794605789735,0.0,0.0,0.0,0.0,0.0,74.38313604,167.7082746167851,0.00015065835129831769,1.3780847541701,-46.115795408259395,38.81404983028441,100000000.0,9982.0,923.0,1344390.7492948002,1852684.39525048127355119631402,1456.54469046,2007.242031690333498687246,0.21033773,0.289863218939746867873,1344390.7492948,1852684.39525048099793424548,0.048579555344637385,0.07601782126231835,0.055915114321798555
2020-03-07,4314.0,1468.0,3977158.0,2709.23569482,128903146.222558,0.006588661250441879,0.00849299164576611363827177706482,0.005,0.0064451573111279,55.9575,72.13097804748789285,0.0,0.0,0.0,0.0,0.0,202.88926523,155.56506677502927,0.0001448625528980762,1.28903146222558,-50.96597313116442,25.657293677512804,100000000.0,8551.0,685.0,492879.6991043499,635337.439237784044680513050442,719.53240745,927.499911293965312372571,0.089234,0.11502543350023740572,492879.69910435,635337.439237784173583659273,0.04884451116565469,0.0771960887760066,0.056704758856744135
2020-03-08,1690.0,1446.0,3503464.0,2422.86583679,110578429.398144,0.005435359258305629,0.00601033489998097333215677352576,0.005,0.0055289214699072,42.211,46.67626083325056384,0.0,0.0,0.0,0.0,0.0,190.19123398,132.68301620854527,0.00013635472911456548,1.10578429398144,-59.245593139648065,1.5152993021716747,100000000.0,7826.0,1101.0,525786.5880900201,581406.551096033085649358626944,477.55366766,528.0713452316603359682304,0.06133837,0.0678270061644223398528,525786.58809005,581406.551096066148599748672,0.050126652110400016,0.08188712293095075,0.06002481544321032
2020-03-09,2322.0,1439.0,3684776.0,2560.6504517,108567133.052398,0.00538641927586662,0.0058478809819901262101731915476,0.003,0.00325701399157194,41.804,45.38540430122445992,0.0,0.0,0.0,0.0,0.0,120.04285909,128.94482529300262,0.00013748965970440493,1.08567133052398,-60.10510138602332,2.4095448888557955,100000000.0,7838.0,1264.0,833035.8070411801,904403.093004515466109970548798,659.0473157,715.508776114276493480486,0.04574682,0.0496660109366410187436,833035.80704118,904403.0930045153575428374964,0.05012661666538792,0.08180069645814672,0.05988659113115454
2020-03-10,2450.0,1470.0,4262543.0,2899.68911565,131194928.002202,0.005479644221585406,0.00718901529128579562596699064012,0.003,0.00393584784006606,45.8975,60.21519207981066295,0.0,0.0,0.0,0.0,0.0,44.16567545,150.6296338325913,0.00016586109262682668,1.31194928002202,-49.92126684087179,18.61429751996113,100000000.0,8478.0,1558.0,2264201.7582148104,2970517.866514512312332402125008,1453.27455598,1906.6225073922818001226796,0.03920783,0.0514386843397257564166,2264201.7582151,2970517.866514892252843896502,0.05206284059867063,0.08850050426283491,0.06445225376907057
2020-03-11,2523.0,1482.0,3733629.0,2519.31781377,134375278.961155,0.004970864661654214,0.0066796132558793236999374805717,0.003,0.00403125836883465,37.023,49.74975952978841565,0.0,0.0,0.0,0.0,0.0,46.36015329,149.26460486680637,0.00016925242698985601,1.34375278961155,-51.39143352887683,-8.764963578682847,100000000.0,7544.0,1061.0,2157024.7917057797,2898508.081115914050662252875535,2033.01111377,2731.8643554397217511560435,0.68313612,0.917966066934410574186,2157024.79170578,2898508.081115914453788089759,0.052089804320864956,0.07104709995492592,0.06434675916141337
2020-03-12,7687.0,1436.0,5434908.0,3784.75487465,82537371.7858185,0.0057322801474459645,0.0047312733771021406143509615444325,0.003,0.002476121153574555,54.428,44.92344071558529318,0.0,0.0,0.0,0.0,0.0,77.72549874,90.82574773943847,0.00016642902936227862,0.825373717858185,-69.15179394566336,-42.32499145728416,100000000.0,10279.0,6331.0,1286579.071455401,1061908.551525675783532470307185,203.21893405,167.73156713602580476769925,0.02824658,0.0233139847513786512573,1286579.07145553,1061908.55152578225674207401305,0.06356912360382833,0.11345425520780442,0.09066695965036049
2020-03-13,1888.0,1450.0,5151230.0,3552.57241379,87824670.5828753,0.005043917481922582,0.004429803912970566451488095600246,0.003,0.002634740117486259,47.433,41.657875997575241049,0.0,0.0,0.0,0.0,0.0,94.44027804,95.87497776611524,0.00015605805101284585,0.878246705828753,-67.51278815237774,-38.82250786369448,100000000.0,9534.0,1487.0,1058870.2412826999,929949.3013066280497525908902247,712.08489663,625.38621473570559848680239,0.04214815,0.03701647389427615575695,1058870.24128285,929949.30130675987458313578605,0.06367138785688709,0.11434624745481664,0.09098288441807546
2020-03-14,4773.0,1468.0,3587508.0,2443.80653951,79761251.6208078,0.0055728179972937735,0.004444949385191148695710019802333,0.003,0.002392837548624234,32.9465,26.278540765249441827,0.0,0.0,0.0,0.0,0.0,217.66007546,87.10076695063034,0.00015502153041738564,0.797612516208078,-71.04445301163906,-43.186453466579,100000000.0,7351.0,1342.0,459431.9825905202,366448.6996604907025442934621756,342.34872026,273.06162418719401117426028,0.04420174,0.03525586106217524965572,459431.98259052,366448.69966049054302179022056,0.06406106511400042,0.11527287765940844,0.09182946819809729
2020-03-15,5099.0,1481.0,3500049.0,2363.30114787,86356851.0694661,0.006505801066370925,0.005618204937761677084138043131425,0.003,0.002590705532083983,38.13050005,32.92829914022119679523305,0.0,0.0,0.0,0.0,0.0,144.18390496,94.85946159270271,0.00016115530030950666,0.863568510694661,-68.87525867016778,-43.914026063958254,100000000.0,6633.0,1326.0,693558.6883026898,598935.4435368964315532327991578,523.04576795,451.68585485372675070991495,0.05616624,0.04850339622811889644464,693558.68830278,598935.44353697432543289745758,0.06426505000920305,0.114867492909253,0.09232309832946335
2020-03-16,4692.0,1466.0,3401732.0,2320.41746248,73590624.0645012,0.006623065275908508,0.004873955068740349286034218562096,0.003,0.002207718721935036,39.3675,28.97078892859250991,0.0,0.0,0.0,0.0,0.0,119.44414466,81.38076001859189,0.00014680169563959902,0.735906240645012,-72.9659390370859,-50.098399851634454,100000000.0,6021.0,3461.0,837211.4036101298,616109.0966558644488953290425576,241.89870084,178.01476355207680642621008,0.02626358,0.01932753242367952426296,837211.4036103,616109.0966559897001374868236,0.06526887377147235,0.11765118175557768,0.09456432066254196
2020-03-17,2684.0,1468.0,2850272.0,1941.60217984,87059395.5391164,0.005980589914367419,0.005206665429121634103615762085716,0.003,0.002611781866173492,31.428,27.361026830033502192,0.0,0.0,0.0,0.0,0.0,57.56574805,95.303468587007,0.00016072242549070153,0.870593955391164,-68.1618155956512,-37.69968474482838,100000000.0,5321.0,907.0,1737144.1072639404,1512347.1594273663392940739826256,1915.26362433,1667.41693432227110549742012,0.19371012,0.16864285957009702537968,1737144.10726394,1512347.15942736599105649182616,0.0663280045430471,0.12253136774133686,0.09706636050778525
2020-03-18,1995.0,1488.0,3212526.0,2158.95564516,86755294.095725,0.006344454148471637,0.00550414985527499391958725451825,0.003,0.00260265882287175,36.322,31.5112579214492345,0.0,0.0,0.0,0.0,0.0,141.13669937,94.79433721080154,0.0001608817613225817,0.86755294095725,-68.17736164084491,-35.16018058934737,100000000.0,5821.0,1844.0,708532.9361337005,614689.832507867254968454803625,384.23695018,333.345896153103349759805,0.026604,0.023080378441226679,708532.93613387,614689.8325080143051919470575,0.0662841864644891,0.12243724109199076,0.09703212056849805
2020-03-19,4146.0,1479.0,3368725.0,2277.70453009,95130847.804835,0.006397988750639254,0.0060864609409410930058888199309,0.003,0.00285392543414505,37.537,35.70926634050091395,0.0,0.0,0.0,0.0,0.0,186.91505162,107.93093598690812,0.00015334900625762782,0.95130847804835,-65.80490614771774,-35.53448278720601,100000000.0,5942.0,1988.0,535002.3935068198,508952.31271919719228431913733,269.20698627,256.0988883884967548461545,0.0360833,0.034326349205962027555,535183.48870009,509124.5901118889380416693515,0.06662140693849804,0.12225841430660248,0.09775036794199377
2020-03-20,2750.0,1468.0,2928337.0,1994.77997275,94371899.9547764,0.007265662530015391,0.006856743773877800619204959635724,0.003,0.002831156998643292,33.28400005,31.4107432281337269533882,0.0,0.0,0.0,0.0,0.0,99.48880123,106.99375291330081,0.00015285004083727595,0.943718999547764,-65.25647998669929,-31.263841722849588,100000000.0,5370.0,770.0,1005138.2543835698,948568.0678340484044767919279272,1305.37435634,1231.90658160049118258622376,0.39871544,0.37627533614104652427616,1005138.25438357,948568.06783404859322059183748,0.06641651979069944,0.12177772833940738,0.09768402871786062
2020-03-21,1927.0,1455.0,2518268.0,1730.76838488,93203089.95191,0.0066179256740345966,0.00616811121892101124359170249506,0.003,0.0027960926985573,27.246,25.3941138882973986,0.0,0.0,0.0,0.0,0.0,98.97678929,106.32142105400015,0.00015091586802931837,0.9320308995191,-66.16917416621112,-37.22060413295103,100000000.0,4772.0,836.0,1010337.885440459,941666.1281852964090747832669,1208.53814048,1126.394890174714840243168,0.26343874,0.245533045810378309934,1010337.88544046,941666.128185297341105682786,0.06610797433901697,0.12056868491713706,0.0976986330476751
2020-03-22,3766.0,1462.0,2716116.0,1857.80848153,85381471.6750145,0.006819503634996363,0.005822592564491003890152254722635,0.003,0.002561444150250435,27.203,23.226321739754194435,0.0,0.0,0.0,0.0,0.0,292.69904954,99.05804460942133,0.00014643783329547542,0.853814716750145,-69.21134009036423,-41.20684890497952,100000000.0,5569.0,2277.0,341647.84667569987,291703.95943770965254982979898115,150.04297175,128.10889742507625804340375,0.02164803,0.01848340660264864146435,341647.84667584,291703.9594378292976060879968,0.06517483908379584,0.1212840167148286,0.0983514247556581
2020-03-23,2746.0,1464.0,2288848.0,1563.42076503,92236596.944257,0.006450220951390819,0.00594946430094836895109564576483,0.003,0.00276709790832771,24.814,22.88758916574793198,0.0,0.0,0.0,0.0,0.0,294.40672126,107.9107379415604,0.00014219979316282364,0.92236596944257,-66.1809961845308,-34.711769753336576,100000000.0,4684.0,1514.0,339666.1583367399,313296.505421100577859554077543,224.35017063,206.9329626277459454857191,0.02054272,0.0189479058477872715904,339666.15833683,313296.5054211836830334008531,0.0654152443016518,0.12249330485565688,0.09884633318759549
2020-03-24,1079.0,1456.0,2582045.0,1773.38255495,93324508.5785464,0.008094796713713694,0.007554429253505628428634402944016,0.003,0.002799735257356392,38.426,35.860875666392239664,0.0,0.0,0.0,0.0,0.0,184.47979568,109.90029361045352,0.00013774718065526754,0.933245085785464,-65.078331413532,-35.63609952027509,100000000.0,4850.0,664.0,542064.78076352,505879.29282492995825683747328,816.36262163,761.86640485513563878598632,0.18642564,0.17398081239441002889696,542064.78076352,505879.29282492995825683747328,0.06537867639124904,0.12235954731290644,0.09880970514131655
2020-03-25,1262.0,1441.0,1874898.0,1301.10895212,89786305.892643,0.010486017520215708,0.00941500776665701361576850236244,0.003,0.00269358917677929,31.1225,27.943743051437817675,0.0,0.0,0.0,0.0,0.0,423.82877611,107.50139471244897,0.00013421034644566456,0.89786305892643,-66.32445063286399,-34.3226248343166,100000000.0,3080.0,1041.0,235944.33798692006,211845.7050413075221143658311858,226.65162151,203.5021181996040392955093,0.03956423,0.0355232605718688295989,235944.33798706,211845.7050414331690708319958,0.06543739834385591,0.12216354441017821,0.09894295555584387
2020-03-26,1777.0,1444.0,2788750.0,1931.26731302,89623662.3822824,0.00940320516666655,0.0084274968516865638271178873372,0.003,0.002688709871468472,44.00700018,39.44068526589360805610832,0.0,0.0,0.0,0.0,0.0,79.34904834,106.41674639047983,0.00013268811707102445,0.896236623822824,-67.31135483628805,-32.53159114961491,100000000.0,4824.0,1157.0,1260254.5600488302,1129486.2920554819916660332604848,1089.24335354,976.21978569814026855319696,0.02521893,0.02260212867962413085832,1260254.56004903,1129486.29205566105974347306072,0.06543731696677539,0.12215063220658352,0.09890643456555936
2020-03-27,3656.0,1496.0,3595154.0,2403.17780749,87382365.9296867,0.007358857359702524,0.006430343666298940581018125192308,0.003,0.002621470977890601,43.53500014,38.04191312982441714656138,0.0,0.0,0.0,0.0,0.0,85.30715501,104.92180483052209,0.00013462505030966418,0.873823659296867,-68.21449389537015,-24.98032251570908,100000000.0,6097.0,1204.0,1172234.6148687422,1024326.3407190578873439486906874,973.61678976,850.76938598095162736568192,0.0347706,0.0303833729279476437102,1172234.61486874,1024326.34071905596493189823758,0.0654258057793249,0.12012659449059997,0.09896274217573378
2020-03-28,1050.0,1458.0,1980455.0,1358.33676269,81442948.7485692,0.008285448340055951,0.006747913445180945699405591953092,0.003,0.002443288462457076,26.704,21.748525033817919168,0.0,0.0,0.0,0.0,0.0,207.70202381,98.09956159569172,0.0001306888680722727,0.814429487485692,-71.14958073940362,-32.95401688099369,100000000.0,3369.0,711.0,481458.95820252015,392114.3725742736921989614666938,677.15746583,551.49700784303689310390436,0.14813844,0.12064831376612993520048,481458.95820252,392114.37257427357003453834384,0.06559480876566538,0.12021531108225504,0.09933961050515161
2020-03-29,979.0,1467.0,1724493.0,1175.52351738,77424678.7703672,0.00821781305114643,0.00636261535679943503934672069096,0.003,0.002322740363111016,23.2975,18.03801453652629842,0.0,0.0,0.0,0.0,0.0,562.26689845,95.29070463699621,0.0001311203151513077,0.774246787703672,-72.15479326757685,-33.54889135591494,100000000.0,2970.0,667.0,177851.47992023002,137700.93701658221586437383863344,266.64689643,206.45050301208122531469096,0.09323313,0.07218545141005885305336,177853.47992023,137702.48551015760772343808456,0.06568552478541176,0.12029878980100692,0.09952781015646464
2020-03-30,1525.0,1473.0,2189292.0,1486.28105906,82939760.03004,0.008231938669438789,0.0068275501782525993198058122156,0.003,0.0024881928009012,31.6765,26.2724130859156206,0.0,0.0,0.0,0.0,0.0,210.53233251,102.28740149010784,0.0001288503574439202,0.8293976003004,-70.21007574529979,-27.021264587860326,100000000.0,3961.0,958.0,474986.4251535598,393952.60119762805169260936392,495.81046467,411.224009601124255586868,0.1170752,0.09710188993468939008,474986.42515356,393952.601197628217572129424,0.06588653992691185,0.12120908299704891,0.09994486488894702
2020-03-31,1353.0,1447.0,5010389.0,3462.60469938,98623505.4302228,0.004802931053625044,0.004736818968481752411567365798032,0.003,0.002958705162906684,43.26,42.66452844911438328,0.0,0.0,0.0,0.0,0.0,43.93239555,118.79636774808843,0.0001533234288407004,0.986235054302228,-65.92170824935755,-11.790631209328897,100000000.0,9140.0,998.0,2276224.61175318,2244892.50357646532393266008504,2280.78618412,2249.39128614735958933421936,120.17706231,118.52283157318508792782668,2276224.61175318,2244892.50357646532393266008504,0.06711916879345986,0.12574875256420856,0.10241936799588425
2020-04-01,3274.0,1453.0,3368283.0,2318.15760496,96237772.7192784,0.005563704945515706,0.005354385720236657277296561865504,0.003,0.002887133181578352,33.1875,31.938910821210519,0.0,0.0,0.0,0.0,0.0,162.65362903,116.7554361331107,0.00014486855191788434,0.962377727192784,-69.13199247975682,-18.83907106259318,100000000.0,6772.0,1450.0,614803.3744830098,591673.0742054130251890571612832,424.00232723,408.05039600405847086270832,0.03407531,0.03279331939118954456304,614803.37448301,591673.07420541321766460259984,0.06706910192031885,0.125228784679214,0.10239825225232632
2020-04-02,1567.0,1455.0,2625973.0,1804.79243986,96317813.8320299,0.006312397875817164,0.006079963634366585977186993812036,0.003,0.002889534414960897,30.9055,29.7675019538580007445,0.0,0.0,0.0,0.0,0.0,122.4099629,117.13213684890144,0.00014179518474699532,0.963178138320299,-66.59856346102315,-17.315388972811945,100000000.0,4991.0,1296.0,816926.9692888798,786846.1974233073212060713110602,630.34488371,607.13441159152316788742929,0.0275659,0.0265508722431235302041,816926.96928888,786846.19742330751384169897512,0.06702631488842774,0.12521946040815454,0.10216709179145189
2020-04-03,1341.0,1445.0,2236507.0,1547.75570934,96310142.7782932,0.006831296992481348,0.006579231887068035546601002752336,0.003,0.002889304283348796,29.074,28.001210911360964968,0.0,0.0,0.0,0.0,0.0,337.57211101,117.29377254657318,0.00014264148814302157,0.963101427782932,-65.55156680669455,-19.740340076777425,100000000.0,4409.0,1047.0,296233.0024822899,285302.4276471182420171514959868,282.9350549,272.4951553440322507029668,0.03535205,0.0340476098300536012106,296233.00248229,285302.42764711833832729427428,0.06690911688343665,0.12504197124277594,0.10212687004995707
2020-04-04,2689.0,1488.0,2262399.0,1520.42943548,95164474.6910063,0.007361076345431983,0.007005129635734270944464184744929,0.003,0.002854934240730189,29.4075,27.9854928947576776725,0.0,0.0,0.0,0.0,0.0,207.2232423,115.67260936393356,0.00013872394307207184,0.951644746910063,-67.18257020304361,-28.52643675815376,100000000.0,4868.0,1416.0,482571.35102351004,459236.49121081538347075845753252,340.79897671,324.31955593839640480163273,0.02342549,0.02229274450229421170587,482571.35102366,459236.49121095809211700509058,0.06681285684673503,0.12326233513748394,0.10211407935368087
2020-04-05,1481.0,1488.0,2166019.0,1455.65793011,94651954.0661579,0.005694540828128808,0.005389994168919087035440948667832,0.003,0.002839558621984737,24.6175,23.3009447922364210325,0.0,0.0,0.0,0.0,0.0,255.5196054,115.73797522726207,0.0001393823705887954,0.946519540661579,-68.26892470106155,-31.316304182496747,100000000.0,4474.0,938.0,391359.40212673997,370429.32153459210000362030261263,417.2275076,394.9139888449274612505004,0.0271749,0.0257215738655243431671,391359.40212674,370429.32153459212839920652246,0.06680339097630883,0.12296830594748162,0.10204260667484806
2020-04-06,4814.0,1457.0,3132356.0,2149.86684969,98464520.8391401,0.005945400467389112,0.005854110082182685090511861825912,0.003,0.002953935625174203,27.985,27.555296156833356985,0.0,0.0,0.0,0.0,0.0,315.58980519,123.0388506555962,0.00013491665761478124,0.984645208391401,-66.82825738272054,-23.613562799207422,100000000.0,6390.0,1347.0,316867.01647442,312001.58946881677469446446242,235.23906197,231.62701519524834385411997,0.04478107,0.04409346600213991557907,316867.01647449,312001.58946888569985905186049,0.06682445180002501,0.12288164208227587,0.10208373032001573
2020-04-07,1183.0,1473.0,2718980.0,1845.87915818,99003915.9044706,0.005839293011851469,0.005781128742869056835062402773114,0.003,0.002970117477134118,28.5775,28.292844067600085715,0.0,0.0,0.0,0.0,0.0,248.6392279,127.59615690820063,0.0001377427899262314,0.990039159044706,-65.73493396866724,-10.467243527215148,100000000.0,5117.0,885.0,402189.15109967993,398183.00893163131125544116095058,454.45101819,449.92430387583798942920214,0.05,0.0495019579522353,402189.15109968,398183.00893163138055818229408,0.0667805750807357,0.11983119788271597,0.10177646103358064
2020-04-08,1005.0,1468.0,3303756.0,2250.51498638,101189229.154643,0.0031824908133878237,0.003220337921984466850456605204391,0.001,0.00101189229154643,32.0445,32.425582536459576135,0.0,0.0,0.0,0.0,0.0,179.11395433,130.16175860029037,0.00013725794338587433,1.01189229154643,-64.01798813820838,-6.795706665841675,100000000.0,10209.0,2567.0,558303.7925523899,564943.304024900494800663313057,217.49271233,220.0791990742521908284819,0.001,0.00101189229154643,558303.79255239,564943.3040249005959898924677,0.06664690818565484,0.11988616479838897,0.10176453359284554
2020-04-09,3498.0,1443.0,4565583.0,3163.95218295,104688858.516947,0.002918915404122306,0.00305577921765097268881361719782,0.001,0.00104688858516947,44.89,46.9948285882575083,0.0,0.0,0.0,0.0,0.0,199.31106429,134.10420452513173,0.00014341766261054668,1.04688858516947,-62.61676934373664,-20.203577904177912,100000000.0,15585.0,5839.0,501728.2926994399,525253.622483610360967315579853,85.92709243,89.9560922217689759041121,0.001,0.00104688858516947,501728.29269958,525253.6224837570300580978226,0.06669090373556492,0.11455926891322873,0.10170976122386355
2020-04-10,2150.0,1447.0,6505104.0,4495.57982032,100333773.614078,0.0022128138934519297,0.002220199682356924309949321863166,0.001,0.00100333773614078,47.144,47.30135423262093232,0.0,0.0,0.0,0.0,0.0,62.34218285,126.42378334422322,0.00014626292598403213,1.00333773614078,-61.99366341935526,-25.333160690157648,100000000.0,22147.0,6144.0,1604050.3464682496,1609404.243281287357322705778688,261.07590275,261.947305226095439589145,0.001,0.00100333773614078,1604050.34646825,1609404.243281287758657800235,0.06676630894125876,0.11457204008480915,0.09457560836467512
2020-04-11,3273.0,1471.0,4456451.0,3029.53840925,99530068.9847555,0.0025924558695214327,0.0025802731153340250010693681920485,0.001,0.000995300689847555,38.625,38.443489145361811875,0.0,0.0,0.0,0.0,0.0,73.89916771,126.67896182165366,0.000144598916132137,0.995300689847555,-62.6841627791684,20.587882593393495,100000000.0,15053.0,4451.0,1353195.2131654,1346836.129161931859855000597,304.02049274,302.5918061519155865842507,0.001,0.000995300689847555,1353195.2131654,1346836.129161931859855000597,0.0666859335953674,0.07067960419754421,0.09453034777638784
2020-04-12,3319.0,1442.0,3230576.0,2240.34396671,100857675.297807,0.005660904712762308,0.00570945689411606262307504658556,0.003,0.00302573025893421,32.9125,33.194782382390728875,0.0,0.0,0.0,0.0,0.0,174.64283282,127.84927721091834,0.0001445228517248865,1.00857675297807,-62.081799110173606,14.839799145768703,100000000.0,7552.0,1687.0,572597.2167605101,577508.241644595398318147313507,339.41743732,342.3285368363431975595724,0.0490594,0.049480170355052327358,572597.21676051,577508.2416445952974604720157,0.06666206783635831,0.06990705295870253,0.09455602638157735
2020-04-13,2782.0,1455.0,2565912.0,1763.51340206,100077481.732689,0.007089874494788653,0.00709536785239269073335296377917,0.003,0.00300232445198067,33.3295,33.355324274096580255,0.0,0.0,0.0,0.0,0.0,116.63271173,126.41549353217756,0.00014580954379921315,1.00077481732689,-63.97132796200481,25.471303043821813,100000000.0,5625.0,1392.0,857392.3945909599,858056.717074232683644677181711,615.94281221,616.4200553732736614533269,0.0329552,0.032980734259971125328,857392.39459096,858056.7170742327837221589144,0.06659249890858775,0.06732079002745452,0.09453187153368439
2020-04-14,3860.0,1455.0,2497384.0,1716.41512027,99085871.2772393,0.004742004615892105,0.004698656589663597062551510657265,0.001,0.000990858712772393,28.765,28.502050872897884645,0.0,0.0,0.0,0.0,0.0,471.99380913,127.37622517176466,0.00014411361557723062,0.990858712772393,-62.15362697072781,14.740023576744225,100000000.0,6244.0,2209.0,211867.18568371003,209930.44688527049085907920120179,95.91090343,95.03415431348709259300799,0.001,0.000990858712772393,211867.18568401,209930.44688556771874714953593,0.06657441119225255,0.06599462016410894,0.09365318146380192
2020-04-15,2780.0,1488.0,2796058.0,1879.07123656,95990940.0723127,0.004422710221944522,0.004245401118718814120970876360294,0.001,0.000959909400723127,28.2965,27.1620763575619631555,0.0,0.0,0.0,0.0,0.0,243.95252459,127.72254220727864,0.00014488158032821552,0.959909400723127,-64.26427180236253,30.439089615788458,100000000.0,7773.0,1818.0,409915.8234544599,393482.0524390977296002132241073,225.47625053,216.43677252354994661700731,0.001,0.000959909400723127,409915.82345446,393482.05243909782559115329642,0.06653758139759984,0.05872089646114761,0.09359086050620938
2020-04-16,4443.0,1472.0,3059311.0,2078.33627717,100947776.80585,0.004101589258802774,0.004140463170468941621368394279,0.001,0.0010094777680585,29.9375,30.22124068125134375,0.0,0.0,0.0,0.0,0.0,355.1629462,134.37557293630377,0.00014162558729086664,1.0094777680585,-62.1473091064344,15.952765558191201,100000000.0,8907.0,2338.0,281560.90344122995,284229.472378387641952063552075,120.42810241,121.569492032367264870985,0.001,0.0010094777680585,281560.90344123,284229.472378387692425951955,0.06663509921807102,0.05116111008630018,0.09367653447494464
2020-04-17,5164.0,1461.0,2673450.0,1829.87679671,100245396.327649,0.004064829821718223,0.00407480476482590091307462047727,0.001,0.00100245396327649,30.096,30.16985447876924304,0.0,0.0,0.0,0.0,0.0,598.20853527,133.69817448472187,0.00014156164642525226,1.00245396327649,-62.87565225297954,15.549601177121408,100000000.0,7566.0,2484.0,167165.78601724995,167576.0047172218669149612886755,67.2970153,67.462159704163585660297,0.001,0.00100245396327649,167165.78601725,167576.0047172219170376594525,0.06663223702848138,0.05118485350109195,0.09354379723670847
2020-04-18,3349.0,1483.0,3846954.0,2594.03506406,104426982.008772,0.0027218309859158756,0.002842325953971552962038932607632,0.001,0.00104426982008772,32.466,33.90326397896791752,0.0,0.0,0.0,0.0,0.0,837.95428592,139.66002728652782,0.00014378351613039046,1.04426982008772,-60.91954689750278,9.771945082428394,100000000.0,13610.0,3707.0,119338.2523133,124621.335272792726098922676,32.19267664,33.6178406429949463948608,0.001,0.00104426982008772,119338.2523133,124621.335272792726098922676,0.06669751506226754,0.04897558368656355,0.0927679845466108
2020-04-19,2319.0,1455.0,3065879.0,2107.13333333,101787008.55549,0.003001506510276907,0.0030551436884091446641797506943,0.001,0.0010178700855549,27.893,28.3914502963828257,0.0,0.0,0.0,0.0,0.0,390.06412771,136.64583332287182,0.00014235459026060523,1.0178700855549,-61.70773874967684,7.85732681472661,100000000.0,10260.0,2927.0,256368.10179766,260949.421710331496688621534,87.58732552,89.152518520567276131048,0.001,0.0010178700855549,256368.10179773,260949.421710402747594610377,0.0667143194819514,0.04921808011146868,0.09239724617634393
2020-04-20,2250.0,1481.0,3123546.0,2109.07900068,97481582.9623425,0.0030361064891849068,0.00295964466607984914454983772179,0.001,0.000974815829623425,27.3705,26.6811966647079539625,0.0,0.0,0.0,0.0,0.0,223.70031524,130.88138641175405,0.00014224090746476793,0.974815829623425,-62.59897790359391,4.590505542938617,100000000.0,9923.0,2827.0,447026.63871491,435768.64368264606855123276675,158.12756941,154.14525776074487084942925,0.001,0.000974815829623425,447026.63871492,435768.643682655816709529001,0.06632795926711975,0.0498571384194485,0.09187278985776393
2020-04-21,3942.0,1465.0,3819974.0,2607.49078498,96778887.1967407,0.0024461574038391228,0.0023673639145161855158181530705796,0.001,0.000967788871967407,31.734,30.711812063013693738,0.0,0.0,0.0,0.0,0.0,447.30492968,130.2665767691166,0.0001408630550917494,0.967788871967407,-63.2595639129919,13.348815964554841,100000000.0,13780.0,4900.0,223561.13998281996,216359.98347972090023202506904372,45.62472245,44.15509867371152982118715,0.001,0.000967788871967407,223561.13998294,216359.98347983707360821603658,0.06633109482177853,0.04697747673316281,0.09185159141810144
2020-04-22,1535.0,1446.0,3467473.0,2397.9757953,99774451.2748744,0.002536933164797326,0.002531211144386837094317921058544,0.001,0.000997744512748744,32.1125,32.0400706656440417,0.0,0.0,0.0,0.0,0.0,884.77850673,135.21122697664057,0.00014006071936975965,0.997744512748744,-61.749733730735514,8.172303164190769,100000000.0,12768.0,3905.0,113022.63700933,112767.71589245212162187378152,28.94305685,28.8777761542624473580964,0.001,0.000997744512748744,113022.63700934,112767.71589246209906700126896,0.0661693921582896,0.045213036434537494,0.09193448160249465
2020-04-23,5148.0,1481.0,4656737.0,3144.3193788,101332926.775804,0.002424550822967667,0.00245686831007997927165249929268,0.001,0.00101332926775804,38.594,39.10842975985379576,0.0,0.0,0.0,0.0,0.0,317.18290249,137.57194329255023,0.00013531615639929167,1.01332926775804,-57.34267970002635,8.581259434671813,100000000.0,16030.0,5703.0,315275.50575637,319477.8973901481370643487148,55.28239624,56.0192701017890237257696,0.001,0.00101332926775804,315275.5057564,319477.897390178536942381456,0.06614159498015833,0.045244484430631775,0.09188299644782809
2020-04-24,9859.0,1477.0,4230096.0,2863.97833446,101141901.504528,0.003969641326968178,0.00401497072100519288838978909984,0.001,0.00101141901504528,32.428,32.79829581988833984,0.0,0.0,0.0,0.0,0.0,393.88896315,137.222328091514,0.0001347401122479069,1.01141901504528,-53.220182171196264,12.647358078706143,100000000.0,11127.0,2211.0,253878.65453462995,256777.698710436332895827294136,114.82526211,116.1364535056123095183408,0.001,0.00101141901504528,253878.65453463,256777.6987104363834667780464,0.06600027312478647,0.04457760493233627,0.09162126185158503
2020-04-25,8669.0,1455.0,3484661.0,2394.95601375,102276603.978458,0.0037265895328719234,0.003811429218438085005830066261172,0.001,0.00102276603978458,34.4635,35.24809741211587283,0.0,0.0,0.0,0.0,0.0,274.0576821,139.59012189461356,0.0001356860654231086,1.02276603978458,-52.286065069849194,14.117858230570299,100000000.0,9457.0,2915.0,364886.68820387,373193.7130643829422019223246,125.17553626,128.0252874985512963788708,0.001,0.00102276603978458,364886.68820393,373193.7130644443081643093994,0.06599310764692923,0.04458247831297893,0.09159107959238943
2020-04-26,6296.0,1467.0,2819059.0,1921.64894342,104955887.859106,0.005572674418604869,0.00584884991354401357483757587114,0.003,0.00314867663577318,26.838,28.16806118362686828,0.0,0.0,0.0,0.0,0.0,462.69510501,143.28443753420802,0.0001365889535770499,1.04955887859106,-50.42379589831904,20.111062160482174,100000000.0,6379.0,1351.0,216125.04415551003,226835.9589793004332031020983318,159.97412595,167.902264235666990984007,0.02,0.0209911775718212,216125.04415551,226835.9589793004017163357406,0.06600765723293635,0.044384547218216594,0.09013204338759874
2020-04-27,5171.0,1467.0,3099590.0,2112.87661895,105655609.587655,0.005465638528138701,0.00577475370476267899877257336155,0.003,0.00316966828762965,30.3015,32.015234539203279825,0.0,0.0,0.0,0.0,0.0,52.37989618,141.18178976838993,0.00013584792646211598,1.05655609587655,-47.961364394325834,29.729597480360358,100000000.0,6360.0,1546.0,1909129.4045055504,2017102.31014750711596902820312,1234.88318532,1304.723357145297381492246,0.0650607,0.068740279186995456585,1909129.40450561,2017102.3101475700867123424455,0.06589118600570784,0.041968803843509025,0.08995682226596848
2020-04-28,4254.0,1443.0,2485798.0,1722.65973666,105687457.012151,0.006275814930476546,0.00663274920680955372103742510446,0.003,0.00317062371036453,27.5320001,29.097870770272870332151,0.0,0.0,0.0,0.0,0.0,324.10688801,141.11401251695065,0.00013602164907433186,1.05687457012151,-45.594253922701064,36.503578304287196,100000000.0,4608.0,1145.0,308540.18750893004,326088.2780387105253692928891604,269.46741267,284.7932559273617872135317,0.02629688,0.0277925037455369338888,308540.18750893,326088.2780387104830943100843,0.06589025416189147,0.040492866935093,0.08980863711911946
2020-04-29,8153.0,1436.0,2735760.0,1905.12534819,109771316.990642,0.006412319007124859,0.00703888702376221674600628569478,0.003,0.00329313950971926,27.9,30.626197440389118,0.0,0.0,0.0,0.0,0.0,263.29057015,146.70437709659913,0.00012528344782773465,1.09771316990642,-50.52259699916891,32.35065661015158,100000000.0,4685.0,812.0,379808.51324365,416920.807030131543201159233,467.74447444,513.4492697437448468819048,0.06707054,0.0736242150707353388668,379808.51324365,416920.807030131543201159233,0.06593677897910385,0.03933163498488148,0.0898988193972247
2020-04-30,4832.0,1451.0,2889050.0,1991.07512061,105268473.771917,0.006037223560324214,0.00635529310015188891720008298238,0.003,0.00315805421315751,27.572,29.02462358839295524,0.0,0.0,0.0,0.0,0.0,138.93209779,140.10956690623001,0.00012166374653096941,1.05268473771917,-50.41414387146037,6.73771258961747,100000000.0,5351.0,1271.0,719776.07472372,757697.2884370728955206977124,566.3069038,596.142634495258236605846,0.02848273,0.0299833351595759349341,719776.07472372,757697.2884370728955206977124,0.06601304750961492,0.0256616748827718,0.09003508752262741
2020-05-01,2921.0,1460.0,2697362.0,1847.50821918,107480476.798388,0.004718039913060814,0.00507097179409601355776261167832,0.003,0.00322441430395164,23.878,25.66418824991908664,0.0,0.0,0.0,0.0,0.0,534.32469927,143.0958777959255,0.0001213709546218722,1.07480476798388,-49.24436007844712,11.682215580678587,100000000.0,5964.0,1352.0,187152.11955817995,201151.990439420971494723739206,138.42612393,148.7810580134914691222484,0.02050542,0.0220393231855120126296,187152.11955818,201151.9904394210252349621384,0.066020977694565,0.02536949392742934,0.0897405229900236
2020-05-02,8000.0,1477.0,2707755.0,1833.2802979,108979719.13263,0.005004758288923006,0.0054541715265353109837517228578,0.003,0.0032693915739789,26.29500005,28.656217200414918066315,0.0,0.0,0.0,0.0,0.0,823.09906827,146.01213573794158,0.00012139500876680328,1.0897971913263,-49.62156675375146,13.145964175102018,100000000.0,5463.0,2431.0,121492.05831345002,132401.703918448887942572561526,49.97616549,54.463884784260361389387,0.00803518,0.008756716595801259234,121492.05831389,132401.703918928376910812307,0.06601325301651145,0.02543034067158428,0.08973703621539518
2020-05-03,15913.0,1440.0,4556187.0,3164.01875,106003372.812976,0.0033092546232741807,0.003507921515639974213482707287632,0.001,0.00106003372812976,40.9785,43.43859212816537016,0.0,0.0,0.0,0.0,0.0,380.67622762,142.09840774014785,0.0001191478113259847,1.06003372812976,-50.07894578899257,10.064599381808321,100000000.0,13150.0,4305.0,262690.4249476701,278460.710501269650558342472176,61.01984319,64.6830918665890471723344,0.001,0.00106003372812976,262690.42494767,278460.7105012695445549696592,0.06603257636059155,0.026078845394280844,0.08970900091858211
2020-05-04,3350.0,1478.0,4349574.0,2942.8782138,106897513.545837,0.002141946774087381,0.00228968784297467674910986782897,0.001,0.00106897513545837,32.4355,34.672743006159960135,0.0,0.0,0.0,0.0,0.0,335.76999185,143.35880694468088,0.00012035359548255545,1.06897513545837,-48.08085659541433,12.32922147989282,100000000.0,15569.0,4879.0,297822.92172684014,318365.2980955564644118506149718,61.0417958,65.252161933927160940846,0.001,0.00106897513545837,297822.92172695,318365.2980956739020202320715,0.06602371504768545,0.02593519280737676,0.08863633156761128
2020-05-05,2621.0,1486.0,3317057.0,2232.20524899,105018968.386573,0.0026617179741810462,0.002795308757844924195174111726726,0.001,0.00105018968386573,26.8035,28.148759191495094055,0.0,0.0,0.0,0.0,0.0,1115.91639949,141.5864612423874,0.00011687110563342808,1.05018968386573,-50.58319766659647,10.952773688294897,100000000.0,10305.0,4052.0,89612.44771160997,94110.0681326899341713116093281,22.11560901,23.2255844347099900182273,0.001,0.00105018968386573,89612.44771191,94110.0681330050225821618443,0.06603590016974621,0.026183744191376125,0.08851222999752002
2020-05-06,4394.0,1443.0,3623237.0,2510.90575191,103110014.491713,0.002427318402452896,0.00250280835652919754525864850848,0.001,0.00103110014491713,28.504,29.39047853071787352,0.0,0.0,0.0,0.0,0.0,222.21596141,139.04093931459016,0.00011126804185951026,1.03110014491713,-51.837921947212465,4.7179365856684194,100000000.0,11955.0,4255.0,450012.6785087299,464008.138024897232987817053187,105.76091152,109.0500911948397636623376,0.001,0.00103110014491713,450012.67850887,464008.1380250416901181199431,0.06596676335629094,0.025561542466000182,0.0881547234619582
2020-05-07,7156.0,1495.0,3960857.0,2649.40267559,104540533.923272,0.0039033771106940225,0.0040806112725583190380868404162,0.001,0.00104540533923272,29.127,30.44952131583143544,0.0,0.0,0.0,0.0,0.0,310.00387714,142.10384937846396,0.00010460587936609804,1.04540533923272,-52.15124607291563,5.592322251317535,100000000.0,11049.0,1871.0,322576.6107256098,337223.311164147177798786112656,172.4086642,180.236938084661108132624,0.001,0.00104540533923272,322576.61072561,337223.3111641473868798539592,0.06597108338470886,0.025650514756040722,0.085960192601855
2020-05-08,8099.0,1449.0,2363330.0,1631.00759144,105933561.654933,0.005729186376537443,0.00606913118251531407969320156319,0.003,0.00317800684964799,24.223,25.66028663967442059,0.0,0.0,0.0,0.0,0.0,334.22136146,144.50982530938106,0.00010744506002959845,1.05933561654933,-54.85380728701267,4.688574604160145,100000000.0,4791.0,1672.0,299202.89822861017,316956.2866683511913447371446861,179.33821664,189.9793602951917127868512,0.0011253,0.001192070369302961049,299853.49822877,317645.4904206474990543302241,0.06592897638090822,0.02546653401139919,0.08594843694891702
2020-05-09,5590.0,1437.0,4340665.0,3020.64370216,104203170.100651,0.002545658242727318,0.00265265658885039028986807284018,0.001,0.00104203170100651,34.6515,36.107961487427081265,0.0,0.0,0.0,0.0,0.0,326.69371264,142.3927291814211,0.00010880179864691106,1.04203170100651,-53.577592429040536,-0.46393515334525287,100000000.0,15205.0,4306.0,306097.1060427601,318962.888082907377898268468251,71.08618347,74.0740566793049535243897,0.001,0.00104203170100651,306097.10604276,318962.8880829072736950983676,0.06591775959008522,0.02490829263552951,0.08227666703957345
2020-05-10,3385.0,1462.0,3143173.0,2149.91313269,95570281.3512319,0.0032845262845261087,0.0031390310111767656780959045830753,0.001,0.000955702813512319,22.118,21.138234829265471642,0.0,0.0,0.0,0.0,0.0,587.98723729,135.56067502268758,0.00010966140706034778,0.955702813512319,-61.86540378557562,-4.747645873630062,100000000.0,8030.0,1918.0,170071.71866527005,162538.02002727416502452313674595,88.67138617,84.74349324070633210122823,0.001,0.000955702813512319,170071.71866527,162538.02002727411723938246113,0.06624163142991057,0.02851956333221189,0.08287744378883047
2020-05-11,6748.0,1450.0,2580060.0,1779.35172414,93352797.4133785,0.007107759699624622,0.00663529251302033356759010805427,0.003,0.002800583922401355,28.3955,26.5079935895158919675,0.0,0.0,0.0,0.0,0.0,284.87941845,135.67352898846377,0.000108655224635028,0.933527974133785,-61.23387934860456,-6.206437546349082,100000000.0,4780.0,768.0,351025.70955823996,327692.3195127781594178901730486,457.06472599,426.68270770145824862657215,0.0750169,0.0700303746827967359665,351025.70955824,327692.3195127781967590091384,0.06625733280874813,0.028777419535607675,0.05366895161286072
2020-05-12,2849.0,1452.0,4097070.0,2821.67355372,107540500.787506,0.002716311454530321,0.00292113494115029553811854969426,0.001,0.00107540500787506,31.99,34.4022062019231694,0.0,0.0,0.0,0.0,0.0,98.03512958,158.12307517014818,0.00012196602396453538,1.07540500787506,-54.25118374203809,6.625995959123911,100000000.0,12772.0,3569.0,1020042.5135699202,1096958.827338556029594935770212,285.80625205,307.357474736571633268873,0.001,0.00107540500787506,1020042.51356992,1096958.8273385558145139341952,0.06705408818125341,0.038888519835949105,0.05609795686551684
2020-05-13,1744.0,1462.0,2561394.0,1751.97948016,106082299.118496,0.007161399302528449,0.00759697702917811554576662092704,0.003,0.00318246897355488,32.8565,34.85493060986863824,0.0,0.0,0.0,0.0,0.0,46.97179326,154.7580582862618,0.00011378561724251095,1.06082299118496,-55.11279372287786,6.00016835140408,100000000.0,4759.0,1092.0,2128937.2419685097,2258425.573070093420041008254112,1949.57622891,2068.1552866954004891091936,0.10155058,0.1077271900321675752768,2128937.24196857,2258425.5730701573876673767072,0.06706405386071955,0.03895501199395796,0.05460363194607989
2020-05-14,2913.0,1476.0,2210334.0,1497.51626016,104683168.655391,0.00561719894520956,0.0058802618455225679858591873796,0.003,0.00314049505966173,19.1715,20.069333678768285565,0.0,0.0,0.0,0.0,0.0,418.36582206,155.15187877091768,0.00010680572428549111,1.04683168655391,-59.954394720480195,5.648935923962993,100000000.0,4347.0,1353.0,239025.26145201002,250219.2175747969398963765901782,176.66316441,184.9365983512709886583431,0.04933695,0.0516474825779259299745,239025.26145201,250219.2175747969189597428591,0.06707262703479876,0.03899466726271942,0.053759336978020905
2020-05-15,3842.0,1489.0,2381435.0,1599.35191404,102444452.63371,0.007271338250790364,0.0074490826701677716976888957044,0.003,0.0030733335790113,20.7015,21.20753836196747565,0.0,0.0,0.0,0.0,0.0,396.63835739,154.4240957234453,0.00010983790733722735,1.0244445263371,-59.29197933657755,6.723043400278908,100000000.0,5172.0,1034.0,252118.83353447999,258281.759000892516796507944629,243.82865912,249.788935199598618109352,0.03891928,0.039870643364980969288,252118.83353448,258281.759000892527040953208,0.06709515900715524,0.03873731403411948,0.04943478980833029
2020-05-16,3313.0,1434.0,2117861.0,1476.89051604,103016138.939718,0.007228526536312917,0.00744654893994249968505447737406,0.003,0.00309048416819154,20.7025,21.32691616399511895,0.0,0.0,0.0,0.0,0.0,834.58553876,157.3816546558795,0.00010964441358335968,1.03016138939718,-57.04819765764098,2.0489427299087595,100000000.0,4122.0,1191.0,119819.95296607997,123433.8892250417006993459724846,100.60449451,103.6388658440225675194818,0.03160314,0.0325563346117135951452,119819.95296608,123433.8892250417316041876544,0.06697539264330625,0.03766463260717547,0.044592000846580625
2020-05-17,2753.0,1464.0,2082081.0,1422.18647541,105061396.093605,0.007235834609494711,0.00760206885975939490898308423155,0.003,0.00315184188280815,23.625,24.82075482711418125,0.0,0.0,0.0,0.0,0.0,786.02987542,162.53436444671885,0.00010850611273218758,1.05061396093605,-56.06034475317543,4.804210410037252,100000000.0,3388.0,1865.0,127221.62748113998,133660.817964691104105841878279,68.21534986,71.667998913053023836453,0.01052611,0.0110588781203485652655,127221.62748116,133660.817964712137397339818,0.06697399769606918,0.037791699785999826,0.04463671328600897
2020-05-18,4491.0,1465.0,3966450.0,2707.47440273,106092487.782277,0.0028202466776687733,0.002992069861935816319028920708041,0.001,0.00106092487782277,32.4695,34.447700320466430515,0.0,0.0,0.0,0.0,0.0,603.52612425,167.8262395864587,0.00010907178330221171,1.06092487782277,-58.84793498476889,1.5948998443382087,100000000.0,13070.0,3847.0,165692.91035238997,175787.7306717085114289195856169,43.07068114,45.6947571261979841015578,0.001,0.00106092487782277,165692.91035252,175787.7306718464634907828804,0.06696092362289145,0.03709655967962278,0.04309390409742761
2020-05-19,10260.0,1479.0,2503263.0,1692.53752535,106143587.814754,0.010110169491525508,0.01073129663245784555015569745032,0.003,0.00318430763444262,34.0005,36.08935057495543377,0.0,0.0,0.0,0.0,0.0,625.25240363,169.6605983341209,0.00010881832636751369,1.06143587814754,-56.88600791433418,4.280093620089991,100000000.0,4025.0,1334.0,159935.41075464006,169761.1831612388851628122744524,119.89161226,127.2572587417174727528404,0.03183623,0.0337921167469570573742,159935.41075471,169761.1831613131219881299134,0.06664819449019124,0.03676714641637814,0.04307502167625257
2020-05-20,4821.0,1469.0,4896670.0,3333.33560245,105457024.836473,0.004524465778879013,0.00477136700015016230493576641149,0.003,0.00316371074509419,29.219,30.81348808696904587,0.0,0.0,0.0,0.0,0.0,52.39504141,165.5136473136853,0.00011082421321960963,1.05457024836473,-57.539963288481175,8.181485806617891,100000000.0,10158.0,500.0,1908577.5545030206,2012729.105675599442344995503438,3817.15510901,4025.4582113553737173892173,0.182,0.19193178520238086,1908577.55450302,2012729.1056755988096028464846,0.06660636012079783,0.03582981965200617,0.04304801996939214
2020-05-21,3546.0,1456.0,6239471.0,4285.35096154,101724612.531007,0.00458915870757982,0.0046683039137185404636567747874,0.003,0.00305173837593021,45.1665,45.945447118817276655,0.0,0.0,0.0,0.0,0.0,123.57129093,158.50023437153746,0.00011216985570474902,1.01724612531007,-56.947781805556495,5.110334988882631,100000000.0,11078.0,1085.0,809249.45630383,823205.8738343518690748785681,745.91747033,758.7816564942816012752231,0.09822294,0.0999169051315634870058,809320.45530383,823278.0972920027587348085681,0.06666936621449353,0.03648285840770997,0.04172011015326748
2020-05-22,3469.0,1468.0,5947679.0,4051.55245232,107290194.653766,0.0046583990363557445,0.00499800539385523784821582658787,0.003,0.00321870583961298,42.5405,45.64178525668532523,0.0,0.0,0.0,0.0,0.0,394.13972374,167.3625637579573,0.00011710582920174334,1.07290194653766,-64.5411402179779,7.532733362958857,100000000.0,10734.0,894.0,253717.13119900002,272213.6039333579874724932707532,283.79992304,304.4894898568541024616864,0.06798315,0.072939253966761720429,253717.131199,272213.60393335796601445434,0.06643866235405495,0.037330862282282815,0.0411069568984942
2020-05-23,5329.0,1462.0,6039287.0,4130.83926129,107141971.416274,0.005535146766718215,0.0059304653666460444187062323091,0.003,0.00321425914248822,50.1595,53.74187715254595703,0.0,0.0,0.0,0.0,0.0,374.99679153,167.56038511439482,0.00011666584632263108,1.07141971416274,-60.21386535049517,5.732632842355692,100000000.0,10631.0,975.0,266668.94826477,285714.3683259183743163886698,273.5066136,293.040377764930976697264,0.05147353,0.0551497547995472222722,266668.94826477,285714.3683259183743163886698,0.06641925134258299,0.037254078983365496,0.041092030443008236
2020-05-24,5662.0,1451.0,5747730.0,3961.21984838,102173054.562095,0.004751505052676909,0.00485475784999227900394513164355,0.003,0.00306519163686285,44.1985,45.158957520627558575,0.0,0.0,0.0,0.0,0.0,368.23308294,159.87527536793309,0.00011602359572426962,1.02173054562095,-62.72111139354778,1.0195112433404656,100000000.0,9415.0,1530.0,271567.1259120699,277468.427730852407840195304405,177.49485354,181.351913552334808605663,0.02799397,0.0286022942421965056715,271567.12591224,277468.427731026204206005428,0.06652011342952723,0.03832695521436253,0.04125679442557407
2020-05-25,4348.0,1463.0,5608289.0,3833.41695147,105649886.552007,0.005052463768115982,0.00533792223909579300324450875874,0.003,0.00316949659656021,43.5775,46.039579312200850425,0.0,0.0,0.0,0.0,0.0,226.91222823,164.83505959291153,0.00011858525403415221,1.05649886552007,-61.4550666928791,3.298195718601984,100000000.0,10221.0,1315.0,440699.0349468502,465598.030457136918729831383514,335.13234597,354.0669433163846032186179,0.03571335,0.0377311137589211919345,440699.03494698,465598.0304572740522825758886,0.06655590931132335,0.03875801328855076,0.04145019951951355
2020-05-26,8144.0,1481.0,5618615.0,3793.79810939,106525336.887113,0.005581831576561316,0.00594606489140319266880214720708,0.003,0.00319576010661339,49.2485,52.462130536849845805,0.0,0.0,0.0,0.0,0.0,138.31074195,167.31251374691027,0.00012057009849687859,1.06525336887113,-61.031749043330144,1.4953415763714621,100000000.0,9074.0,1044.0,723009.6418656098,770188.456723650032142195065074,692.53797114,737.7284068280624023191882,0.03828608,0.0407843757008695928704,723009.64186577,770188.4567238206857318882201,0.06655701119029589,0.03850234235504306,0.04129119376972348
2020-05-27,6881.0,1479.0,5993411.0,4052.34009466,106452857.539394,0.005016389123102911,0.00534008956683839775633698575934,0.003,0.00319358572618182,47.5955,50.66676981016227127,0.0,0.0,0.0,0.0,0.0,435.36404887,168.7264699130261,0.00011610010979327731,1.06452857539394,-61.30459608810179,0.7545722890156326,100000000.0,9690.0,1441.0,229692.82893055002,244514.5799596423797857223748788,159.39821577,169.6839555539739608704338,0.02400268,0.0255515387460366157592,229692.82893085,244514.579959961717067769049,0.066531864964433,0.03848521963781012,0.04014742308696093
2020-05-28,2972.0,1437.0,5804089.0,4039.03201113,108694846.627541,0.0048940280384149,0.005319556270263928888603247609,0.003,0.00326084539882623,44.335,48.18986025232030235,0.0,0.0,0.0,0.0,0.0,620.99494209,172.9957315081841,0.00011359936454221126,1.08694846627541,-59.505820005871115,2.8455501725661128,100000000.0,9866.0,1138.0,161031.90738216005,175033.3847504427397261039993705,141.52497165,153.8303508746383813421265,0.02584263,0.0280896070430228987283,161055.41773472,175058.9392920993715378392352,0.0664654808309247,0.038668439334993907,0.03954158206621938
2020-05-29,4127.0,1493.0,5389090.0,3609.57133289,108529975.14571,0.0046644189563903125,0.00506229273406219192002819934375,0.003,0.0032558992543713,37.0075,40.16423055204862825,0.0,0.0,0.0,0.0,0.0,1395.7386941,173.8965308667294,0.00011506066508032855,1.0852997514571,-57.42019022990497,-1.130843538151076,100000000.0,10189.0,672.0,71646.64877652998,77758.090109902125093786833858,106.61703687,115.711443616103466923277,0.05898879,0.064020519125755065909,71646.64877653,77758.090109902146799781863,0.06646602581471238,0.03803312244593782,0.03867051543748305
2020-05-30,2051.0,1474.0,5645233.0,3829.87313433,111195554.287736,0.004245428665279828,0.00472072793624833701917668589408,0.003,0.00333586662863208,38.7735,43.11440824175531796,0.0,0.0,0.0,0.0,0.0,500.38973592,179.80815462713804,0.00011473299639726129,1.11195554287736,-57.88125918140826,5.630442148008232,100000000.0,9280.0,498.0,199844.22705129994,222217.8959817346176329959953584,401.29362862,446.2206746653777900460432,0.07282612,0.0809794078002517646432,199844.2270513,222217.895981734684350328568,0.06645304122044211,0.03745696120783814,0.031832887770284174
2020-05-31,3542.0,1454.0,5399856.0,3713.79367263,109185166.41095,0.004567624828218112,0.004987168769717814660828251264,0.003,0.0032755549923285,39.8845,43.54795769717535275,0.0,0.0,0.0,0.0,0.0,390.27382042,177.76278674807472,0.00011573650234291412,1.0918516641095,-58.22395807044492,1.5860458227773437,100000000.0,8909.0,1406.0,256230.35614406006,279765.54075126182422471441657,182.2406516,198.9797587178596137502,0.02015609,0.022007460408440851855,256230.35614406,279765.54075126175871361457,0.06644407468649355,0.03745337345930805,0.031754955811768584
2020-06-01,3152.0,1450.0,5684611.0,3920.42137931,114972726.396009,0.004234039190897654,0.00486799029445055293332993062886,0.003,0.00344918179188027,40.1895,46.206963874924037055,0.0,0.0,0.0,0.0,0.0,755.49511974,188.0328735076951,0.00011272791838190513,1.14972726396009,-56.82484199636,5.499194998002709,100000000.0,9669.0,973.0,132363.52874639002,152181.9577536897191392368543018,136.03651464,156.4048897757139276607176,0.04501219,0.0517517420535517234971,132363.52874639,152181.9577536896961446915751,0.0664721153832628,0.03853723129657389,0.032391775868262536
2020-06-02,4759.0,1464.0,5618618.0,3837.85382514,111389681.028294,0.003968233869191885,0.0044202030493495700703360019419,0.003,0.00334169043084882,36.0395,40.14428409419201613,0.0,0.0,0.0,0.0,0.0,550.23634975,183.36348218274244,0.00011710010841342918,1.11389681028294,-54.19384967972377,5.081261164039734,100000000.0,9207.0,618.0,181740.08323141007,202439.6990120237079243718652058,294.07780458,327.5723284966717638278652,0.0676568,0.075362693713950814992,181740.08323141,202439.6990120236299515951454,0.06652496053856134,0.03864857333408318,0.032696994475320026
2020-06-03,3470.0,1473.0,5023679.0,3410.50848608,111641266.778194,0.00426331658291467,0.0047596206399307511369691870598,0.003,0.00334923800334582,33.936,37.88658029384791584,0.0,0.0,0.0,0.0,0.0,756.65402867,186.06857583087168,0.00011578313758883234,1.11641266778194,-51.48595647610731,4.437664708003608,100000000.0,8083.0,1349.0,132160.79768392994,147545.9887185054614975221572836,97.99243407,109.3999947425345685866958,0.01925763,0.0214994620834575212022,132191.79355411,147580.5929006234049630707734,0.06652210322676118,0.038627858448400686,0.032642402803062395
2020-06-04,4320.0,1444.0,6630582.0,4591.81578947,112946110.421516,0.0034991966580977933,0.003952206521321131313538124406428,0.003,0.00338838331264548,32.6685,36.89780008305295446,0.0,0.0,0.0,0.0,0.0,272.96047434,193.39661975676057,0.00011509422114858163,1.12946110421516,-51.079108143046255,7.548295471503137,100000000.0,12122.0,537.0,366353.4079105,413781.92463158026243802318,682.2223611,770.543621288279617614276,0.1,0.112946110421516,366353.4079105,413781.92463158026243802318,0.06652396550480225,0.03849686449626617,0.032645113136476375
2020-06-05,1262.0,1435.0,5180361.0,3610.00766551,113108228.84367,0.0033927180455565753,0.00383744329098861939426284283351,0.003,0.0033932468653101,28.7465,32.51465700454559655,0.0,0.0,0.0,0.0,0.0,467.9785565,195.13562752967837,0.00011730916844058036,1.1310822884367,-50.838861248091845,9.696647218258866,100000000.0,8667.0,694.0,213685.00460413,241695.324012246136160063571,307.90346485,348.264155640127019899995,0.04911998,0.055558739386364935266,213685.00460413,241695.324012246136160063571,0.06651238691890267,0.03829774157723629,0.0322908214840538
2020-06-06,4399.0,1467.0,5056175.0,3446.60872529,114920648.2096,0.003266298958849891,0.003753651935973710702243051536,0.003,0.003447619446288,26.3525,30.28446381943484,0.0,0.0,0.0,0.0,0.0,258.8310568,198.7860316407325,0.00011885879010057788,1.149206482096,-51.62859351927311,9.929272308812314,100000000.0,8210.0,574.0,386352.4000438201,443998.6825037049733660949296,673.08780495,773.5168684683081151752,0.0838387,0.0963479774905019152,386352.40004382,443998.68250370485844544672,0.06645495105309619,0.03832008411083356,0.03233614704290707
2020-06-07,8921.0,1499.0,5527326.0,3687.34222815,114338572.428503,0.003754329884923968,0.00429264719467872448373271059904,0.003,0.00343015717285509,32.2985,36.929643815820041455,0.0,0.0,0.0,0.0,0.0,946.17632944,200.80322176070175,0.00011729944368339383,1.14338572428503,-51.74211362307286,7.93422843739401,100000000.0,8750.0,746.0,105688.54545235001,120842.7740906665297955405633503,141.67365342,161.9876328277330175143026,0.04977188,0.0569084570628275989564,105688.54545235,120842.7740906665183616833205,0.06623716880250206,0.03829981759227391,0.03224974782700759
2020-06-08,5239.0,1452.0,5450747.0,3753.95798898,118226974.4246,0.004137997804737249,0.004892229606297216822459619254,0.003,0.003546809232738,35.814371,42.342247242501359266,0.0,0.0,0.0,0.0,0.0,105.37699014,215.40212041439767,0.00012101835522799171,1.182269744246,-47.887796544334826,13.458135976480595,100000000.0,9463.0,1757.0,948973.7737402702,1121942.9807760707201849352692,540.1102867,638.5560505214427353282,0.04218054,0.04986877623795817284,948973.7737404,1121942.9807762241787977384,0.06588300169272117,0.03852873921290104,0.03224045189937397
2020-06-09,4344.0,1444.0,4763390.0,3298.7465374,117262507.83395,0.004808201934543605,0.0056382181701663302643037438975,0.003,0.0035178752350185,36.2875,42.55163253024460625,0.0,0.0,0.0,0.0,0.0,613.09549077,226.03258971605885,0.00011990739927934784,1.1726250783395,-50.65710062253258,22.69766937589798,100000000.0,7708.0,553.0,163106.72889531997,191263.040748574168116168789815,295.9045737,346.98512391597885137115,0.07244106,0.08494620365749641987,163635.22925531,191882.773524609930996357745,0.06573529090082088,0.034628235932277165,0.0317379034740332
2020-06-10,6537.0,1452.0,6111542.0,4209.05096419,124640248.459471,0.005688273304412283,0.00708987797967323070817800082293,0.003,0.00373920745378413,53.759871,67.00643678589109688241,0.0,0.0,0.0,0.0,0.0,134.98138959,240.96865374079533,0.00012604636913302752,1.24640248459471,-47.634304705569896,33.51527957705171,100000000.0,10271.0,691.0,740842.86955309,923388.3933052460088274781539,1072.13150442,1336.3073709213523062736182,1.0,1.24640248459471,740842.86955309,923388.3933052460088274781539,0.06587460172906763,0.035504265269205464,0.032586342801660735
2020-06-11,4486.0,1442.0,6062181.0,4204.00901526,113594737.571541,0.00513226364929396,0.0058299814238950672026963919236,0.003,0.00340784212714623,50.5168711,57.384507155398637253651,0.0,0.0,0.0,0.0,0.0,112.21760497,219.22654121770992,0.00012244175204849253,1.13594737571541,-53.56685650262486,5.629727162976314,100000000.0,9978.0,843.0,891125.7732111102,1012271.983511526241938685348182,1057.08869895,1200.7971334706695823658195,0.09188889,0.1043809434529019807949,891125.77321111,1012271.9835115260147492102051,0.06586347733209869,0.030980910387241562,0.03485887978089252
2020-06-12,3462.0,1471.0,5945005.0,4041.4717879,120599472.077137,0.546272266442667,0.65880146943366762288412004379,0.003,0.00361798416231411,5041.546747,6080.07876140407375423339,0.0,0.0,0.0,0.0,0.0,934.18577011,233.93562962495486,0.0001275353341334829,1.20599472077137,-51.388136668652926,13.684821199458566,100000000.0,10032.0,662.0,107045.09017297998,129095.8136331091137524371671726,161.69953198,195.0087819190813135834126,0.06038388,0.0728226404996919135156,107045.09017299,129095.8136331211978195392963,0.06593524232497508,0.03257907808959473,0.035622652967890224
2020-06-13,6760.0,1454.0,5569090.0,3830.18569464,124632317.584294,0.005062457129757045,0.0063094576475275349159752785123,0.003,0.00373896952752882,44.164876,55.04370851702964057544,0.0,0.0,0.0,0.0,0.0,523.3022322,243.6530073323638,0.00013172806312150345,1.24632317584294,-47.823800515436886,19.056691906770688,100000000.0,8823.0,1167.0,191094.15906726004,238165.0792137434820475831781176,163.74820828,204.0831869821208036875432,0.02622281,0.0326820958387260054614,191094.15906737,238165.0792138805277439988678,0.06572559005754658,0.0328110225744049,0.03578542171246556
2020-06-14,5902.0,1447.0,6724638.0,4647.29647547,117518386.517809,0.0051346742174161,0.006034186293253336842606133249,0.003,0.00352555159553427,45.108113,53.01032658623004884417,0.0,0.0,0.0,0.0,0.0,663.20300079,231.95692958127717,0.0001257828797492978,1.17518386517809,-51.613050001823844,14.714250988285151,100000000.0,13086.0,707.0,150783.39495066996,177198.2128828028227389602131764,213.27212864,250.6339644699140269894976,0.06107398,0.0717731558782093650982,150783.39495067,177198.2128828028697463148203,0.06528976122230329,0.03453800697189561,0.03640568199433194
2020-06-15,8010.0,1462.0,5852858.0,4003.32284542,116836497.897213,0.003023511735563659,0.00353256522534382272862800182367,0.003,0.00350509493691639,37.2285,43.496475619663941705,0.0,0.0,0.0,0.0,0.0,419.28612623,237.02397244357354,0.0001237493440130937,1.16836497897213,-52.13594991515965,13.41572213804506,100000000.0,12505.0,4945.0,238500.61746138992,278655.7689051168549829627429296,48.23066076,56.3510149446693355246188,0.00193854,0.0022649222463366328902,238500.61746148,278655.7689052221013002685524,0.06528284861910479,0.03458926660040062,0.035895823343047646
2020-06-16,5476.0,1474.0,5783253.0,3923.50949796,125733043.23088,80.47693385195166,101.186098030961081884399792608,0.003,0.0037719912969264,750045.02350005,943054.43364838192177841544,0.0,0.0,0.0,0.0,0.0,183.9756288,254.67765427165634,0.0001320712488009645,1.2573304323088,-48.52920671602809,19.675778074429424,100000000.0,9478.0,1171.0,543550.2552949999,683422.27747162083054205276912,464.17613603,583.622781782028255766064,0.04134512,0.051984477603459213056,543550.25529531,683422.277472010728709111728,0.06546922633999692,0.03674137001391026,0.037020273538094305
2020-06-17,5908.0,1430.0,5376939.0,3760.0972028,125785535.637523,0.004448296059257573,0.00559531302487996571192620711679,0.003,0.00377356606912569,37.98400005,47.7783779194495041387615,0.0,0.0,0.0,0.0,0.0,85.39616172,249.37354812304113,0.00013312479109485616,1.25785535637523,-47.09468954304382,18.56215106922562,100000000.0,8667.0,755.0,1171012.8181585108,1472964.745704736006521462807484,1551.67260683,1951.7796998418317937408209,0.08196658,0.1031021016967587998134,1171512.81815851,1473593.6733829226152371777073,0.06541387503412609,0.03674785812166005,0.03670029410929124
2020-06-18,3201.0,1457.0,4781421.0,3281.68908717,123485683.165026,0.005263668916127341,0.00649987752062496644911733575866,0.003,0.00370457049495078,38.2195,47.19561067725711207,0.0,0.0,0.0,0.0,0.0,720.02716489,249.07755956049064,0.00013150777912047804,1.23485683165026,-49.23441166613839,16.338335369384836,100000000.0,7997.0,865.0,138883.64894482997,171501.4227040397121508902062922,160.55913173,198.2675407006245286287498,0.02705082,0.0334038898787414862132,138883.64894495,171501.422704187932016393187,0.06535028635542449,0.03700186992883049,0.03661699036150265
2020-06-19,2609.0,1454.0,4397897.0,3024.68844567,121374894.708412,111.84276013339148,135.7490323508857013711924512976,0.003,0.00364124684125236,750464.920495,910876.0070743740778770394,0.0,0.0,0.0,0.0,0.0,888.81442865,249.31865299899087,0.00013070752178095658,1.21374894708412,-48.83424769204431,15.094176890180691,100000000.0,7390.0,915.0,112509.42466301999,136558.1957217806355051037715588,122.96111985,149.243929750221787351782,0.03115515,0.037814530508747821218,112509.42466314,136558.1957219262975162433368,0.06529556685520323,0.037169129280713135,0.0362098937708894
2020-06-20,3349.0,1463.0,4261485.0,2912.84005468,120289773.138728,0.004815881841548309,0.00579301334182765714258170810952,0.003,0.00360869319416184,31.8522425,38.3149902428475039754,0.0,0.0,0.0,0.0,0.0,220.8235076,245.67092917231824,0.0001285519006652131,1.20289773138728,-48.6705166461279,18.25041172023348,100000000.0,6724.0,859.0,452850.33774947,544732.6439368009882561847416,527.18316385,634.147431820733720045828,0.03161217,0.0380262075772290311976,452850.33774953,544732.6439368731621200679784,0.06530021693150832,0.03646870043683932,0.03621949183186971
2020-06-21,7920.0,1483.0,4247882.0,2864.38435604,119974987.453742,0.004039411213991862,0.00484628309719178384614889447604,0.003,0.00359924962361226,25.52100005,30.618816608056989546871,0.0,0.0,0.0,0.0,0.0,1619.84811738,246.36549095332825,0.00012921698175697802,1.19974987453742,-50.011011635041605,11.82288170965748,100000000.0,6466.0,1007.0,61734.18293167,74065.5782269412177007180914,61.3050476,73.550723166610561081192,0.015822,0.01898244251493105924,61734.18293178,74065.5782270731901869172076,0.06528641928069494,0.03535966708259188,0.03605518090556182
2020-06-22,7740.0,1470.0,5086500.0,3460.20408163,122699654.212201,0.00470388201184931,0.0057716469630890270393517543131,0.003,0.00368098962636603,37.315896,45.78647535818454447096,0.0,0.0,0.0,0.0,0.0,863.09554904,254.06896565568388,0.00012669537046529214,1.22699654212201,-47.755048488036586,14.520623981690065,100000000.0,8021.0,4595.0,115862.02722471,142162.3067679653528945068671,25.21480462,30.9384780790220823516862,0.00281403,0.0034528050794275998003,115862.02722471,142162.3067679653528945068671,0.06530217229461652,0.035508480094107675,0.0361069696667596
2020-06-23,2453.0,1461.0,5377235.0,3680.51676934,123938143.597979,0.0044820527899687304,0.005554973022968669191363586358616,0.003,0.00371814430793937,35.744371,44.30090985817436226209,0.0,0.0,0.0,0.0,0.0,885.68694168,257.0587525249566,0.00012894473232028008,1.23938143597979,-47.34211654367511,21.30218101941584,100000000.0,9417.0,399.0,112906.71149561001,139934.4822251849972504480816979,282.97421427,350.7129880272053828496033,0.11601224,0.1437834166024320326296,112906.71149561,139934.4822251849848566337219,0.06522856187366527,0.03412969437087194,0.03611139270708659
2020-06-24,1420.0,1435.0,5233833.0,3647.27038328,118857213.012957,0.004079361120881792,0.00484861493701422181608961378944,0.003,0.00356571639038871,34.792871,41.35383679779334229547,0.0,0.0,0.0,0.0,0.0,473.49842916,251.61429436635592,0.00012790050047765307,1.18857213012957,-48.21500746683972,12.501032317198549,100000000.0,8635.0,507.0,211193.94245346,251019.2340523707771934948122,416.55609951,495.1069705130658301135107,0.07070983,0.0840437332641997726731,211193.94245346,251019.2340523707771934948122,0.06530328334206272,0.0348362366994842,0.036563863671145
2020-06-25,1367.0,1448.0,5169013.0,3569.76035912,118445890.834301,0.0043320820456174925,0.005131173170604448814715446102425,0.003,0.00355337672502903,36.27685505,42.9684441306406094507005,0.0,0.0,0.0,0.0,0.0,412.07195273,255.16628498092214,0.00012808947270668083,1.18445890834301,-44.650049175633825,11.19034616132726,100000000.0,8514.0,740.0,242676.06503503997,287439.8270723807416702218201097,327.94062843,388.4321987515184693977743,0.0516495,0.061176710386462294995,242676.06503504,287439.8270723807772039890704,0.06437599567601006,0.034851757641486104,0.03644217689974314
2020-06-26,6391.0,1450.0,4866028.0,3355.88137931,115559029.117652,0.0035830736187446774,0.004140565086392068966547933854648,0.003,0.00346677087352956,24.773371,28.62786700731395644892,0.0,0.0,0.0,0.0,0.0,305.15816496,249.02720643277567,0.00012616388908729152,1.15559029117652,-36.878029317300246,8.554182375882355,100000000.0,8623.0,1083.0,327698.9164343001,378685.686260542947669311753652,302.58441037,349.6636068849439177885124,0.02712116,0.0313409491814449871632,327698.91643445,378685.686260716170653959114,0.06434090607521563,0.03522517291720496,0.036598712813681454
2020-06-27,3765.0,1478.0,5332300.0,3607.78078484,110915537.48185,0.0037086442786070767,0.00411346273490691769827507807895,0.003,0.0033274661244555,29.8175,33.07224038865062375,0.0,0.0,0.0,0.0,0.0,706.42476499,238.91012646581993,0.0001232098388304914,1.1091553748185,-44.58291006237443,2.0430507270675933,100000000.0,9245.0,719.0,141557.89116617,157009.695834929716417090145,196.88162888,218.37231687527321435828,0.05569934,0.06177922233484306979,141557.89116617,157009.695834929716417090145,0.06438099979258477,0.03593199153980147,0.037007867470080884
2020-06-28,1474.0,1451.0,4245703.0,2926.05306685,113557782.01496,0.0034844332947643595,0.0039568451653251999956030381812,0.003,0.0034067334604488,24.0913718,27.35762747305754522128,0.0,0.0,0.0,0.0,0.0,904.3937332,246.18281095323306,0.0001246782643782847,1.1355778201496,-42.10548559318755,4.632643527744103,100000000.0,7025.0,729.0,110571.31018175,125562.3273872769367881898,151.67532261,172.239132219951138462456,0.06212039,0.070542537063043010344,110571.31018175,125562.3273872769367881898,0.06437597004764732,0.036169794874471944,0.03680961188510338
2020-06-29,2776.0,1466.0,5362766.0,3658.0941337,114271229.626052,0.003791704027226467,0.00433282681569221735071127118284,0.003,0.00342813688878156,33.423871,38.19386838032540287292,0.0,0.0,0.0,0.0,0.0,179.49945387,257.7133352385116,0.00012442089707387046,1.14271229626052,-37.240216836649836,2.766005671735054,100000000.0,9010.0,1541.0,557104.7590689199,636610.458493309213001725412348,361.52158278,413.1151580062714656258456,0.03012649,0.0344259105661695931748,557104.75906904,636610.4584934464527485063008,0.06432552865083421,0.03592779922155571,0.03639092993801437
2020-06-30,1645.0,1475.0,8192682.0,5554.36067797,112261307.050696,0.00733817839742171,0.0082379349826574288681066101016,0.003,0.00336783921152088,97.898638,109.90229060362935352048,0.0,0.0,0.0,0.0,0.0,1193.17942236,256.37713223083546,0.00012277089349174537,1.12261307050696,-40.10190498249821,2.817361314602066,100000000.0,13484.0,726.0,83809.6920933,94085.855779102400934619368,115.44034724,129.5948426754860652367904,0.08205242,0.0921131191587266948432,83809.6920933,94085.855779102400934619368,0.06394845001496118,0.035918728931280924,0.036382342785995135
2020-07-01,2156.0,1471.0,4901118.0,3331.82732835,115491007.333634,0.0035460765684006425,0.00409539954966786291593777459845,0.003,0.00346473022000902,29.10974255,33.619134903222476959267,0.0,0.0,0.0,0.0,0.0,579.36689831,267.7445036049944,0.00012497214925289446,1.15491007333634,-36.43311537387572,0.45078598539957304,100000000.0,8380.0,711.0,172602.19783374,199340.0169581781284824201116,242.75977192,280.3657059912403718475728,0.05,0.057745503666817,172602.19783374,199340.0169581781284824201116,0.06398100141969942,0.03502528370124465,0.0365190562408998
2020-07-02,2374.0,1454.0,5203285.0,3578.60041265,112893342.923718,0.0032711705839593946,0.003692933824969067981645572611228,0.003,0.00338680028771154,27.000242,30.48147579129373539756,0.0,0.0,0.0,0.0,0.0,392.99705702,261.7090859052485,0.00012413518290306793,1.12893342923718,-42.04835371003042,1.349911303760756,100000000.0,9087.0,1098.0,254454.83169041006,287262.5657262240924322271980308,231.74392686,261.6234660549500275126548,0.03560058,0.0401906848622325655644,254454.83169041,287262.5657262240246962214438,0.06400279142596242,0.034783160248839276,0.036458850645954666
2020-07-03,1959.0,1460.0,6938841.0,4752.63082192,112278335.084147,0.003677244536482291,0.00412874894253507486476860340777,0.003,0.00336835005252441,41.729371,46.85304299988686381537,0.0,0.0,0.0,0.0,0.0,980.05963386,262.6148764235637,0.0001238360707795241,1.12278335084147,-38.48610148901323,0.5706387291526479,100000000.0,11487.0,709.0,102034.60743118003,114562.7584333742696516155598441,143.91340963,161.5835802953924773013561,0.0599528,0.067314005676328482616,102034.60743118,114562.7584333742359681150346,0.06381516294466279,0.0347978610098814,0.03645540594059249
2020-07-04,4833.0,1435.0,6936987.0,4834.13728223,112964151.265291,0.0035476436786734513,0.004007565571530211715033048688283,0.003,0.00338892453795873,39.7903715,44.948855450281239456065,0.0,0.0,0.0,0.0,0.0,1258.74515534,266.1605091220619,0.00012377978700299922,1.12964151265291,-36.717998182731584,0.01597296596373497,100000000.0,11401.0,1299.0,79444.19851441997,89743.4645813274403658445826127,61.15796652,69.0865778104288261605732,0.03037097,0.0343083084915361500227,79444.19851467,89743.4645816098846332531897,0.06381437343371099,0.03474983446508383,0.0363796129403746
2020-07-05,14033.0,1444.0,5249554.0,3635.42520776,111501728.021829,0.004415558267236163,0.00492342376977905180005162202127,0.003,0.00334505184065487,36.1855,40.347457793338932795,0.0,0.0,0.0,0.0,0.0,743.78876918,263.83438982984313,0.0001228044802341707,1.11501728021829,-42.347395684119384,-1.4203217911416366,100000000.0,8380.0,2434.0,134446.77325544003,149910.4754494058735876484041487,55.23696518,61.5901706825159875291422,0.01592939,0.0177615451133364265431,134446.77325578,149910.4754497849460124042162,0.0638210484663361,0.03482958189585867,0.03633763092772127
2020-07-06,29981.0,1459.0,15801929.0,10830.65729952,115841494.264858,0.0018916750618319727,0.002191344658261833680619064253766,0.001,0.00115841494264858,85.6626135,99.23285150472997486383,0.0,0.0,0.0,0.0,0.0,1096.74661153,276.2277677051609,0.0001240413388709848,1.15841494264858,-43.290244360985696,0.8012886018346284,100000000.0,45519.0,740.0,91178.76358039,105622.8421837459166703493462,123.21454538,142.7335705198435578025604,0.06459286,0.0748253342124077571388,91178.76358039,105622.8421837459166703493462,0.0637945621600048,0.035423451595597,0.036615150255979445
2020-07-07,44421.0,1488.0,15692852.0,10546.27150538,116763908.495987,0.0014764715705621767,0.001723985913620482133469659349029,0.001,0.00116763908495987,80.810242,94.35719702426565498854,0.0,0.0,0.0,0.0,0.0,454.44143979,280.7180948114699,0.00012620179989391152,1.16763908495987,-38.46244737048259,2.1211879910435045,100000000.0,54941.0,685.0,220050.35466309998,256939.3947639169231780880978026,321.24139367,375.0940069560721748220229,0.08064347,0.0941624675187887275489,220050.35466317,256939.3947639986812668169879,0.0637392160674899,0.03543540149421299,0.03659324047945047
2020-07-08,14732.0,1474.0,10520990.0,7137.71370421,121042778.921251,0.0026382547773138166,0.003193416897483305909016456565666,0.001,0.00121042778921251,68.892747,83.38969544398678066497,0.0,0.0,0.0,0.0,0.0,119.15512289,287.240859228225,0.0001282971085479267,1.21042778921251,-34.015339694243394,2.381693780421316,100000000.0,26302.0,1308.0,839242.1372811202,1015842.004843168141722848653702,641.62242911,776.6376183767777202001661,0.04302424,0.0520777357057484412424,839242.13728125,1015842.0048433252552498884375,0.06378959611462638,0.03551953028294019,0.0367798765231156
2020-07-09,1762.0,1466.0,6392724.0,4360.65757162,117113590.960247,0.004199041460964479,0.00491764824084511963936368066313,0.003,0.00351340772880741,43.88838135,51.3992594133123302619345,0.0,0.0,0.0,0.0,0.0,363.77234818,287.6826050611359,0.00012686298129118592,1.17113590960247,-31.670833269868957,-0.12699444729075046,100000000.0,10669.0,1176.0,274897.2001322597,321941.982524066200147249801459,233.75612256,273.7601892194520581987232,0.03334332,0.0390495593973662300004,274897.20013244,321941.9825242773559517511268,0.06377857493803592,0.036020957471879445,0.035201154894075104
2020-07-10,2566.0,1451.0,5531899.0,3812.47346657,115853646.99743,0.0039025538617887276,0.00452125097492128472524760170068,0.003,0.0034756094099229,34.561017,40.0401986339017718631,0.0,0.0,0.0,0.0,0.0,405.40104952,293.07519192831194,0.00012477209406745626,1.1585364699743,-22.01785513040294,-7.049569918739468,100000000.0,9297.0,704.0,246669.31701117003,285775.399781092475678807030229,350.38255257,405.930965595032396298951,0.08836139,0.102369892852622412277,246669.31701118,285775.399781104026287412674,0.06377397073687445,0.03416172111849418,0.03507511968613644
2020-07-11,3515.0,1454.0,5822969.0,4004.79298487,120224113.7943,0.0032677976749147966,0.0039286807952570546499523873938,0.003,0.003606723413829,30.638871,36.835311136328782353,0.0,0.0,0.0,0.0,0.0,372.07566857,306.3214812310221,0.000130152525798001,1.202241137943,-26.252382647469837,5.8359888534307185,100000000.0,9553.0,1254.0,268762.53527522995,323117.37624573813378899499285,214.32419081,257.66935904812706290383,0.03033072,0.03646483932743050896,268762.53527535,323117.37624588246283760505,0.06381094222917652,0.030328650424026216,0.030395621598676894
2020-07-12,2969.0,1472.0,6257661.0,4251.12839674,120974124.70558,0.003588607971502956,0.0043412870826403707804359969448,0.003,0.0036292237411674,37.274871,45.0929489273840748018,0.0,0.0,0.0,0.0,0.0,383.68797783,313.04258822538014,0.00013023237025406925,1.2097412470558,-21.4950762775908,0.31065859741357205,100000000.0,10506.0,2043.0,260628.44232094998,315292.976831556670111334068884,127.5714353,154.32842722852030518974,0.0115016,0.01391395992713698928,260628.44232098,315292.976831592986543570684,0.06381111071342953,0.028308660131542016,0.03033194758469406
2020-07-13,3693.0,1452.0,7126697.0,4908.19352617,117987809.61592,0.0031330417800454827,0.00369660737062729517286018004584,0.003,0.0035396342884776,35.92345705,42.38530011161079116236,0.0,0.0,0.0,0.0,0.0,317.56498994,303.9028462225537,0.00012773912715496216,1.1798780961592,-20.748778429512114,-5.331288141921984,100000000.0,12228.0,1832.0,314896.17296965007,371539.097051248861114635011144,171.8865573,202.80518398248324072216,0.03268362,0.038562687341190752304,314896.17296965,371539.09705124877852316828,0.06380127881388918,0.027967414292318925,0.030470633949985733
2020-07-14,3166.0,1460.0,7967562.0,5457.23424658,131328691.428451,0.0033481379067287443,0.004397065700126791152685485240793,0.003,0.00393986074285353,43.93761375,57.7026931827621579880125,0.0,0.0,0.0,0.0,0.0,32.79578782,306.5822844574093,0.0001418181735487571,1.31328691428451,-12.708825250113492,11.751612083739058,100000000.0,13296.0,1021.0,3049172.06307088,4004437.7698328893021286160688,2986.46823712,3922.0896557360251258230112,0.18389483,0.2415066738435745380833,3049184.07010154,4004453.5385091344930321491454,0.06426451385203581,0.03237309133800443,0.03319108741127634
2020-07-15,3439.0,1482.0,6866518.0,4633.2780027,131938626.346198,0.0030823566189625454,0.004066818982150294823102156923892,0.003,0.00395815879038594,34.460747,45.46703622043863689906,0.0,0.0,0.0,0.0,0.0,117.82875064,301.47260385254816,0.00014346261123068146,1.31938626346198,-10.311920535190904,12.925865393766859,100000000.0,11794.0,922.0,848689.3008782997,1119749.005525979942196777995406,920.54298245,1214.551765970852531382251,0.7316408,0.965316821308333816784,848740.62982097,1119816.7282278571634998017206,0.06424843194536954,0.03232327606501906,0.03319062735493862
2020-07-16,1538.0,1414.0,5877520.0,4156.66195191,135628123.019145,0.0033542711864407936,0.00454933505114165408462821793472,0.003,0.00406884369057435,33.841242,45.8982413309665657809,0.0,0.0,0.0,0.0,0.0,35.08000873,283.3001622003541,0.0001485099940785432,1.35628123019145,-3.2010330461345355,7.869911945179718,100000000.0,10505.0,1002.0,2850626.42852128,3866251.119291101149314799056,2844.93655541,3858.5340511881010578332445,27.69800326,37.566281935319592524127,2850626.42852128,3866251.119291101149314799056,0.06425389443539828,0.02992838059927357,0.03326912178081343
2020-07-17,1274.0,1490.0,4888396.0,3280.80268456,146727150.532201,0.004698214606396191,0.00689355641785279388024309246391,0.003,0.00440181451596603,38.19648475,56.0446136771416988043475,0.0,0.0,0.0,0.0,0.0,186.48650524,301.84495283163307,0.00016024425483570615,1.46727150532201,-2.391273798756138,16.64866694611501,100000000.0,8271.0,823.0,536231.83014643,786797.6846205287281026019243,651.55750929,956.0117674597978150164729,0.17587974,0.2580633308654437350774,536231.83014643,786797.6846205287281026019243,0.06450020264922314,0.03299071882566577,0.034623739732200176
2020-07-18,1399.0,1446.0,4071221.0,2815.5055325,147028183.421775,0.004730623754905036,0.006955350171355836148546595589,0.003,0.00441084550265325,31.345113,46.08615023540264035575,0.0,0.0,0.0,0.0,0.0,430.74909645,301.9095228862046,0.0001602328908997256,1.47028183421775,0.37556385074010584,19.064963365256567,100000000.0,6745.0,854.0,232153.70809598998,341331.379759824265777925138145,271.84274953,399.6854563977647967301575,0.02753192,0.04047968183713635558,232153.7080961,341331.379759986026185325775,0.06445922988522032,0.03269631398802016,0.03462055266608186
2020-07-19,1839.0,1483.0,3935782.0,2653.93256912,145919125.322134,0.002952045241809817,0.00430759859596256054975288589478,0.003,0.00437757375966402,20.814871,30.37287770013052654714,0.0,0.0,0.0,0.0,0.0,238.2614947,298.4292862751899,0.00015828356793888494,1.45919125322134,-3.2966649575670957,20.22183473170991,100000000.0,7348.0,1094.0,419706.92798944,612432.6782385896558095026496,383.64435831,559.8104919936657046983354,0.047,0.06858198890140298,419706.92798944,612432.6782385896558095026496,0.06446362250224943,0.03250829598395188,0.03462715110742321
2020-07-20,4016.0,1427.0,4805203.0,3367.3461808,159569565.579509,0.0040422094937493614,0.006450136128989525991389896755526,0.003,0.00478708696738527,32.6570105,52.110649786104639978445,0.0,0.0,0.0,0.0,0.0,75.08716342,312.7799291228788,0.00017406594136391894,1.59569565579509,8.914968687368173,32.65430752411541,100000000.0,8208.0,3849.0,1331785.56020133,2125124.4328638925872816254697,346.00819958,552.1237809392864843040622,0.03307806,0.0527825166441293347254,1331785.56020142,2125124.4328640361998906470278,0.06478103784238054,0.03573487771627407,0.03584847463095545
2020-07-21,3373.0,1482.0,5358501.0,3615.72267206,166044223.014914,0.0023108601669650855,0.00383704980919832058506183785147,0.001,0.00166044223014914,31.0025,51.47786024019871285,0.0,0.0,0.0,0.0,0.0,145.21554899,318.3256666877607,0.00017685776011192985,1.66044223014914,16.356660725991322,38.39903344764643,100000000.0,13539.0,2002.0,688631.4908607403,1143432.808435734743729839808342,343.97177366,571.1452589643656121236524,0.0168318,0.027948231529424294652,688631.49086085,1143432.808435916894242487169,0.06482614247186393,0.03607894934173988,0.03559795507176457
2020-07-22,3150.0,1452.0,4058041.0,2794.79407713,167381743.107561,0.11330128848979215,0.1896456716375404766596798344615,0.003,0.00502145229322683,771.24187075,1290.9180868367126410974075,0.0,0.0,0.0,0.0,0.0,228.79310631,318.09745337947896,0.0001756134952120266,1.67381743107561,22.269259570812874,36.41582299660378,100000000.0,7084.0,989.0,437076.10606829997,731585.6050437726907026012307317,441.93741766,739.7225531238501196092726,0.03985567,0.0667111151731972572087,437076.1060683,731585.605043772740917124163,0.06479865738442689,0.036014777177385986,0.03557987317440144
2020-07-23,3791.0,1424.0,4213315.0,2958.7886236,158889072.668857,0.003570942029962672,0.00567383667695014722055126905904,0.003,0.00476667218006571,23.83603805,37.8728598186409050200885,0.0,0.0,0.0,0.0,0.0,214.97710029,298.913399771428,0.00016535156208154133,1.58889072668857,15.672272979780894,28.20030061467528,100000000.0,7407.0,1006.0,465165.82402165,739097.6641604469396644875405,462.39147517,734.6895269974611714778069,0.06542492,0.1039530486823415571644,465165.82402166,739097.6641604628285717544262,0.06492922937296236,0.03777550420087151,0.0357045082940699
2020-07-24,1851.0,1505.0,4562302.0,3031.42990033,156171794.224574,0.004039880889871618,0.00630915447024819223704720740732,0.003,0.00468515382673722,29.236618,45.65935090118476250732,0.0,0.0,0.0,0.0,0.0,242.22994437,292.1433071262633,0.00016356320349864836,1.56171794224574,10.622055135398265,31.394460854091548,100000000.0,7695.0,538.0,412830.87546545995,644725.385327425464534305028113,767.34363469,1198.3743221634336327687206,0.19871432,0.3103357189251614969968,412830.87546546,644725.3853274255426202021404,0.06493332593463957,0.03690632014244028,0.03567632776906256
2020-07-25,1019.0,1446.0,4221450.0,2919.39834025,152497989.003366,0.0033139221795630133,0.005053664680970110890866628027678,0.003,0.00457493967010098,22.441881,34.22341721952848371446,0.0,0.0,0.0,0.0,0.0,865.07715518,285.5709557833888,0.00015717467767851432,1.52497989003366,6.796563459305747,28.749075150865245,100000000.0,6879.0,761.0,115596.62557418001,176282.5293563752009068257991366,151.90095345,231.645899288189106593127,0.04848228,0.0739345020229811135448,115596.62557423,176282.5293564514346515285818,0.06496398708194698,0.03732952460668531,0.03588926313519205
2020-07-26,2108.0,1443.0,4705993.0,3261.25641026,152878385.941685,0.005384174599184844,0.0082312392235159772463031982214,0.003,0.00458635157825055,39.62752505,60.5819206850769017670925,0.0,0.0,0.0,0.0,0.0,603.39827427,297.1895464265056,0.0001538955345583304,1.52878385941685,13.440449013703773,32.29462648568787,100000000.0,8119.0,973.0,165728.01790210998,253362.318821892503729307365163,170.32684265,260.3929278687535307086525,0.04655427,0.0711714165629340774495,165728.01790215,253362.3188219536856593612275,0.0649505343472899,0.0368250393583498,0.03588162170078457
2020-07-27,1965.0,1479.0,5858600.0,3961.18999324,147826017.342345,0.0032844352285453884,0.00485524979054759449206373791798,0.003,0.00443478052027035,32.26300725,47.6931186925470246700125,0.0,0.0,0.0,0.0,0.0,323.23928077,286.5556430358247,0.0001338214872362629,1.47826017342345,9.473927040084302,33.27800657913682,100000000.0,10035.0,1200.0,309368.34088424,457326.897247261619320951428,257.80695074,381.105747710683231310853,0.03468276,0.051270142812403894722,309368.34088433,457326.8972473946627365595385,0.06499375956379574,0.036499319328004,0.036187943765714985
2020-07-28,1429.0,1459.0,4038108.0,2767.72309801,149963995.26508,0.003883841324543153,0.0058243636200411143208613399724,0.003,0.0044989198579524,25.920757,38.8718028001528926556,0.0,0.0,0.0,0.0,0.0,616.57988908,291.79171283242806,0.00013702082984037674,1.4996399526508,8.991773914542724,32.05963748510328,100000000.0,6897.0,483.0,162184.98490086003,243219.083077396448321398267524,336.2612269,504.27077038661591526652,0.29089449,0.436236999209978614092,162414.172592,243562.7820956857391068736,0.06499644747477522,0.03641655415081093,0.036196594468309695
2020-07-29,5693.0,1467.0,3907487.0,2663.59032038,150026275.162607,0.003533500566434822,0.00530117928267178301554317100954,0.003,0.00450078825487821,21.8335,32.755986787627799345,0.0,0.0,0.0,0.0,0.0,636.20358611,295.244067312723,0.00013496704039382663,1.50026275162607,9.620932765564785,31.289630516414274,100000000.0,6384.0,670.0,157182.38969971,235814.8844780481672215074397,234.60058164,351.9625141443028777873548,0.07371317,0.1105891232552802743419,157182.38969981,235814.8844781981934966700467,0.06498882373643565,0.036448838068519326,0.03611667301930178
2020-07-30,3027.0,1481.0,4141303.0,2796.2883187,153725766.517359,0.004554755347593735,0.00700183257107886841551757145865,0.003,0.00461177299552077,30.662613,47.13633686850136799067,0.0,0.0,0.0,0.0,0.0,440.52840812,301.54988855697604,0.00013805152445696566,1.53725766517359,11.427385965182317,36.93566426047232,100000000.0,6911.0,1069.0,227000.11658010996,348957.6692080725727899846879564,212.34809783,326.4337410741988732523097,0.03611445,0.0555172150860283573755,227000.11658011,348957.6692080726342802912949,0.06497267504905614,0.036190227138488025,0.03607086316923431
2020-07-31,3112.0,1443.0,4822204.0,3341.79071379,152149519.58754,0.005661466339911726,0.0086138938377859754671152949404,0.003,0.0045644855876262,43.60461375,66.34421033862741012675,0.0,0.0,0.0,0.0,0.0,853.50630477,298.15986713390794,0.0001341919839762403,1.5214951958754,11.341838056619093,31.741442992185316,100000000.0,8440.0,1255.0,117163.75080180999,178264.083975696444539902515246,93.35757036,142.043094801339637293144,0.0244849,0.03725365772148958146,117163.75080181,178264.083975696459754854474,0.06486991442246558,0.03621987954455194,0.03561718254040246
2020-08-01,2621.0,1457.0,4426231.0,3037.90734386,157015371.20597,0.004043899383534461,0.0063495436282525664122662393217,0.003,0.0047104611361791,30.50313305,47.894607587908418643085,0.0,0.0,0.0,0.0,0.0,151.42572668,302.6963655122603,0.0001330911448819867,1.5701537120597,16.02448387458008,39.08293185371014,100000000.0,7953.0,643.0,660389.76460229,1036913.440296517116147236713,1027.044735,1612.6181031116208906795,0.09316337,0.146280811233491293189,660389.76460236,1036913.440296627026907080892,0.06488980635133425,0.035922964468507866,0.03545800749621706
2020-08-02,1951.0,1444.0,4690860.0,3248.51800554,160024601.693085,0.003985399840039469,0.00637762021990000699110624371865,0.003,0.00480073805079255,32.3893445,51.830919527126133327825,0.0,0.0,0.0,0.0,0.0,38.04753905,284.7831820681004,0.00014424400877670072,1.60024601693085,17.00504949311013,42.52491504541331,100000000.0,8451.0,1105.0,2628290.88312228,4205912.017052094779390854338,2378.54378563,3806.2552190500330329336855,0.14404812,0.230512430276377112502,2628290.8831224,4205912.01705228680891288604,0.06488391549779521,0.03581383328912518,0.035496037988306556
2020-08-03,1728.0,1467.0,3933422.0,2681.26925699,169106075.547851,0.004149728544330606,0.00701744308720645215771516827706,0.003,0.00507318226643553,29.53361805,49.9431424516467593231055,0.0,0.0,0.0,0.0,0.0,13.31417155,240.8931514155162,0.0001505025236130407,1.69106075547851,23.719146149501544,49.698885578942054,100000000.0,7220.0,1109.0,7510794.015375549,12701209.00188444754477684895199,6772.58252063,11452.8485138771193375966613,3.0,5.07318226643553,7510794.01537555,12701209.0018844492358376044305,0.06497176598802565,0.0366557121653254,0.03605442409298785
2020-08-04,1745.0,1499.0,3773389.0,2517.27084723,164187757.543771,0.00588552001217483,0.0096633033277797313209662948393,0.003,0.00492563272631313,38.673752,63.49756616683928798792,0.0,0.0,0.0,0.0,0.0,52.42693572,224.4112842814679,0.00014656150961095285,1.64187757543771,16.56465520078721,47.25131211565394,100000000.0,6690.0,849.0,1907416.4571695698,3131744.308047559884484927397158,2246.66249372,3688.7447680158329691261812,0.89566112,1.4705659081194238288352,1907416.45716957,3131744.3080475602128604424847,0.06497796290151561,0.03718607143271172,0.03635160420347123
2020-08-05,4350.0,1475.0,4123822.0,2795.81152542,164013060.668355,0.005529598549186234,0.0090692638231932958655740542507,0.003,0.00492039182005065,39.06661375,64.0743489108594163288125,0.0,0.0,0.0,0.0,0.0,36.5823561,210.89332875882752,0.00013992571053954306,1.64013060668355,21.28549294878095,41.58403403650713,100000000.0,7198.0,841.0,2733558.21379084,4483392.491589571683485768682,3250.36648489,5331.0255548065135540865595,0.2620683,0.429826239871526586465,2733558.21379084,4483392.491589571683485768682,0.06483586402227111,0.036955557483101996,0.03634095541043953
2020-08-06,3374.0,1445.0,4114235.0,2847.22145329,170828919.729861,0.004620701632712176,0.00789349468310225978570685487536,0.003,0.00512486759189583,31.979876,54.63087670174908277236,0.0,0.0,0.0,0.0,0.0,44.85868869,209.2216410029949,0.0001451477891866604,1.70828919729861,25.45049023215023,46.302844714839395,100000000.0,7604.0,1713.0,2229222.5414626393,3808156.785955179438403800821373,1301.43779468,2223.2321256079704118293948,0.0900506,0.153832467190258209666,2229362.94228665,3808396.6311661287405162665565,0.0648611873110498,0.03732650490257349,0.03658594709256472
2020-08-07,2461.0,1464.0,4597702.0,3140.5068306,178423309.992092,0.004451516256534513,0.00794254264974494348141355071196,0.003,0.00535269929976276,34.913242,62.29336200194926082264,0.0,0.0,0.0,0.0,0.0,98.90066313,214.194031388971,0.00015382686951930497,1.78423309992092,33.669550723802004,47.405166654486756,100000000.0,7953.0,1197.0,1011115.5662536,1804065.861154957095180665312,844.7080754,1507.156107899176225397368,0.03264195,0.058240847635963674594,1011115.5662536,1804065.861154957095180665312,0.06486492905356578,0.037512814210395005,0.0367332710527265
2020-08-08,4999.0,1463.0,5674298.0,3878.53588517,181799835.209516,0.004576308361845538,0.00831972106051448926626659739608,0.003,0.00545399505628548,44.13849415,80.243709628661859903314,0.0,0.0,0.0,0.0,0.0,113.91081932,214.152825254625,0.00015481538067469857,1.81799835209516,41.742733243884686,55.233763834656955,100000000.0,9766.0,1817.0,877879.7361006801,1595983.913568770363566535918316,483.14790099,878.3620878180555227382084,0.03169213,0.0576162401143855830908,877879.73610084,1595983.9135690610615030359344,0.061293838047249305,0.03650402690895386,0.03671082094308513
2020-08-09,1960.0,1443.0,5095290.0,3531.03950104,195479670.318605,0.004291798057594646,0.0083895926937263071398676218883,0.003,0.00586439010955815,38.0038718,74.28984330294529574839,0.0,0.0,0.0,0.0,0.0,134.17612886,226.91346732684687,0.00016735531842530685,1.95479670318605,49.89897976246051,68.72983750174163,100000000.0,8962.0,926.0,745289.0528934498,1456888.58351676930762683573529,804.8477893,1573.313805090220609099265,0.07455214,0.145734277487464845647,745289.05289345,1456888.5835167696985861763725,0.061482296524367167,0.03765291945035566,0.03702566380262047
2020-08-10,6449.0,1455.0,5325991.0,3660.47491409,197045468.691539,0.004844231840327744,0.00954533933427856832492599758016,0.003,0.00591136406074617,43.74825775,86.2039595278700341617725,0.0,0.0,0.0,0.0,0.0,65.66305428,223.2489209890042,0.00016599775428166025,1.97045468691539,48.94311852071831,63.89845803203684,100000000.0,9146.0,2057.0,1522926.4171456997,3000857.496492006331604796248383,740.36286687,1458.8514810421064175241293,0.03086288,0.0608139065477072517232,1522926.41714582,3000857.4964922433773036321698,0.06148397330680742,0.03750495131026503,0.034605528862401716
2020-08-11,1826.0,1477.0,5574455.0,3774.17400135,186274553.895795,0.005754473146313473,0.01071911918234874053054446546035,0.003,0.00558823661687385,55.179643,102.78563383954227301185,0.0,0.0,0.0,0.0,0.0,150.97029533,213.80332176917955,0.00016350423347728853,1.86274553895795,41.92210972943326,53.97883997849912,100000000.0,9696.0,883.0,662381.9591945899,1233849.039575949207775323594705,750.14944416,1397.337530660825818113072,0.07588223,0.1413492854186811222285,662381.95919459,1233849.0395759493940498774905,0.06160994038767905,0.03975776237820076,0.03496743255866295
2020-08-12,2753.0,1484.0,4840464.0,3261.76819407,218929173.527195,0.019627295230260834,0.0429698752333526087082764238063,0.003,0.00656787520581585,161.10083925,352.6967359153999719840375,0.0,0.0,0.0,0.0,0.0,84.02396777,243.95588200988004,0.00018913130111916675,2.18929173527195,70.36260021869836,85.55236701135865,100000000.0,8796.0,1899.0,1190136.608137411,2605556.24003982529718105392145,626.71753983,1372.0675302997881400067685,0.02687742,0.058842513471433014369,1190136.60813761,2605556.2400402609662363730395,0.062390273135418,0.047262539373623604,0.04012893803594075
2020-08-13,3052.0,1463.0,6225067.0,4255.00136705,325595596.347844,0.0038327656958062344,0.012479316323875901406757261986336,0.003,0.00976786789043532,46.51827725,151.46146222288094631749,0.0,0.0,0.0,0.0,0.0,28.94361487,319.3568105157248,0.0002765507548446273,3.25595596347844,169.93258982304184,147.92419143628737,100000000.0,12336.0,1590.0,3454993.4569310006,11249306.549873482152660645727064,2172.95185971,7075.0355659743410384896524,100.82248659,328.2735764654355466541196,3454993.456931,11249306.54987348019908706764,0.06889567861188456,0.08223133913412332,0.06338916356991134
2020-08-14,2757.0,1447.0,4113073.0,2842.48306842,350270106.906469,0.003380281654676375,0.01184011616557469798178588969875,0.003,0.01050810320719407,25.84225325,90.5176880858154596127425,0.0,0.0,0.0,0.0,0.0,54.96567332,321.65272420882116,0.0002974842551853609,3.50270106906469,189.23018490116303,165.47957683550837,100000000.0,7859.0,1575.0,1819317.2931340402,6372524.627628480604521814860538,1155.26595157,4046.5512836182753827370633,4.092457,14.33465350900127404333,1819543.87371687,6373318.2716781878455247743203,0.068945577517783,0.08244438565358458,0.06372510990231128
2020-08-15,1833.0,1469.0,3301357.0,2247.34989789,343128434.551382,0.0033654275990759853,0.011547739036669588834297351266846,0.003,0.01029385303654146,18.9372611,64.979127559337822998402,0.0,0.0,0.0,0.0,0.0,195.65909803,309.97076585852864,0.00028914723723717995,3.43128434551382,185.49003223724154,152.99209847720644,100000000.0,5757.0,1092.0,511093.0235571,1753705.490832803260963609122,468.03390436,1605.9574092001804249382552,0.07952104,0.2728592996909783007728,511093.0235573,1753705.490833489517832711886,0.06887666813882352,0.08301176072754529,0.06350281334578775
2020-08-16,2228.0,1463.0,3886028.0,2656.2050581,408540131.360129,0.0031924303002868193,0.013042358942372332260073202476897,0.003,0.01225620394080387,21.1562356,86.431712711098375703924,0.0,0.0,0.0,0.0,0.0,107.08770845,356.05540811284976,0.00034332134150558895,4.08540131360129,241.34818381171067,178.4352656466739,100000000.0,6915.0,1736.0,933813.9871092797,3815004.889595509373173184890813,537.9112829,2197.583461760615122994941,0.04069298,0.1662471539463510219442,933813.98710958,3815004.8895967362191876593582,0.06968374115681508,0.08667415295782642,0.06664332648376986
2020-08-17,3618.0,1476.0,4630142.0,3136.95257453,446009508.008689,0.004634121472181265,0.02066862237860067570939403011585,0.003,0.01338028524026067,37.64760284,167.9118882037492274107676,0.0,0.0,0.0,0.0,0.0,73.1405415,367.6078831732077,0.0003621452679254897,4.46009508008689,253.81091596262104,203.34966917821185,100000000.0,8308.0,1286.0,1367230.78545331,6097979.2995436421836628381059,1063.17124547,4741.8448412105982371188883,9.0,40.14085572078201,1367238.22167618,6098012.4658046791002758432802,0.06970548314747121,0.08699194134584214,0.06702389343760866
2020-08-18,2504.0,1439.0,3792431.0,2635.4628214,427308227.4721,0.004002353932931647,0.017102387647970102834968995487,0.003,0.012819246824163,25.8992323,110.6695504700115966883,0.0,0.0,0.0,0.0,0.0,99.96567923,345.046827389549,0.00035630706190282546,4.273082274721,237.84869205239443,192.8390822853178,100000000.0,6608.0,828.0,1000343.32551999,4274549.33291492863935717279,1208.14736526,5162.51309174338365159246,8.49248986,36.28910788901382682906,1000346.01843552,4274560.83996454720326448992,0.0695941799225906,0.0878488424243607,0.06735463382715287
2020-08-19,1212.0,1413.0,3611712.0,2556.05944798,381634059.192832,0.8898103174704465,3.39581923367909013475804639488,0.003,0.01144902177578496,5459.876108,20836.74681786001201657856,0.0,0.0,0.0,0.0,0.0,61.41172102,293.9472204327552,0.00032515887108608676,3.81634059192832,207.2170930250691,139.16469146660333,100000000.0,6271.0,1124.0,1628353.64866793,6214352.1274260075980780427776,1448.71321056,5528.7830315229272885870592,0.0722896,0.275881734854261481472,1628353.64866793,6214352.1274260075980780427776,0.07012658461107314,0.09129777837228406,0.06944644276625382
2020-08-20,2116.0,1451.0,3593909.0,2476.84975879,385473751.663086,0.003110712675094041,0.01199098085214414286895198270526,0.003,0.01156421254989258,18.210112,70.19520190844982325632,0.0,0.0,0.0,0.0,0.0,347.65499336,294.7941068885084,0.00032481406434628046,3.85473751663086,217.6605693359263,132.151257456553,100000000.0,5989.0,1593.0,287641.48914564,1108782.4395492668056726584504,180.56590656,696.0341742412943127724416,0.0456447,0.175948337525360615442,287641.4891457,1108782.439549498089923656302,0.07008393443541668,0.0913391091471268,0.06939817228943175
2020-08-21,2884.0,1461.0,3532225.0,2417.67624914,323758781.105455,0.003665149231937981,0.01186624247901835308415180786355,0.003,0.00971276343316365,21.71234405,70.2956204457027829179275,0.0,0.0,0.0,0.0,0.0,57.83458807,236.9032231351368,0.0002809260203098524,3.23758781105455,151.66858292935018,93.4253850477616,100000000.0,6215.0,1484.0,1729069.11494917,5598013.0910303113967873472235,1165.14091304,3772.246018219273392246332,0.06987526,0.226227290070267555433,1729069.11494928,5598013.091030667531446563224,0.07133927161349694,0.09851584152041598,0.07377275917163975
2020-08-22,3844.0,1486.0,3434503.0,2311.24024226,340614448.436772,0.0038757580760308127,0.013201391993415999051860197246044,0.003,0.01021843345310316,21.7158725,73.9673993391076506357,0.0,0.0,0.0,0.0,0.0,208.90492469,246.52511319585156,0.00029156481580983246,3.40614448436772,160.91695417992057,114.37248182991884,100000000.0,5767.0,1887.0,478686.65685730014,1630475.9159949163044529941674808,253.67602377,864.0571891805201321407044,0.01950049,0.0664214864559678801828,478686.65685763,1630475.9159960398552726077036,0.07126355448826564,0.09763504691742404,0.07390253374974064
2020-08-23,3240.0,1455.0,2946979.0,2025.41512027,350897930.887923,0.003519238354375333,0.01234893456851723470092698803359,0.003,0.01052693792663769,16.167381,56.73100540776719439663,0.0,0.0,0.0,0.0,0.0,168.6291516,250.71123619797567,0.0003007969173837357,3.50897930887923,169.28418519891198,124.68713549089033,100000000.0,5261.0,1602.0,593017.27520531,2080885.3485033728206042447113,370.30670091,1299.3985514325195309210993,0.03382794,0.1187015415220080596862,593231.33485403,2081636.4793815972569549487969,0.07124191454282928,0.09730329882946083,0.07351553941566409
2020-08-24,1538.0,1446.0,2497885.0,1727.44467497,367200704.231848,0.0034674134819533556,0.012732366724362763524462639891488,0.003,0.01101602112695544,14.69836575,53.97250254457274702406,0.0,0.0,0.0,0.0,0.0,334.77321344,261.6806808317552,0.0003119428895468166,3.67200704231848,192.50617627693717,140.7905223089486,100000000.0,4327.0,988.0,298709.68161648,1096864.0545044255626533765504,302.33773443,1110.1862899855743777212664,0.06644058,0.2439702776557243559184,298709.68161648,1096864.0545044255626533765504,0.07056073083739497,0.09687715693549868,0.07354396722098634
2020-08-25,1562.0,1446.0,3042084.0,2103.79253112,326099493.125556,0.004991972622058095,0.0162787974174979751058096117582,0.003,0.00978298479376668,25.66373125,83.68929752335491690825,0.0,0.0,0.0,0.0,0.0,109.01679457,227.44369255170773,0.00028709847654474074,3.26099493125556,158.73447096767396,113.30647306149979,100000000.0,5250.0,993.0,917289.8579233609,2991277.577180212677474492011604,923.75615098,3012.3641260619258043244488,0.06409299,0.2090069155190132945244,917289.85792339,2991277.5771803075724269915484,0.07112203187708695,0.1004928920668772,0.07546415762545045
2020-08-26,5404.0,1446.0,4453290.0,3079.73029046,325784111.450583,0.010859962167274926,0.03538003125052609392718023981858,0.003,0.00977352334351749,80.37458,261.8476112851379938014,0.0,0.0,0.0,0.0,0.0,592.72012857,226.56598428043725,0.00028398075010825646,3.25784111450583,163.71758031986067,120.38347329354832,100000000.0,7532.0,661.0,168713.68995319004,549642.3957094916935563266779332,255.24007557,831.5316122615210724055731,0.20829895,0.6786048834183941578785,168713.68995319,549642.3957094915632426820977,0.07103586310870984,0.10000921132457832,0.07511605840266199
2020-08-27,2396.0,1492.0,4548597.0,3048.6575067,310108598.210073,0.0036797362108923625,0.011411178381426760888135662674625,0.003,0.00930325794630219,28.58051115,88.6306224885386141881395,0.0,0.0,0.0,0.0,0.0,446.58213023,214.64171904211372,0.0002740764827231169,3.10108598210073,164.88206338694303,106.78870128921112,100000000.0,7896.0,1286.0,223922.97683053,694404.4045194231340865992869,174.12362117,539.9723207629049113004541,0.01190459,0.0369171571716565293507,223922.97683065,694404.4045197952644044513745,0.07111791062202338,0.1009434854174865,0.07561146513256502
2020-08-28,1284.0,1458.0,5041870.0,3458.07270233,338308557.294223,0.0033994410027791853,0.011500599812570528986393123365219,0.003,0.01014925671882669,29.3575725,99.319179981355555536675,0.0,0.0,0.0,0.0,0.0,227.14157193,231.90034791394433,0.00029346980390787585,3.38308557294223,202.74030229467965,125.49953794929918,100000000.0,8747.0,639.0,440254.0633682499,1489417.170210320545707908903277,688.9734951,2330.856291412394193488073,0.16279103,0.5507359849974057521969,440254.06336825,1489417.1702103208840164661975,0.07135691886534071,0.1014765990757334,0.07613891810272595
2020-08-29,5255.0,1479.0,4677023.0,3162.28735632,339009093.956025,0.05784720817040603,0.1961072962973491486314321483075,0.003,0.01017027281868075,470.47134405,1594.9406407866381334540125,0.0,0.0,0.0,0.0,0.0,581.79759882,231.84563224463838,0.00029502750443917165,3.39009093956025,204.0542424987831,120.52847849533632,100000000.0,8233.0,580.0,171881.08064326,582692.494170540392851526415,296.34669076,1004.64223131413925713829,0.36733213,1.2452893257223678958325,171881.08064326,582692.494170540392851526415,0.0712483162935252,0.10157895272363318,0.07602373865875332
2020-08-30,4377.0,1430.0,4213259.0,2946.33496503,338012226.412956,0.003935988849950071,0.01330412354308193699088027519876,0.003,0.01014036679238868,27.51649805,93.009127689682622687358,0.0,0.0,0.0,0.0,0.0,484.88236055,230.21064113970084,0.0002889246300180978,3.38012226412956,205.87332433263467,122.1579320981549,100000000.0,7072.0,3838.0,206235.59060302004,697101.5114531771059606978363824,53.73517212,181.6314516496460085798672,0.01194073,0.0403611273229597609788,206235.59060303,697101.5114532107719784485668,0.07122944545122563,0.1014961745028259,0.07606176886146059
2020-08-31,2650.0,1458.0,4331393.0,2970.77709191,362171791.470324,0.0034843794176175292,0.012619439358408647685703440034608,0.003,0.01086515374410972,26.26525205,95.125333883680999551642,0.0,0.0,0.0,0.0,0.0,138.33069935,242.23674324959276,0.00031012244577239347,3.62171791470324,224.77173452310097,130.66008677279973,100000000.0,7706.0,557.0,722905.33096873,2618159.1878039243597796696852,1297.97731462,4700.9076932376576694133688,1.999,7.23981411149177676,722973.36424499,2618405.5851393511564225067676,0.07136305975627152,0.10178954228001721,0.0761533569778478
2020-09-01,3274.0,1432.0,4212651.0,2941.79539106,354551493.432841,0.0615111224946877,0.218088603432219443754592187557,0.003,0.01063654480298523,464.28595259,1646.1327787067371287500819,0.0,0.0,0.0,0.0,0.0,260.0955739,235.0168140831495,0.00029619104989118993,3.54551493432841,209.2909381677484,121.56061610629332,100000000.0,7739.0,1121.0,384474.0550590301,1363158.504073594595527449475141,342.97417936,1216.0200750099107124836176,0.00881342,0.0312481122325086952622,384474.05505903,1363158.5040735942409759560423,0.07101352309839815,0.10217507570149015,0.07626813907733711
2020-09-02,2821.0,1459.0,4593587.0,3148.44893763,328188472.427888,0.05975020899922426,0.1960932981870245650299079016288,0.003,0.00984565417283664,471.07064775,1545.99956290688215324452,0.0,0.0,0.0,0.0,0.0,268.7133678,216.25569235336815,0.000287518393750518,3.28188472427888,185.94712734331128,94.07254964947863,100000000.0,8143.0,546.0,372143.74862892996,1221332.8838611646288075670272448,681.74535794,2237.4096760713232539823072,0.54435562,1.7865123938533587753056,372232.96543393,1221625.6831306432276855343984,0.07124645807108344,0.10374306229991523,0.07726302407688505
2020-09-03,2992.0,1473.0,4376025.0,2970.82484725,253843168.772626,0.004109744415339067,0.01043230545235271950090017979942,0.003,0.00761529506317878,30.43676714,77.2616541801213716830964,0.0,0.0,0.0,0.0,0.0,319.88939755,166.5936945599171,0.0002473744648118331,2.53843168772626,125.443064014525,54.6054179496018,100000000.0,8117.0,895.0,312608.04754785,793534.173733699809335051541,349.28273469,886.6303617127802009259594,0.01347767,0.0342121446047175826142,312608.04754796,793534.1737339790368207014296,0.07368081451546393,0.11530392693984692,0.08494223067237365
2020-09-04,2011.0,1426.0,4166988.0,2922.15147265,262795320.29803,0.003576699058367949,0.0093993977465346745556407984047,0.003,0.0078838596089409,26.77874585,70.373290928302916256755,0.0,0.0,0.0,0.0,0.0,45.20032796,165.96973923596403,0.00025095126352164853,2.6279532029803,136.36837833184225,60.22828866624172,100000000.0,7666.0,653.0,2212373.328077949,5814013.5737106321536575114047,3388.01428496,8903.542991903642845466288,0.25034388,0.657892001292515865564,2212373.32807803,5814013.573710845017866952809,0.07276823774968193,0.11532185464152797,0.0849262403674987
2020-09-05,2426.0,1485.0,4693234.0,3160.42693603,229221960.936077,0.003414332507852267,0.00782639992737690163136146536559,0.003,0.00687665882808231,28.2638445,64.786938598823547680265,0.0,0.0,0.0,0.0,0.0,446.27972913,144.3683903727216,0.0002263106199638371,2.29221960936077,119.06743308934446,34.18217553477209,100000000.0,8661.0,1177.0,224074.70802198004,513628.4396897716831076940990308,190.37783179,436.3877992166241804848783,0.00841009,0.0192777732144889181693,224074.70802218,513628.4396902300353407818786,0.07350938920644419,0.11850012060230652,0.08711530421831515
2020-09-06,9171.0,1481.0,4826811.0,3259.15665091,247449299.264227,1.2680832619533386,3.137863145790488433357861982622,0.003,0.00742347897792681,10030.53860205,24820.4974832005158615386535,0.0,0.0,0.0,0.0,0.0,674.04246059,156.67592683510267,0.0002413362544015541,2.47449299264227,131.1993783569228,38.68664317190076,100000000.0,8614.0,563.0,148358.60624112,367112.3315418251842615241424,263.5143983,652.064532053694106196141,0.15997263,0.3958511519495545810701,148358.60624112,367112.3315418251842615241424,0.07239440231426642,0.11897625317774116,0.08746681628297545
2020-09-07,4089.0,1417.0,4416138.0,3116.54057869,239656026.634725,0.0037303658293187784,0.0089400465254848916953300001994,0.003,0.00718968079904175,27.10110775,64.9494380076455211661875,0.0,0.0,0.0,0.0,0.0,662.09154392,151.5594957990572,0.00023115242911205322,2.39656026634725,125.21765458416125,31.824116539232506,100000000.0,8041.0,547.0,151036.51589957997,361968.1127724580323376011645825,276.11794497,661.7332957405585184108325,1.0,2.39656026634725,151036.51589958,361968.112772458104234409155,0.07242632182581374,0.11922137401863417,0.08745821849677535
2020-09-08,3681.0,1443.0,4592989.0,3182.94455994,231303466.906735,0.003394494806254352,0.0078515841708353734333307186072,0.003,0.00693910400720205,24.9665093,57.748401576492416101355,0.0,0.0,0.0,0.0,0.0,491.54308468,146.74421992485185,0.00022881769557076272,2.31303466906735,116.44007672007768,18.32609832508011,100000000.0,8629.0,1514.0,203440.96604442995,470566.0075693200177550289071325,134.37316119,310.8097804246453285161465,0.01602668,0.037070266470048316898,203440.9660446,470566.00756971334930050381,0.06247375720262446,0.11887316613889803,0.0876247084406712
2020-09-09,2053.0,1435.0,3601631.0,2509.84738676,239592322.659289,0.0037692982108318168,0.009030949131286973867117072662552,0.003,0.00718776967977867,23.3847261,56.028008410502968857429,0.0,0.0,0.0,0.0,0.0,1333.50094932,152.90024975224276,0.00023436340764672502,2.39592322659289,131.28650394996095,21.592404154370147,100000000.0,6390.0,627.0,74990.57278592001,179671.6551132904384361963747289,119.60218945,286.5576636546181078030105,0.04821565,0.1155209957202734767285,74990.57278593,179671.6551133143737092300377,0.06237030237295484,0.11899577497432086,0.08761603627306713
2020-09-10,3811.0,1442.0,4042324.0,2803.27600555,242975999.963192,0.003566090708938894,0.00866474455963876041729377189648,0.003,0.00728927999889576,24.295776,59.03290468481721076992,0.0,0.0,0.0,0.0,0.0,510.71090387,154.67938596322324,0.00023510854553591675,2.42975999963192,138.90222521435027,30.439716473092044,100000000.0,7040.0,2093.0,195805.49238612,475760.3531080268455625169504,93.5525525,227.3102499279651764758,0.02161222,0.0525125076592449740624,195805.49238639,475760.3531086828807624175688,0.06190387025745132,0.1184085196185245,0.08761386723025412
2020-09-11,2099.0,1435.0,3681584.0,2565.56376307,248967078.47707,0.004040581870411854,0.0100597186362385433985999518778,0.003,0.0074690123543121,25.318286,63.0341969746690270202,0.0,0.0,0.0,0.0,0.0,921.63903811,158.4574949036644,0.00023969055676498007,2.4896707847707,142.16419697405158,13.720375620083242,100000000.0,6495.0,694.0,108502.34838708001,270135.126858325383869350403707,156.34344148,389.243698643263610668636,0.04718108,0.117465356469929178356,108502.34838708,270135.126858325358972642556,0.06167539502956154,0.11490657906634374,0.0874958462752545
2020-09-12,4775.0,1415.0,5027491.0,3552.99717314,259800305.980091,0.0035660142600206788,0.009264515958827401406649611057708,0.003,0.00779400917940273,27.757855,72.11499222350998864805,0.0,0.0,0.0,0.0,0.0,828.45567724,165.1930660137973,0.00024892292592307785,2.59800305980091,151.75778956985621,-20.20767206490773,100000000.0,9151.0,306.0,120706.51785871,313595.9027348417670121094261,394.46574464,1024.8232115613644132996224,4.6,11.950814075084186,120706.51785871,313595.9027348417670121094261,0.06046848864642287,0.08828496182768389,0.08670539428928617
2020-09-13,1258.0,1445.0,5208352.0,3604.39584775,304931081.519995,0.003373471355612435,0.01028676268943623459153923137825,0.003,0.00914793244559985,30.3848565,92.652871543748499557175,0.0,0.0,0.0,0.0,0.0,198.51955063,192.18209857472948,0.0002954036172719095,3.04931081519995,195.6983834035867,-12.944017914317957,100000000.0,9112.0,488.0,503728.72437237995,1536025.4471555728272624166210025,1032.23099257,3147.5931294282802315143715,49.21926,150.084821834138291037,503728.72437238,1536025.447155572979727957381,0.06035368361834166,0.09236548586945166,0.08880040917536179
2020-09-14,9724.0,1431.0,5320138.0,3717.77638015,285228374.752013,0.004006512788272926,0.01142771131022242652649811900038,0.003,0.00855685124256039,32.66109225,93.1587026009306746619925,0.0,0.0,0.0,0.0,0.0,270.44826528,179.29840642136895,0.0002675005787427008,2.85228374752013,165.8179389037457,-16.874165463748152,100000000.0,8902.0,3481.0,369756.4852081098,1054650.413299258935782714750274,106.22134019,302.9734022637437976030247,0.01187008,0.0338568362657637447104,369756.48520825,1054650.4132996588259641170725,0.060598884671689196,0.09302379512646071,0.08938900307187762
2020-09-15,2547.0,1429.0,4392050.0,3073.51294612,248443945.862182,0.0037183157244299846,0.009237930305387831382337399823972,0.003,0.00745331837586546,27.22922605,67.649363626353158242411,0.0,0.0,0.0,0.0,0.0,477.60028555,157.2214843928457,0.00023048071618118866,2.48443945862182,134.26170712536057,-39.18738288083181,100000000.0,7468.0,1010.0,209380.10931954012,520192.2054440157441191313974184,207.30703893,515.0417875677417628874526,0.02162493,0.0537258293819347539726,209380.1093196,520192.205444164512353913672,0.06120981429783487,0.08953152497422055,0.09102968593707261
2020-09-16,3037.0,1436.0,4315137.0,3004.97005571,254098704.431669,0.004544725056306455,0.01154808748805614162665071123395,0.003,0.00762296113295007,32.2857268,82.037613515148146020292,0.0,0.0,0.0,0.0,0.0,371.00097168,160.22157084283006,0.00023166600880467333,2.54098704431669,129.80954681534553,-43.02841085918761,100000000.0,7231.0,1529.0,269541.07302661997,684900.3744718601732984689582993,176.28585548,447.9400748709643686919612,0.02057674,0.0522852297542730077906,269541.07302675,684900.3744721905778438414575,0.06121491062147218,0.08768321769601627,0.09104236715091675
2020-09-17,1799.0,1453.0,4472634.0,3078.20646937,255099186.988011,0.003376197310810929,0.00861265189098977069055410772219,0.003,0.00765297560964033,24.9838601,63.733623993322072012611,0.0,0.0,0.0,0.0,0.0,665.29219016,160.57468203787587,0.0002332592888710486,2.55099186988011,121.8151838016681,-40.3008950945914,100000000.0,7546.0,539.0,150309.89613226996,383439.3229959444591579273544956,279.00818788,711.7476189118622439550668,0.077,0.19642637398076847,150385.41326664,383631.9665917590750202625304,0.06120022641298338,0.08765603185873913,0.09101873559097419
2020-09-18,2557.0,1442.0,4168864.0,2891.02912621,242671202.199173,0.011467382877010424,0.02782803588842330808372445179352,0.003,0.00728013606597519,79.159344,192.09693173777892022512,0.0,0.0,0.0,0.0,0.0,328.88502102,152.54571652477483,0.00022222407924438124,2.42671202199173,125.0544647555348,-36.41259307085164,100000000.0,7115.0,1630.0,304057.62989282,737860.3058392183088828263786,186.53842325,452.6750342641566387397225,0.02449094,0.0594324585278781399262,304057.62989296,737860.3058395580485659052208,0.06094326741913012,0.086018594979214,0.09071736771137318
2020-09-19,1816.0,1444.0,4280889.0,2964.60457064,253893389.610845,0.003855192464501726,0.0097880788241453045146797081847,0.003,0.00761680168832535,27.421984,69.6226046761435781648,0.0,0.0,0.0,0.0,0.0,1206.80827719,159.44828884553743,0.00022927437602918063,2.53893389610845,143.4702308560062,-34.13471383837455,100000000.0,7256.0,888.0,82863.20361751999,210384.1964046578365009010829155,93.31441849,236.9191400999100857252405,0.03948358,0.100246199601709674251,82863.20361752,210384.196404657861890240044,0.06078012996999532,0.08661075645177307,0.09075335204662002
2020-09-20,7510.0,1456.0,4347848.0,2986.15934066,243992793.746228,0.0041026434073403945,0.01001015426701526940349646406946,0.003,0.00731978381238684,27.163602,66.27723140190626393256,0.0,0.0,0.0,0.0,0.0,172.92488589,151.88584011005506,0.00022341170326975194,2.43992793746228,139.9456253387078,-24.637474568835106,100000000.0,7361.0,5418.0,578285.76542332,1410975.5948931170429307323696,106.73417597,260.4236978312181487574116,0.01161618,0.0283426421085905876904,578285.76542367,1410975.5948939710177088441676,0.06087240243211302,0.08133093848581545,0.0909544825330997
2020-09-21,8160.0,1439.0,3855902.0,2679.57053509,216196287.520462,0.004352330705009396,0.00940957740484346458703252260952,0.003,0.00648588862561386,25.80496875,55.789384433315368955625,0.0,0.0,0.0,0.0,0.0,595.34660489,134.3750208024899,0.00020677994324449855,2.16196287520462,98.30418056327963,-36.52756407936279,100000000.0,6617.0,860.0,167969.37981878,363143.5633393464822910187636,195.31323235,422.259957376913999853457,0.02581677,0.0558148982976963774774,167969.37981878,363143.5633393464822910187636,0.061510420100901034,0.0829748310630814,0.0921305794693944
2020-09-22,1632.0,1448.0,3082329.0,2128.68024862,221013373.5179,0.0036308740972087698,0.0080247173304286979362295727942,0.003,0.006630401205537,18.600968,41.110626883785053272,0.0,0.0,0.0,0.0,0.0,730.51366708,137.32017702532372,0.0002100919701052307,2.210133735179,121.14207522537595,-37.014911157030504,100000000.0,5220.0,293.0,136889.97825211997,302545.15894292998707131742463,467.20129096,1032.57733426987556668184,0.35363166,0.78157326159335016714,136889.97825212,302545.15894293005337532948,0.061521603699735854,0.08284284809749667,0.09210841043992278
2020-09-23,3104.0,1442.0,4131004.0,2864.7739251,216830623.542025,0.0037838317190930265,0.008204505910290333184919071886625,0.003,0.00650491870626075,25.8624898,56.07779789683261433845,0.0,0.0,0.0,0.0,0.0,196.07553652,133.96445374189994,0.00021188730192611634,2.16830623542025,157.7145965092315,-40.950379167813466,100000000.0,6943.0,1273.0,510007.5296192897,1105852.506584783697103785996425,400.63435163,868.6979627628779993225075,0.01018007,0.0220735092580146244175,510007.52961942,1105852.506585066227406261255,0.06150621360076844,0.08204303983545312,0.09208481883918038
2020-09-24,2120.0,1452.0,3788588.0,2609.22038567,236568640.746174,0.004387372549820409,0.01037914760558089726363453865166,0.003,0.00709705922238522,26.85949475,63.541141641364966355865,0.0,0.0,0.0,0.0,0.0,167.72390389,145.13123715151073,0.0002202883880319139,2.36568640746174,176.22671416567508,-27.455072536684533,100000000.0,6224.0,245.0,596217.9372120999,1410464.669947541879684374307826,3658.03239678,8653.7575191171364483491972,4.40398414,10.4184454186750806168036,896217.9372121,2120170.592186064116253015054,0.06154738950563276,0.08189906442990288,0.09267850045884067
2020-09-25,3697.0,1458.0,4263620.0,2924.29355281,238206265.672586,1.463372063777317,3.48584394601980037178735531762,0.003,0.00714618797017758,10027.025381,23885.00271812248857905266,0.0,0.0,0.0,0.0,0.0,1978.33665879,146.17236493194406,0.00022296377984457673,2.38206265672586,186.83834866449226,-26.882172180849707,100000000.0,6998.0,207.0,50547.51402183,120407.3455417280303083655238,244.19088899,581.6779977757689561222814,1.499,3.57071192243206414,50547.51402183,120407.3455417280303083655238,0.06140143835170824,0.08194387360547509,0.09252304480812093
2020-09-26,2511.0,1451.0,4178266.0,2879.57684356,251132073.888517,0.0223925852936783,0.056234963845269379814990620811,0.003,0.00753396221665551,151.351484,380.09212063024698509228,0.0,0.0,0.0,0.0,0.0,1016.83926046,153.97666681344288,0.00023378454916284314,2.51132073888517,198.4742555421228,-19.01802293195504,100000000.0,6874.0,1060.0,98343.96043513002,246973.2273848446464107187998034,92.77732117,232.9936107524311248400489,0.02208267,0.0554566671409573770039,98343.96043513,246973.2273848445961843040221,0.06132202863927883,0.08239395745474609,0.09270142706917286
2020-09-27,2914.0,1432.0,3402861.0,2376.29958101,248152158.775747,0.004365998207242809,0.01083431880338344294605809353323,0.003,0.00744456476327241,24.353538,60.43383028527188042886,0.0,0.0,0.0,0.0,0.0,994.14617537,152.551784438764,0.00023064988523663324,2.48152158775747,194.07494435544302,-26.64916289423564,100000000.0,5692.0,1029.0,100588.82936635001,249613.3515598501017927950120747,97.7539644,242.578572947475198214068,0.02131672,0.0528979008601814158984,100588.82936635,249613.3515598500769775791345,0.06004395384711205,0.08045625385586361,0.09273360598692501
2020-09-28,1776.0,1451.0,3178212.0,2190.3597519,241762257.757836,0.003736747025444001,0.00903404397541219527644636941836,0.003,0.00725286773273508,20.413849,49.35298223767542670764,0.0,0.0,0.0,0.0,0.0,1138.98597532,148.50371385254581,0.00022536944642853217,2.41762257757836,195.26565132782824,-28.685612844003376,100000000.0,5585.0,1000.0,87797.39361714001,212260.9610613318829184148661836,87.79739362,212.2609610682462593140632,0.05995192,0.1449411153611716324512,87797.39361714,212260.9610613318587421890904,0.06004847939064874,0.08047084848446562,0.0928149906672467
2020-09-29,2072.0,1432.0,3643679.0,2544.46857542,244984133.349027,0.06450708170070348,0.1580321150532172074263427351396,0.003,0.00734952400047081,407.36222094,997.9728065612075890802538,0.0,0.0,0.0,0.0,0.0,411.88161765,150.0777098459416,0.00022597630076758832,2.44984133349027,189.85433628225016,-27.522108904508926,100000000.0,6464.0,1046.0,242788.20834396992,594792.5880851047662295014926784,232.11109784,568.6353614502361286580168,0.02180411,0.0534166099179685310097,242788.20834409,594792.5880853989431768270043,0.060050653038175646,0.08058274180137735,0.09278799967443038
2020-09-30,2935.0,1455.0,5182757.0,3562.03230241,256480463.365514,0.00994872186693299,0.0255165279432559478964451490686,0.003,0.00769441390096542,84.78300775,217.451851132419645447335,0.0,0.0,0.0,0.0,0.0,575.05756125,156.95079133357018,0.00023809142972466433,2.56480463365514,209.668897445634,-29.182650497359415,100000000.0,8687.0,563.0,173895.63539106998,446008.3314234210381013229266972,308.87324226,792.1995229605346065142164,0.0793714,0.203572134499695578996,173895.63539107,446008.3314234210893974155998,0.06012572030945706,0.07989982779317431,0.09286836602801413
2020-10-01,3008.0,1427.0,4790564.0,3357.08759636,262136554.923174,0.6381380224929685,1.67279302781793682597472702019,0.003,0.00786409664769522,5080.85493509,13318.7780874889945370677566,0.0,0.0,0.0,0.0,0.0,453.56508273,159.90815936779373,0.0002471443502714271,2.62136554923174,214.8987115358694,-26.065307923226165,100000000.0,8150.0,1050.0,220475.52558073003,577946.9472060869172098148471522,209.97669103,550.4256640077193238492922,0.01812697,0.0475174146699572740278,220475.52558078,577946.9472062179068463099572,0.06012379843404124,0.08010515261358316,0.09287466346290431
2020-10-02,5125.0,1448.0,5046508.0,3485.15745856,245045430.902854,0.057764365709367764,0.14154893886082067395684043198456,0.003,0.00735136292708562,470.6640518,1153.340753838141958238372,0.0,0.0,0.0,0.0,0.0,819.39439719,149.27048345566627,0.00023182874265649688,2.45045430902854,187.66220302354273,-25.333931112800684,100000000.0,8681.0,729.0,122041.35193435007,299056.7567271966743301579809978,167.40926191,410.2287472186469305249114,0.002,0.00490090861805708,122041.35193435,299056.756727196502798356349,0.06036459928211333,0.07984012703870563,0.09317215536035738
2020-10-03,2368.0,1447.0,3514812.0,2429.03386317,241965976.263426,0.004821904034993837,0.01166736717275836816012198505562,0.003,0.00725897928790278,27.0074845,65.34892353461845611897,0.0,0.0,0.0,0.0,0.0,1281.48686584,147.35581693737123,0.00022922767007598039,2.41965976263426,171.9719359838354,-4.678949040318167,100000000.0,6188.0,598.0,78034.35420678002,188816.5869772951114787475354852,130.49223112,315.7468009774341959501712,0.01698555,0.041099251881212354943,78034.35420678,188816.5869772950630855522828,0.06032462567333501,0.06480856139072774,0.09308802448385244
2020-10-04,2865.0,1435.0,3446526.0,2401.76027875,237015394.96191,0.004122713351822585,0.0097714653339696980212515273735,0.003,0.0071104618488573,20.811457,49.3263570058780660287,0.0,0.0,0.0,0.0,0.0,749.47552003,144.1355247480016,0.00022222376718324916,2.3701539496191,157.91429623299135,-9.809887522686319,100000000.0,6266.0,631.0,133426.63946718,316241.676517540365387951138,211.45267744,501.175398591949563163104,0.05,0.118507697480955,133426.63946719,316241.676517564066927447329,0.06035493737948567,0.06452789400153258,0.09314929512893722
2020-10-05,4274.0,1451.0,4093680.0,2821.28187457,235612618.454462,0.004141311738649063,0.00975745302579306332046864469106,0.003,0.00706837855363386,26.1772315,61.67686057603623981953,0.0,0.0,0.0,0.0,0.0,1424.62701623,143.37115137375767,0.00021871399647400085,2.35612618454462,170.23547352332582,2.7879778587912747,100000000.0,7606.0,903.0,70193.81133506,165385.4768795198167403403772,77.73401034,183.1511371917362392713708,0.00488179,0.0115021132464480804698,70193.81133516,165385.4768797554293587948392,0.06034677402041629,0.059432461846076534,0.09305041076422957
2020-10-06,4024.0,1453.0,3753905.0,2583.55471438,216580845.985019,0.004096829929189699,0.00887294891920650494736163119281,0.003,0.00649742537955057,26.0353542,56.387590381556175587298,0.0,0.0,0.0,0.0,0.0,680.70667005,132.41485647882345,0.0002043914788164131,2.16580845985019,136.3051427242372,-12.474657786865082,100000000.0,6533.0,1039.0,146906.15561632003,318170.5946378944238685728963057,141.39187259,306.2277138094821949672921,0.02095359,0.0453814624862323426821,146906.15561632,318170.5946378943588943191008,0.06066856047391658,0.05962731114135671,0.093622328255305
2020-10-07,2050.0,1448.0,4457211.0,3078.18439227,228653934.915293,0.0038292852816995326,0.008755811475738143482938586920518,0.003,0.00685961804745879,29.02215315,66.3602951746176572312295,0.0,0.0,0.0,0.0,0.0,878.65112696,139.85482146388907,0.00021435245901262593,2.28653934915293,153.45847819043453,-4.5907844980677215,100000000.0,7755.0,597.0,113810.81402085001,260232.9046177995420802520820293,190.63787943,435.9010127557669419712299,0.02639513,0.0603535033710069772309,113810.81402085,260232.9046177995192148585905,0.060682546574260164,0.06032777378977405,0.0938339761971704
2020-10-08,3937.0,1427.0,4825009.0,3381.22564821,230437571.863694,0.00378844521049432,0.0087300011544495220772940121808,0.003,0.00691312715591082,31.0463085,71.54235946071163873599,0.0,0.0,0.0,0.0,0.0,845.45288366,140.95843117586833,0.00021136156957377464,2.30437571863694,147.28497687545695,-0.3743545458357268,100000000.0,8424.0,965.0,118279.80237902999,272561.1046074124786770821818306,122.5697434,282.446740530520333561196,0.02271497,0.0523438253175665329918,118279.80237909,272561.1046075507642639575846,0.060675622226015004,0.06000542573430138,0.09340146173041754
2020-10-09,2914.0,1459.0,4741531.0,3249.84989719,239802529.019834,0.0031220473626105034,0.007486748532737014446731153244356,0.003,0.00719407587059502,25.4509301,61.031974038870166476034,0.0,0.0,0.0,0.0,0.0,500.0854284,146.53119811787442,0.00021654351083756824,2.39802529019834,165.80180709290693,0.08773501513399053,100000000.0,8334.0,1495.0,199965.83447648003,479523.1282502142457300237491502,133.75641102,320.7512563521239423617068,0.019396,0.04651209852868700264,199965.83447657,479523.1282504299960653828938,0.060728973535485974,0.060105251005035824,0.09352220476248321
2020-10-10,2978.0,1432.0,5407650.0,3776.29189944,242298528.98496,0.5964612030347636,1.44521672091922779649101555456,0.003,0.0072689558695488,5041.29008805,12214.97172520974475525728,0.0,0.0,0.0,0.0,0.0,315.39278383,147.60245841722585,0.00021436932906020897,2.4229852898496,185.05237977012976,-0.2788221792829899,100000000.0,8614.0,1072.0,317064.9587619099,768243.73100687773020757975104,295.76955108,716.645271452259872717568,0.0045781,0.01109266895546045376,317064.95876201,768243.731007120271035093696,0.0607230264752865,0.06007952011720655,0.0931988484004449
2020-10-11,3088.0,1434.0,4201665.0,2930.03138075,244578777.831724,0.003181462281840555,0.0077811815661029078580278876682,0.003,0.00733736333495172,22.057078,53.94693179779007142472,0.0,0.0,0.0,0.0,0.0,555.63586945,148.92234325743755,0.00021495265838690787,2.44578777831724,189.1050115761137,-1.7626027795277883,100000000.0,7037.0,1924.0,179973.98205944,440178.1657360645675928567456,93.54157072,228.7828304315737880552128,0.00422098,0.0103236212965215036952,179973.98205944,440178.1657360645675928567456,0.060713671304848164,0.05993129931284743,0.0908920195084648
2020-10-12,3855.0,1452.0,3385786.0,2331.80853994,246137634.968266,0.013486696336524464,0.03319583539807308867059372659424,0.003,0.00738412904904798,73.2597345,180.31977788233083085377,0.0,0.0,0.0,0.0,0.0,345.61771033,153.28577560120377,0.00021313567402376617,2.46137634968266,193.5208236152646,-5.258912594534036,100000000.0,6258.0,1814.0,289337.024727,712167.30975058479502313382,159.5022187,392.594988830091310917742,0.00532822,0.0131147546939061426652,289337.02472718,712167.3097510278427660766988,0.060651204591958004,0.05939364726517293,0.0746545513064415
2020-10-13,3668.0,1432.0,1875113.0,1309.43645251,251966850.796193,1.5130442065518956,3.812369838403057018080334134508,0.003,0.00755900552388579,5011.2024121,12626.568904791231670971353,0.0,0.0,0.0,0.0,0.0,418.32642625,157.4798444476053,0.0002203476507329456,2.51966850796193,187.09033159644758,-17.36924634241623,100000000.0,3451.0,355.0,239047.77160706,602321.1420167850838013992258,673.37400453,1696.6792732944549928875429,7.0,17.63767955573351,239047.77160706,602321.1420167850838013992258,0.060572429601835676,0.05121864448765825,0.0740513568961277
2020-10-14,3002.0,1440.0,1814581.0,1260.12569444,251085757.936283,0.004113170215898003,0.01032758461179694867294900942849,0.003,0.00753257273808849,12.57396135,31.5714261582627820466205,0.0,0.0,0.0,0.0,0.0,889.02328429,160.93445497313868,0.0002199206273875723,2.51085757936283,193.6538785178464,-11.970273590562213,100000000.0,3307.0,1053.0,112482.99315356,282428.7759090334412371461748,106.82145599,268.2134624110644770868517,0.00744647,0.0186970256389979327101,112482.99315365,282428.7759092594184192888295,0.06056911351775818,0.04993072936660562,0.07402511936028905
2020-10-15,2381.0,1449.0,2079543.0,1435.1573499,269403681.415613,0.005039141532611934,0.01357563280059969293922497725542,0.003,0.00808211044246839,17.2288249,46.415088545249805031637,0.0,0.0,0.0,0.0,0.0,34.58890719,164.4737939822284,0.0002342115007205654,2.69403681415613,228.15278980762147,8.436404228202802,100000000.0,4121.0,830.0,2891100.3011679295,7788730.644764276759177961832835,3483.2533749,9384.012825014183918023137,0.29851258,0.8042038800087268891154,2891100.30116793,7788730.6447642781061963689109,0.0607064823208867,0.044920144060511424,0.0708965368804232
2020-10-16,2679.0,1441.0,2470587.0,1714.49479528,295486263.555195,0.0036942360952163574,0.01091596020466215033482041746693,0.003,0.00886458790665585,16.1401175,47.691830134168150354125,0.0,0.0,0.0,0.0,0.0,143.27892982,178.31579059643119,0.0002605931719950586,2.95486263555195,251.2175328543099,16.287985102519766,100000000.0,4620.0,1799.0,697939.32801886,2062314.842245165601396109777,387.98485626,1146.441954922668086512707,0.02659049,0.0785712453620177709555,697984.7564067,2062449.076890987379953178065,0.06100776937722323,0.047709529015778705,0.07100452817762737
2020-10-17,2562.0,1452.0,2049412.0,1411.44077135,318766757.510508,0.0033563158818368556,0.010698819308341557708940586786448,0.003,0.00956300272531524,11.475244,36.57926321521911863952,0.0,0.0,0.0,0.0,0.0,225.79442255,191.3392645893687,0.0002805353392686075,3.18766757510508,295.6009179735031,24.957966849768596,100000000.0,3615.0,1410.0,442880.73581244005,1411756.561187994336735549950454,314.09981263,1001.2457880672320805611604,0.02376468,0.0757538998687481925744,442880.73581251,1411756.5611882173140824285508,0.06111732172070631,0.04942772014045108,0.07163553665162242
2020-10-18,4823.0,1457.0,2078788.0,1426.75909403,306894869.074862,0.0042388734966266476,0.013008885267721375048156284926312,0.003,0.00920684607224586,14.45031975,44.347289877661425871245,0.0,0.0,0.0,0.0,0.0,446.25680909,185.9962790079331,0.00026710613628719705,3.06894869074862,284.20608401286904,26.465302142846458,100000000.0,3618.0,959.0,224086.21664149003,687709.1011767124507187129662586,233.66654499,717.1106373188140120104138,0.03202393,0.0982797980461254544766,224086.21664149,687709.1011767123586502522438,0.06119895659780137,0.04899437844340064,0.07035847609224753
2020-10-19,3275.0,1434.0,2114751.0,1474.72175732,293716857.384001,0.03750187899864637,0.1101493404547747808821829472637,0.003,0.00881150572152003,138.5694429,407.001812980397699430429,0.0,0.0,0.0,0.0,0.0,870.96676236,178.9813123900011,0.0002500609223058641,2.93716857384001,262.9932131759738,15.685114068623596,100000000.0,4087.0,647.0,114814.94394758002,337230.8451700342952121181526002,177.4574095,521.222326378457642054095,0.05560368,0.1633173814858562872368,114814.94394758,337230.8451700342364687466758,0.061286526727069926,0.04934943302396859,0.07052522156052628
2020-10-20,3625.0,1450.0,2041813.0,1408.14689655,286975454.652367,0.018127554283646954,0.05202163132285047605227028440118,0.003,0.00860926363957101,62.63070005,179.7347362204477459951835,0.0,0.0,0.0,0.0,0.0,837.65211399,175.33511487263814,0.00024056036131467058,2.86975454652367,255.1390329174482,17.616364912336042,100000000.0,3603.0,1077.0,119381.30201032998,342595.0342140598054888385806266,110.84614857,318.1012388233957018416519,0.02239347,0.0642637623449414084349,119381.30201037,342595.0342141746530657904579,0.061320932308190336,0.04892383620416929,0.06696087950587475
2020-10-21,3325.0,1456.0,2245381.0,1542.15728022,310927947.130988,1.3542902368062402,4.210866831497038717136451913176,0.003,0.00932783841392964,5075.87980755,15782.328884451559440813594,0.0,0.0,0.0,0.0,0.0,222.81772431,189.1268326962899,0.00024199569924659054,3.10927947130988,291.2648260076938,43.81743123205115,100000000.0,3874.0,2101.0,448797.33112950996,1395436.3284596478778884437064048,213.61129516,664.1772148809035285041808,0.00994899,0.0309341903672672830212,448797.33112964,1395436.3284600522085908928432,0.06156807083811131,0.04460010284086875,0.06745948722095078
2020-10-22,4138.0,1453.0,2564698.0,1765.10529938,323648583.494086,0.0040685278622087755,0.01316773279510092098067401551693,0.003,0.00970945750482258,16.062548,51.98620907505764091128,0.0,0.0,0.0,0.0,0.0,276.32396202,196.16627885126044,0.0002490083476700168,3.23648583494086,352.0485642527875,46.43846132137952,100000000.0,4786.0,1752.0,361894.05822214996,1171264.9931852512141825586513656,206.56053551,668.5302472359135107799386,0.00649511,0.0210213315113827291946,361894.05822222,1171264.9931854778976504379092,0.061618751520691926,0.044859814785113604,0.06755398418762035
2020-10-23,2663.0,1452.0,2569309.0,1769.49655647,337314966.46313,0.0034893623970621646,0.01177014159942730958886803891198,0.003,0.0101194489938939,15.67770525,52.883246206225871324325,0.0,0.0,0.0,0.0,0.0,57.34619364,196.8841355604536,0.0002604059112948847,3.3731496646313,369.2856861287164,55.566110059981156,100000000.0,4764.0,809.0,1743794.89993938,5882081.181916290987700050594,2155.49431389,7270.804922012727593318757,5.0,16.8657483231565,1743794.89993938,5882081.181916290987700050594,0.061656914923377305,0.04473898407141879,0.06750843010805124
2020-10-24,4495.0,1456.0,2174431.0,1493.42788462,344052609.791851,0.0040193342231554215,0.013828624291023248035095371701965,0.003,0.01032157829375553,13.4004603,46.104633386270905890153,0.0,0.0,0.0,0.0,0.0,471.7897793,200.1988938534479,0.00026235786271754785,3.44052609791851,346.34346309394004,45.43458030052333,100000000.0,4167.0,1003.0,211958.80959781999,729249.8161050400361069726690149,211.32483509,727.0686102654703180085159,0.03257842,0.1120869042389503445542,211958.80959782,729249.8161050400705122336482,0.061664873402003176,0.04262079889468852,0.06577544790514969
2020-10-25,2223.0,1434.0,1868380.0,1302.91492329,328780371.787836,0.002792545502832924,0.00918134148655858182504683512464,0.003,0.00986341115363508,7.8861485,25.92810835804085189646,0.0,0.0,0.0,0.0,0.0,189.10095984,189.7403590488823,0.00025210046101052734,3.28780371787836,338.4886503901404,38.023393658227256,100000000.0,3620.0,694.0,528818.0455861201,1738649.936359213726909436151036,762.02693431,2505.3949877478668082905316,0.08884219,0.2920956825864556560084,528846.69240836,1738744.1214878794706179270896,0.06178477159261767,0.04390753448167811,0.06604637273808928
2020-10-26,3113.0,1480.0,1944921.0,1314.13581081,318008608.688205,0.005690719162129604,0.0180969768318414306460463612082,0.003,0.00954025826064615,18.81351755,59.8286054060662724549775,0.0,0.0,0.0,0.0,0.0,596.45684352,183.1833613637903,0.0002431136516082292,3.18008608688205,299.65581794045437,26.630025294728377,100000000.0,3740.0,1772.0,167656.72334159003,533162.8132708234923427720659615,96.7324773,307.617605211363729402465,0.03234491,0.1028595982724520878655,171409.94976806,545098.396410558679406077323,0.06180928052796946,0.04387644116648385,0.06587534121137857
2020-10-27,4052.0,1443.0,2023517.0,1402.2986833,315166676.36991,0.03785855755370749,0.119317557563609401242951776259,0.003,0.0094550002910973,109.2597971,344.35047112857731145261,0.0,0.0,0.0,0.0,0.0,1455.7707929,181.56876747476258,0.00023046040359411986,3.1516667636991,289.1628410721758,27.00541390603958,100000000.0,3748.0,1172.0,68692.13236556003,216494.710504154782169045906973,58.61103444,184.722449230571291897004,0.02411872,0.076014168206964757152,68692.13236556,216494.710504154687619042996,0.06171571866039741,0.04383367120305746,0.06489447667365923
2020-10-28,3883.0,1452.0,2019984.0,1391.17355372,305207260.270304,1.614367764851735,4.9271676257909240990658337744,0.003,0.00915621780810912,5010.9975421,15293.928310455683256197984,0.0,0.0,0.0,0.0,0.0,949.38869407,175.86204330645467,0.00022964613119787666,3.05207260270304,270.36642191708415,26.24272419560973,100000000.0,3339.0,1265.0,105330.93623760002,321477.6647078398446891343580608,83.26556224,254.1325412613687693572096,0.01710335,0.052200665949441039184,105330.93623764,321477.6647079618665517904256,0.061771260902394716,0.044008485964474216,0.06501537022109093
2020-10-29,2456.0,1455.0,1902799.0,1307.76563574,302359257.49668,0.0087696290145987,0.02651578517375404424136782316,0.003,0.0090707777249004,26.43166185,79.91857651369323257658,0.0,0.0,0.0,0.0,0.0,320.88141612,173.37296775752807,0.00022438173036433637,3.0235925749668,286.1801066758,23.419934737533026,100000000.0,3232.0,1553.0,311641.60644758015,942277.24730562896692332658902,200.67070602,606.746456735417534060136,0.01244629,0.037632510029883533172,311641.60644761,942277.247305719221161689348,0.06177860250254901,0.04410511255570898,0.06502267171931907
2020-10-30,4452.0,1445.0,2137963.0,1479.55916955,321762830.156809,0.00486323560606069,0.0156480845232545187830347073821,0.003,0.00965288490470427,16.6906246,53.704226083808581529014,0.0,0.0,0.0,0.0,0.0,231.60843113,184.08575149564115,0.0002365329902452597,3.21762830156809,312.284368927127,25.45315379372976,100000000.0,3776.0,1560.0,431763.2113497299,1389253.528414815697681567958891,276.77128933,890.5471336096983300854797,0.03441807,0.1107445561173516313863,431763.21134982,1389253.5284151056059915392438,0.06187067289023548,0.044698257156510435,0.06490219221711221
2020-10-31,2607.0,1444.0,2341444.0,1621.49861496,322397116.29852,0.017613084097300294,0.0567840752209293603627818776488,0.003,0.0096719134889556,62.63212705,201.92417148562530366966,0.0,0.0,0.0,0.0,0.0,1399.46398885,189.2308607814471,0.0002334987046504324,3.2239711629852,306.4399603058175,22.988232752584604,100000000.0,4548.0,625.0,71455.92941045,230371.85584359684309807534,114.32948706,368.594969360329574371512,0.599,1.9311587266281348,71455.92941045,230371.85584359684309807534,0.06187123389615909,0.044626813160260695,0.06485442376745452
2020-11-01,8078.0,1447.0,2283082.0,1577.80373186,322203092.616561,0.009886346764126246,0.03185411502081206986789074360006,0.003,0.00966609277849683,30.09403955,96.9639261233509971898755,0.0,0.0,0.0,0.0,0.0,1609.50799351,205.90378773727298,0.00023455299698269994,3.22203092616561,301.5990725208402,31.48708442733441,100000000.0,3927.0,4980.0,62130.78804403001,200187.3205449052217000610699561,12.47606186,40.1982571496752429646346,0.00161684,0.0052095084826616048724,62130.78804419,200187.3205454207144279383059,0.06184749619400191,0.0424016438236864,0.06408879834662592
2020-11-02,4243.0,1442.0,4656129.0,3228.93828017,312242365.335614,0.6482571955444552,2.024133600826323447100047874928,0.003,0.00936727096006842,5041.49620975,15741.687013628727676890365,0.0,0.0,0.0,0.0,0.0,315.73108863,202.6212748418151,0.0002296648729486264,3.12242365335614,293.8253687505298,29.043913593735493,100000000.0,8047.0,2748.0,316725.22473194,988950.3333175485621128531116,115.256632,359.88003396296419292048,0.01124508,0.0351119037758820627912,316725.22473213,988950.3333181418226069907782,0.0618841267298529,0.0428694133673733,0.05471487139235011
2020-11-03,1981.0,1454.0,1627231.0,1119.140990371389,314904686.12871187,0.00383525,0.012077381974751421994175,0.003,0.0094471405838613561,9.59578785,30.217585610619568982967795,0.0,0.0,0.0,0.0,0.0,1457.469565371267,210.8360336591757,0.00022498148853587397,3.1490468612871187,289.37145675844175,32.862545143668505,100000000.0,2650.0,618.0,68612.06736384002,216062.615378520704492058167808,111.02276272,349.615882474840533222574864,0.04198457,0.132211378380989325158459,68612.06736384,216062.615378520704492058167808,0.061881742862493996,0.042514293862900995,0.054565986524068896
2020-11-04,2467.0,1451.0,1470503.0,1013.441075120606,319457215.3332159,0.00396683,0.01267232465500260828597,0.003,0.009583716459996477,9.12767805,29.15902612311118206340995,0.0,0.0,0.0,0.0,0.0,680.549680263238,219.33169320151706,0.00022609800032741297,3.194572153332159,286.62391054548385,35.58578374483747,100000000.0,2443.0,430.0,146940.04405573997,469410.57294986773773889514262477,341.72103269,1091.65249523938239806727771,0.047609445,0.152091807232598990641755,146940.04405574,469410.57294986764190173054266,0.06188251529641961,0.042422020562802885,0.051404303413048046
2020-11-05,2369.0,1441.0,1750252.0,1214.609299097849,344724444.12938765,0.00476315,0.016419742360548927850975,0.003,0.0103417333238816295,11.91262605,41.065733932075128899382825,0.0,0.0,0.0,0.0,0.0,270.85308061215,237.64281036172756,0.00022088564170366586,3.4472444412938765,323.34283224897604,59.166634778604745,100000000.0,3102.0,1040.0,369203.8494596101,1272735.91775394210631817120755265,355.0037014,1223.7845362899011626544771,0.02135352,0.07361080312205761772028,369203.84945964,1272735.91775404517892696589446,0.062078112273790904,0.04016282227054856,0.05139513237525142
2020-11-06,13427.0,1442.0,2135681.0,1481.054785020804,356569121.1807475,0.00657433,0.02344203070452223711675,0.003,0.010697073635422425,18.1385674,64.676530372957561111315,0.0,0.0,0.0,0.0,0.0,395.062402868195,247.1207285768144,0.00022829230401329924,3.565691211807475,341.1951282416323,55.942700619974836,100000000.0,3398.0,1878.0,253124.56785052,902564.047077164086204818637,134.78411494,480.5985341328065955511765,0.00500167,0.01783441076336109348325,253124.56785098,902564.0470788043041622500755,0.06171633551085817,0.03965249250453577,0.05128256745731294
2020-11-07,9029.0,1450.0,1902574.0,1312.12,345022249.6097716,0.02469593,0.08520645324805446749588,0.003,0.010350667488293148,66.5802158,229.7165583482005891671128,0.0,0.0,0.0,0.0,0.0,412.950858609891,240.26783786396882,0.00023208259141840128,3.450222496097716,345.8937458936807,49.724824306799896,100000000.0,2828.0,954.0,242159.56430416,835504.37640743442037780514246864,253.83602128,875.79075094019455553539648,0.03073971,0.10605883896551992150236,242159.56430423,835504.37640767579794363213868,0.06174666156666268,0.040586504736124435,0.0512480700765938
2020-11-08,1719.0,1467.0,1401601.0,955.419904567144,352767573.56173687,0.00399158,0.014080999912775576555546,0.003,0.0105830272068521061,8.05101545,28.401371850045550692046415,0.0,0.0,0.0,0.0,0.0,286.077455601237,249.06832216519396,0.00022759197255915343,3.5276757356173687,358.2212575745738,47.10752843334673,100000000.0,2554.0,457.0,349555.68165913003,1233119.096436102284804332999752061,764.89208459,2698.291247173930855553618333,0.07990926,0.281893957553139575964162,349555.68265913,1233119.099963777914591429631231,0.06093286262139392,0.040318051143057816,0.05115269943256664
2020-11-09,4839.0,1442.0,1737710.0,1205.069348127601,378757028.8389572,0.00430754,0.01631511052004961697288,0.003,0.011362710865168716,12.1731064,46.1064961180449446064608,0.0,0.0,0.0,0.0,0.0,161.293568775296,265.10034398420186,0.0002472333418526395,3.787570288389572,374.9470103503238,56.318336073128805,100000000.0,2957.0,1866.0,619987.5218789002,2348246.3170408017317536356697572,332.25483488,1258.43854076527122597387136,0.020706395,0.07842692648165839171294,619987.52187896,2348246.31704102860721391020512,0.06110262671777959,0.04168892225976236,0.05182200392067476
2020-11-10,2183.0,1431.0,1725939.0,1206.106918238994,383172348.26531026,0.00463773,0.017770498947204773521098,0.003,0.0114951704479593078,13.2453494,50.75251633192518293104844,0.0,0.0,0.0,0.0,0.0,311.443511870508,271.0900743598916,0.0002501243246508629,3.8317234826531026,391.52352027878754,56.666229041729004,100000000.0,2997.0,541.0,321085.51370811,1230310.902815099649712417802492922,593.5037222,2274.14214939576352447849772,0.08727645,0.33441922294759937641377,321085.51370811,1230310.902815099764664122282086,0.06108447424523285,0.041680739852120896,0.051777378989679754
2020-11-11,4638.0,1444.0,1647377.0,1140.842797783934,375291296.49438673,0.00662964,0.024880461908910460406772,0.003,0.0112587388948316019,16.5276908,62.02698508390347809063084,0.0,0.0,0.0,0.0,0.0,655.484397417995,289.8406119466924,0.00023856432812306922,3.7529129649438673,384.46763371291325,52.472130701496425,100000000.0,2633.0,1323.0,152558.93259078002,572540.396037935831725520822371346,115.31287422,432.759180685179439325271006,0.02274279,0.085351711449995735791767,152558.93259088,572540.396038311047963755910224,0.06108230391021087,0.04216568445627249,0.051689193749584764
2020-11-12,2408.0,1433.0,1772536.0,1236.940683879972,389723400.9374305,0.00335786,0.0130863661907176037873,0.003,0.011691702028122915,9.1132318,35.516396906271414428899,0.0,0.0,0.0,0.0,0.0,264.794335514835,314.20006302529055,0.00023924360306387695,3.897234009374305,395.0113796266918,54.67248953818288,100000000.0,3405.0,665.0,377651.58308832993,1471796.59330588553001646670444865,567.89711743,2213.22795987382940740963615,0.08465711,0.32992856822734156955855,377651.58308833,1471796.59330588580282284736065,0.061124502567016986,0.04235591501486386,0.047773204348282056
2020-11-13,3751.0,1436.0,1575063.0,1096.840529247911,409548386.4150064,0.00448088,0.01835137173719273877632,0.003,0.012286451592450192,10.73171085,43.9515486208991678569944,0.0,0.0,0.0,0.0,0.0,340.429875222883,331.82005236313273,0.00025079412873920553,4.095483864150064,432.4407672111755,63.11095849527868,100000000.0,2550.0,1656.0,293746.25224807,1203033.03623652502487531845197808,177.38300257,726.46922479992433337766448,0.01,0.04095483864150064,293746.25224827,1203033.03623734424451266438928,0.061198833882987545,0.042684786044420664,0.04720614625127401
2020-11-14,2735.0,1446.0,1542320.0,1066.611341632089,430406031.1380623,0.00556913,0.02396987140191916896799,0.003,0.012912180934141869,13.51069815,58.15085968645860711194745,0.0,0.0,0.0,0.0,0.0,245.57879502365,355.3160132265541,0.00026729956737389437,4.304060311380623,458.38021596869794,59.762490577873216,100000000.0,2636.0,796.0,407201.2813254899,1752618.8736963767245233108422077,511.55939865,2201.78250464320325314235895,0.039984485,0.172095634959493849634155,407201.28132561,1752618.87369689364216670765503,0.0612791127894992,0.04193960975040043,0.04357512032366585
2020-11-15,10026.0,1442.0,1571238.0,1089.624133148405,439422132.00801055,0.01337276,0.05876286710031443162618,0.003,0.0131826639602403165,27.66823915,121.580366362005056131230325,0.0,0.0,0.0,0.0,0.0,1470.651082617833,383.1397916124698,0.0002748663704839735,4.3942213200801055,471.6215210057665,48.71152612003882,100000000.0,2229.0,1815.0,67997.09406394002,298794.28043925762030376534727211,37.46396367,164.624947893420513941767185,0.01186793,0.052150311031218286466615,67997.09406428,298794.28044075156766816618154,0.06128422663645289,0.039377282885731835,0.0435665114271901
2020-11-16,2790.0,1443.0,1853904.0,1284.756756756757,489821098.553351,3.05359363,14.9571458638211482875413,0.003,0.01469463295660053,10009.67991305,49029.5241117756191846613055,0.0,0.0,0.0,0.0,0.0,39.728489718657,396.169115883373,0.0002925518249624442,4.89821098553351,536.518429002136,53.661285881481625,100000000.0,3436.0,759.0,2517085.36388283,12329215.1808964903713726786333,3316.31800248,16244.0252712700820603031048,0.43,2.1062307237794093,2517085.36388283,12329215.1808964903713726786333,0.06173188986139397,0.04156541538179537,0.04541061283590184
2020-11-17,2484.0,1424.0,1858027.0,1304.794241573034,493245480.86312845,0.01599662,0.07890260524084737825839,0.003,0.0147973644258938535,47.66991465,235.129699742435415434867925,0.0,0.0,0.0,0.0,0.0,428.107916973711,417.95247672839366,0.00027895077557852087,4.9324548086312845,575.1791696275087,60.72131878581824,100000000.0,3221.0,1367.0,233585.96287333,1152152.20580332534989924486501069,170.8748814,842.8326304357304352671583,0.01728148,0.08524011912626537046106,233585.96287351,1152152.205804213093115702323595,0.06164159941324182,0.04041042797997197,0.044707663523068784
2020-11-18,5013.0,1449.0,2511195.0,1733.053830227743,518796102.9050519,0.01749923,0.09078532327839171360037,0.003,0.015563883087151557,69.0869536,358.4204228926214582089184,0.0,0.0,0.0,0.0,0.0,425.998659922058,439.15195224230564,0.0002913817102161429,5.187961029050519,622.0141208608816,76.63136788461061,100000000.0,4261.0,630.0,234742.52247248002,1217835.05844824202623392779813038,372.60717853,1933.07152135810924942215707,0.290157365,1.505325101911987044922435,234742.52247248,1217835.05844824192247470721712,0.06163079602167562,0.03925974789359449,0.04477987723098583
2020-11-19,13222.0,1448.0,3141911.0,2169.828038674033,578254305.54136705,0.09788949,0.566050190597485944273045,0.003,0.0173476291662410115,460.17848275,2661.001889676812064298433875,0.0,0.0,0.0,0.0,0.0,136.233503194705,495.7935034442375,0.0003245216107354405,5.7825430554136705,718.6212645261711,101.49956944639955,100000000.0,5087.0,1629.0,734033.8290873999,4244582.22082804942084819376033295,450.60394665,2605.636722442949575662678825,0.02282909,0.132010195840913671074845,734033.8290874,4244582.2208280499991024993017,0.062072458683544836,0.04167117400280994,0.045955271961702945
2020-11-20,2431.0,1442.0,3147597.0,2182.799583911234,679709920.821929,0.92833852,6.3100090192514675140508,0.003,0.02039129762465787,5022.31139335,34137.1487951700041322477215,0.0,0.0,0.0,0.0,0.0,147.230858233427,566.660894291922,0.00036418659742749513,6.79709920821929,946.5826493437856,118.60689175540088,100000000.0,6033.0,935.0,679205.4410323099,4616626.7654589479645744552599,726.43778399,4937.6696863790046215711671,9.997,67.95060078456824213,679219.32802745,4616721.1567426186037027395105,0.06295343603892893,0.047718930850652076,0.046330418607669926
2020-11-21,12116.0,1443.0,2895471.0,2006.56340956341,614807755.01251115,0.02919394,0.17948660711369949762431,0.003,0.0184442326503753345,121.8555059,749.17710018292807012640785,0.0,0.0,0.0,0.0,0.0,222.218781579988,509.31774638075296,0.0003286583908957005,6.1480775501251115,875.6063285526845,89.96151578205361,100000000.0,4493.0,2633.0,450006.96740839985,2766677.733723466583680589532846655,170.91035602,1050.77012293045220200719623,0.01614103,0.099236304178895928474845,450006.96740846,2766677.73372383565277592354329,0.06346912359432898,0.052903674872320554,0.048825770060880846
2020-11-22,5113.0,1442.0,2952461.0,2047.476421636616,710567021.3623347,0.01317769,0.09363631931736224352843,0.003,0.021317010640870041,67.1930294,477.4515075706978354974018,0.0,0.0,0.0,0.0,0.0,80.592196197882,549.5926794717941,0.00038444994759164646,7.105670213623347,1025.8833866129519,110.65386715949434,100000000.0,5295.0,1262.0,1240814.9264783002,8816821.6636960995628533688701,983.21309547,6986.38800612558716853193809,2.163866375,15.375720847098627488257125,1240814.9264783,8816821.6636960995628533688701,0.06426124502163373,0.05742430934203463,0.051289529193049646
2020-11-23,9696.0,1452.0,2368947.0,1631.506198347107,800857576.181786,0.0059514,0.047662237788882812004,0.003,0.02402572728545358,23.74607155,190.172213053722661627883,0.0,0.0,0.0,0.0,0.0,100.114324548306,593.8684733383783,0.00043588218630148754,8.00857576181786,1283.615551501737,132.77183587309463,100000000.0,4135.0,1083.0,998858.0600346499,7999430.449089906062241012667214,922.3066113,7386.362372221546384417818,0.60719526,4.8627692419266935753436,998858.06003466,7999430.4490899869488562070276,0.06476745383234889,0.059958410671662785,0.0521766291731998
2020-11-24,3859.0,1436.0,1734676.0,1207.991643454039,754495887.1662358,0.02432527,0.18353316169208220718666,0.003,0.022634876614987074,70.8838425,534.815676327892297650615,0.0,0.0,0.0,0.0,0.0,438.52300848052,554.1433438491039,0.00039398746536273413,7.544958871662358,1170.8819069699887,129.48325140684392,100000000.0,3052.0,1948.0,228038.20567249006,1720538.88296661932868914143116148,117.06273392,883.23351283075404263378336,0.02315198,0.17468073689754947916884,228038.20567267,1720538.88296797696858850835586,0.06497801550391835,0.06061312164387554,0.05316440758230423
2020-11-25,2092.0,1439.0,2113006.0,1468.384989576095,668158177.3140663,0.00395011,0.02639298297790066432293,0.003,0.020044745319421989,13.8530381,92.5602068715831611982603,0.0,0.0,0.0,0.0,0.0,532.711715171013,488.50033669245516,0.0003563815586236505,6.681581773140663,1007.8915526724419,110.10694649752995,100000000.0,3733.0,731.0,187718.79264547,1254258.46341594389154819974661,256.79725396,1715.81185145170994321377548,0.21136944,1.41228219770294897953872,187718.79264547,1254258.46341594389154819974661,0.06571620812455573,0.06560825248748077,0.055985937006845565
2020-11-26,2400.0,1434.0,2483981.0,1732.204323570432,601291162.7879021,0.00371261,0.02232359583877993215481,0.003,0.018038734883637063,15.02863695,90.36586586782730513042595,0.0,0.0,0.0,0.0,0.0,391.264741561675,439.4437650767251,0.00035135042101348173,6.012911627879021,885.4162542651768,90.7851330329634,100000000.0,4197.0,1776.0,255581.42448733,1536788.51916975063077841986151042,143.90845973,865.30885086067683889032433,0.03112947,0.18717875213271114784887,255581.42448738,1536788.51917005115610158125498,0.06626883495762019,0.06956309451296154,0.05804903488299978
2020-11-27,3011.0,1412.0,2895432.0,2050.589235127479,643569513.50462905,0.01527256,0.09828954009170257443868,0.003,0.0193070854051388715,72.17814,464.51650445469006218967,0.0,0.0,0.0,0.0,0.0,54.870150221143,431.30409021582733,0.00037632116289040715,6.4356951350462905,950.6089846549922,110.86310755997668,100000000.0,4902.0,1281.0,1822484.5311516302,11728954.8308296661456483515377731,1422.70455203,9156.092764107683079115744715,0.02438712,0.15694806954179009197836,1822484.53115166,11728954.83082985792936337591723,0.06637946027307023,0.06930069881100755,0.058197045964194616
2020-11-28,9115.0,1443.0,2945935.0,2041.534996534997,660385383.2585157,0.70743265,4.67178181699837396717605,0.003,0.019811561497755471,3143.8306809,20761.3982910602687385434013,0.0,0.0,0.0,0.0,0.0,871.358498087507,442.37345267659475,0.0003721450221265443,6.603853832585157,948.5607042190458,118.41083640899173,100000000.0,4555.0,652.0,114763.32671281001,757880.23495261304407282273872471,176.01737226,1162.39299840076929781954482,0.058094375000000004,0.383646760995389356607290330340628,114763.32671281,757880.23495261284595720776117,0.06631645859275612,0.06899826443042921,0.05820835623029857
2020-11-29,1738.0,1448.0,2856301.0,1972.583563535912,703206061.3345919,0.00298442,0.02098662233568182758198,0.003,0.021096181840037757,13.4448274,94.5448412127740174493806,0.0,0.0,0.0,0.0,0.0,308.895689349173,472.258696548687,0.00038657094571532857,7.032060613345919,1062.6450218965242,118.54794756494685,100000000.0,4666.0,1072.0,323733.87990844,2276516.26610979867027776765636,301.99055962,2123.61591990609451945319078,0.021736409999999998,0.152851752636538353146668773308162,323733.87990844,2276516.26610979867027776765636,0.06636108773078726,0.06900969925004226,0.05839419109092279
2020-11-30,2517.0,1417.0,3089399.0,2180.239237826394,708396821.2768321,0.00360516,0.02553883884194384013636,0.003,0.021251904638304963,17.89963235,126.80042658763952162678435,0.0,0.0,0.0,0.0,0.0,321.064589536119,472.76991261121503,0.00036024315374586245,7.083968212768321,1063.8292542251377,119.72802654379203,100000000.0,5166.0,1056.0,311463.8090251001,2206399.72256155108281612747405037,294.95625855,2089.46075972527430012539455,0.620678865,4.396869349997119986235665,311473.8090251,2206470.5622436789785451738571,0.06635875037711944,0.06895185167480185,0.05840302738287696
2020-12-01,2072.0,1439.0,2878508.0,2000.353022932592,682537476.1089624,0.02457999,0.16776764337383534702376,0.003,0.020476124283268872,118.91800165,811.6599271011242626298796,0.0,0.0,0.0,0.0,0.0,435.715913418054,454.34907041349146,0.0003626543221873215,6.825374761089624,1048.5533654019205,111.83455148309785,100000000.0,5105.0,595.0,229507.33934763004,1566473.6014681450316793839366388,385.72662075,2632.728741947439253408098,1.33317173,9.09939667814019071312952,229507.33934763,1566473.60146814537294812199112,0.06645283199094429,0.06976173768085572,0.057793304272424885
2020-12-02,3368.0,1442.0,2417973.0,1676.819001386963,711540902.6803683,0.00323602,0.02302560591891725426166,0.003,0.021346227080411049,11.8826706,84.5500616497747359558198,0.0,0.0,0.0,0.0,0.0,253.92547444285,466.7220446558231,0.00037030738180227085,7.115409026803683,1124.8450761094866,127.88096096939567,100000000.0,4001.0,906.0,393816.3361490797,2802164.3131379152734586730205351,434.67586771,3092.89659283745755584877593,0.036560524999999996,0.260143089609681693951938892785268,393816.33614916,2802164.31313848664080352535628,0.06649139504858538,0.06899483603605383,0.05774489741627046
2020-12-03,3034.0,1445.0,2763550.0,1912.491349480969,740036265.1835935,0.00515017,0.03811312571860587735895,0.003,0.022201087955507805,22.2796309,164.8773484090498391563915,0.0,0.0,0.0,0.0,0.0,368.894591380337,499.26907383856,0.0003800844564194936,7.400362651835935,1221.3687422670275,135.00325583631243,100000000.0,4652.0,1078.0,271080.14684036997,2006091.3943316744495336095123565,251.4658134,1860.938213698904398124529,0.03137598,0.2321936305567512598413,271080.14684047,2006091.39433241522583505828945,0.0665253539103765,0.06893190120045872,0.05758317431169067
2020-12-04,2111.0,1460.0,2524029.0,1728.78698630137,729199942.1369314,0.00317588,0.02315851512233837694632,0.003,0.021875998264107942,13.4720988,98.2385366542302294962232,0.0,0.0,0.0,0.0,0.0,246.666345479384,483.11247306482466,0.00038926024830700126,7.291999421369314,1200.327338509341,128.26216067035003,100000000.0,4475.0,944.0,405405.9332887701,2956219.83096139777140876144485942,429.46331067,3131.64621290498993518678038,0.07477445999999999,0.54525531905320284200044578630686,405413.36527347,2956274.02498952957824347629958,0.06654178924641051,0.06934118559197594,0.057659009135621046
2020-12-05,1666.0,1434.0,2434447.0,1697.661785216179,816029893.647719,0.00303719,0.0247843783268791566961,0.003,0.02448089680943157,12.02421735,98.1212080531755758772465,0.0,0.0,0.0,0.0,0.0,310.627433846733,531.7924159565109,0.00042691370954319016,8.16029893647719,1337.5557112349452,136.71947479924958,100000000.0,4181.0,576.0,321929.06711949006,2627037.4240362686530193256217314,559.77199153,4567.9067871519776087182007,1.098,8.96000823225195462,322428.66711949,2631114.3093849321675253894331,0.06695509100172507,0.07052862132579303,0.05729179481650279
2020-12-06,11093.0,1465.0,2366958.0,1615.670989761092,844290702.2059478,1.43528479,12.11797603214616324873962,0.003,0.025328721066178434,5126.83728665,43285.4105284136458844353687,0.0,0.0,0.0,0.0,0.0,117.73449655522,524.3562843742884,0.0004361836227204853,8.442907022059478,1375.596313787144,136.7817772358282,100000000.0,3781.0,1330.0,849368.7315603202,7171141.2280083783422734869189078,638.62310644,5391.83550981171344680483832,0.022789915,0.19241313338563862856437,849368.73156037,7171141.22800879964333388768686,0.06696241221113818,0.07052928861507349,0.057158939433211285
2020-12-07,5789.0,1461.0,2890185.0,1978.223819301848,898444111.3790366,2.17347054,19.52741807918814823681764,0.003,0.026953323341371098,10030.56654305,90119.0344439885231710142563,0.0,0.0,0.0,0.0,0.0,239.345530481211,545.6270201710415,0.00046837442862094784,8.984441113790366,1438.3990946744816,160.4017892745173,100000000.0,4911.0,3353.0,417806.0053970799,3753753.45247804510341170853128,124.60662255,1119.5208626887777359883533,0.01517356,0.13632595630656494592296,417806.00539725,3753753.4524795724584010528935,0.06696727363800628,0.06979592609790729,0.05736413855064587
2020-12-08,3995.0,1442.0,2718285.0,1885.079750346741,780322294.6480015,3.45196106,26.9364217537474758482159,0.003,0.023409668839440045,15026.3864881,117254.2438466191668526853215,0.0,0.0,0.0,0.0,0.0,349.178173770083,467.4097298474337,0.00042545293320216164,7.803222946480015,1283.84897875446,121.20011960550546,100000000.0,4567.0,1072.0,286386.7432500099,2234739.6064961577989683189021485,267.15181273,2084.64515528846777996759095,0.038389795,0.299564129254663747446925,286386.74325001,2234739.60649615857929061355015,0.06747847060801526,0.0766027698570907,0.0610758701495603
2020-12-09,2594.0,1439.0,2568201.0,1784.712300208478,856354498.6680803,0.00483649,0.04141749969263183690147,0.003,0.025690634960042409,21.0290511,180.0832251220594256760333,0.0,0.0,0.0,0.0,0.0,217.320915822922,501.39080123930034,0.0004610328291623104,8.563544986680803,1526.1638276027415,126.09600178065385,100000000.0,4561.0,1476.0,460148.9903598701,3940506.5795224987435502892436903,311.75405851,2669.71990483070422915578353,0.02167803,0.18564078512761604785809,460148.99035991,3940506.57952284042899525780773,0.06765824129267972,0.07714486062280256,0.06178965527887759
2020-12-10,10580.0,1436.0,2483115.0,1729.188718662953,816108366.5841003,0.01903421,0.15533978032318747771263,0.003,0.024483250997523009,71.0356653,579.7280077719785321242959,0.0,0.0,0.0,0.0,0.0,889.485628018102,475.82300164915654,0.0004460864683634959,8.161083665841003,1301.9482942807526,112.98728112265115,100000000.0,3918.0,1328.0,112424.52587212004,917505.96173487793767350385318006,84.65702249,690.89304344187343573515747,0.020044065,0.163581291468555343797195,112424.52587212,917505.96173487777445183053636,0.06778048490725974,0.07832312350425388,0.06241659775136749
2020-12-11,2948.0,1445.0,2172458.0,1503.431141868512,814025541.339048,0.00380885,0.031005011831292329748,0.003,0.02442076624017144,11.2818008,91.836740034993047976384,0.0,0.0,0.0,0.0,0.0,654.915030196216,471.7683326525727,0.00045069004359489523,8.14025541339048,1211.7817724411682,116.9049879234872,100000000.0,4157.0,1020.0,152691.56362167996,1242948.3273504375059168336064,149.69761139,1218.5767914890718773655672,0.025580585000000003,0.20823249552394533625156624017144,152691.56362202,1242948.3273532051927573863696,0.06758903198196381,0.07802423875747191,0.06246039432884017
2020-12-12,2332.0,1444.0,1832312.0,1268.914127423823,850345529.394962,0.00368227,0.0313120183252518672374,0.003,0.02551036588184886,9.97159515,84.793013567389855136343,0.0,0.0,0.0,0.0,0.0,435.53487630792,491.49970281070915,0.0004519920816886778,8.50345529394962,1267.7314031573521,118.19206322986075,100000000.0,3005.0,627.0,229602.73778235994,1952416.6161007355758843647032,366.19256425,3113.902099076648858113085,0.158921,1.35137761876976756002,229602.73778236,1952416.6161007355758843647032,0.06762184320317315,0.0780628865572786,0.0625341014963722
2020-12-13,3523.0,1434.0,2225801.0,1552.162482566248,862667968.376165,0.01918442,0.165497846258750673493,0.003,0.02588003905128495,62.1191558,535.88205931228466641507,0.0,0.0,0.0,0.0,0.0,1377.666703138399,499.99793125269525,0.00045033631909140333,8.62667968376165,1154.5019063423529,110.63883950991818,100000000.0,3411.0,1196.0,72586.49698958,626180.458895435954135253607,60.69105099,523.5622565615753751565335,0.00785593,0.0677705917280536590845,72586.49698958,626180.458895435954135253607,0.06746069119084616,0.07796037494771374,0.06246142535205764
2020-12-14,11114.0,1455.0,2438256.0,1675.777319587629,864307455.448892,1.41407101,12.2219211647714471382092,0.003,0.02592922366346676,5015.7098684,43351.154336267009562458128,0.0,0.0,0.0,0.0,0.0,1149.493383723706,500.2017665101038,0.0004481353246271917,8.64307455448892,1104.8489132833397,100.81211528647145,100000000.0,3763.0,813.0,86994.84609129,751902.9406233084801856135068,107.00473074,924.8498654688323429134008,0.02169741,0.1875323322693134376972,86994.84609129,751902.9406233084801856135068,0.06745952026922714,0.07792338418445903,0.062160282444017674
2020-12-15,3672.0,1440.0,2277121.0,1581.334027777778,811941762.186282,0.00749882,0.0608860512511773518724,0.003,0.02435825286558846,26.7032915,216.81517556683965547203,0.0,0.0,0.0,0.0,0.0,1895.661404312248,470.67267741140296,0.0004178248120100455,8.11941762186282,945.6278714011128,84.77489025779894,100000000.0,3783.0,1421.0,52752.036715270006,428315.81649511775880784499257692,37.12317855,301.418590098429850466511,0.02033472,0.1651060839036463231104,52752.03671527,428315.8164951177100913392614,0.06764552114236876,0.07948187535273153,0.06229454164911158
2020-12-16,2406.0,1439.0,2199613.0,1528.570535093815,833240209.309477,1.34406722,11.1993085171880687104394,0.003,0.02499720627928431,5012.0266701,41762.221516588050286825377,0.0,0.0,0.0,0.0,0.0,619.022020027174,480.0427601737611,0.00038989804596457477,8.33240209309477,851.5648367287673,70.11113073127882,100000000.0,3906.0,584.0,161545.14179578,1346059.0776284486836555260706,276.61839349,2304.8956809045886997210473,1.667405985,13.89349711945274667019845,161545.14179578,1346059.0776284486836555260706,0.06762322974227777,0.07773543848451202,0.06182484388585322
2020-12-17,3769.0,1455.0,2522852.0,1733.918900343643,790610866.795402,0.00453799,0.0358778420740886632198,0.003,0.02371832600386206,19.5043025,154.20313505764726217105,0.0,0.0,0.0,0.0,0.0,374.980487680616,451.5220114657339,0.0003469224579978428,7.90610866795402,814.7789102709161,60.287503377003056,100000000.0,4510.0,673.0,266680.5428158,2108405.351130679535995729516,396.2563816,3132.846013299855840374032,0.18735047,1.4812131748122595853894,266680.5448158,2108405.366942896871903769516,0.06777171459581324,0.07877060208367649,0.06206839100798756
2020-12-18,19469.0,1438.0,9078505.0,6313.285813630042,779624566.71804,0.39171567,3.053911595004167396868,0.003,0.0233887370015412,5613.28557415,43762.55333611318142562666,0.0,0.0,0.0,0.0,0.0,83.165677108401,420.7789531400701,0.0003382500457463411,7.7962456671804,775.9185442694537,50.2757176379029,100000000.0,15018.0,5752.0,1202419.11659851,9374354.82791601933403967464008,209.04525721,1629.768180768074773470684,0.00658564,0.051343267315609929456,1202428.31944678,9374426.575581968480930459112,0.06778927740993669,0.07866879059990195,0.061700244763134286
2020-12-19,10922.0,1450.0,2436048.0,1680.033103448276,767206244.773932,3.74128362,28.7033615673442239459384,0.003,0.02301618734321796,13217.95504185,101408.976512483996928490542,0.0,0.0,0.0,0.0,0.0,216.993884656128,408.8670755880369,0.0003215884344777661,7.67206244773932,791.8050816826262,32.676270184562895,100000000.0,3659.0,939.0,460842.48023150995,3535612.286907217415986607586234,490.78006414,3765.2953001875888675999848,0.0248679,0.190788081744136635828,460842.48023151,3535612.2869072177995897299732,0.06781177884766604,0.07674961393281832,0.0616294334135281
2020-12-20,3617.0,1434.0,2201886.0,1535.485355648536,718981914.891084,1.37836855,9.910220595046468610082,0.003,0.02156945744673252,5065.5044327,36420.060769119201397080468,0.0,0.0,0.0,0.0,0.0,715.432235925159,381.716184865871,0.0003055784976728405,7.18981914891084,698.5205318499138,5.777757962053273,100000000.0,3784.0,1609.0,139775.64188267998,1004961.5865593965354126772729832,86.87112609,624.5876858493300678078156,0.0067898,0.048817434057274821432,139775.64188305,1004961.586562056912294157262,0.06804244034332382,0.07227038249754966,0.06193025805342574
2020-12-21,1858.0,1448.0,3377768.0,2332.71270718232,671976347.009127,0.86232439,5.7946159352907376470753,0.003,0.02015929041027381,5020.45257875,33736.2538420097649693625125,0.0,0.0,0.0,0.0,0.0,396.881328205808,353.8576098818929,0.0002929607582443239,6.71976347009127,675.7762651113754,9.298612701372402,100000000.0,6002.0,711.0,251964.48634172996,1693141.7510794677204809708934492,354.38043086,2381.3526738082329861245922,0.0515977,0.346724339600728322079,251964.48634175,1693141.7510796023845409115225,0.0681785431183607,0.07090765884456764,0.06271622078724164
2020-12-22,11633.0,1443.0,3025890.0,2096.943866943867,712593349.993971,56.02022456,399.1963948662493006612776,0.003,0.02137780049981913,250018.26222775,1781613.5104054347535952889525,0.0,0.0,0.0,0.0,0.0,123.831393453952,365.3099212551121,0.00029995230307140595,7.12593349993971,723.5628360700821,0.28517065536636854,100000000.0,5219.0,1063.0,807549.6625755599,5754545.193412191403509969493629,759.68924043,5413.4950079238897406944753,0.05713754,0.4071583103901451777134,807549.66257556,5754545.1934121921161033194876,0.06826920917051768,0.0665822989581644,0.06289254199759611
2020-12-23,2440.0,1431.0,2870236.0,2005.755415793152,591909497.104348,1.99706249,11.8208025414185700670652,0.003,0.01775728491313044,10019.2625169,59304.966377347230044134812,0.0,0.0,0.0,0.0,0.0,255.173150190494,301.8781746807328,0.0002539591613269212,5.91909497104348,595.5653122636899,-26.090541600871255,100000000.0,5199.0,1044.0,391890.76094152994,2319638.6322874128583313677244,375.37429209,2221.8760845689253536100732,0.01243696,0.0736155473910689190208,391890.76094162,2319638.6322879455768787616376,0.06976213224120882,0.07086629753604717,0.06787693253103631
2020-12-24,4359.0,1443.0,2430844.0,1684.576576576577,648197253.917759,61.97956064,401.7498100587722151340576,0.003,0.01944591761753277,250459.40454257,1623470.9824237096821379450063,0.0,0.0,0.0,0.0,0.0,401.099280373123,327.80703344209036,0.00027341289310193415,6.48197253917759,665.6397362789071,-14.08869618199208,100000000.0,4216.0,1009.0,249314.83274408994,1616051.8994568450212323567677723,247.11182631,1601.7720722474422903243929,0.07465512,0.4839124377490076827608,249335.8327441,1616188.020880232764806924719,0.06992531703237537,0.07254322154294811,0.06830223617378722
2020-12-25,2182.0,1448.0,2187486.0,1510.694751381215,665408347.055702,72.77907833,484.2780621180276073113766,0.003,0.01996225041167106,251015.04114786,1670275.0361631654500943809772,0.0,0.0,0.0,0.0,0.0,549.079151840247,334.69637931995186,0.0002697328285504083,6.65408347055702,651.9727343502026,-0.41155378347958965,100000000.0,3666.0,1365.0,182123.10495645014,1211862.3422972360252943582458424,133.42404224,887.8147140440856328085248,0.01,0.0665408347055702,182123.81766029,1211867.0846880763733194347358,0.06992852091838984,0.06930681269940028,0.06807497041518991
2020-12-26,2164.0,1436.0,2272773.0,1582.711002785515,632751161.469617,1.37185054,8.6804002254772127504318,0.003,0.01898253484408851,5071.73143173,32091.4395408912103830474741,0.0,0.0,0.0,0.0,0.0,871.771056339296,317.4252013110421,0.00023897180072035294,6.32751161469617,605.0658237011748,5.232074014833316,100000000.0,3840.0,1213.0,114709.01594268999,725822.6306877390457553663503383,94.56637753,598.3698521808179084650601,0.009,0.05694760453226553,114709.01594302,725822.6306898271878633322334,0.07007166229859035,0.06711471232531775,0.06850199392491423
2020-12-27,4562.0,1466.0,2623622.0,1789.646657571623,641067344.493567,59.02397178,378.3834085046783699953926,0.003,0.01923202033480701,250025.54447327,1602832.1185103743580391845409,0.0,0.0,0.0,0.0,0.0,809.679362399746,320.56164496386504,0.0002425450503793398,6.41067344493567,516.1081910798721,-0.38879545387975956,100000000.0,4386.0,1303.0,123505.67970958001,791754.5812129347618341171679567,94.7866791,607.646446640008872433497,0.02476419,0.1587551352183414696573,123507.04286212,791763.3199387242723360798204,0.07004233850476203,0.06598498446284903,0.06826107760054617
2020-12-28,2716.0,1458.0,2223662.0,1525.145404663923,660263756.356337,0.01739434,0.1148485226773928693258,0.003,0.01980791269069011,61.74989392,407.7121691422453546977104,0.0,0.0,0.0,0.0,0.0,1123.384045799396,330.17361637319254,0.00024418626197999447,6.60263756356337,558.7333392836815,-0.018417564237809218,100000000.0,3691.0,1127.0,89016.75288511004,587745.3563856655415653169632348,78.98558375,521.5131822477305095672375,0.02966301,0.1958541040743558799437,89016.75288511,587745.3563856652774598144207,0.07004409119471869,0.06603871981780456,0.06823570044470091
2020-12-29,1892.0,1470.0,2147193.0,1460.675510204082,701107108.052295,0.00334508,0.023452593650035709586,0.003,0.02103321324156885,12.4872009,87.548653106670153710655,0.0,0.0,0.0,0.0,0.0,369.255420203506,347.79066184512254,0.0002574646064407096,7.01107108052295,579.4803443921917,-0.29848338882537007,100000000.0,3892.0,641.0,270815.25288075005,1898704.9876367362007575422386475,422.48869404,2962.098264631752825748218,1.61971833,11.3559603420559281006735,270815.25288075,1898704.9876367358502039882125,0.07010163587089785,0.0659486126023566,0.06820967310049988
2020-12-30,2019.0,1455.0,2973743.0,2043.809621993127,660949244.024033,94.50466036,624.6278382168999834243188,0.003,0.01982847732072099,500118.6626491,3305530.520002330340998458203,0.0,0.0,0.0,0.0,0.0,462.533659356173,326.3392316123391,0.00022914130568632413,6.60949244024033,556.6888352532802,-6.697881163170439,100000000.0,5419.0,596.0,216200.48179671002,1428975.4500116716253778301070901,362.75248624,2397.6098154816643306180592,1.158665125,7.65818838445761698949125,216200.48179671,1428975.4500116718236626033143,0.0702814838893332,0.06679676671771727,0.06882755543972398
2020-12-31,2969.0,1444.0,2580692.0,1787.182825484765,618961136.294789,53.64082662,332.0158699650696595848318,0.003,0.01856883408884367,250019.89288345,1547525.9699544164180241934205,0.0,0.0,0.0,0.0,0.0,23.804898124255,267.8411840679827,0.00021326814733724166,6.18961136294789,493.731940034791,-9.314703153973618,100000000.0,4731.0,713.0,4200816.129438101,26001419.24842484422623664355689,5893.15025167,36476.3097612958496665954763,0.08127562,0.5030645010826347874418,4201816.1294381,26007608.859787785926625280609,0.07050587858956703,0.06750708835182713,0.06953720762059676
2021-01-01,4291.0,1461.0,2939830.0,2012.203969883641,600632607.319264,0.98552385,5.919377596008192364464,0.003,0.01801897821957792,5019.27294465,30147.389955921693599507376,0.0,0.0,0.0,0.0,0.0,322.540343698514,257.83546128575324,0.00020443105012492592,6.00632607319264,533.0255126427944,-15.587058304492933,100000000.0,5184.0,1571.0,310038.73454500997,1862193.7349973452168684807264,197.35119958,1185.3556556131983844270912,0.17852144,1.0722579796958954902016,310038.7345451,1862193.734997885786215068064,0.07054762264987947,0.06713143613629444,0.0695235778518346
2021-01-02,4671.0,1447.0,3055893.0,2111.881824464409,557584492.037352,0.00394346,0.0219881214096961611792,0.003,0.01672753476112056,21.63382046,120.6268279201637278182192,0.0,0.0,0.0,0.0,0.0,172.1475235773,236.06515906064044,0.00017412173922285516,5.57584492037352,486.041101882438,-24.654436779659385,100000000.0,5569.0,1849.0,580897.11615919,3238992.2343958461636425806488,314.25371344,1752.2299717929397718441088,0.02007052,0.1119101069912551406304,581055.11615925,3239873.21789359973049780306,0.07078906888062597,0.06771316069618924,0.0703898758041936
2021-01-03,4374.0,1434.0,4139042.0,2886.361227336123,564973114.726901,0.06886774,0.3890842157200238907374,0.003,0.01694919344180703,517.05899136,2921.2442884620899291857536,0.0,0.0,0.0,0.0,0.0,220.193227879825,236.52250594615262,0.00016977459908294396,5.64973114726901,498.04751449527373,-22.52150856303707,100000000.0,7624.0,1587.0,454146.5737292201,2565806.0430234761478142374722,286.16671312,1616.7649924256592561364112,0.1,0.564973114726901,454146.57372935,2565806.0430242106128633824435,0.07078981353589536,0.06782930875619533,0.07038865985116696
2021-01-04,2876.0,1446.0,3085936.0,2134.118948824343,537280747.717753,45.32734193,243.5350816420865736228329,0.003,0.01611842243153259,250070.94543,1343583.0454311580750521879,0.0,0.0,0.0,0.0,0.0,304.37053178672,223.42537140477026,0.00016894480506490065,5.37280747717753,506.7467226282261,-34.15918315001121,100000000.0,5635.0,1610.0,328546.9175119501,1765219.335011834668396794201253,204.06640839,1096.4095248385554415114767,0.02678924,0.1439334289799033737772,328546.91751195,1765219.3350118341311160464835,0.0708962761122307,0.06423038035004236,0.07025210633244558
2021-01-05,3140.0,1463.0,2642758.0,1806.396445659604,557395504.985081,1.14478809,6.3809973552645635648529,0.003,0.01672186514955243,5017.60620035,27967.9114186036175984697835,0.0,0.0,0.0,0.0,0.0,361.124518379849,230.42372915396265,0.00016387635630818416,5.57395504985081,524.630797070593,-33.98061786909083,100000000.0,4528.0,666.0,276912.79575432994,1543499.4762631536428679115073,415.78497861,2317.5667811753205195411741,1.15283359,6.4258426106181382567079,276912.79575433,1543499.4762631536428679115073,0.07086000952463846,0.06430200394635134,0.07027206803517314
2021-01-06,4479.0,1437.0,2897588.0,2016.41475295755,588815366.289625,0.0957318,0.56368354882565122575,0.003,0.01766446098868875,459.0339619,2702.862504155262666152875,0.0,0.0,0.0,0.0,0.0,378.969956046789,241.98846290562219,0.0001606885090221965,5.88815366289625,563.7856652941506,-34.46277193738377,100000000.0,4941.0,1916.0,263873.16040338995,1553725.7159692305457257182875,137.72085616,810.9215636557115752534,0.01006628,0.05927180345373926345,263873.16040353,1553725.7159700548872385237625,0.07092809902575627,0.06401652167897677,0.07033093065144563
2021-01-07,2580.0,1449.0,4047071.0,2793.009661835749,588810206.689432,0.01189793,0.0700562262247639367576,0.003,0.01766430620068296,82.69062345,486.890830848724926063804,0.0,0.0,0.0,0.0,0.0,288.805986810539,240.27554477013769,0.00015014673719217645,5.88810206689432,592.7197077641,-24.542690792265443,100000000.0,7114.0,1092.0,346253.20999873,2038774.2414623151411422442136,317.08169414,1867.0093786400865939432848,0.638452895,3.7592758106641622630564,346253.20999881,2038774.2414627861893075957592,0.07090014179396709,0.059389030872155586,0.07031823103768091
2021-01-08,3670.0,1457.0,3396182.0,2330.941660947152,559086716.394565,0.1594628,0.89153533239083239682,0.003,0.01677260149183695,954.5443202,5336.73049633700242899713,0.0,0.0,0.0,0.0,0.0,289.135706293298,226.94708820790413,0.00013711371410799446,5.59086716394565,580.6533575206823,-34.71316875614793,100000000.0,6154.0,2678.0,345858.3558633901,1933648.1251728566190847847535,129.14800443,722.0493372567943424792295,0.041112125,0.22985242970252905600625,345858.35586339,1933648.1251728566190847847535,0.07104379652865041,0.0566009559081401,0.07025514584544514
2021-01-09,3397.0,1421.0,2760665.0,1942.762139338494,622016562.078046,1.29168346,8.0344850508227524731916,0.003,0.01866049686234138,5456.07093615,33937.664861579690285827629,0.0,0.0,0.0,0.0,0.0,405.743272054058,251.2534213713345,0.0001540763063386023,6.22016562078046,656.7089386903037,-23.782601974593668,100000000.0,4886.0,1342.0,246461.26476418,1533029.8859402230021894519228,183.65220921,1142.3471579084225634000366,0.035339275,0.2198161434183063905665,246461.26476423,1533029.8859405340104704909458,0.07137394892274414,0.060334542064866103,0.07143435005589295
2021-01-10,12577.0,1448.0,3838821.0,2651.119475138122,646763225.353373,0.86661592,5.6049530756178066749816,0.003,0.01940289676060119,5027.23896815,32514.3328966285679964206995,0.0,0.0,0.0,0.0,0.0,177.412177969987,257.85466583101964,0.00016873841880468303,6.46763225353373,655.7176432709597,-20.54755133487992,100000000.0,6663.0,1909.0,563659.1644622999,3645540.192076244688410363379,296.20700077,1915.7579519025423973309721,0.02311294,0.1494859962179898894662,565459.16446256,3657181.9301342869867962821488,0.07103183103593508,0.06096296239757558,0.07144204781502782
2021-01-11,5796.0,1449.0,5429663.0,3747.179434092478,556909732.941949,0.60328446,3.3597498750662791381254,0.003,0.01670729198825847,5471.79006132,30472.9314176413194271031268,0.0,0.0,0.0,0.0,0.0,289.603600251882,220.74002361659225,0.00015790116569209273,5.56909732941949,560.2104692605099,-34.50783079459459,100000000.0,9860.0,750.0,345299.57470496,1923006.9393390784176448236704,460.39943294,2564.0092524524015753840006,1.11269516,6.1967076440139921326684,345299.57470496,1923006.9393390784176448236704,0.07200635070580934,0.06540018677084454,0.07420733259570071
2021-01-12,2853.0,1423.0,3067434.0,2155.610681658468,595094622.475021,2.09706757,12.4795363387375967416897,0.003,0.01785283867425063,10556.63813315,62821.9858445230972194704615,0.0,0.0,0.0,0.0,0.0,248.63977412556,233.7025121968173,0.0001765206311354706,5.95094622475021,590.3234195495829,-31.016956199823692,100000000.0,5419.0,1745.0,402188.26755168,2393400.7524254974810562658528,230.48038255,1371.5763624149066789928355,0.00833276,0.0495878066637495598796,402188.2675522,2393400.752428591973093135962,0.07212298884547341,0.06685153556386099,0.07440494613217084
2021-01-13,5169.0,1441.0,3063943.0,2126.261623872311,637250319.284655,0.00388765,0.0247740620376698901075,0.003,0.01911750957853965,14.8236177,94.463551122786631963935,0.0,0.0,0.0,0.0,0.0,716.433292241734,258.0255105539721,0.00017086040438738222,6.37250319284655,634.9837751002058,-26.27041277184299,100000000.0,5876.0,891.0,139580.33648478,889476.139907856215818886652069,156.65582097,998.2897193093225214821535,0.0543074,0.34607407989519472947,139580.33648486,889476.139908366143524378233,0.07207124776766406,0.06842691505682509,0.07462980365356987
2021-01-14,12033.0,1441.0,2441930.0,1694.607911172797,638385585.780902,0.00542511,0.0346331202527582924922,0.003,0.01915156757342706,19.32423235,123.363113885210064405797,0.0,0.0,0.0,0.0,0.0,502.638997395149,259.4097918576485,0.0001634977874335006,6.38385585780902,612.8922715142132,-21.37544642833156,100000000.0,3657.0,709.0,198949.94323607,1270067.7605383574862388353514,280.60640795,1791.350861130355059309709,0.14682523,0.9373111046096566575746,198949.94323607,1270067.7605383574862388353514,0.07207137825349465,0.06773433274137365,0.07460882651491486
2021-01-15,3016.0,1452.0,2806925.0,1933.143939393939,635952194.135714,0.03695908,0.2350420801923738458312,0.003,0.01907856582407142,174.63164602,1110.5737845195032708795828,0.0,0.0,0.0,0.0,0.0,463.282809590669,258.46654489473264,0.00017323527518844006,6.35952194135714,624.1370398336721,-23.677207721079558,100000000.0,4872.0,2124.0,215850.87538291005,1372708.378058762221038659545257,101.62470592,646.2845470822068381922688,0.04135414,0.2629925606959549575596,215850.87538296,1372708.3780590798791596303344,0.07206734550616922,0.06743798823349074,0.07339652203415523
2021-01-16,2445.0,1439.0,2131484.0,1481.225851285615,661526594.274562,1.43703698,9.5063817922600186730276,0.003,0.01984579782823686,5121.59978971,33880.7446612416922920235702,0.0,0.0,0.0,0.0,0.0,800.750442218196,268.6926476671249,0.00018285701410631836,6.61526594274562,637.1786405101865,-16.327156372648872,100000000.0,3722.0,745.0,124882.85329320001,826133.2862234037194195352114562,167.627991,1108.90373991316930464942,0.1,0.661526594274562,124882.8532932,826133.286223403653266875784,0.07184845366020556,0.06748167702640132,0.07353562498028769
2021-01-17,3085.0,1437.0,2529161.0,1760.028531663187,748765001.720789,1.13435383,8.4936444747193359277187,0.003,0.02246295005162367,5123.87626978,38365.7922395893162239845642,0.0,0.0,0.0,0.0,0.0,117.556617442338,296.06644288734003,0.00020758698594709743,7.48765001720789,751.6006480294757,-3.958259695068294,100000000.0,4639.0,1700.0,850653.9416979282,6369399.001192451543534361693498,500.38467159,3746.7052948414278864068451,0.016803270000000002,0.12581700490464883677560003441578,850653.94169794,6369399.0011925398978045647466,0.07232873161823566,0.07148993751912316,0.0749042920588147
2021-01-18,3989.0,1434.0,2658422.0,1853.850767085077,781363948.556193,0.24719309,1.9314776885820638630637,0.003,0.02344091845668579,1157.11085615,9041.2470747860103861463695,0.0,0.0,0.0,0.0,0.0,191.712720506356,303.9708336084738,0.0002135206918522711,7.81363948556193,777.1448288968043,1.8453582564924027,100000000.0,4881.0,1728.0,521613.7966008599,4075702.1573343477496350984255105,301.859836,2358.62393367484855764348,0.01381136,0.1079169878453106175248,521613.79660091,4075702.1573347396036552993563,0.07237375465275017,0.07187514076310143,0.0738534112496905
2021-01-19,5573.0,1430.0,2668952.0,1866.4,714609776.669343,0.13425605,0.9594068590700814727515,0.003,0.02143829330008029,561.190283,4010.32062803635395594069,0.0,0.0,0.0,0.0,0.0,366.183955471245,277.335124033837,0.00019713293649531135,7.14609776669343,724.9118749733141,-0.6081012792099713,100000000.0,4805.0,905.0,273086.78740801,1951504.881609863047888219704957,301.84948885,2157.0459581485384001532555,0.05968421,0.4265091997878616817403,273173.78740806,1952126.5921159233957963310458,0.07260086568107259,0.07277402146850426,0.07191303014852317
2021-01-20,12505.0,1443.0,2756701.0,1910.395703395703,719698868.622625,0.01659246,0.119415746896661604075,0.003,0.02159096605867875,68.77576405,494.9783957544160549163125,0.0,0.0,0.0,0.0,0.0,539.385448921121,279.1139468389858,0.00020264371152017816,7.19698868622625,725.9925440471201,7.101815685314561,100000000.0,4255.0,982.0,185396.17670447,1334294.186211673096666032612975,188.7944773,1358.751717150098578289125,0.02006373,0.1443984378134981989125,185396.17670475,1334294.1862136883974379496875,0.07257557544179986,0.07165743429281989,0.07067767680499044
2021-01-21,3958.0,1452.0,3044040.0,2096.446280991736,605187371.097214,0.02695878,0.1631511319618815083892,0.003,0.01815562113291642,124.76522281,755.0633719674205888025134,0.0,0.0,0.0,0.0,0.0,665.977966680309,239.84409404860347,0.0001950773060080416,6.05187371097214,585.1009685390985,-15.07254858576293,100000000.0,5323.0,2279.0,150155.11774130998,908719.8096265602450836628839572,65.88640533,398.7362043270816843775062,0.00622049,0.0376456199003650871486,150155.1177414,908719.809627105034755124596,0.07379230121263887,0.07762928975161952,0.07175597217475797
2021-01-22,3890.0,1454.0,2363633.0,1625.607290233838,641405140.817037,0.00509812,0.0326996037650215267044,0.003,0.01924215422451111,18.34305303,117.6532851172152721847211,0.0,0.0,0.0,0.0,0.0,674.788899501286,253.95024825737846,0.0001944451184555475,6.41405140817037,635.6983007344098,8.362028984975627,100000000.0,3736.0,920.0,148194.49471369002,950527.1075014397974398913653,161.08097252,1033.1816386213586734482324,0.02798053,0.1794685578478532828961,148194.49471383,950527.1075023377646370352171,0.07388698320288968,0.07056042764464789,0.07040603305032926
2021-01-23,2416.0,1442.0,1675724.0,1162.083217753121,658593910.885953,0.06420737,0.4228658291600141207361,0.003,0.01975781732657859,158.07855653,1041.0957477229890369342309,0.0,0.0,0.0,0.0,0.0,1411.693741826052,262.2232489209261,0.00020557750905268613,6.58593910885953,672.1899522644702,1.6039341273594863,100000000.0,2600.0,990.0,70836.89403528,466527.4707770889192603842184,71.55241822,471.2398694885711977926366,0.021062305,0.13871505822222762301665,70836.89403537,466527.4707776816537801815761,0.0738337756638906,0.06874195122004412,0.07012342216825786
2021-01-24,3547.0,1432.0,2148483.0,1500.337290502793,701461225.537294,0.06559799,0.4601444645818315643906,0.003,0.02104383676611882,219.55647565,1540.103544840980482778911,0.0,0.0,0.0,0.0,0.0,624.109381914054,278.5630915006027,0.0002177362039843913,7.01461225537294,726.3073463206323,5.41815843475946,100000000.0,3494.0,1489.0,160228.32358859002,1123939.5623023846834618238620588,107.60800778,754.8284501498546743214732,0.02098594,0.1472082319145211964636,160228.32358864,1123939.5623027352737823474016,0.07394524230681447,0.06954122654200968,0.06883990474275019
2021-01-25,3077.0,1454.0,2590154.0,1781.398899587345,672153150.815734,0.175394,1.17891629734174849196,0.003,0.02016459452447202,754.0188188,5068.161248307780071349992,0.0,0.0,0.0,0.0,0.0,587.059845442135,265.8352627180505,0.00020732857723340659,6.72153150815734,674.9070284070608,6.22709079736853,100000000.0,4403.0,1581.0,170340.38484558,1144948.2638512130406862435572,107.7421789,724.192450233874935628126,0.02127076,0.1429720835424528213784,170340.38484567,1144948.2638518179785219777178,0.07404149754315992,0.06935757063527077,0.06766471871368121
2021-01-26,2276.0,1444.0,2238097.0,1549.928670360111,679839045.984286,2.88006037,19.5797749431794975134582,0.003,0.02039517137952858,10561.18139506,71799.0348408458110831802716,0.0,0.0,0.0,0.0,0.0,1500.226846604667,268.7195228979465,0.0002082799429919477,6.79839045984286,684.4445131915057,6.047991965859387,100000000.0,3812.0,476.0,66656.58611984,453157.4991628143247674329408286,140.03484479,952.0115528659116278896994,0.295975745,2.0121586811528830714307,66656.58611984,453157.4991628142567835283424,0.07403211777492724,0.06934898935673278,0.0671200622738476
2021-01-27,2502.0,1447.0,2382296.0,1646.369039391845,605360704.42169,0.0948483,0.57417433701199779627,0.003,0.0181608211326507,370.95171038,2245.595887020675342701422,0.0,0.0,0.0,0.0,0.0,1047.127481154728,239.66382638576155,0.00019940116803638386,6.0536070442169,584.1370588471186,-8.315321173712348,100000000.0,4006.0,619.0,95499.35590433,578115.573620628888396169177,154.280058,933.9508458909918965802,0.04795664,0.290310653720973955216,95499.35590433,578115.573620628888396169177,0.07459748588940676,0.07237967237920101,0.06870756459257968
2021-01-28,2797.0,1448.0,2300703.0,1588.883287292818,633904055.609425,0.0171366,0.10862960239356472455,0.003,0.01901712166828275,65.27331216,413.77017301283997063108,0.0,0.0,0.0,0.0,0.0,161.562787320283,248.19723895063564,0.0001891613546061379,6.33904055609425,627.4252380928967,-9.58527615410474,100000000.0,3907.0,1517.0,618954.4118334601,3923577.11898576697892717482385,408.012137,2586.40548382168331591225,0.04110734,0.260581095413155406795,618954.41183351,3923577.1189860826631468683175,0.07463142732924989,0.07200542568306309,0.06847557434076346
2021-01-29,4408.0,1433.0,3117058.0,2175.197487787858,648566683.309191,0.00507195,0.0328949778941005129245,0.003,0.01945700049927573,24.04105353,155.9222635121081837199423,0.0,0.0,0.0,0.0,0.0,850.252585070651,253.35138210332144,0.00018982726886296265,6.48566683309191,648.1143136305385,-1.8734510746171176,100000000.0,5998.0,1211.0,117612.10933771003,762792.9567015652018549955879382,97.11982604,629.8868345832840145313364,0.02117904,0.1373601972847268855664,117612.10933786,762792.9567025379221666227126,0.07463525321873964,0.07137299260988395,0.06853970924600856
2021-01-30,3881.0,1440.0,2121164.0,1473.030555555556,670131725.53676,0.34647951,2.321869118994310917876,0.003,0.0201039517661028,1178.72330175,7898.9988013211453819733,0.0,0.0,0.0,0.0,0.0,963.563648171624,261.2138579362697,0.00019508976504316441,6.7013172553676,660.2889731254685,8.26717321030643,100000000.0,3505.0,1297.0,103781.41619368001,695472.195125194388567541875352,80.0165121,536.21603325006035534796,0.02024197,0.135647862843633298172,103781.41619389,695472.195126601531164823964,0.07457422030715795,0.07053799181618835,0.06851636119789184
2021-01-31,4259.0,1451.0,2116813.0,1458.864920744314,656735831.253738,0.01967717,0.1292270259667111576146,0.003,0.01970207493761214,65.17080177,428.0000067389352976951626,0.0,0.0,0.0,0.0,0.0,857.410758447492,256.23968845169384,0.0001980635585205432,6.56735831253738,621.7511043555396,9.340689008689218,100000000.0,3445.0,1651.0,116630.21371584995,765952.403539798319523907846131,70.64216458,463.9324067700966753620004,0.01350987,0.0887241570457993739406,116630.21371589,765952.4035400613422243249682,0.0745514974082971,0.0704031092963503,0.06833980885121378
2021-02-01,3069.0,1455.0,2236364.0,1537.019931271478,697352362.432973,0.32872799,2.2923924042434272401427,0.003,0.02092057087298919,1303.73522636,9091.6284008923281448276828,0.0,0.0,0.0,0.0,0.0,362.469171779235,270.0874169525324,0.00020772913773646603,6.97352362432973,626.5965894810051,25.06667104117705,100000000.0,4128.0,866.0,275885.53120017,1923894.2694351423040187120541,318.5745164,2221.586916224819008892572,0.571020495,3.98202491185895646781635,275885.53120017,1923894.2694351423040187120541,0.0746502914548848,0.06958242497784586,0.06860065243471124
2021-02-02,3476.0,1451.0,2529852.0,1743.523087525844,695056152.737722,0.24889229,1.7299411753348139796338,0.003,0.02085168458213166,1071.97909305,7450.856642306055040830321,0.0,0.0,0.0,0.0,0.0,1637.397642024076,269.2501363325135,0.00019526161509960047,6.95056152737722,608.5202198066498,23.02464216791997,100000000.0,4469.0,1314.0,61072.519853139995,424488.3068712162805781661970278,46.47832561,323.0504618417773604566042,0.009365835,0.0650978124227630252787,61072.51985321,424488.3068717028893906978762,0.07461473950527359,0.06960076673164134,0.06857764307591649
2021-02-03,2302.0,1473.0,2481194.0,1684.449422946368,726572211.761303,0.06219928,0.4519226843956057846184,0.003,0.02179716635283909,270.7534655,1967.219442703726460455465,0.0,0.0,0.0,0.0,0.0,656.090495317664,281.659202424715,0.0001933485006817587,7.26572211761303,653.5901145821063,35.231387844738016,100000000.0,4536.0,748.0,152417.99830003994,1107426.8213709053995392264644182,203.76737741,1480.5171408958386923436523,0.33606483,2.4417536682828629327349,152417.99830011,1107426.8213714144360307864333,0.07461703550240914,0.06906250049592817,0.06722008985751451
