date,txVolume(USD),txCount,marketcap(USD),price(USD),exchangeVolume(USD),fees,activeAddresses,medianTxValue(USD),medianFee
2015-03-29,null,1371,null,null,null,382.0,1348,null,0.0,
2015-03-30,null,1,null,null,null,9.0,2,null,9.0,
2015-03-31,null,533,null,null,null,24319.286752,312,null,6.0,
2015-04-01,null,719,null,null,null,31835.690282,421,null,6.0,
2015-04-02,null,1369,null,null,null,23423.028267,257,null,10.0,
2015-04-03,null,5945,null,null,null,67380.666269,245,null,10.0,
2015-04-04,30479.063047,4555,2792120.0,0.00031,23550.0,52142.913658,212,3.1e-10,10.0,
2015-04-05,43122.7310276,6673,2443720.0,0.000272,26800.0,73618.754782,187,2.72e-10,10.0,
2015-04-06,32179.2230263,3975,2088380.0,0.000232,22512.0,45846.435994,205,2.32e-10,10.0,
2015-04-07,31120.4602542,7741,2596140.0,0.000288,14437.0,82416.440551,152,2.88e-10,10.0,
2015-04-08,24228.546341,9372,2209250.0,0.000245,6933.0,97923.23669,177,2.45e-10,10.0,
2015-04-09,8772.51658569,1961,2048560.0,0.000228,10014.0,18737.571264,134,0.00228,10.0,
2015-04-10,17480.8240754,23680,2017780.0,0.000224,16846.0,60601.545202,161,0.001792,2.0,
2015-04-11,23658.745822,11845,1571870.0,0.000175,22846.0,42899.94626,133,0.0014,2.0,
2015-04-12,7015.13965592,23852,1469950.0,0.000163,5569.0,57469.537305,106,0.001304,2.0,
2015-04-13,11968.3615232,26883,1316600.0,0.000146,11803.0,149287.568054,133,0.001168,2.0,
2015-04-14,14184.6818416,29089,1254160.0,0.000139,14654.0,80038.608966,148,0.001112,2.0,
2015-04-15,11045.6914459,15755,1399610.0,0.000156,8196.0,49501.202844,122,0.001248,2.0,
2015-04-16,7704.10921579,9597,1391420.0,0.000155,5317.0,65892.258322,108,0.00124,2.0,
2015-04-17,7340.04543153,17148,1507870.0,0.000168,4556.0,51457.901307,97,0.001344,2.0,
2015-04-18,12027.3454541,5960,1503010.0,0.000167,9117.0,31304.997764,112,0.001336,2.0,
2015-04-19,9201.62098129,12612,1269820.0,0.000141,7193.0,43481.515713,111,0.001128,2.0,
2015-04-20,11351.7399436,16081,1324160.0,0.000147,6681.0,51329.301024,112,0.001176,2.0,
2015-04-21,6391.4188904,13488,1194180.0,0.000133,3912.0,44614.386702,106,0.001064,2.0,
2015-04-22,7884.18346879,4586,1233120.0,0.000137,2353.0,24345.965281,79,0.001096,2.0,
2015-04-23,7845.87747884,8635,1244580.0,0.000138,2117.0,36118.60195,99,0.001104,2.0,
2015-04-24,17442.0616674,2146,1234000.0,0.000137,3058.0,19824.935988,79,0.00137,10.0,
2015-04-25,8424.51165724,1534,1345350.0,0.000149,2480.0,18521.272197,82,0.00149,10.0,
2015-04-26,7153.70823152,1514,1263860.0,0.00014,2074.0,19341.907226,62,0.0014,10.0,
2015-04-27,10221.1537035,4897,1205740.0,0.000134,6660.0,27952.527184,173,0.001072,2.0,
2015-04-28,12300.6316232,8180,1442520.0,0.00016,3358.0,30735.801465,70,0.00128,2.0,
2015-04-29,9778.10904425,1783,1337590.0,0.000149,2013.0,15198.641932,75,0.00149,10.0,
2015-04-30,1113.50273371,10926,1323030.0,0.000147,959.0,31681.386858,36,0.001176,2.0,
2015-05-01,2628.63572373,1474,1412990.0,0.000157,692.0,16103.325719,37,0.00157,10.0,
2015-05-02,1152.87762368,1468,1381060.0,0.000153,1543.0,15447.883896,34,0.00153,10.0,
2015-05-03,3608.13217818,1495,1395620.0,0.000155,4417.0,17059.201942,49,0.00155,10.0,
2015-05-04,4507.96387493,1495,1340690.0,0.000149,2595.0,17191.159173,39,0.00149,10.0,
2015-05-05,3622.6703517,5546,1355840.0,0.000151,3974.0,31755.993137,47,0.001208,4.0,
2015-05-06,2610.98877657,1486,1270090.0,0.000141,1125.0,15785.636344,36,0.00141,10.0,
2015-05-07,6443.3564012,1579,1281970.0,0.000142,2475.0,16253.613231,55,0.00142,10.0,
2015-05-08,6150.97636624,1501,1407390.0,0.000156,1043.0,15911.782755,58,0.00156,10.0,
2015-05-09,3985.73230196,1468,1396760.0,0.000155,623.0,15143.712372,36,0.00155,10.0,
2015-05-10,5836.8097942,7142,1349300.0,0.00015,1774.0,27300.048408,36,0.0012,2.0,
2015-05-11,4161.26635796,2056,1362660.0,0.000151,3367.0,15945.953815,38,0.00151,10.0,
2015-05-12,4526.50390797,1496,1394760.0,0.000155,4765.0,17010.736102,54,0.00155,10.0,
2015-05-13,4655.36643324,1495,1483990.0,0.000165,4187.0,16837.888004,43,0.00165,10.0,
2015-05-14,2786.97121895,1416,1427580.0,0.000159,1647.0,16479.544478,53,0.00159,10.0,
2015-05-15,581.825308332,775,1439930.0,0.00016,1260.0,8395.453318,29,0.0016,10.0,
2015-05-16,10450.5510443,1515,1474940.0,0.000164,4958.0,18541.813576,61,0.00164,10.0,
2015-05-17,1083.07633804,1020,1399200.0,0.000155,1049.0,11319.169529,28,0.00155,10.0,
2015-05-18,5780.04580622,1341,1437570.0,0.00016,12653.0,16537.614775,44,0.0016,10.0,
2015-05-19,18791.5003758,1551,1493820.0,0.000166,9163.0,21366.134724,79,0.00166,10.0,
2015-05-20,12379.1855281,1492,1536820.0,0.000171,8928.0,19588.920028,48,0.00171,10.0,
2015-05-21,11781.5693714,1519,1545760.0,0.000172,7586.0,18782.280401,73,0.00172,10.0,
2015-05-22,6968.29547876,1228,1549800.0,0.000172,4136.0,13990.42309,58,0.00172,10.0,
2015-05-23,7896.80412154,992,1596980.0,0.000177,4560.0,13020.943241,52,0.00177,10.0,
2015-05-24,22278.6929815,1156,1594140.0,0.000177,5675.0,15210.555611,46,0.00177,10.0,
2015-05-25,9685.5258993,1482,1638490.0,0.000182,6871.0,17596.188115,57,0.00182,10.0,
2015-05-26,3552.95994056,1474,1599720.0,0.000178,3845.0,16713.596004,42,0.00178,10.0,
2015-05-27,12745.1587819,1507,1645670.0,0.000183,8659.0,18420.394968,57,0.00183,10.0,
2015-05-28,11046.8072669,1193,1753140.0,0.000195,7217.0,15560.900657,66,0.00195,10.0,
2015-05-29,8736.52945248,1409,1762160.0,0.000196,7999.0,19429.412991,65,0.00196,10.0,
2015-05-30,5696.56063789,861,1650510.0,0.000183,7228.0,11116.213866,64,0.00183,10.0,
2015-05-31,7140.16666975,1353,1667200.0,0.000185,4684.0,16185.960802,33,0.00185,10.0,
2015-06-01,510.810250356,1387,1590560.0,0.000177,3525.0,14453.273995,26,0.00177,10.0,
2015-06-02,3236.19048572,1474,1530820.0,0.00017,5642.0,16767.234563,30,0.0017,10.0,
2015-06-03,8783.50045283,1484,1604330.0,0.000178,1820.0,16082.727355,39,0.00178,10.0,
2015-06-04,2823.24848098,1472,1595180.0,0.000177,2220.0,16398.258281,25,0.00177,10.0,
2015-06-05,2196.88025871,1462,1546270.0,0.000172,4105.0,15626.607398,27,0.00172,10.0,
2015-06-06,4129.3036805,1490,1611430.0,0.000179,3364.0,16245.379246,38,0.00179,10.0,
2015-06-07,3576.26359757,1485,1529050.0,0.00017,3360.0,17045.028629,33,0.0017,10.0,
2015-06-08,1056.28255824,1219,1510060.0,0.000168,3110.0,12914.977757,22,0.00168,10.0,
2015-06-09,9606.55331899,912,1541750.0,0.000171,8723.0,12340.187717,52,0.00171,10.0,
2015-06-10,1536.77872778,1516,1344300.0,0.000149,4577.0,16822.332763,45,0.00149,10.0,
2015-06-11,1864.83792111,1612,1379440.0,0.000153,4653.0,17801.144604,108,0.00153,10.0,
2015-06-12,4150.6737289,1412,1333110.0,0.000148,3589.0,15974.65612,36,0.00148,10.0,
2015-06-13,6413.94548271,1407,1332020.0,0.000148,2980.0,16735.631597,44,0.00148,10.0,
2015-06-14,2641.24329268,968,1399050.0,0.000155,2903.0,11139.287141,31,0.00155,10.0,
2015-06-15,6758.49575303,1494,1396540.0,0.000155,9550.0,17810.017632,43,0.00155,10.0,
2015-06-16,7876.51584639,1416,1326840.0,0.000147,6374.0,15509.80994,38,0.00147,10.0,
2015-06-17,3154.50761559,1453,1443470.0,0.00016,8668.0,16678.259669,40,0.0016,10.0,
2015-06-18,1075.71791377,1435,1444400.0,0.00016,3683.0,15041.811541,16,0.0016,10.0,
2015-06-19,4866.22692049,1425,1554080.0,0.000173,6743.0,15527.660438,29,0.00173,10.0,
2015-06-20,887.184807556,529,1391420.0,0.000155,1488.0,11233.44289,28,0.00155,10.0,
2015-06-21,1830.67608365,514,1420970.0,0.000158,616.0,16146.466674,29,0.00158,30.0,
2015-06-22,1075.82874532,503,1448390.0,0.000161,4900.0,15344.331841,25,0.00161,31.0,
2015-06-23,1881.78606619,430,1406300.0,0.000156,2518.0,13574.496485,20,0.00156,31.0,
2015-06-24,5501.93984846,292,1419880.0,0.000158,1656.0,9339.630814,26,0.00158,30.0,
2015-06-25,8380.35799964,487,1404230.0,0.000156,2791.0,14035.949168,47,0.00156,27.0,
2015-06-26,6659.05330999,394,1389110.0,0.000154,3547.0,13115.673886,31,0.00154,28.0,
2015-06-27,3816.421864,510,1335410.0,0.000148,4043.0,17094.507999,26,0.00148,30.5,
2015-06-28,1746.31980217,512,1409620.0,0.000157,1838.0,16150.613706,26,0.00157,30.0,
2015-06-29,1086.82129644,494,1366110.0,0.000152,2007.0,14948.657866,29,0.00152,29.5,
2015-06-30,976.64005278,443,1346030.0,0.00015,5197.0,13890.232821,15,0.0015,30.0,
2015-07-01,1945.12737848,509,1453660.0,0.000162,2224.0,16722.801842,27,0.00162,30.0,
2015-07-02,5211.19452269,512,1279500.0,0.000142,1323.0,15890.292235,33,0.00142,29.0,
2015-07-03,2733.71828335,487,1290670.0,0.000143,3873.0,15533.848012,14,0.00143,31.0,
2015-07-04,1818.4356674,513,1292130.0,0.000144,1575.0,16266.085333,14,0.00144,29.0,
2015-07-05,3587.1055407,526,1268850.0,0.000141,3717.0,16925.957132,27,0.00141,28.5,
2015-07-06,1748.41933575,500,1155430.0,0.000128,521.0,15740.946132,15,0.00128,30.0,
2015-07-07,6111.38270319,413,1133560.0,0.000126,3977.0,13163.24,18,0.00126,29.0,
2015-07-08,2346.71263294,335,1280690.0,0.000142,2407.0,11292.352789,21,0.00142,32.0,
2015-07-09,1026.91968297,439,1446360.0,0.000161,1678.0,13324.152529,19,0.00161,29.0,
2015-07-10,1272.14192117,481,1296490.0,0.000144,3166.0,14881.462584,22,0.00144,29.0,
2015-07-11,2627.53814636,573,1303490.0,0.000145,5422.0,17106.447224,93,0.00145,26.0,
2015-07-12,3251.2817344,513,1453080.0,0.000161,3108.0,16613.845403,26,0.00161,29.0,
2015-07-13,4639.38651535,502,1417480.0,0.000157,3229.0,15016.55194,22,0.00157,30.0,
2015-07-14,1272.30811863,469,1413370.0,0.000157,970.0,14130.815493,19,0.00157,29.0,
2015-07-15,438.208009035,482,1420690.0,0.000158,746.0,14855.845709,15,0.00158,30.0,
2015-07-16,1186.59261915,490,1333850.0,0.000148,1869.0,14966.552072,12,0.00148,30.0,
2015-07-17,589.653108836,494,1279530.0,0.000142,191.0,15422.036922,15,0.00142,29.0,
2015-07-18,451.685995823,499,1337300.0,0.000149,783.0,15146.998444,22,0.00149,30.0,
2015-07-19,513.447029818,504,1310970.0,0.000146,898.0,15395.695533,27,0.00146,28.0,
2015-07-20,12959.0600183,489,1297720.0,0.000144,4446.0,16841.602116,30,0.00144,31.0,
2015-07-21,2000.10988875,404,1336880.0,0.000149,2177.0,11948.804688,19,0.00149,28.0,
2015-07-22,3555.30681188,274,1337450.0,0.000149,1237.0,8417.735131,23,0.00149,29.0,
2015-07-23,1449.81061384,503,1280660.0,0.000142,2965.0,16042.827374,19,0.00142,30.0,
2015-07-24,7629.08370931,563,1313850.0,0.000146,20017.0,21045.622516,37,0.00146,31.0,
2015-07-25,2836.03401309,534,1582230.0,0.000176,6331.0,17055.035619,41,0.00176,30.0,
2015-07-26,4651.28216288,534,1638760.0,0.000182,3001.0,17477.185799,36,0.00182,29.0,
2015-07-27,5945.20201116,508,1556100.0,0.000173,4905.0,16898.51389,25,0.00173,30.5,
2015-07-28,2801.75001412,523,1467380.0,0.000163,3019.0,17941.396741,38,0.00163,32.0,
2015-07-29,1040.48448954,500,1562880.0,0.000174,1294.0,14714.790779,17,0.00174,28.0,
2015-07-30,4509.34286483,526,1451930.0,0.000161,1904.0,15905.589758,41,0.00161,30.0,
2015-07-31,341.57612516,486,1496260.0,0.000166,798.0,14532.0,9,0.00166,29.0,
2015-08-01,1313.12630698,495,1473700.0,0.000164,1445.0,15516.557146,20,0.00164,31.0,
2015-08-02,3564.99884911,504,1465340.0,0.000163,2565.0,16526.179903,22,0.00163,30.0,
2015-08-03,1368.76244126,492,1382850.0,0.000154,2002.0,15856.537045,15,0.00154,31.0,
2015-08-04,1719.14405162,396,1386140.0,0.000154,2833.0,12792.32744,16,0.00154,31.0,
2015-08-05,5353.80600359,500,1334650.0,0.000148,4230.0,16743.444724,17,0.00148,31.0,
2015-08-06,2121.98595031,377,1331060.0,0.000148,952.0,11766.977967,19,0.00148,30.0,
2015-08-07,841.999470144,15,1266520.0,0.000141,1811.0,801.282901,16,1.41,10.0,
2015-08-08,2551.18589951,188,1304060.0,0.000145,3307.0,6904.618276,16,0.00145,30.0,
2015-08-09,7943.28936475,522,1223400.0,0.000136,8393.0,18544.407713,19,0.00136,32.0,
2015-08-10,3181.04295999,552,1165610.0,0.00013,1268.0,19053.685146,20,0.0013,33.0,
2015-08-11,1593.00766645,512,1218210.0,0.000135,3006.0,15843.702934,27,0.00135,29.0,
2015-08-12,3335.86492584,508,1213900.0,0.000135,5295.0,16460.827687,26,0.00135,30.0,
2015-08-13,2163.45248049,527,1151620.0,0.000128,3420.0,16104.013525,27,0.00128,28.0,
2015-08-14,1786.3111846,495,1110840.0,0.000123,1770.0,15751.395931,34,0.00123,30.0,
2015-08-15,43296.0744366,474,1086420.0,0.000121,2058.0,14922.852817,24,0.00121,30.0,
2015-08-16,753.160128271,339,1075770.0,0.00012,2245.0,9661.367062,43,0.0012,27.0,
2015-08-17,2031.58456666,512,1102690.0,0.000123,1511.0,15577.152707,30,0.00123,29.0,
2015-08-18,1124.98217404,464,1068820.0,0.000119,2207.0,14298.072302,25,0.00119,29.0,
2015-08-19,7610.59206471,506,886954.0,9.9e-05,713.0,16408.721774,24,0.00099,30.0,
2015-08-20,451.454674273,470,903222.0,0.0001,148.0,14477.914076,12,0.001,30.0,
2015-08-21,210.448886195,488,954297.0,0.000106,651.0,14529.950116,9,0.00106,29.0,
2015-08-22,1028.32275043,506,911403.0,0.000101,481.0,15460.300467,16,0.00101,29.0,
2015-08-23,581.648678788,490,911169.0,0.000101,111.0,14910.851212,14,0.00101,30.0,
2015-08-24,1257.50746712,509,883014.0,9.8e-05,1331.0,15848.934955,24,0.00098,31.0,
2015-08-25,1644.99473898,515,833526.0,9.3e-05,1988.0,17076.92071,27,0.00093,31.0,
2015-08-26,860.857125628,524,776234.0,8.6e-05,1348.0,16426.348539,31,0.00086,30.0,
2015-08-27,372.913463188,524,810572.0,9e-05,833.0,15825.589322,34,0.0009,29.0,
2015-08-28,1624.18132226,514,882696.0,9.8e-05,1852.0,15667.156876,33,0.00098,30.5,
2015-08-29,1380.60985357,498,839895.0,9.3e-05,436.0,14631.496477,32,0.00093,28.0,
2015-08-30,6670.91132762,499,862945.0,9.6e-05,1193.0,16581.403828,39,0.00096,29.0,
2015-08-31,562.298374017,308,936945.0,0.000104,588.0,8927.008807,42,0.00104,26.0,
2015-09-01,399.243583038,197,848213.0,9.4e-05,527.0,4830.649841,50,0.00094,22.0,
2015-09-02,764.8422,517,903015.0,0.0001,897.0,15574.0,38,0.001,30.0,
2015-09-03,523.698651154,533,792863.0,8.8e-05,333.0,15292.137734,47,0.00088,28.0,
2015-09-04,195.920862,486,800916.0,8.9e-05,233.0,13504.685511,28,0.00089,27.0,
2015-09-05,357.732061272,504,869038.0,9.7e-05,1099.0,15032.582166,27,0.00097,29.0,
2015-09-06,1176.98668653,473,771348.0,8.6e-05,902.0,14581.184652,31,0.00086,29.0,
2015-09-07,17.37552768,471,863410.0,9.6e-05,315.0,13113.0,39,0.00096,28.0,
2015-09-08,871.672681534,526,863050.0,9.6e-05,419.0,15598.83675,40,0.00096,29.5,
2015-09-09,1298.31858099,532,894429.0,9.9e-05,1343.0,15567.989372,45,0.00099,27.0,
2015-09-10,1954.04158488,533,813119.0,9e-05,2545.0,15885.840086,48,0.0009,29.0,
2015-09-11,374.266234668,474,819178.0,9.1e-05,590.0,13556.798864,40,0.00091,27.5,
2015-09-12,231.918108744,355,848764.0,9.4e-05,233.0,10014.600038,33,0.00094,27.0,
2015-09-13,1031.43745883,538,783983.0,8.7e-05,659.0,16133.590091,49,0.00087,29.0,
2015-09-14,762.643878025,538,809995.0,9e-05,95.0,15700.374274,51,0.0009,29.0,
2015-09-15,1996.04555076,531,809295.0,9e-05,2995.0,15272.569617,48,0.0009,28.0,
2015-09-16,10236.3887329,581,887120.0,9.9e-05,10004.0,18395.507412,68,0.00099,29.0,
2015-09-17,1616.91293601,413,954054.0,0.000106,5428.0,12421.984218,55,0.00106,27.0,
2015-09-18,233.502762943,542,973827.0,0.000108,1354.0,15286.003577,51,0.00108,28.0,
2015-09-19,413.456399935,551,902358.0,0.0001,1440.0,15288.927766,53,0.001,27.0,
2015-09-20,1057.93527085,550,916605.0,0.000102,1250.0,15143.57573,48,0.00102,26.0,
2015-09-21,535.728489957,542,897869.0,0.0001,3745.0,15670.195708,54,0.001,28.5,
2015-09-22,1365.70280714,581,918909.0,0.000102,7599.0,16428.083639,68,0.00102,26.0,
2015-09-23,1345.63089543,569,1166180.0,0.00013,1843.0,16309.539201,71,0.0013,28.0,
2015-09-24,307.822361085,551,1081340.0,0.00012,987.0,15173.36645,56,0.0012,27.0,
2015-09-25,2114.32417624,463,1046760.0,0.000116,1853.0,13308.76421,73,0.00116,28.0,
2015-09-26,1351.33701437,434,1208870.0,0.000134,2186.0,12446.390525,69,0.00134,26.5,
2015-09-27,1902.27117521,582,1180660.0,0.000131,1636.0,16442.172832,70,0.00131,27.0,
2015-09-28,1021.6967323,558,1188700.0,0.000132,1641.0,15376.773606,71,0.00132,27.0,
2015-09-29,13435.8048219,546,1248540.0,0.000139,9728.0,19790.758868,78,0.00139,29.0,
2015-09-30,6164.61980494,578,1338340.0,0.000149,5864.0,16886.009784,87,0.00149,27.0,
2015-10-01,11540.8461292,398,1358740.0,0.000151,11660.0,15420.439979,93,0.00151,28.0,
2015-10-02,13299.8710495,404,1574540.0,0.000175,6645.0,12439.457333,93,0.00175,25.0,
2015-10-03,2787.66095832,573,1338390.0,0.000149,5007.0,16432.357053,69,0.00149,27.0,
2015-10-04,1434.79949545,580,1140040.0,0.000127,1783.0,16120.798925,70,0.00127,27.0,
2015-10-05,1213.94007846,516,1098070.0,0.000122,1640.0,14297.454817,79,0.00122,26.0,
2015-10-06,2285.53821926,566,1070640.0,0.000119,1030.0,17700.658722,65,0.00119,30.0,
2015-10-07,1345.2351939,600,1111120.0,0.000123,1230.0,15895.661063,80,0.00123,26.0,
2015-10-08,306854.908579,593,1223560.0,0.000136,3949.0,16218.608989,91,0.00136,25.0,
2015-10-09,297.234623947,581,1063210.0,0.000118,1174.0,15894.972327,72,0.00118,27.0,
2015-10-10,314.653133595,535,1052710.0,0.000117,352.0,15629.255158,43,0.00117,29.0,
2015-10-11,140.207489126,527,1009060.0,0.000112,1191.0,14723.886616,46,0.00112,28.0,
2015-10-12,426.452465953,518,977202.0,0.000109,331.0,15583.807233,37,0.00109,30.0,
2015-10-13,757.112428497,552,1054990.0,0.000117,1360.0,15716.342207,50,0.00117,27.0,
2015-10-14,1032.46800646,529,1068520.0,0.000119,1192.0,15003.051581,39,0.00119,28.0,
2015-10-15,1558.91271676,547,1039470.0,0.000115,2831.0,15711.123592,53,0.00115,27.0,
2015-10-16,372.345479335,541,1014130.0,0.000113,1009.0,14992.547928,53,0.00113,25.0,
2015-10-17,1965.83446796,557,1051960.0,0.000117,3306.0,16675.248501,58,0.00117,28.0,
2015-10-18,444.060983009,580,1112660.0,0.000124,319.0,15989.367228,64,0.00124,27.0,
2015-10-19,851.835696892,556,1115230.0,0.000124,946.0,16086.801749,68,0.00124,29.0,
2015-10-20,320.958828913,544,974502.0,0.000108,717.0,15314.702407,55,0.00108,27.0,
2015-10-21,618.664036561,198,1052530.0,0.000117,95.0,5337.701123,41,0.00117,24.0,
2015-10-22,1146.55305726,55,1055670.0,0.000117,280.0,1360.761506,46,0.0117,6.0,
2015-10-23,341.440765677,53,1062290.0,0.000118,785.0,1293.73929,42,0.0118,6.0,
2015-10-24,1268.62047653,47,1070000.0,0.000119,639.0,1531.458534,38,0.0119,6.0,
2015-10-25,960.281575106,335,1105300.0,0.000123,1356.0,10354.821531,37,0.00123,29.0,
2015-10-26,747.503420178,532,1071830.0,0.000119,550.0,15871.266858,43,0.00119,28.5,
2015-10-27,659.473373556,376,1021850.0,0.000114,483.0,10622.126794,61,0.00114,28.0,
2015-10-28,541.050210195,241,1054810.0,0.000117,833.0,6471.381537,53,0.00117,23.0,
2015-10-29,1627.95561439,497,1080480.0,0.00012,1930.0,15553.58199,38,0.0012,30.0,
2015-10-30,7699.74423779,532,1241460.0,0.000138,3174.0,15770.38994,42,0.00138,28.0,
2015-10-31,266.017997496,517,1419010.0,0.000158,530.0,15241.844642,38,0.00158,29.0,
2015-11-01,593.180252458,496,1226560.0,0.000136,950.0,14090.799148,40,0.00136,28.0,
2015-11-02,332.81164846,523,1348540.0,0.00015,419.0,15181.0,37,0.0015,30.0,
2015-11-03,5077.44859814,548,1463990.0,0.000163,3720.0,17271.277825,43,0.00163,29.0,
2015-11-04,742.087673675,537,1555110.0,0.000173,1613.0,15248.142628,43,0.00173,27.0,
2015-11-05,1360.71068883,523,1353420.0,0.00015,1455.0,15577.614426,38,0.0015,29.0,
2015-11-06,950.672801934,523,1357870.0,0.000151,217.0,15274.043726,38,0.00151,29.0,
2015-11-07,99.8932579325,540,1276320.0,0.000142,218.0,14816.871675,43,0.00142,27.0,
2015-11-08,1026.8148174,526,1475970.0,0.000164,484.0,15386.0,38,0.00164,29.0,
2015-11-09,484.575565875,528,1278300.0,0.000142,352.0,15551.460829,45,0.00142,28.5,
2015-11-10,713.010304811,516,1337270.0,0.000149,398.0,15153.719799,36,0.00149,29.0,
2015-11-11,600.936116964,488,1188270.0,0.000132,686.0,14757.019361,6,0.00132,30.0,
2015-11-12,1157.46196081,499,1139010.0,0.000127,708.0,16086.514313,21,0.00127,31.0,
2015-11-13,22.388424,474,1183480.0,0.000131,77.0,14154.0,11,0.00131,29.0,
2015-11-14,537.438291437,559,1150090.0,0.000128,112.0,15392.26513,53,0.00128,28.0,
2015-11-15,2768.64507239,541,1144000.0,0.000127,2260.0,16541.07996,43,0.00127,29.0,
2015-11-16,383.741610503,534,1007210.0,0.000112,1355.0,15364.926988,42,0.00112,28.0,
2015-11-17,1740.46087346,520,1161680.0,0.000129,6187.0,16385.950915,33,0.00129,30.0,
2015-11-18,3369.99832398,512,902826.0,0.0001,3405.0,17294.127874,51,0.001,30.0,
2015-11-19,180.335411095,345,979074.0,0.000109,616.0,6184.925485,15,0.00109,15.0,
2015-11-20,508.991190019,540,999873.0,0.000111,69.0,7846.0,46,0.00111,14.0,
2015-11-21,1280.80867476,83,1020430.0,0.000113,778.0,1773.121985,43,0.0113,6.0,
2015-11-22,630.752483294,150,929880.0,0.000103,686.0,2095.567562,46,0.00103,11.0,
2015-11-23,86.7576715818,539,898880.0,0.0001,92.0,7632.413681,51,0.001,14.0,
2015-11-24,4.73535406059,531,955314.0,0.000106,179.0,7595.0,38,0.00106,15.0,
2015-11-25,649.287374666,523,897112.0,0.0001,772.0,7601.358323,47,0.001,15.0,
2015-11-26,608.622657156,374,973836.0,0.000108,696.0,5591.294872,46,0.00108,14.0,
2015-11-27,715.551966663,545,1003330.0,0.000111,1016.0,8239.543061,51,0.00111,14.0,
2015-11-28,353.146361048,539,833174.0,9.3e-05,946.0,8070.733833,47,0.00093,15.0,
2015-11-29,357.908161014,528,960336.0,0.000107,247.0,7830.589556,48,0.00107,14.0,
2015-11-30,698.944419801,545,933912.0,0.000104,224.0,8157.056114,53,0.00104,15.0,
2015-12-01,1148.99206942,326,950715.0,0.000106,1860.0,5198.610294,29,0.00106,15.0,
2015-12-02,2639.33365617,136,1044380.0,0.000116,3449.0,2131.424817,50,0.0116,6.0,
2015-12-03,1123.93460557,405,922833.0,0.000103,1771.0,6956.800853,62,0.00103,14.0,
2015-12-04,480.234357617,245,974880.0,0.000108,1096.0,3404.148639,45,0.00108,14.0,
2015-12-05,1877.81820154,551,1058130.0,0.000118,165.0,7947.186497,55,0.00118,14.0,
2015-12-06,1063.69701551,553,1077410.0,0.00012,2133.0,8427.258118,56,0.0012,15.0,
2015-12-07,199.869728076,548,930447.0,0.000103,792.0,7851.770998,51,0.00103,14.0,
2015-12-08,1022.7194837,528,1137930.0,0.000126,1172.0,8144.060224,43,0.00126,14.5,
2015-12-09,1119.39488326,590,1205030.0,0.000134,676.0,8584.583649,65,0.00134,14.0,
2015-12-10,1689.06569151,553,1233710.0,0.000137,561.0,8428.184314,50,0.00137,14.0,
2015-12-11,1060.75438972,527,1311020.0,0.000146,258.0,8080.882301,47,0.00146,15.0,
2015-12-12,123.537420604,15,1320440.0,0.000147,718.0,370.066291,18,0.205506,2.0,
2015-12-13,6450.72759648,299,1399390.0,0.000155,2345.0,5395.30309,17,0.00155,15.0,
2015-12-14,809.728200831,497,1288610.0,0.000143,187.0,7849.911613,16,0.00143,15.0,
2015-12-15,615.409174187,529,1239320.0,0.000138,1109.0,8285.770674,44,0.00138,15.0,
2015-12-16,2276.68793573,585,1131790.0,0.000126,7084.0,9476.355687,52,0.00126,14.0,
2015-12-17,23474.8744995,669,1790580.0,0.000199,33215.0,14244.998502,75,0.00199,15.0,
2015-12-18,5129.32488862,558,2188060.0,0.000243,12619.0,10487.689868,28,0.00243,15.0,
2015-12-19,4761.19174961,547,1639130.0,0.000182,4681.0,9706.571632,26,0.00182,15.0,
2015-12-20,3616.28888378,521,1461530.0,0.000162,3616.0,9249.168269,21,0.00162,15.0,
2015-12-21,1462.05308797,528,1398200.0,0.000155,6140.0,9285.291303,24,0.00155,15.0,
2015-12-22,1097.75075825,514,1729500.0,0.000192,3694.0,8330.837017,20,0.00192,15.0,
2015-12-23,3527.63033161,290,1742160.0,0.000194,4073.0,6110.081983,21,0.00194,15.0,
2015-12-24,4092.32967636,25,1824760.0,0.000203,3898.0,2272.127326,12,81.196955,121.990539,
2015-12-25,1128.15778036,15,1635830.0,0.000182,3183.0,832.681009,10,9.9278277826,36.530107,
2015-12-26,543.85794955,22,1665990.0,0.000185,1106.0,613.723968,18,2.05650853734,12.0,
2015-12-27,1536.21560883,48,1454210.0,0.000162,3405.0,2177.122388,10,5.54065712259,26.0,
2015-12-28,1265.26499124,14,1352370.0,0.00015,1392.0,759.333432,14,3.62482374165,17.7210985,
2015-12-29,368.859198884,284,1256480.0,0.00014,1042.0,4619.682719,9,0.0014,15.0,
2015-12-30,355.049487253,246,1448130.0,0.000161,2870.0,4216.0,11,0.00161,15.0,
2015-12-31,211.952406019,469,1439410.0,0.00016,1171.0,7492.00621,14,0.0016,15.0,
2016-01-01,707.929876074,470,1358320.0,0.000151,1361.0,7842.226072,21,0.00151,15.0,
2016-01-02,89.3312551244,309,1458810.0,0.000162,1140.0,4772.72549,14,0.00162,15.0,
2016-01-03,602.839169876,212,1484340.0,0.000165,573.0,3340.0,21,0.00165,15.0,
2016-01-04,4133.88571536,526,1575230.0,0.000175,7346.0,9813.486036,24,0.00175,15.0,
2016-01-05,1703.29575937,509,1824260.0,0.000203,1676.0,8393.057774,29,0.00203,15.0,
2016-01-06,165.763025002,496,1678260.0,0.000186,1372.0,7706.845142,16,0.00186,15.0,
2016-01-07,3467.7825584,567,1688180.0,0.000188,20869.0,11202.476044,42,0.00188,15.0,
2016-01-08,12465.1103901,88,2265820.0,0.000252,30481.0,5979.639341,38,14.410923308,38.77933,
2016-01-09,8700.64955673,66,2447750.0,0.000272,9030.0,3370.944022,38,10.3568940607,31.75279,
2016-01-10,307.382968432,17,2307980.0,0.000256,3027.0,359.475808,20,0.414095786496,5.964057,
2016-01-11,4060.89814382,274,2309540.0,0.000257,11982.0,5266.007591,17,0.00257,15.0,
2016-01-12,8338.82102873,504,2146070.0,0.000238,7721.0,9549.918889,25,0.00238,15.0,
2016-01-13,5189.35791194,516,2318410.0,0.000258,6263.0,9573.929047,22,0.00258,15.0,
2016-01-14,18753.6322123,560,2233940.0,0.000248,39981.0,12257.336281,54,0.00248,15.0,
2016-01-15,18946.9718119,546,2563120.0,0.000285,37975.0,13836.247766,44,0.00285,16.0,
2016-01-16,5181.25174016,326,2295880.0,0.000255,10071.0,5910.105509,33,0.00255,15.0,
2016-01-17,5777.57244286,530,2501490.0,0.000278,9379.0,10032.960153,27,0.00278,15.0,
2016-01-18,75886.9624998,483,2556000.0,0.000284,68567.0,15323.999919,47,0.00284,16.0,
2016-01-19,30538.2110894,270,3166920.0,0.000352,126416.0,11213.238317,59,0.345664,16.4885395,
2016-01-20,59380.9386748,740,4146700.0,0.000461,252740.0,22169.98363,110,0.00461,15.0,
2016-01-21,34100.4403577,635,5239790.0,0.000582,81548.0,14336.118253,55,0.00582,15.0,
2016-01-22,50300.7277287,590,4227180.0,0.00047,52632.0,12965.328325,50,0.0047,15.0,
2016-01-23,21828.6181489,564,4081240.0,0.000453,68777.0,11103.044269,42,0.00453,15.0,
2016-01-24,14426.8265243,547,4191350.0,0.000466,28556.0,11096.653125,38,0.00466,15.0,
2016-01-25,15458.627542,560,3718220.0,0.000413,27464.0,10610.984877,58,0.00413,15.0,
2016-01-26,30692.6915208,558,3410470.0,0.000379,26105.0,11623.39899,39,0.00379,15.0,
2016-01-27,33747.8392888,568,3756420.0,0.000417,35648.0,12895.521695,41,0.00417,15.0,
2016-01-28,23464.9039735,549,3795520.0,0.000422,19034.0,10879.230317,32,0.00422,15.0,
2016-01-29,5735.0237527,556,3562020.0,0.000396,19446.0,9786.489198,42,0.00396,15.0,
2016-01-30,5387.63399083,560,3853500.0,0.000428,35814.0,10543.68276,52,0.00428,15.0,
2016-01-31,18122.1638253,388,4122060.0,0.000458,46422.0,7504.843047,47,0.00458,15.0,
2016-02-01,10265.712139,738,4448570.0,0.000494,52135.0,25705.775214,111,0.00494,16.0,
2016-02-02,11356.0646365,688,4564120.0,0.000507,114264.0,16077.801188,51,0.00507,14.0,
2016-02-03,65659.161931,641,5228850.0,0.000581,91762.0,14561.912462,71,0.00581,14.0,
2016-02-04,112208.022078,596,5661540.0,0.000629,78974.0,13635.487896,50,0.00629,15.0,
2016-02-05,12187.4403875,533,5407140.0,0.000601,24322.0,10409.223348,38,0.00601,15.0,
2016-02-06,25693.5993862,535,5680220.0,0.000631,16086.0,9958.491379,33,0.00631,15.0,
2016-02-07,24256.7261503,532,5703340.0,0.000634,24609.0,10635.642103,41,0.00634,15.0,
2016-02-08,15632.4056004,543,5456290.0,0.000606,15958.0,10323.680478,41,0.00606,15.0,
2016-02-09,15580.8854099,530,5312020.0,0.00059,18947.0,9761.444085,40,0.0059,15.0,
2016-02-10,24476.1566509,338,4920790.0,0.000547,23021.0,8277.487061,45,0.00547,15.0,
2016-02-11,27838.8207623,571,4813170.0,0.000535,21143.0,13222.875236,59,0.00535,16.0,
2016-02-12,20114.9353034,632,4645570.0,0.000516,31204.0,11608.736547,81,0.00516,14.0,
2016-02-13,21050.5879508,577,5455420.0,0.000606,21921.0,10892.476338,62,0.00606,14.0,
2016-02-14,23572.4711413,537,5106440.0,0.000567,8013.0,10006.153366,49,0.00567,15.0,
2016-02-15,5008.36321428,491,5350530.0,0.000595,8518.0,8609.342227,34,0.00595,15.0,
2016-02-16,15344.90434,587,5200430.0,0.000578,33862.0,12140.294614,37,0.00578,15.0,
2016-02-17,17745.3877912,611,4692870.0,0.000521,23223.0,13678.53327,45,0.00521,15.0,
2016-02-18,26091.8801261,639,4194320.0,0.000466,57118.0,16864.431066,47,0.00466,16.0,
2016-02-19,10182.2266634,563,5037710.0,0.00056,33913.0,10878.016995,31,0.0056,15.0,
2016-02-20,40966.8784821,631,5082410.0,0.000565,84725.0,17828.993538,39,0.00565,15.049077,
2016-02-21,6256.88158919,260,5369180.0,0.000597,46199.0,5479.254771,22,0.00597,16.0,
2016-02-22,13609.5306509,256,5957070.0,0.000662,48507.0,7970.729321,25,0.00662,16.0,
2016-02-23,15796.7517032,551,6041160.0,0.000671,28674.0,10730.340994,21,0.00671,15.0,
2016-02-24,32389.4414074,442,5836220.0,0.000648,33792.0,11429.0634,21,0.00648,16.0,
2016-02-25,12983.7048079,111,5835300.0,0.000648,39616.0,6329.707096,25,42.986612426,37.0,
2016-02-26,8388.36020128,56,5691150.0,0.000632,20449.0,3026.49593,32,42.2729541652,43.4902395,
2016-02-27,3432.80754312,290,5822730.0,0.000647,14847.0,5819.056343,21,0.00647,15.0,
2016-02-28,7593.23199122,507,5789230.0,0.000643,12969.0,8866.350696,17,0.00643,15.0,
2016-02-29,11401.792663,528,5882930.0,0.000654,19328.0,10454.821242,28,0.00654,15.0,
2016-03-01,9068.69796079,524,5716680.0,0.000635,14850.0,9622.8138,26,0.00635,15.0,
2016-03-02,8600.09115134,513,5649810.0,0.000628,18524.0,8462.351794,25,0.00628,15.0,
2016-03-03,9418.09472776,521,5797540.0,0.000644,22400.0,9574.056306,27,0.00644,15.0,
2016-03-04,20402.0339563,522,5451010.0,0.000606,21494.0,9738.839217,31,0.00606,15.0,
2016-03-05,23836.7497165,611,5641870.0,0.000627,77590.0,15777.562317,38,0.00627,15.0,
2016-03-06,65668.1024852,699,6377790.0,0.000709,348109.0,20028.971158,66,0.00709,16.0,
2016-03-07,225747.237443,748,9433080.0,0.001048,627920.0,33535.105798,141,10.48,18.0,
2016-03-08,140470.509291,317,14564100.0,0.001618,260891.0,19565.856811,84,161.45213,60.0,
2016-03-09,167281.658616,589,14846500.0,0.00165,367893.0,25158.871919,93,13.2,18.0,
2016-03-10,56716.5340392,680,11966700.0,0.00133,161400.0,18673.388987,52,0.0133,15.0,
2016-03-11,34487.5004785,592,12395200.0,0.001377,61167.0,12954.629535,55,0.01377,15.0,
2016-03-12,50363.843322,550,12071600.0,0.001341,99260.0,22807.375405,59,0.01341,15.0,
2016-03-13,61440.7834442,438,12149200.0,0.00135,95887.0,12447.24578,52,0.0135,16.0,
2016-03-14,75936.2783596,454,12055300.0,0.001339,134782.0,16030.751914,55,0.01339,15.0,
2016-03-15,56681.8564424,315,11290700.0,0.001255,98868.0,12293.232799,50,0.01255,16.0,
2016-03-16,57009.5316475,125,11214000.0,0.001246,116986.0,9236.653041,46,201.229451192,82.906707,
2016-03-17,34010.4972658,357,10562700.0,0.001174,131175.0,40040.998818,47,0.01174,15.0,
2016-03-18,10584.6898421,236,11562800.0,0.001285,47825.0,64858.749486,38,0.01285,16.0,
2016-03-19,20584.5401591,47,10637500.0,0.001182,65195.0,2208.851513,28,12.9603196777,11.973878,
2016-03-20,17438.9287827,251,11699200.0,0.0013,62747.0,16761.964566,40,0.013,15.0,
2016-03-21,16372.8848422,544,11143400.0,0.001238,50079.0,10612.596883,44,0.01238,15.0,
2016-03-22,11781.9559031,539,11308600.0,0.001257,31594.0,10100.30858,51,0.01257,15.0,
2016-03-23,10569.5094516,550,11335500.0,0.001259,61730.0,9160.351675,54,0.01259,14.5,
2016-03-24,14484.3724509,528,11732000.0,0.001304,48528.0,9721.895141,33,0.01304,15.0,
2016-03-25,12766.1950623,523,11328900.0,0.001259,37992.0,9229.927891,33,0.01259,15.0,
2016-03-26,144268.328563,569,11227000.0,0.001247,695940.0,22680.727858,75,0.01247,16.0,
2016-03-27,81774.720193,673,13356700.0,0.001484,305038.0,20100.034062,77,0.01484,16.0,
2016-03-28,47860.2275732,580,13081700.0,0.001454,150393.0,12895.783141,51,0.01454,15.0,
2016-03-29,54193.8331607,594,13969400.0,0.001552,187162.0,13511.392624,57,0.01552,15.0,
2016-03-30,50501.1306794,560,13807400.0,0.001534,66153.0,11496.708061,47,0.01534,15.0,
2016-03-31,32328.5906365,607,13303500.0,0.001478,46908.0,11890.487019,110,0.01478,15.0,
2016-04-01,32964.9350003,562,13454700.0,0.001495,64361.0,11948.149169,46,0.01495,15.0,
2016-04-02,26657.444356,570,13160200.0,0.001462,52104.0,11702.405858,54,0.01462,15.0,
2016-04-03,31513.9036376,214,12990600.0,0.001443,60244.0,5762.092166,42,0.01443,15.0,
2016-04-04,13196.1007565,560,12271900.0,0.001364,38331.0,10738.081829,59,0.01364,15.0,
2016-04-05,41250.2553404,534,12338400.0,0.001371,38468.0,9550.18241,38,0.01371,15.0,
2016-04-06,4279.40505718,513,12357400.0,0.001373,17324.0,8558.977468,26,0.01373,15.0,
2016-04-07,3578.42263684,517,12249300.0,0.001361,12999.0,8515.744814,32,0.01361,15.0,
2016-04-08,7354.94847054,526,12107500.0,0.001345,26063.0,8782.871221,32,0.01345,15.0,
2016-04-09,22928.9190597,525,12774300.0,0.001419,28257.0,9117.179966,38,0.01419,15.0,
2016-04-10,33750.6509255,885,12707500.0,0.001412,65615.0,16138.951633,84,0.01412,14.0,
2016-04-11,13132.9352776,37,12599900.0,0.0014,22648.0,2030.815738,32,117.959876763,32.0,
2016-04-12,22044.1215563,62,13118400.0,0.001458,27811.0,3964.400401,35,152.032734719,62.1314985,
2016-04-13,30060.5066265,128,12510400.0,0.00139,55189.0,6188.875092,90,0.0466640375,14.0,
2016-04-14,79458.0511926,192,12285900.0,0.001365,226419.0,11249.311459,104,41.8420275,22.0,
2016-04-15,60315.8048019,181,14213600.0,0.001579,116531.0,7776.477644,109,8.83903600366,14.0,
2016-04-16,20776.3150983,130,12987400.0,0.001443,60570.0,4795.065438,98,0.007215,14.0,
2016-04-17,35942.4166572,127,12809400.0,0.001423,40530.0,5973.483913,92,0.001423,14.0,
2016-04-18,29355.5542128,153,13360700.0,0.001485,77865.0,6668.943482,98,2.00475,14.0,
2016-04-19,22330.1336227,309,14038600.0,0.00156,35119.0,7326.345394,102,0.0156,14.0,
2016-04-20,39018.6881744,571,14574400.0,0.001619,123362.0,13096.106425,47,0.01619,15.0,
2016-04-21,50333.7510345,612,14820900.0,0.001647,63276.0,12014.032034,93,0.01647,15.0,
2016-04-22,12876.8599877,411,14216100.0,0.00158,27030.0,7884.048028,100,0.0158,14.0,
2016-04-23,14881.3950478,102,14245700.0,0.001583,24123.0,2448.589734,100,0.0,14.0,
2016-04-24,27593.3871311,115,14401400.0,0.0016,30483.0,3295.139542,98,0.0,14.0,
2016-04-25,43168.1523188,446,13815600.0,0.001535,41019.0,9607.175754,102,0.01535,15.0,
2016-04-26,15077.1966301,601,13641500.0,0.001516,34249.0,11030.752863,105,0.01516,15.0,
2016-04-27,41722.1303119,625,13791900.0,0.001532,60837.0,13158.765064,105,0.01532,14.0,
2016-04-28,30801.0009956,522,14760900.0,0.00164,48880.0,12163.607445,106,0.0164,14.5,
2016-04-29,4278.83976668,83,14392900.0,0.001599,12164.0,1697.675556,84,0.0,14.0,
2016-04-30,19093.9720856,92,14456100.0,0.001606,20784.0,3060.13244,85,0.0,14.0,
2016-05-01,68756.8384764,119,14412300.0,0.001601,19104.0,3639.076041,108,0.0,14.0,
2016-05-02,32822.9665236,268,14457800.0,0.001606,17512.0,4917.28049,96,0.01606,14.0,
2016-05-03,38865.75624,104,14166500.0,0.001574,31618.0,3268.230322,96,0.0,14.0,
2016-05-04,8023.74833802,93,14197900.0,0.001578,12471.0,1761.549601,87,0.0,14.0,
2016-05-05,29247.9255417,105,13819400.0,0.001535,23235.0,2906.870213,93,0.0,14.0,
2016-05-06,3539.34647655,97,13818000.0,0.001535,15647.0,1908.198354,95,0.0,14.0,
2016-05-07,21540.9222694,129,14713600.0,0.001635,18165.0,3307.051796,108,0.0,14.0,
2016-05-08,10779.9228264,108,13990900.0,0.001555,34875.0,2754.598143,106,0.0,14.0,
2016-05-09,14318.5720323,101,13557600.0,0.001506,20281.0,2335.648014,95,0.0,14.0,
2016-05-10,7010.69525525,105,13276900.0,0.001475,13587.0,2536.765306,98,0.0,14.0,
2016-05-11,1159.40876664,107,13558000.0,0.001506,9375.0,1450.330193,89,0.0,14.0,
2016-05-12,22236.0432879,107,13805700.0,0.001534,35261.0,3165.141966,91,0.0,14.0,
2016-05-13,13210.9715549,105,14002000.0,0.001556,22258.0,2911.029344,97,0.0,14.0,
2016-05-14,16177.7871438,118,13657000.0,0.001517,19939.0,2484.864486,101,0.0,14.0,
2016-05-15,3423.9088425,91,12919500.0,0.001435,9596.0,2031.364321,93,0.0,14.0,
2016-05-16,12889.1324994,129,13232000.0,0.00147,29747.0,3690.466037,108,0.0,14.0,
2016-05-17,9528.54822865,103,13423100.0,0.001491,24857.0,2591.986364,89,0.0,14.0,
2016-05-18,12982.6981952,103,13188200.0,0.001465,21163.0,3018.996737,92,0.0,14.0,
2016-05-19,17439.6223658,114,12995300.0,0.001444,66759.0,3181.687112,101,0.0,14.0,
2016-05-20,91135.207531,244,13921600.0,0.001547,184416.0,14671.527405,132,77.5032027562,35.0,
2016-05-21,25119.6992401,152,15204900.0,0.001689,59265.0,5445.777073,123,0.0,14.0,
2016-05-22,28391.3959344,110,14581200.0,0.00162,41583.0,4432.005305,90,0.0,14.0,
2016-05-23,24149.9515733,77,15255100.0,0.001695,22784.0,3317.603281,61,0.2833085715,14.0,
2016-05-24,21906.1381554,122,14950300.0,0.001661,25705.0,3420.020517,107,0.0,14.0,
2016-05-25,13823.8685338,115,14798100.0,0.001644,40465.0,3126.880984,104,0.0,14.0,
2016-05-26,44467.5437889,165,14747100.0,0.001639,68522.0,5286.45071,134,0.0,14.0,
2016-05-27,40217.98038,146,12912500.0,0.001435,54836.0,5375.91477,138,0.0,14.0,
2016-05-28,46270.4551877,137,14039600.0,0.00156,74438.0,5182.712065,119,0.0,14.0,
2016-05-29,43071.4852018,152,14509500.0,0.001612,55953.0,5411.915799,126,0.0,14.0,
2016-05-30,45538.369341,143,14689500.0,0.001632,35592.0,5899.245715,117,0.0,14.0,
2016-05-31,188889.85012,207,15070100.0,0.001674,171256.0,12149.103711,154,0.14229,14.0,
2016-06-01,49861.6908259,166,16898600.0,0.001878,93395.0,7808.071338,130,1.564374,6.0,
2016-06-02,17759.8535543,152,18281500.0,0.002031,30940.0,2711.16242,144,1.632924,6.0,
2016-06-03,27020.6969826,136,17725900.0,0.00197,31976.0,2742.159566,126,1.4972,6.0,
2016-06-04,10993.7446761,119,18014600.0,0.002002,13642.0,1421.824525,115,1.443442,6.0,
2016-06-05,22735.6124922,162,18176900.0,0.00202,31833.0,3088.830134,147,1.35946,6.0,
2016-06-06,17989.759224,123,18023000.0,0.002003,25280.0,2385.619601,119,1.309962,6.0,
2016-06-07,18947.1685412,114,18208400.0,0.002023,48058.0,2974.251709,100,1.323042,6.0,
2016-06-08,24048.0986088,180,18425300.0,0.002047,40244.0,3984.340796,152,1.14632,6.0,
2016-06-09,43756.535765,185,17704500.0,0.001967,69457.0,5286.588429,161,1.109388,6.0,
2016-06-10,35386.6234476,192,16722400.0,0.001858,36825.0,4551.176222,167,1.150102,6.0,
2016-06-11,5905.77864392,164,16991200.0,0.001888,13460.0,1893.871235,160,1.064832,6.0,
2016-06-12,53546.9840768,252,17803600.0,0.001978,74584.0,6452.738463,182,1.072076,6.0,
2016-06-13,29992.2470268,201,18838900.0,0.002093,126549.0,4378.276072,171,1.126034,6.0,
2016-06-14,62234.8944931,274,19971400.0,0.002219,190254.0,8492.253192,185,1.193822,6.0,
2016-06-15,40713.2053595,187,21384700.0,0.002376,89352.0,4691.304925,156,1.420848,6.0,
2016-06-16,51772.910011,232,21927200.0,0.002436,93485.0,4868.26773,200,1.330056,6.0,
2016-06-17,50352.1693064,216,24274200.0,0.002697,176445.0,5335.484899,172,1.486047,6.0,
2016-06-18,87775.7591883,267,23156400.0,0.002573,216735.0,8920.781429,202,1.322522,6.0,
2016-06-19,326072.282727,651,27365600.0,0.003041,2144130.0,25494.275876,355,30.364385,10.0,
2016-06-20,580479.487551,526,44596400.0,0.004955,2068320.0,23488.596486,292,62.3874960053,12.7009525,
2016-06-21,663568.888176,595,50700100.0,0.005633,1400580.0,32854.672573,251,313.960888,37.0,
2016-06-22,387496.427994,498,39707300.0,0.004412,708990.0,22198.553407,267,62.0447817903,13.0,
2016-06-23,251480.67556,450,37217300.0,0.004135,661495.0,17296.845527,264,19.4175296995,10.0,
2016-06-24,393973.147746,491,46628200.0,0.005181,1781030.0,21800.291311,258,128.74785,20.0,
2016-06-25,777268.0393,708,68521300.0,0.007613,1985250.0,27917.670633,336,155.6287525,18.0,
2016-06-26,302084.292331,481,66539200.0,0.007393,919578.0,13744.220564,280,36.9093861575,10.0,
2016-06-27,501626.760285,582,61321900.0,0.006814,3121330.0,20400.151064,318,64.733,10.0,
2016-06-28,3242455.26331,1678,103728000.0,0.011525,9830870.0,76524.034062,560,568.4418125,33.0,
2016-06-29,1498456.77848,914,112803000.0,0.012534,6424080.0,33282.536861,416,183.263675417,14.0,
2016-06-30,872892.113019,789,93721500.0,0.010413,4287380.0,26684.43736,373,185.590899,14.476201,
2016-07-01,1892869.25599,888,111615000.0,0.012402,3648490.0,32640.339619,339,200.558913551,12.0,
2016-07-02,636245.59853,530,94204800.0,0.010467,1213810.0,17717.669344,260,106.941596467,10.0,
2016-07-03,2944113.91268,540,94844700.0,0.010538,1352360.0,19158.739968,287,105.38,10.0,
2016-07-04,872684.544084,577,96841800.0,0.01076,1053260.0,20855.582496,298,126.751875716,10.0,
2016-07-05,900750.855233,666,97650000.0,0.01085,1359130.0,25373.968968,252,347.529832866,23.0651085,
2016-07-06,516519.922806,496,85150500.0,0.009461,806001.0,14364.568696,320,62.22263175,9.0,
2016-07-07,872453.881363,596,84109800.0,0.009346,2017560.0,23403.425878,303,280.008473369,16.9831435,
2016-07-08,363439.932351,490,69275900.0,0.007697,1307980.0,14604.515161,302,14.6886877949,6.0,
2016-07-09,357073.556299,391,73583800.0,0.008176,403571.0,10326.423733,290,3.319456,6.0,
2016-07-10,200484.525566,358,72338200.0,0.008038,350326.0,8534.810685,271,3.2152,6.0,
2016-07-11,347475.739033,430,73382400.0,0.008154,465964.0,12069.717802,295,3.204522,6.0,
2016-07-12,351320.955716,533,73117100.0,0.008124,1668430.0,15044.822397,289,36.558,8.0,
2016-07-13,394684.1385,426,83638400.0,0.009293,653997.0,9778.981719,299,3.53134,6.0,
2016-07-14,519654.538427,480,78243100.0,0.008694,894330.0,15329.929681,289,17.322795,9.295124,
2016-07-15,266985.072693,388,72828300.0,0.008092,458812.0,11557.288508,247,8.17599804305,6.0,
2016-07-16,121180.065791,290,73032200.0,0.008115,301630.0,6323.509557,225,3.546255,6.0,
2016-07-17,253888.742801,304,71140300.0,0.007904,352705.0,8847.214685,222,3.311776,6.0,
2016-07-18,119309.268746,280,69302900.0,0.0077,196177.0,5829.252748,225,3.3264,6.0,
2016-07-19,381057.944833,399,68000700.0,0.007556,775842.0,16086.13105,256,60.33466,8.0,
2016-07-20,301922.622798,313,60800600.0,0.006756,404954.0,7888.717497,259,2.776716,6.0,
2016-07-21,351866.988257,342,64930600.0,0.007215,345004.0,11086.254714,228,2.77056,6.0,
2016-07-22,279772.848218,398,61584000.0,0.006843,469661.0,13840.716281,237,2.702985,6.0,
2016-07-23,118357.851702,289,60675500.0,0.006742,651708.0,6891.575527,223,2.66309,6.0,
2016-07-24,806613.288035,212,65035800.0,0.007226,227133.0,4203.603794,166,2.659168,6.0,
2016-07-25,94689.8983626,320,61739600.0,0.00686,191396.0,5593.122974,253,2.38728,6.0,
2016-07-26,243582.27457,370,62637000.0,0.00696,437248.0,9176.53354,263,2.5056,6.0,
2016-07-27,185806.320347,296,59122000.0,0.006569,304369.0,6005.966311,263,2.187477,6.0,
2016-07-28,95792.228575,302,59639600.0,0.006627,132462.0,5201.015654,255,2.273061,6.0,
2016-07-29,73358.7757532,298,59642700.0,0.006627,65604.0,4591.295494,266,2.18691,6.0,
2016-07-30,41644.1081958,260,59304900.0,0.006589,87991.0,3323.17636,241,2.227082,6.0,
2016-07-31,132656.134399,360,60650100.0,0.006739,141660.0,4712.51869,269,2.183436,6.0,
2016-08-01,133974.473786,349,59935500.0,0.006659,228840.0,7935.394368,276,2.164175,6.0,
2016-08-02,349071.812814,436,56505200.0,0.006278,730517.0,13730.911148,300,2.078018,6.0,
2016-08-03,306299.632616,409,45354300.0,0.005039,450543.0,11922.754139,303,1.572168,6.0,
2016-08-04,104458.132344,340,46362300.0,0.005151,371559.0,6826.610437,267,1.771944,6.0,
2016-08-05,80644.0674871,234,47682700.0,0.005298,116694.0,5287.918389,213,2.315226,6.0,
2016-08-06,114678.739914,217,47550300.0,0.005283,181672.0,4651.546592,180,2.757726,6.0,
2016-08-07,198618.454147,384,47930600.0,0.005326,246072.0,8496.190839,282,1.746928,6.0,
2016-08-08,62307.6392696,342,45039100.0,0.005004,123853.0,5115.98778,271,1.656324,6.0,
2016-08-09,132227.062925,375,45057700.0,0.005006,627845.0,8534.148158,256,1.682016,6.0,
2016-08-10,107437.384921,335,48959600.0,0.00544,339475.0,7290.912908,259,1.904,6.0,
2016-08-11,72975.5372028,284,49947700.0,0.00555,130541.0,4002.370238,233,1.8204,6.0,
2016-08-12,135266.738847,333,51100000.0,0.005678,782251.0,7735.208002,229,1.862384,6.0,
2016-08-13,218518.897443,338,60806800.0,0.006756,321962.0,6737.222009,277,2.175432,6.0,
2016-08-14,100431.278513,263,59133000.0,0.00657,297574.0,7222.200512,184,2.09583,6.0,
2016-08-15,114884.026197,395,58406800.0,0.00649,172606.0,6220.260252,274,2.12223,6.0,
2016-08-16,62368.9846526,266,56531000.0,0.006281,144676.0,4774.62427,226,2.097854,6.0,
2016-08-17,49727.3201339,254,55927500.0,0.006214,77010.0,3786.776859,226,2.000908,6.0,
2016-08-18,69244.9744104,288,56279200.0,0.006253,155516.0,4479.41802,262,1.932177,6.0,
2016-08-19,164498.415753,337,57736600.0,0.006415,159428.0,7063.025794,278,1.930915,6.0,
2016-08-20,54891.2526316,342,61519400.0,0.006835,104600.0,4517.27259,293,2.043665,6.0,
2016-08-21,289990.140564,321,58457900.0,0.006495,85870.0,6019.643332,293,1.980975,6.0,
2016-08-22,63149.5999131,335,56980200.0,0.006331,111892.0,4257.28824,292,1.892969,6.0,
2016-08-23,118456.118664,313,55667600.0,0.006185,195676.0,4844.287882,279,1.90498,6.0,
2016-08-24,22294.8688389,296,50575500.0,0.00562,68332.0,3288.287397,276,1.69162,6.0,
2016-08-25,98921.8189946,342,51825000.0,0.005758,132621.0,6587.282675,296,1.7274,6.0,
2016-08-26,112346.676374,322,52973900.0,0.005886,93546.0,5269.020971,289,1.85409,6.0,
2016-08-27,229287.116335,394,52722200.0,0.005858,170161.0,9827.759731,291,1.763258,6.0,
2016-08-28,91653.1690926,334,51394100.0,0.00571,240770.0,7785.210299,276,1.78152,6.0,
2016-08-29,97122.7107827,351,53338500.0,0.005927,118219.0,6668.503416,289,1.754392,6.0,
2016-08-30,174261.536653,335,52675100.0,0.005853,95943.0,6108.105948,283,1.732488,6.0,
2016-08-31,189174.310867,353,52810100.0,0.005868,159010.0,6675.946893,284,1.801476,6.0,
2016-09-01,70125.9107232,357,51288500.0,0.005699,121379.0,5036.589508,302,3.379507,6.0,
2016-09-02,93821.3469052,359,50281600.0,0.005587,69772.0,5646.702695,304,3.257221,6.0,
2016-09-03,139932.255939,325,50250100.0,0.005583,91693.0,4367.087132,304,3.226974,6.0,
2016-09-04,89158.2137699,323,51550600.0,0.005728,114152.0,5329.642958,289,3.35088,6.0,
2016-09-05,160387.653695,314,50830400.0,0.005648,80711.0,4570.616445,298,3.236304,6.0,
2016-09-06,95962.9488562,328,51523500.0,0.005725,151265.0,5736.889704,287,3.452175,6.0,
2016-09-07,79058.6131847,330,51331200.0,0.005703,167523.0,5119.854798,290,3.216492,6.0,
2016-09-08,30089.840575,331,51297800.0,0.0057,82533.0,3251.658449,299,3.1407,6.0,
2016-09-09,129258.529221,385,50966800.0,0.005663,193607.0,8068.825781,313,2.990064,6.0,
2016-09-10,70062.8023224,356,55030000.0,0.006114,122676.0,6596.239206,292,3.326016,6.0,
2016-09-11,45299.35415,309,53082900.0,0.005898,53542.0,3582.210591,284,3.238002,6.0,
2016-09-12,95348.1482013,300,51432500.0,0.005715,60043.0,4153.267123,287,3.137535,6.0,
2016-09-13,43660.859374,343,51640500.0,0.005738,40218.0,3532.345349,295,3.132948,6.0,
2016-09-14,87282.1017408,307,52607700.0,0.005845,38958.0,4089.369826,289,3.49531,6.0,
2016-09-15,102630.12652,305,51249000.0,0.005694,95900.0,4464.737271,261,2.995044,6.0,
2016-09-16,190961.248492,358,51053300.0,0.005673,178507.0,6348.830975,308,2.983998,6.0,
2016-09-17,100405.205938,342,49493400.0,0.005499,88160.0,4870.080338,307,2.754999,6.0,
2016-09-18,162325.056775,359,47579300.0,0.005287,106492.0,6029.157055,319,2.574769,6.0,
2016-09-19,302110.198763,328,46391800.0,0.005155,59635.0,4391.188001,304,2.54657,6.0,
2016-09-20,32006.2735607,319,46437700.0,0.00516,44593.0,2941.088747,300,2.52324,6.0,
2016-09-21,44517.2750292,323,46901600.0,0.005211,89011.0,3758.800566,316,2.574234,6.0,
2016-09-22,62605.9803776,333,48745100.0,0.005416,56257.0,3212.460392,309,2.637592,6.0,
2016-09-23,86700.4306638,356,47672200.0,0.005297,40640.0,3214.166765,328,2.579639,6.0,
2016-09-24,272184.45063,386,47255500.0,0.005251,16142.0,5302.493384,347,2.515229,6.0,
2016-09-25,70018.8307984,346,46503600.0,0.005167,46872.0,4452.908906,333,2.474993,6.0,
2016-09-26,52152.8289678,376,45941800.0,0.005105,78480.0,4889.610848,328,2.445295,6.0,
2016-09-27,170908.279146,446,44884500.0,0.004987,240493.0,9614.894494,340,2.423682,6.0,
2016-09-28,65465.3812026,358,40925600.0,0.004547,132509.0,4330.845548,316,2.232577,6.0,
2016-09-29,761165.442618,489,41577300.0,0.00462,299521.0,12786.440133,347,2.24994,6.0,
2016-09-30,77456.4883292,402,36431000.0,0.004048,185871.0,5861.414875,348,1.894464,6.0,
2016-10-01,25836.4223841,339,39365200.0,0.004374,54594.0,3320.237701,320,2.095146,6.0,
2016-10-02,28624.2491557,352,39926200.0,0.004436,23396.0,3387.376676,335,2.06274,6.0,
2016-10-03,92277.8898346,383,39089800.0,0.004343,38939.0,4127.135479,341,2.067268,6.0,
2016-10-04,87817.077354,372,38566500.0,0.004285,54405.0,4849.524286,335,2.06537,6.0,
2016-10-05,56531.6948134,373,38300600.0,0.004256,31162.0,4639.274123,339,2.008832,6.0,
2016-10-06,67301.521891,390,39145900.0,0.00435,26339.0,4638.6591,347,1.98795,6.0,
2016-10-07,54239.599911,389,39583500.0,0.004398,127648.0,5972.886449,344,1.992294,6.0,
2016-10-08,73742.8815346,387,36259700.0,0.004029,66933.0,4958.27633,354,1.800963,6.0,
2016-10-09,24345.7691545,361,35577700.0,0.003953,34308.0,3446.064735,337,1.826286,6.0,
2016-10-10,65793.8840948,403,34893000.0,0.003877,142522.0,7169.006518,323,1.876468,6.0,
2016-10-11,136622.281789,504,31924700.0,0.003547,708261.0,13228.669707,351,1.649355,6.0,
2016-10-12,82006.8151455,417,40909200.0,0.004545,168465.0,7576.474121,342,2.0907,6.0,
2016-10-13,61371.2895911,364,36401900.0,0.004045,83166.0,4642.296338,340,1.856655,6.0,
2016-10-14,71564.7931585,365,38012400.0,0.004224,112493.0,5048.002389,333,2.057088,6.0,
2016-10-15,44665.9694724,354,38477600.0,0.004275,34639.0,3601.133268,338,1.928025,6.0,
2016-10-16,41680.6022852,334,35906400.0,0.00399,13009.0,3392.024815,328,1.72767,6.0,
2016-10-17,111411.52236,378,35897900.0,0.003989,86945.0,5764.144572,332,1.739204,6.0,
2016-10-18,36334.4255571,360,34329500.0,0.003814,34164.0,3649.329276,348,1.720114,6.0,
2016-10-19,37431.4199578,335,34877600.0,0.003875,40187.0,3604.285221,324,1.716625,6.0,
2016-10-20,57283.4236335,351,34226700.0,0.003803,70155.0,4072.778722,322,1.677123,6.0,
2016-10-21,25490.7196681,346,33721200.0,0.003747,42624.0,3299.091297,333,1.746102,6.0,
2016-10-22,22184.6106978,320,33341100.0,0.003705,29359.0,3052.267504,308,1.641315,6.0,
2016-10-23,25136.5223693,370,33724900.0,0.003747,56694.0,4736.87157,331,1.659921,6.0,
2016-10-24,36541.9118872,354,33767100.0,0.003752,56939.0,3703.123937,341,1.65088,6.0,
2016-10-25,57048.9160447,403,34907200.0,0.003879,103055.0,6029.278763,356,1.749429,6.0,
2016-10-26,51354.9420891,322,35179000.0,0.003909,36509.0,3425.55583,318,1.762959,6.0,
2016-10-27,94454.4437406,342,34285000.0,0.003809,48702.0,3230.987016,326,1.664533,6.0,
2016-10-28,51970.7911055,398,35437200.0,0.003937,61909.0,5976.382019,335,1.704721,6.0,
2016-10-29,74517.0261682,433,33694600.0,0.003744,113046.0,8617.694469,345,1.636128,6.0,
2016-10-30,72040.3540311,348,31457000.0,0.003495,46940.0,3430.34587,325,1.527315,6.0,
2016-10-31,25977.4281096,367,33461500.0,0.003718,41132.0,4588.344758,321,1.71028,6.0,
2016-11-01,66155.3079207,397,32655200.0,0.003628,86034.0,7410.305565,340,1.636228,6.0,
2016-11-02,33749.0137572,350,34460900.0,0.003829,31717.0,3529.480714,337,1.738366,6.0,
2016-11-03,81104.7459529,350,33792300.0,0.003755,52800.0,4438.812987,322,1.73481,6.0,
2016-11-04,10124.0842812,323,32988700.0,0.003665,16777.0,2566.705016,323,1.660245,6.0,
2016-11-05,45520.4204388,450,33495300.0,0.003722,92488.0,5992.951967,403,1.641402,6.0,
2016-11-06,41170.5739954,402,34962700.0,0.003885,61509.0,4893.423335,374,1.736595,6.0,
2016-11-07,37240.1956381,379,33345400.0,0.003705,83387.0,3935.251772,354,1.7043,6.0,
2016-11-08,91724.5238921,468,37239200.0,0.004138,125635.0,7167.91943,390,1.824858,6.0,
2016-11-09,34158.3995375,361,37122200.0,0.004125,87389.0,4390.850013,348,1.843875,6.0,
2016-11-10,65590.8630921,404,35306800.0,0.003923,95765.0,6207.940899,374,1.679044,6.0,
2016-11-11,109065.208514,404,37547700.0,0.004172,498999.0,8884.377492,283,2.715972,6.0,
2016-11-12,128337.772867,464,42747300.0,0.00475,197376.0,8930.432973,381,2.0045,6.0,
2016-11-13,210305.005659,446,43211100.0,0.004801,121811.0,8234.782144,363,2.174853,6.0,
2016-11-14,90585.815421,409,41318900.0,0.004591,169961.0,6112.839399,329,2.258772,6.0,
2016-11-15,64626.3290907,397,38338400.0,0.00426,109164.0,6234.361622,342,2.04906,6.0,
2016-11-16,90848.4051808,407,37720000.0,0.004191,125417.0,7432.681939,347,1.902714,6.0,
2016-11-17,32610.035359,377,36039900.0,0.004004,98053.0,5117.672415,343,1.865864,6.0,
2016-11-18,14003.8169489,356,36180400.0,0.00402,32246.0,3038.111658,351,1.81302,6.0,
2016-11-19,62370.9008797,371,36066200.0,0.004007,25630.0,4117.034169,356,1.791129,6.0,
2016-11-20,43370.5482533,401,35941600.0,0.003994,56805.0,3888.278791,355,1.749372,6.0,
2016-11-21,8060.02557093,365,35739000.0,0.003971,10950.0,2865.125887,356,1.719443,6.0,
2016-11-22,26982.4206492,388,35490300.0,0.003943,63397.0,4873.8925,349,1.703376,6.0,
2016-11-23,38534.6593847,377,33837000.0,0.00376,22854.0,4248.376471,360,1.6544,6.0,
2016-11-24,70675.0932139,387,33335300.0,0.003704,70388.0,5106.451597,360,1.585312,6.0,
2016-11-25,23342.9529952,351,32443600.0,0.003605,27450.0,3091.543275,350,1.53573,6.0,
2016-11-26,21206.6068644,375,32326100.0,0.003592,80513.0,3360.731877,357,1.54456,6.0,
2016-11-27,23058.0107214,362,33243600.0,0.003694,50158.0,3418.017077,347,1.617972,6.0,
2016-11-28,11162.4026623,371,33041200.0,0.003671,25164.0,3040.921541,346,1.607898,6.0,
2016-11-29,20792.4782073,361,33727600.0,0.003748,26742.0,3771.464962,347,1.61164,6.0,
2016-11-30,18102.6080882,369,33781300.0,0.003753,12622.0,3671.625,349,1.621296,6.0,
2016-12-01,51938.2808965,432,33453400.0,0.003717,47370.0,5571.174177,356,1.63548,6.0,
2016-12-02,82344.9230405,446,32719700.0,0.003636,112369.0,8205.290293,307,2.34522,6.0,
2016-12-03,34247.3446353,314,31548200.0,0.003505,33408.0,3121.884175,298,1.559725,6.0,
2016-12-04,12123.2783333,309,31048000.0,0.00345,14388.0,2564.986769,276,1.89405,6.0,
2016-12-05,24901.1184822,297,32087800.0,0.003565,41901.0,3272.399012,245,1.81815,6.0,
2016-12-06,79434.5404739,384,29798900.0,0.003311,114567.0,7154.046277,315,1.68861,6.0,
2016-12-07,28874.2699017,293,28872500.0,0.003208,90073.0,4378.639305,250,1.674576,6.0,
2016-12-08,12538.3601716,394,31208200.0,0.003468,38625.0,3703.51898,367,1.484304,6.0,
2016-12-09,22075.0288148,398,29981800.0,0.003331,41814.0,4303.574945,364,1.419006,6.0,
2016-12-10,23307.8724753,395,29228800.0,0.003248,28807.0,3813.00431,359,1.393392,6.0,
2016-12-11,20546.8174033,381,30131800.0,0.003348,17412.0,3001.423747,349,1.412856,6.0,
2016-12-12,4700.82495755,378,30960500.0,0.00344,9717.0,2420.807463,368,1.46544,6.0,
2016-12-13,12017.6668139,361,30324900.0,0.003369,15639.0,2723.280812,345,1.566585,6.0,
2016-12-14,28025.2033261,398,29789100.0,0.00331,24447.0,3005.499969,373,1.4233,6.0,
2016-12-15,82059.8784085,454,30606100.0,0.003401,26255.0,6715.648053,381,1.442024,6.0,
2016-12-16,48509.1610124,409,30639700.0,0.003404,41678.0,3794.541945,372,1.4467,6.0,
2016-12-17,19081.3017016,373,32361600.0,0.003596,32836.0,2759.923786,357,1.542684,6.0,
2016-12-18,38728.9525841,439,32641500.0,0.003627,100644.0,4942.083878,381,1.545102,6.0,
2016-12-19,198802.055051,494,34382500.0,0.00382,107734.0,4731.076498,407,1.61204,6.0,
2016-12-20,11844.5742208,406,33686500.0,0.003743,31798.0,3277.250122,387,1.575803,6.0,
2016-12-21,85435.5744171,431,33576900.0,0.003731,60202.0,5244.502701,377,1.581944,6.0,
2016-12-22,53714.7012235,424,31440800.0,0.003493,87629.0,3581.832641,399,1.414665,6.0,
2016-12-23,44373.8703072,438,32397800.0,0.0036,122783.0,4729.026145,396,1.458,6.0,
2016-12-24,50272.0623626,302,31758500.0,0.003529,99398.0,3314.083545,275,1.468064,6.0,
2016-12-25,45138.9399513,247,31938900.0,0.003549,49233.0,2589.2786,181,1.476384,6.0,
2016-12-26,10523.8336597,760,32290800.0,0.003588,32883.0,5261.260185,412,1.41726,6.0,
2016-12-27,41733.5452066,586,32200200.0,0.003578,80148.0,4197.566983,460,1.46698,6.0,
2016-12-28,39743.6124265,436,30591300.0,0.003399,87826.0,4417.523116,417,1.373196,6.0,
2016-12-29,80372.7210217,490,32642000.0,0.003627,64921.0,4727.032133,420,1.454427,6.0,
2016-12-30,70637.2328142,485,33655500.0,0.00374,101380.0,5097.918984,398,1.52966,6.0,
2016-12-31,34985.4607102,437,34136900.0,0.003793,26284.0,3713.055514,391,1.524786,6.0,
2017-01-01,116569.525801,414,33087800.0,0.003676,78880.0,3957.764592,386,1.50716,6.0,
2017-01-02,64978.8632887,452,31006400.0,0.003445,106864.0,5874.070539,398,1.40556,6.0,
2017-01-03,92169.6334494,436,30396000.0,0.003377,70691.0,4553.399275,411,1.445356,6.0,
2017-01-04,278004.353965,502,32151100.0,0.003572,347165.0,9981.505953,404,1.5181,6.0,
2017-01-05,273006.913316,600,34123700.0,0.003792,566753.0,15054.372483,420,1.528176,6.0,
2017-01-06,178879.125178,525,32693700.0,0.003633,184896.0,10345.868421,387,1.522227,6.0,
2017-01-07,155311.105399,471,29854700.0,0.003317,289376.0,10164.642504,373,1.35997,6.0,
2017-01-08,56748.9384666,444,31574500.0,0.003508,82314.0,6186.302512,386,1.431264,6.0,
2017-01-09,120642.980307,433,30815200.0,0.003424,99833.0,4355.143035,388,1.355904,6.0,
2017-01-10,63752.2835809,411,32458000.0,0.003606,75660.0,3994.406936,387,1.485672,6.0,
2017-01-11,198898.353357,481,32406900.0,0.003601,115847.0,8236.389989,391,1.444001,6.0,
2017-01-12,78465.1625243,460,29643500.0,0.003294,104014.0,7766.112942,380,1.39995,6.0,
2017-01-13,93209.5336501,443,31385200.0,0.003487,84278.0,6216.986587,371,1.433157,6.0,
2017-01-14,106405.164839,455,32410500.0,0.003601,66880.0,6272.154905,386,1.494415,6.0,
2017-01-15,61770.3382014,465,33470900.0,0.003719,72802.0,4669.663764,397,1.521071,6.0,
2017-01-16,36299.28452,395,33006100.0,0.003667,27101.0,4003.894252,379,1.496136,6.0,
2017-01-17,38390.5558896,475,33025300.0,0.003669,106348.0,6944.922603,392,1.496952,6.0,
2017-01-18,231973.999738,450,31752200.0,0.003528,84317.0,5747.568983,379,1.432368,6.0,
2017-01-19,43298.2451991,415,31962200.0,0.003551,53326.0,4171.117923,387,1.434604,6.0,
2017-01-20,52888.9410459,430,32249200.0,0.003583,61333.0,5084.363624,383,1.465447,6.0,
2017-01-21,42999.4447715,423,31909200.0,0.003545,46416.0,5058.676451,376,1.4889,6.0,
2017-01-22,84204.8672073,434,33176600.0,0.003686,47775.0,5356.446018,390,1.51126,6.0,
2017-01-23,58520.3560289,429,33289600.0,0.003699,67803.0,4146.502017,387,1.494396,6.0,
2017-01-24,76052.3171898,407,33236100.0,0.003693,69622.0,4055.541158,382,1.517823,6.0,
2017-01-25,87461.7488205,511,35127500.0,0.003903,227633.0,6571.075877,404,1.619745,6.0,
2017-01-26,327565.13556,668,40937400.0,0.004549,503776.0,13492.824995,436,1.855992,6.0,
2017-01-27,341009.002467,678,46780000.0,0.005198,624751.0,13669.281418,437,2.203952,6.0,
2017-01-28,67542.0037154,533,44998100.0,0.005,223403.0,5575.425926,416,2.075,6.0,
2017-01-29,68765.6873471,476,43394900.0,0.004822,286060.0,6502.548513,399,1.996308,6.0,
2017-01-30,66433.5651356,464,46560200.0,0.005173,99034.0,4796.825117,418,2.146795,6.0,
2017-01-31,88856.8270912,535,47246900.0,0.00525,175057.0,6227.834772,417,2.163,6.0,
2017-02-01,108356.931237,536,47197000.0,0.005244,103152.0,5639.692207,414,2.207724,6.0,
2017-02-02,172888.437923,560,49383300.0,0.005487,293401.0,9426.056041,435,2.299053,6.0,
2017-02-03,300620.520416,583,56648900.0,0.006294,570173.0,8366.74566,429,2.668656,6.0,
2017-02-04,550143.056055,564,62546400.0,0.00695,439713.0,8690.935278,457,2.91205,6.0,
2017-02-05,166960.792988,608,64686200.0,0.007187,470994.0,7318.353358,492,2.932296,6.0,
2017-02-06,216271.799211,576,57508500.0,0.00639,345827.0,9355.438802,460,2.54322,6.0,
2017-02-07,247506.650447,542,54395600.0,0.006044,521704.0,7695.975192,438,2.4176,6.0,
2017-02-08,150608.453431,524,63324500.0,0.007036,301717.0,6441.61997,428,2.835508,6.0,
2017-02-09,128790.38264,516,60055100.0,0.006673,268138.0,7349.312512,420,2.749276,6.0,
2017-02-10,84591.2159881,478,56768200.0,0.006308,177550.0,6135.35017,409,2.573664,6.0,
2017-02-11,32799.3161684,456,57016000.0,0.006335,180360.0,4047.417532,428,2.50866,6.0,
2017-02-12,161422.292344,436,62782200.0,0.006976,231800.0,5034.571252,347,2.7904,6.0,
2017-02-13,321940.680827,591,62188800.0,0.00691,254472.0,9243.93275,432,2.9713,6.0,
2017-02-14,78706.2166593,603,59411200.0,0.006601,117528.0,6722.628299,423,2.594193,6.0,
2017-02-15,98242.3343915,505,60562400.0,0.006729,115753.0,5433.355426,434,2.664684,6.0,
2017-02-16,244290.110884,572,63727000.0,0.007081,219826.0,9069.373752,440,2.804076,6.0,
2017-02-17,173402.46491,585,63265100.0,0.007029,174473.0,7548.178091,448,2.692107,6.0,
2017-02-18,253984.009105,567,64155300.0,0.007128,170619.0,8363.129746,454,2.737152,6.0,
2017-02-19,234688.542193,617,61765100.0,0.006863,268886.0,7767.640282,456,2.683433,6.0,
2017-02-20,86419.9981592,475,57480300.0,0.006387,161699.0,4891.314769,434,2.465382,6.0,
2017-02-21,173642.217476,556,58872000.0,0.006541,170227.0,8295.125053,455,2.531367,6.0,
2017-02-22,86316.1732548,471,56762200.0,0.006307,91865.0,4468.67022,419,2.529107,6.0,
2017-02-23,53719.8284065,510,57403100.0,0.006378,121469.0,5679.242162,412,2.51931,6.0,
2017-02-24,136671.67004,470,61891200.0,0.006877,145516.0,5366.060096,424,2.654522,6.0,
2017-02-25,72912.4991762,544,58994400.0,0.006555,148274.0,6081.306806,414,2.956305,6.0,
2017-02-26,107527.170685,507,57097300.0,0.006344,84192.0,5249.052971,387,3.026088,6.0,
2017-02-27,299975.586856,657,58115300.0,0.006457,101345.0,7121.989534,582,2.983134,6.0,
2017-02-28,87663.3950032,463,57693900.0,0.00641,189363.0,5404.673782,377,2.8845,6.0,
2017-03-01,249029.422071,591,63121000.0,0.007013,588949.0,28916.885927,445,3.204941,6.0,
2017-03-02,443697.907497,581,70867600.0,0.007874,442488.0,8713.586543,438,3.370072,6.0,
2017-03-03,641442.866871,721,79174900.0,0.008797,937683.0,11603.397703,475,3.765116,6.0,
2017-03-04,345290.537099,565,79956200.0,0.008884,392398.0,5501.5,497,3.42034,6.0,
2017-03-05,161021.687991,525,86360400.0,0.009596,711024.0,4661.0,460,3.780824,6.0,
2017-03-06,774578.685912,953,99597600.0,0.011066,1425140.0,17814.927629,583,12.9511709272,6.0,
2017-03-07,594228.301566,749,98602200.0,0.010956,625104.0,12403.554999,509,4.349532,6.0,
2017-03-08,2287867.89608,831,98702100.0,0.010967,834043.0,16302.847343,501,5.110622,6.0,
2017-03-09,285366.338938,611,83721800.0,0.009302,606455.0,9684.597145,430,4.334732,6.0,
2017-03-10,320452.969859,599,81923800.0,0.009103,562324.0,9840.831358,446,4.150968,6.0,
2017-03-11,374466.700283,619,81563800.0,0.009063,546893.0,9632.803117,430,3.915216,6.0,
2017-03-12,674302.859826,722,88559500.0,0.00984,476100.0,10052.886921,537,4.0836,6.0,
2017-03-13,1138594.03486,692,89178800.0,0.009909,1096580.0,11265.096726,493,3.696057,6.0,
2017-03-14,858997.757458,774,98498700.0,0.010944,701027.0,11009.984853,524,4.016448,6.0,
2017-03-15,573795.570384,736,104547000.0,0.011616,497301.0,10773.038514,545,4.170144,6.0,
2017-03-16,273118.557923,798,101410000.0,0.011268,640608.0,10940.295229,567,4.011408,6.0,
2017-03-17,479303.91649,790,99976500.0,0.011109,829333.0,11425.73087,556,3.943695,6.0,
2017-03-18,687638.480452,655,103870000.0,0.011541,930344.0,8822.63852,480,4.03935,6.0,
2017-03-19,798074.021365,1087,107514000.0,0.011946,2619470.0,22706.799086,597,41.5717164832,6.0,
2017-03-20,899250.650559,984,146475000.0,0.016275,2312320.0,13752.469138,600,10.5794491984,6.0,
2017-03-21,805447.301286,935,129631000.0,0.014403,1174180.0,14585.340124,622,5.084259,6.0,
2017-03-22,973041.51685,945,142286000.0,0.01581,1313950.0,14307.405421,669,5.54931,6.0,
2017-03-23,851393.235012,858,146839000.0,0.016316,801946.0,12905.6701,602,5.694284,6.0,
2017-03-24,549776.204758,790,134264000.0,0.014918,918205.0,456534.641832,598,5.116874,6.0,
2017-03-25,508255.670791,894,125381000.0,0.013931,1267940.0,12523.700038,637,4.708678,6.0,
2017-03-26,330751.018354,890,114201000.0,0.012689,602948.0,21615.327087,625,4.326949,6.0,
2017-03-27,437864.79859,848,122383000.0,0.013598,647927.0,11027.628377,609,4.568928,6.0,
2017-03-28,555124.651098,762,119969000.0,0.01333,440369.0,8843.705186,604,4.46555,6.0,
2017-03-29,440958.074612,811,122347000.0,0.013594,648006.0,10104.268831,595,4.717118,6.0,
2017-03-30,301803.454511,836,134032000.0,0.014892,496073.0,9050.781132,640,4.98882,6.0,
2017-03-31,334641.437664,875,125699000.0,0.013967,691479.0,8936.665463,661,4.776714,6.0,
2017-04-01,706846.966475,1010,134287000.0,0.014921,2447890.0,15585.462274,641,5.162666,6.0,
2017-04-02,582230.989955,953,157994000.0,0.017555,1424000.0,12635.105974,655,5.93359,6.0,
2017-04-03,1205572.59663,1085,145174000.0,0.01613,3046200.0,16758.953264,707,16.13,6.0,
2017-04-04,935356.048438,866,179777000.0,0.019975,1116120.0,18009.120842,629,6.9513,6.0,
2017-04-05,326591.077875,758,164592000.0,0.018288,703122.0,8666.461785,588,6.528816,6.0,
2017-04-06,567390.822547,795,157325000.0,0.017481,876617.0,10343.959569,605,6.240717,6.0,
2017-04-07,316600.356812,745,149323000.0,0.016591,537684.0,9034.235484,595,5.773668,6.0,
2017-04-08,339182.368048,725,151344000.0,0.016816,566747.0,8790.726647,570,5.751072,6.0,
2017-04-09,461288.799237,1052,166109000.0,0.018457,1427210.0,11770.896034,712,6.183095,6.0,
2017-04-10,912716.889691,1047,183982000.0,0.020442,935290.0,10901.439257,720,7.011606,6.0,
2017-04-11,449556.063747,872,186548000.0,0.020727,624476.0,8793.505947,644,7.171542,6.0,
2017-04-12,290800.285646,787,177420000.0,0.019713,352057.0,7639.859031,620,6.89955,6.0,
2017-04-13,465127.346255,830,187240000.0,0.020804,913704.0,9121.853952,640,7.260596,6.0,
2017-04-14,540426.752135,856,190834000.0,0.021204,646718.0,8653.997017,640,7.336584,6.0,
2017-04-15,1881364.01893,1054,197651000.0,0.021961,3447680.0,15010.957944,725,7.664389,6.0,
2017-04-16,530385.506337,965,220588000.0,0.02451,1125710.0,11351.926381,690,8.16183,6.0,
2017-04-17,501088.430683,1279,217653000.0,0.024184,1170530.0,11142.859178,850,8.174192,6.0,
2017-04-18,1463157.15573,1554,235395000.0,0.026155,1941180.0,16475.8272,944,8.918855,6.0,
2017-04-19,3683872.74979,2152,255586000.0,0.028398,11247000.0,36404.03458,1107,141.456199812,6.0,
2017-04-20,1320619.54548,1267,292522000.0,0.032502,3557250.0,15897.582522,805,11.3757,6.0,
2017-04-21,1740133.99998,1148,254881000.0,0.02832,3036720.0,40358.040703,798,9.71376,6.0,
2017-04-22,1238481.22755,1195,295305000.0,0.032812,2138240.0,11845.550587,848,11.4842,6.0,
2017-04-23,1022408.91253,1054,288788000.0,0.032087,1484040.0,12506.987939,768,11.390885,6.0,
2017-04-24,1442462.21758,1017,282409000.0,0.031379,2517040.0,59633.232242,765,10.857134,6.0,
2017-04-25,1658492.04289,1419,309660000.0,0.034407,5342870.0,16124.364917,932,12.008043,6.0,
2017-04-26,3946741.84346,1983,336824000.0,0.037425,13731300.0,30510.880684,1049,112.063623787,6.0,
2017-04-27,6607919.19285,2255,449886000.0,0.049987,21176600.0,31587.943267,1168,98.874286,6.0,
2017-04-28,1821735.11463,1485,422347000.0,0.046927,7871700.0,16819.902123,994,15.95518,6.0,
2017-04-29,6818683.23323,1321,436629000.0,0.048514,4997420.0,14207.760162,915,16.640302,6.0,
2017-04-30,1490840.02752,1354,431966000.0,0.047996,4804860.0,13933.317996,926,16.31864,6.0,
2017-05-01,3950979.25349,1669,461377000.0,0.051264,9305290.0,20010.827766,1028,51.2676966983,6.0,
2017-05-02,3570277.127,1410,474830000.0,0.052759,5264940.0,15384.973954,940,17.990819,6.0,
2017-05-03,1487952.998,1189,465385000.0,0.051709,3604820.0,10618.464355,881,17.994732,6.0,
2017-05-04,3426930.10143,1475,479835000.0,0.053315,10730500.0,14680.519887,997,26.0562071388,6.0,
2017-05-05,12263113.4124,2162,570733000.0,0.063415,16512500.0,22830.743691,1236,78.4696044749,6.0,
2017-05-06,5592262.04253,1497,654404000.0,0.072712,6168840.0,13672.984737,994,25.8399398183,6.0,
2017-05-07,5383077.1061,1929,660039000.0,0.073338,21352200.0,23657.287252,1205,73.191324,6.0,
2017-05-08,12903963.9505,3148,894815000.0,0.099424,43509000.0,27051.388629,1632,166.998759131,4.0,
2017-05-09,6547802.41595,2487,1121340000.0,0.124593,21064200.0,19229.445637,1432,66.19376904,4.0,
2017-05-10,6758497.18186,1912,1044170000.0,0.116019,10328900.0,16508.47603,1282,44.319258,6.0,
2017-05-11,3745779.0371,1946,1001430000.0,0.11127,7214730.0,27617.67339,1137,87.4409674752,6.0,
2017-05-12,3046936.63305,1938,984546000.0,0.109394,12794300.0,14019.968954,1263,38.2879,6.0,
2017-05-13,5923737.65754,1957,1180110000.0,0.131123,9053670.0,14443.495707,1309,44.188451,6.0,
2017-05-14,8708765.39414,1833,1147820000.0,0.127535,6278030.0,27099.676805,1246,42.214085,6.0,
2017-05-15,5533247.0355,1691,1131620000.0,0.125736,8761660.0,12470.446496,1125,40.8642,6.0,
2017-05-16,11143821.6671,2063,1054760000.0,0.117196,14914200.0,16629.384515,1264,82.0372,6.0,
2017-05-17,7248818.20596,2243,947727000.0,0.105303,13923900.0,20440.133132,1341,105.303,6.0,
2017-05-18,13133029.6149,3718,1081160000.0,0.120129,72737900.0,33262.532889,2002,138.217280561,4.0,
2017-05-19,15894313.532,3900,1990100000.0,0.221122,73752700.0,39171.918791,2139,218.91078,4.0,
2017-05-20,8739749.24819,2567,1921230000.0,0.21347,28870600.0,18377.747458,1643,81.33207,4.629481,
2017-05-21,7299734.96352,2532,2030090000.0,0.225566,22914700.0,17221.52766,1585,119.856220808,5.0,
2017-05-22,11524525.554,2836,2192350000.0,0.243594,33772700.0,21008.954853,1831,103.36052441,4.0,
2017-05-23,11300421.0798,2502,2341210000.0,0.260135,19114200.0,26219.123921,1680,81.942525,4.0,
2017-05-24,10261654.7497,2356,2401910000.0,0.266879,23787600.0,15714.699263,1591,82.465611,4.0,
2017-05-25,8730812.99411,2555,2353880000.0,0.261542,24245600.0,20470.104767,1646,85.7902462759,4.0,
2017-05-26,10177714.6422,2699,1844980000.0,0.204998,20842000.0,20395.202915,1448,223.365293135,4.795844,
2017-05-27,11972227.4027,2853,1631650000.0,0.181294,28283500.0,21604.733383,1476,358.236944,5.0,
2017-05-28,4285140.84323,2109,1822710000.0,0.202523,19680000.0,13372.731933,1327,81.0092,5.0,
2017-05-29,3049077.30169,1684,1856770000.0,0.206308,9990310.0,9875.534424,1184,63.749172,6.0,
2017-05-30,3672930.68709,1968,1874330000.0,0.208259,13067800.0,12025.53547,1378,64.143772,4.772023,
2017-05-31,3605515.96917,1969,1672130000.0,0.185792,13405700.0,12418.20708,1314,74.8067342472,5.0,
2017-06-01,3454795.15779,2018,1818990000.0,0.20211,16924700.0,12513.991252,1392,62.85621,4.0,
2017-06-02,5746948.08932,1974,2070530000.0,0.230059,13133400.0,13093.843973,1344,71.088231,5.0,
2017-06-03,6025892.82332,3611,2039810000.0,0.226646,13544800.0,18012.524037,1999,8.385902,2.0,
2017-06-04,5534905.6912,3429,1944480000.0,0.216053,10367500.0,15036.965026,1899,7.993961,2.0,
2017-06-05,4013951.61371,3153,1946560000.0,0.216285,22743200.0,14164.075443,1874,21.412215,2.0,
2017-06-06,5439353.53499,3716,2124690000.0,0.236077,12949100.0,15189.154179,2158,8.734849,2.0,
2017-06-07,29195683.1916,4107,2105850000.0,0.233983,12271700.0,17056.287155,2331,8.657371,2.0,
2017-06-08,3823945.29932,3551,1860060000.0,0.206673,11301000.0,15382.256218,2054,7.646901,2.0,
2017-06-09,3937726.10298,2597,1970650000.0,0.218961,11839500.0,13133.644033,1608,21.8961,2.0,
2017-06-10,9675307.63483,2946,1958400000.0,0.2176,20436700.0,20813.527611,1535,66.8032,4.0,
2017-06-11,4244518.562,2450,1816140000.0,0.201793,17539500.0,16542.365256,1354,62.757623,4.0,
2017-06-12,45391809.364,2060,1962130000.0,0.218014,19158000.0,13113.141857,1241,66.49427,3.0,
2017-06-13,21951369.7602,2934,1816250000.0,0.201806,11999300.0,14767.76674,1744,7.466822,2.0,
2017-06-14,6419677.507,3865,1893100000.0,0.210344,19994300.0,16440.32022,2176,7.782728,2.0,
2017-06-15,10360972.188,3490,1806020000.0,0.200669,11938800.0,15160.865228,2004,7.424753,2.0,
2017-06-16,4078581.68586,1565,1758410000.0,0.195379,7807150.0,8756.460299,1148,59.981353,4.758547,
2017-06-17,63694419.9832,2337,1736280000.0,0.19292,19853500.0,23586.742825,1115,406.639273928,6.0,
2017-06-18,7474576.5715,1601,1856380000.0,0.206264,8272620.0,11138.355614,1034,64.148104,6.0,
2017-06-19,8358975.84909,3880,1782000000.0,0.198,10282000.0,15455.241329,2857,6.732,1.0,
2017-06-20,6595880.86125,5584,1760000000.0,0.195556,17721300.0,18889.359497,4500,6.648904,1.0,
2017-06-21,6348024.8459,2016,1802150000.0,0.200239,7562060.0,12633.735921,1153,93.2210792265,4.0,
2017-06-22,4179914.12743,1567,1720520000.0,0.191169,5643220.0,10961.692818,1062,60.600573,6.0,
2017-06-23,3200638.23257,1409,1645960000.0,0.182884,6104580.0,9728.241349,1026,57.791344,6.0,
2017-06-24,9133719.69896,1427,1777710000.0,0.197523,8007700.0,12706.819405,994,62.417268,6.0,
2017-06-25,3108061.18015,1378,1667510000.0,0.185278,6781830.0,10536.863997,967,57.250902,6.0,
2017-06-26,5168559.1929,1682,1597940000.0,0.177549,8615680.0,12503.134088,1135,86.6468479503,6.0,
2017-06-27,100080412.172,1687,1461290000.0,0.162366,5954270.0,19378.115614,1105,64.9464,6.0,
2017-06-28,25451197.1035,1870,1477110000.0,0.164123,7495030.0,14213.062241,1212,52.355237,6.0,
2017-06-29,3249972.41601,1608,1540500000.0,0.171167,4851220.0,17130.092204,1097,54.602273,6.0,
2017-06-30,2559642.65145,1679,1474290000.0,0.16381,4116550.0,10200.061576,1114,51.43634,5.0,
2017-07-01,5334094.66721,2094,1436360000.0,0.159596,3496010.0,11253.036283,1355,50.113144,3.0,
2017-07-02,4822128.28867,2230,1307290000.0,0.145254,5179360.0,12707.46101,1373,45.02874,2.0,
2017-07-03,2641353.02752,2495,1434680000.0,0.159409,5657780.0,12133.374855,1532,49.41679,2.0,
2017-07-04,5837052.27282,1975,1586620000.0,0.176291,12967300.0,12277.460066,1206,55.531665,5.0,
2017-07-05,2163647.18782,1951,1685080000.0,0.187231,3884360.0,10801.842986,1320,58.790534,4.0,
2017-07-06,3225377.99392,1825,1569400000.0,0.174378,3867280.0,9949.210326,1217,54.754692,4.0,
2017-07-07,7198283.59085,2236,1523510000.0,0.169279,4444970.0,11005.244339,1348,51.291537,2.0,
2017-07-08,5414089.99557,1942,1402870000.0,0.155875,4663310.0,12008.330856,1168,50.035875,4.0,
2017-07-09,2050907.39501,1731,1428980000.0,0.158776,2789610.0,8920.812313,1148,49.379336,4.0,
2017-07-10,14226469.8661,1987,1380660000.0,0.153407,5462570.0,13302.225069,1206,48.169798,4.0,
2017-07-11,5520504.28838,3418,1212930000.0,0.13477,4746410.0,40616.100378,2242,5.47884011974,6.0,
2017-07-12,4171789.37601,2520,1058530000.0,0.117615,3307920.0,24691.456009,1849,36.46065,6.0,
2017-07-13,3446201.66764,2023,1209350000.0,0.134372,3135620.0,11287.935178,1305,51.330104,4.0,
2017-07-14,2598414.88548,2482,1104370000.0,0.122708,2077230.0,31216.038195,1897,4.3929464,6.0,
2017-07-15,2537149.11844,1934,1057430000.0,0.117492,3213760.0,14381.91721,1195,70.4952,4.0,
2017-07-16,2241492.78043,1376,999834000.0,0.111093,2583610.0,9315.746891,995,38.104899,6.0,
2017-07-17,3872808.82069,1657,876887000.0,0.097432,4458730.0,13080.763036,1101,30.301352,6.0,
2017-07-18,2448955.59726,2004,1222820000.0,0.135869,5351550.0,11463.484608,1324,41.168307,4.0,
2017-07-19,2029649.00524,1434,1187570000.0,0.131952,2800440.0,8644.025887,1131,39.981456,6.0,
2017-07-20,2228867.1872,1503,1140830000.0,0.126759,3545910.0,9343.209191,1108,39.041772,6.0,
2017-07-21,1907243.35715,2030,1384740000.0,0.15386,2788780.0,18783.908599,1479,46.158,6.0,
2017-07-22,1992509.05404,2229,1291780000.0,0.143531,5211550.0,20251.874884,1600,42.628707,6.0,
2017-07-23,3758949.84273,1736,1590560000.0,0.176729,5915450.0,9838.564798,1143,52.488513,5.0,
2017-07-24,3781533.82015,1668,1493910000.0,0.16599,2995870.0,11637.36611,1196,48.96705,6.0,
2017-07-25,4723031.63118,1660,1526900000.0,0.169655,6075320.0,12382.818097,1110,54.96822,5.0,
2017-07-26,2048463.24868,1650,1421080000.0,0.157898,2508770.0,8228.58793,1175,51.158952,4.0,
2017-07-27,2351780.22794,2040,1411810000.0,0.156868,5341670.0,11861.127942,1422,45.021116,4.0,
2017-07-28,2385550.88806,1709,1540930000.0,0.171214,5062930.0,9573.630425,1261,49.823274,4.0,
2017-07-29,1871811.28483,1572,1488300000.0,0.165367,2496500.0,8680.403599,1156,48.121797,5.0,
2017-07-30,1538932.03397,1468,1535980000.0,0.170664,2475570.0,8161.230515,1078,49.321896,5.0,
2017-07-31,1348404.74586,1603,1447330000.0,0.160815,2892660.0,8388.051912,1169,47.440425,6.0,
2017-08-01,8742202.40349,2992,1490440000.0,0.165605,3956940.0,27314.420083,2075,18.0973584509,6.0,
2017-08-02,7006172.15551,2736,1637360000.0,0.181929,14489000.0,17818.159975,1847,56.216061,3.0,
2017-08-03,9230541.4443,3372,1990690000.0,0.221187,14302400.0,21111.014178,1708,209.615416077,4.0,
2017-08-04,5033319.44921,2227,2048550000.0,0.227617,7870620.0,11122.263604,1378,78.527865,4.0,
2017-08-05,6341903.95932,2004,2016120000.0,0.224013,7322590.0,10295.651077,1212,70.564095,4.0,
2017-08-06,2837966.70331,2132,2062750000.0,0.229195,5886540.0,9768.727337,1282,68.987695,3.0,
2017-08-07,41656190.1534,3162,2260820000.0,0.251203,23044000.0,18069.486616,1866,104.788936936,4.0,
2017-08-08,14038456.7099,3250,2534090000.0,0.281566,21374100.0,20164.538366,1911,202.573779051,4.0,
2017-08-09,6220384.76715,2403,2468730000.0,0.274303,10081100.0,14409.650419,1544,82.016597,4.0,
2017-08-10,8630023.7616,3356,2510120000.0,0.278902,11712700.0,20318.478852,1957,81.439384,3.0,
2017-08-11,8922000.59832,3325,2643420000.0,0.293714,8241000.0,24118.656621,2257,85.17706,4.0,
2017-08-12,4376452.60843,2310,2645690000.0,0.293965,6159860.0,13222.381328,1502,85.24985,4.0,
2017-08-13,5873411.03657,2103,2496650000.0,0.277406,8310080.0,12656.023794,1416,80.44774,4.930368,
2017-08-14,8589553.29048,2245,2311850000.0,0.256873,12505500.0,15452.682696,1486,83.483725,6.0,
2017-08-15,6974234.60809,2465,2306530000.0,0.256281,12637400.0,16224.495097,1605,83.291325,4.0,
2017-08-16,3678213.79894,2071,2241880000.0,0.249098,10039900.0,12021.733105,1313,86.8943805671,4.0,
2017-08-17,3104718.43695,2118,2309620000.0,0.256625,6487950.0,12241.455372,1401,81.0935,4.0,
2017-08-18,4009380.26309,1971,2196180000.0,0.24402,7653200.0,12365.803197,1271,74.67012,4.904999,
2017-08-19,4536368.22398,1955,2181080000.0,0.242342,9197000.0,12704.185378,1254,73.429626,4.410906,
2017-08-20,6794015.17754,2221,2286960000.0,0.254106,13189900.0,13082.895162,1427,75.723588,4.0,
2017-08-21,6178571.49653,3996,2446190000.0,0.271799,13775000.0,24463.878994,2444,16.344835763,2.0,
2017-08-22,10011333.154,3126,2294690000.0,0.254965,10350500.0,15654.594683,1823,75.724605,3.0,
2017-08-23,5786400.68645,2404,2285820000.0,0.25398,8303140.0,11216.027827,1528,74.9241,2.0,
2017-08-24,6049101.59901,2321,2250740000.0,0.250082,10249000.0,11241.945812,1461,74.274354,2.0,
2017-08-25,3604639.99303,2136,2364060000.0,0.262673,8676560.0,9206.551252,1395,82.741995,2.0,
2017-08-26,14148551.1672,2451,2426580000.0,0.26962,7902690.0,8892.415214,1478,82.77334,2.0,
2017-08-27,16572920.4202,2664,2435060000.0,0.270562,8192460.0,12069.00158,1608,79.545228,2.0,
2017-08-28,5508644.67337,2316,2472360000.0,0.274706,9644680.0,10567.958366,1534,79.390034,2.0,
2017-08-29,6513142.50833,2321,2522410000.0,0.280268,7845260.0,7681.223323,1533,81.838256,1.0,
2017-08-30,7094372.04738,3263,2546530000.0,0.282948,8605120.0,8294.547398,2201,9.90318,0.5,
2017-08-31,15149446.6588,4134,2655060000.0,0.295006,22669900.0,13225.934207,2683,73.5587739077,1.0,
2017-09-01,6728641.72251,2574,3029420000.0,0.336602,12082700.0,7148.038445,1682,97.951182,0.3,
2017-09-02,6591522.55967,3117,2984640000.0,0.331627,9560410.0,7828.578179,1972,94.513695,0.15,
2017-09-03,6682981.77623,2816,2683530000.0,0.29817,7413990.0,6939.838888,1423,85.87296,0.15,
2017-09-04,15967156.284,2646,2769620000.0,0.307735,9299200.0,8525.811028,1771,88.935415,0.15,
2017-09-05,14206557.9928,2558,2487450000.0,0.276383,7635410.0,7463.452051,1659,79.598304,0.15,
2017-09-06,7038401.80196,2313,2584110000.0,0.287124,4629700.0,6667.540718,1548,82.978836,0.25,
2017-09-07,8293822.7692,2077,2717150000.0,0.301906,4079350.0,6634.323675,1336,88.760364,0.15,
2017-09-08,26100325.8247,2094,2636760000.0,0.292974,6704690.0,6578.759599,1331,85.255434,0.15,
2017-09-09,11494885.7206,2097,2411240000.0,0.267915,4871730.0,6175.462191,1270,76.62369,0.15,
2017-09-10,8301267.84243,2104,2402760000.0,0.266973,6543570.0,6262.822549,1282,76.888224,0.15,
2017-09-11,6104454.86681,1927,2304150000.0,0.256016,3639410.0,5970.044228,1244,87.04544,0.15,
2017-09-12,5645817.3581,1968,2262990000.0,0.251443,3902820.0,6066.687412,1355,84.987734,0.175,
2017-09-13,11518650.8514,2091,2231990000.0,0.247999,9181580.0,10793.153012,1279,78.32056419,0.5,
2017-09-14,11218292.3297,2443,2103510000.0,0.233723,7570880.0,8493.312862,1465,116.8615,0.35,
2017-09-15,9625374.53006,2775,1480350000.0,0.164483,13231800.0,11009.789028,1535,134.703754353,0.25,
2017-09-16,7848994.88172,1949,1907340000.0,0.211927,5334960.0,5799.789597,1218,84.346946,0.15,
2017-09-17,6917967.30826,2001,1871810000.0,0.207979,4402470.0,6017.534314,1198,60.105931,0.15,
2017-09-18,4987921.9488,2096,1836520000.0,0.204058,6232240.0,5617.01761,1330,60.19711,0.15,
2017-09-19,4782565.51444,1963,2246370000.0,0.249597,5278220.0,5789.451374,1365,73.631115,0.15,
2017-09-20,7842967.10488,1842,2141460000.0,0.23794,3008920.0,4278.167516,1288,69.47848,0.15,
2017-09-21,4442426.15117,1712,2072960000.0,0.230329,3361070.0,4448.33547,1234,67.256068,0.15,
2017-09-22,3412956.16879,1543,1900040000.0,0.211115,2929650.0,4538.503965,1144,62.91227,0.15,
2017-09-23,2171384.63355,1482,1889590000.0,0.209955,1997070.0,3162.85595,1090,61.936725,0.15,
2017-09-24,1836410.44395,1391,1994570000.0,0.221619,2016530.0,3204.7936,1040,67.593795,0.15,
2017-09-25,5661257.21844,1716,1945050000.0,0.216117,2800870.0,4745.486173,1168,63.754515,0.15,
2017-09-26,2927822.63194,1642,2090240000.0,0.232249,2282950.0,4176.480493,1177,69.210202,0.15,
2017-09-27,5048230.79325,1697,2052900000.0,0.2281,3733480.0,4264.283976,1155,66.6052,0.15,
2017-09-28,4562777.98746,1954,2192630000.0,0.243626,3738470.0,5219.763887,1242,72.356922,0.15,
2017-09-29,5290220.87867,1800,2143400000.0,0.238155,5254500.0,5497.278702,1122,72.160965,0.15,
2017-09-30,4961980.74238,1823,2126640000.0,0.236294,3376060.0,4240.976107,1108,83.411782,0.2,
2017-10-01,10346047.3319,2014,2120520000.0,0.235614,4232170.0,4695.097854,1250,74.454024,0.2,
2017-10-02,13747577.408,3292,2206660000.0,0.245185,3983190.0,7191.582666,1709,119.65028,0.15,
2017-10-03,5021604.87596,2382,2079210000.0,0.231024,3327450.0,5899.793034,1347,92.525112,0.15,
2017-10-04,2735548.33122,1841,2010220000.0,0.223357,2401820.0,3791.59027,1178,66.113672,0.15,
2017-10-05,8108855.95538,2108,1963310000.0,0.218145,4460130.0,6906.253208,1386,66.75237,0.2,
2017-10-06,4273975.05855,1845,1905590000.0,0.211733,5122770.0,6776.592062,1210,61.190837,0.15,
2017-10-07,3894865.45912,1660,1907490000.0,0.211943,4376190.0,5258.622329,1119,62.523185,0.15,
2017-10-08,3902490.77059,1687,1896110000.0,0.210679,4830460.0,5021.322437,1197,60.886231,0.15,
2017-10-09,4333132.75212,2010,1752840000.0,0.19476,6003100.0,8208.004497,1226,57.4542,0.15,
2017-10-10,3333691.50396,2013,1745490000.0,0.193943,5169550.0,7035.998888,1264,55.467698,0.2,
2017-10-11,1875511.97742,1856,1892910000.0,0.210324,2753270.0,4203.509405,1198,62.255904,0.15,
2017-10-12,2901956.25329,1769,1933180000.0,0.214797,4425210.0,5756.986081,1183,62.29113,0.15,
2017-10-13,3796691.60881,1911,1851320000.0,0.205702,5996320.0,6978.091093,1316,60.270686,0.15,
2017-10-14,2759221.04855,1628,1905510000.0,0.211723,3189400.0,5089.908001,1143,63.5169,0.15,
2017-10-15,3239487.55642,1639,1896390000.0,0.21071,2933540.0,5527.862384,1131,69.74501,0.15,
2017-10-16,4348601.15474,2057,1862590000.0,0.206955,14101500.0,8501.225474,1280,60.84477,0.2,
2017-10-17,3216995.21773,2081,2017790000.0,0.224199,4990440.0,7657.512532,1388,67.2597,0.5,
2017-10-18,2520279.95601,1604,1956420000.0,0.21738,3409140.0,4235.372089,1131,66.3009,0.15,
2017-10-19,2089522.21424,1636,1977550000.0,0.219728,3383330.0,4180.385247,1162,66.577584,0.15,
2017-10-20,3502485.63196,1680,1988490000.0,0.220943,4936400.0,5771.052803,1150,67.829501,0.15,
2017-10-21,4271223.50695,1661,1944090000.0,0.21601,4326590.0,6044.604198,1133,66.31507,0.15,
2017-10-22,3567262.83268,1631,1919670000.0,0.213296,4615270.0,4650.32107,1090,66.12176,0.15,
2017-10-23,4201887.11303,1632,1901550000.0,0.211283,4987880.0,7319.824928,1101,64.230032,0.15,
2017-10-24,3524312.13125,1884,1776640000.0,0.197404,5808170.0,5522.752112,1292,60.405624,0.15,
2017-10-25,2542794.59944,2032,1908250000.0,0.212028,4171090.0,4817.867444,1337,63.820428,0.15,
2017-10-26,3449058.74879,1727,1851170000.0,0.205685,4683120.0,5634.269381,1225,63.556665,0.15,
2017-10-27,2266948.03282,1530,1794140000.0,0.199349,3603110.0,4201.613429,1098,59.605351,0.15,
2017-10-28,1818833.48138,1341,1781830000.0,0.197981,4671300.0,3524.862389,956,60.384205,0.15,
2017-10-29,2746959.47814,1570,1776000000.0,0.197333,8599400.0,3871.205642,1069,59.989232,0.15,
2017-10-30,2089557.32302,1544,1802150000.0,0.200239,3529450.0,4447.712793,1079,60.672417,0.15,
2017-10-31,3961123.30497,1585,1794650000.0,0.199406,6031700.0,5590.252258,1102,60.220612,0.15,
2017-11-01,5972503.37327,1901,1682610000.0,0.186957,6190340.0,6028.101042,1283,57.021885,0.15,
2017-11-02,5391438.49423,1917,1497580000.0,0.166398,8706750.0,7538.654166,1265,51.58338,0.15,
2017-11-03,3290601.5327,1575,1499370000.0,0.166597,5802310.0,4290.673088,1081,51.64507,0.15,
2017-11-04,3633850.14709,1421,1543630000.0,0.171515,4231960.0,3821.391143,1002,51.969045,0.15,
2017-11-05,2081885.75776,1413,1536840000.0,0.17076,4400860.0,3010.273242,997,51.56952,0.15,
2017-11-06,3721615.1215,1721,1632060000.0,0.18134,11718500.0,6395.84471,1096,54.22066,0.15,
2017-11-07,2332730.85062,1466,1678310000.0,0.186479,4822430.0,4084.949146,1055,52.960036,0.15,
2017-11-08,1936846.49932,1553,1613560000.0,0.179285,6757370.0,4511.454347,1139,50.1998,0.15,
2017-11-09,2435453.83412,1885,1744180000.0,0.193797,7388760.0,3983.313302,1292,54.844551,0.15,
2017-11-10,6041136.46846,1974,1993320000.0,0.22148,10625300.0,8397.990655,1274,67.99436,0.15,
2017-11-11,2996797.65582,1833,1728040000.0,0.192005,6940500.0,4286.039799,1165,58.945535,0.15,
2017-11-12,7861264.89924,1915,1720610000.0,0.191179,12126100.0,8303.803214,1181,57.3537,0.15,
2017-11-13,3283349.8881,1716,1627880000.0,0.180876,7806090.0,6422.887836,1133,54.081924,0.15,
2017-11-14,3550533.99144,1728,1729090000.0,0.192122,7941780.0,5360.260566,1199,58.981454,0.15,
2017-11-15,2428057.65847,1746,1758620000.0,0.195403,6978990.0,5380.150608,1135,59.988721,0.15,
2017-11-16,3926867.83873,1725,1748490000.0,0.194276,16058700.0,6535.460674,1142,56.34004,0.15,
2017-11-17,2409990.77945,1445,1770370000.0,0.196707,8216410.0,3914.025991,1055,57.04503,0.15,
2017-11-18,2266423.15046,1549,1741240000.0,0.193471,7023070.0,4161.770873,1082,56.300061,0.15,
2017-11-19,3630277.90207,1630,1756380000.0,0.195153,8200280.0,4176.702723,1112,56.789523,0.15,
2017-11-20,3541851.167,1869,1816320000.0,0.201814,13657600.0,6347.048037,1241,58.929688,0.15,
2017-11-21,4909315.05388,1651,1912860000.0,0.21254,9636650.0,6211.452372,1197,63.12438,0.15,
2017-11-22,3055841.48169,1860,1830930000.0,0.203437,6838830.0,5259.070222,1228,60.420789,0.15,
2017-11-23,2692753.65891,1797,1837210000.0,0.204135,8567770.0,4824.996234,1227,63.485985,0.15,
2017-11-24,1958412.05983,1662,1811810000.0,0.201313,7556740.0,3885.792078,1135,62.608343,0.15,
2017-11-25,3513671.59807,2120,1882040000.0,0.209116,10943300.0,4499.203789,1329,61.68922,0.2,
2017-11-26,3748578.1368,2258,1964170000.0,0.218241,12589900.0,6204.438321,1483,64.381095,0.3,
2017-11-27,3937415.76706,2383,1926100000.0,0.214011,12795400.0,7440.279169,1438,65.273355,0.15,
2017-11-28,20932289.285,2923,2039580000.0,0.22662,35746900.0,12704.048756,1622,106.692906077,0.3,
2017-11-29,10834952.6631,2771,2320920000.0,0.25788,33439400.0,14378.568885,1550,82.00584,0.2,
2017-11-30,4253018.97653,6082,1965590000.0,0.218399,16258700.0,8593.323129,1696,0.218399,0.15,
2017-12-01,3334867.21,4961,2029370000.0,0.225486,12371200.0,6636.406844,1778,0.225486,0.15,
2017-12-02,7440040.86498,2888,2159190000.0,0.23991,23297000.0,10240.361751,1357,74.13219,0.15,
2017-12-03,16765312.1729,3743,2266360000.0,0.251818,44340300.0,10120.67507,1518,78.819034,0.15,
2017-12-04,6779250.89198,3427,2494140000.0,0.277127,19193300.0,7111.443295,1558,22.17016,0.15,
2017-12-05,10359000.8898,2301,2573250000.0,0.285916,27918500.0,7185.798751,1448,85.488884,0.15,
2017-12-06,10204341.8602,3185,2697300000.0,0.2997,29788400.0,10454.611302,1740,59.94,0.15,
2017-12-07,13658888.0924,2607,2442770000.0,0.271419,30563700.0,10529.347654,1489,83.597052,0.15,
2017-12-08,28307858.0607,6478,2115340000.0,0.235038,267451000.0,32364.467423,2949,194.843765805,1.0,
2017-12-09,86126793.3383,7221,6157700000.0,0.684188,211103000.0,28459.936132,3607,319.164306046,0.5,
2017-12-10,20621272.8038,3354,4002320000.0,0.444702,77311800.0,18440.00452,2035,139.636428,0.5,
2017-12-11,10535438.2765,3651,3545280000.0,0.39392,71627100.0,13414.302673,2277,110.583928236,0.2,
2017-12-12,23486792.9109,5090,4458080000.0,0.495342,106068000.0,21291.121417,2922,153.060678,1.0,
2017-12-13,17407543.5303,4460,4763320000.0,0.529258,56148600.0,18443.326153,2492,169.891818,1.0,
2017-12-14,23103846.5814,4393,4823690000.0,0.535965,87375200.0,17776.445015,2474,172.044765,0.5,
2017-12-15,17842079.829,4308,5412800000.0,0.601422,69296200.0,15422.198278,2546,171.991058035,0.5,
2017-12-16,31029847.2876,5309,5288890000.0,0.587655,99889000.0,14783.52579,2856,105.700759703,0.15,
2017-12-17,29875283.7743,4470,5907670000.0,0.656408,83063900.0,15693.901264,2588,197.492767352,0.5,
2017-12-18,36125038.4614,4605,6179970000.0,0.686663,114759000.0,17613.71742,2825,199.583025806,0.4,
2017-12-19,83657952.0588,5957,7662510000.0,0.85139,242843000.0,28237.287481,3417,266.48507,0.55,
2017-12-20,32602984.1919,4656,8472610000.0,0.941401,119243000.0,15481.473474,2835,295.599914,0.5,
2017-12-21,62680505.4172,17017,8549700000.0,0.949966,112835000.0,15195.20645,11001,2.10892452,0.05,
2017-12-22,64004295.1004,11002,9100960000.0,1.01,187781000.0,19341.210693,7672,1.2625,0.05,
2017-12-23,18358563.7984,12019,7529810000.0,0.836646,77666400.0,9316.524414,9101,1.05417396,0.05,
2017-12-24,19884957.507,13035,8462550000.0,0.940283,98134100.0,9980.050024,9845,1.3163962,0.05,
2017-12-25,43787853.4957,10351,9378680000.0,1.04,122425000.0,12879.492844,7171,1.768,0.05,
2017-12-26,22289582.992,3897,8994070000.0,0.999341,65543300.0,6385.055771,2797,64.2285934453,0.15,
2017-12-27,29958096.6651,4468,8852550000.0,0.983616,53708400.0,10824.68201,2954,118.57060007,0.15,
2017-12-28,29498800.6271,3436,8498790000.0,0.94431,52492700.0,10478.251988,2128,242.407663671,0.15,
2017-12-29,32671103.2441,4585,8213580000.0,0.91262,105782000.0,11790.644879,2739,201.68902,0.15,
2017-12-30,28065197.991,3562,9427530000.0,1.05,73225300.0,7716.141397,2176,414.741426225,0.15,
2017-12-31,18250403.8644,2880,8256740000.0,0.917415,69870100.0,3669.65001,1652,344.94804,0.15,
2018-01-01,20852868.4064,3228,9315310000.0,1.04,58202800.0,6822.999749,1846,334.47009076,0.15,
2018-01-02,43433628.8407,5427,9374970000.0,1.04,108186000.0,11979.854939,2960,76.96,0.15,
2018-01-03,67420391.8921,7128,10333700000.0,1.15,265016000.0,15592.104644,4462,119.604037075,0.15,
2018-01-04,135553244.671,8551,16520300000.0,1.84,332371000.0,18851.327864,5002,319.283838,0.15,
2018-01-05,94574818.5453,5549,15195600000.0,1.69,175192000.0,16457.64229,3043,338.0,0.15,
2018-01-06,46536802.8404,4753,14216700000.0,1.58,99451000.0,9037.136972,2587,323.9,0.15,
2018-01-07,42194920.2945,5078,14898800000.0,1.66,123173000.0,7894.616386,2758,216.331449,0.15,
2018-01-08,35627837.4682,4364,16454000000.0,1.83,81479000.0,6597.869402,2601,311.1,0.15,
2018-01-09,46811352.0093,3722,15047200000.0,1.67,75343700.0,9015.432264,2294,417.5,0.15,
2018-01-10,44979309.5998,3746,13913900000.0,1.55,92956100.0,10775.698839,2097,476.13675,0.15,
2018-01-11,29432960.7002,3966,13043500000.0,1.45,93279400.0,8310.129951,2206,292.175,0.15,
2018-01-12,50812933.2102,3383,11824500000.0,1.31,65119100.0,6211.006951,1939,262.0,0.15,
2018-01-13,20624813.5553,3272,13127300000.0,1.46,60099500.0,5273.107181,1784,364.562,0.15,
2018-01-14,71964989.2463,2914,13590300000.0,1.51,38628400.0,4766.917708,1671,230.572972075,0.15,
2018-01-15,18671162.6978,3112,12488300000.0,1.39,105495000.0,4222.700001,1858,245.235006875,0.15,
2018-01-16,43780754.3252,4106,12460300000.0,1.38,198199000.0,5808.550006,2182,264.76830006,0.15,
2018-01-17,19047745.5466,3534,8788260000.0,0.976473,166003000.0,4691.20001,2017,323.212563,0.15,
2018-01-18,36667005.3651,3492,9234340000.0,1.03,119459000.0,9689.684688,2067,345.05,0.15,
2018-01-19,63419511.9375,2921,9645220000.0,1.07,130817000.0,6915.462514,1678,352.03,0.15,
2018-01-20,26561295.347,2812,9901720000.0,1.1,129900000.0,5093.365982,1622,353.1,0.15,
2018-01-21,17127878.942,2737,11019300000.0,1.22,112542000.0,5373.594022,1567,394.06,0.15,
2018-01-22,38060683.1064,3897,9700910000.0,1.08,73947400.0,8274.087332,2298,67.16927484,0.45,
2018-01-23,15558362.5981,2741,8883820000.0,0.987091,67245800.0,4103.912258,1554,313.894938,0.15,
2018-01-24,18621143.1265,2550,8524940000.0,0.947215,57975100.0,3478.719769,1556,296.478295,0.15,
2018-01-25,1061407452.12,3027,8760480000.0,0.973386,57845600.0,3611.453404,1585,304.669818,0.15,
2018-01-26,62338900.2381,4501,8504380000.0,0.944931,174749000.0,8027.863975,2635,290.093817,0.150001,
2018-01-27,8463836402.59,3239,7589110000.0,0.843234,237529000.0,2451.350004,2254,257.18637,0.2,
2018-01-28,15330775.0865,3265,9506630000.0,1.06,83612400.0,3865.560646,2189,312.23817708,0.5,
2018-01-29,15746063.8785,2692,9253430000.0,1.03,47381700.0,2926.407583,1728,316.21,0.15,
2018-01-30,19149170.8404,2713,8421590000.0,0.935732,47194000.0,1893.600004,1794,276.04094,0.15,
2018-01-31,8216290.82025,2549,7071080000.0,0.785675,50105100.0,1527.57,1704,245.1306,0.15,
2018-02-01,9512586.63661,4351,7123980000.0,0.791554,46639300.0,3654.500002,3205,12.7531048568,0.1,
2018-02-02,14934182.1794,5525,5522750000.0,0.613639,54511900.0,5790.534381,4399,0.613639,0.05,
2018-02-03,6815216.10573,5187,5260800000.0,0.584534,42520900.0,2949.646636,4530,0.584534,0.05,
2018-02-04,9676672.41841,4245,5645440000.0,0.627271,41394700.0,2943.630576,3304,0.0,0.45,
2018-02-05,17562977.7005,2237,4940820000.0,0.54898,28590400.0,1948.124581,1568,171.28176,0.15,
2018-02-06,7609666.87769,2188,4103650000.0,0.455961,50311400.0,2960.873632,1618,141.34791,0.15,
2018-02-07,4941122.62348,2060,5239020000.0,0.582114,59231300.0,1917.2,1540,180.45534,0.15,
2018-02-08,12068073.8293,3499,4826200000.0,0.536245,42640900.0,2451.550001,2085,176.424605,0.1,
2018-02-09,45734762.2762,4017,4898410000.0,0.544268,60340000.0,5506.300008,1827,204.331803559,0.15,
2018-02-10,14594532.1946,2511,5385460000.0,0.598384,74166200.0,1750.1,1407,193.876416,0.1,
2018-02-11,44879328.3635,2519,5308410000.0,0.589823,28515100.0,3623.162348,1505,184.614599,0.15,
2018-02-12,28455113.8025,2333,4789980000.0,0.532219,22479700.0,1509.736652,1406,166.584547,0.1,
2018-02-13,26114363.152,3216,5041770000.0,0.560197,36379100.0,5702.512132,1604,313.22164027,0.1,
2018-02-14,44033337.8088,4614,4787280000.0,0.53192,73477500.0,8024.41229,2102,388.567365849,0.15,
2018-02-15,49786735.3241,7709,5121400000.0,0.569045,67295600.0,3751.2,5834,0.0,0.55,
2018-02-16,35953284.6193,3338,5040780000.0,0.560086,90028500.0,4016.550718,1776,258.864761287,0.15,
2018-02-17,93850954.3519,4897,5091170000.0,0.565686,147788000.0,5040.036797,2052,1280.63107953,0.15,
2018-02-18,101036465.452,4680,5357680000.0,0.595298,95781300.0,3318.650002,2129,916.38685875,0.15,
2018-02-19,88255367.1251,5140,4760950000.0,0.528994,91007400.0,7147.810939,2239,1308.4948036,0.15,
2018-02-20,57953951.1481,3407,4762190000.0,0.529133,66039700.0,7533.356567,2108,173.026491,0.3,
2018-02-21,18672756.2598,3130,4339330000.0,0.482148,70518000.0,9189.39579,1974,144.6685074,0.15,
2018-02-22,31036862.4579,2522,4174390000.0,0.463822,26603200.0,3067.889049,1711,101.041359249,0.15,
2018-02-23,87956808.3868,2837,3855810000.0,0.428424,24689500.0,8023.659915,1707,134.096712,0.5,
2018-02-24,11268761.6448,2526,3950510000.0,0.438945,19614000.0,6800.709855,1597,137.389785,0.2,
2018-02-25,6780915.72242,2260,3645360000.0,0.40504,18213400.0,2364.989667,1476,127.5876,0.15,
2018-02-26,5514476.78776,2282,3589750000.0,0.398861,17511200.0,1837.023675,1482,124.045771,0.15,
2018-02-27,8166324.64792,2247,3627850000.0,0.403094,12956100.0,1651.8,1406,125.362234,0.15,
2018-02-28,13754345.8988,2465,3606490000.0,0.400721,27179700.0,2326.224099,1583,127.028557,0.15,
2018-03-01,37671899.602,2338,3595400000.0,0.399489,19529000.0,1927.039509,1493,126.238524,0.15,
2018-03-02,17651238.4793,2643,3764870000.0,0.418319,17893800.0,2262.168001,1684,136.790313,0.15,
2018-03-03,30029107.1547,3850,3551230000.0,0.394581,35009700.0,7696.057908,1943,150.9272325,0.15,
2018-03-04,54102534.3888,4792,3396310000.0,0.377368,49838900.0,10225.591171,2098,492.98493536,0.15,
2018-03-05,33480707.4937,5959,3192330000.0,0.354704,63880400.0,12423.119569,3435,261.4877888,0.1,
2018-03-06,11204645.0775,4047,3168580000.0,0.352065,26655100.0,10750.316858,2041,111.25254,0.15,
2018-03-07,9514804.49825,12067,3050360000.0,0.338929,24605000.0,5363.253536,6378,0.033893238929,0.1,
2018-03-08,7181520.27464,2907,2666190000.0,0.296244,65751000.0,3753.009001,1755,94.998019223,0.15,
2018-03-09,6330658.78726,2566,3067050000.0,0.340783,57774800.0,3064.07051,1620,108.368994,0.15,
2018-03-10,6906322.59898,2631,3048810000.0,0.338757,24086700.0,3244.246674,1388,108.740997,0.15,
2018-03-11,43005610.3665,3258,3068230000.0,0.340915,29528800.0,8835.289078,1457,630.827411425,0.15,
2018-03-12,33751831.7362,4581,3153150000.0,0.35035,90235500.0,13174.156245,1823,941.39045,0.15,
2018-03-13,21141767.3764,3702,3512090000.0,0.390232,144069000.0,7235.057303,1951,127.605864,0.15,
2018-03-14,23154799.8465,4042,4254230000.0,0.472692,164630000.0,11366.034737,2128,252.9847584,0.15,
2018-03-15,47383051.5399,4028,3781310000.0,0.420145,96351900.0,8350.909426,1873,467.903708995,0.15,
2018-03-16,37814227.5632,3598,3429490000.0,0.381054,47704200.0,6753.190561,1664,630.761675188,0.15,
2018-03-17,54418762.7127,4542,3066430000.0,0.340714,55729900.0,10648.141976,1758,1651.91760377,0.15,
2018-03-18,41067169.2014,4554,2549350000.0,0.283261,72757100.0,12829.775018,1859,735.912078,0.2,
2018-03-19,81991540.2732,4813,2585120000.0,0.287236,120826000.0,18257.235997,2032,824.080084,0.2,
2018-03-20,132969088.402,9299,2653510000.0,0.294834,323806000.0,41744.776128,2560,589.934742806,0.5,
2018-03-21,82650208.3604,7786,2788590000.0,0.309843,104430000.0,17407.203442,2268,1547.975628,0.15,
2018-03-22,21658741.4418,3605,2640940000.0,0.293437,87736000.0,9470.344471,1548,343.925476783,0.15,
2018-03-23,9339564.51361,2872,2666660000.0,0.296295,50435000.0,7896.637662,1304,243.301637032,0.15,
2018-03-24,8936778.71015,2428,2513720000.0,0.279302,42879500.0,7609.027528,1237,95.521284,0.15,
2018-03-25,11262427.7662,2475,2516730000.0,0.279636,71368900.0,8054.017833,1253,124.528061673,0.15,
2018-03-26,6393009.28778,2374,2596020000.0,0.288446,38184800.0,4367.360929,1436,95.475626,0.15,
2018-03-27,4280226.48304,1950,2383520000.0,0.264836,23645300.0,3862.368216,1251,87.660716,0.15,
2018-03-28,3272772.83479,1785,2245270000.0,0.249475,17816400.0,2025.000004,1267,82.32675,0.15,
2018-03-29,11822356.5653,2116,2283410000.0,0.253712,26252300.0,2720.980007,1369,82.202688,0.15,
2018-03-30,5136870.17494,1909,1981580000.0,0.220175,27991400.0,2551.125748,1267,70.456,0.15,
2018-03-31,4676140.04088,1702,1992490000.0,0.221387,17615800.0,2786.080485,1098,75.27158,0.15,
2018-04-01,5627406.14159,1721,1993710000.0,0.221523,15920600.0,2355.05747,1167,71.551929,0.15,
2018-04-02,5089762.13868,1899,1881040000.0,0.209004,28985500.0,3874.766309,1170,67.508292,0.15,
2018-04-03,212539134.034,2436,2042680000.0,0.226965,74217500.0,3277.742936,1246,72.6288,0.15,
2018-04-04,3500022.90613,1868,2324830000.0,0.258314,36788000.0,1759.636547,1090,84.726992,0.15,
2018-04-05,221799093.367,1874,2133000000.0,0.237,46090300.0,1829.457164,1074,77.499,0.15,
2018-04-06,5757522.03826,3682,2015180000.0,0.223908,15421400.0,2075.748043,2771,0.223908,0.3,
2018-04-07,2311861.31018,1808,1975660000.0,0.219517,12824500.0,1056.547704,1177,69.147855,0.15,
2018-04-08,2294025.74107,1717,2006460000.0,0.22294,15325100.0,1146.980408,1105,70.2261,0.15,
2018-04-09,3593660.51895,1792,2122520000.0,0.235835,21341700.0,1303.00052,1077,78.533055,0.15,
2018-04-10,2477172.28637,1972,2067650000.0,0.229739,12849700.0,1499.602313,1282,68.91021305,0.15,
2018-04-11,3633254.80733,1791,2118610000.0,0.235401,15445500.0,1474.413578,1194,46.199564859,0.15,
2018-04-12,5055324.77437,2050,2216540000.0,0.246282,40413700.0,1755.230407,1326,77.825112,0.15,
2018-04-13,6747165.64633,2175,2484000000.0,0.276,60138100.0,1806.804317,1266,87.492,0.15,
2018-04-14,3295509.95106,1604,2521610000.0,0.280179,30159900.0,1251.925538,1049,91.338354,0.15,
2018-04-15,9777588.11075,3230,2762900000.0,0.306989,83251500.0,4099.998459,1850,105.297227,0.15,
2018-04-16,331042480.813,3082,3215330000.0,0.357259,89113500.0,3925.540094,1653,112.179326,0.15,
2018-04-17,10129441.2087,3057,3104300000.0,0.344922,48733200.0,3093.421927,1452,108.305508,0.15,
2018-04-18,10234234.3542,3298,3050540000.0,0.338948,89930200.0,3307.066459,1480,61.67497808,0.15,
2018-04-19,9015361.16383,3225,3369520000.0,0.374391,62521700.0,2877.531277,1688,35.941536,0.15,
2018-04-20,7276474.04764,2715,3485220000.0,0.387246,54148200.0,2748.615568,1524,125.467704,0.15,
2018-04-21,6051720.55262,1912,3660650000.0,0.406739,62556300.0,1275.573483,1252,128.529524,0.15,
2018-04-22,2972019.08421,1610,3485300000.0,0.387255,33013300.0,1102.975001,1076,122.37258,0.15,
2018-04-23,6493429.84116,2609,3466300000.0,0.385145,32336500.0,2730.160249,1559,122.090965,0.15,
2018-04-24,22115048.68,2962,3549190000.0,0.394354,64570700.0,2719.242592,1635,125.404572,0.15,
2018-04-25,9585716.20048,2484,3887230000.0,0.431915,89480800.0,2679.631372,1335,139.94046,0.15,
2018-04-26,5384042.54129,2012,3400480000.0,0.377831,40545100.0,1701.537929,1225,121.283751,0.15,
2018-04-27,7870590.54395,2041,3617920000.0,0.401991,38144900.0,1993.88284,1233,130.647075,0.15,
2018-04-28,6322987.38832,2191,3477520000.0,0.386391,37733900.0,2087.768658,1256,125.190684,0.15,
2018-04-29,5158422.9548,2111,3785380000.0,0.420597,43274300.0,1708.583933,1174,137.114622,0.15,
2018-04-30,5832206.75199,1960,3839220000.0,0.42658,25523800.0,2093.527783,1194,138.21192,0.15,
2018-05-01,3869663.35434,1700,3679400000.0,0.408822,26075500.0,1566.451137,1105,128.77893,0.15,
2018-05-02,30669332.8906,2327,3630430000.0,0.403381,30572500.0,2032.131748,1404,126.258253,0.15,
2018-05-03,14089687.7623,2347,3784790000.0,0.420532,37784100.0,2238.904581,1362,132.888112,0.15,
2018-05-04,4834239.51404,2067,3906870000.0,0.434097,21333000.0,1857.715743,1317,141.081525,0.15,
2018-05-05,7598673.89315,2401,3881280000.0,0.431253,19589700.0,1861.086453,1672,21.131397,0.15,
2018-05-06,4314991.51389,2290,3841270000.0,0.426807,24604800.0,1504.613075,1657,83.654172,0.15,
2018-05-07,5826454.77425,2548,3763550000.0,0.418172,24381900.0,2113.323552,1945,20.9086,0.15,
2018-05-08,4636098.89905,5646,3520970000.0,0.391219,18733400.0,2972.952628,4217,0.0,0.4,
2018-05-09,4037466.64865,1959,3398790000.0,0.377643,20417800.0,1733.288049,1312,123.866904,0.15,
2018-05-10,5823293.48539,2418,3424870000.0,0.380541,17493600.0,1993.475137,1481,26.0670585,0.15,
2018-05-11,6729895.8714,5996,3163910000.0,0.351545,31627100.0,3133.641781,4543,0.0,0.35,
2018-05-12,3817133.77305,1939,2885150000.0,0.320572,22235900.0,1170.992782,1232,105.468188,0.15,
2018-05-13,2237933.4144,1900,2990620000.0,0.332291,17116300.0,1581.174864,1217,107.662284,0.15,
2018-05-14,11639313.5849,3392,3200360000.0,0.355596,55798800.0,2794.782096,1887,118.057872,0.15,
2018-05-15,5964243.32167,2935,3312480000.0,0.368053,20419800.0,1567.380948,1697,6.256901,0.1,
2018-05-16,5287521.84716,1977,3014760000.0,0.334973,20936100.0,2240.265237,1279,111.211036,0.15,
2018-05-17,4221466.55181,1961,2950650000.0,0.32785,14571600.0,1598.657447,1233,105.89555,0.15,
2018-05-18,2664573.53908,1892,2721800000.0,0.302422,14800200.0,1810.856626,1249,98.891994,0.15,
2018-05-19,2384312.3708,2900,2814710000.0,0.312745,10598700.0,1854.421683,1458,2.1218184525,0.1,
2018-05-20,4222142.03679,1735,2768700000.0,0.307633,13539800.0,1277.746965,1117,114.439476,0.15,
2018-05-21,5326100.3495,2012,2899180000.0,0.322131,12810200.0,1571.350615,1231,100.827003,0.15,
2018-05-22,4578721.17134,2099,2800330000.0,0.311148,12907200.0,1447.439973,1392,74.053224,0.15,
2018-05-23,5533285.04653,4314,2590060000.0,0.287784,20737100.0,2528.552135,2683,0.287784,0.1,
2018-05-24,3796660.05087,3114,2356030000.0,0.261781,14832000.0,1290.18937,1865,0.261781,0.05,
2018-05-25,2388102.0368,5060,2449650000.0,0.272184,10265400.0,1523.295026,2852,0.272184,0.05,
2018-05-26,1837019.13482,4646,2376790000.0,0.264087,8466730.0,1382.511692,2216,0.264087,0.05,
2018-05-27,3926200.42847,6472,2337870000.0,0.259764,8622780.0,1880.144019,3566,0.259764,0.05,
2018-05-28,3825515.85731,12545,2305490000.0,0.256166,14242400.0,2831.64141,6623,0.256166,0.05,
2018-05-29,9745446.56296,9636,2055760000.0,0.228418,21312100.0,2846.825632,5017,0.228418,0.05,
2018-05-30,5889310.36881,10078,2150300000.0,0.238923,15315900.0,2401.859879,5448,0.238923,0.05,
2018-05-31,2662746.70697,6603,2174150000.0,0.241572,12045200.0,2033.271001,3523,0.241572,0.05,
2018-06-01,3931024.41273,4491,2205990000.0,0.24511,17894000.0,4172.542638,2478,0.24511,0.1,
2018-06-02,2882144.62209,10615,2288470000.0,0.254274,12639100.0,3092.78866,5535,0.254274,0.05,
2018-06-03,6358634.52192,7261,2374320000.0,0.263814,16303400.0,4928.420278,3627,0.263814,0.05,
2018-06-04,4509536.89921,6447,2380430000.0,0.264492,14410900.0,6827.940709,3086,0.264492,0.05,
2018-06-05,4093916.49472,5932,2247660000.0,0.24974,15788400.0,6512.011216,2982,0.24974,0.05,
2018-06-06,3267674.5006,6613,2269270000.0,0.252141,16446800.0,5524.039873,3231,0.252141,0.05,
2018-06-07,15055648.4024,8648,2261130000.0,0.251237,56223000.0,5289.946178,4034,0.251237,0.05,
2018-06-08,3952189.39714,3614,2296820000.0,0.255202,17737900.0,2405.376143,2047,0.255202,0.05,
2018-06-09,5199718.88525,3220,2282720000.0,0.253635,19555600.0,3085.162328,1792,0.253635,0.05,
2018-06-10,6974855.48011,4102,2222170000.0,0.246908,23909800.0,2481.748779,2107,0.246908,0.05,
2018-06-11,6099143.47327,4522,1957660000.0,0.217518,22204900.0,1718.765019,2267,0.217518,0.05,
2018-06-12,2908070.54964,9870,2001790000.0,0.222421,16696900.0,2348.459,4955,0.222421,0.05,
2018-06-13,5449058.58466,8036,1865980000.0,0.207332,18902700.0,3233.733335,3877,0.207332,0.05,
2018-06-14,2126641.0258,15099,1708000000.0,0.189777,16370100.0,2643.449653,7542,0.189777,0.05,
2018-06-15,3126838.87274,5720,1837440000.0,0.20416,10642700.0,2127.842124,2693,0.20416,0.05,
2018-06-16,2764545.50754,6343,1745200000.0,0.193912,8367160.0,1384.430353,3685,0.193912,0.05,
2018-06-17,4042953.92661,2291,1760450000.0,0.195606,7414750.0,1230.624693,1451,0.195606,0.05,
2018-06-18,2646136.07067,3195,1751430000.0,0.194603,10399600.0,1768.656713,1842,0.194603,0.15,
